,0,1,2,3,4,5,6,7,8,9,10,11,12,13,14,15
A2M,-0.00091342634,-0.002195106,-0.0013761553,0.39414644,-0.0058202385,0.14103237,-0.0074867513,-0.003928487,0.36778557,-0.004890913,-0.0027487054,-0.003569166,-0.0013856097,0.006143961,-0.002726836,0.009951789
ABCA3,-0.00091342634,-0.002195106,-0.0013761553,0.39414644,-0.0058202385,0.14103237,-0.0074867513,-0.003928487,0.36778557,-0.004890913,-0.0027487054,-0.003569166,-0.0013856097,0.006143961,-0.002726836,0.009951789
ABCA5,-0.00091342634,-0.002195106,-0.0013761553,0.39414644,-0.0058202385,0.14103237,-0.0074867513,-0.003928487,0.36778557,-0.004890913,-0.0027487054,-0.003569166,-0.0013856097,0.006143961,-0.002726836,0.009951789
ABCC10,-0.00091342634,-0.002195106,-0.0013761553,0.39414644,-0.0058202385,0.14103237,-0.0074867513,-0.003928487,0.36778557,-0.004890913,-0.0027487054,-0.003569166,-0.0013856097,0.006143961,-0.002726836,0.009951789
ABCD2,-0.00091819797,-0.0021889585,-0.0013668583,0.39434472,-0.005821185,0.14086138,-0.0074942205,-0.0039296374,0.36836207,-0.0048930002,-0.0027494691,-0.0035737788,-0.0013920319,0.0061419643,-0.0027187946,0.009251136
ABCG1,-0.00091342634,-0.002195106,-0.0013761553,0.39414644,-0.0058202385,0.14103237,-0.0074867513,-0.003928487,0.36778557,-0.004890913,-0.0027487054,-0.003569166,-0.0013856097,0.006143961,-0.002726836,0.009951789
ABCG2,-0.00091342634,-0.002195106,-0.0013761553,0.39414644,-0.0058202385,0.14103237,-0.0074867513,-0.003928487,0.36778557,-0.004890913,-0.0027487054,-0.003569166,-0.0013856097,0.006143961,-0.002726836,0.009951789
ABHD17A,-0.00091342634,-0.002195106,-0.0013761553,0.39414644,-0.0058202385,0.14103237,-0.0074867513,-0.003928487,0.36778557,-0.004890913,-0.0027487054,-0.003569166,-0.0013856097,0.006143961,-0.002726836,0.009951789
ACAD11,-0.00091342634,-0.002195106,-0.0013761553,0.39414644,-0.0058202385,0.14103237,-0.0074867513,-0.003928487,0.36778557,-0.004890913,-0.0027487054,-0.003569166,-0.0013856097,0.006143961,-0.002726836,0.009951789
ACBD7,-0.00091342634,-0.002195106,-0.0013761553,0.39414644,-0.0058202385,0.14103237,-0.0074867513,-0.003928487,0.36778557,-0.004890913,-0.0027487054,-0.003569166,-0.0013856097,0.006143961,-0.002726836,0.009951789
ACOT6,-0.0009082048,-0.002194612,-0.0013696823,0.39287388,-0.005827985,0.1409599,-0.007477914,-0.003933105,0.3667086,-0.0049039084,-0.0027468388,-0.0035757017,-0.0013801361,0.006160978,-0.0027209988,0.01049595
ACP7,-0.00091342634,-0.002195106,-0.0013761553,0.39414644,-0.0058202385,0.14103237,-0.0074867513,-0.003928487,0.36778557,-0.004890913,-0.0027487054,-0.003569166,-0.0013856097,0.006143961,-0.002726836,0.009951789
ACTA2-AS1,-0.00091342634,-0.002195106,-0.0013761553,0.39414644,-0.0058202385,0.14103237,-0.0074867513,-0.003928487,0.36778557,-0.004890913,-0.0027487054,-0.003569166,-0.0013856097,0.006143961,-0.002726836,0.009951789
ACVR1C,-0.00091342634,-0.002195106,-0.0013761553,0.39414644,-0.0058202385,0.14103237,-0.0074867513,-0.003928487,0.36778557,-0.004890913,-0.0027487054,-0.003569166,-0.0013856097,0.006143961,-0.002726836,0.009951789
ACVR2B-AS1,-0.00091342634,-0.002195106,-0.0013761553,0.39414644,-0.0058202385,0.14103237,-0.0074867513,-0.003928487,0.36778557,-0.004890913,-0.0027487054,-0.003569166,-0.0013856097,0.006143961,-0.002726836,0.009951789
ADAM12,-0.00091342634,-0.002195106,-0.0013761553,0.39414644,-0.0058202385,0.14103237,-0.0074867513,-0.003928487,0.36778557,-0.004890913,-0.0027487054,-0.003569166,-0.0013856097,0.006143961,-0.002726836,0.009951789
ADAM22,-0.00091342634,-0.002195106,-0.0013761553,0.39414644,-0.0058202385,0.14103237,-0.0074867513,-0.003928487,0.36778557,-0.004890913,-0.0027487054,-0.003569166,-0.0013856097,0.006143961,-0.002726836,0.009951789
ADAM23,-0.00091342634,-0.002195106,-0.0013761553,0.39414644,-0.0058202385,0.14103237,-0.0074867513,-0.003928487,0.36778557,-0.004890913,-0.0027487054,-0.003569166,-0.0013856097,0.006143961,-0.002726836,0.009951789
ADAM28,-0.00091342634,-0.002195106,-0.0013761553,0.39414644,-0.0058202385,0.14103237,-0.0074867513,-0.003928487,0.36778557,-0.004890913,-0.0027487054,-0.003569166,-0.0013856097,0.006143961,-0.002726836,0.009951789
ADAM8,-0.00091342634,-0.002195106,-0.0013761553,0.39414644,-0.0058202385,0.14103237,-0.0074867513,-0.003928487,0.36778557,-0.004890913,-0.0027487054,-0.003569166,-0.0013856097,0.006143961,-0.002726836,0.009951789
ADAMTS1,-0.00091342634,-0.002195106,-0.0013761553,0.39414644,-0.0058202385,0.14103237,-0.0074867513,-0.003928487,0.36778557,-0.004890913,-0.0027487054,-0.003569166,-0.0013856097,0.006143961,-0.002726836,0.009951789
ADAMTS10,-0.00064489787,-0.001919418,-0.0012881511,0.38723135,-0.005783969,0.15845251,-0.0072523206,-0.0038227367,0.38154578,-0.0047407774,-0.0025734615,-0.0038787338,-0.0013219821,0.014795952,-0.00290439,-0.00020557788
ADAMTS14,-0.00091342634,-0.002195106,-0.0013761553,0.39414644,-0.0058202385,0.14103237,-0.0074867513,-0.003928487,0.36778557,-0.004890913,-0.0027487054,-0.003569166,-0.0013856097,0.006143961,-0.002726836,0.009951789
ADAMTS17,-0.00091342634,-0.002195106,-0.0013761553,0.39414644,-0.0058202385,0.14103237,-0.0074867513,-0.003928487,0.36778557,-0.004890913,-0.0027487054,-0.003569166,-0.0013856097,0.006143961,-0.002726836,0.009951789
ADAMTS3,-0.00091342634,-0.002195106,-0.0013761553,0.39414644,-0.0058202385,0.14103237,-0.0074867513,-0.003928487,0.36778557,-0.004890913,-0.0027487054,-0.003569166,-0.0013856097,0.006143961,-0.002726836,0.009951789
ADAMTS6,-0.00091342634,-0.002195106,-0.0013761553,0.39414644,-0.0058202385,0.14103237,-0.0074867513,-0.003928487,0.36778557,-0.004890913,-0.0027487054,-0.003569166,-0.0013856097,0.006143961,-0.002726836,0.009951789
ADGRF1,-0.00091342634,-0.002195106,-0.0013761553,0.39414644,-0.0058202385,0.14103237,-0.0074867513,-0.003928487,0.36778557,-0.004890913,-0.0027487054,-0.003569166,-0.0013856097,0.006143961,-0.002726836,0.009951789
ADGRF2,-0.00091342634,-0.002195106,-0.0013761553,0.39414644,-0.0058202385,0.14103237,-0.0074867513,-0.003928487,0.36778557,-0.004890913,-0.0027487054,-0.003569166,-0.0013856097,0.006143961,-0.002726836,0.009951789
ADGRG1,-0.00090771663,-0.002188174,-0.0013804153,0.39317083,-0.0058321594,0.14202403,-0.0074782907,-0.0039347513,0.36797678,-0.0048902864,-0.0027565043,-0.0035701704,-0.0013750436,0.005133096,-0.0027345177,0.008900557
ADGRG5,-0.00090353016,-0.0021790247,-0.0013639848,0.39577362,-0.005818945,0.1404062,-0.007507996,-0.003934494,0.3655859,-0.0048765456,-0.0027497096,-0.0035666912,-0.0013788672,0.009005029,-0.0027358893,0.011015926
ADIRF,-0.00091342634,-0.002195106,-0.0013761553,0.39414644,-0.0058202385,0.14103237,-0.0074867513,-0.003928487,0.36778557,-0.004890913,-0.0027487054,-0.003569166,-0.0013856097,0.006143961,-0.002726836,0.009951789
ADRA1D,-0.00091862923,-0.002184325,-0.0013677159,0.39408308,-0.005820053,0.14102049,-0.007497943,-0.003925711,0.3681443,-0.004899566,-0.0027374309,-0.0035677014,-0.001379017,0.0056503154,-0.0027175313,0.008917589
ADRB2,-0.00091342634,-0.002195106,-0.0013761553,0.39414644,-0.0058202385,0.14103237,-0.0074867513,-0.003928487,0.36778557,-0.004890913,-0.0027487054,-0.003569166,-0.0013856097,0.006143961,-0.002726836,0.009951789
AEBP2,-0.00091342634,-0.002195106,-0.0013761553,0.39414644,-0.0058202385,0.14103237,-0.0074867513,-0.003928487,0.36778557,-0.004890913,-0.0027487054,-0.003569166,-0.0013856097,0.006143961,-0.002726836,0.009951789
AGBL2,-0.00091342634,-0.002195106,-0.0013761553,0.39414644,-0.0058202385,0.14103237,-0.0074867513,-0.003928487,0.36778557,-0.004890913,-0.0027487054,-0.003569166,-0.0013856097,0.006143961,-0.002726836,0.009951789
AGBL3,-0.00091342634,-0.002195106,-0.0013761553,0.39414644,-0.0058202385,0.14103237,-0.0074867513,-0.003928487,0.36778557,-0.004890913,-0.0027487054,-0.003569166,-0.0013856097,0.006143961,-0.002726836,0.009951789
AGFG2,-0.0009105464,-0.0021951324,-0.0013739556,0.39374536,-0.005819498,0.14079864,-0.0074908393,-0.0039298534,0.36747813,-0.0048883236,-0.0027526265,-0.003569026,-0.0013886556,0.0061175562,-0.0027294396,0.009530757
AJM1,-0.00091342634,-0.002195106,-0.0013761553,0.39414644,-0.0058202385,0.14103237,-0.0074867513,-0.003928487,0.36778557,-0.004890913,-0.0027487054,-0.003569166,-0.0013856097,0.006143961,-0.002726836,0.009951789
AK1,-0.00091342634,-0.002195106,-0.0013761553,0.39414644,-0.0058202385,0.14103237,-0.0074867513,-0.003928487,0.36778557,-0.004890913,-0.0027487054,-0.003569166,-0.0013856097,0.006143961,-0.002726836,0.009951789
AK5,-0.00071925693,-0.0018456789,-0.0014616052,0.36821127,-0.0061785923,0.13799013,-0.00787604,-0.0034936117,0.39128733,-0.0046653086,-0.0027227357,-0.0037831508,-0.0014476858,0.006141443,-0.002794148,0.018656304
AK7,-0.00091342634,-0.002195106,-0.0013761553,0.39414644,-0.0058202385,0.14103237,-0.0074867513,-0.003928487,0.36778557,-0.004890913,-0.0027487054,-0.003569166,-0.0013856097,0.006143961,-0.002726836,0.009951789
AK9,-0.000908482,-0.0022006496,-0.0013644594,0.3931409,-0.0058056596,0.14214343,-0.0074948655,-0.0039278995,0.36620167,-0.004887752,-0.0027594431,-0.0035781818,-0.0013921743,0.006862972,-0.0027269903,0.008616943
AKAP5,-0.00091342634,-0.002195106,-0.0013761553,0.39414644,-0.0058202385,0.14103237,-0.0074867513,-0.003928487,0.36778557,-0.004890913,-0.0027487054,-0.003569166,-0.0013856097,0.006143961,-0.002726836,0.009951789
AKTIP,-0.00091342634,-0.002195106,-0.0013761553,0.39414644,-0.0058202385,0.14103237,-0.0074867513,-0.003928487,0.36778557,-0.004890913,-0.0027487054,-0.003569166,-0.0013856097,0.006143961,-0.002726836,0.009951789
ALOX5AP,-5.6579036e-05,-0.00028068255,-0.0013211253,0.5283586,-0.0043613594,0.10326435,-0.005304129,-0.0023585195,0.32367596,-0.003354221,-0.002653861,-0.0035238382,-0.0006161558,-0.00013301474,-0.004195477,-0.0013739844
AMIGO1,-0.00091342634,-0.002195106,-0.0013761553,0.39414644,-0.0058202385,0.14103237,-0.0074867513,-0.003928487,0.36778557,-0.004890913,-0.0027487054,-0.003569166,-0.0013856097,0.006143961,-0.002726836,0.009951789
AMT,-0.00091342634,-0.002195106,-0.0013761553,0.39414644,-0.0058202385,0.14103237,-0.0074867513,-0.003928487,0.36778557,-0.004890913,-0.0027487054,-0.003569166,-0.0013856097,0.006143961,-0.002726836,0.009951789
ANGPTL6,-0.00091342634,-0.002195106,-0.0013761553,0.39414644,-0.0058202385,0.14103237,-0.0074867513,-0.003928487,0.36778557,-0.004890913,-0.0027487054,-0.003569166,-0.0013856097,0.006143961,-0.002726836,0.009951789
ANK1,-0.00091342634,-0.002195106,-0.0013761553,0.39414644,-0.0058202385,0.14103237,-0.0074867513,-0.003928487,0.36778557,-0.004890913,-0.0027487054,-0.003569166,-0.0013856097,0.006143961,-0.002726836,0.009951789
ANK3,-0.00091342634,-0.002195106,-0.0013761553,0.39414644,-0.0058202385,0.14103237,-0.0074867513,-0.003928487,0.36778557,-0.004890913,-0.0027487054,-0.003569166,-0.0013856097,0.006143961,-0.002726836,0.009951789
ANKAR,-0.00091342634,-0.002195106,-0.0013761553,0.39414644,-0.0058202385,0.14103237,-0.0074867513,-0.003928487,0.36778557,-0.004890913,-0.0027487054,-0.003569166,-0.0013856097,0.006143961,-0.002726836,0.009951789
ANKRD26,-0.00091342634,-0.002195106,-0.0013761553,0.39414644,-0.0058202385,0.14103237,-0.0074867513,-0.003928487,0.36778557,-0.004890913,-0.0027487054,-0.003569166,-0.0013856097,0.006143961,-0.002726836,0.009951789
ANKRD29,-0.00091342634,-0.002195106,-0.0013761553,0.39414644,-0.0058202385,0.14103237,-0.0074867513,-0.003928487,0.36778557,-0.004890913,-0.0027487054,-0.003569166,-0.0013856097,0.006143961,-0.002726836,0.009951789
ANKRD31,-5.6579036e-05,-0.00028068255,-0.0013211253,0.5283586,-0.0043613594,0.10326435,-0.005304129,-0.0023585195,0.32367596,-0.003354221,-0.002653861,-0.0035238382,-0.0006161558,-0.00013301474,-0.004195477,-0.0013739844
ANKRD36,-0.00091342634,-0.002195106,-0.0013761553,0.39414644,-0.0058202385,0.14103237,-0.0074867513,-0.003928487,0.36778557,-0.004890913,-0.0027487054,-0.003569166,-0.0013856097,0.006143961,-0.002726836,0.009951789
ANKRD36B,-0.00091342634,-0.002195106,-0.0013761553,0.39414644,-0.0058202385,0.14103237,-0.0074867513,-0.003928487,0.36778557,-0.004890913,-0.0027487054,-0.003569166,-0.0013856097,0.006143961,-0.002726836,0.009951789
ANKRD36C,-0.00091342634,-0.002195106,-0.0013761553,0.39414644,-0.0058202385,0.14103237,-0.0074867513,-0.003928487,0.36778557,-0.004890913,-0.0027487054,-0.003569166,-0.0013856097,0.006143961,-0.002726836,0.009951789
ANKRD39,-0.00091342634,-0.002195106,-0.0013761553,0.39414644,-0.0058202385,0.14103237,-0.0074867513,-0.003928487,0.36778557,-0.004890913,-0.0027487054,-0.003569166,-0.0013856097,0.006143961,-0.002726836,0.009951789
ANO10,-0.0009335447,-0.0021758785,-0.0013949298,0.3960004,-0.0058335555,0.14248018,-0.007496143,-0.003922221,0.36949682,-0.004910254,-0.0027642637,-0.0035727876,-0.0013787244,0.0051339306,-0.0027433294,0.008543003
ANTXRL,-0.00085921306,-0.0028514194,-0.0010761732,0.37998796,-0.0050867763,0.08471882,-0.008042119,-0.003351063,0.31982675,-0.0051620514,-0.0025768164,-0.003328623,-0.0006605238,0.09671359,-0.0028322886,0.009930063
AP1G2,-0.00091342634,-0.002195106,-0.0013761553,0.39414644,-0.0058202385,0.14103237,-0.0074867513,-0.003928487,0.36778557,-0.004890913,-0.0027487054,-0.003569166,-0.0013856097,0.006143961,-0.002726836,0.009951789
AP3B2,-0.00091342634,-0.002195106,-0.0013761553,0.39414644,-0.0058202385,0.14103237,-0.0074867513,-0.003928487,0.36778557,-0.004890913,-0.0027487054,-0.003569166,-0.0013856097,0.006143961,-0.002726836,0.009951789
AP5Z1,-0.00091342634,-0.002195106,-0.0013761553,0.39414644,-0.0058202385,0.14103237,-0.0074867513,-0.003928487,0.36778557,-0.004890913,-0.0027487054,-0.003569166,-0.0013856097,0.006143961,-0.002726836,0.009951789
APBB2,-0.00091342634,-0.002195106,-0.0013761553,0.39414644,-0.0058202385,0.14103237,-0.0074867513,-0.003928487,0.36778557,-0.004890913,-0.0027487054,-0.003569166,-0.0013856097,0.006143961,-0.002726836,0.009951789
APOB,-0.00091342634,-0.002195106,-0.0013761553,0.39414644,-0.0058202385,0.14103237,-0.0074867513,-0.003928487,0.36778557,-0.004890913,-0.0027487054,-0.003569166,-0.0013856097,0.006143961,-0.002726836,0.009951789
APOBEC4,-0.00091342634,-0.002195106,-0.0013761553,0.39414644,-0.0058202385,0.14103237,-0.0074867513,-0.003928487,0.36778557,-0.004890913,-0.0027487054,-0.003569166,-0.0013856097,0.006143961,-0.002726836,0.009951789
AQP3,-0.00091342634,-0.002195106,-0.0013761553,0.39414644,-0.0058202385,0.14103237,-0.0074867513,-0.003928487,0.36778557,-0.004890913,-0.0027487054,-0.003569166,-0.0013856097,0.006143961,-0.002726836,0.009951789
AREG,-0.0009098672,-0.00219161,-0.0013707265,0.39382136,-0.005827534,0.14246072,-0.0074932175,-0.003914781,0.3680889,-0.0048958748,-0.0027619717,-0.003560803,-0.0013885718,0.005742822,-0.0027221176,0.010556448
ARF4-AS1,-0.0008068117,-0.0024243607,-0.0006480862,0.40347397,-0.0054449267,0.21855581,-0.006522894,-0.003586409,0.33322683,-0.0041442597,-0.0022412648,-0.0033418403,-0.0012516238,-0.0005681758,-0.0018777698,0.009755332
ARHGAP10,-0.0006299046,-0.00086990505,-0.0021812813,0.38032544,-0.0053263893,0.19931287,-0.007627409,-0.004911868,0.33531487,-0.0053343954,-0.0012606112,-0.004592328,-0.0023549108,-0.0008438031,-0.0013815283,0.040636156
ARHGAP24,-0.00091342634,-0.002195106,-0.0013761553,0.39414644,-0.0058202385,0.14103237,-0.0074867513,-0.003928487,0.36778557,-0.004890913,-0.0027487054,-0.003569166,-0.0013856097,0.006143961,-0.002726836,0.009951789
ARHGAP33,-0.000914207,-0.0021984258,-0.0013765057,0.39461032,-0.0058250693,0.14080408,-0.0074897753,-0.0039233183,0.3682507,-0.0048899953,-0.0027510324,-0.003567925,-0.0013869992,0.0059067793,-0.0027256778,0.010150332
ARHGAP35,0.04215226,-0.0027020867,-0.002691123,0.12277194,-0.0081407,0.0817646,-0.006293364,-0.0013847272,0.50728786,-0.0028204226,-0.0031097534,-0.0016033561,-0.0010856442,-0.0002922071,-4.0380655e-05,0.028912466
ARHGAP39,-0.00091342634,-0.002195106,-0.0013761553,0.39414644,-0.0058202385,0.14103237,-0.0074867513,-0.003928487,0.36778557,-0.004890913,-0.0027487054,-0.003569166,-0.0013856097,0.006143961,-0.002726836,0.009951789
ARHGAP5,-0.00091342634,-0.002195106,-0.0013761553,0.39414644,-0.0058202385,0.14103237,-0.0074867513,-0.003928487,0.36778557,-0.004890913,-0.0027487054,-0.003569166,-0.0013856097,0.006143961,-0.002726836,0.009951789
ARHGAP8,-0.00091342634,-0.002195106,-0.0013761553,0.39414644,-0.0058202385,0.14103237,-0.0074867513,-0.003928487,0.36778557,-0.004890913,-0.0027487054,-0.003569166,-0.0013856097,0.006143961,-0.002726836,0.009951789
ARHGEF10,-0.00088990096,-0.0016303355,-0.0012965231,0.40575373,-0.0038952865,0.15146111,-0.00510286,-0.006077687,0.1332844,-0.0030100376,-0.00068197056,-0.002717577,-6.387189e-05,0.16581057,-0.0036675644,0.06364943
ARHGEF12,-0.00091342634,-0.002195106,-0.0013761553,0.39414644,-0.0058202385,0.14103237,-0.0074867513,-0.003928487,0.36778557,-0.004890913,-0.0027487054,-0.003569166,-0.0013856097,0.006143961,-0.002726836,0.009951789
ARHGEF25,-0.00091342634,-0.002195106,-0.0013761553,0.39414644,-0.0058202385,0.14103237,-0.0074867513,-0.003928487,0.36778557,-0.004890913,-0.0027487054,-0.003569166,-0.0013856097,0.006143961,-0.002726836,0.009951789
ARIH2OS,-0.00091342634,-0.002195106,-0.0013761553,0.39414644,-0.0058202385,0.14103237,-0.0074867513,-0.003928487,0.36778557,-0.004890913,-0.0027487054,-0.003569166,-0.0013856097,0.006143961,-0.002726836,0.009951789
ARL4D,-0.00091342634,-0.002195106,-0.0013761553,0.39414644,-0.0058202385,0.14103237,-0.0074867513,-0.003928487,0.36778557,-0.004890913,-0.0027487054,-0.003569166,-0.0013856097,0.006143961,-0.002726836,0.009951789
ARRDC3,-0.000887021,-0.0016303619,-0.0012943235,0.40535262,-0.0038945463,0.1512274,-0.005106947,-0.006079053,0.13297696,-0.0030074476,-0.00068589166,-0.002717437,-6.691769e-05,0.16578417,-0.0036701683,0.06322839
ARSJ,-0.00091342634,-0.002195106,-0.0013761553,0.39414644,-0.0058202385,0.14103237,-0.0074867513,-0.003928487,0.36778557,-0.004890913,-0.0027487054,-0.003569166,-0.0013856097,0.006143961,-0.002726836,0.009951789
ART5,-0.00071925693,-0.0018456789,-0.0014616052,0.36821127,-0.0061785923,0.13799013,-0.00787604,-0.0034936117,0.39128733,-0.0046653086,-0.0027227357,-0.0037831508,-0.0014476858,0.006141443,-0.002794148,0.018656304
ASIC1,-0.00091342634,-0.002195106,-0.0013761553,0.39414644,-0.0058202385,0.14103237,-0.0074867513,-0.003928487,0.36778557,-0.004890913,-0.0027487054,-0.003569166,-0.0013856097,0.006143961,-0.002726836,0.009951789
ASXL1,-0.00091342634,-0.002195106,-0.0013761553,0.39414644,-0.0058202385,0.14103237,-0.0074867513,-0.003928487,0.36778557,-0.004890913,-0.0027487054,-0.003569166,-0.0013856097,0.006143961,-0.002726836,0.009951789
ATAD3B,-0.0009083604,-0.002190757,-0.0013776293,0.394368,-0.005814905,0.14094813,-0.007490289,-0.0039329003,0.36830753,-0.00489255,-0.0027420842,-0.0035757893,-0.0013899484,0.0055775978,-0.0027264,0.009774033
ATF7IP2,-0.00091342634,-0.002195106,-0.0013761553,0.39414644,-0.0058202385,0.14103237,-0.0074867513,-0.003928487,0.36778557,-0.004890913,-0.0027487054,-0.003569166,-0.0013856097,0.006143961,-0.002726836,0.009951789
ATG16L1,-0.00091342634,-0.002195106,-0.0013761553,0.39414644,-0.0058202385,0.14103237,-0.0074867513,-0.003928487,0.36778557,-0.004890913,-0.0027487054,-0.003569166,-0.0013856097,0.006143961,-0.002726836,0.009951789
ATG4D,-0.00091342634,-0.002195106,-0.0013761553,0.39414644,-0.0058202385,0.14103237,-0.0074867513,-0.003928487,0.36778557,-0.004890913,-0.0027487054,-0.003569166,-0.0013856097,0.006143961,-0.002726836,0.009951789
ATN1,-0.00091342634,-0.002195106,-0.0013761553,0.39414644,-0.0058202385,0.14103237,-0.0074867513,-0.003928487,0.36778557,-0.004890913,-0.0027487054,-0.003569166,-0.0013856097,0.006143961,-0.002726836,0.009951789
ATP1A3,-0.0014318001,-0.0022786153,-0.0018577307,0.45017463,-0.0062076687,0.14975047,-0.0076045166,-0.0033568603,0.33233684,-0.0046963654,-0.0023686404,-0.0032848548,-0.0010774499,-0.00040442185,-0.0030894058,-0.0005346208
ATP1B2,-0.00091342634,-0.002195106,-0.0013761553,0.39414644,-0.0058202385,0.14103237,-0.0074867513,-0.003928487,0.36778557,-0.004890913,-0.0027487054,-0.003569166,-0.0013856097,0.006143961,-0.002726836,0.009951789
ATP2A3,-0.00091342634,-0.002195106,-0.0013761553,0.39414644,-0.0058202385,0.14103237,-0.0074867513,-0.003928487,0.36778557,-0.004890913,-0.0027487054,-0.003569166,-0.0013856097,0.006143961,-0.002726836,0.009951789
ATP6V1H,-0.00090771663,-0.002188174,-0.0013804153,0.39317083,-0.0058321594,0.14202403,-0.0074782907,-0.0039347513,0.36797678,-0.0048902864,-0.0027565043,-0.0035701704,-0.0013750436,0.005133096,-0.0027345177,0.008900557
ATP8B2,-0.00091342634,-0.002195106,-0.0013761553,0.39414644,-0.0058202385,0.14103237,-0.0074867513,-0.003928487,0.36778557,-0.004890913,-0.0027487054,-0.003569166,-0.0013856097,0.006143961,-0.002726836,0.009951789
ATP9A,-0.00091049826,-0.0022058145,-0.0013627874,0.39363855,-0.005806047,0.14219266,-0.0074937646,-0.00393507,0.36650893,-0.004880987,-0.0027573556,-0.003571102,-0.0013939275,0.0068475045,-0.0027215001,0.008486409
ATXN2-AS,-0.00091342634,-0.002195106,-0.0013761553,0.39414644,-0.0058202385,0.14103237,-0.0074867513,-0.003928487,0.36778557,-0.004890913,-0.0027487054,-0.003569166,-0.0013856097,0.006143961,-0.002726836,0.009951789
ATXN7L3B,-0.00091635366,-0.0021881687,-0.0013664626,0.39525148,-0.0058228243,0.14062434,-0.0074972115,-0.0039223186,0.3670534,-0.004881518,-0.0027597616,-0.0035587703,-0.0013818975,0.0076893307,-0.002721844,0.010411877
AVP,-0.00091342634,-0.002195106,-0.0013761553,0.39414644,-0.0058202385,0.14103237,-0.0074867513,-0.003928487,0.36778557,-0.004890913,-0.0027487054,-0.003569166,-0.0013856097,0.006143961,-0.002726836,0.009951789
AXDND1,-0.00091342634,-0.002195106,-0.0013761553,0.39414644,-0.0058202385,0.14103237,-0.0074867513,-0.003928487,0.36778557,-0.004890913,-0.0027487054,-0.003569166,-0.0013856097,0.006143961,-0.002726836,0.009951789
AXIN1,-0.00091342634,-0.002195106,-0.0013761553,0.39414644,-0.0058202385,0.14103237,-0.0074867513,-0.003928487,0.36778557,-0.004890913,-0.0027487054,-0.003569166,-0.0013856097,0.006143961,-0.002726836,0.009951789
AXL,-0.00091342634,-0.002195106,-0.0013761553,0.39414644,-0.0058202385,0.14103237,-0.0074867513,-0.003928487,0.36778557,-0.004890913,-0.0027487054,-0.003569166,-0.0013856097,0.006143961,-0.002726836,0.009951789
B3GLCT,-0.00091342634,-0.002195106,-0.0013761553,0.39414644,-0.0058202385,0.14103237,-0.0074867513,-0.003928487,0.36778557,-0.004890913,-0.0027487054,-0.003569166,-0.0013856097,0.006143961,-0.002726836,0.009951789
B4GALNT3,-0.00091342634,-0.002195106,-0.0013761553,0.39414644,-0.0058202385,0.14103237,-0.0074867513,-0.003928487,0.36778557,-0.004890913,-0.0027487054,-0.003569166,-0.0013856097,0.006143961,-0.002726836,0.009951789
B4GALNT4,-0.00091342634,-0.002195106,-0.0013761553,0.39414644,-0.0058202385,0.14103237,-0.0074867513,-0.003928487,0.36778557,-0.004890913,-0.0027487054,-0.003569166,-0.0013856097,0.006143961,-0.002726836,0.009951789
BAIAP3,-0.00091342634,-0.002195106,-0.0013761553,0.39414644,-0.0058202385,0.14103237,-0.0074867513,-0.003928487,0.36778557,-0.004890913,-0.0027487054,-0.003569166,-0.0013856097,0.006143961,-0.002726836,0.009951789
BAMBI,-0.00091342634,-0.002195106,-0.0013761553,0.39414644,-0.0058202385,0.14103237,-0.0074867513,-0.003928487,0.36778557,-0.004890913,-0.0027487054,-0.003569166,-0.0013856097,0.006143961,-0.002726836,0.009951789
BATF,-0.0009341845,-0.002174763,-0.0013936922,0.3961415,-0.005830929,0.14246894,-0.007491046,-0.0039189057,0.36916825,-0.004905273,-0.0027623298,-0.0035713061,-0.0013775887,0.0051978976,-0.0027468887,0.008317189
BAZ1B,-0.0006299046,-0.00086990505,-0.0021812813,0.38032544,-0.0053263893,0.19931287,-0.007627409,-0.004911868,0.33531487,-0.0053343954,-0.0012606112,-0.004592328,-0.0023549108,-0.0008438031,-0.0013815283,0.040636156
BCAS4,-0.00091342634,-0.002195106,-0.0013761553,0.39414644,-0.0058202385,0.14103237,-0.0074867513,-0.003928487,0.36778557,-0.004890913,-0.0027487054,-0.003569166,-0.0013856097,0.006143961,-0.002726836,0.009951789
BCKDHB,-0.00091342634,-0.002195106,-0.0013761553,0.39414644,-0.0058202385,0.14103237,-0.0074867513,-0.003928487,0.36778557,-0.004890913,-0.0027487054,-0.003569166,-0.0013856097,0.006143961,-0.002726836,0.009951789
BCL2L13,-0.00091342634,-0.002195106,-0.0013761553,0.39414644,-0.0058202385,0.14103237,-0.0074867513,-0.003928487,0.36778557,-0.004890913,-0.0027487054,-0.003569166,-0.0013856097,0.006143961,-0.002726836,0.009951789
BCL6B,-0.00091342634,-0.002195106,-0.0013761553,0.39414644,-0.0058202385,0.14103237,-0.0074867513,-0.003928487,0.36778557,-0.004890913,-0.0027487054,-0.003569166,-0.0013856097,0.006143961,-0.002726836,0.009951789
BDP1,-0.00091342634,-0.002195106,-0.0013761553,0.39414644,-0.0058202385,0.14103237,-0.0074867513,-0.003928487,0.36778557,-0.004890913,-0.0027487054,-0.003569166,-0.0013856097,0.006143961,-0.002726836,0.009951789
BEND5,-0.0005382832,-0.002148673,-0.00056008203,0.39655888,-0.0054086577,0.23597595,-0.006288463,-0.0034806584,0.34698704,-0.003994124,-0.0020660209,-0.0036514082,-0.0011879962,-0.00048165585,-0.002055324,-0.00020754244
BET1,-0.00091342634,-0.002195106,-0.0013761553,0.39414644,-0.0058202385,0.14103237,-0.0074867513,-0.003928487,0.36778557,-0.004890913,-0.0027487054,-0.003569166,-0.0013856097,0.006143961,-0.002726836,0.009951789
BEX2,-5.6579036e-05,-0.00028068255,-0.0013211253,0.5283586,-0.0043613594,0.10326435,-0.005304129,-0.0023585195,0.32367596,-0.003354221,-0.002653861,-0.0035238382,-0.0006161558,-0.00013301474,-0.004195477,-0.0013739844
BEX3,-5.6579036e-05,-0.00028068255,-0.0013211253,0.5283586,-0.0043613594,0.10326435,-0.005304129,-0.0023585195,0.32367596,-0.003354221,-0.002653861,-0.0035238382,-0.0006161558,-0.00013301474,-0.004195477,-0.0013739844
BHLHE40-AS1,-0.00091342634,-0.002195106,-0.0013761553,0.39414644,-0.0058202385,0.14103237,-0.0074867513,-0.003928487,0.36778557,-0.004890913,-0.0027487054,-0.003569166,-0.0013856097,0.006143961,-0.002726836,0.009951789
BICDL1,-0.00091635366,-0.0021881687,-0.0013664626,0.39525148,-0.0058228243,0.14062434,-0.0074972115,-0.0039223186,0.3670534,-0.004881518,-0.0027597616,-0.0035587703,-0.0013818975,0.0076893307,-0.002721844,0.010411877
BICDL2,-0.0014318001,-0.0022786153,-0.0018577307,0.45017463,-0.0062076687,0.14975047,-0.0076045166,-0.0033568603,0.33233684,-0.0046963654,-0.0023686404,-0.0032848548,-0.0010774499,-0.00040442185,-0.0030894058,-0.0005346208
BIN1,-0.00091342634,-0.002195106,-0.0013761553,0.39414644,-0.0058202385,0.14103237,-0.0074867513,-0.003928487,0.36778557,-0.004890913,-0.0027487054,-0.003569166,-0.0013856097,0.006143961,-0.002726836,0.009951789
BIRC7,-0.00091342634,-0.002195106,-0.0013761553,0.39414644,-0.0058202385,0.14103237,-0.0074867513,-0.003928487,0.36778557,-0.004890913,-0.0027487054,-0.003569166,-0.0013856097,0.006143961,-0.002726836,0.009951789
BLNK,-8.560076e-05,-0.0014242387,-0.0021895121,0.4376525,-0.0050953436,0.16704933,-0.007072227,-0.0036565338,0.39033255,-0.005482762,-0.002625306,-0.0033882612,-0.00043797973,-0.00040265324,-0.0020461916,-0.00060364936
BMP2,-0.00091342634,-0.002195106,-0.0013761553,0.39414644,-0.0058202385,0.14103237,-0.0074867513,-0.003928487,0.36778557,-0.004890913,-0.0027487054,-0.003569166,-0.0013856097,0.006143961,-0.002726836,0.009951789
BMP3,-0.00071925693,-0.0018456789,-0.0014616052,0.36821127,-0.0061785923,0.13799013,-0.00787604,-0.0034936117,0.39128733,-0.0046653086,-0.0027227357,-0.0037831508,-0.0014476858,0.006141443,-0.002794148,0.018656304
BMPER,-0.00091342634,-0.002195106,-0.0013761553,0.39414644,-0.0058202385,0.14103237,-0.0074867513,-0.003928487,0.36778557,-0.004890913,-0.0027487054,-0.003569166,-0.0013856097,0.006143961,-0.002726836,0.009951789
BMPR1B-DT,-0.00091342634,-0.002195106,-0.0013761553,0.39414644,-0.0058202385,0.14103237,-0.0074867513,-0.003928487,0.36778557,-0.004890913,-0.0027487054,-0.003569166,-0.0013856097,0.006143961,-0.002726836,0.009951789
BNC2,-0.00091342634,-0.002195106,-0.0013761553,0.39414644,-0.0058202385,0.14103237,-0.0074867513,-0.003928487,0.36778557,-0.004890913,-0.0027487054,-0.003569166,-0.0013856097,0.006143961,-0.002726836,0.009951789
BPGM,-5.6579036e-05,-0.00028068255,-0.0013211253,0.5283586,-0.0043613594,0.10326435,-0.005304129,-0.0023585195,0.32367596,-0.003354221,-0.002653861,-0.0035238382,-0.0006161558,-0.00013301474,-0.004195477,-0.0013739844
BRDT,-0.00091342634,-0.002195106,-0.0013761553,0.39414644,-0.0058202385,0.14103237,-0.0074867513,-0.003928487,0.36778557,-0.004890913,-0.0027487054,-0.003569166,-0.0013856097,0.006143961,-0.002726836,0.009951789
BRF1,-0.00091342634,-0.002195106,-0.0013761553,0.39414644,-0.0058202385,0.14103237,-0.0074867513,-0.003928487,0.36778557,-0.004890913,-0.0027487054,-0.003569166,-0.0013856097,0.006143961,-0.002726836,0.009951789
BRIX1,-0.00091342634,-0.002195106,-0.0013761553,0.39414644,-0.0058202385,0.14103237,-0.0074867513,-0.003928487,0.36778557,-0.004890913,-0.0027487054,-0.003569166,-0.0013856097,0.006143961,-0.002726836,0.009951789
BRPF1,-0.00091342634,-0.002195106,-0.0013761553,0.39414644,-0.0058202385,0.14103237,-0.0074867513,-0.003928487,0.36778557,-0.004890913,-0.0027487054,-0.003569166,-0.0013856097,0.006143961,-0.002726836,0.009951789
BSX,-0.00091276143,-0.0022047418,-0.001371651,0.3952939,-0.005808187,0.14232913,-0.0074750525,-0.0039420263,0.36733,-0.004885167,-0.0027369792,-0.0035663354,-0.0013890138,0.005412314,-0.0027191022,0.009295601
BTBD17,-0.0009114101,-0.002189941,-0.0013778271,0.39364886,-0.005819851,0.14098313,-0.0074878526,-0.003921317,0.3674783,-0.004897678,-0.002750793,-0.0035762459,-0.0013838566,0.0061594285,-0.0027323263,0.010082323
BTBD6,-0.00091342634,-0.002195106,-0.0013761553,0.39414644,-0.0058202385,0.14103237,-0.0074867513,-0.003928487,0.36778557,-0.004890913,-0.0027487054,-0.003569166,-0.0013856097,0.006143961,-0.002726836,0.009951789
BTBD8,0.01529941,-0.0029777747,-0.002779127,0.12968703,-0.0081769675,0.064344466,-0.006527795,-0.0014904777,0.49352762,-0.0029705588,-0.0032849973,-0.0012937884,-0.0011492718,-0.00037872704,0.013717353,0.05942204
BTG3-AS1,-0.00091342634,-0.002195106,-0.0013761553,0.39414644,-0.0058202385,0.14103237,-0.0074867513,-0.003928487,0.36778557,-0.004890913,-0.0027487054,-0.003569166,-0.0013856097,0.006143961,-0.002726836,0.009951789
BTN3A1,-0.00091342634,-0.002195106,-0.0013761553,0.39414644,-0.0058202385,0.14103237,-0.0074867513,-0.003928487,0.36778557,-0.004890913,-0.0027487054,-0.003569166,-0.0013856097,0.006143961,-0.002726836,0.009951789
BTRC,-0.00091342634,-0.002195106,-0.0013761553,0.39414644,-0.0058202385,0.14103237,-0.0074867513,-0.003928487,0.36778557,-0.004890913,-0.0027487054,-0.003569166,-0.0013856097,0.006143961,-0.002726836,0.009951789
C10orf95,-0.00088990096,-0.0016303355,-0.0012965231,0.40575373,-0.0038952865,0.15146111,-0.00510286,-0.006077687,0.1332844,-0.0030100376,-0.00068197056,-0.002717577,-6.387189e-05,0.16581057,-0.0036675644,0.06364943
C11orf52,-0.00091342634,-0.002195106,-0.0013761553,0.39414644,-0.0058202385,0.14103237,-0.0074867513,-0.003928487,0.36778557,-0.004890913,-0.0027487054,-0.003569166,-0.0013856097,0.006143961,-0.002726836,0.009951789
C11orf65,-0.00091342634,-0.002195106,-0.0013761553,0.39414644,-0.0058202385,0.14103237,-0.0074867513,-0.003928487,0.36778557,-0.004890913,-0.0027487054,-0.003569166,-0.0013856097,0.006143961,-0.002726836,0.009951789
C12orf42,-0.0009076295,-0.0022024363,-0.0013608629,0.39362097,-0.005808302,0.14265484,-0.007493578,-0.0039310954,0.36644801,-0.004881545,-0.0027601605,-0.0035711443,-0.0013917766,0.006931726,-0.0027234422,0.008187998
C15orf61,-0.00091342634,-0.002195106,-0.0013761553,0.39414644,-0.0058202385,0.14103237,-0.0074867513,-0.003928487,0.36778557,-0.004890913,-0.0027487054,-0.003569166,-0.0013856097,0.006143961,-0.002726836,0.009951789
C17orf80,-0.00091342634,-0.002195106,-0.0013761553,0.39414644,-0.0058202385,0.14103237,-0.0074867513,-0.003928487,0.36778557,-0.004890913,-0.0027487054,-0.003569166,-0.0013856097,0.006143961,-0.002726836,0.009951789
C17orf99,-0.00091342634,-0.002195106,-0.0013761553,0.39414644,-0.0058202385,0.14103237,-0.0074867513,-0.003928487,0.36778557,-0.004890913,-0.0027487054,-0.003569166,-0.0013856097,0.006143961,-0.002726836,0.009951789
C19orf25,-0.00091342634,-0.002195106,-0.0013761553,0.39414644,-0.0058202385,0.14103237,-0.0074867513,-0.003928487,0.36778557,-0.004890913,-0.0027487054,-0.003569166,-0.0013856097,0.006143961,-0.002726836,0.009951789
C19orf84,-0.00091342634,-0.002195106,-0.0013761553,0.39414644,-0.0058202385,0.14103237,-0.0074867513,-0.003928487,0.36778557,-0.004890913,-0.0027487054,-0.003569166,-0.0013856097,0.006143961,-0.002726836,0.009951789
C1QL4,-0.0009082048,-0.002194612,-0.0013696823,0.39287388,-0.005827985,0.1409599,-0.007477914,-0.003933105,0.3667086,-0.0049039084,-0.0027468388,-0.0035757017,-0.0013801361,0.006160978,-0.0027209988,0.01049595
C1QTNF12,-0.00091342634,-0.002195106,-0.0013761553,0.39414644,-0.0058202385,0.14103237,-0.0074867513,-0.003928487,0.36778557,-0.004890913,-0.0027487054,-0.003569166,-0.0013856097,0.006143961,-0.002726836,0.009951789
C1orf141,-0.00091342634,-0.002195106,-0.0013761553,0.39414644,-0.0058202385,0.14103237,-0.0074867513,-0.003928487,0.36778557,-0.004890913,-0.0027487054,-0.003569166,-0.0013856097,0.006143961,-0.002726836,0.009951789
C1orf159,-0.00091342634,-0.002195106,-0.0013761553,0.39414644,-0.0058202385,0.14103237,-0.0074867513,-0.003928487,0.36778557,-0.004890913,-0.0027487054,-0.003569166,-0.0013856097,0.006143961,-0.002726836,0.009951789
C1orf35,-0.00091342634,-0.002195106,-0.0013761553,0.39414644,-0.0058202385,0.14103237,-0.0074867513,-0.003928487,0.36778557,-0.004890913,-0.0027487054,-0.003569166,-0.0013856097,0.006143961,-0.002726836,0.009951789
C2CD4B,-0.00091342634,-0.002195106,-0.0013761553,0.39414644,-0.0058202385,0.14103237,-0.0074867513,-0.003928487,0.36778557,-0.004890913,-0.0027487054,-0.003569166,-0.0013856097,0.006143961,-0.002726836,0.009951789
C3orf52,-0.00091342634,-0.002195106,-0.0013761553,0.39414644,-0.0058202385,0.14103237,-0.0074867513,-0.003928487,0.36778557,-0.004890913,-0.0027487054,-0.003569166,-0.0013856097,0.006143961,-0.002726836,0.009951789
C4BPA,-0.00091342634,-0.002195106,-0.0013761553,0.39414644,-0.0058202385,0.14103237,-0.0074867513,-0.003928487,0.36778557,-0.004890913,-0.0027487054,-0.003569166,-0.0013856097,0.006143961,-0.002726836,0.009951789
C5orf67,-0.0023729303,-0.003422901,0.020272553,0.21368319,-0.004244879,0.13477245,-0.0059964526,-0.0022090098,0.2692378,-0.0042093843,-0.0045897705,-0.0017857387,-0.0032940859,0.10665566,-0.0036105216,0.17494681
C6orf141,-0.00091342634,-0.002195106,-0.0013761553,0.39414644,-0.0058202385,0.14103237,-0.0074867513,-0.003928487,0.36778557,-0.004890913,-0.0027487054,-0.003569166,-0.0013856097,0.006143961,-0.002726836,0.009951789
C7orf31,-0.00090060284,-0.0021859615,-0.0013736775,0.39466858,-0.0058163595,0.14081423,-0.0074975365,-0.003940663,0.36631808,-0.0048859417,-0.0027386534,-0.0035770868,-0.0013825794,0.007459659,-0.0027408812,0.010555837
CA6,-0.00091342634,-0.002195106,-0.0013761553,0.39414644,-0.0058202385,0.14103237,-0.0074867513,-0.003928487,0.36778557,-0.004890913,-0.0027487054,-0.003569166,-0.0013856097,0.006143961,-0.002726836,0.009951789
CACNA1C-AS1,-0.00091342634,-0.002195106,-0.0013761553,0.39414644,-0.0058202385,0.14103237,-0.0074867513,-0.003928487,0.36778557,-0.004890913,-0.0027487054,-0.003569166,-0.0013856097,0.006143961,-0.002726836,0.009951789
CACNA1H,-0.00091049826,-0.0022058145,-0.0013627874,0.39363855,-0.005806047,0.14219266,-0.0074937646,-0.00393507,0.36650893,-0.004880987,-0.0027573556,-0.003571102,-0.0013939275,0.0068475045,-0.0027215001,0.008486409
CACNA2D2,-0.00091776496,-0.0021902006,-0.0013652995,0.39322525,-0.005826504,0.1416322,-0.0074852793,-0.0039205425,0.36792898,-0.004880784,-0.0027496188,-0.0035703494,-0.0013872812,0.006443355,-0.0027271234,0.010392247
CADM1,-0.00091342634,-0.002195106,-0.0013761553,0.39414644,-0.0058202385,0.14103237,-0.0074867513,-0.003928487,0.36778557,-0.004890913,-0.0027487054,-0.003569166,-0.0013856097,0.006143961,-0.002726836,0.009951789
CADM2,-0.000914207,-0.0021984258,-0.0013765057,0.39461032,-0.0058250693,0.14080408,-0.0074897753,-0.0039233183,0.3682507,-0.0048899953,-0.0027510324,-0.003567925,-0.0013869992,0.0059067793,-0.0027256778,0.010150332
CALB2,-0.00091342634,-0.002195106,-0.0013761553,0.39414644,-0.0058202385,0.14103237,-0.0074867513,-0.003928487,0.36778557,-0.004890913,-0.0027487054,-0.003569166,-0.0013856097,0.006143961,-0.002726836,0.009951789
CAMTA1-DT,-0.00091342634,-0.002195106,-0.0013761553,0.39414644,-0.0058202385,0.14103237,-0.0074867513,-0.003928487,0.36778557,-0.004890913,-0.0027487054,-0.003569166,-0.0013856097,0.006143961,-0.002726836,0.009951789
CAPN12,-0.00091342634,-0.002195106,-0.0013761553,0.39414644,-0.0058202385,0.14103237,-0.0074867513,-0.003928487,0.36778557,-0.004890913,-0.0027487054,-0.003569166,-0.0013856097,0.006143961,-0.002726836,0.009951789
CAPRIN2,-0.00091342634,-0.002195106,-0.0013761553,0.39414644,-0.0058202385,0.14103237,-0.0074867513,-0.003928487,0.36778557,-0.004890913,-0.0027487054,-0.003569166,-0.0013856097,0.006143961,-0.002726836,0.009951789
CARMIL2,-0.00091342634,-0.002195106,-0.0013761553,0.39414644,-0.0058202385,0.14103237,-0.0074867513,-0.003928487,0.36778557,-0.004890913,-0.0027487054,-0.003569166,-0.0013856097,0.006143961,-0.002726836,0.009951789
CARNS1,-0.00091342634,-0.002195106,-0.0013761553,0.39414644,-0.0058202385,0.14103237,-0.0074867513,-0.003928487,0.36778557,-0.004890913,-0.0027487054,-0.003569166,-0.0013856097,0.006143961,-0.002726836,0.009951789
CASKIN1,-0.00091342634,-0.002195106,-0.0013761553,0.39414644,-0.0058202385,0.14103237,-0.0074867513,-0.003928487,0.36778557,-0.004890913,-0.0027487054,-0.003569166,-0.0013856097,0.006143961,-0.002726836,0.009951789
CASP8,-0.00091342634,-0.002195106,-0.0013761553,0.39414644,-0.0058202385,0.14103237,-0.0074867513,-0.003928487,0.36778557,-0.004890913,-0.0027487054,-0.003569166,-0.0013856097,0.006143961,-0.002726836,0.009951789
CASP8AP2,-0.00091342634,-0.002195106,-0.0013761553,0.39414644,-0.0058202385,0.14103237,-0.0074867513,-0.003928487,0.36778557,-0.004890913,-0.0027487054,-0.003569166,-0.0013856097,0.006143961,-0.002726836,0.009951789
CBFB,-0.00091342634,-0.002195106,-0.0013761553,0.39414644,-0.0058202385,0.14103237,-0.0074867513,-0.003928487,0.36778557,-0.004890913,-0.0027487054,-0.003569166,-0.0013856097,0.006143961,-0.002726836,0.009951789
CBX4,-0.00091342634,-0.002195106,-0.0013761553,0.39414644,-0.0058202385,0.14103237,-0.0074867513,-0.003928487,0.36778557,-0.004890913,-0.0027487054,-0.003569166,-0.0013856097,0.006143961,-0.002726836,0.009951789
CCDC134,-0.00091342634,-0.002195106,-0.0013761553,0.39414644,-0.0058202385,0.14103237,-0.0074867513,-0.003928487,0.36778557,-0.004890913,-0.0027487054,-0.003569166,-0.0013856097,0.006143961,-0.002726836,0.009951789
CCDC141,-0.00091342634,-0.002195106,-0.0013761553,0.39414644,-0.0058202385,0.14103237,-0.0074867513,-0.003928487,0.36778557,-0.004890913,-0.0027487054,-0.003569166,-0.0013856097,0.006143961,-0.002726836,0.009951789
CCDC15-DT,-0.00091342634,-0.002195106,-0.0013761553,0.39414644,-0.0058202385,0.14103237,-0.0074867513,-0.003928487,0.36778557,-0.004890913,-0.0027487054,-0.003569166,-0.0013856097,0.006143961,-0.002726836,0.009951789
CCDC158,-0.00091342634,-0.002195106,-0.0013761553,0.39414644,-0.0058202385,0.14103237,-0.0074867513,-0.003928487,0.36778557,-0.004890913,-0.0027487054,-0.003569166,-0.0013856097,0.006143961,-0.002726836,0.009951789
CCDC171,-0.00091342634,-0.002195106,-0.0013761553,0.39414644,-0.0058202385,0.14103237,-0.0074867513,-0.003928487,0.36778557,-0.004890913,-0.0027487054,-0.003569166,-0.0013856097,0.006143961,-0.002726836,0.009951789
CCDC34,-0.00091342634,-0.002195106,-0.0013761553,0.39414644,-0.0058202385,0.14103237,-0.0074867513,-0.003928487,0.36778557,-0.004890913,-0.0027487054,-0.003569166,-0.0013856097,0.006143961,-0.002726836,0.009951789
CCDC42,-0.00091342634,-0.002195106,-0.0013761553,0.39414644,-0.0058202385,0.14103237,-0.0074867513,-0.003928487,0.36778557,-0.004890913,-0.0027487054,-0.003569166,-0.0013856097,0.006143961,-0.002726836,0.009951789
CCDC62,-0.0009098672,-0.00219161,-0.0013707265,0.39382136,-0.005827534,0.14246072,-0.0074932175,-0.003914781,0.3680889,-0.0048958748,-0.0027619717,-0.003560803,-0.0013885718,0.005742822,-0.0027221176,0.010556448
CCER2,-0.00091342634,-0.002195106,-0.0013761553,0.39414644,-0.0058202385,0.14103237,-0.0074867513,-0.003928487,0.36778557,-0.004890913,-0.0027487054,-0.003569166,-0.0013856097,0.006143961,-0.002726836,0.009951789
CCKBR,-0.00091342634,-0.002195106,-0.0013761553,0.39414644,-0.0058202385,0.14103237,-0.0074867513,-0.003928487,0.36778557,-0.004890913,-0.0027487054,-0.003569166,-0.0013856097,0.006143961,-0.002726836,0.009951789
CCL22,-0.00091342634,-0.002195106,-0.0013761553,0.39414644,-0.0058202385,0.14103237,-0.0074867513,-0.003928487,0.36778557,-0.004890913,-0.0027487054,-0.003569166,-0.0013856097,0.006143961,-0.002726836,0.009951789
CCL3,-0.00091342634,-0.002195106,-0.0013761553,0.39414644,-0.0058202385,0.14103237,-0.0074867513,-0.003928487,0.36778557,-0.004890913,-0.0027487054,-0.003569166,-0.0013856097,0.006143961,-0.002726836,0.009951789
CCL4,-0.00091276143,-0.0022047418,-0.001371651,0.3952939,-0.005808187,0.14232913,-0.0074750525,-0.0039420263,0.36733,-0.004885167,-0.0027369792,-0.0035663354,-0.0013890138,0.005412314,-0.0027191022,0.009295601
CCL4L2,-0.0009083604,-0.002190757,-0.0013776293,0.394368,-0.005814905,0.14094813,-0.007490289,-0.0039329003,0.36830753,-0.00489255,-0.0027420842,-0.0035757893,-0.0013899484,0.0055775978,-0.0027264,0.009774033
CCL5,-0.0023729303,-0.003422901,0.020272553,0.21368319,-0.004244879,0.13477245,-0.0059964526,-0.0022090098,0.2692378,-0.0042093843,-0.0045897705,-0.0017857387,-0.0032940859,0.10665566,-0.0036105216,0.17494681
CCND2,-0.00091049826,-0.0022058145,-0.0013627874,0.39363855,-0.005806047,0.14219266,-0.0074937646,-0.00393507,0.36650893,-0.004880987,-0.0027573556,-0.003571102,-0.0013939275,0.0068475045,-0.0027215001,0.008486409
CCNI2,-0.00091776496,-0.0021902006,-0.0013652995,0.39322525,-0.005826504,0.1416322,-0.0074852793,-0.0039205425,0.36792898,-0.004880784,-0.0027496188,-0.0035703494,-0.0013872812,0.006443355,-0.0027271234,0.010392247
CCR6,-0.0009083604,-0.002190757,-0.0013776293,0.394368,-0.005814905,0.14094813,-0.007490289,-0.0039329003,0.36830753,-0.00489255,-0.0027420842,-0.0035757893,-0.0013899484,0.0055775978,-0.0027264,0.009774033
CCSER1,-0.00091342634,-0.002195106,-0.0013761553,0.39414644,-0.0058202385,0.14103237,-0.0074867513,-0.003928487,0.36778557,-0.004890913,-0.0027487054,-0.003569166,-0.0013856097,0.006143961,-0.002726836,0.009951789
CD160,-0.00091342634,-0.002195106,-0.0013761553,0.39414644,-0.0058202385,0.14103237,-0.0074867513,-0.003928487,0.36778557,-0.004890913,-0.0027487054,-0.003569166,-0.0013856097,0.006143961,-0.002726836,0.009951789
CD200R1L,-0.00064489787,-0.001919418,-0.0012881511,0.38723135,-0.005783969,0.15845251,-0.0072523206,-0.0038227367,0.38154578,-0.0047407774,-0.0025734615,-0.0038787338,-0.0013219821,0.014795952,-0.00290439,-0.00020557788
CD226,-0.00091342634,-0.002195106,-0.0013761553,0.39414644,-0.0058202385,0.14103237,-0.0074867513,-0.003928487,0.36778557,-0.004890913,-0.0027487054,-0.003569166,-0.0013856097,0.006143961,-0.002726836,0.009951789
CD28,-0.00091342634,-0.002195106,-0.0013761553,0.39414644,-0.0058202385,0.14103237,-0.0074867513,-0.003928487,0.36778557,-0.004890913,-0.0027487054,-0.003569166,-0.0013856097,0.006143961,-0.002726836,0.009951789
CD320,-0.00091342634,-0.002195106,-0.0013761553,0.39414644,-0.0058202385,0.14103237,-0.0074867513,-0.003928487,0.36778557,-0.004890913,-0.0027487054,-0.003569166,-0.0013856097,0.006143961,-0.002726836,0.009951789
CD38,-0.00091342634,-0.002195106,-0.0013761553,0.39414644,-0.0058202385,0.14103237,-0.0074867513,-0.003928487,0.36778557,-0.004890913,-0.0027487054,-0.003569166,-0.0013856097,0.006143961,-0.002726836,0.009951789
CD40LG,0.022694267,0.104451835,-0.0021262513,0.5145376,-0.0038675102,0.16154484,-0.0054447865,-0.0033419,0.29120526,-0.0037977032,-0.0011657667,-0.004547,-0.0015854569,-0.0010382575,-0.0028501689,-0.0010671407
CD5L,-0.00091342634,-0.002195106,-0.0013761553,0.39414644,-0.0058202385,0.14103237,-0.0074867513,-0.003928487,0.36778557,-0.004890913,-0.0027487054,-0.003569166,-0.0013856097,0.006143961,-0.002726836,0.009951789
CD7,-0.00091342634,-0.002195106,-0.0013761553,0.39414644,-0.0058202385,0.14103237,-0.0074867513,-0.003928487,0.36778557,-0.004890913,-0.0027487054,-0.003569166,-0.0013856097,0.006143961,-0.002726836,0.009951789
CD79A,-0.00091342634,-0.002195106,-0.0013761553,0.39414644,-0.0058202385,0.14103237,-0.0074867513,-0.003928487,0.36778557,-0.004890913,-0.0027487054,-0.003569166,-0.0013856097,0.006143961,-0.002726836,0.009951789
CD8A,-0.0009105464,-0.0021951324,-0.0013739556,0.39374536,-0.005819498,0.14079864,-0.0074908393,-0.0039298534,0.36747813,-0.0048883236,-0.0027526265,-0.003569026,-0.0013886556,0.0061175562,-0.0027294396,0.009530757
CDC14B,-0.00091378647,-0.0021970277,-0.0013782722,0.39412314,-0.005820528,0.14106952,-0.0074844663,-0.0039293924,0.36785668,-0.004888715,-0.0027467292,-0.0035714072,-0.0013842476,0.0061832257,-0.0027291193,0.009709898
CDC25C,-0.00091342634,-0.002195106,-0.0013761553,0.39414644,-0.0058202385,0.14103237,-0.0074867513,-0.003928487,0.36778557,-0.004890913,-0.0027487054,-0.003569166,-0.0013856097,0.006143961,-0.002726836,0.009951789
CDC42-AS1,-0.00091342634,-0.002195106,-0.0013761553,0.39414644,-0.0058202385,0.14103237,-0.0074867513,-0.003928487,0.36778557,-0.004890913,-0.0027487054,-0.003569166,-0.0013856097,0.006143961,-0.002726836,0.009951789
CDH2,-0.00091342634,-0.002195106,-0.0013761553,0.39414644,-0.0058202385,0.14103237,-0.0074867513,-0.003928487,0.36778557,-0.004890913,-0.0027487054,-0.003569166,-0.0013856097,0.006143961,-0.002726836,0.009951789
CDHR1,-0.00091342634,-0.002195106,-0.0013761553,0.39414644,-0.0058202385,0.14103237,-0.0074867513,-0.003928487,0.36778557,-0.004890913,-0.0027487054,-0.003569166,-0.0013856097,0.006143961,-0.002726836,0.009951789
CDHR3,-0.00091342634,-0.002195106,-0.0013761553,0.39414644,-0.0058202385,0.14103237,-0.0074867513,-0.003928487,0.36778557,-0.004890913,-0.0027487054,-0.003569166,-0.0013856097,0.006143961,-0.002726836,0.009951789
CDK5RAP2,-0.00091342634,-0.002195106,-0.0013761553,0.39414644,-0.0058202385,0.14103237,-0.0074867513,-0.003928487,0.36778557,-0.004890913,-0.0027487054,-0.003569166,-0.0013856097,0.006143961,-0.002726836,0.009951789
CDK9,-0.00091342634,-0.002195106,-0.0013761553,0.39414644,-0.0058202385,0.14103237,-0.0074867513,-0.003928487,0.36778557,-0.004890913,-0.0027487054,-0.003569166,-0.0013856097,0.006143961,-0.002726836,0.009951789
CDKN1C,-0.0009335447,-0.0021758785,-0.0013949298,0.3960004,-0.0058335555,0.14248018,-0.007496143,-0.003922221,0.36949682,-0.004910254,-0.0027642637,-0.0035727876,-0.0013787244,0.0051339306,-0.0027433294,0.008543003
CDO1,-0.0009335447,-0.0021758785,-0.0013949298,0.3960004,-0.0058335555,0.14248018,-0.007496143,-0.003922221,0.36949682,-0.004910254,-0.0027642637,-0.0035727876,-0.0013787244,0.0051339306,-0.0027433294,0.008543003
CEACAM21,-0.000914207,-0.0021984258,-0.0013765057,0.39461032,-0.0058250693,0.14080408,-0.0074897753,-0.0039233183,0.3682507,-0.0048899953,-0.0027510324,-0.003567925,-0.0013869992,0.0059067793,-0.0027256778,0.010150332
CEBPD,-0.0009012372,-0.002184841,-0.0013724398,0.39481005,-0.005813733,0.14080295,-0.0074924445,-0.003937353,0.36598894,-0.004880959,-0.0027367154,-0.0035756095,-0.0013814417,0.007524144,-0.0027444474,0.010330209
CELF5,-0.0009105464,-0.0021951324,-0.0013739556,0.39374536,-0.005819498,0.14079864,-0.0074908393,-0.0039298534,0.36747813,-0.0048883236,-0.0027526265,-0.003569026,-0.0013886556,0.0061175562,-0.0027294396,0.009530757
CENPM,-0.00091342634,-0.002195106,-0.0013761553,0.39414644,-0.0058202385,0.14103237,-0.0074867513,-0.003928487,0.36778557,-0.004890913,-0.0027487054,-0.003569166,-0.0013856097,0.006143961,-0.002726836,0.009951789
CENPV,-0.00091342634,-0.002195106,-0.0013761553,0.39414644,-0.0058202385,0.14103237,-0.0074867513,-0.003928487,0.36778557,-0.004890913,-0.0027487054,-0.003569166,-0.0013856097,0.006143961,-0.002726836,0.009951789
CEP126,-0.00091269903,-0.0021858518,-0.0013667735,0.3934468,-0.0058211708,0.14154795,-0.007488817,-0.0039249556,0.36845094,-0.004882421,-0.0027429974,-0.0035769728,-0.0013916199,0.005876992,-0.0027266878,0.010214491
CEP128,-0.00091342634,-0.002195106,-0.0013761553,0.39414644,-0.0058202385,0.14103237,-0.0074867513,-0.003928487,0.36778557,-0.004890913,-0.0027487054,-0.003569166,-0.0013856097,0.006143961,-0.002726836,0.009951789
CEP19,-0.00091776496,-0.0021902006,-0.0013652995,0.39322525,-0.005826504,0.1416322,-0.0074852793,-0.0039205425,0.36792898,-0.004880784,-0.0027496188,-0.0035703494,-0.0013872812,0.006443355,-0.0027271234,0.010392247
CEP295,-0.0008869729,-0.0016410439,-0.0012831554,0.4052458,-0.003881096,0.1526214,-0.0051098727,-0.00608427,0.13200776,-0.0030001109,-0.0006906205,-0.002719513,-7.218957e-05,0.16651411,-0.0036622286,0.062184054
CEP70,-0.00091342634,-0.002195106,-0.0013761553,0.39414644,-0.0058202385,0.14103237,-0.0074867513,-0.003928487,0.36778557,-0.004890913,-0.0027487054,-0.003569166,-0.0013856097,0.006143961,-0.002726836,0.009951789
CEP97,-0.00090060284,-0.0021859615,-0.0013736775,0.39466858,-0.0058163595,0.14081423,-0.0074975365,-0.003940663,0.36631808,-0.0048859417,-0.0027386534,-0.0035770868,-0.0013825794,0.007459659,-0.0027408812,0.010555837
CERCAM,-0.00091342634,-0.002195106,-0.0013761553,0.39414644,-0.0058202385,0.14103237,-0.0074867513,-0.003928487,0.36778557,-0.004890913,-0.0027487054,-0.003569166,-0.0013856097,0.006143961,-0.002726836,0.009951789
CERNA1,-0.00091342634,-0.002195106,-0.0013761553,0.39414644,-0.0058202385,0.14103237,-0.0074867513,-0.003928487,0.36778557,-0.004890913,-0.0027487054,-0.003569166,-0.0013856097,0.006143961,-0.002726836,0.009951789
CFAP36,-0.00091342634,-0.002195106,-0.0013761553,0.39414644,-0.0058202385,0.14103237,-0.0074867513,-0.003928487,0.36778557,-0.004890913,-0.0027487054,-0.003569166,-0.0013856097,0.006143961,-0.002726836,0.009951789
CFAP44,-0.00091342634,-0.002195106,-0.0013761553,0.39414644,-0.0058202385,0.14103237,-0.0074867513,-0.003928487,0.36778557,-0.004890913,-0.0027487054,-0.003569166,-0.0013856097,0.006143961,-0.002726836,0.009951789
CFAP61,-0.00091342634,-0.002195106,-0.0013761553,0.39414644,-0.0058202385,0.14103237,-0.0074867513,-0.003928487,0.36778557,-0.004890913,-0.0027487054,-0.003569166,-0.0013856097,0.006143961,-0.002726836,0.009951789
CFAP70,-0.0006428816,-0.0019142532,-0.0012898232,0.38673377,-0.0057835816,0.15840328,-0.0072534215,-0.0038155662,0.38123852,-0.004747542,-0.002575549,-0.0038858135,-0.001320229,0.014811419,-0.0029098806,-0.00020427252
CFAP74,-0.00089599687,-0.0021817165,-0.0013640422,0.3956078,-0.005809909,0.14328994,-0.0074903523,-0.0039212154,0.36577544,-0.0048855417,-0.0027356779,-0.0035886306,-0.0013670613,0.0050398745,-0.0027420844,0.008148123
CFAP97,0.014466919,-0.0029774532,-0.0027867071,0.12882787,-0.0081836535,0.0641676,-0.006520334,-0.0014972929,0.49465927,-0.0029751032,-0.0032843165,-0.0012963534,-0.0011554589,-0.00036642546,0.0149190575,0.060423415
CFAP97D2,-0.00091342634,-0.002195106,-0.0013761553,0.39414644,-0.0058202385,0.14103237,-0.0074867513,-0.003928487,0.36778557,-0.004890913,-0.0027487054,-0.003569166,-0.0013856097,0.006143961,-0.002726836,0.009951789
CFB,-0.00091276143,-0.0022047418,-0.001371651,0.3952939,-0.005808187,0.14232913,-0.0074750525,-0.0039420263,0.36733,-0.004885167,-0.0027369792,-0.0035663354,-0.0013890138,0.005412314,-0.0027191022,0.009295601
CHAC1,-0.00091342634,-0.002195106,-0.0013761553,0.39414644,-0.0058202385,0.14103237,-0.0074867513,-0.003928487,0.36778557,-0.004890913,-0.0027487054,-0.003569166,-0.0013856097,0.006143961,-0.002726836,0.009951789
CHD7,-0.00091342634,-0.002195106,-0.0013761553,0.39414644,-0.0058202385,0.14103237,-0.0074867513,-0.003928487,0.36778557,-0.004890913,-0.0027487054,-0.003569166,-0.0013856097,0.006143961,-0.002726836,0.009951789
CHI3L2,-0.00091342634,-0.002195106,-0.0013761553,0.39414644,-0.0058202385,0.14103237,-0.0074867513,-0.003928487,0.36778557,-0.004890913,-0.0027487054,-0.003569166,-0.0013856097,0.006143961,-0.002726836,0.009951789
CHODL,-0.00091342634,-0.002195106,-0.0013761553,0.39414644,-0.0058202385,0.14103237,-0.0074867513,-0.003928487,0.36778557,-0.004890913,-0.0027487054,-0.003569166,-0.0013856097,0.006143961,-0.002726836,0.009951789
CHRNA1,-0.00091342634,-0.002195106,-0.0013761553,0.39414644,-0.0058202385,0.14103237,-0.0074867513,-0.003928487,0.36778557,-0.004890913,-0.0027487054,-0.003569166,-0.0013856097,0.006143961,-0.002726836,0.009951789
CHRNA9,-0.00091342634,-0.002195106,-0.0013761553,0.39414644,-0.0058202385,0.14103237,-0.0074867513,-0.003928487,0.36778557,-0.004890913,-0.0027487054,-0.003569166,-0.0013856097,0.006143961,-0.002726836,0.009951789
CHST10,-0.00091342634,-0.002195106,-0.0013761553,0.39414644,-0.0058202385,0.14103237,-0.0074867513,-0.003928487,0.36778557,-0.004890913,-0.0027487054,-0.003569166,-0.0013856097,0.006143961,-0.002726836,0.009951789
CHST12,-0.00088990096,-0.0016303355,-0.0012965231,0.40575373,-0.0038952865,0.15146111,-0.00510286,-0.006077687,0.1332844,-0.0030100376,-0.00068197056,-0.002717577,-6.387189e-05,0.16581057,-0.0036675644,0.06364943
CHTF18,-0.00091342634,-0.002195106,-0.0013761553,0.39414644,-0.0058202385,0.14103237,-0.0074867513,-0.003928487,0.36778557,-0.004890913,-0.0027487054,-0.003569166,-0.0013856097,0.006143961,-0.002726836,0.009951789
CISH,-0.00091342634,-0.002195106,-0.0013761553,0.39414644,-0.0058202385,0.14103237,-0.0074867513,-0.003928487,0.36778557,-0.004890913,-0.0027487054,-0.003569166,-0.0013856097,0.006143961,-0.002726836,0.009951789
CKAP2L,-0.00091342634,-0.002195106,-0.0013761553,0.39414644,-0.0058202385,0.14103237,-0.0074867513,-0.003928487,0.36778557,-0.004890913,-0.0027487054,-0.003569166,-0.0013856097,0.006143961,-0.002726836,0.009951789
CKMT2,-0.00091342634,-0.002195106,-0.0013761553,0.39414644,-0.0058202385,0.14103237,-0.0074867513,-0.003928487,0.36778557,-0.004890913,-0.0027487054,-0.003569166,-0.0013856097,0.006143961,-0.002726836,0.009951789
CLDN16,-0.00091342634,-0.002195106,-0.0013761553,0.39414644,-0.0058202385,0.14103237,-0.0074867513,-0.003928487,0.36778557,-0.004890913,-0.0027487054,-0.003569166,-0.0013856097,0.006143961,-0.002726836,0.009951789
CLDN23,-0.00091342634,-0.002195106,-0.0013761553,0.39414644,-0.0058202385,0.14103237,-0.0074867513,-0.003928487,0.36778557,-0.004890913,-0.0027487054,-0.003569166,-0.0013856097,0.006143961,-0.002726836,0.009951789
CLEC2L,-0.00091342634,-0.002195106,-0.0013761553,0.39414644,-0.0058202385,0.14103237,-0.0074867513,-0.003928487,0.36778557,-0.004890913,-0.0027487054,-0.003569166,-0.0013856097,0.006143961,-0.002726836,0.009951789
CLIC3,-0.00091342634,-0.002195106,-0.0013761553,0.39414644,-0.0058202385,0.14103237,-0.0074867513,-0.003928487,0.36778557,-0.004890913,-0.0027487054,-0.003569166,-0.0013856097,0.006143961,-0.002726836,0.009951789
CLIC6,-0.00091342634,-0.002195106,-0.0013761553,0.39414644,-0.0058202385,0.14103237,-0.0074867513,-0.003928487,0.36778557,-0.004890913,-0.0027487054,-0.003569166,-0.0013856097,0.006143961,-0.002726836,0.009951789
CLSTN1,-0.00091342634,-0.002195106,-0.0013761553,0.39414644,-0.0058202385,0.14103237,-0.0074867513,-0.003928487,0.36778557,-0.004890913,-0.0027487054,-0.003569166,-0.0013856097,0.006143961,-0.002726836,0.009951789
CLU,-0.00091276143,-0.0022047418,-0.001371651,0.3952939,-0.005808187,0.14232913,-0.0074750525,-0.0039420263,0.36733,-0.004885167,-0.0027369792,-0.0035663354,-0.0013890138,0.005412314,-0.0027191022,0.009295601
CLUAP1,-0.00091342634,-0.002195106,-0.0013761553,0.39414644,-0.0058202385,0.14103237,-0.0074867513,-0.003928487,0.36778557,-0.004890913,-0.0027487054,-0.003569166,-0.0013856097,0.006143961,-0.002726836,0.009951789
CLYBL,-0.00091342634,-0.002195106,-0.0013761553,0.39414644,-0.0058202385,0.14103237,-0.0074867513,-0.003928487,0.36778557,-0.004890913,-0.0027487054,-0.003569166,-0.0013856097,0.006143961,-0.002726836,0.009951789
CMSS1,-0.00091342634,-0.002195106,-0.0013761553,0.39414644,-0.0058202385,0.14103237,-0.0074867513,-0.003928487,0.36778557,-0.004890913,-0.0027487054,-0.003569166,-0.0013856097,0.006143961,-0.002726836,0.009951789
CNIH3,-0.00091342634,-0.002195106,-0.0013761553,0.39414644,-0.0058202385,0.14103237,-0.0074867513,-0.003928487,0.36778557,-0.004890913,-0.0027487054,-0.003569166,-0.0013856097,0.006143961,-0.002726836,0.009951789
CNR2,-0.00091342634,-0.002195106,-0.0013761553,0.39414644,-0.0058202385,0.14103237,-0.0074867513,-0.003928487,0.36778557,-0.004890913,-0.0027487054,-0.003569166,-0.0013856097,0.006143961,-0.002726836,0.009951789
COG6,-0.0009098672,-0.00219161,-0.0013707265,0.39382136,-0.005827534,0.14246072,-0.0074932175,-0.003914781,0.3680889,-0.0048958748,-0.0027619717,-0.003560803,-0.0013885718,0.005742822,-0.0027221176,0.010556448
COIL,-0.00091342634,-0.002195106,-0.0013761553,0.39414644,-0.0058202385,0.14103237,-0.0074867513,-0.003928487,0.36778557,-0.004890913,-0.0027487054,-0.003569166,-0.0013856097,0.006143961,-0.002726836,0.009951789
COL12A1,-0.00091342634,-0.002195106,-0.0013761553,0.39414644,-0.0058202385,0.14103237,-0.0074867513,-0.003928487,0.36778557,-0.004890913,-0.0027487054,-0.003569166,-0.0013856097,0.006143961,-0.002726836,0.009951789
COLGALT2,-0.00091342634,-0.002195106,-0.0013761553,0.39414644,-0.0058202385,0.14103237,-0.0074867513,-0.003928487,0.36778557,-0.004890913,-0.0027487054,-0.003569166,-0.0013856097,0.006143961,-0.002726836,0.009951789
COLQ,-0.00091342634,-0.002195106,-0.0013761553,0.39414644,-0.0058202385,0.14103237,-0.0074867513,-0.003928487,0.36778557,-0.004890913,-0.0027487054,-0.003569166,-0.0013856097,0.006143961,-0.002726836,0.009951789
COMP,-0.00091276143,-0.0022047418,-0.001371651,0.3952939,-0.005808187,0.14232913,-0.0074750525,-0.0039420263,0.36733,-0.004885167,-0.0027369792,-0.0035663354,-0.0013890138,0.005412314,-0.0027191022,0.009295601
CORO2A,-0.00091342634,-0.002195106,-0.0013761553,0.39414644,-0.0058202385,0.14103237,-0.0074867513,-0.003928487,0.36778557,-0.004890913,-0.0027487054,-0.003569166,-0.0013856097,0.006143961,-0.002726836,0.009951789
CPLX2,-0.00091342634,-0.002195106,-0.0013761553,0.39414644,-0.0058202385,0.14103237,-0.0074867513,-0.003928487,0.36778557,-0.004890913,-0.0027487054,-0.003569166,-0.0013856097,0.006143961,-0.002726836,0.009951789
CPLX3,0.077124655,0.049018458,-0.0021344821,0.5718646,-0.0036364638,0.12928131,-0.004889604,-0.0020865658,0.34622294,-0.00394607,-0.0025304614,-0.0033429333,0.033147424,-0.0005971076,-0.0035148321,-0.0020771516
CPNE5,-0.00091342634,-0.002195106,-0.0013761553,0.39414644,-0.0058202385,0.14103237,-0.0074867513,-0.003928487,0.36778557,-0.004890913,-0.0027487054,-0.003569166,-0.0013856097,0.006143961,-0.002726836,0.009951789
CPNE6,-0.00091342634,-0.002195106,-0.0013761553,0.39414644,-0.0058202385,0.14103237,-0.0074867513,-0.003928487,0.36778557,-0.004890913,-0.0027487054,-0.003569166,-0.0013856097,0.006143961,-0.002726836,0.009951789
CPT1B,-0.00091342634,-0.002195106,-0.0013761553,0.39414644,-0.0058202385,0.14103237,-0.0074867513,-0.003928487,0.36778557,-0.004890913,-0.0027487054,-0.003569166,-0.0013856097,0.006143961,-0.002726836,0.009951789
CPVL,-0.00091342634,-0.002195106,-0.0013761553,0.39414644,-0.0058202385,0.14103237,-0.0074867513,-0.003928487,0.36778557,-0.004890913,-0.0027487054,-0.003569166,-0.0013856097,0.006143961,-0.002726836,0.009951789
CR2,-0.00091342634,-0.002195106,-0.0013761553,0.39414644,-0.0058202385,0.14103237,-0.0074867513,-0.003928487,0.36778557,-0.004890913,-0.0027487054,-0.003569166,-0.0013856097,0.006143961,-0.002726836,0.009951789
CRADD,-0.00091342634,-0.002195106,-0.0013761553,0.39414644,-0.0058202385,0.14103237,-0.0074867513,-0.003928487,0.36778557,-0.004890913,-0.0027487054,-0.003569166,-0.0013856097,0.006143961,-0.002726836,0.009951789
CREB5,-0.00091342634,-0.002195106,-0.0013761553,0.39414644,-0.0058202385,0.14103237,-0.0074867513,-0.003928487,0.36778557,-0.004890913,-0.0027487054,-0.003569166,-0.0013856097,0.006143961,-0.002726836,0.009951789
CRHR1,-0.00091342634,-0.002195106,-0.0013761553,0.39414644,-0.0058202385,0.14103237,-0.0074867513,-0.003928487,0.36778557,-0.004890913,-0.0027487054,-0.003569166,-0.0013856097,0.006143961,-0.002726836,0.009951789
CRIM1-DT,-0.00091342634,-0.002195106,-0.0013761553,0.39414644,-0.0058202385,0.14103237,-0.0074867513,-0.003928487,0.36778557,-0.004890913,-0.0027487054,-0.003569166,-0.0013856097,0.006143961,-0.002726836,0.009951789
CRIP2,-0.00091342634,-0.002195106,-0.0013761553,0.39414644,-0.0058202385,0.14103237,-0.0074867513,-0.003928487,0.36778557,-0.004890913,-0.0027487054,-0.003569166,-0.0013856097,0.006143961,-0.002726836,0.009951789
CRISPLD1,-0.0009083604,-0.002190757,-0.0013776293,0.394368,-0.005814905,0.14094813,-0.007490289,-0.0039329003,0.36830753,-0.00489255,-0.0027420842,-0.0035757893,-0.0013899484,0.0055775978,-0.0027264,0.009774033
CRTAM,-0.0009105464,-0.0021951324,-0.0013739556,0.39374536,-0.005819498,0.14079864,-0.0074908393,-0.0039298534,0.36747813,-0.0048883236,-0.0027526265,-0.003569026,-0.0013886556,0.0061175562,-0.0027294396,0.009530757
CRTC1,-0.00091342634,-0.002195106,-0.0013761553,0.39414644,-0.0058202385,0.14103237,-0.0074867513,-0.003928487,0.36778557,-0.004890913,-0.0027487054,-0.003569166,-0.0013856097,0.006143961,-0.002726836,0.009951789
CRYBB1,-0.00091342634,-0.002195106,-0.0013761553,0.39414644,-0.0058202385,0.14103237,-0.0074867513,-0.003928487,0.36778557,-0.004890913,-0.0027487054,-0.003569166,-0.0013856097,0.006143961,-0.002726836,0.009951789
CSF3R,-0.00091342634,-0.002195106,-0.0013761553,0.39414644,-0.0058202385,0.14103237,-0.0074867513,-0.003928487,0.36778557,-0.004890913,-0.0027487054,-0.003569166,-0.0013856097,0.006143961,-0.002726836,0.009951789
CSRNP2,-0.00091342634,-0.002195106,-0.0013761553,0.39414644,-0.0058202385,0.14103237,-0.0074867513,-0.003928487,0.36778557,-0.004890913,-0.0027487054,-0.003569166,-0.0013856097,0.006143961,-0.002726836,0.009951789
CST7,-0.0003613761,-0.0005942171,-0.0020932772,0.37341034,-0.005290121,0.21673301,-0.007392978,-0.004806117,0.34907508,-0.0051842597,-0.0010853674,-0.004901896,-0.002291283,-0.00075728324,-0.0015590825,0.010126581
CSTF3-DT,-0.00091342634,-0.002195106,-0.0013761553,0.39414644,-0.0058202385,0.14103237,-0.0074867513,-0.003928487,0.36778557,-0.004890913,-0.0027487054,-0.003569166,-0.0013856097,0.006143961,-0.002726836,0.009951789
CT70,-0.00091342634,-0.002195106,-0.0013761553,0.39414644,-0.0058202385,0.14103237,-0.0074867513,-0.003928487,0.36778557,-0.004890913,-0.0027487054,-0.003569166,-0.0013856097,0.006143961,-0.002726836,0.009951789
CTH,-0.00091342634,-0.002195106,-0.0013761553,0.39414644,-0.0058202385,0.14103237,-0.0074867513,-0.003928487,0.36778557,-0.004890913,-0.0027487054,-0.003569166,-0.0013856097,0.006143961,-0.002726836,0.009951789
CTLA4,-0.00091342634,-0.002195106,-0.0013761553,0.39414644,-0.0058202385,0.14103237,-0.0074867513,-0.003928487,0.36778557,-0.004890913,-0.0027487054,-0.003569166,-0.0013856097,0.006143961,-0.002726836,0.009951789
CTNND2,-0.00089599687,-0.0021817165,-0.0013640422,0.3956078,-0.005809909,0.14328994,-0.0074903523,-0.0039212154,0.36577544,-0.0048855417,-0.0027356779,-0.0035886306,-0.0013670613,0.0050398745,-0.0027420844,0.008148123
CTRB1,-0.00091342634,-0.002195106,-0.0013761553,0.39414644,-0.0058202385,0.14103237,-0.0074867513,-0.003928487,0.36778557,-0.004890913,-0.0027487054,-0.003569166,-0.0013856097,0.006143961,-0.002726836,0.009951789
CTSW,-0.00091342634,-0.002195106,-0.0013761553,0.39414644,-0.0058202385,0.14103237,-0.0074867513,-0.003928487,0.36778557,-0.004890913,-0.0027487054,-0.003569166,-0.0013856097,0.006143961,-0.002726836,0.009951789
CUBN,-0.00091342634,-0.002195106,-0.0013761553,0.39414644,-0.0058202385,0.14103237,-0.0074867513,-0.003928487,0.36778557,-0.004890913,-0.0027487054,-0.003569166,-0.0013856097,0.006143961,-0.002726836,0.009951789
CWF19L1,-0.00091342634,-0.002195106,-0.0013761553,0.39414644,-0.0058202385,0.14103237,-0.0074867513,-0.003928487,0.36778557,-0.004890913,-0.0027487054,-0.003569166,-0.0013856097,0.006143961,-0.002726836,0.009951789
CXCL10,-0.0006299046,-0.00086990505,-0.0021812813,0.38032544,-0.0053263893,0.19931287,-0.007627409,-0.004911868,0.33531487,-0.0053343954,-0.0012606112,-0.004592328,-0.0023549108,-0.0008438031,-0.0013815283,0.040636156
CXCL3,-0.00091342634,-0.002195106,-0.0013761553,0.39414644,-0.0058202385,0.14103237,-0.0074867513,-0.003928487,0.36778557,-0.004890913,-0.0027487054,-0.003569166,-0.0013856097,0.006143961,-0.002726836,0.009951789
CXCL8,-0.0008068117,-0.0024243607,-0.0006480862,0.40347397,-0.0054449267,0.21855581,-0.006522894,-0.003586409,0.33322683,-0.0041442597,-0.0022412648,-0.0033418403,-0.0012516238,-0.0005681758,-0.0018777698,0.009755332
CXCR5,-0.00091342634,-0.002195106,-0.0013761553,0.39414644,-0.0058202385,0.14103237,-0.0074867513,-0.003928487,0.36778557,-0.004890913,-0.0027487054,-0.003569166,-0.0013856097,0.006143961,-0.002726836,0.009951789
CXXC4,-0.00091342634,-0.002195106,-0.0013761553,0.39414644,-0.0058202385,0.14103237,-0.0074867513,-0.003928487,0.36778557,-0.004890913,-0.0027487054,-0.003569166,-0.0013856097,0.006143961,-0.002726836,0.009951789
CYB561D1,-0.00091342634,-0.002195106,-0.0013761553,0.39414644,-0.0058202385,0.14103237,-0.0074867513,-0.003928487,0.36778557,-0.004890913,-0.0027487054,-0.003569166,-0.0013856097,0.006143961,-0.002726836,0.009951789
CYP4F22,-0.00091342634,-0.002195106,-0.0013761553,0.39414644,-0.0058202385,0.14103237,-0.0074867513,-0.003928487,0.36778557,-0.004890913,-0.0027487054,-0.003569166,-0.0013856097,0.006143961,-0.002726836,0.009951789
CYP51A1-AS1,-0.00091342634,-0.002195106,-0.0013761553,0.39414644,-0.0058202385,0.14103237,-0.0074867513,-0.003928487,0.36778557,-0.004890913,-0.0027487054,-0.003569166,-0.0013856097,0.006143961,-0.002726836,0.009951789
D2HGDH,-6.1609666e-05,-0.00027426108,-0.0013120585,0.5285258,-0.0043621613,0.103115365,-0.0053117233,-0.0023595728,0.32427606,-0.0033565157,-0.002654569,-0.0035285978,-0.00062246685,-0.00013281245,-0.004187609,-0.0013807695
DAPK2,-0.00091342634,-0.002195106,-0.0013761553,0.39414644,-0.0058202385,0.14103237,-0.0074867513,-0.003928487,0.36778557,-0.004890913,-0.0027487054,-0.003569166,-0.0013856097,0.006143961,-0.002726836,0.009951789
DBN1,-0.00091342634,-0.002195106,-0.0013761553,0.39414644,-0.0058202385,0.14103237,-0.0074867513,-0.003928487,0.36778557,-0.004890913,-0.0027487054,-0.003569166,-0.0013856097,0.006143961,-0.002726836,0.009951789
DCAF10,-0.0009134316,-0.0021951061,-0.0013761601,0.3941459,-0.0058202487,0.14103328,-0.007486755,-0.003928487,0.36778578,-0.004890906,-0.002748698,-0.0035691732,-0.0013856145,0.0061440207,-0.0027268294,0.009951342
DCAKD,-0.00091342634,-0.002195106,-0.0013761553,0.39414644,-0.0058202385,0.14103237,-0.0074867513,-0.003928487,0.36778557,-0.004890913,-0.0027487054,-0.003569166,-0.0013856097,0.006143961,-0.002726836,0.009951789
DCDC2,-0.00091342634,-0.002195106,-0.0013761553,0.39414644,-0.0058202385,0.14103237,-0.0074867513,-0.003928487,0.36778557,-0.004890913,-0.0027487054,-0.003569166,-0.0013856097,0.006143961,-0.002726836,0.009951789
DCLK3,-0.00091342634,-0.002195106,-0.0013761553,0.39414644,-0.0058202385,0.14103237,-0.0074867513,-0.003928487,0.36778557,-0.004890913,-0.0027487054,-0.003569166,-0.0013856097,0.006143961,-0.002726836,0.009951789
DDB2,-0.00091342634,-0.002195106,-0.0013761553,0.39414644,-0.0058202385,0.14103237,-0.0074867513,-0.003928487,0.36778557,-0.004890913,-0.0027487054,-0.003569166,-0.0013856097,0.006143961,-0.002726836,0.009951789
DDX50,-0.00091342634,-0.002195106,-0.0013761553,0.39414644,-0.0058202385,0.14103237,-0.0074867513,-0.003928487,0.36778557,-0.004890913,-0.0027487054,-0.003569166,-0.0013856097,0.006143961,-0.002726836,0.009951789
DENND1C,-0.0009003355,-0.0021768115,-0.0013531863,0.3946866,-0.0058161747,0.14388976,-0.00748888,-0.003913271,0.36591884,-0.0048754127,-0.0027365913,-0.0035898138,-0.0013687328,0.0053392686,-0.002742372,0.00858858
DENND2C,-0.00091342634,-0.002195106,-0.0013761553,0.39414644,-0.0058202385,0.14103237,-0.0074867513,-0.003928487,0.36778557,-0.004890913,-0.0027487054,-0.003569166,-0.0013856097,0.006143961,-0.002726836,0.009951789
DENND2D,-0.0009136853,-0.0021948314,-0.0013763853,0.3941154,-0.005820094,0.14105439,-0.0074868766,-0.003928391,0.36780918,-0.0048911218,-0.0027486496,-0.0035693129,-0.0013854988,0.00616619,-0.0027270096,0.009973925
DENND6A-DT,-0.00091342634,-0.002195106,-0.0013761553,0.39414644,-0.0058202385,0.14103237,-0.0074867513,-0.003928487,0.36778557,-0.004890913,-0.0027487054,-0.003569166,-0.0013856097,0.006143961,-0.002726836,0.009951789
DGCR8,-0.0009105464,-0.0021951324,-0.0013739556,0.39374536,-0.005819498,0.14079864,-0.0074908393,-0.0039298534,0.36747813,-0.0048883236,-0.0027526265,-0.003569026,-0.0013886556,0.0061175562,-0.0027294396,0.009530757
DGKH,-0.00091342634,-0.002195106,-0.0013761553,0.39414644,-0.0058202385,0.14103237,-0.0074867513,-0.003928487,0.36778557,-0.004890913,-0.0027487054,-0.003569166,-0.0013856097,0.006143961,-0.002726836,0.009951789
DHDH,-0.00091342634,-0.002195106,-0.0013761553,0.39414644,-0.0058202385,0.14103237,-0.0074867513,-0.003928487,0.36778557,-0.004890913,-0.0027487054,-0.003569166,-0.0013856097,0.006143961,-0.002726836,0.009951789
DHH,-0.00091342634,-0.002195106,-0.0013761553,0.39414644,-0.0058202385,0.14103237,-0.0074867513,-0.003928487,0.36778557,-0.004890913,-0.0027487054,-0.003569166,-0.0013856097,0.006143961,-0.002726836,0.009951789
DHX16,-0.00091342634,-0.002195106,-0.0013761553,0.39414644,-0.0058202385,0.14103237,-0.0074867513,-0.003928487,0.36778557,-0.004890913,-0.0027487054,-0.003569166,-0.0013856097,0.006143961,-0.002726836,0.009951789
DHX30,-0.00091378647,-0.0021970277,-0.0013782722,0.39412314,-0.005820528,0.14106952,-0.0074844663,-0.0039293924,0.36785668,-0.004888715,-0.0027467292,-0.0035714072,-0.0013842476,0.0061832257,-0.0027291193,0.009709898
DIAPH3,-0.0009136853,-0.0021948314,-0.0013763853,0.3941154,-0.005820094,0.14105439,-0.0074868766,-0.003928391,0.36780918,-0.0048911218,-0.0027486496,-0.0035693129,-0.0013854988,0.00616619,-0.0027270096,0.009973925
DIP2C,-0.00091342634,-0.002195106,-0.0013761553,0.39414644,-0.0058202385,0.14103237,-0.0074867513,-0.003928487,0.36778557,-0.004890913,-0.0027487054,-0.003569166,-0.0013856097,0.006143961,-0.002726836,0.009951789
DIRC3,-0.00091342634,-0.002195106,-0.0013761553,0.39414644,-0.0058202385,0.14103237,-0.0074867513,-0.003928487,0.36778557,-0.004890913,-0.0027487054,-0.003569166,-0.0013856097,0.006143961,-0.002726836,0.009951789
DISP1,-0.00091342634,-0.002195106,-0.0013761553,0.39414644,-0.0058202385,0.14103237,-0.0074867513,-0.003928487,0.36778557,-0.004890913,-0.0027487054,-0.003569166,-0.0013856097,0.006143961,-0.002726836,0.009951789
DISP3,-0.0009335447,-0.0021758785,-0.0013949298,0.3960004,-0.0058335555,0.14248018,-0.007496143,-0.003922221,0.36949682,-0.004910254,-0.0027642637,-0.0035727876,-0.0013787244,0.0051339306,-0.0027433294,0.008543003
DLEU7,-0.00091342634,-0.002195106,-0.0013761553,0.39414644,-0.0058202385,0.14103237,-0.0074867513,-0.003928487,0.36778557,-0.004890913,-0.0027487054,-0.003569166,-0.0013856097,0.006143961,-0.002726836,0.009951789
DLG1-AS1,-0.0009136853,-0.0021948314,-0.0013763853,0.3941154,-0.005820094,0.14105439,-0.0074868766,-0.003928391,0.36780918,-0.0048911218,-0.0027486496,-0.0035693129,-0.0013854988,0.00616619,-0.0027270096,0.009973925
DLGAP1-AS1,-0.00091570115,-0.0021950335,-0.001354348,0.39357513,-0.0058058626,0.14218079,-0.007504956,-0.0039322935,0.36686766,-0.0048896396,-0.002746081,-0.0035696374,-0.0013873348,0.006353859,-0.0027121955,0.0074522085
DLL3,-0.00091342634,-0.002195106,-0.0013761553,0.39414644,-0.0058202385,0.14103237,-0.0074867513,-0.003928487,0.36778557,-0.004890913,-0.0027487054,-0.003569166,-0.0013856097,0.006143961,-0.002726836,0.009951789
DLX2-DT,-0.00091342634,-0.002195106,-0.0013761553,0.39414644,-0.0058202385,0.14103237,-0.0074867513,-0.003928487,0.36778557,-0.004890913,-0.0027487054,-0.003569166,-0.0013856097,0.006143961,-0.002726836,0.009951789
DNAAF2,-0.00091342634,-0.002195106,-0.0013761553,0.39414644,-0.0058202385,0.14103237,-0.0074867513,-0.003928487,0.36778557,-0.004890913,-0.0027487054,-0.003569166,-0.0013856097,0.006143961,-0.002726836,0.009951789
DNAH5,-0.00091342634,-0.002195106,-0.0013761553,0.39414644,-0.0058202385,0.14103237,-0.0074867513,-0.003928487,0.36778557,-0.004890913,-0.0027487054,-0.003569166,-0.0013856097,0.006143961,-0.002726836,0.009951789
DNAH6,-0.00091342634,-0.002195106,-0.0013761553,0.39414644,-0.0058202385,0.14103237,-0.0074867513,-0.003928487,0.36778557,-0.004890913,-0.0027487054,-0.003569166,-0.0013856097,0.006143961,-0.002726836,0.009951789
DNAH7,-0.00090771663,-0.002188174,-0.0013804153,0.39317083,-0.0058321594,0.14202403,-0.0074782907,-0.0039347513,0.36797678,-0.0048902864,-0.0027565043,-0.0035701704,-0.0013750436,0.005133096,-0.0027345177,0.008900557
DNAJC18,-0.00091342634,-0.002195106,-0.0013761553,0.39414644,-0.0058202385,0.14103237,-0.0074867513,-0.003928487,0.36778557,-0.004890913,-0.0027487054,-0.003569166,-0.0013856097,0.006143961,-0.002726836,0.009951789
DNAJC22,-0.00091342634,-0.002195106,-0.0013761553,0.39414644,-0.0058202385,0.14103237,-0.0074867513,-0.003928487,0.36778557,-0.004890913,-0.0027487054,-0.003569166,-0.0013856097,0.006143961,-0.002726836,0.009951789
DNAJC24,-0.00091342634,-0.002195106,-0.0013761553,0.39414644,-0.0058202385,0.14103237,-0.0074867513,-0.003928487,0.36778557,-0.004890913,-0.0027487054,-0.003569166,-0.0013856097,0.006143961,-0.002726836,0.009951789
DNAJC28,-0.00091342634,-0.002195106,-0.0013761553,0.39414644,-0.0058202385,0.14103237,-0.0074867513,-0.003928487,0.36778557,-0.004890913,-0.0027487054,-0.003569166,-0.0013856097,0.006143961,-0.002726836,0.009951789
DNAJC3-DT,-0.00091342634,-0.002195106,-0.0013761553,0.39414644,-0.0058202385,0.14103237,-0.0074867513,-0.003928487,0.36778557,-0.004890913,-0.0027487054,-0.003569166,-0.0013856097,0.006143961,-0.002726836,0.009951789
DNAJC6,-0.00091342634,-0.002195106,-0.0013761553,0.39414644,-0.0058202385,0.14103237,-0.0074867513,-0.003928487,0.36778557,-0.004890913,-0.0027487054,-0.003569166,-0.0013856097,0.006143961,-0.002726836,0.009951789
DNMT3A,-0.00091342634,-0.002195106,-0.0013761553,0.39414644,-0.0058202385,0.14103237,-0.0074867513,-0.003928487,0.36778557,-0.004890913,-0.0027487054,-0.003569166,-0.0013856097,0.006143961,-0.002726836,0.009951789
DPEP1,-0.00091342634,-0.002195106,-0.0013761553,0.39414644,-0.0058202385,0.14103237,-0.0074867513,-0.003928487,0.36778557,-0.004890913,-0.0027487054,-0.003569166,-0.0013856097,0.006143961,-0.002726836,0.009951789
DPH7,-0.0006299046,-0.00086990505,-0.0021812813,0.38032544,-0.0053263893,0.19931287,-0.007627409,-0.004911868,0.33531487,-0.0053343954,-0.0012606112,-0.004592328,-0.0023549108,-0.0008438031,-0.0013815283,0.040636156
DRC7,-0.00091776496,-0.0021902006,-0.0013652995,0.39322525,-0.005826504,0.1416322,-0.0074852793,-0.0039205425,0.36792898,-0.004880784,-0.0027496188,-0.0035703494,-0.0013872812,0.006443355,-0.0027271234,0.010392247
DSCAML1,-0.0009105464,-0.0021951324,-0.0013739556,0.39374536,-0.005819498,0.14079864,-0.0074908393,-0.0039298534,0.36747813,-0.0048883236,-0.0027526265,-0.003569026,-0.0013886556,0.0061175562,-0.0027294396,0.009530757
DTD1,-0.00091342634,-0.002195106,-0.0013761553,0.39414644,-0.0058202385,0.14103237,-0.0074867513,-0.003928487,0.36778557,-0.004890913,-0.0027487054,-0.003569166,-0.0013856097,0.006143961,-0.002726836,0.009951789
DTHD1,-0.00091342634,-0.002195106,-0.0013761553,0.39414644,-0.0058202385,0.14103237,-0.0074867513,-0.003928487,0.36778557,-0.004890913,-0.0027487054,-0.003569166,-0.0013856097,0.006143961,-0.002726836,0.009951789
DTNB,-0.00091342634,-0.002195106,-0.0013761553,0.39414644,-0.0058202385,0.14103237,-0.0074867513,-0.003928487,0.36778557,-0.004890913,-0.0027487054,-0.003569166,-0.0013856097,0.006143961,-0.002726836,0.009951789
DTX3,-0.00091342634,-0.002195106,-0.0013761553,0.39414644,-0.0058202385,0.14103237,-0.0074867513,-0.003928487,0.36778557,-0.004890913,-0.0027487054,-0.003569166,-0.0013856097,0.006143961,-0.002726836,0.009951789
DUSP16,-0.00091342634,-0.002195106,-0.0013761553,0.39414644,-0.0058202385,0.14103237,-0.0074867513,-0.003928487,0.36778557,-0.004890913,-0.0027487054,-0.003569166,-0.0013856097,0.006143961,-0.002726836,0.009951789
DUSP19,-0.00091342634,-0.002195106,-0.0013761553,0.39414644,-0.0058202385,0.14103237,-0.0074867513,-0.003928487,0.36778557,-0.004890913,-0.0027487054,-0.003569166,-0.0013856097,0.006143961,-0.002726836,0.009951789
DVL1,0.0152633935,-0.0029796967,-0.0027812438,0.1296637,-0.008177257,0.064381614,-0.006525509,-0.0014913828,0.49359873,-0.0029683602,-0.003283021,-0.0012960295,-0.0011479096,-0.0003783344,0.013489008,0.059180155
DYNC2H1,-0.00091342634,-0.002195106,-0.0013761553,0.39414644,-0.0058202385,0.14103237,-0.0074867513,-0.003928487,0.36778557,-0.004890913,-0.0027487054,-0.003569166,-0.0013856097,0.006143961,-0.002726836,0.009951789
DYNLRB2,-0.00091342634,-0.002195106,-0.0013761553,0.39414644,-0.0058202385,0.14103237,-0.0074867513,-0.003928487,0.36778557,-0.004890913,-0.0027487054,-0.003569166,-0.0013856097,0.006143961,-0.002726836,0.009951789
DZIP3,-0.00080707064,-0.0024240867,-0.0006483163,0.40344292,-0.0054447823,0.21857783,-0.0065230187,-0.0035863118,0.33325043,-0.0041444683,-0.002241209,-0.0033419873,-0.0012515129,-0.00056795345,-0.0018779435,0.009777468
E4F1,-0.00091342634,-0.002195106,-0.0013761553,0.39414644,-0.0058202385,0.14103237,-0.0074867513,-0.003928487,0.36778557,-0.004890913,-0.0027487054,-0.003569166,-0.0013856097,0.006143961,-0.002726836,0.009951789
EBF1,-0.0009179378,-0.0022994182,-0.0013726904,0.38637426,-0.006020631,0.14267385,-0.007844531,-0.0041635255,0.38852355,-0.0051838392,-0.0028953631,-0.0037029588,-0.001508799,0.003243547,-0.0025643017,0.027591115
EBF2,-0.00091342634,-0.002195106,-0.0013761553,0.39414644,-0.0058202385,0.14103237,-0.0074867513,-0.003928487,0.36778557,-0.004890913,-0.0027487054,-0.003569166,-0.0013856097,0.006143961,-0.002726836,0.009951789
EBF3,-0.000914207,-0.0021984258,-0.0013765057,0.39461032,-0.0058250693,0.14080408,-0.0074897753,-0.0039233183,0.3682507,-0.0048899953,-0.0027510324,-0.003567925,-0.0013869992,0.0059067793,-0.0027256778,0.010150332
EDA,-0.00091342634,-0.002195106,-0.0013761553,0.39414644,-0.0058202385,0.14103237,-0.0074867513,-0.003928487,0.36778557,-0.004890913,-0.0027487054,-0.003569166,-0.0013856097,0.006143961,-0.002726836,0.009951789
EDAR,-0.00091342634,-0.002195106,-0.0013761553,0.39414644,-0.0058202385,0.14103237,-0.0074867513,-0.003928487,0.36778557,-0.004890913,-0.0027487054,-0.003569166,-0.0013856097,0.006143961,-0.002726836,0.009951789
EDN2,-0.0009136853,-0.0021948314,-0.0013763853,0.3941154,-0.005820094,0.14105439,-0.0074868766,-0.003928391,0.36780918,-0.0048911218,-0.0027486496,-0.0035693129,-0.0013854988,0.00616619,-0.0027270096,0.009973925
EEF1AKMT1,-0.00091342634,-0.002195106,-0.0013761553,0.39414644,-0.0058202385,0.14103237,-0.0074867513,-0.003928487,0.36778557,-0.004890913,-0.0027487054,-0.003569166,-0.0013856097,0.006143961,-0.002726836,0.009951789
EFHD1,-0.00091342634,-0.002195106,-0.0013761553,0.39414644,-0.0058202385,0.14103237,-0.0074867513,-0.003928487,0.36778557,-0.004890913,-0.0027487054,-0.003569166,-0.0013856097,0.006143961,-0.002726836,0.009951789
EFNA5,-0.00091342634,-0.002195106,-0.0013761553,0.39414644,-0.0058202385,0.14103237,-0.0074867513,-0.003928487,0.36778557,-0.004890913,-0.0027487054,-0.003569166,-0.0013856097,0.006143961,-0.002726836,0.009951789
EIF1B-AS1,-0.00091342634,-0.002195106,-0.0013761553,0.39414644,-0.0058202385,0.14103237,-0.0074867513,-0.003928487,0.36778557,-0.004890913,-0.0027487054,-0.003569166,-0.0013856097,0.006143961,-0.002726836,0.009951789
EIF2AK3-DT,-0.00091342634,-0.002195106,-0.0013761553,0.39414644,-0.0058202385,0.14103237,-0.0074867513,-0.003928487,0.36778557,-0.004890913,-0.0027487054,-0.003569166,-0.0013856097,0.006143961,-0.002726836,0.009951789
EIF3J-DT,-0.00091342634,-0.002195106,-0.0013761553,0.39414644,-0.0058202385,0.14103237,-0.0074867513,-0.003928487,0.36778557,-0.004890913,-0.0027487054,-0.003569166,-0.0013856097,0.006143961,-0.002726836,0.009951789
ELOVL2-AS1,-0.00089599687,-0.0021817165,-0.0013640422,0.3956078,-0.005809909,0.14328994,-0.0074903523,-0.0039212154,0.36577544,-0.0048855417,-0.0027356779,-0.0035886306,-0.0013670613,0.0050398745,-0.0027420844,0.008148123
ELP1,-0.00091276143,-0.0022047418,-0.001371651,0.3952939,-0.005808187,0.14232913,-0.0074750525,-0.0039420263,0.36733,-0.004885167,-0.0027369792,-0.0035663354,-0.0013890138,0.005412314,-0.0027191022,0.009295601
EML2,-0.0009142058,-0.002186705,-0.0013598707,0.39290014,-0.0058337995,0.14306054,-0.007491745,-0.0039068363,0.3682323,-0.0048857457,-0.002762885,-0.0035619864,-0.0013902433,0.006042216,-0.0027224051,0.010996906
EML5,-0.00091342634,-0.002195106,-0.0013761553,0.39414644,-0.0058202385,0.14103237,-0.0074867513,-0.003928487,0.36778557,-0.004890913,-0.0027487054,-0.003569166,-0.0013856097,0.006143961,-0.002726836,0.009951789
ENGASE,-0.00091342634,-0.002195106,-0.0013761553,0.39414644,-0.0058202385,0.14103237,-0.0074867513,-0.003928487,0.36778557,-0.004890913,-0.0027487054,-0.003569166,-0.0013856097,0.006143961,-0.002726836,0.009951789
ENO1-AS1,-5.6579036e-05,-0.00028068255,-0.0013211253,0.5283586,-0.0043613594,0.10326435,-0.005304129,-0.0023585195,0.32367596,-0.003354221,-0.002653861,-0.0035238382,-0.0006161558,-0.00013301474,-0.004195477,-0.0013739844
ENO2,-0.00091342634,-0.002195106,-0.0013761553,0.39414644,-0.0058202385,0.14103237,-0.0074867513,-0.003928487,0.36778557,-0.004890913,-0.0027487054,-0.003569166,-0.0013856097,0.006143961,-0.002726836,0.009951789
ENOSF1,-0.00086441595,-0.0028406384,-0.0010677336,0.37992454,-0.005086591,0.08470695,-0.008053311,-0.0033482867,0.32018548,-0.0051707034,-0.0025655418,-0.0033271585,-0.00065393106,0.09621994,-0.002822984,0.008895863
ENPP1,-5.6579036e-05,-0.00028068255,-0.0013211253,0.5283586,-0.0043613594,0.10326435,-0.005304129,-0.0023585195,0.32367596,-0.003354221,-0.002653861,-0.0035238382,-0.0006161558,-0.00013301474,-0.004195477,-0.0013739844
EOMES,-0.0009140671,-0.0021939895,-0.0013749185,0.39428762,-0.0058176136,0.14102119,-0.0074816546,-0.003925171,0.3674571,-0.0048859334,-0.002746772,-0.0035676844,-0.001384474,0.0062078983,-0.0027303956,0.009725915
EPB41L5,-0.00091342634,-0.002195106,-0.0013761553,0.39414644,-0.0058202385,0.14103237,-0.0074867513,-0.003928487,0.36778557,-0.004890913,-0.0027487054,-0.003569166,-0.0013856097,0.006143961,-0.002726836,0.009951789
EPHA1-AS1,-0.00091342634,-0.002195106,-0.0013761553,0.39414644,-0.0058202385,0.14103237,-0.0074867513,-0.003928487,0.36778557,-0.004890913,-0.0027487054,-0.003569166,-0.0013856097,0.006143961,-0.002726836,0.009951789
EPHA4,-0.00091342634,-0.002195106,-0.0013761553,0.39414644,-0.0058202385,0.14103237,-0.0074867513,-0.003928487,0.36778557,-0.004890913,-0.0027487054,-0.003569166,-0.0013856097,0.006143961,-0.002726836,0.009951789
EPHA6,-0.0009114101,-0.002189941,-0.0013778271,0.39364886,-0.005819851,0.14098313,-0.0074878526,-0.003921317,0.3674783,-0.004897678,-0.002750793,-0.0035762459,-0.0013838566,0.0061594285,-0.0027323263,0.010082323
EPHA7,-0.00091342634,-0.002195106,-0.0013761553,0.39414644,-0.0058202385,0.14103237,-0.0074867513,-0.003928487,0.36778557,-0.004890913,-0.0027487054,-0.003569166,-0.0013856097,0.006143961,-0.002726836,0.009951789
EPHX2,-0.00091342634,-0.002195106,-0.0013761553,0.39414644,-0.0058202385,0.14103237,-0.0074867513,-0.003928487,0.36778557,-0.004890913,-0.0027487054,-0.003569166,-0.0013856097,0.006143961,-0.002726836,0.009951789
ERAP2,-0.00091342634,-0.002195106,-0.0013761553,0.39414644,-0.0058202385,0.14103237,-0.0074867513,-0.003928487,0.36778557,-0.004890913,-0.0027487054,-0.003569166,-0.0013856097,0.006143961,-0.002726836,0.009951789
ERBB2,-0.00091342634,-0.002195106,-0.0013761553,0.39414644,-0.0058202385,0.14103237,-0.0074867513,-0.003928487,0.36778557,-0.004890913,-0.0027487054,-0.003569166,-0.0013856097,0.006143961,-0.002726836,0.009951789
ERCC5,-0.00091342634,-0.002195106,-0.0013761553,0.39414644,-0.0058202385,0.14103237,-0.0074867513,-0.003928487,0.36778557,-0.004890913,-0.0027487054,-0.003569166,-0.0013856097,0.006143961,-0.002726836,0.009951789
ERCC6L,-0.00091049826,-0.0022058145,-0.0013627874,0.39363855,-0.005806047,0.14219266,-0.0074937646,-0.00393507,0.36650893,-0.004880987,-0.0027573556,-0.003571102,-0.0013939275,0.0068475045,-0.0027215001,0.008486409
EREG,-0.00091862923,-0.002184325,-0.0013677159,0.39408308,-0.005820053,0.14102049,-0.007497943,-0.003925711,0.3681443,-0.004899566,-0.0027374309,-0.0035677014,-0.001379017,0.0056503154,-0.0027175313,0.008917589
ERFE,-0.00091342634,-0.002195106,-0.0013761553,0.39414644,-0.0058202385,0.14103237,-0.0074867513,-0.003928487,0.36778557,-0.004890913,-0.0027487054,-0.003569166,-0.0013856097,0.006143961,-0.002726836,0.009951789
ERICH6-AS1,-0.00091342634,-0.002195106,-0.0013761553,0.39414644,-0.0058202385,0.14103237,-0.0074867513,-0.003928487,0.36778557,-0.004890913,-0.0027487054,-0.003569166,-0.0013856097,0.006143961,-0.002726836,0.009951789
ERLEC1,-0.00091342634,-0.002195106,-0.0013761553,0.39414644,-0.0058202385,0.14103237,-0.0074867513,-0.003928487,0.36778557,-0.004890913,-0.0027487054,-0.003569166,-0.0013856097,0.006143961,-0.002726836,0.009951789
ERP27,-0.00091342634,-0.002195106,-0.0013761553,0.39414644,-0.0058202385,0.14103237,-0.0074867513,-0.003928487,0.36778557,-0.004890913,-0.0027487054,-0.003569166,-0.0013856097,0.006143961,-0.002726836,0.009951789
ESR2,-0.0008406103,-0.002477776,-0.0012081637,0.3742387,-0.005844556,0.14381671,-0.008133359,-0.0045584124,0.3903407,-0.0054877964,-0.0028720384,-0.003799392,-0.0014232948,0.02237432,-0.0022577238,0.062912844
ETFBKMT,-0.0008068117,-0.0024243607,-0.0006480862,0.40347397,-0.0054449267,0.21855581,-0.006522894,-0.003586409,0.33322683,-0.0041442597,-0.0022412648,-0.0033418403,-0.0012516238,-0.0005681758,-0.0018777698,0.009755332
ETNPPL,-0.0006299046,-0.00086990505,-0.0021812813,0.38032544,-0.0053263893,0.19931287,-0.007627409,-0.004911868,0.33531487,-0.0053343954,-0.0012606112,-0.004592328,-0.0023549108,-0.0008438031,-0.0013815283,0.040636156
EVA1C,0.01529941,-0.0029777747,-0.002779127,0.12968703,-0.0081769675,0.064344466,-0.006527795,-0.0014904777,0.49352762,-0.0029705588,-0.0032849973,-0.0012937884,-0.0011492718,-0.00037872704,0.013717353,0.05942204
EWSAT1,-0.00091342634,-0.002195106,-0.0013761553,0.39414644,-0.0058202385,0.14103237,-0.0074867513,-0.003928487,0.36778557,-0.004890913,-0.0027487054,-0.003569166,-0.0013856097,0.006143961,-0.002726836,0.009951789
EXPH5,-0.00091342634,-0.002195106,-0.0013761553,0.39414644,-0.0058202385,0.14103237,-0.0074867513,-0.003928487,0.36778557,-0.004890913,-0.0027487054,-0.003569166,-0.0013856097,0.006143961,-0.002726836,0.009951789
EZR-AS1,-0.00091342634,-0.002195106,-0.0013761553,0.39414644,-0.0058202385,0.14103237,-0.0074867513,-0.003928487,0.36778557,-0.004890913,-0.0027487054,-0.003569166,-0.0013856097,0.006143961,-0.002726836,0.009951789
F12,-0.00091342634,-0.002195106,-0.0013761553,0.39414644,-0.0058202385,0.14103237,-0.0074867513,-0.003928487,0.36778557,-0.004890913,-0.0027487054,-0.003569166,-0.0013856097,0.006143961,-0.002726836,0.009951789
F2R,-0.00091342634,-0.002195106,-0.0013761553,0.39414644,-0.0058202385,0.14103237,-0.0074867513,-0.003928487,0.36778557,-0.004890913,-0.0027487054,-0.003569166,-0.0013856097,0.006143961,-0.002726836,0.009951789
FAAH2,0.01529941,-0.0029777747,-0.002779127,0.12968703,-0.0081769675,0.064344466,-0.006527795,-0.0014904777,0.49352762,-0.0029705588,-0.0032849973,-0.0012937884,-0.0011492718,-0.00037872704,0.013717353,0.05942204
FAAP100,-0.0014318001,-0.0022786153,-0.0018577307,0.45017463,-0.0062076687,0.14975047,-0.0076045166,-0.0033568603,0.33233684,-0.0046963654,-0.0023686404,-0.0032848548,-0.0010774499,-0.00040442185,-0.0030894058,-0.0005346208
FAAP24,-0.000718592,-0.0018553152,-0.001457101,0.36935872,-0.006166541,0.13928689,-0.007864341,-0.003507151,0.39083177,-0.004659562,-0.0027110092,-0.0037803203,-0.0014510897,0.005409796,-0.002786414,0.018000117
FABP12,-0.0009134316,-0.0021951061,-0.0013761601,0.3941459,-0.0058202487,0.14103328,-0.007486755,-0.003928487,0.36778578,-0.004890906,-0.002748698,-0.0035691732,-0.0013856145,0.0061440207,-0.0027268294,0.009951342
FADS3,-0.00091342634,-0.002195106,-0.0013761553,0.39414644,-0.0058202385,0.14103237,-0.0074867513,-0.003928487,0.36778557,-0.004890913,-0.0027487054,-0.003569166,-0.0013856097,0.006143961,-0.002726836,0.009951789
FAHD2B,-0.00091342634,-0.002195106,-0.0013761553,0.39414644,-0.0058202385,0.14103237,-0.0074867513,-0.003928487,0.36778557,-0.004890913,-0.0027487054,-0.003569166,-0.0013856097,0.006143961,-0.002726836,0.009951789
FALEC,-0.00091342634,-0.002195106,-0.0013761553,0.39414644,-0.0058202385,0.14103237,-0.0074867513,-0.003928487,0.36778557,-0.004890913,-0.0027487054,-0.003569166,-0.0013856097,0.006143961,-0.002726836,0.009951789
FAM110D,-0.00088990096,-0.0016303355,-0.0012965231,0.40575373,-0.0038952865,0.15146111,-0.00510286,-0.006077687,0.1332844,-0.0030100376,-0.00068197056,-0.002717577,-6.387189e-05,0.16581057,-0.0036675644,0.06364943
FAM161B,-0.00091342634,-0.002195106,-0.0013761553,0.39414644,-0.0058202385,0.14103237,-0.0074867513,-0.003928487,0.36778557,-0.004890913,-0.0027487054,-0.003569166,-0.0013856097,0.006143961,-0.002726836,0.009951789
FAM166B,-0.00091342634,-0.002195106,-0.0013761553,0.39414644,-0.0058202385,0.14103237,-0.0074867513,-0.003928487,0.36778557,-0.004890913,-0.0027487054,-0.003569166,-0.0013856097,0.006143961,-0.002726836,0.009951789
FAM166C,-0.00091342634,-0.002195106,-0.0013761553,0.39414644,-0.0058202385,0.14103237,-0.0074867513,-0.003928487,0.36778557,-0.004890913,-0.0027487054,-0.003569166,-0.0013856097,0.006143961,-0.002726836,0.009951789
FAM170B,-0.00091342634,-0.002195106,-0.0013761553,0.39414644,-0.0058202385,0.14103237,-0.0074867513,-0.003928487,0.36778557,-0.004890913,-0.0027487054,-0.003569166,-0.0013856097,0.006143961,-0.002726836,0.009951789
FAM182A,-0.00091342634,-0.002195106,-0.0013761553,0.39414644,-0.0058202385,0.14103237,-0.0074867513,-0.003928487,0.36778557,-0.004890913,-0.0027487054,-0.003569166,-0.0013856097,0.006143961,-0.002726836,0.009951789
FAM184A,-0.000914207,-0.0021984258,-0.0013765057,0.39461032,-0.0058250693,0.14080408,-0.0074897753,-0.0039233183,0.3682507,-0.0048899953,-0.0027510324,-0.003567925,-0.0013869992,0.0059067793,-0.0027256778,0.010150332
FAM185A,-0.00091342634,-0.002195106,-0.0013761553,0.39414644,-0.0058202385,0.14103237,-0.0074867513,-0.003928487,0.36778557,-0.004890913,-0.0027487054,-0.003569166,-0.0013856097,0.006143961,-0.002726836,0.009951789
FAM222B,-0.00091342634,-0.002195106,-0.0013761553,0.39414644,-0.0058202385,0.14103237,-0.0074867513,-0.003928487,0.36778557,-0.004890913,-0.0027487054,-0.003569166,-0.0013856097,0.006143961,-0.002726836,0.009951789
FAM227B,-0.00091862923,-0.002184325,-0.0013677159,0.39408308,-0.005820053,0.14102049,-0.007497943,-0.003925711,0.3681443,-0.004899566,-0.0027374309,-0.0035677014,-0.001379017,0.0056503154,-0.0027175313,0.008917589
FAM43A,-0.00091342634,-0.002195106,-0.0013761553,0.39414644,-0.0058202385,0.14103237,-0.0074867513,-0.003928487,0.36778557,-0.004890913,-0.0027487054,-0.003569166,-0.0013856097,0.006143961,-0.002726836,0.009951789
FAM83D,-0.00090771663,-0.002188174,-0.0013804153,0.39317083,-0.0058321594,0.14202403,-0.0074782907,-0.0039347513,0.36797678,-0.0048902864,-0.0027565043,-0.0035701704,-0.0013750436,0.005133096,-0.0027345177,0.008900557
FAM86B2,-0.0023729303,-0.003422901,0.020272553,0.21368319,-0.004244879,0.13477245,-0.0059964526,-0.0022090098,0.2692378,-0.0042093843,-0.0045897705,-0.0017857387,-0.0032940859,0.10665566,-0.0036105216,0.17494681
FANK1,-0.00091378647,-0.0021970277,-0.0013782722,0.39412314,-0.005820528,0.14106952,-0.0074844663,-0.0039293924,0.36785668,-0.004888715,-0.0027467292,-0.0035714072,-0.0013842476,0.0061832257,-0.0027291193,0.009709898
FASLG,-0.00071925693,-0.0018456789,-0.0014616052,0.36821127,-0.0061785923,0.13799013,-0.00787604,-0.0034936117,0.39128733,-0.0046653086,-0.0027227357,-0.0037831508,-0.0014476858,0.006141443,-0.002794148,0.018656304
FAT4,-0.00091276143,-0.0022047418,-0.001371651,0.3952939,-0.005808187,0.14232913,-0.0074750525,-0.0039420263,0.36733,-0.004885167,-0.0027369792,-0.0035663354,-0.0013890138,0.005412314,-0.0027191022,0.009295601
FBF1,-0.00091342634,-0.002195106,-0.0013761553,0.39414644,-0.0058202385,0.14103237,-0.0074867513,-0.003928487,0.36778557,-0.004890913,-0.0027487054,-0.003569166,-0.0013856097,0.006143961,-0.002726836,0.009951789
FBXO16,-0.00091342634,-0.002195106,-0.0013761553,0.39414644,-0.0058202385,0.14103237,-0.0074867513,-0.003928487,0.36778557,-0.004890913,-0.0027487054,-0.003569166,-0.0013856097,0.006143961,-0.002726836,0.009951789
FBXO32,-0.00091276143,-0.0022047418,-0.001371651,0.3952939,-0.005808187,0.14232913,-0.0074750525,-0.0039420263,0.36733,-0.004885167,-0.0027369792,-0.0035663354,-0.0013890138,0.005412314,-0.0027191022,0.009295601
FBXW4,-0.0009083604,-0.002190757,-0.0013776293,0.394368,-0.005814905,0.14094813,-0.007490289,-0.0039329003,0.36830753,-0.00489255,-0.0027420842,-0.0035757893,-0.0013899484,0.0055775978,-0.0027264,0.009774033
FBXW5,-0.00091342634,-0.002195106,-0.0013761553,0.39414644,-0.0058202385,0.14103237,-0.0074867513,-0.003928487,0.36778557,-0.004890913,-0.0027487054,-0.003569166,-0.0013856097,0.006143961,-0.002726836,0.009951789
FCER1A,0.01529941,-0.0029777747,-0.002779127,0.12968703,-0.0081769675,0.064344466,-0.006527795,-0.0014904777,0.49352762,-0.0029705588,-0.0032849973,-0.0012937884,-0.0011492718,-0.00037872704,0.013717353,0.05942204
FCER2,-0.00091342634,-0.002195106,-0.0013761553,0.39414644,-0.0058202385,0.14103237,-0.0074867513,-0.003928487,0.36778557,-0.004890913,-0.0027487054,-0.003569166,-0.0013856097,0.006143961,-0.002726836,0.009951789
FCF1,-0.00091342634,-0.002195106,-0.0013761553,0.39414644,-0.0058202385,0.14103237,-0.0074867513,-0.003928487,0.36778557,-0.004890913,-0.0027487054,-0.003569166,-0.0013856097,0.006143961,-0.002726836,0.009951789
FCGR3A,-0.00091342634,-0.002195106,-0.0013761553,0.39414644,-0.0058202385,0.14103237,-0.0074867513,-0.003928487,0.36778557,-0.004890913,-0.0027487054,-0.003569166,-0.0013856097,0.006143961,-0.002726836,0.009951789
FCMR,-0.00091342634,-0.002195106,-0.0013761553,0.39414644,-0.0058202385,0.14103237,-0.0074867513,-0.003928487,0.36778557,-0.004890913,-0.0027487054,-0.003569166,-0.0013856097,0.006143961,-0.002726836,0.009951789
FCN1,-0.00091342634,-0.002195106,-0.0013761553,0.39414644,-0.0058202385,0.14103237,-0.0074867513,-0.003928487,0.36778557,-0.004890913,-0.0027487054,-0.003569166,-0.0013856097,0.006143961,-0.002726836,0.009951789
FCRL1,-0.0009114101,-0.002189941,-0.0013778271,0.39364886,-0.005819851,0.14098313,-0.0074878526,-0.003921317,0.3674783,-0.004897678,-0.002750793,-0.0035762459,-0.0013838566,0.0061594285,-0.0027323263,0.010082323
FCRL3,-0.00091342634,-0.002195106,-0.0013761553,0.39414644,-0.0058202385,0.14103237,-0.0074867513,-0.003928487,0.36778557,-0.004890913,-0.0027487054,-0.003569166,-0.0013856097,0.006143961,-0.002726836,0.009951789
FCRL6,-0.00091342634,-0.002195106,-0.0013761553,0.39414644,-0.0058202385,0.14103237,-0.0074867513,-0.003928487,0.36778557,-0.004890913,-0.0027487054,-0.003569166,-0.0013856097,0.006143961,-0.002726836,0.009951789
FGF5,-0.00090771663,-0.002188174,-0.0013804153,0.39317083,-0.0058321594,0.14202403,-0.0074782907,-0.0039347513,0.36797678,-0.0048902864,-0.0027565043,-0.0035701704,-0.0013750436,0.005133096,-0.0027345177,0.008900557
FGF9,-0.00091342634,-0.002195106,-0.0013761553,0.39414644,-0.0058202385,0.14103237,-0.0074867513,-0.003928487,0.36778557,-0.004890913,-0.0027487054,-0.003569166,-0.0013856097,0.006143961,-0.002726836,0.009951789
FGFBP2,-0.00088990096,-0.0016303355,-0.0012965231,0.40575373,-0.0038952865,0.15146111,-0.00510286,-0.006077687,0.1332844,-0.0030100376,-0.00068197056,-0.002717577,-6.387189e-05,0.16581057,-0.0036675644,0.06364943
FGFBP3,-0.0009082048,-0.002194612,-0.0013696823,0.39287388,-0.005827985,0.1409599,-0.007477914,-0.003933105,0.3667086,-0.0049039084,-0.0027468388,-0.0035757017,-0.0013801361,0.006160978,-0.0027209988,0.01049595
FHIT,-0.0006299046,-0.00086990505,-0.0021812813,0.38032544,-0.0053263893,0.19931287,-0.007627409,-0.004911868,0.33531487,-0.0053343954,-0.0012606112,-0.004592328,-0.0023549108,-0.0008438031,-0.0013815283,0.040636156
FIBCD1,-0.00091342634,-0.002195106,-0.0013761553,0.39414644,-0.0058202385,0.14103237,-0.0074867513,-0.003928487,0.36778557,-0.004890913,-0.0027487054,-0.003569166,-0.0013856097,0.006143961,-0.002726836,0.009951789
FILIP1L,-0.00091342634,-0.002195106,-0.0013761553,0.39414644,-0.0058202385,0.14103237,-0.0074867513,-0.003928487,0.36778557,-0.004890913,-0.0027487054,-0.003569166,-0.0013856097,0.006143961,-0.002726836,0.009951789
FKBP11,-0.00091342634,-0.002195106,-0.0013761553,0.39414644,-0.0058202385,0.14103237,-0.0074867513,-0.003928487,0.36778557,-0.004890913,-0.0027487054,-0.003569166,-0.0013856097,0.006143961,-0.002726836,0.009951789
FLG-AS1,-0.00091342634,-0.002195106,-0.0013761553,0.39414644,-0.0058202385,0.14103237,-0.0074867513,-0.003928487,0.36778557,-0.004890913,-0.0027487054,-0.003569166,-0.0013856097,0.006143961,-0.002726836,0.009951789
FLNB,-0.0009098672,-0.00219161,-0.0013707265,0.39382136,-0.005827534,0.14246072,-0.0074932175,-0.003914781,0.3680889,-0.0048958748,-0.0027619717,-0.003560803,-0.0013885718,0.005742822,-0.0027221176,0.010556448
FLNC-AS1,-0.00089599687,-0.0021817165,-0.0013640422,0.3956078,-0.005809909,0.14328994,-0.0074903523,-0.0039212154,0.36577544,-0.0048855417,-0.0027356779,-0.0035886306,-0.0013670613,0.0050398745,-0.0027420844,0.008148123
FLT3LG,-0.00090771663,-0.002188174,-0.0013804153,0.39317083,-0.0058321594,0.14202403,-0.0074782907,-0.0039347513,0.36797678,-0.0048902864,-0.0027565043,-0.0035701704,-0.0013750436,0.005133096,-0.0027345177,0.008900557
FLT4,-0.00091342634,-0.002195106,-0.0013761553,0.39414644,-0.0058202385,0.14103237,-0.0074867513,-0.003928487,0.36778557,-0.004890913,-0.0027487054,-0.003569166,-0.0013856097,0.006143961,-0.002726836,0.009951789
FLYWCH1,-0.00091342634,-0.002195106,-0.0013761553,0.39414644,-0.0058202385,0.14103237,-0.0074867513,-0.003928487,0.36778557,-0.004890913,-0.0027487054,-0.003569166,-0.0013856097,0.006143961,-0.002726836,0.009951789
FMR1-AS1,-0.00091342634,-0.002195106,-0.0013761553,0.39414644,-0.0058202385,0.14103237,-0.0074867513,-0.003928487,0.36778557,-0.004890913,-0.0027487054,-0.003569166,-0.0013856097,0.006143961,-0.002726836,0.009951789
FOCAD,-0.00091342634,-0.002195106,-0.0013761553,0.39414644,-0.0058202385,0.14103237,-0.0074867513,-0.003928487,0.36778557,-0.004890913,-0.0027487054,-0.003569166,-0.0013856097,0.006143961,-0.002726836,0.009951789
FOXB1,-0.00091342634,-0.002195106,-0.0013761553,0.39414644,-0.0058202385,0.14103237,-0.0074867513,-0.003928487,0.36778557,-0.004890913,-0.0027487054,-0.003569166,-0.0013856097,0.006143961,-0.002726836,0.009951789
FOXC1,-0.00091342634,-0.002195106,-0.0013761553,0.39414644,-0.0058202385,0.14103237,-0.0074867513,-0.003928487,0.36778557,-0.004890913,-0.0027487054,-0.003569166,-0.0013856097,0.006143961,-0.002726836,0.009951789
FOXD2,-0.00091049826,-0.0022058145,-0.0013627874,0.39363855,-0.005806047,0.14219266,-0.0074937646,-0.00393507,0.36650893,-0.004880987,-0.0027573556,-0.003571102,-0.0013939275,0.0068475045,-0.0027215001,0.008486409
FOXJ1,-0.00091342634,-0.002195106,-0.0013761553,0.39414644,-0.0058202385,0.14103237,-0.0074867513,-0.003928487,0.36778557,-0.004890913,-0.0027487054,-0.003569166,-0.0013856097,0.006143961,-0.002726836,0.009951789
FOXP4-AS1,-0.00091342634,-0.002195106,-0.0013761553,0.39414644,-0.0058202385,0.14103237,-0.0074867513,-0.003928487,0.36778557,-0.004890913,-0.0027487054,-0.003569166,-0.0013856097,0.006143961,-0.002726836,0.009951789
FOXRED2,-0.00091342634,-0.002195106,-0.0013761553,0.39414644,-0.0058202385,0.14103237,-0.0074867513,-0.003928487,0.36778557,-0.004890913,-0.0027487054,-0.003569166,-0.0013856097,0.006143961,-0.002726836,0.009951789
FRG1-DT,-0.0006299046,-0.00086990505,-0.0021812813,0.38032544,-0.0053263893,0.19931287,-0.007627409,-0.004911868,0.33531487,-0.0053343954,-0.0012606112,-0.004592328,-0.0023549108,-0.0008438031,-0.0013815283,0.040636156
FRMD6-AS2,-0.00091049826,-0.0022058145,-0.0013627874,0.39363855,-0.005806047,0.14219266,-0.0074937646,-0.00393507,0.36650893,-0.004880987,-0.0027573556,-0.003571102,-0.0013939275,0.0068475045,-0.0027215001,0.008486409
FXYD1,-0.00091342634,-0.002195106,-0.0013761553,0.39414644,-0.0058202385,0.14103237,-0.0074867513,-0.003928487,0.36778557,-0.004890913,-0.0027487054,-0.003569166,-0.0013856097,0.006143961,-0.002726836,0.009951789
FZD4-DT,-0.00091342634,-0.002195106,-0.0013761553,0.39414644,-0.0058202385,0.14103237,-0.0074867513,-0.003928487,0.36778557,-0.004890913,-0.0027487054,-0.003569166,-0.0013856097,0.006143961,-0.002726836,0.009951789
G0S2,-0.00091342634,-0.002195106,-0.0013761553,0.39414644,-0.0058202385,0.14103237,-0.0074867513,-0.003928487,0.36778557,-0.004890913,-0.0027487054,-0.003569166,-0.0013856097,0.006143961,-0.002726836,0.009951789
GAB2,-0.00091342634,-0.002195106,-0.0013761553,0.39414644,-0.0058202385,0.14103237,-0.0074867513,-0.003928487,0.36778557,-0.004890913,-0.0027487054,-0.003569166,-0.0013856097,0.006143961,-0.002726836,0.009951789
GABPB2,-0.00071925693,-0.0018456789,-0.0014616052,0.36821127,-0.0061785923,0.13799013,-0.00787604,-0.0034936117,0.39128733,-0.0046653086,-0.0027227357,-0.0037831508,-0.0014476858,0.006141443,-0.002794148,0.018656304
GADD45A,-0.00091342634,-0.002195106,-0.0013761553,0.39414644,-0.0058202385,0.14103237,-0.0074867513,-0.003928487,0.36778557,-0.004890913,-0.0027487054,-0.003569166,-0.0013856097,0.006143961,-0.002726836,0.009951789
GALM,-0.00091342634,-0.002195106,-0.0013761553,0.39414644,-0.0058202385,0.14103237,-0.0074867513,-0.003928487,0.36778557,-0.004890913,-0.0027487054,-0.003569166,-0.0013856097,0.006143961,-0.002726836,0.009951789
GALNT12,-0.00091342634,-0.002195106,-0.0013761553,0.39414644,-0.0058202385,0.14103237,-0.0074867513,-0.003928487,0.36778557,-0.004890913,-0.0027487054,-0.003569166,-0.0013856097,0.006143961,-0.002726836,0.009951789
GALNTL5,-0.00091342634,-0.002195106,-0.0013761553,0.39414644,-0.0058202385,0.14103237,-0.0074867513,-0.003928487,0.36778557,-0.004890913,-0.0027487054,-0.003569166,-0.0013856097,0.006143961,-0.002726836,0.009951789
GALNTL6,-0.00091342634,-0.002195106,-0.0013761553,0.39414644,-0.0058202385,0.14103237,-0.0074867513,-0.003928487,0.36778557,-0.004890913,-0.0027487054,-0.003569166,-0.0013856097,0.006143961,-0.002726836,0.009951789
GAS2,-0.00090771663,-0.002188174,-0.0013804153,0.39317083,-0.0058321594,0.14202403,-0.0074782907,-0.0039347513,0.36797678,-0.0048902864,-0.0027565043,-0.0035701704,-0.0013750436,0.005133096,-0.0027345177,0.008900557
GAS8,-8.560076e-05,-0.0014242387,-0.0021895121,0.4376525,-0.0050953436,0.16704933,-0.007072227,-0.0036565338,0.39033255,-0.005482762,-0.002625306,-0.0033882612,-0.00043797973,-0.00040265324,-0.0020461916,-0.00060364936
GASK1A,0.017651945,-0.002413004,-0.0026994948,0.14129426,-0.0062520173,0.07477322,-0.0041439016,-0.0036396778,0.25902644,-0.0010896818,-0.0012182625,-0.0004421994,0.017246602,0.121793896,-0.00080355466,0.11311966
GATA3,-0.0009036862,-0.0021974426,-0.001389099,0.39511976,-0.0058364472,0.14070731,-0.007514526,-0.0039417744,0.3699635,-0.004920072,-0.0027552866,-0.0035834734,-0.0013752449,0.00565058,-0.0027159369,0.008834302
GBP5,-0.00091342634,-0.002195106,-0.0013761553,0.39414644,-0.0058202385,0.14103237,-0.0074867513,-0.003928487,0.36778557,-0.004890913,-0.0027487054,-0.003569166,-0.0013856097,0.006143961,-0.002726836,0.009951789
GBX1,0.01529941,-0.0029777747,-0.002779127,0.12968703,-0.0081769675,0.064344466,-0.006527795,-0.0014904777,0.49352762,-0.0029705588,-0.0032849973,-0.0012937884,-0.0011492718,-0.00037872704,0.013717353,0.05942204
GCG,-0.00091342634,-0.002195106,-0.0013761553,0.39414644,-0.0058202385,0.14103237,-0.0074867513,-0.003928487,0.36778557,-0.004890913,-0.0027487054,-0.003569166,-0.0013856097,0.006143961,-0.002726836,0.009951789
GCK,-0.00091342634,-0.002195106,-0.0013761553,0.39414644,-0.0058202385,0.14103237,-0.0074867513,-0.003928487,0.36778557,-0.004890913,-0.0027487054,-0.003569166,-0.0013856097,0.006143961,-0.002726836,0.009951789
GCNT4,-0.00091342634,-0.002195106,-0.0013761553,0.39414644,-0.0058202385,0.14103237,-0.0074867513,-0.003928487,0.36778557,-0.004890913,-0.0027487054,-0.003569166,-0.0013856097,0.006143961,-0.002726836,0.009951789
GDF15,-0.00091342634,-0.002195106,-0.0013761553,0.39414644,-0.0058202385,0.14103237,-0.0074867513,-0.003928487,0.36778557,-0.004890913,-0.0027487054,-0.003569166,-0.0013856097,0.006143961,-0.002726836,0.009951789
GDPD5,-0.00091342634,-0.002195106,-0.0013761553,0.39414644,-0.0058202385,0.14103237,-0.0074867513,-0.003928487,0.36778557,-0.004890913,-0.0027487054,-0.003569166,-0.0013856097,0.006143961,-0.002726836,0.009951789
GEM,-0.00091342634,-0.002195106,-0.0013761553,0.39414644,-0.0058202385,0.14103237,-0.0074867513,-0.003928487,0.36778557,-0.004890913,-0.0027487054,-0.003569166,-0.0013856097,0.006143961,-0.002726836,0.009951789
GFOD1-AS1,-0.00091342634,-0.002195106,-0.0013761553,0.39414644,-0.0058202385,0.14103237,-0.0074867513,-0.003928487,0.36778557,-0.004890913,-0.0027487054,-0.003569166,-0.0013856097,0.006143961,-0.002726836,0.009951789
GFPT2,-0.00091342634,-0.002195106,-0.0013761553,0.39414644,-0.0058202385,0.14103237,-0.0074867513,-0.003928487,0.36778557,-0.004890913,-0.0027487054,-0.003569166,-0.0013856097,0.006143961,-0.002726836,0.009951789
GFRA3,-0.00091342634,-0.002195106,-0.0013761553,0.39414644,-0.0058202385,0.14103237,-0.0074867513,-0.003928487,0.36778557,-0.004890913,-0.0027487054,-0.003569166,-0.0013856097,0.006143961,-0.002726836,0.009951789
GIMAP5,-0.00091342634,-0.002195106,-0.0013761553,0.39414644,-0.0058202385,0.14103237,-0.0074867513,-0.003928487,0.36778557,-0.004890913,-0.0027487054,-0.003569166,-0.0013856097,0.006143961,-0.002726836,0.009951789
GIPR,-0.00091342634,-0.002195106,-0.0013761553,0.39414644,-0.0058202385,0.14103237,-0.0074867513,-0.003928487,0.36778557,-0.004890913,-0.0027487054,-0.003569166,-0.0013856097,0.006143961,-0.002726836,0.009951789
GJA3,-0.00091342634,-0.002195106,-0.0013761553,0.39414644,-0.0058202385,0.14103237,-0.0074867513,-0.003928487,0.36778557,-0.004890913,-0.0027487054,-0.003569166,-0.0013856097,0.006143961,-0.002726836,0.009951789
GJC3,-0.00091342634,-0.002195106,-0.0013761553,0.39414644,-0.0058202385,0.14103237,-0.0074867513,-0.003928487,0.36778557,-0.004890913,-0.0027487054,-0.003569166,-0.0013856097,0.006143961,-0.002726836,0.009951789
GLB1L3,-0.0009105576,-0.0021917277,-0.0013742306,0.39412886,-0.005822493,0.14149454,-0.007486565,-0.003924513,0.36772466,-0.004891471,-0.0027515104,-0.0035692083,-0.001383459,0.0062281825,-0.0027287782,0.009653378
GLI4,-0.00091342634,-0.002195106,-0.0013761553,0.39414644,-0.0058202385,0.14103237,-0.0074867513,-0.003928487,0.36778557,-0.004890913,-0.0027487054,-0.003569166,-0.0013856097,0.006143961,-0.002726836,0.009951789
GLIPR1L2,-0.00091342634,-0.002195106,-0.0013761553,0.39414644,-0.0058202385,0.14103237,-0.0074867513,-0.003928487,0.36778557,-0.004890913,-0.0027487054,-0.003569166,-0.0013856097,0.006143961,-0.002726836,0.009951789
GNAL,-5.6584253e-05,-0.00028068284,-0.0013211301,0.52835804,-0.0043613696,0.103265256,-0.0053041326,-0.0023585195,0.32367617,-0.0033542132,-0.0026538535,-0.0035238452,-0.00061616057,-0.00013301414,-0.00419547,-0.0013739888
GNAS-AS1,-0.00091342634,-0.002195106,-0.0013761553,0.39414644,-0.0058202385,0.14103237,-0.0074867513,-0.003928487,0.36778557,-0.004890913,-0.0027487054,-0.003569166,-0.0013856097,0.006143961,-0.002726836,0.009951789
GNG11,-0.00091342634,-0.002195106,-0.0013761553,0.39414644,-0.0058202385,0.14103237,-0.0074867513,-0.003928487,0.36778557,-0.004890913,-0.0027487054,-0.003569166,-0.0013856097,0.006143961,-0.002726836,0.009951789
GNG3,-0.0009083604,-0.002190757,-0.0013776293,0.394368,-0.005814905,0.14094813,-0.007490289,-0.0039329003,0.36830753,-0.00489255,-0.0027420842,-0.0035757893,-0.0013899484,0.0055775978,-0.0027264,0.009774033
GNG7,-0.00090983335,-0.0022154504,-0.0013582831,0.39478597,-0.0057939957,0.14348942,-0.0074820654,-0.0039486093,0.36605337,-0.004875241,-0.0027456288,-0.0035682714,-0.0013973315,0.0061158575,-0.002713766,0.007830221
GNMT,-0.00085921306,-0.0028514194,-0.0010761732,0.37998796,-0.0050867763,0.08471882,-0.008042119,-0.003351063,0.31982675,-0.0051620514,-0.0025768164,-0.003328623,-0.0006605238,0.09671359,-0.0028322886,0.009930063
GOLGA8A,-0.0008068117,-0.0024243607,-0.0006480862,0.40347397,-0.0054449267,0.21855581,-0.006522894,-0.003586409,0.33322683,-0.0041442597,-0.0022412648,-0.0033418403,-0.0012516238,-0.0005681758,-0.0018777698,0.009755332
GOLGA8B,-0.00091342634,-0.002195106,-0.0013761553,0.39414644,-0.0058202385,0.14103237,-0.0074867513,-0.003928487,0.36778557,-0.004890913,-0.0027487054,-0.003569166,-0.0013856097,0.006143961,-0.002726836,0.009951789
GORAB-AS1,-0.00091342634,-0.002195106,-0.0013761553,0.39414644,-0.0058202385,0.14103237,-0.0074867513,-0.003928487,0.36778557,-0.004890913,-0.0027487054,-0.003569166,-0.0013856097,0.006143961,-0.002726836,0.009951789
GP1BB,-0.0014318001,-0.0022786153,-0.0018577307,0.45017463,-0.0062076687,0.14975047,-0.0076045166,-0.0033568603,0.33233684,-0.0046963654,-0.0023686404,-0.0032848548,-0.0010774499,-0.00040442185,-0.0030894058,-0.0005346208
GP5,-0.00091342634,-0.002195106,-0.0013761553,0.39414644,-0.0058202385,0.14103237,-0.0074867513,-0.003928487,0.36778557,-0.004890913,-0.0027487054,-0.003569166,-0.0013856097,0.006143961,-0.002726836,0.009951789
GPHN,-0.00091342634,-0.002195106,-0.0013761553,0.39414644,-0.0058202385,0.14103237,-0.0074867513,-0.003928487,0.36778557,-0.004890913,-0.0027487054,-0.003569166,-0.0013856097,0.006143961,-0.002726836,0.009951789
GPM6A,-0.00091049826,-0.0022058145,-0.0013627874,0.39363855,-0.005806047,0.14219266,-0.0074937646,-0.00393507,0.36650893,-0.004880987,-0.0027573556,-0.003571102,-0.0013939275,0.0068475045,-0.0027215001,0.008486409
GPR17,-0.00091342634,-0.002195106,-0.0013761553,0.39414644,-0.0058202385,0.14103237,-0.0074867513,-0.003928487,0.36778557,-0.004890913,-0.0027487054,-0.003569166,-0.0013856097,0.006143961,-0.002726836,0.009951789
GPR171,-0.00091342634,-0.002195106,-0.0013761553,0.39414644,-0.0058202385,0.14103237,-0.0074867513,-0.003928487,0.36778557,-0.004890913,-0.0027487054,-0.003569166,-0.0013856097,0.006143961,-0.002726836,0.009951789
GPR174,-0.0007244598,-0.0018348983,-0.0014531658,0.3681479,-0.006178407,0.13797826,-0.007887231,-0.0034908354,0.39164606,-0.004673961,-0.0027114612,-0.0037816863,-0.001441093,0.005647797,-0.0027848433,0.017622104
GPR63,-0.0014318001,-0.0022786153,-0.0018577307,0.45017463,-0.0062076687,0.14975047,-0.0076045166,-0.0033568603,0.33233684,-0.0046963654,-0.0023686404,-0.0032848548,-0.0010774499,-0.00040442185,-0.0030894058,-0.0005346208
GPR65,-0.00091342634,-0.002195106,-0.0013761553,0.39414644,-0.0058202385,0.14103237,-0.0074867513,-0.003928487,0.36778557,-0.004890913,-0.0027487054,-0.003569166,-0.0013856097,0.006143961,-0.002726836,0.009951789
GPR87,-0.00091342634,-0.002195106,-0.0013761553,0.39414644,-0.0058202385,0.14103237,-0.0074867513,-0.003928487,0.36778557,-0.004890913,-0.0027487054,-0.003569166,-0.0013856097,0.006143961,-0.002726836,0.009951789
GPR88,-0.00091342634,-0.002195106,-0.0013761553,0.39414644,-0.0058202385,0.14103237,-0.0074867513,-0.003928487,0.36778557,-0.004890913,-0.0027487054,-0.003569166,-0.0013856097,0.006143961,-0.002726836,0.009951789
GPRACR,-0.00091342634,-0.002195106,-0.0013761553,0.39414644,-0.0058202385,0.14103237,-0.0074867513,-0.003928487,0.36778557,-0.004890913,-0.0027487054,-0.003569166,-0.0013856097,0.006143961,-0.002726836,0.009951789
GRAP2,-0.00091342634,-0.002195106,-0.0013761553,0.39414644,-0.0058202385,0.14103237,-0.0074867513,-0.003928487,0.36778557,-0.004890913,-0.0027487054,-0.003569166,-0.0013856097,0.006143961,-0.002726836,0.009951789
GREM2,-0.00091342634,-0.002195106,-0.0013761553,0.39414644,-0.0058202385,0.14103237,-0.0074867513,-0.003928487,0.36778557,-0.004890913,-0.0027487054,-0.003569166,-0.0013856097,0.006143961,-0.002726836,0.009951789
GRIA4,-0.00091342634,-0.002195106,-0.0013761553,0.39414644,-0.0058202385,0.14103237,-0.0074867513,-0.003928487,0.36778557,-0.004890913,-0.0027487054,-0.003569166,-0.0013856097,0.006143961,-0.002726836,0.009951789
GRIK4,-0.00091342634,-0.002195106,-0.0013761553,0.39414644,-0.0058202385,0.14103237,-0.0074867513,-0.003928487,0.36778557,-0.004890913,-0.0027487054,-0.003569166,-0.0013856097,0.006143961,-0.002726836,0.009951789
GSG1,-0.00091342634,-0.002195106,-0.0013761553,0.39414644,-0.0058202385,0.14103237,-0.0074867513,-0.003928487,0.36778557,-0.004890913,-0.0027487054,-0.003569166,-0.0013856097,0.006143961,-0.002726836,0.009951789
GSTM3,-0.00091342634,-0.002195106,-0.0013761553,0.39414644,-0.0058202385,0.14103237,-0.0074867513,-0.003928487,0.36778557,-0.004890913,-0.0027487054,-0.003569166,-0.0013856097,0.006143961,-0.002726836,0.009951789
GTDC1,-0.00091342634,-0.002195106,-0.0013761553,0.39414644,-0.0058202385,0.14103237,-0.0074867513,-0.003928487,0.36778557,-0.004890913,-0.0027487054,-0.003569166,-0.0013856097,0.006143961,-0.002726836,0.009951789
GTF2H3,-0.00091342634,-0.002195106,-0.0013761553,0.39414644,-0.0058202385,0.14103237,-0.0074867513,-0.003928487,0.36778557,-0.004890913,-0.0027487054,-0.003569166,-0.0013856097,0.006143961,-0.002726836,0.009951789
GTF3A,-0.00091342634,-0.002195106,-0.0013761553,0.39414644,-0.0058202385,0.14103237,-0.0074867513,-0.003928487,0.36778557,-0.004890913,-0.0027487054,-0.003569166,-0.0013856097,0.006143961,-0.002726836,0.009951789
GTPBP8,-0.00091342634,-0.002195106,-0.0013761553,0.39414644,-0.0058202385,0.14103237,-0.0074867513,-0.003928487,0.36778557,-0.004890913,-0.0027487054,-0.003569166,-0.0013856097,0.006143961,-0.002726836,0.009951789
GXYLT2,-0.00091342634,-0.002195106,-0.0013761553,0.39414644,-0.0058202385,0.14103237,-0.0074867513,-0.003928487,0.36778557,-0.004890913,-0.0027487054,-0.003569166,-0.0013856097,0.006143961,-0.002726836,0.009951789
GYPC,-0.00091342634,-0.002195106,-0.0013761553,0.39414644,-0.0058202385,0.14103237,-0.0074867513,-0.003928487,0.36778557,-0.004890913,-0.0027487054,-0.003569166,-0.0013856097,0.006143961,-0.002726836,0.009951789
GZMA,-0.00091342634,-0.002195106,-0.0013761553,0.39414644,-0.0058202385,0.14103237,-0.0074867513,-0.003928487,0.36778557,-0.004890913,-0.0027487054,-0.003569166,-0.0013856097,0.006143961,-0.002726836,0.009951789
GZMB,-0.00091342634,-0.002195106,-0.0013761553,0.39414644,-0.0058202385,0.14103237,-0.0074867513,-0.003928487,0.36778557,-0.004890913,-0.0027487054,-0.003569166,-0.0013856097,0.006143961,-0.002726836,0.009951789
GZMH,-0.0006299046,-0.00086990505,-0.0021812813,0.38032544,-0.0053263893,0.19931287,-0.007627409,-0.004911868,0.33531487,-0.0053343954,-0.0012606112,-0.004592328,-0.0023549108,-0.0008438031,-0.0013815283,0.040636156
GZMK,-0.0009098672,-0.00219161,-0.0013707265,0.39382136,-0.005827534,0.14246072,-0.0074932175,-0.003914781,0.3680889,-0.0048958748,-0.0027619717,-0.003560803,-0.0013885718,0.005742822,-0.0027221176,0.010556448
GZMM,-0.00091342634,-0.002195106,-0.0013761553,0.39414644,-0.0058202385,0.14103237,-0.0074867513,-0.003928487,0.36778557,-0.004890913,-0.0027487054,-0.003569166,-0.0013856097,0.006143961,-0.002726836,0.009951789
HABP4,-0.00091342634,-0.002195106,-0.0013761553,0.39414644,-0.0058202385,0.14103237,-0.0074867513,-0.003928487,0.36778557,-0.004890913,-0.0027487054,-0.003569166,-0.0013856097,0.006143961,-0.002726836,0.009951789
HAPLN3,-0.00091342634,-0.002195106,-0.0013761553,0.39414644,-0.0058202385,0.14103237,-0.0074867513,-0.003928487,0.36778557,-0.004890913,-0.0027487054,-0.003569166,-0.0013856097,0.006143961,-0.002726836,0.009951789
HARBI1,-0.00092175114,-0.0021947843,-0.0013837354,0.3932873,-0.0058269226,0.1408555,-0.007479291,-0.0039353026,0.36891723,-0.0048954575,-0.0027480249,-0.003571731,-0.0013917967,0.007374119,-0.0027148186,0.010953164
HAS2-AS1,-0.00091342634,-0.002195106,-0.0013761553,0.39414644,-0.0058202385,0.14103237,-0.0074867513,-0.003928487,0.36778557,-0.004890913,-0.0027487054,-0.003569166,-0.0013856097,0.006143961,-0.002726836,0.009951789
HBQ1,-0.00091342634,-0.002195106,-0.0013761553,0.39414644,-0.0058202385,0.14103237,-0.0074867513,-0.003928487,0.36778557,-0.004890913,-0.0027487054,-0.003569166,-0.0013856097,0.006143961,-0.002726836,0.009951789
HCG14,-0.00091342634,-0.002195106,-0.0013761553,0.39414644,-0.0058202385,0.14103237,-0.0074867513,-0.003928487,0.36778557,-0.004890913,-0.0027487054,-0.003569166,-0.0013856097,0.006143961,-0.002726836,0.009951789
HCG25,-0.0009114101,-0.002189941,-0.0013778271,0.39364886,-0.005819851,0.14098313,-0.0074878526,-0.003921317,0.3674783,-0.004897678,-0.002750793,-0.0035762459,-0.0013838566,0.0061594285,-0.0027323263,0.010082323
HCG27,-0.00091342634,-0.002195106,-0.0013761553,0.39414644,-0.0058202385,0.14103237,-0.0074867513,-0.003928487,0.36778557,-0.004890913,-0.0027487054,-0.003569166,-0.0013856097,0.006143961,-0.002726836,0.009951789
HCP5,-0.0009105576,-0.0021917277,-0.0013742306,0.39412886,-0.005822493,0.14149454,-0.007486565,-0.003924513,0.36772466,-0.004891471,-0.0027515104,-0.0035692083,-0.001383459,0.0062281825,-0.0027287782,0.009653378
HCRT,-0.00091342634,-0.002195106,-0.0013761553,0.39414644,-0.0058202385,0.14103237,-0.0074867513,-0.003928487,0.36778557,-0.004890913,-0.0027487054,-0.003569166,-0.0013856097,0.006143961,-0.002726836,0.009951789
HDAC11-AS1,-0.00091342634,-0.002195106,-0.0013761553,0.39414644,-0.0058202385,0.14103237,-0.0074867513,-0.003928487,0.36778557,-0.004890913,-0.0027487054,-0.003569166,-0.0013856097,0.006143961,-0.002726836,0.009951789
HDAC8,-0.00091342634,-0.002195106,-0.0013761553,0.39414644,-0.0058202385,0.14103237,-0.0074867513,-0.003928487,0.36778557,-0.004890913,-0.0027487054,-0.003569166,-0.0013856097,0.006143961,-0.002726836,0.009951789
HDAC9,-0.00091342634,-0.002195106,-0.0013761553,0.39414644,-0.0058202385,0.14103237,-0.0074867513,-0.003928487,0.36778557,-0.004890913,-0.0027487054,-0.003569166,-0.0013856097,0.006143961,-0.002726836,0.009951789
HDHD3,-0.00091342634,-0.002195106,-0.0013761553,0.39414644,-0.0058202385,0.14103237,-0.0074867513,-0.003928487,0.36778557,-0.004890913,-0.0027487054,-0.003569166,-0.0013856097,0.006143961,-0.002726836,0.009951789
HEG1,-0.00091342634,-0.002195106,-0.0013761553,0.39414644,-0.0058202385,0.14103237,-0.0074867513,-0.003928487,0.36778557,-0.004890913,-0.0027487054,-0.003569166,-0.0013856097,0.006143961,-0.002726836,0.009951789
HELB,-0.00091342634,-0.002195106,-0.0013761553,0.39414644,-0.0058202385,0.14103237,-0.0074867513,-0.003928487,0.36778557,-0.004890913,-0.0027487054,-0.003569166,-0.0013856097,0.006143961,-0.002726836,0.009951789
HELLS,-0.000914207,-0.0021984258,-0.0013765057,0.39461032,-0.0058250693,0.14080408,-0.0074897753,-0.0039233183,0.3682507,-0.0048899953,-0.0027510324,-0.003567925,-0.0013869992,0.0059067793,-0.0027256778,0.010150332
HEMK1,-0.0014318001,-0.0022786153,-0.0018577307,0.45017463,-0.0062076687,0.14975047,-0.0076045166,-0.0033568603,0.33233684,-0.0046963654,-0.0023686404,-0.0032848548,-0.0010774499,-0.00040442185,-0.0030894058,-0.0005346208
HERC2,-0.00091342634,-0.002195106,-0.0013761553,0.39414644,-0.0058202385,0.14103237,-0.0074867513,-0.003928487,0.36778557,-0.004890913,-0.0027487054,-0.003569166,-0.0013856097,0.006143961,-0.002726836,0.009951789
HERC5,-0.0009335447,-0.0021758785,-0.0013949298,0.3960004,-0.0058335555,0.14248018,-0.007496143,-0.003922221,0.36949682,-0.004910254,-0.0027642637,-0.0035727876,-0.0013787244,0.0051339306,-0.0027433294,0.008543003
HERC6,0.01529941,-0.0029777747,-0.002779127,0.12968703,-0.0081769675,0.064344466,-0.006527795,-0.0014904777,0.49352762,-0.0029705588,-0.0032849973,-0.0012937884,-0.0011492718,-0.00037872704,0.013717353,0.05942204
HES2,-0.00091342634,-0.002195106,-0.0013761553,0.39414644,-0.0058202385,0.14103237,-0.0074867513,-0.003928487,0.36778557,-0.004890913,-0.0027487054,-0.003569166,-0.0013856097,0.006143961,-0.002726836,0.009951789
HES7,-0.00091342634,-0.002195106,-0.0013761553,0.39414644,-0.0058202385,0.14103237,-0.0074867513,-0.003928487,0.36778557,-0.004890913,-0.0027487054,-0.003569166,-0.0013856097,0.006143961,-0.002726836,0.009951789
HEXIM1,-0.00091342634,-0.002195106,-0.0013761553,0.39414644,-0.0058202385,0.14103237,-0.0074867513,-0.003928487,0.36778557,-0.004890913,-0.0027487054,-0.003569166,-0.0013856097,0.006143961,-0.002726836,0.009951789
HHAT,-0.00091342634,-0.002195106,-0.0013761553,0.39414644,-0.0058202385,0.14103237,-0.0074867513,-0.003928487,0.36778557,-0.004890913,-0.0027487054,-0.003569166,-0.0013856097,0.006143961,-0.002726836,0.009951789
HIBADH,-0.00091342634,-0.002195106,-0.0013761553,0.39414644,-0.0058202385,0.14103237,-0.0074867513,-0.003928487,0.36778557,-0.004890913,-0.0027487054,-0.003569166,-0.0013856097,0.006143961,-0.002726836,0.009951789
HIF1A-AS1,-0.0009335447,-0.0021758785,-0.0013949298,0.3960004,-0.0058335555,0.14248018,-0.007496143,-0.003922221,0.36949682,-0.004910254,-0.0027642637,-0.0035727876,-0.0013787244,0.0051339306,-0.0027433294,0.008543003
HIGD2B,-0.00091342634,-0.002195106,-0.0013761553,0.39414644,-0.0058202385,0.14103237,-0.0074867513,-0.003928487,0.36778557,-0.004890913,-0.0027487054,-0.003569166,-0.0013856097,0.006143961,-0.002726836,0.009951789
HIP1,0.01529941,-0.0029777747,-0.002779127,0.12968703,-0.0081769675,0.064344466,-0.006527795,-0.0014904777,0.49352762,-0.0029705588,-0.0032849973,-0.0012937884,-0.0011492718,-0.00037872704,0.013717353,0.05942204
HIP1R,-0.00091342634,-0.002195106,-0.0013761553,0.39414644,-0.0058202385,0.14103237,-0.0074867513,-0.003928487,0.36778557,-0.004890913,-0.0027487054,-0.003569166,-0.0013856097,0.006143961,-0.002726836,0.009951789
HIPK1-AS1,-0.00091378647,-0.0021970277,-0.0013782722,0.39412314,-0.005820528,0.14106952,-0.0074844663,-0.0039293924,0.36785668,-0.004888715,-0.0027467292,-0.0035714072,-0.0013842476,0.0061832257,-0.0027291193,0.009709898
HIVEP3,-0.00090060284,-0.0021859615,-0.0013736775,0.39466858,-0.0058163595,0.14081423,-0.0074975365,-0.003940663,0.36631808,-0.0048859417,-0.0027386534,-0.0035770868,-0.0013825794,0.007459659,-0.0027408812,0.010555837
HKDC1,-0.00091342634,-0.002195106,-0.0013761553,0.39414644,-0.0058202385,0.14103237,-0.0074867513,-0.003928487,0.36778557,-0.004890913,-0.0027487054,-0.003569166,-0.0013856097,0.006143961,-0.002726836,0.009951789
HLA-DQA1,-0.00091342634,-0.002195106,-0.0013761553,0.39414644,-0.0058202385,0.14103237,-0.0074867513,-0.003928487,0.36778557,-0.004890913,-0.0027487054,-0.003569166,-0.0013856097,0.006143961,-0.002726836,0.009951789
HLA-DQB1,-0.00091342634,-0.002195106,-0.0013761553,0.39414644,-0.0058202385,0.14103237,-0.0074867513,-0.003928487,0.36778557,-0.004890913,-0.0027487054,-0.003569166,-0.0013856097,0.006143961,-0.002726836,0.009951789
HLCS,-0.00091635366,-0.0021881687,-0.0013664626,0.39525148,-0.0058228243,0.14062434,-0.0074972115,-0.0039223186,0.3670534,-0.004881518,-0.0027597616,-0.0035587703,-0.0013818975,0.0076893307,-0.002721844,0.010411877
HLTF-AS1,-0.00091342634,-0.002195106,-0.0013761553,0.39414644,-0.0058202385,0.14103237,-0.0074867513,-0.003928487,0.36778557,-0.004890913,-0.0027487054,-0.003569166,-0.0013856097,0.006143961,-0.002726836,0.009951789
HMCES,-0.00064489787,-0.001919418,-0.0012881511,0.38723135,-0.005783969,0.15845251,-0.0072523206,-0.0038227367,0.38154578,-0.0047407774,-0.0025734615,-0.0038787338,-0.0013219821,0.014795952,-0.00290439,-0.00020557788
HMGA1P4,-0.00091276143,-0.0022047418,-0.001371651,0.3952939,-0.005808187,0.14232913,-0.0074750525,-0.0039420263,0.36733,-0.004885167,-0.0027369792,-0.0035663354,-0.0013890138,0.005412314,-0.0027191022,0.009295601
HMOX2,-0.00091342634,-0.002195106,-0.0013761553,0.39414644,-0.0058202385,0.14103237,-0.0074867513,-0.003928487,0.36778557,-0.004890913,-0.0027487054,-0.003569166,-0.0013856097,0.006143961,-0.002726836,0.009951789
HOMER1,-0.00091342634,-0.002195106,-0.0013761553,0.39414644,-0.0058202385,0.14103237,-0.0074867513,-0.003928487,0.36778557,-0.004890913,-0.0027487054,-0.003569166,-0.0013856097,0.006143961,-0.002726836,0.009951789
HOOK2,-0.00091342634,-0.002195106,-0.0013761553,0.39414644,-0.0058202385,0.14103237,-0.0074867513,-0.003928487,0.36778557,-0.004890913,-0.0027487054,-0.003569166,-0.0013856097,0.006143961,-0.002726836,0.009951789
HOPX,-0.00091342634,-0.002195106,-0.0013761553,0.39414644,-0.0058202385,0.14103237,-0.0074867513,-0.003928487,0.36778557,-0.004890913,-0.0027487054,-0.003569166,-0.0013856097,0.006143961,-0.002726836,0.009951789
HOXA13,-0.00092175114,-0.0021947843,-0.0013837354,0.3932873,-0.0058269226,0.1408555,-0.007479291,-0.0039353026,0.36891723,-0.0048954575,-0.0027480249,-0.003571731,-0.0013917967,0.007374119,-0.0027148186,0.010953164
HOXB-AS1,-0.0009083604,-0.002190757,-0.0013776293,0.394368,-0.005814905,0.14094813,-0.007490289,-0.0039329003,0.36830753,-0.00489255,-0.0027420842,-0.0035757893,-0.0013899484,0.0055775978,-0.0027264,0.009774033
HOXB-AS3,-0.00091342634,-0.002195106,-0.0013761553,0.39414644,-0.0058202385,0.14103237,-0.0074867513,-0.003928487,0.36778557,-0.004890913,-0.0027487054,-0.003569166,-0.0013856097,0.006143961,-0.002726836,0.009951789
HOXB9,-0.00091342634,-0.002195106,-0.0013761553,0.39414644,-0.0058202385,0.14103237,-0.0074867513,-0.003928487,0.36778557,-0.004890913,-0.0027487054,-0.003569166,-0.0013856097,0.006143961,-0.002726836,0.009951789
HOXC12,-0.00091342634,-0.002195106,-0.0013761553,0.39414644,-0.0058202385,0.14103237,-0.0074867513,-0.003928487,0.36778557,-0.004890913,-0.0027487054,-0.003569166,-0.0013856097,0.006143961,-0.002726836,0.009951789
HOXC4,-0.00091342634,-0.002195106,-0.0013761553,0.39414644,-0.0058202385,0.14103237,-0.0074867513,-0.003928487,0.36778557,-0.004890913,-0.0027487054,-0.003569166,-0.0013856097,0.006143961,-0.002726836,0.009951789
HPN,-0.0006299046,-0.00086990505,-0.0021812813,0.38032544,-0.0053263893,0.19931287,-0.007627409,-0.004911868,0.33531487,-0.0053343954,-0.0012606112,-0.004592328,-0.0023549108,-0.0008438031,-0.0013815283,0.040636156
HS3ST3B1,-0.00091342634,-0.002195106,-0.0013761553,0.39414644,-0.0058202385,0.14103237,-0.0074867513,-0.003928487,0.36778557,-0.004890913,-0.0027487054,-0.003569166,-0.0013856097,0.006143961,-0.002726836,0.009951789
HSBP1L1,-0.00091342634,-0.002195106,-0.0013761553,0.39414644,-0.0058202385,0.14103237,-0.0074867513,-0.003928487,0.36778557,-0.004890913,-0.0027487054,-0.003569166,-0.0013856097,0.006143961,-0.002726836,0.009951789
HSF5,-0.00091342634,-0.002195106,-0.0013761553,0.39414644,-0.0058202385,0.14103237,-0.0074867513,-0.003928487,0.36778557,-0.004890913,-0.0027487054,-0.003569166,-0.0013856097,0.006143961,-0.002726836,0.009951789
HSH2D,-0.00091342634,-0.002195106,-0.0013761553,0.39414644,-0.0058202385,0.14103237,-0.0074867513,-0.003928487,0.36778557,-0.004890913,-0.0027487054,-0.003569166,-0.0013856097,0.006143961,-0.002726836,0.009951789
HSPB1,-0.00091342634,-0.002195106,-0.0013761553,0.39414644,-0.0058202385,0.14103237,-0.0074867513,-0.003928487,0.36778557,-0.004890913,-0.0027487054,-0.003569166,-0.0013856097,0.006143961,-0.002726836,0.009951789
HTR2A,-8.560076e-05,-0.0014242387,-0.0021895121,0.4376525,-0.0050953436,0.16704933,-0.007072227,-0.0036565338,0.39033255,-0.005482762,-0.002625306,-0.0033882612,-0.00043797973,-0.00040265324,-0.0020461916,-0.00060364936
HTRA3,-0.00091342634,-0.002195106,-0.0013761553,0.39414644,-0.0058202385,0.14103237,-0.0074867513,-0.003928487,0.36778557,-0.004890913,-0.0027487054,-0.003569166,-0.0013856097,0.006143961,-0.002726836,0.009951789
IBA57-DT,-0.00091342634,-0.002195106,-0.0013761553,0.39414644,-0.0058202385,0.14103237,-0.0074867513,-0.003928487,0.36778557,-0.004890913,-0.0027487054,-0.003569166,-0.0013856097,0.006143961,-0.002726836,0.009951789
ICE1,-0.00091342634,-0.002195106,-0.0013761553,0.39414644,-0.0058202385,0.14103237,-0.0074867513,-0.003928487,0.36778557,-0.004890913,-0.0027487054,-0.003569166,-0.0013856097,0.006143961,-0.002726836,0.009951789
ICOS,-0.00091862923,-0.002184325,-0.0013677159,0.39408308,-0.005820053,0.14102049,-0.007497943,-0.003925711,0.3681443,-0.004899566,-0.0027374309,-0.0035677014,-0.001379017,0.0056503154,-0.0027175313,0.008917589
ID3,-0.00091342634,-0.002195106,-0.0013761553,0.39414644,-0.0058202385,0.14103237,-0.0074867513,-0.003928487,0.36778557,-0.004890913,-0.0027487054,-0.003569166,-0.0013856097,0.006143961,-0.002726836,0.009951789
IER5L,-0.00091342634,-0.002195106,-0.0013761553,0.39414644,-0.0058202385,0.14103237,-0.0074867513,-0.003928487,0.36778557,-0.004890913,-0.0027487054,-0.003569166,-0.0013856097,0.006143961,-0.002726836,0.009951789
IFFO2,-0.00091342634,-0.002195106,-0.0013761553,0.39414644,-0.0058202385,0.14103237,-0.0074867513,-0.003928487,0.36778557,-0.004890913,-0.0027487054,-0.003569166,-0.0013856097,0.006143961,-0.002726836,0.009951789
IFI6,-0.00091342634,-0.002195106,-0.0013761553,0.39414644,-0.0058202385,0.14103237,-0.0074867513,-0.003928487,0.36778557,-0.004890913,-0.0027487054,-0.003569166,-0.0013856097,0.006143961,-0.002726836,0.009951789
IFIT2,-0.00091342634,-0.002195106,-0.0013761553,0.39414644,-0.0058202385,0.14103237,-0.0074867513,-0.003928487,0.36778557,-0.004890913,-0.0027487054,-0.003569166,-0.0013856097,0.006143961,-0.002726836,0.009951789
IFNG,-0.00091342634,-0.002195106,-0.0013761553,0.39414644,-0.0058202385,0.14103237,-0.0074867513,-0.003928487,0.36778557,-0.004890913,-0.0027487054,-0.003569166,-0.0013856097,0.006143961,-0.002726836,0.009951789
IFNG-AS1,-0.00091342634,-0.002195106,-0.0013761553,0.39414644,-0.0058202385,0.14103237,-0.0074867513,-0.003928487,0.36778557,-0.004890913,-0.0027487054,-0.003569166,-0.0013856097,0.006143961,-0.002726836,0.009951789
IFNL1,-0.0009082048,-0.002194612,-0.0013696823,0.39287388,-0.005827985,0.1409599,-0.007477914,-0.003933105,0.3667086,-0.0049039084,-0.0027468388,-0.0035757017,-0.0013801361,0.006160978,-0.0027209988,0.01049595
IFT122,-0.00091049826,-0.0022058145,-0.0013627874,0.39363855,-0.005806047,0.14219266,-0.0074937646,-0.00393507,0.36650893,-0.004880987,-0.0027573556,-0.003571102,-0.0013939275,0.0068475045,-0.0027215001,0.008486409
IFT46,-0.00091342634,-0.002195106,-0.0013761553,0.39414644,-0.0058202385,0.14103237,-0.0074867513,-0.003928487,0.36778557,-0.004890913,-0.0027487054,-0.003569166,-0.0013856097,0.006143961,-0.002726836,0.009951789
IFT88,-0.00091342634,-0.002195106,-0.0013761553,0.39414644,-0.0058202385,0.14103237,-0.0074867513,-0.003928487,0.36778557,-0.004890913,-0.0027487054,-0.003569166,-0.0013856097,0.006143961,-0.002726836,0.009951789
IGHA1,-0.00091342634,-0.002195106,-0.0013761553,0.39414644,-0.0058202385,0.14103237,-0.0074867513,-0.003928487,0.36778557,-0.004890913,-0.0027487054,-0.003569166,-0.0013856097,0.006143961,-0.002726836,0.009951789
IGHA2,-0.00091342634,-0.002195106,-0.0013761553,0.39414644,-0.0058202385,0.14103237,-0.0074867513,-0.003928487,0.36778557,-0.004890913,-0.0027487054,-0.003569166,-0.0013856097,0.006143961,-0.002726836,0.009951789
IGHG2,-0.00091342634,-0.002195106,-0.0013761553,0.39414644,-0.0058202385,0.14103237,-0.0074867513,-0.003928487,0.36778557,-0.004890913,-0.0027487054,-0.003569166,-0.0013856097,0.006143961,-0.002726836,0.009951789
IGHV1-3,-0.00091342634,-0.002195106,-0.0013761553,0.39414644,-0.0058202385,0.14103237,-0.0074867513,-0.003928487,0.36778557,-0.004890913,-0.0027487054,-0.003569166,-0.0013856097,0.006143961,-0.002726836,0.009951789
IGHV2-70,-0.00091342634,-0.002195106,-0.0013761553,0.39414644,-0.0058202385,0.14103237,-0.0074867513,-0.003928487,0.36778557,-0.004890913,-0.0027487054,-0.003569166,-0.0013856097,0.006143961,-0.002726836,0.009951789
IGHV3-43,-0.0008068117,-0.0024243607,-0.0006480862,0.40347397,-0.0054449267,0.21855581,-0.006522894,-0.003586409,0.33322683,-0.0041442597,-0.0022412648,-0.0033418403,-0.0012516238,-0.0005681758,-0.0018777698,0.009755332
IGHV5-51,-0.00091342634,-0.002195106,-0.0013761553,0.39414644,-0.0058202385,0.14103237,-0.0074867513,-0.003928487,0.36778557,-0.004890913,-0.0027487054,-0.003569166,-0.0013856097,0.006143961,-0.002726836,0.009951789
IGKC,-0.00091342634,-0.002195106,-0.0013761553,0.39414644,-0.0058202385,0.14103237,-0.0074867513,-0.003928487,0.36778557,-0.004890913,-0.0027487054,-0.003569166,-0.0013856097,0.006143961,-0.002726836,0.009951789
IGLON5,-0.00085921306,-0.0028514194,-0.0010761732,0.37998796,-0.0050867763,0.08471882,-0.008042119,-0.003351063,0.31982675,-0.0051620514,-0.0025768164,-0.003328623,-0.0006605238,0.09671359,-0.0028322886,0.009930063
IGLV1-40,-0.00091342634,-0.002195106,-0.0013761553,0.39414644,-0.0058202385,0.14103237,-0.0074867513,-0.003928487,0.36778557,-0.004890913,-0.0027487054,-0.003569166,-0.0013856097,0.006143961,-0.002726836,0.009951789
IGLV1-44,-0.00091342634,-0.002195106,-0.0013761553,0.39414644,-0.0058202385,0.14103237,-0.0074867513,-0.003928487,0.36778557,-0.004890913,-0.0027487054,-0.003569166,-0.0013856097,0.006143961,-0.002726836,0.009951789
IGLV1-51,-0.00091342634,-0.002195106,-0.0013761553,0.39414644,-0.0058202385,0.14103237,-0.0074867513,-0.003928487,0.36778557,-0.004890913,-0.0027487054,-0.003569166,-0.0013856097,0.006143961,-0.002726836,0.009951789
IGLV2-14,-0.00091342634,-0.002195106,-0.0013761553,0.39414644,-0.0058202385,0.14103237,-0.0074867513,-0.003928487,0.36778557,-0.004890913,-0.0027487054,-0.003569166,-0.0013856097,0.006143961,-0.002726836,0.009951789
IGLV3-10,-0.00091342634,-0.002195106,-0.0013761553,0.39414644,-0.0058202385,0.14103237,-0.0074867513,-0.003928487,0.36778557,-0.004890913,-0.0027487054,-0.003569166,-0.0013856097,0.006143961,-0.002726836,0.009951789
IGLV3-9,-0.00091342634,-0.002195106,-0.0013761553,0.39414644,-0.0058202385,0.14103237,-0.0074867513,-0.003928487,0.36778557,-0.004890913,-0.0027487054,-0.003569166,-0.0013856097,0.006143961,-0.002726836,0.009951789
IGLV7-43,-0.00091342634,-0.002195106,-0.0013761553,0.39414644,-0.0058202385,0.14103237,-0.0074867513,-0.003928487,0.36778557,-0.004890913,-0.0027487054,-0.003569166,-0.0013856097,0.006143961,-0.002726836,0.009951789
IGLV9-49,-0.00091342634,-0.002195106,-0.0013761553,0.39414644,-0.0058202385,0.14103237,-0.0074867513,-0.003928487,0.36778557,-0.004890913,-0.0027487054,-0.003569166,-0.0013856097,0.006143961,-0.002726836,0.009951789
IGSF21-AS1,-0.00091342634,-0.002195106,-0.0013761553,0.39414644,-0.0058202385,0.14103237,-0.0074867513,-0.003928487,0.36778557,-0.004890913,-0.0027487054,-0.003569166,-0.0013856097,0.006143961,-0.002726836,0.009951789
IGSF9B,-0.00091342634,-0.002195106,-0.0013761553,0.39414644,-0.0058202385,0.14103237,-0.0074867513,-0.003928487,0.36778557,-0.004890913,-0.0027487054,-0.003569166,-0.0013856097,0.006143961,-0.002726836,0.009951789
IKZF2,-0.00091342634,-0.002195106,-0.0013761553,0.39414644,-0.0058202385,0.14103237,-0.0074867513,-0.003928487,0.36778557,-0.004890913,-0.0027487054,-0.003569166,-0.0013856097,0.006143961,-0.002726836,0.009951789
IKZF3,-0.00091342634,-0.002195106,-0.0013761553,0.39414644,-0.0058202385,0.14103237,-0.0074867513,-0.003928487,0.36778557,-0.004890913,-0.0027487054,-0.003569166,-0.0013856097,0.006143961,-0.002726836,0.009951789
IL11,-0.0009083604,-0.002190757,-0.0013776293,0.394368,-0.005814905,0.14094813,-0.007490289,-0.0039329003,0.36830753,-0.00489255,-0.0027420842,-0.0035757893,-0.0013899484,0.0055775978,-0.0027264,0.009774033
IL11RA,-0.0009105576,-0.0021917277,-0.0013742306,0.39412886,-0.005822493,0.14149454,-0.007486565,-0.003924513,0.36772466,-0.004891471,-0.0027515104,-0.0035692083,-0.001383459,0.0062281825,-0.0027287782,0.009653378
IL12RB2,-0.00091342634,-0.002195106,-0.0013761553,0.39414644,-0.0058202385,0.14103237,-0.0074867513,-0.003928487,0.36778557,-0.004890913,-0.0027487054,-0.003569166,-0.0013856097,0.006143961,-0.002726836,0.009951789
IL17D,-0.00091342634,-0.002195106,-0.0013761553,0.39414644,-0.0058202385,0.14103237,-0.0074867513,-0.003928487,0.36778557,-0.004890913,-0.0027487054,-0.003569166,-0.0013856097,0.006143961,-0.002726836,0.009951789
IL18RAP,-0.00091342634,-0.002195106,-0.0013761553,0.39414644,-0.0058202385,0.14103237,-0.0074867513,-0.003928487,0.36778557,-0.004890913,-0.0027487054,-0.003569166,-0.0013856097,0.006143961,-0.002726836,0.009951789
IL19,-0.00091342634,-0.002195106,-0.0013761553,0.39414644,-0.0058202385,0.14103237,-0.0074867513,-0.003928487,0.36778557,-0.004890913,-0.0027487054,-0.003569166,-0.0013856097,0.006143961,-0.002726836,0.009951789
IL1B,-0.00091342634,-0.002195106,-0.0013761553,0.39414644,-0.0058202385,0.14103237,-0.0074867513,-0.003928487,0.36778557,-0.004890913,-0.0027487054,-0.003569166,-0.0013856097,0.006143961,-0.002726836,0.009951789
IL2,-0.00091342634,-0.002195106,-0.0013761553,0.39414644,-0.0058202385,0.14103237,-0.0074867513,-0.003928487,0.36778557,-0.004890913,-0.0027487054,-0.003569166,-0.0013856097,0.006143961,-0.002726836,0.009951789
IL21R,-0.00091342634,-0.002195106,-0.0013761553,0.39414644,-0.0058202385,0.14103237,-0.0074867513,-0.003928487,0.36778557,-0.004890913,-0.0027487054,-0.003569166,-0.0013856097,0.006143961,-0.002726836,0.009951789
IL2RA,-0.00091378647,-0.0021970277,-0.0013782722,0.39412314,-0.005820528,0.14106952,-0.0074844663,-0.0039293924,0.36785668,-0.004888715,-0.0027467292,-0.0035714072,-0.0013842476,0.0061832257,-0.0027291193,0.009709898
IL2RB,-0.00091342634,-0.002195106,-0.0013761553,0.39414644,-0.0058202385,0.14103237,-0.0074867513,-0.003928487,0.36778557,-0.004890913,-0.0027487054,-0.003569166,-0.0013856097,0.006143961,-0.002726836,0.009951789
IL6,-0.00091342634,-0.002195106,-0.0013761553,0.39414644,-0.0058202385,0.14103237,-0.0074867513,-0.003928487,0.36778557,-0.004890913,-0.0027487054,-0.003569166,-0.0013856097,0.006143961,-0.002726836,0.009951789
IL6R-AS1,-0.00091342634,-0.002195106,-0.0013761553,0.39414644,-0.0058202385,0.14103237,-0.0074867513,-0.003928487,0.36778557,-0.004890913,-0.0027487054,-0.003569166,-0.0013856097,0.006143961,-0.002726836,0.009951789
ILF3-DT,-0.0014318001,-0.0022786153,-0.0018577307,0.45017463,-0.0062076687,0.14975047,-0.0076045166,-0.0033568603,0.33233684,-0.0046963654,-0.0023686404,-0.0032848548,-0.0010774499,-0.00040442185,-0.0030894058,-0.0005346208
ING1,-0.00091342634,-0.002195106,-0.0013761553,0.39414644,-0.0058202385,0.14103237,-0.0074867513,-0.003928487,0.36778557,-0.004890913,-0.0027487054,-0.003569166,-0.0013856097,0.006143961,-0.002726836,0.009951789
INPP5E,-0.00091342634,-0.002195106,-0.0013761553,0.39414644,-0.0058202385,0.14103237,-0.0074867513,-0.003928487,0.36778557,-0.004890913,-0.0027487054,-0.003569166,-0.0013856097,0.006143961,-0.002726836,0.009951789
INSM2,-0.00091342634,-0.002195106,-0.0013761553,0.39414644,-0.0058202385,0.14103237,-0.0074867513,-0.003928487,0.36778557,-0.004890913,-0.0027487054,-0.003569166,-0.0013856097,0.006143961,-0.002726836,0.009951789
INTS1,-0.00091342634,-0.002195106,-0.0013761553,0.39414644,-0.0058202385,0.14103237,-0.0074867513,-0.003928487,0.36778557,-0.004890913,-0.0027487054,-0.003569166,-0.0013856097,0.006143961,-0.002726836,0.009951789
INTS11,-0.00091342634,-0.002195106,-0.0013761553,0.39414644,-0.0058202385,0.14103237,-0.0074867513,-0.003928487,0.36778557,-0.004890913,-0.0027487054,-0.003569166,-0.0013856097,0.006143961,-0.002726836,0.009951789
INTS4,-0.00091342634,-0.002195106,-0.0013761553,0.39414644,-0.0058202385,0.14103237,-0.0074867513,-0.003928487,0.36778557,-0.004890913,-0.0027487054,-0.003569166,-0.0013856097,0.006143961,-0.002726836,0.009951789
INTS6L-AS1,-0.00091342634,-0.002195106,-0.0013761553,0.39414644,-0.0058202385,0.14103237,-0.0074867513,-0.003928487,0.36778557,-0.004890913,-0.0027487054,-0.003569166,-0.0013856097,0.006143961,-0.002726836,0.009951789
INVS,-0.00091342634,-0.002195106,-0.0013761553,0.39414644,-0.0058202385,0.14103237,-0.0074867513,-0.003928487,0.36778557,-0.004890913,-0.0027487054,-0.003569166,-0.0013856097,0.006143961,-0.002726836,0.009951789
IPP,-0.00091342634,-0.002195106,-0.0013761553,0.39414644,-0.0058202385,0.14103237,-0.0074867513,-0.003928487,0.36778557,-0.004890913,-0.0027487054,-0.003569166,-0.0013856097,0.006143961,-0.002726836,0.009951789
IQCB1,-0.00091342634,-0.002195106,-0.0013761553,0.39414644,-0.0058202385,0.14103237,-0.0074867513,-0.003928487,0.36778557,-0.004890913,-0.0027487054,-0.003569166,-0.0013856097,0.006143961,-0.002726836,0.009951789
IQCC,-0.00091342634,-0.002195106,-0.0013761553,0.39414644,-0.0058202385,0.14103237,-0.0074867513,-0.003928487,0.36778557,-0.004890913,-0.0027487054,-0.003569166,-0.0013856097,0.006143961,-0.002726836,0.009951789
IRGM,-0.00091056275,-0.002191728,-0.0013742354,0.39412832,-0.0058225035,0.14149545,-0.007486568,-0.003924513,0.36772487,-0.004891464,-0.002751503,-0.003569216,-0.0013834637,0.006228242,-0.0027287714,0.009652931
ISM1,-0.00091342634,-0.002195106,-0.0013761553,0.39414644,-0.0058202385,0.14103237,-0.0074867513,-0.003928487,0.36778557,-0.004890913,-0.0027487054,-0.003569166,-0.0013856097,0.006143961,-0.002726836,0.009951789
ITGA10,-0.00091342634,-0.002195106,-0.0013761553,0.39414644,-0.0058202385,0.14103237,-0.0074867513,-0.003928487,0.36778557,-0.004890913,-0.0027487054,-0.003569166,-0.0013856097,0.006143961,-0.002726836,0.009951789
ITGA2B,-0.00091342634,-0.002195106,-0.0013761553,0.39414644,-0.0058202385,0.14103237,-0.0074867513,-0.003928487,0.36778557,-0.004890913,-0.0027487054,-0.003569166,-0.0013856097,0.006143961,-0.002726836,0.009951789
ITGA6,-0.00088990096,-0.0016303355,-0.0012965231,0.40575373,-0.0038952865,0.15146111,-0.00510286,-0.006077687,0.1332844,-0.0030100376,-0.00068197056,-0.002717577,-6.387189e-05,0.16581057,-0.0036675644,0.06364943
ITGAD,-0.0009134316,-0.0021951061,-0.0013761601,0.3941459,-0.0058202487,0.14103328,-0.007486755,-0.003928487,0.36778578,-0.004890906,-0.002748698,-0.0035691732,-0.0013856145,0.0061440207,-0.0027268294,0.009951342
ITGB1BP2,-0.00091635366,-0.0021881687,-0.0013664626,0.39525148,-0.0058228243,0.14062434,-0.0074972115,-0.0039223186,0.3670534,-0.004881518,-0.0027597616,-0.0035587703,-0.0013818975,0.0076893307,-0.002721844,0.010411877
ITGB2-AS1,-0.00062703586,-0.000866527,-0.0021793568,0.38030785,-0.0053286445,0.19977504,-0.007627222,-0.004907893,0.33525395,-0.005334954,-0.0012634163,-0.0045923702,-0.00235276,-0.0008429609,-0.0013834706,0.040337745
ITPR3,-0.00091342634,-0.002195106,-0.0013761553,0.39414644,-0.0058202385,0.14103237,-0.0074867513,-0.003928487,0.36778557,-0.004890913,-0.0027487054,-0.003569166,-0.0013856097,0.006143961,-0.002726836,0.009951789
ITPRIPL1,-0.00091342634,-0.002195106,-0.0013761553,0.39414644,-0.0058202385,0.14103237,-0.0074867513,-0.003928487,0.36778557,-0.004890913,-0.0027487054,-0.003569166,-0.0013856097,0.006143961,-0.002726836,0.009951789
JADE2,-0.00091342634,-0.002195106,-0.0013761553,0.39414644,-0.0058202385,0.14103237,-0.0074867513,-0.003928487,0.36778557,-0.004890913,-0.0027487054,-0.003569166,-0.0013856097,0.006143961,-0.002726836,0.009951789
JAKMIP2,-0.00091342634,-0.002195106,-0.0013761553,0.39414644,-0.0058202385,0.14103237,-0.0074867513,-0.003928487,0.36778557,-0.004890913,-0.0027487054,-0.003569166,-0.0013856097,0.006143961,-0.002726836,0.009951789
JAM2,-0.00091342634,-0.002195106,-0.0013761553,0.39414644,-0.0058202385,0.14103237,-0.0074867513,-0.003928487,0.36778557,-0.004890913,-0.0027487054,-0.003569166,-0.0013856097,0.006143961,-0.002726836,0.009951789
JAM3,-0.00091342634,-0.002195106,-0.0013761553,0.39414644,-0.0058202385,0.14103237,-0.0074867513,-0.003928487,0.36778557,-0.004890913,-0.0027487054,-0.003569166,-0.0013856097,0.006143961,-0.002726836,0.009951789
JAZF1-AS1,-0.0009135633,-0.002179976,-0.0013691899,0.39430463,-0.0058147195,0.14093626,-0.0075014806,-0.0039301235,0.36866626,-0.0049012024,-0.0027308096,-0.0035743248,-0.0013833557,0.005083952,-0.0027170957,0.008739833
JPX,-0.00091049826,-0.0022058145,-0.0013627874,0.39363855,-0.005806047,0.14219266,-0.0074937646,-0.00393507,0.36650893,-0.004880987,-0.0027573556,-0.003571102,-0.0013939275,0.0068475045,-0.0027215001,0.008486409
KALRN,-0.00091342634,-0.002195106,-0.0013761553,0.39414644,-0.0058202385,0.14103237,-0.0074867513,-0.003928487,0.36778557,-0.004890913,-0.0027487054,-0.003569166,-0.0013856097,0.006143961,-0.002726836,0.009951789
KANK1,-0.00090771663,-0.002188174,-0.0013804153,0.39317083,-0.0058321594,0.14202403,-0.0074782907,-0.0039347513,0.36797678,-0.0048902864,-0.0027565043,-0.0035701704,-0.0013750436,0.005133096,-0.0027345177,0.008900557
KANK3,-0.00091342634,-0.002195106,-0.0013761553,0.39414644,-0.0058202385,0.14103237,-0.0074867513,-0.003928487,0.36778557,-0.004890913,-0.0027487054,-0.003569166,-0.0013856097,0.006143961,-0.002726836,0.009951789
KANSL1-AS1,-0.00091342634,-0.002195106,-0.0013761553,0.39414644,-0.0058202385,0.14103237,-0.0074867513,-0.003928487,0.36778557,-0.004890913,-0.0027487054,-0.003569166,-0.0013856097,0.006143961,-0.002726836,0.009951789
KANTR,-0.00091342634,-0.002195106,-0.0013761553,0.39414644,-0.0058202385,0.14103237,-0.0074867513,-0.003928487,0.36778557,-0.004890913,-0.0027487054,-0.003569166,-0.0013856097,0.006143961,-0.002726836,0.009951789
KAT2A,-0.0009083604,-0.002190757,-0.0013776293,0.394368,-0.005814905,0.14094813,-0.007490289,-0.0039329003,0.36830753,-0.00489255,-0.0027420842,-0.0035757893,-0.0013899484,0.0055775978,-0.0027264,0.009774033
KATNBL1,-0.00091342634,-0.002195106,-0.0013761553,0.39414644,-0.0058202385,0.14103237,-0.0074867513,-0.003928487,0.36778557,-0.004890913,-0.0027487054,-0.003569166,-0.0013856097,0.006143961,-0.002726836,0.009951789
KAZALD1,-0.00091342634,-0.002195106,-0.0013761553,0.39414644,-0.0058202385,0.14103237,-0.0074867513,-0.003928487,0.36778557,-0.004890913,-0.0027487054,-0.003569166,-0.0013856097,0.006143961,-0.002726836,0.009951789
KCNA3,-0.00091342634,-0.002195106,-0.0013761553,0.39414644,-0.0058202385,0.14103237,-0.0074867513,-0.003928487,0.36778557,-0.004890913,-0.0027487054,-0.003569166,-0.0013856097,0.006143961,-0.002726836,0.009951789
KCNE2,-0.00091342634,-0.002195106,-0.0013761553,0.39414644,-0.0058202385,0.14103237,-0.0074867513,-0.003928487,0.36778557,-0.004890913,-0.0027487054,-0.003569166,-0.0013856097,0.006143961,-0.002726836,0.009951789
KCNG1,-0.0009105464,-0.0021951324,-0.0013739556,0.39374536,-0.005819498,0.14079864,-0.0074908393,-0.0039298534,0.36747813,-0.0048883236,-0.0027526265,-0.003569026,-0.0013886556,0.0061175562,-0.0027294396,0.009530757
KCNH6,-0.00091342634,-0.002195106,-0.0013761553,0.39414644,-0.0058202385,0.14103237,-0.0074867513,-0.003928487,0.36778557,-0.004890913,-0.0027487054,-0.003569166,-0.0013856097,0.006143961,-0.002726836,0.009951789
KCNN1,-0.0009134316,-0.0021951061,-0.0013761601,0.3941459,-0.0058202487,0.14103328,-0.007486755,-0.003928487,0.36778578,-0.004890906,-0.002748698,-0.0035691732,-0.0013856145,0.0061440207,-0.0027268294,0.009951342
KDM2B-DT,-0.00091342634,-0.002195106,-0.0013761553,0.39414644,-0.0058202385,0.14103237,-0.0074867513,-0.003928487,0.36778557,-0.004890913,-0.0027487054,-0.003569166,-0.0013856097,0.006143961,-0.002726836,0.009951789
KHDC1,-0.00091342634,-0.002195106,-0.0013761553,0.39414644,-0.0058202385,0.14103237,-0.0074867513,-0.003928487,0.36778557,-0.004890913,-0.0027487054,-0.003569166,-0.0013856097,0.006143961,-0.002726836,0.009951789
KHDRBS2,-0.00091342634,-0.002195106,-0.0013761553,0.39414644,-0.0058202385,0.14103237,-0.0074867513,-0.003928487,0.36778557,-0.004890913,-0.0027487054,-0.003569166,-0.0013856097,0.006143961,-0.002726836,0.009951789
KIAA0040,-0.0009131216,-0.002206664,-0.0013737679,0.3952706,-0.005808477,0.14236628,-0.007472767,-0.003942931,0.36740112,-0.0048829685,-0.002735003,-0.0035685764,-0.0013876515,0.0054515786,-0.0027213856,0.009053711
KIAA1671,-0.00091342634,-0.002195106,-0.0013761553,0.39414644,-0.0058202385,0.14103237,-0.0074867513,-0.003928487,0.36778557,-0.004890913,-0.0027487054,-0.003569166,-0.0013856097,0.006143961,-0.002726836,0.009951789
KIF12,-0.00089599687,-0.0021817165,-0.0013640422,0.3956078,-0.005809909,0.14328994,-0.0074903523,-0.0039212154,0.36577544,-0.0048855417,-0.0027356779,-0.0035886306,-0.0013670613,0.0050398745,-0.0027420844,0.008148123
KIF21A,-0.00091342634,-0.002195106,-0.0013761553,0.39414644,-0.0058202385,0.14103237,-0.0074867513,-0.003928487,0.36778557,-0.004890913,-0.0027487054,-0.003569166,-0.0013856097,0.006143961,-0.002726836,0.009951789
KIF21B,-0.0009082048,-0.002194612,-0.0013696823,0.39287388,-0.005827985,0.1409599,-0.007477914,-0.003933105,0.3667086,-0.0049039084,-0.0027468388,-0.0035757017,-0.0013801361,0.006160978,-0.0027209988,0.01049595
KIF2A,-0.00091342634,-0.002195106,-0.0013761553,0.39414644,-0.0058202385,0.14103237,-0.0074867513,-0.003928487,0.36778557,-0.004890913,-0.0027487054,-0.003569166,-0.0013856097,0.006143961,-0.002726836,0.009951789
KIF3A,-0.00091342634,-0.002195106,-0.0013761553,0.39414644,-0.0058202385,0.14103237,-0.0074867513,-0.003928487,0.36778557,-0.004890913,-0.0027487054,-0.003569166,-0.0013856097,0.006143961,-0.002726836,0.009951789
KIF5C,-0.00090771663,-0.002188174,-0.0013804153,0.39317083,-0.0058321594,0.14202403,-0.0074782907,-0.0039347513,0.36797678,-0.0048902864,-0.0027565043,-0.0035701704,-0.0013750436,0.005133096,-0.0027345177,0.008900557
KIN,-0.0009083604,-0.002190757,-0.0013776293,0.394368,-0.005814905,0.14094813,-0.007490289,-0.0039329003,0.36830753,-0.00489255,-0.0027420842,-0.0035757893,-0.0013899484,0.0055775978,-0.0027264,0.009774033
KIR2DL1,-0.00091342634,-0.002195106,-0.0013761553,0.39414644,-0.0058202385,0.14103237,-0.0074867513,-0.003928487,0.36778557,-0.004890913,-0.0027487054,-0.003569166,-0.0013856097,0.006143961,-0.002726836,0.009951789
KIR2DL4,-0.0008068117,-0.0024243607,-0.0006480862,0.40347397,-0.0054449267,0.21855581,-0.006522894,-0.003586409,0.33322683,-0.0041442597,-0.0022412648,-0.0033418403,-0.0012516238,-0.0005681758,-0.0018777698,0.009755332
KIR3DL1,-0.00091342634,-0.002195106,-0.0013761553,0.39414644,-0.0058202385,0.14103237,-0.0074867513,-0.003928487,0.36778557,-0.004890913,-0.0027487054,-0.003569166,-0.0013856097,0.006143961,-0.002726836,0.009951789
KIR3DL2,-0.00091342634,-0.002195106,-0.0013761553,0.39414644,-0.0058202385,0.14103237,-0.0074867513,-0.003928487,0.36778557,-0.004890913,-0.0027487054,-0.003569166,-0.0013856097,0.006143961,-0.002726836,0.009951789
KIZ,-0.00091342634,-0.002195106,-0.0013761553,0.39414644,-0.0058202385,0.14103237,-0.0074867513,-0.003928487,0.36778557,-0.004890913,-0.0027487054,-0.003569166,-0.0013856097,0.006143961,-0.002726836,0.009951789
KLF3-AS1,-0.00091342634,-0.002195106,-0.0013761553,0.39414644,-0.0058202385,0.14103237,-0.0074867513,-0.003928487,0.36778557,-0.004890913,-0.0027487054,-0.003569166,-0.0013856097,0.006143961,-0.002726836,0.009951789
KLHDC1,-5.6579036e-05,-0.00028068255,-0.0013211253,0.5283586,-0.0043613594,0.10326435,-0.005304129,-0.0023585195,0.32367596,-0.003354221,-0.002653861,-0.0035238382,-0.0006161558,-0.00013301474,-0.004195477,-0.0013739844
KLHDC10,-0.00091342634,-0.002195106,-0.0013761553,0.39414644,-0.0058202385,0.14103237,-0.0074867513,-0.003928487,0.36778557,-0.004890913,-0.0027487054,-0.003569166,-0.0013856097,0.006143961,-0.002726836,0.009951789
KLHDC4,-0.0008068117,-0.0024243607,-0.0006480862,0.40347397,-0.0054449267,0.21855581,-0.006522894,-0.003586409,0.33322683,-0.0041442597,-0.0022412648,-0.0033418403,-0.0012516238,-0.0005681758,-0.0018777698,0.009755332
KLHL11,-0.00091342634,-0.002195106,-0.0013761553,0.39414644,-0.0058202385,0.14103237,-0.0074867513,-0.003928487,0.36778557,-0.004890913,-0.0027487054,-0.003569166,-0.0013856097,0.006143961,-0.002726836,0.009951789
KLHL29,-0.00091342634,-0.002195106,-0.0013761553,0.39414644,-0.0058202385,0.14103237,-0.0074867513,-0.003928487,0.36778557,-0.004890913,-0.0027487054,-0.003569166,-0.0013856097,0.006143961,-0.002726836,0.009951789
KLHL32,-0.00091342634,-0.002195106,-0.0013761553,0.39414644,-0.0058202385,0.14103237,-0.0074867513,-0.003928487,0.36778557,-0.004890913,-0.0027487054,-0.003569166,-0.0013856097,0.006143961,-0.002726836,0.009951789
KLRB1,-0.00091276143,-0.0022047418,-0.001371651,0.3952939,-0.005808187,0.14232913,-0.0074750525,-0.0039420263,0.36733,-0.004885167,-0.0027369792,-0.0035663354,-0.0013890138,0.005412314,-0.0027191022,0.009295601
KLRC1,-0.00091342634,-0.002195106,-0.0013761553,0.39414644,-0.0058202385,0.14103237,-0.0074867513,-0.003928487,0.36778557,-0.004890913,-0.0027487054,-0.003569166,-0.0013856097,0.006143961,-0.002726836,0.009951789
KLRF1,-0.00091342634,-0.002195106,-0.0013761553,0.39414644,-0.0058202385,0.14103237,-0.0074867513,-0.003928487,0.36778557,-0.004890913,-0.0027487054,-0.003569166,-0.0013856097,0.006143961,-0.002726836,0.009951789
KLRG1,-0.00091342634,-0.002195106,-0.0013761553,0.39414644,-0.0058202385,0.14103237,-0.0074867513,-0.003928487,0.36778557,-0.004890913,-0.0027487054,-0.003569166,-0.0013856097,0.006143961,-0.002726836,0.009951789
KLRK1,-0.00091342634,-0.002195106,-0.0013761553,0.39414644,-0.0058202385,0.14103237,-0.0074867513,-0.003928487,0.36778557,-0.004890913,-0.0027487054,-0.003569166,-0.0013856097,0.006143961,-0.002726836,0.009951789
KNOP1,-0.00091342634,-0.002195106,-0.0013761553,0.39414644,-0.0058202385,0.14103237,-0.0074867513,-0.003928487,0.36778557,-0.004890913,-0.0027487054,-0.003569166,-0.0013856097,0.006143961,-0.002726836,0.009951789
KPNA2,-0.00091342634,-0.002195106,-0.0013761553,0.39414644,-0.0058202385,0.14103237,-0.0074867513,-0.003928487,0.36778557,-0.004890913,-0.0027487054,-0.003569166,-0.0013856097,0.006143961,-0.002726836,0.009951789
KPNA5,-0.0008939806,-0.002176552,-0.001365714,0.3951102,-0.005809522,0.1432407,-0.007491453,-0.003914045,0.36546817,-0.0048923064,-0.0027377654,-0.0035957103,-0.0013653082,0.005055342,-0.0027475746,0.008278657
KRBA2,-0.00091342634,-0.002195106,-0.0013761553,0.39414644,-0.0058202385,0.14103237,-0.0074867513,-0.003928487,0.36778557,-0.004890913,-0.0027487054,-0.003569166,-0.0013856097,0.006143961,-0.002726836,0.009951789
KRI1,-0.00091342634,-0.002195106,-0.0013761553,0.39414644,-0.0058202385,0.14103237,-0.0074867513,-0.003928487,0.36778557,-0.004890913,-0.0027487054,-0.003569166,-0.0013856097,0.006143961,-0.002726836,0.009951789
KRT33A,-0.00091342634,-0.002195106,-0.0013761553,0.39414644,-0.0058202385,0.14103237,-0.0074867513,-0.003928487,0.36778557,-0.004890913,-0.0027487054,-0.003569166,-0.0013856097,0.006143961,-0.002726836,0.009951789
KRT73-AS1,-0.00091342634,-0.002195106,-0.0013761553,0.39414644,-0.0058202385,0.14103237,-0.0074867513,-0.003928487,0.36778557,-0.004890913,-0.0027487054,-0.003569166,-0.0013856097,0.006143961,-0.002726836,0.009951789
KRT74,-0.00091342634,-0.002195106,-0.0013761553,0.39414644,-0.0058202385,0.14103237,-0.0074867513,-0.003928487,0.36778557,-0.004890913,-0.0027487054,-0.003569166,-0.0013856097,0.006143961,-0.002726836,0.009951789
KRT80,-0.00091342634,-0.002195106,-0.0013761553,0.39414644,-0.0058202385,0.14103237,-0.0074867513,-0.003928487,0.36778557,-0.004890913,-0.0027487054,-0.003569166,-0.0013856097,0.006143961,-0.002726836,0.009951789
KRTDAP,-0.00071925693,-0.0018456789,-0.0014616052,0.36821127,-0.0061785923,0.13799013,-0.00787604,-0.0034936117,0.39128733,-0.0046653086,-0.0027227357,-0.0037831508,-0.0014476858,0.006141443,-0.002794148,0.018656304
L2HGDH,-0.00091342634,-0.002195106,-0.0013761553,0.39414644,-0.0058202385,0.14103237,-0.0074867513,-0.003928487,0.36778557,-0.004890913,-0.0027487054,-0.003569166,-0.0013856097,0.006143961,-0.002726836,0.009951789
LAG3,-0.0009225366,-0.0021840534,-0.0013560026,0.39342353,-0.00582745,0.1414612,-0.0074927486,-0.0039216927,0.36850548,-0.0048828707,-0.0027503828,-0.0035749623,-0.0013937034,0.0064413585,-0.0027190822,0.009691594
LAIR2,-0.00091342634,-0.002195106,-0.0013761553,0.39414644,-0.0058202385,0.14103237,-0.0074867513,-0.003928487,0.36778557,-0.004890913,-0.0027487054,-0.003569166,-0.0013856097,0.006143961,-0.002726836,0.009951789
LAMA3,-0.00091342634,-0.002195106,-0.0013761553,0.39414644,-0.0058202385,0.14103237,-0.0074867513,-0.003928487,0.36778557,-0.004890913,-0.0027487054,-0.003569166,-0.0013856097,0.006143961,-0.002726836,0.009951789
LAMP3,-0.0009136853,-0.0021948314,-0.0013763853,0.3941154,-0.005820094,0.14105439,-0.0074868766,-0.003928391,0.36780918,-0.0048911218,-0.0027486496,-0.0035693129,-0.0013854988,0.00616619,-0.0027270096,0.009973925
LANCL1,-0.00091342634,-0.002195106,-0.0013761553,0.39414644,-0.0058202385,0.14103237,-0.0074867513,-0.003928487,0.36778557,-0.004890913,-0.0027487054,-0.003569166,-0.0013856097,0.006143961,-0.002726836,0.009951789
LANCL3,-0.00091342634,-0.002195106,-0.0013761553,0.39414644,-0.0058202385,0.14103237,-0.0074867513,-0.003928487,0.36778557,-0.004890913,-0.0027487054,-0.003569166,-0.0013856097,0.006143961,-0.002726836,0.009951789
LAT,-0.00064489787,-0.001919418,-0.0012881511,0.38723135,-0.005783969,0.15845251,-0.0072523206,-0.0038227367,0.38154578,-0.0047407774,-0.0025734615,-0.0038787338,-0.0013219821,0.014795952,-0.00290439,-0.00020557788
LAX1,-0.00091342634,-0.002195106,-0.0013761553,0.39414644,-0.0058202385,0.14103237,-0.0074867513,-0.003928487,0.36778557,-0.004890913,-0.0027487054,-0.003569166,-0.0013856097,0.006143961,-0.002726836,0.009951789
LCK,-0.0014318001,-0.0022786153,-0.0018577307,0.45017463,-0.0062076687,0.14975047,-0.0076045166,-0.0033568603,0.33233684,-0.0046963654,-0.0023686404,-0.0032848548,-0.0010774499,-0.00040442185,-0.0030894058,-0.0005346208
LCLAT1,-0.00091342634,-0.002195106,-0.0013761553,0.39414644,-0.0058202385,0.14103237,-0.0074867513,-0.003928487,0.36778557,-0.004890913,-0.0027487054,-0.003569166,-0.0013856097,0.006143961,-0.002726836,0.009951789
LDAH,-0.00091342634,-0.002195106,-0.0013761553,0.39414644,-0.0058202385,0.14103237,-0.0074867513,-0.003928487,0.36778557,-0.004890913,-0.0027487054,-0.003569166,-0.0013856097,0.006143961,-0.002726836,0.009951789
LDB2,-0.00091342634,-0.002195106,-0.0013761553,0.39414644,-0.0058202385,0.14103237,-0.0074867513,-0.003928487,0.36778557,-0.004890913,-0.0027487054,-0.003569166,-0.0013856097,0.006143961,-0.002726836,0.009951789
LDHC,-0.00071925693,-0.0018456789,-0.0014616052,0.36821127,-0.0061785923,0.13799013,-0.00787604,-0.0034936117,0.39128733,-0.0046653086,-0.0027227357,-0.0037831508,-0.0014476858,0.006141443,-0.002794148,0.018656304
LDLRAP1,-0.00091342634,-0.002195106,-0.0013761553,0.39414644,-0.0058202385,0.14103237,-0.0074867513,-0.003928487,0.36778557,-0.004890913,-0.0027487054,-0.003569166,-0.0013856097,0.006143961,-0.002726836,0.009951789
LEF1-AS1,-0.00091342634,-0.002195106,-0.0013761553,0.39414644,-0.0058202385,0.14103237,-0.0074867513,-0.003928487,0.36778557,-0.004890913,-0.0027487054,-0.003569166,-0.0013856097,0.006143961,-0.002726836,0.009951789
LEFTY2,-0.00091342634,-0.002195106,-0.0013761553,0.39414644,-0.0058202385,0.14103237,-0.0074867513,-0.003928487,0.36778557,-0.004890913,-0.0027487054,-0.003569166,-0.0013856097,0.006143961,-0.002726836,0.009951789
LEMD3,-0.0006299046,-0.00086990505,-0.0021812813,0.38032544,-0.0053263893,0.19931287,-0.007627409,-0.004911868,0.33531487,-0.0053343954,-0.0012606112,-0.004592328,-0.0023549108,-0.0008438031,-0.0013815283,0.040636156
LETM2,-0.00091342634,-0.002195106,-0.0013761553,0.39414644,-0.0058202385,0.14103237,-0.0074867513,-0.003928487,0.36778557,-0.004890913,-0.0027487054,-0.003569166,-0.0013856097,0.006143961,-0.002726836,0.009951789
LEXM,-0.00088990096,-0.0016303355,-0.0012965231,0.40575373,-0.0038952865,0.15146111,-0.00510286,-0.006077687,0.1332844,-0.0030100376,-0.00068197056,-0.002717577,-6.387189e-05,0.16581057,-0.0036675644,0.06364943
LGALS8-AS1,-0.00091862923,-0.002184325,-0.0013677159,0.39408308,-0.005820053,0.14102049,-0.007497943,-0.003925711,0.3681443,-0.004899566,-0.0027374309,-0.0035677014,-0.001379017,0.0056503154,-0.0027175313,0.008917589
LGALS9B,-0.00091342634,-0.002195106,-0.0013761553,0.39414644,-0.0058202385,0.14103237,-0.0074867513,-0.003928487,0.36778557,-0.004890913,-0.0027487054,-0.003569166,-0.0013856097,0.006143961,-0.002726836,0.009951789
LGR6,-0.00091342634,-0.002195106,-0.0013761553,0.39414644,-0.0058202385,0.14103237,-0.0074867513,-0.003928487,0.36778557,-0.004890913,-0.0027487054,-0.003569166,-0.0013856097,0.006143961,-0.002726836,0.009951789
LHFPL1,-0.00089599687,-0.0021817165,-0.0013640422,0.3956078,-0.005809909,0.14328994,-0.0074903523,-0.0039212154,0.36577544,-0.0048855417,-0.0027356779,-0.0035886306,-0.0013670613,0.0050398745,-0.0027420844,0.008148123
LHX1-DT,-0.00090771663,-0.002188174,-0.0013804153,0.39317083,-0.0058321594,0.14202403,-0.0074782907,-0.0039347513,0.36797678,-0.0048902864,-0.0027565043,-0.0035701704,-0.0013750436,0.005133096,-0.0027345177,0.008900557
LIM2,-0.00091342634,-0.002195106,-0.0013761553,0.39414644,-0.0058202385,0.14103237,-0.0074867513,-0.003928487,0.36778557,-0.004890913,-0.0027487054,-0.003569166,-0.0013856097,0.006143961,-0.002726836,0.009951789
LIMA1,-0.00090771663,-0.002188174,-0.0013804153,0.39317083,-0.0058321594,0.14202403,-0.0074782907,-0.0039347513,0.36797678,-0.0048902864,-0.0027565043,-0.0035701704,-0.0013750436,0.005133096,-0.0027345177,0.008900557
LIME1,-0.00091342634,-0.002195106,-0.0013761553,0.39414644,-0.0058202385,0.14103237,-0.0074867513,-0.003928487,0.36778557,-0.004890913,-0.0027487054,-0.003569166,-0.0013856097,0.006143961,-0.002726836,0.009951789
LIN7B,-0.00091342634,-0.002195106,-0.0013761553,0.39414644,-0.0058202385,0.14103237,-0.0074867513,-0.003928487,0.36778557,-0.004890913,-0.0027487054,-0.003569166,-0.0013856097,0.006143961,-0.002726836,0.009951789
LINC00092,-0.00091342634,-0.002195106,-0.0013761553,0.39414644,-0.0058202385,0.14103237,-0.0074867513,-0.003928487,0.36778557,-0.004890913,-0.0027487054,-0.003569166,-0.0013856097,0.006143961,-0.002726836,0.009951789
LINC00237,-0.00091342634,-0.002195106,-0.0013761553,0.39414644,-0.0058202385,0.14103237,-0.0074867513,-0.003928487,0.36778557,-0.004890913,-0.0027487054,-0.003569166,-0.0013856097,0.006143961,-0.002726836,0.009951789
LINC00240,-0.00091342634,-0.002195106,-0.0013761553,0.39414644,-0.0058202385,0.14103237,-0.0074867513,-0.003928487,0.36778557,-0.004890913,-0.0027487054,-0.003569166,-0.0013856097,0.006143961,-0.002726836,0.009951789
LINC00243,-0.0023729303,-0.003422901,0.020272553,0.21368319,-0.004244879,0.13477245,-0.0059964526,-0.0022090098,0.2692378,-0.0042093843,-0.0045897705,-0.0017857387,-0.0032940859,0.10665566,-0.0036105216,0.17494681
LINC00299,-0.00091342634,-0.002195106,-0.0013761553,0.39414644,-0.0058202385,0.14103237,-0.0074867513,-0.003928487,0.36778557,-0.004890913,-0.0027487054,-0.003569166,-0.0013856097,0.006143961,-0.002726836,0.009951789
LINC00323,-0.00091342634,-0.002195106,-0.0013761553,0.39414644,-0.0058202385,0.14103237,-0.0074867513,-0.003928487,0.36778557,-0.004890913,-0.0027487054,-0.003569166,-0.0013856097,0.006143961,-0.002726836,0.009951789
LINC00390,-0.00091378647,-0.0021970277,-0.0013782722,0.39412314,-0.005820528,0.14106952,-0.0074844663,-0.0039293924,0.36785668,-0.004888715,-0.0027467292,-0.0035714072,-0.0013842476,0.0061832257,-0.0027291193,0.009709898
LINC00402,-0.00091342634,-0.002195106,-0.0013761553,0.39414644,-0.0058202385,0.14103237,-0.0074867513,-0.003928487,0.36778557,-0.004890913,-0.0027487054,-0.003569166,-0.0013856097,0.006143961,-0.002726836,0.009951789
LINC00461,-0.00091342634,-0.002195106,-0.0013761553,0.39414644,-0.0058202385,0.14103237,-0.0074867513,-0.003928487,0.36778557,-0.004890913,-0.0027487054,-0.003569166,-0.0013856097,0.006143961,-0.002726836,0.009951789
LINC00469,-0.00091342634,-0.002195106,-0.0013761553,0.39414644,-0.0058202385,0.14103237,-0.0074867513,-0.003928487,0.36778557,-0.004890913,-0.0027487054,-0.003569166,-0.0013856097,0.006143961,-0.002726836,0.009951789
LINC00471,-0.0008068117,-0.0024243607,-0.0006480862,0.40347397,-0.0054449267,0.21855581,-0.006522894,-0.003586409,0.33322683,-0.0041442597,-0.0022412648,-0.0033418403,-0.0012516238,-0.0005681758,-0.0018777698,0.009755332
LINC00502,-0.00091342634,-0.002195106,-0.0013761553,0.39414644,-0.0058202385,0.14103237,-0.0074867513,-0.003928487,0.36778557,-0.004890913,-0.0027487054,-0.003569166,-0.0013856097,0.006143961,-0.002726836,0.009951789
LINC00551,-0.00091342634,-0.002195106,-0.0013761553,0.39414644,-0.0058202385,0.14103237,-0.0074867513,-0.003928487,0.36778557,-0.004890913,-0.0027487054,-0.003569166,-0.0013856097,0.006143961,-0.002726836,0.009951789
LINC00554,-0.00091342634,-0.002195106,-0.0013761553,0.39414644,-0.0058202385,0.14103237,-0.0074867513,-0.003928487,0.36778557,-0.004890913,-0.0027487054,-0.003569166,-0.0013856097,0.006143961,-0.002726836,0.009951789
LINC00563,-0.00091342634,-0.002195106,-0.0013761553,0.39414644,-0.0058202385,0.14103237,-0.0074867513,-0.003928487,0.36778557,-0.004890913,-0.0027487054,-0.003569166,-0.0013856097,0.006143961,-0.002726836,0.009951789
LINC00582,-5.6579036e-05,-0.00028068255,-0.0013211253,0.5283586,-0.0043613594,0.10326435,-0.005304129,-0.0023585195,0.32367596,-0.003354221,-0.002653861,-0.0035238382,-0.0006161558,-0.00013301474,-0.004195477,-0.0013739844
LINC00612,-0.00091342634,-0.002195106,-0.0013761553,0.39414644,-0.0058202385,0.14103237,-0.0074867513,-0.003928487,0.36778557,-0.004890913,-0.0027487054,-0.003569166,-0.0013856097,0.006143961,-0.002726836,0.009951789
LINC00623,-0.00091342634,-0.002195106,-0.0013761553,0.39414644,-0.0058202385,0.14103237,-0.0074867513,-0.003928487,0.36778557,-0.004890913,-0.0027487054,-0.003569166,-0.0013856097,0.006143961,-0.002726836,0.009951789
LINC00649,-0.00091342634,-0.002195106,-0.0013761553,0.39414644,-0.0058202385,0.14103237,-0.0074867513,-0.003928487,0.36778557,-0.004890913,-0.0027487054,-0.003569166,-0.0013856097,0.006143961,-0.002726836,0.009951789
LINC00652,-0.00091342634,-0.002195106,-0.0013761553,0.39414644,-0.0058202385,0.14103237,-0.0074867513,-0.003928487,0.36778557,-0.004890913,-0.0027487054,-0.003569166,-0.0013856097,0.006143961,-0.002726836,0.009951789
LINC00661,-0.00091342634,-0.002195106,-0.0013761553,0.39414644,-0.0058202385,0.14103237,-0.0074867513,-0.003928487,0.36778557,-0.004890913,-0.0027487054,-0.003569166,-0.0013856097,0.006143961,-0.002726836,0.009951789
LINC00685,-0.00091342634,-0.002195106,-0.0013761553,0.39414644,-0.0058202385,0.14103237,-0.0074867513,-0.003928487,0.36778557,-0.004890913,-0.0027487054,-0.003569166,-0.0013856097,0.006143961,-0.002726836,0.009951789
LINC00850,-0.00091342634,-0.002195106,-0.0013761553,0.39414644,-0.0058202385,0.14103237,-0.0074867513,-0.003928487,0.36778557,-0.004890913,-0.0027487054,-0.003569166,-0.0013856097,0.006143961,-0.002726836,0.009951789
LINC00867,-0.0009105464,-0.0021951324,-0.0013739556,0.39374536,-0.005819498,0.14079864,-0.0074908393,-0.0039298534,0.36747813,-0.0048883236,-0.0027526265,-0.003569026,-0.0013886556,0.0061175562,-0.0027294396,0.009530757
LINC00882,-0.00091776496,-0.0021902006,-0.0013652995,0.39322525,-0.005826504,0.1416322,-0.0074852793,-0.0039205425,0.36792898,-0.004880784,-0.0027496188,-0.0035703494,-0.0013872812,0.006443355,-0.0027271234,0.010392247
LINC00926,-0.00091064785,-0.0021949299,-0.0013710769,0.3942852,-0.0058323652,0.14223243,-0.007496241,-0.003909612,0.36855403,-0.004894957,-0.0027642986,-0.003559562,-0.0013899612,0.00550564,-0.0027209595,0.010754991
LINC00944,-0.00091342634,-0.002195106,-0.0013761553,0.39414644,-0.0058202385,0.14103237,-0.0074867513,-0.003928487,0.36778557,-0.004890913,-0.0027487054,-0.003569166,-0.0013856097,0.006143961,-0.002726836,0.009951789
LINC00970,-0.0008068117,-0.0024243607,-0.0006480862,0.40347397,-0.0054449267,0.21855581,-0.006522894,-0.003586409,0.33322683,-0.0041442597,-0.0022412648,-0.0033418403,-0.0012516238,-0.0005681758,-0.0018777698,0.009755332
LINC01004,-0.00091342634,-0.002195106,-0.0013761553,0.39414644,-0.0058202385,0.14103237,-0.0074867513,-0.003928487,0.36778557,-0.004890913,-0.0027487054,-0.003569166,-0.0013856097,0.006143961,-0.002726836,0.009951789
LINC01033,-0.00091342634,-0.002195106,-0.0013761553,0.39414644,-0.0058202385,0.14103237,-0.0074867513,-0.003928487,0.36778557,-0.004890913,-0.0027487054,-0.003569166,-0.0013856097,0.006143961,-0.002726836,0.009951789
LINC01063,-0.00091342634,-0.002195106,-0.0013761553,0.39414644,-0.0058202385,0.14103237,-0.0074867513,-0.003928487,0.36778557,-0.004890913,-0.0027487054,-0.003569166,-0.0013856097,0.006143961,-0.002726836,0.009951789
LINC01077,-0.00091342634,-0.002195106,-0.0013761553,0.39414644,-0.0058202385,0.14103237,-0.0074867513,-0.003928487,0.36778557,-0.004890913,-0.0027487054,-0.003569166,-0.0013856097,0.006143961,-0.002726836,0.009951789
LINC01135,-0.0009105464,-0.0021951324,-0.0013739556,0.39374536,-0.005819498,0.14079864,-0.0074908393,-0.0039298534,0.36747813,-0.0048883236,-0.0027526265,-0.003569026,-0.0013886556,0.0061175562,-0.0027294396,0.009530757
LINC01151,-0.0009080768,-0.0021900963,-0.0013825322,0.39314753,-0.005832449,0.14206117,-0.0074760052,-0.0039356565,0.3680479,-0.004888088,-0.002754528,-0.0035724114,-0.0013736814,0.0051723607,-0.002736801,0.008658666
LINC01232,-0.0007211598,-0.0018361541,-0.0014503838,0.368392,-0.0061817933,0.13828132,-0.007883322,-0.003490787,0.3918029,-0.004667953,-0.0027263048,-0.003787806,-0.001451957,0.0062236674,-0.002788049,0.01765724
LINC01237,-0.00091342634,-0.002195106,-0.0013761553,0.39414644,-0.0058202385,0.14103237,-0.0074867513,-0.003928487,0.36778557,-0.004890913,-0.0027487054,-0.003569166,-0.0013856097,0.006143961,-0.002726836,0.009951789
LINC01278,-0.00091342634,-0.002195106,-0.0013761553,0.39414644,-0.0058202385,0.14103237,-0.0074867513,-0.003928487,0.36778557,-0.004890913,-0.0027487054,-0.003569166,-0.0013856097,0.006143961,-0.002726836,0.009951789
LINC01315,-0.00088990096,-0.0016303355,-0.0012965231,0.40575373,-0.0038952865,0.15146111,-0.00510286,-0.006077687,0.1332844,-0.0030100376,-0.00068197056,-0.002717577,-6.387189e-05,0.16581057,-0.0036675644,0.06364943
LINC01381,-0.00091342634,-0.002195106,-0.0013761553,0.39414644,-0.0058202385,0.14103237,-0.0074867513,-0.003928487,0.36778557,-0.004890913,-0.0027487054,-0.003569166,-0.0013856097,0.006143961,-0.002726836,0.009951789
LINC01413,-0.00089510385,-0.0016195545,-0.0012880837,0.40569034,-0.0038951018,0.15144925,-0.005114051,-0.00607491,0.13364312,-0.0030186896,-0.000670696,-0.0027161126,-5.727917e-05,0.16531692,-0.00365826,0.06261524
LINC01426,-0.00091342634,-0.002195106,-0.0013761553,0.39414644,-0.0058202385,0.14103237,-0.0074867513,-0.003928487,0.36778557,-0.004890913,-0.0027487054,-0.003569166,-0.0013856097,0.006143961,-0.002726836,0.009951789
LINC01431,-0.00071925693,-0.0018456789,-0.0014616052,0.36821127,-0.0061785923,0.13799013,-0.00787604,-0.0034936117,0.39128733,-0.0046653086,-0.0027227357,-0.0037831508,-0.0014476858,0.006141443,-0.002794148,0.018656304
LINC01524,-0.00091342634,-0.002195106,-0.0013761553,0.39414644,-0.0058202385,0.14103237,-0.0074867513,-0.003928487,0.36778557,-0.004890913,-0.0027487054,-0.003569166,-0.0013856097,0.006143961,-0.002726836,0.009951789
LINC01550,-0.00091342634,-0.002195106,-0.0013761553,0.39414644,-0.0058202385,0.14103237,-0.0074867513,-0.003928487,0.36778557,-0.004890913,-0.0027487054,-0.003569166,-0.0013856097,0.006143961,-0.002726836,0.009951789
LINC01585,-0.00091342634,-0.002195106,-0.0013761553,0.39414644,-0.0058202385,0.14103237,-0.0074867513,-0.003928487,0.36778557,-0.004890913,-0.0027487054,-0.003569166,-0.0013856097,0.006143961,-0.002726836,0.009951789
LINC01588,-0.00091342634,-0.002195106,-0.0013761553,0.39414644,-0.0058202385,0.14103237,-0.0074867513,-0.003928487,0.36778557,-0.004890913,-0.0027487054,-0.003569166,-0.0013856097,0.006143961,-0.002726836,0.009951789
LINC01679,-0.0009105464,-0.0021951324,-0.0013739556,0.39374536,-0.005819498,0.14079864,-0.0074908393,-0.0039298534,0.36747813,-0.0048883236,-0.0027526265,-0.003569026,-0.0013886556,0.0061175562,-0.0027294396,0.009530757
LINC01695,-0.00092175114,-0.0021947843,-0.0013837354,0.3932873,-0.0058269226,0.1408555,-0.007479291,-0.0039353026,0.36891723,-0.0048954575,-0.0027480249,-0.003571731,-0.0013917967,0.007374119,-0.0027148186,0.010953164
LINC01716,-0.00091342634,-0.002195106,-0.0013761553,0.39414644,-0.0058202385,0.14103237,-0.0074867513,-0.003928487,0.36778557,-0.004890913,-0.0027487054,-0.003569166,-0.0013856097,0.006143961,-0.002726836,0.009951789
LINC01725,-0.00091342634,-0.002195106,-0.0013761553,0.39414644,-0.0058202385,0.14103237,-0.0074867513,-0.003928487,0.36778557,-0.004890913,-0.0027487054,-0.003569166,-0.0013856097,0.006143961,-0.002726836,0.009951789
LINC01727,-0.00091342634,-0.002195106,-0.0013761553,0.39414644,-0.0058202385,0.14103237,-0.0074867513,-0.003928487,0.36778557,-0.004890913,-0.0027487054,-0.003569166,-0.0013856097,0.006143961,-0.002726836,0.009951789
LINC01764,-0.00091342634,-0.002195106,-0.0013761553,0.39414644,-0.0058202385,0.14103237,-0.0074867513,-0.003928487,0.36778557,-0.004890913,-0.0027487054,-0.003569166,-0.0013856097,0.006143961,-0.002726836,0.009951789
LINC01765,-0.00091342634,-0.002195106,-0.0013761553,0.39414644,-0.0058202385,0.14103237,-0.0074867513,-0.003928487,0.36778557,-0.004890913,-0.0027487054,-0.003569166,-0.0013856097,0.006143961,-0.002726836,0.009951789
LINC01775,-0.00091342634,-0.002195106,-0.0013761553,0.39414644,-0.0058202385,0.14103237,-0.0074867513,-0.003928487,0.36778557,-0.004890913,-0.0027487054,-0.003569166,-0.0013856097,0.006143961,-0.002726836,0.009951789
LINC01778,-0.00091342634,-0.002195106,-0.0013761553,0.39414644,-0.0058202385,0.14103237,-0.0074867513,-0.003928487,0.36778557,-0.004890913,-0.0027487054,-0.003569166,-0.0013856097,0.006143961,-0.002726836,0.009951789
LINC01780,-0.00091342634,-0.002195106,-0.0013761553,0.39414644,-0.0058202385,0.14103237,-0.0074867513,-0.003928487,0.36778557,-0.004890913,-0.0027487054,-0.003569166,-0.0013856097,0.006143961,-0.002726836,0.009951789
LINC01792,-0.00091342634,-0.002195106,-0.0013761553,0.39414644,-0.0058202385,0.14103237,-0.0074867513,-0.003928487,0.36778557,-0.004890913,-0.0027487054,-0.003569166,-0.0013856097,0.006143961,-0.002726836,0.009951789
LINC01805,-0.0009083604,-0.002190757,-0.0013776293,0.394368,-0.005814905,0.14094813,-0.007490289,-0.0039329003,0.36830753,-0.00489255,-0.0027420842,-0.0035757893,-0.0013899484,0.0055775978,-0.0027264,0.009774033
LINC01816,-0.00091342634,-0.002195106,-0.0013761553,0.39414644,-0.0058202385,0.14103237,-0.0074867513,-0.003928487,0.36778557,-0.004890913,-0.0027487054,-0.003569166,-0.0013856097,0.006143961,-0.002726836,0.009951789
LINC01825,-0.00091342634,-0.002195106,-0.0013761553,0.39414644,-0.0058202385,0.14103237,-0.0074867513,-0.003928487,0.36778557,-0.004890913,-0.0027487054,-0.003569166,-0.0013856097,0.006143961,-0.002726836,0.009951789
LINC01829,-0.00091342634,-0.002195106,-0.0013761553,0.39414644,-0.0058202385,0.14103237,-0.0074867513,-0.003928487,0.36778557,-0.004890913,-0.0027487054,-0.003569166,-0.0013856097,0.006143961,-0.002726836,0.009951789
LINC01841,-0.00091342634,-0.002195106,-0.0013761553,0.39414644,-0.0058202385,0.14103237,-0.0074867513,-0.003928487,0.36778557,-0.004890913,-0.0027487054,-0.003569166,-0.0013856097,0.006143961,-0.002726836,0.009951789
LINC01843,-0.00091342634,-0.002195106,-0.0013761553,0.39414644,-0.0058202385,0.14103237,-0.0074867513,-0.003928487,0.36778557,-0.004890913,-0.0027487054,-0.003569166,-0.0013856097,0.006143961,-0.002726836,0.009951789
LINC01857,-0.00091342634,-0.002195106,-0.0013761553,0.39414644,-0.0058202385,0.14103237,-0.0074867513,-0.003928487,0.36778557,-0.004890913,-0.0027487054,-0.003569166,-0.0013856097,0.006143961,-0.002726836,0.009951789
LINC01865,-0.00091342634,-0.002195106,-0.0013761553,0.39414644,-0.0058202385,0.14103237,-0.0074867513,-0.003928487,0.36778557,-0.004890913,-0.0027487054,-0.003569166,-0.0013856097,0.006143961,-0.002726836,0.009951789
LINC01870,-0.00091342634,-0.002195106,-0.0013761553,0.39414644,-0.0058202385,0.14103237,-0.0074867513,-0.003928487,0.36778557,-0.004890913,-0.0027487054,-0.003569166,-0.0013856097,0.006143961,-0.002726836,0.009951789
LINC01871,-0.00088990096,-0.0016303355,-0.0012965231,0.40575373,-0.0038952865,0.15146111,-0.00510286,-0.006077687,0.1332844,-0.0030100376,-0.00068197056,-0.002717577,-6.387189e-05,0.16581057,-0.0036675644,0.06364943
LINC01872,-0.00091342634,-0.002195106,-0.0013761553,0.39414644,-0.0058202385,0.14103237,-0.0074867513,-0.003928487,0.36778557,-0.004890913,-0.0027487054,-0.003569166,-0.0013856097,0.006143961,-0.002726836,0.009951789
LINC01876,-0.00091342634,-0.002195106,-0.0013761553,0.39414644,-0.0058202385,0.14103237,-0.0074867513,-0.003928487,0.36778557,-0.004890913,-0.0027487054,-0.003569166,-0.0013856097,0.006143961,-0.002726836,0.009951789
LINC01887,-0.00071925693,-0.0018456789,-0.0014616052,0.36821127,-0.0061785923,0.13799013,-0.00787604,-0.0034936117,0.39128733,-0.0046653086,-0.0027227357,-0.0037831508,-0.0014476858,0.006141443,-0.002794148,0.018656304
LINC01891,-0.00091342634,-0.002195106,-0.0013761553,0.39414644,-0.0058202385,0.14103237,-0.0074867513,-0.003928487,0.36778557,-0.004890913,-0.0027487054,-0.003569166,-0.0013856097,0.006143961,-0.002726836,0.009951789
LINC01895,-0.00091342634,-0.002195106,-0.0013761553,0.39414644,-0.0058202385,0.14103237,-0.0074867513,-0.003928487,0.36778557,-0.004890913,-0.0027487054,-0.003569166,-0.0013856097,0.006143961,-0.002726836,0.009951789
LINC01964,-0.0009105576,-0.0021917277,-0.0013742306,0.39412886,-0.005822493,0.14149454,-0.007486565,-0.003924513,0.36772466,-0.004891471,-0.0027515104,-0.0035692083,-0.001383459,0.0062281825,-0.0027287782,0.009653378
LINC01970,-0.00091342634,-0.002195106,-0.0013761553,0.39414644,-0.0058202385,0.14103237,-0.0074867513,-0.003928487,0.36778557,-0.004890913,-0.0027487054,-0.003569166,-0.0013856097,0.006143961,-0.002726836,0.009951789
LINC01973,-0.00091342634,-0.002195106,-0.0013761553,0.39414644,-0.0058202385,0.14103237,-0.0074867513,-0.003928487,0.36778557,-0.004890913,-0.0027487054,-0.003569166,-0.0013856097,0.006143961,-0.002726836,0.009951789
LINC01983,-0.00091342634,-0.002195106,-0.0013761553,0.39414644,-0.0058202385,0.14103237,-0.0074867513,-0.003928487,0.36778557,-0.004890913,-0.0027487054,-0.003569166,-0.0013856097,0.006143961,-0.002726836,0.009951789
LINC01985,-0.00064489787,-0.001919418,-0.0012881511,0.38723135,-0.005783969,0.15845251,-0.0072523206,-0.0038227367,0.38154578,-0.0047407774,-0.0025734615,-0.0038787338,-0.0013219821,0.014795952,-0.00290439,-0.00020557788
LINC01986,-0.0023732902,-0.0034248228,0.020060852,0.21365988,-0.004245169,0.1348096,-0.005994167,-0.002209915,0.2693089,-0.004207186,-0.0045877947,-0.0017879799,-0.0032927236,0.10669492,-0.003612805,0.17470492
LINC01991,-0.0009136853,-0.0021948314,-0.0013763853,0.3941154,-0.005820094,0.14105439,-0.0074868766,-0.003928391,0.36780918,-0.0048911218,-0.0027486496,-0.0035693129,-0.0013854988,0.00616619,-0.0027270096,0.009973925
LINC02022,-0.00091342634,-0.002195106,-0.0013761553,0.39414644,-0.0058202385,0.14103237,-0.0074867513,-0.003928487,0.36778557,-0.004890913,-0.0027487054,-0.003569166,-0.0013856097,0.006143961,-0.002726836,0.009951789
LINC02029,-0.00091342634,-0.002195106,-0.0013761553,0.39414644,-0.0058202385,0.14103237,-0.0074867513,-0.003928487,0.36778557,-0.004890913,-0.0027487054,-0.003569166,-0.0013856097,0.006143961,-0.002726836,0.009951789
LINC02042,-0.000914207,-0.0021984258,-0.0013765057,0.39461032,-0.0058250693,0.14080408,-0.0074897753,-0.0039233183,0.3682507,-0.0048899953,-0.0027510324,-0.003567925,-0.0013869992,0.0059067793,-0.0027256778,0.010150332
LINC02084,-0.00091342634,-0.002195106,-0.0013761553,0.39414644,-0.0058202385,0.14103237,-0.0074867513,-0.003928487,0.36778557,-0.004890913,-0.0027487054,-0.003569166,-0.0013856097,0.006143961,-0.002726836,0.009951789
LINC02125,-0.00064489787,-0.001919418,-0.0012881511,0.38723135,-0.005783969,0.15845251,-0.0072523206,-0.0038227367,0.38154578,-0.0047407774,-0.0025734615,-0.0038787338,-0.0013219821,0.014795952,-0.00290439,-0.00020557788
LINC02129,-0.00091342634,-0.002195106,-0.0013761553,0.39414644,-0.0058202385,0.14103237,-0.0074867513,-0.003928487,0.36778557,-0.004890913,-0.0027487054,-0.003569166,-0.0013856097,0.006143961,-0.002726836,0.009951789
LINC02132,-0.000914207,-0.0021984258,-0.0013765057,0.39461032,-0.0058250693,0.14080408,-0.0074897753,-0.0039233183,0.3682507,-0.0048899953,-0.0027510324,-0.003567925,-0.0013869992,0.0059067793,-0.0027256778,0.010150332
LINC02136,-0.00091342634,-0.002195106,-0.0013761553,0.39414644,-0.0058202385,0.14103237,-0.0074867513,-0.003928487,0.36778557,-0.004890913,-0.0027487054,-0.003569166,-0.0013856097,0.006143961,-0.002726836,0.009951789
LINC02175,-0.00091342634,-0.002195106,-0.0013761553,0.39414644,-0.0058202385,0.14103237,-0.0074867513,-0.003928487,0.36778557,-0.004890913,-0.0027487054,-0.003569166,-0.0013856097,0.006143961,-0.002726836,0.009951789
LINC02197,-0.00091342634,-0.002195106,-0.0013761553,0.39414644,-0.0058202385,0.14103237,-0.0074867513,-0.003928487,0.36778557,-0.004890913,-0.0027487054,-0.003569166,-0.0013856097,0.006143961,-0.002726836,0.009951789
LINC02265,-0.00091342634,-0.002195106,-0.0013761553,0.39414644,-0.0058202385,0.14103237,-0.0074867513,-0.003928487,0.36778557,-0.004890913,-0.0027487054,-0.003569166,-0.0013856097,0.006143961,-0.002726836,0.009951789
LINC02273,-0.00091378647,-0.0021970277,-0.0013782722,0.39412314,-0.005820528,0.14106952,-0.0074844663,-0.0039293924,0.36785668,-0.004888715,-0.0027467292,-0.0035714072,-0.0013842476,0.0061832257,-0.0027291193,0.009709898
LINC02288,-0.0009082048,-0.002194612,-0.0013696823,0.39287388,-0.005827985,0.1409599,-0.007477914,-0.003933105,0.3667086,-0.0049039084,-0.0027468388,-0.0035757017,-0.0013801361,0.006160978,-0.0027209988,0.01049595
LINC02299,-0.00091342634,-0.002195106,-0.0013761553,0.39414644,-0.0058202385,0.14103237,-0.0074867513,-0.003928487,0.36778557,-0.004890913,-0.0027487054,-0.003569166,-0.0013856097,0.006143961,-0.002726836,0.009951789
LINC02320,-0.00091342634,-0.002195106,-0.0013761553,0.39414644,-0.0058202385,0.14103237,-0.0074867513,-0.003928487,0.36778557,-0.004890913,-0.0027487054,-0.003569166,-0.0013856097,0.006143961,-0.002726836,0.009951789
LINC02321,-0.00091342634,-0.002195106,-0.0013761553,0.39414644,-0.0058202385,0.14103237,-0.0074867513,-0.003928487,0.36778557,-0.004890913,-0.0027487054,-0.003569166,-0.0013856097,0.006143961,-0.002726836,0.009951789
LINC02323,-0.00091342634,-0.002195106,-0.0013761553,0.39414644,-0.0058202385,0.14103237,-0.0074867513,-0.003928487,0.36778557,-0.004890913,-0.0027487054,-0.003569166,-0.0013856097,0.006143961,-0.002726836,0.009951789
LINC02336,0.01529941,-0.0029777747,-0.002779127,0.12968703,-0.0081769675,0.064344466,-0.006527795,-0.0014904777,0.49352762,-0.0029705588,-0.0032849973,-0.0012937884,-0.0011492718,-0.00037872704,0.013717353,0.05942204
LINC02399,-0.00091635366,-0.0021881687,-0.0013664626,0.39525148,-0.0058228243,0.14062434,-0.0074972115,-0.0039223186,0.3670534,-0.004881518,-0.0027597616,-0.0035587703,-0.0013818975,0.0076893307,-0.002721844,0.010411877
LINC02404,-0.00091342634,-0.002195106,-0.0013761553,0.39414644,-0.0058202385,0.14103237,-0.0074867513,-0.003928487,0.36778557,-0.004890913,-0.0027487054,-0.003569166,-0.0013856097,0.006143961,-0.002726836,0.009951789
LINC02426,-0.00091342634,-0.002195106,-0.0013761553,0.39414644,-0.0058202385,0.14103237,-0.0074867513,-0.003928487,0.36778557,-0.004890913,-0.0027487054,-0.003569166,-0.0013856097,0.006143961,-0.002726836,0.009951789
LINC02442,-0.00091342634,-0.002195106,-0.0013761553,0.39414644,-0.0058202385,0.14103237,-0.0074867513,-0.003928487,0.36778557,-0.004890913,-0.0027487054,-0.003569166,-0.0013856097,0.006143961,-0.002726836,0.009951789
LINC02446,-0.0009114101,-0.002189941,-0.0013778271,0.39364886,-0.005819851,0.14098313,-0.0074878526,-0.003921317,0.3674783,-0.004897678,-0.002750793,-0.0035762459,-0.0013838566,0.0061594285,-0.0027323263,0.010082323
LINC02447,-0.00091342634,-0.002195106,-0.0013761553,0.39414644,-0.0058202385,0.14103237,-0.0074867513,-0.003928487,0.36778557,-0.004890913,-0.0027487054,-0.003569166,-0.0013856097,0.006143961,-0.002726836,0.009951789
LINC02452,-0.00091342634,-0.002195106,-0.0013761553,0.39414644,-0.0058202385,0.14103237,-0.0074867513,-0.003928487,0.36778557,-0.004890913,-0.0027487054,-0.003569166,-0.0013856097,0.006143961,-0.002726836,0.009951789
LINC02455,-0.00091342634,-0.002195106,-0.0013761553,0.39414644,-0.0058202385,0.14103237,-0.0074867513,-0.003928487,0.36778557,-0.004890913,-0.0027487054,-0.003569166,-0.0013856097,0.006143961,-0.002726836,0.009951789
LINC02520,-0.00088990096,-0.0016303355,-0.0012965231,0.40575373,-0.0038952865,0.15146111,-0.00510286,-0.006077687,0.1332844,-0.0030100376,-0.00068197056,-0.002717577,-6.387189e-05,0.16581057,-0.0036675644,0.06364943
LINC02558,-0.00091342634,-0.002195106,-0.0013761553,0.39414644,-0.0058202385,0.14103237,-0.0074867513,-0.003928487,0.36778557,-0.004890913,-0.0027487054,-0.003569166,-0.0013856097,0.006143961,-0.002726836,0.009951789
LINC02561,-0.00091342634,-0.002195106,-0.0013761553,0.39414644,-0.0058202385,0.14103237,-0.0074867513,-0.003928487,0.36778557,-0.004890913,-0.0027487054,-0.003569166,-0.0013856097,0.006143961,-0.002726836,0.009951789
LINC02569,-0.00091342634,-0.002195106,-0.0013761553,0.39414644,-0.0058202385,0.14103237,-0.0074867513,-0.003928487,0.36778557,-0.004890913,-0.0027487054,-0.003569166,-0.0013856097,0.006143961,-0.002726836,0.009951789
LINC02580,-0.00091342634,-0.002195106,-0.0013761553,0.39414644,-0.0058202385,0.14103237,-0.0074867513,-0.003928487,0.36778557,-0.004890913,-0.0027487054,-0.003569166,-0.0013856097,0.006143961,-0.002726836,0.009951789
LINC02685,-0.00091342634,-0.002195106,-0.0013761553,0.39414644,-0.0058202385,0.14103237,-0.0074867513,-0.003928487,0.36778557,-0.004890913,-0.0027487054,-0.003569166,-0.0013856097,0.006143961,-0.002726836,0.009951789
LINC02694,-0.00091342634,-0.002195106,-0.0013761553,0.39414644,-0.0058202385,0.14103237,-0.0074867513,-0.003928487,0.36778557,-0.004890913,-0.0027487054,-0.003569166,-0.0013856097,0.006143961,-0.002726836,0.009951789
LINC02695,0.01529941,-0.0029777747,-0.002779127,0.12968703,-0.0081769675,0.064344466,-0.006527795,-0.0014904777,0.49352762,-0.0029705588,-0.0032849973,-0.0012937884,-0.0011492718,-0.00037872704,0.013717353,0.05942204
LINC02696,-0.00091342634,-0.002195106,-0.0013761553,0.39414644,-0.0058202385,0.14103237,-0.0074867513,-0.003928487,0.36778557,-0.004890913,-0.0027487054,-0.003569166,-0.0013856097,0.006143961,-0.002726836,0.009951789
LINC02725,-0.00091342634,-0.002195106,-0.0013761553,0.39414644,-0.0058202385,0.14103237,-0.0074867513,-0.003928487,0.36778557,-0.004890913,-0.0027487054,-0.003569166,-0.0013856097,0.006143961,-0.002726836,0.009951789
LINC02730,-0.0009082048,-0.002194612,-0.0013696823,0.39287388,-0.005827985,0.1409599,-0.007477914,-0.003933105,0.3667086,-0.0049039084,-0.0027468388,-0.0035757017,-0.0013801361,0.006160978,-0.0027209988,0.01049595
LINC02761,-0.00091776496,-0.0021902006,-0.0013652995,0.39322525,-0.005826504,0.1416322,-0.0074852793,-0.0039205425,0.36792898,-0.004880784,-0.0027496188,-0.0035703494,-0.0013872812,0.006443355,-0.0027271234,0.010392247
LINC02768,-0.00091342634,-0.002195106,-0.0013761553,0.39414644,-0.0058202385,0.14103237,-0.0074867513,-0.003928487,0.36778557,-0.004890913,-0.0027487054,-0.003569166,-0.0013856097,0.006143961,-0.002726836,0.009951789
LINC02774,-0.00091342634,-0.002195106,-0.0013761553,0.39414644,-0.0058202385,0.14103237,-0.0074867513,-0.003928487,0.36778557,-0.004890913,-0.0027487054,-0.003569166,-0.0013856097,0.006143961,-0.002726836,0.009951789
LINC02828,-0.0009335447,-0.0021758785,-0.0013949298,0.3960004,-0.0058335555,0.14248018,-0.007496143,-0.003922221,0.36949682,-0.004910254,-0.0027642637,-0.0035727876,-0.0013787244,0.0051339306,-0.0027433294,0.008543003
LINC02851,-0.00091342634,-0.002195106,-0.0013761553,0.39414644,-0.0058202385,0.14103237,-0.0074867513,-0.003928487,0.36778557,-0.004890913,-0.0027487054,-0.003569166,-0.0013856097,0.006143961,-0.002726836,0.009951789
LINGO2,-0.00091342634,-0.002195106,-0.0013761553,0.39414644,-0.0058202385,0.14103237,-0.0074867513,-0.003928487,0.36778557,-0.004890913,-0.0027487054,-0.003569166,-0.0013856097,0.006143961,-0.002726836,0.009951789
LINGO4,-0.00091342634,-0.002195106,-0.0013761553,0.39414644,-0.0058202385,0.14103237,-0.0074867513,-0.003928487,0.36778557,-0.004890913,-0.0027487054,-0.003569166,-0.0013856097,0.006143961,-0.002726836,0.009951789
LIPC,-0.00091342634,-0.002195106,-0.0013761553,0.39414644,-0.0058202385,0.14103237,-0.0074867513,-0.003928487,0.36778557,-0.004890913,-0.0027487054,-0.003569166,-0.0013856097,0.006143961,-0.002726836,0.009951789
LIX1-AS1,-0.00091342634,-0.002195106,-0.0013761553,0.39414644,-0.0058202385,0.14103237,-0.0074867513,-0.003928487,0.36778557,-0.004890913,-0.0027487054,-0.003569166,-0.0013856097,0.006143961,-0.002726836,0.009951789
LLGL2,-0.00085711264,-0.0028430452,-0.0010576891,0.3783405,-0.0050995974,0.086513266,-0.008051201,-0.0033307783,0.31996605,-0.0051542935,-0.002594917,-0.0033213033,-0.00066820305,0.09658544,-0.0028304618,0.010554148
LMTK3,-0.00091342634,-0.002195106,-0.0013761553,0.39414644,-0.0058202385,0.14103237,-0.0074867513,-0.003928487,0.36778557,-0.004890913,-0.0027487054,-0.003569166,-0.0013856097,0.006143961,-0.002726836,0.009951789
LNCTAM34A,-0.00091342634,-0.002195106,-0.0013761553,0.39414644,-0.0058202385,0.14103237,-0.0074867513,-0.003928487,0.36778557,-0.004890913,-0.0027487054,-0.003569166,-0.0013856097,0.006143961,-0.002726836,0.009951789
LPAR3,-0.00091342634,-0.002195106,-0.0013761553,0.39414644,-0.0058202385,0.14103237,-0.0074867513,-0.003928487,0.36778557,-0.004890913,-0.0027487054,-0.003569166,-0.0013856097,0.006143961,-0.002726836,0.009951789
LPGAT1-AS1,-0.00091342634,-0.002195106,-0.0013761553,0.39414644,-0.0058202385,0.14103237,-0.0074867513,-0.003928487,0.36778557,-0.004890913,-0.0027487054,-0.003569166,-0.0013856097,0.006143961,-0.002726836,0.009951789
LRAT,-0.00091342634,-0.002195106,-0.0013761553,0.39414644,-0.0058202385,0.14103237,-0.0074867513,-0.003928487,0.36778557,-0.004890913,-0.0027487054,-0.003569166,-0.0013856097,0.006143961,-0.002726836,0.009951789
LRFN2,-0.00091342634,-0.002195106,-0.0013761553,0.39414644,-0.0058202385,0.14103237,-0.0074867513,-0.003928487,0.36778557,-0.004890913,-0.0027487054,-0.003569166,-0.0013856097,0.006143961,-0.002726836,0.009951789
LRIF1,-0.00091342634,-0.002195106,-0.0013761553,0.39414644,-0.0058202385,0.14103237,-0.0074867513,-0.003928487,0.36778557,-0.004890913,-0.0027487054,-0.003569166,-0.0013856097,0.006143961,-0.002726836,0.009951789
LRIG1,-0.00091342634,-0.002195106,-0.0013761553,0.39414644,-0.0058202385,0.14103237,-0.0074867513,-0.003928487,0.36778557,-0.004890913,-0.0027487054,-0.003569166,-0.0013856097,0.006143961,-0.002726836,0.009951789
LRMDA,-0.00088990096,-0.0016303355,-0.0012965231,0.40575373,-0.0038952865,0.15146111,-0.00510286,-0.006077687,0.1332844,-0.0030100376,-0.00068197056,-0.002717577,-6.387189e-05,0.16581057,-0.0036675644,0.06364943
LRP1B,-0.0009105464,-0.0021951324,-0.0013739556,0.39374536,-0.005819498,0.14079864,-0.0074908393,-0.0039298534,0.36747813,-0.0048883236,-0.0027526265,-0.003569026,-0.0013886556,0.0061175562,-0.0027294396,0.009530757
LRP2,-0.00091342634,-0.002195106,-0.0013761553,0.39414644,-0.0058202385,0.14103237,-0.0074867513,-0.003928487,0.36778557,-0.004890913,-0.0027487054,-0.003569166,-0.0013856097,0.006143961,-0.002726836,0.009951789
LRP5,-0.00091342634,-0.002195106,-0.0013761553,0.39414644,-0.0058202385,0.14103237,-0.0074867513,-0.003928487,0.36778557,-0.004890913,-0.0027487054,-0.003569166,-0.0013856097,0.006143961,-0.002726836,0.009951789
LRP6,-0.00091342634,-0.002195106,-0.0013761553,0.39414644,-0.0058202385,0.14103237,-0.0074867513,-0.003928487,0.36778557,-0.004890913,-0.0027487054,-0.003569166,-0.0013856097,0.006143961,-0.002726836,0.009951789
LRRC14B,-0.0009083604,-0.002190757,-0.0013776293,0.394368,-0.005814905,0.14094813,-0.007490289,-0.0039329003,0.36830753,-0.00489255,-0.0027420842,-0.0035757893,-0.0013899484,0.0055775978,-0.0027264,0.009774033
LRRC63,-0.00091342634,-0.002195106,-0.0013761553,0.39414644,-0.0058202385,0.14103237,-0.0074867513,-0.003928487,0.36778557,-0.004890913,-0.0027487054,-0.003569166,-0.0013856097,0.006143961,-0.002726836,0.009951789
LRRC9,-0.00091342634,-0.002195106,-0.0013761553,0.39414644,-0.0058202385,0.14103237,-0.0074867513,-0.003928487,0.36778557,-0.004890913,-0.0027487054,-0.003569166,-0.0013856097,0.006143961,-0.002726836,0.009951789
LRRCC1,-0.00091342634,-0.002195106,-0.0013761553,0.39414644,-0.0058202385,0.14103237,-0.0074867513,-0.003928487,0.36778557,-0.004890913,-0.0027487054,-0.003569166,-0.0013856097,0.006143961,-0.002726836,0.009951789
LRRIQ3,-0.0009136853,-0.0021948314,-0.0013763853,0.3941154,-0.005820094,0.14105439,-0.0074868766,-0.003928391,0.36780918,-0.0048911218,-0.0027486496,-0.0035693129,-0.0013854988,0.00616619,-0.0027270096,0.009973925
LRRN1,-0.000914207,-0.0021984258,-0.0013765057,0.39461032,-0.0058250693,0.14080408,-0.0074897753,-0.0039233183,0.3682507,-0.0048899953,-0.0027510324,-0.003567925,-0.0013869992,0.0059067793,-0.0027256778,0.010150332
LRRN3,-0.0009082048,-0.002194612,-0.0013696823,0.39287388,-0.005827985,0.1409599,-0.007477914,-0.003933105,0.3667086,-0.0049039084,-0.0027468388,-0.0035757017,-0.0013801361,0.006160978,-0.0027209988,0.01049595
LRTM1,-0.00091776496,-0.0021902006,-0.0013652995,0.39322525,-0.005826504,0.1416322,-0.0074852793,-0.0039205425,0.36792898,-0.004880784,-0.0027496188,-0.0035703494,-0.0013872812,0.006443355,-0.0027271234,0.010392247
LSR,-0.00091342634,-0.002195106,-0.0013761553,0.39414644,-0.0058202385,0.14103237,-0.0074867513,-0.003928487,0.36778557,-0.004890913,-0.0027487054,-0.003569166,-0.0013856097,0.006143961,-0.002726836,0.009951789
LTBP1,-0.00091342634,-0.002195106,-0.0013761553,0.39414644,-0.0058202385,0.14103237,-0.0074867513,-0.003928487,0.36778557,-0.004890913,-0.0027487054,-0.003569166,-0.0013856097,0.006143961,-0.002726836,0.009951789
LTBP3,-0.00091342634,-0.002195106,-0.0013761553,0.39414644,-0.0058202385,0.14103237,-0.0074867513,-0.003928487,0.36778557,-0.004890913,-0.0027487054,-0.003569166,-0.0013856097,0.006143961,-0.002726836,0.009951789
LTBP4,-0.00091342634,-0.002195106,-0.0013761553,0.39414644,-0.0058202385,0.14103237,-0.0074867513,-0.003928487,0.36778557,-0.004890913,-0.0027487054,-0.003569166,-0.0013856097,0.006143961,-0.002726836,0.009951789
LURAP1,-0.00091342634,-0.002195106,-0.0013761553,0.39414644,-0.0058202385,0.14103237,-0.0074867513,-0.003928487,0.36778557,-0.004890913,-0.0027487054,-0.003569166,-0.0013856097,0.006143961,-0.002726836,0.009951789
LY6E-DT,-0.00091378647,-0.0021970277,-0.0013782722,0.39412314,-0.005820528,0.14106952,-0.0074844663,-0.0039293924,0.36785668,-0.004888715,-0.0027467292,-0.0035714072,-0.0013842476,0.0061832257,-0.0027291193,0.009709898
LY9,-0.00091342634,-0.002195106,-0.0013761553,0.39414644,-0.0058202385,0.14103237,-0.0074867513,-0.003928487,0.36778557,-0.004890913,-0.0027487054,-0.003569166,-0.0013856097,0.006143961,-0.002726836,0.009951789
LZTS1,-0.00091342634,-0.002195106,-0.0013761553,0.39414644,-0.0058202385,0.14103237,-0.0074867513,-0.003928487,0.36778557,-0.004890913,-0.0027487054,-0.003569166,-0.0013856097,0.006143961,-0.002726836,0.009951789
MADCAM1,-0.0009083604,-0.002190757,-0.0013776293,0.394368,-0.005814905,0.14094813,-0.007490289,-0.0039329003,0.36830753,-0.00489255,-0.0027420842,-0.0035757893,-0.0013899484,0.0055775978,-0.0027264,0.009774033
MAF,-0.0009140668,-0.0021939895,-0.0013749185,0.39428768,-0.0058176136,0.14102119,-0.0074816546,-0.003925171,0.36745712,-0.0048859334,-0.002746772,-0.003567685,-0.0013844739,0.006207872,-0.0027303963,0.009725883
MAFA,-0.00091342634,-0.002195106,-0.0013761553,0.39414644,-0.0058202385,0.14103237,-0.0074867513,-0.003928487,0.36778557,-0.004890913,-0.0027487054,-0.003569166,-0.0013856097,0.006143961,-0.002726836,0.009951789
MAGED1,-0.00091342634,-0.002195106,-0.0013761553,0.39414644,-0.0058202385,0.14103237,-0.0074867513,-0.003928487,0.36778557,-0.004890913,-0.0027487054,-0.003569166,-0.0013856097,0.006143961,-0.002726836,0.009951789
MAGI3,-0.0009083604,-0.002190757,-0.0013776293,0.394368,-0.005814905,0.14094813,-0.007490289,-0.0039329003,0.36830753,-0.00489255,-0.0027420842,-0.0035757893,-0.0013899484,0.0055775978,-0.0027264,0.009774033
MAGIX,0.01529941,-0.0029777747,-0.002779127,0.12968703,-0.0081769675,0.064344466,-0.006527795,-0.0014904777,0.49352762,-0.0029705588,-0.0032849973,-0.0012937884,-0.0011492718,-0.00037872704,0.013717353,0.05942204
MAL,-0.00091342634,-0.002195106,-0.0013761553,0.39414644,-0.0058202385,0.14103237,-0.0074867513,-0.003928487,0.36778557,-0.004890913,-0.0027487054,-0.003569166,-0.0013856097,0.006143961,-0.002726836,0.009951789
MAML3,-0.0009105464,-0.0021951324,-0.0013739556,0.39374536,-0.005819498,0.14079864,-0.0074908393,-0.0039298534,0.36747813,-0.0048883236,-0.0027526265,-0.003569026,-0.0013886556,0.0061175562,-0.0027294396,0.009530757
MAMLD1,-0.00091342634,-0.002195106,-0.0013761553,0.39414644,-0.0058202385,0.14103237,-0.0074867513,-0.003928487,0.36778557,-0.004890913,-0.0027487054,-0.003569166,-0.0013856097,0.006143961,-0.002726836,0.009951789
MAMSTR,-0.00064489787,-0.001919418,-0.0012881511,0.38723135,-0.005783969,0.15845251,-0.0072523206,-0.0038227367,0.38154578,-0.0047407774,-0.0025734615,-0.0038787338,-0.0013219821,0.014795952,-0.00290439,-0.00020557788
MAN1B1-DT,-0.00091342634,-0.002195106,-0.0013761553,0.39414644,-0.0058202385,0.14103237,-0.0074867513,-0.003928487,0.36778557,-0.004890913,-0.0027487054,-0.003569166,-0.0013856097,0.006143961,-0.002726836,0.009951789
MAN1C1,-0.00091049826,-0.0022058145,-0.0013627874,0.39363855,-0.005806047,0.14219266,-0.0074937646,-0.00393507,0.36650893,-0.004880987,-0.0027573556,-0.003571102,-0.0013939275,0.0068475045,-0.0027215001,0.008486409
MANEAL,-0.00091342634,-0.002195106,-0.0013761553,0.39414644,-0.0058202385,0.14103237,-0.0074867513,-0.003928487,0.36778557,-0.004890913,-0.0027487054,-0.003569166,-0.0013856097,0.006143961,-0.002726836,0.009951789
MAP1LC3A,-0.00091342634,-0.002195106,-0.0013761553,0.39414644,-0.0058202385,0.14103237,-0.0074867513,-0.003928487,0.36778557,-0.004890913,-0.0027487054,-0.003569166,-0.0013856097,0.006143961,-0.002726836,0.009951789
MAP2K6,-0.0014318001,-0.0022786153,-0.0018577307,0.45017463,-0.0062076687,0.14975047,-0.0076045166,-0.0033568603,0.33233684,-0.0046963654,-0.0023686404,-0.0032848548,-0.0010774499,-0.00040442185,-0.0030894058,-0.0005346208
MAP3K14,-0.00091342634,-0.002195106,-0.0013761553,0.39414644,-0.0058202385,0.14103237,-0.0074867513,-0.003928487,0.36778557,-0.004890913,-0.0027487054,-0.003569166,-0.0013856097,0.006143961,-0.002726836,0.009951789
MAP4K1,-0.00091342634,-0.002195106,-0.0013761553,0.39414644,-0.0058202385,0.14103237,-0.0074867513,-0.003928487,0.36778557,-0.004890913,-0.0027487054,-0.003569166,-0.0013856097,0.006143961,-0.002726836,0.009951789
MAP4K2,-0.00091342634,-0.002195106,-0.0013761553,0.39414644,-0.0058202385,0.14103237,-0.0074867513,-0.003928487,0.36778557,-0.004890913,-0.0027487054,-0.003569166,-0.0013856097,0.006143961,-0.002726836,0.009951789
MAP4K5,-0.00091342634,-0.002195106,-0.0013761553,0.39414644,-0.0058202385,0.14103237,-0.0074867513,-0.003928487,0.36778557,-0.004890913,-0.0027487054,-0.003569166,-0.0013856097,0.006143961,-0.002726836,0.009951789
MAP9,-0.00091342634,-0.002195106,-0.0013761553,0.39414644,-0.0058202385,0.14103237,-0.0074867513,-0.003928487,0.36778557,-0.004890913,-0.0027487054,-0.003569166,-0.0013856097,0.006143961,-0.002726836,0.009951789
MAPK12,-0.00091342634,-0.002195106,-0.0013761553,0.39414644,-0.0058202385,0.14103237,-0.0074867513,-0.003928487,0.36778557,-0.004890913,-0.0027487054,-0.003569166,-0.0013856097,0.006143961,-0.002726836,0.009951789
MAPK4,-0.00091342634,-0.002195106,-0.0013761553,0.39414644,-0.0058202385,0.14103237,-0.0074867513,-0.003928487,0.36778557,-0.004890913,-0.0027487054,-0.003569166,-0.0013856097,0.006143961,-0.002726836,0.009951789
MAST1,-5.6579036e-05,-0.00028068255,-0.0013211253,0.5283586,-0.0043613594,0.10326435,-0.005304129,-0.0023585195,0.32367596,-0.003354221,-0.002653861,-0.0035238382,-0.0006161558,-0.00013301474,-0.004195477,-0.0013739844
MAST4,-0.0009140455,-0.0021967536,-0.0013785022,0.39409208,-0.005820384,0.14109154,-0.0074845916,-0.0039292956,0.36788028,-0.004888924,-0.0027466735,-0.003571554,-0.0013841365,0.0062054545,-0.002729293,0.009732034
MAST4-AS1,-0.00091276143,-0.0022047418,-0.001371651,0.3952939,-0.005808187,0.14232913,-0.0074750525,-0.0039420263,0.36733,-0.004885167,-0.0027369792,-0.0035663354,-0.0013890138,0.005412314,-0.0027191022,0.009295601
MATK,-0.00091342634,-0.002195106,-0.0013761553,0.39414644,-0.0058202385,0.14103237,-0.0074867513,-0.003928487,0.36778557,-0.004890913,-0.0027487054,-0.003569166,-0.0013856097,0.006143961,-0.002726836,0.009951789
MATN1,-0.00091342634,-0.002195106,-0.0013761553,0.39414644,-0.0058202385,0.14103237,-0.0074867513,-0.003928487,0.36778557,-0.004890913,-0.0027487054,-0.003569166,-0.0013856097,0.006143961,-0.002726836,0.009951789
MBNL3,-0.00091342634,-0.002195106,-0.0013761553,0.39414644,-0.0058202385,0.14103237,-0.0074867513,-0.003928487,0.36778557,-0.004890913,-0.0027487054,-0.003569166,-0.0013856097,0.006143961,-0.002726836,0.009951789
MC1R,-0.00091342634,-0.002195106,-0.0013761553,0.39414644,-0.0058202385,0.14103237,-0.0074867513,-0.003928487,0.36778557,-0.004890913,-0.0027487054,-0.003569166,-0.0013856097,0.006143961,-0.002726836,0.009951789
MCF2L,-0.00091776496,-0.0021902006,-0.0013652995,0.39322525,-0.005826504,0.1416322,-0.0074852793,-0.0039205425,0.36792898,-0.004880784,-0.0027496188,-0.0035703494,-0.0013872812,0.006443355,-0.0027271234,0.010392247
MCF2L-AS1,-0.00091342634,-0.002195106,-0.0013761553,0.39414644,-0.0058202385,0.14103237,-0.0074867513,-0.003928487,0.36778557,-0.004890913,-0.0027487054,-0.003569166,-0.0013856097,0.006143961,-0.002726836,0.009951789
MCM8-AS1,-0.00091342634,-0.002195106,-0.0013761553,0.39414644,-0.0058202385,0.14103237,-0.0074867513,-0.003928487,0.36778557,-0.004890913,-0.0027487054,-0.003569166,-0.0013856097,0.006143961,-0.002726836,0.009951789
MCOLN2,-0.0006299046,-0.00086990505,-0.0021812813,0.38032544,-0.0053263893,0.19931287,-0.007627409,-0.004911868,0.33531487,-0.0053343954,-0.0012606112,-0.004592328,-0.0023549108,-0.0008438031,-0.0013815283,0.040636156
MCTP1,-0.0009114101,-0.002189941,-0.0013778271,0.39364886,-0.005819851,0.14098313,-0.0074878526,-0.003921317,0.3674783,-0.004897678,-0.002750793,-0.0035762459,-0.0013838566,0.0061594285,-0.0027323263,0.010082323
MCTP2,-0.00091342634,-0.002195106,-0.0013761553,0.39414644,-0.0058202385,0.14103237,-0.0074867513,-0.003928487,0.36778557,-0.004890913,-0.0027487054,-0.003569166,-0.0013856097,0.006143961,-0.002726836,0.009951789
MDFI,-0.00091342634,-0.002195106,-0.0013761553,0.39414644,-0.0058202385,0.14103237,-0.0074867513,-0.003928487,0.36778557,-0.004890913,-0.0027487054,-0.003569166,-0.0013856097,0.006143961,-0.002726836,0.009951789
MDH1B,-0.00091342634,-0.002195106,-0.0013761553,0.39414644,-0.0058202385,0.14103237,-0.0074867513,-0.003928487,0.36778557,-0.004890913,-0.0027487054,-0.003569166,-0.0013856097,0.006143961,-0.002726836,0.009951789
MDP1,-0.00091342634,-0.002195106,-0.0013761553,0.39414644,-0.0058202385,0.14103237,-0.0074867513,-0.003928487,0.36778557,-0.004890913,-0.0027487054,-0.003569166,-0.0013856097,0.006143961,-0.002726836,0.009951789
MEAK7,-0.00091342634,-0.002195106,-0.0013761553,0.39414644,-0.0058202385,0.14103237,-0.0074867513,-0.003928487,0.36778557,-0.004890913,-0.0027487054,-0.003569166,-0.0013856097,0.006143961,-0.002726836,0.009951789
MED7,-0.00091342634,-0.002195106,-0.0013761553,0.39414644,-0.0058202385,0.14103237,-0.0074867513,-0.003928487,0.36778557,-0.004890913,-0.0027487054,-0.003569166,-0.0013856097,0.006143961,-0.002726836,0.009951789
MEGF6,-0.00091342634,-0.002195106,-0.0013761553,0.39414644,-0.0058202385,0.14103237,-0.0074867513,-0.003928487,0.36778557,-0.004890913,-0.0027487054,-0.003569166,-0.0013856097,0.006143961,-0.002726836,0.009951789
MEIG1,-0.00091342634,-0.002195106,-0.0013761553,0.39414644,-0.0058202385,0.14103237,-0.0074867513,-0.003928487,0.36778557,-0.004890913,-0.0027487054,-0.003569166,-0.0013856097,0.006143961,-0.002726836,0.009951789
MELK,-0.00091342634,-0.002195106,-0.0013761553,0.39414644,-0.0058202385,0.14103237,-0.0074867513,-0.003928487,0.36778557,-0.004890913,-0.0027487054,-0.003569166,-0.0013856097,0.006143961,-0.002726836,0.009951789
METTL23,-0.00091342634,-0.002195106,-0.0013761553,0.39414644,-0.0058202385,0.14103237,-0.0074867513,-0.003928487,0.36778557,-0.004890913,-0.0027487054,-0.003569166,-0.0013856097,0.006143961,-0.002726836,0.009951789
MEX3A,-0.00091342634,-0.002195106,-0.0013761553,0.39414644,-0.0058202385,0.14103237,-0.0074867513,-0.003928487,0.36778557,-0.004890913,-0.0027487054,-0.003569166,-0.0013856097,0.006143961,-0.002726836,0.009951789
MFSD6,-0.00091342634,-0.002195106,-0.0013761553,0.39414644,-0.0058202385,0.14103237,-0.0074867513,-0.003928487,0.36778557,-0.004890913,-0.0027487054,-0.003569166,-0.0013856097,0.006143961,-0.002726836,0.009951789
MGA,-0.00091342634,-0.002195106,-0.0013761553,0.39414644,-0.0058202385,0.14103237,-0.0074867513,-0.003928487,0.36778557,-0.004890913,-0.0027487054,-0.003569166,-0.0013856097,0.006143961,-0.002726836,0.009951789
MGAT4A,-0.00091342634,-0.002195106,-0.0013761553,0.39414644,-0.0058202385,0.14103237,-0.0074867513,-0.003928487,0.36778557,-0.004890913,-0.0027487054,-0.003569166,-0.0013856097,0.006143961,-0.002726836,0.009951789
MGAT5B,-0.00091342634,-0.002195106,-0.0013761553,0.39414644,-0.0058202385,0.14103237,-0.0074867513,-0.003928487,0.36778557,-0.004890913,-0.0027487054,-0.003569166,-0.0013856097,0.006143961,-0.002726836,0.009951789
MIA2,-0.00091342634,-0.002195106,-0.0013761553,0.39414644,-0.0058202385,0.14103237,-0.0074867513,-0.003928487,0.36778557,-0.004890913,-0.0027487054,-0.003569166,-0.0013856097,0.006143961,-0.002726836,0.009951789
MIAT,-0.00090060284,-0.0021859615,-0.0013736775,0.39466858,-0.0058163595,0.14081423,-0.0074975365,-0.003940663,0.36631808,-0.0048859417,-0.0027386534,-0.0035770868,-0.0013825794,0.007459659,-0.0027408812,0.010555837
MIB2,-0.00091342634,-0.002195106,-0.0013761553,0.39414644,-0.0058202385,0.14103237,-0.0074867513,-0.003928487,0.36778557,-0.004890913,-0.0027487054,-0.003569166,-0.0013856097,0.006143961,-0.002726836,0.009951789
MICAL3,-0.00091342634,-0.002195106,-0.0013761553,0.39414644,-0.0058202385,0.14103237,-0.0074867513,-0.003928487,0.36778557,-0.004890913,-0.0027487054,-0.003569166,-0.0013856097,0.006143961,-0.002726836,0.009951789
MICU3,-0.00071925693,-0.0018456789,-0.0014616052,0.36821127,-0.0061785923,0.13799013,-0.00787604,-0.0034936117,0.39128733,-0.0046653086,-0.0027227357,-0.0037831508,-0.0014476858,0.006141443,-0.002794148,0.018656304
MINCR,-0.0023729303,-0.003422901,0.020272553,0.21368319,-0.004244879,0.13477245,-0.0059964526,-0.0022090098,0.2692378,-0.0042093843,-0.0045897705,-0.0017857387,-0.0032940859,0.10665566,-0.0036105216,0.17494681
MINDY4,-0.00091342634,-0.002195106,-0.0013761553,0.39414644,-0.0058202385,0.14103237,-0.0074867513,-0.003928487,0.36778557,-0.004890913,-0.0027487054,-0.003569166,-0.0013856097,0.006143961,-0.002726836,0.009951789
MINK1,-0.00091342634,-0.002195106,-0.0013761553,0.39414644,-0.0058202385,0.14103237,-0.0074867513,-0.003928487,0.36778557,-0.004890913,-0.0027487054,-0.003569166,-0.0013856097,0.006143961,-0.002726836,0.009951789
MIR181A2HG,-0.00091342634,-0.002195106,-0.0013761553,0.39414644,-0.0058202385,0.14103237,-0.0074867513,-0.003928487,0.36778557,-0.004890913,-0.0027487054,-0.003569166,-0.0013856097,0.006143961,-0.002726836,0.009951789
MIR194-2HG,-0.00091342634,-0.002195106,-0.0013761553,0.39414644,-0.0058202385,0.14103237,-0.0074867513,-0.003928487,0.36778557,-0.004890913,-0.0027487054,-0.003569166,-0.0013856097,0.006143961,-0.002726836,0.009951789
MIR31HG,-0.0023729303,-0.003422901,0.020272553,0.21368319,-0.004244879,0.13477245,-0.0059964526,-0.0022090098,0.2692378,-0.0042093843,-0.0045897705,-0.0017857387,-0.0032940859,0.10665566,-0.0036105216,0.17494681
MIR3663HG,-0.00091342634,-0.002195106,-0.0013761553,0.39414644,-0.0058202385,0.14103237,-0.0074867513,-0.003928487,0.36778557,-0.004890913,-0.0027487054,-0.003569166,-0.0013856097,0.006143961,-0.002726836,0.009951789
MIR3936HG,-0.00091342634,-0.002195106,-0.0013761553,0.39414644,-0.0058202385,0.14103237,-0.0074867513,-0.003928487,0.36778557,-0.004890913,-0.0027487054,-0.003569166,-0.0013856097,0.006143961,-0.002726836,0.009951789
MIR663AHG,-0.00091342634,-0.002195106,-0.0013761553,0.39414644,-0.0058202385,0.14103237,-0.0074867513,-0.003928487,0.36778557,-0.004890913,-0.0027487054,-0.003569166,-0.0013856097,0.006143961,-0.002726836,0.009951789
MIR762HG,-0.00091342634,-0.002195106,-0.0013761553,0.39414644,-0.0058202385,0.14103237,-0.0074867513,-0.003928487,0.36778557,-0.004890913,-0.0027487054,-0.003569166,-0.0013856097,0.006143961,-0.002726836,0.009951789
MIS12,-0.00091342634,-0.002195106,-0.0013761553,0.39414644,-0.0058202385,0.14103237,-0.0074867513,-0.003928487,0.36778557,-0.004890913,-0.0027487054,-0.003569166,-0.0013856097,0.006143961,-0.002726836,0.009951789
MLC1,-0.0006263455,-0.00086640945,-0.0021758527,0.38000035,-0.0053336853,0.20074122,-0.0076338747,-0.0048981616,0.3356182,-0.005339357,-0.0012738775,-0.004583965,-0.002357873,-0.0008478145,-0.00137681,0.041240815
MLLT11,-0.00090771663,-0.002188174,-0.0013804153,0.39317083,-0.0058321594,0.14202403,-0.0074782907,-0.0039347513,0.36797678,-0.0048902864,-0.0027565043,-0.0035701704,-0.0013750436,0.005133096,-0.0027345177,0.008900557
MLLT3,-0.00091342634,-0.002195106,-0.0013761553,0.39414644,-0.0058202385,0.14103237,-0.0074867513,-0.003928487,0.36778557,-0.004890913,-0.0027487054,-0.003569166,-0.0013856097,0.006143961,-0.002726836,0.009951789
MMP23B,-0.00091342634,-0.002195106,-0.0013761553,0.39414644,-0.0058202385,0.14103237,-0.0074867513,-0.003928487,0.36778557,-0.004890913,-0.0027487054,-0.003569166,-0.0013856097,0.006143961,-0.002726836,0.009951789
MMP25-AS1,-0.00091342634,-0.002195106,-0.0013761553,0.39414644,-0.0058202385,0.14103237,-0.0074867513,-0.003928487,0.36778557,-0.004890913,-0.0027487054,-0.003569166,-0.0013856097,0.006143961,-0.002726836,0.009951789
MMRN2,0.01529941,-0.0029777747,-0.002779127,0.12968703,-0.0081769675,0.064344466,-0.006527795,-0.0014904777,0.49352762,-0.0029705588,-0.0032849973,-0.0012937884,-0.0011492718,-0.00037872704,0.013717353,0.05942204
MNDA,-0.00089767476,-0.00219667,-0.0013603097,0.39416066,-0.0058021685,0.14197451,-0.0075045493,-0.0039472454,0.36504143,-0.0048760152,-0.0027473036,-0.0035790228,-0.0013908972,0.008163203,-0.0027355452,0.009090457
MNX1-AS1,-5.6579036e-05,-0.00028068255,-0.0013211253,0.5283586,-0.0043613594,0.10326435,-0.005304129,-0.0023585195,0.32367596,-0.003354221,-0.002653861,-0.0035238382,-0.0006161558,-0.00013301474,-0.004195477,-0.0013739844
MOCOS,-0.00091819797,-0.0021889585,-0.0013668583,0.39434472,-0.005821185,0.14086138,-0.0074942205,-0.0039296374,0.36836207,-0.0048930002,-0.0027494691,-0.0035737788,-0.0013920319,0.0061419643,-0.0027187946,0.009251136
MOGAT3,-0.0009134316,-0.0021951061,-0.0013761601,0.3941459,-0.0058202487,0.14103328,-0.007486755,-0.003928487,0.36778578,-0.004890906,-0.002748698,-0.0035691732,-0.0013856145,0.0061440207,-0.0027268294,0.009951342
MORC2-AS1,-0.00091342634,-0.002195106,-0.0013761553,0.39414644,-0.0058202385,0.14103237,-0.0074867513,-0.003928487,0.36778557,-0.004890913,-0.0027487054,-0.003569166,-0.0013856097,0.006143961,-0.002726836,0.009951789
MORN3,-0.00091342634,-0.002195106,-0.0013761553,0.39414644,-0.0058202385,0.14103237,-0.0074867513,-0.003928487,0.36778557,-0.004890913,-0.0027487054,-0.003569166,-0.0013856097,0.006143961,-0.002726836,0.009951789
MOSMO,-0.00089599687,-0.0021817165,-0.0013640422,0.3956078,-0.005809909,0.14328994,-0.0074903523,-0.0039212154,0.36577544,-0.0048855417,-0.0027356779,-0.0035886306,-0.0013670613,0.0050398745,-0.0027420844,0.008148123
MPHOSPH9,-0.00091342634,-0.002195106,-0.0013761553,0.39414644,-0.0058202385,0.14103237,-0.0074867513,-0.003928487,0.36778557,-0.004890913,-0.0027487054,-0.003569166,-0.0013856097,0.006143961,-0.002726836,0.009951789
MPZL3,-0.00091342634,-0.002195106,-0.0013761553,0.39414644,-0.0058202385,0.14103237,-0.0074867513,-0.003928487,0.36778557,-0.004890913,-0.0027487054,-0.003569166,-0.0013856097,0.006143961,-0.002726836,0.009951789
MRPL1,-0.00091342634,-0.002195106,-0.0013761553,0.39414644,-0.0058202385,0.14103237,-0.0074867513,-0.003928487,0.36778557,-0.004890913,-0.0027487054,-0.003569166,-0.0013856097,0.006143961,-0.002726836,0.009951789
MRPL10,-0.00091342634,-0.002195106,-0.0013761553,0.39414644,-0.0058202385,0.14103237,-0.0074867513,-0.003928487,0.36778557,-0.004890913,-0.0027487054,-0.003569166,-0.0013856097,0.006143961,-0.002726836,0.009951789
MRPS31,-0.00091342634,-0.002195106,-0.0013761553,0.39414644,-0.0058202385,0.14103237,-0.0074867513,-0.003928487,0.36778557,-0.004890913,-0.0027487054,-0.003569166,-0.0013856097,0.006143961,-0.002726836,0.009951789
MRTFB,-0.00091635366,-0.0021881687,-0.0013664626,0.39525148,-0.0058228243,0.14062434,-0.0074972115,-0.0039223186,0.3670534,-0.004881518,-0.0027597616,-0.0035587703,-0.0013818975,0.0076893307,-0.002721844,0.010411877
MS4A1,-0.00088990096,-0.0016303355,-0.0012965231,0.40575373,-0.0038952865,0.15146111,-0.00510286,-0.006077687,0.1332844,-0.0030100376,-0.00068197056,-0.002717577,-6.387189e-05,0.16581057,-0.0036675644,0.06364943
MSANTD3,-0.00091342634,-0.002195106,-0.0013761553,0.39414644,-0.0058202385,0.14103237,-0.0074867513,-0.003928487,0.36778557,-0.004890913,-0.0027487054,-0.003569166,-0.0013856097,0.006143961,-0.002726836,0.009951789
MSC-AS1,-0.0006246831,-0.0008694112,-0.0021748084,0.37905288,-0.0053341356,0.19924042,-0.007618571,-0.0049164854,0.3342379,-0.0053473907,-0.0012587447,-0.0045988634,-0.0023494372,-0.00084363297,-0.0013756913,0.041180316
MSTO1,-0.00091342634,-0.002195106,-0.0013761553,0.39414644,-0.0058202385,0.14103237,-0.0074867513,-0.003928487,0.36778557,-0.004890913,-0.0027487054,-0.003569166,-0.0013856097,0.006143961,-0.002726836,0.009951789
MTA3,-0.0009083604,-0.002190757,-0.0013776293,0.394368,-0.005814905,0.14094813,-0.007490289,-0.0039329003,0.36830753,-0.00489255,-0.0027420842,-0.0035757893,-0.0013899484,0.0055775978,-0.0027264,0.009774033
MTERF1,-0.00091342634,-0.002195106,-0.0013761553,0.39414644,-0.0058202385,0.14103237,-0.0074867513,-0.003928487,0.36778557,-0.004890913,-0.0027487054,-0.003569166,-0.0013856097,0.006143961,-0.002726836,0.009951789
MTFMT,-0.00091342634,-0.002195106,-0.0013761553,0.39414644,-0.0058202385,0.14103237,-0.0074867513,-0.003928487,0.36778557,-0.004890913,-0.0027487054,-0.003569166,-0.0013856097,0.006143961,-0.002726836,0.009951789
MTFP1,-0.00091342634,-0.002195106,-0.0013761553,0.39414644,-0.0058202385,0.14103237,-0.0074867513,-0.003928487,0.36778557,-0.004890913,-0.0027487054,-0.003569166,-0.0013856097,0.006143961,-0.002726836,0.009951789
MTHFD2,-0.00091342634,-0.002195106,-0.0013761553,0.39414644,-0.0058202385,0.14103237,-0.0074867513,-0.003928487,0.36778557,-0.004890913,-0.0027487054,-0.003569166,-0.0013856097,0.006143961,-0.002726836,0.009951789
MTMR2,-0.00091819797,-0.0021889585,-0.0013668583,0.39434472,-0.005821185,0.14086138,-0.0074942205,-0.0039296374,0.36836207,-0.0048930002,-0.0027494691,-0.0035737788,-0.0013920319,0.0061419643,-0.0027187946,0.009251136
MTMR8,-0.00091342634,-0.002195106,-0.0013761553,0.39414644,-0.0058202385,0.14103237,-0.0074867513,-0.003928487,0.36778557,-0.004890913,-0.0027487054,-0.003569166,-0.0013856097,0.006143961,-0.002726836,0.009951789
MTSS1,-0.0009161817,-0.002183794,-0.0013685303,0.3938471,-0.0058207978,0.14081214,-0.0074953213,-0.003922467,0.3680548,-0.0048997644,-0.002751557,-0.0035808587,-0.0013902788,0.0061574318,-0.002724285,0.0093816705
MUC17,-0.00091342634,-0.002195106,-0.0013761553,0.39414644,-0.0058202385,0.14103237,-0.0074867513,-0.003928487,0.36778557,-0.004890913,-0.0027487054,-0.003569166,-0.0013856097,0.006143961,-0.002726836,0.009951789
MUS81,-0.0009083604,-0.002190757,-0.0013776293,0.394368,-0.005814905,0.14094813,-0.007490289,-0.0039329003,0.36830753,-0.00489255,-0.0027420842,-0.0035757893,-0.0013899484,0.0055775978,-0.0027264,0.009774033
MUTYH,-0.00091342634,-0.002195106,-0.0013761553,0.39414644,-0.0058202385,0.14103237,-0.0074867513,-0.003928487,0.36778557,-0.004890913,-0.0027487054,-0.003569166,-0.0013856097,0.006143961,-0.002726836,0.009951789
MYBL1,-0.00091342634,-0.002195106,-0.0013761553,0.39414644,-0.0058202385,0.14103237,-0.0074867513,-0.003928487,0.36778557,-0.004890913,-0.0027487054,-0.003569166,-0.0013856097,0.006143961,-0.002726836,0.009951789
MYO1D,-0.00091342634,-0.002195106,-0.0013761553,0.39414644,-0.0058202385,0.14103237,-0.0074867513,-0.003928487,0.36778557,-0.004890913,-0.0027487054,-0.003569166,-0.0013856097,0.006143961,-0.002726836,0.009951789
MYO5B,-0.00085921306,-0.0028514194,-0.0010761732,0.37998796,-0.0050867763,0.08471882,-0.008042119,-0.003351063,0.31982675,-0.0051620514,-0.0025768164,-0.003328623,-0.0006605238,0.09671359,-0.0028322886,0.009930063
MYO6,-0.00091342634,-0.002195106,-0.0013761553,0.39414644,-0.0058202385,0.14103237,-0.0074867513,-0.003928487,0.36778557,-0.004890913,-0.0027487054,-0.003569166,-0.0013856097,0.006143961,-0.002726836,0.009951789
MYRF,-0.00091342634,-0.002195106,-0.0013761553,0.39414644,-0.0058202385,0.14103237,-0.0074867513,-0.003928487,0.36778557,-0.004890913,-0.0027487054,-0.003569166,-0.0013856097,0.006143961,-0.002726836,0.009951789
MZB1,-0.00091342634,-0.002195106,-0.0013761553,0.39414644,-0.0058202385,0.14103237,-0.0074867513,-0.003928487,0.36778557,-0.004890913,-0.0027487054,-0.003569166,-0.0013856097,0.006143961,-0.002726836,0.009951789
NAP1L2,-0.00091342634,-0.002195106,-0.0013761553,0.39414644,-0.0058202385,0.14103237,-0.0074867513,-0.003928487,0.36778557,-0.004890913,-0.0027487054,-0.003569166,-0.0013856097,0.006143961,-0.002726836,0.009951789
NARS2,-0.00091342634,-0.002195106,-0.0013761553,0.39414644,-0.0058202385,0.14103237,-0.0074867513,-0.003928487,0.36778557,-0.004890913,-0.0027487054,-0.003569166,-0.0013856097,0.006143961,-0.002726836,0.009951789
NAV3,-0.00091342634,-0.002195106,-0.0013761553,0.39414644,-0.0058202385,0.14103237,-0.0074867513,-0.003928487,0.36778557,-0.004890913,-0.0027487054,-0.003569166,-0.0013856097,0.006143961,-0.002726836,0.009951789
NBDY,-0.00091342634,-0.002195106,-0.0013761553,0.39414644,-0.0058202385,0.14103237,-0.0074867513,-0.003928487,0.36778557,-0.004890913,-0.0027487054,-0.003569166,-0.0013856097,0.006143961,-0.002726836,0.009951789
NBEA,-0.00091342634,-0.002195106,-0.0013761553,0.39414644,-0.0058202385,0.14103237,-0.0074867513,-0.003928487,0.36778557,-0.004890913,-0.0027487054,-0.003569166,-0.0013856097,0.006143961,-0.002726836,0.009951789
NBEAL2,0.01529941,-0.0029777747,-0.002779127,0.12968703,-0.0081769675,0.064344466,-0.006527795,-0.0014904777,0.49352762,-0.0029705588,-0.0032849973,-0.0012937884,-0.0011492718,-0.00037872704,0.013717353,0.05942204
NCALD,-8.560076e-05,-0.0014242387,-0.0021895121,0.4376525,-0.0050953436,0.16704933,-0.007072227,-0.0036565338,0.39033255,-0.005482762,-0.002625306,-0.0033882612,-0.00043797973,-0.00040265324,-0.0020461916,-0.00060364936
NCAM1,-0.00091342634,-0.002195106,-0.0013761553,0.39414644,-0.0058202385,0.14103237,-0.0074867513,-0.003928487,0.36778557,-0.004890913,-0.0027487054,-0.003569166,-0.0013856097,0.006143961,-0.002726836,0.009951789
NCAM2,-0.00091342634,-0.002195106,-0.0013761553,0.39414644,-0.0058202385,0.14103237,-0.0074867513,-0.003928487,0.36778557,-0.004890913,-0.0027487054,-0.003569166,-0.0013856097,0.006143961,-0.002726836,0.009951789
NCAPG2,-0.00091342634,-0.002195106,-0.0013761553,0.39414644,-0.0058202385,0.14103237,-0.0074867513,-0.003928487,0.36778557,-0.004890913,-0.0027487054,-0.003569166,-0.0013856097,0.006143961,-0.002726836,0.009951789
NCK1-DT,-0.0014318001,-0.0022786153,-0.0018577307,0.45017463,-0.0062076687,0.14975047,-0.0076045166,-0.0033568603,0.33233684,-0.0046963654,-0.0023686404,-0.0032848548,-0.0010774499,-0.00040442185,-0.0030894058,-0.0005346208
NCR1,-0.00091342634,-0.002195106,-0.0013761553,0.39414644,-0.0058202385,0.14103237,-0.0074867513,-0.003928487,0.36778557,-0.004890913,-0.0027487054,-0.003569166,-0.0013856097,0.006143961,-0.002726836,0.009951789
NCR2,-0.00091342634,-0.002195106,-0.0013761553,0.39414644,-0.0058202385,0.14103237,-0.0074867513,-0.003928487,0.36778557,-0.004890913,-0.0027487054,-0.003569166,-0.0013856097,0.006143961,-0.002726836,0.009951789
NCR3,-0.00091342634,-0.002195106,-0.0013761553,0.39414644,-0.0058202385,0.14103237,-0.0074867513,-0.003928487,0.36778557,-0.004890913,-0.0027487054,-0.003569166,-0.0013856097,0.006143961,-0.002726836,0.009951789
NDC1,-0.00091342634,-0.002195106,-0.0013761553,0.39414644,-0.0058202385,0.14103237,-0.0074867513,-0.003928487,0.36778557,-0.004890913,-0.0027487054,-0.003569166,-0.0013856097,0.006143961,-0.002726836,0.009951789
NDE1,-0.00091342634,-0.002195106,-0.0013761553,0.39414644,-0.0058202385,0.14103237,-0.0074867513,-0.003928487,0.36778557,-0.004890913,-0.0027487054,-0.003569166,-0.0013856097,0.006143961,-0.002726836,0.009951789
NDFIP2-AS1,-0.0009105576,-0.0021917277,-0.0013742306,0.39412886,-0.005822493,0.14149454,-0.007486565,-0.003924513,0.36772466,-0.004891471,-0.0027515104,-0.0035692083,-0.001383459,0.0062281825,-0.0027287782,0.009653378
NDST1-AS1,-0.00085921306,-0.0028514194,-0.0010761732,0.37998796,-0.0050867763,0.08471882,-0.008042119,-0.003351063,0.31982675,-0.0051620514,-0.0025768164,-0.003328623,-0.0006605238,0.09671359,-0.0028322886,0.009930063
NDUFB2-AS1,-0.00091342634,-0.002195106,-0.0013761553,0.39414644,-0.0058202385,0.14103237,-0.0074867513,-0.003928487,0.36778557,-0.004890913,-0.0027487054,-0.003569166,-0.0013856097,0.006143961,-0.002726836,0.009951789
NDUFV2-AS1,-0.00091342634,-0.002195106,-0.0013761553,0.39414644,-0.0058202385,0.14103237,-0.0074867513,-0.003928487,0.36778557,-0.004890913,-0.0027487054,-0.003569166,-0.0013856097,0.006143961,-0.002726836,0.009951789
NECTIN4,-0.00091342634,-0.002195106,-0.0013761553,0.39414644,-0.0058202385,0.14103237,-0.0074867513,-0.003928487,0.36778557,-0.004890913,-0.0027487054,-0.003569166,-0.0013856097,0.006143961,-0.002726836,0.009951789
NEIL1,-0.00091342634,-0.002195106,-0.0013761553,0.39414644,-0.0058202385,0.14103237,-0.0074867513,-0.003928487,0.36778557,-0.004890913,-0.0027487054,-0.003569166,-0.0013856097,0.006143961,-0.002726836,0.009951789
NEO1,-0.00091342634,-0.002195106,-0.0013761553,0.39414644,-0.0058202385,0.14103237,-0.0074867513,-0.003928487,0.36778557,-0.004890913,-0.0027487054,-0.003569166,-0.0013856097,0.006143961,-0.002726836,0.009951789
NEURL4,-0.00091276143,-0.0022047418,-0.001371651,0.3952939,-0.005808187,0.14232913,-0.0074750525,-0.0039420263,0.36733,-0.004885167,-0.0027369792,-0.0035663354,-0.0013890138,0.005412314,-0.0027191022,0.009295601
NEUROG3,-0.00091342634,-0.002195106,-0.0013761553,0.39414644,-0.0058202385,0.14103237,-0.0074867513,-0.003928487,0.36778557,-0.004890913,-0.0027487054,-0.003569166,-0.0013856097,0.006143961,-0.002726836,0.009951789
NEXMIF,-0.00091342634,-0.002195106,-0.0013761553,0.39414644,-0.0058202385,0.14103237,-0.0074867513,-0.003928487,0.36778557,-0.004890913,-0.0027487054,-0.003569166,-0.0013856097,0.006143961,-0.002726836,0.009951789
NFATC1,-0.0009105069,-0.002190493,-0.0013694882,0.39396244,-0.0058249114,0.14244989,-0.0074881217,-0.003911462,0.36776048,-0.004890896,-0.0027600415,-0.0035593193,-0.0013874368,0.0058066137,-0.0027256762,0.010330715
NFIA,-0.00091342634,-0.002195106,-0.0013761553,0.39414644,-0.0058202385,0.14103237,-0.0074867513,-0.003928487,0.36778557,-0.004890913,-0.0027487054,-0.003569166,-0.0013856097,0.006143961,-0.002726836,0.009951789
NGFR,-0.00091342634,-0.002195106,-0.0013761553,0.39414644,-0.0058202385,0.14103237,-0.0074867513,-0.003928487,0.36778557,-0.004890913,-0.0027487054,-0.003569166,-0.0013856097,0.006143961,-0.002726836,0.009951789
NHLRC1,-0.00091342634,-0.002195106,-0.0013761553,0.39414644,-0.0058202385,0.14103237,-0.0074867513,-0.003928487,0.36778557,-0.004890913,-0.0027487054,-0.003569166,-0.0013856097,0.006143961,-0.002726836,0.009951789
NIBAN1,-0.00091342634,-0.002195106,-0.0013761553,0.39414644,-0.0058202385,0.14103237,-0.0074867513,-0.003928487,0.36778557,-0.004890913,-0.0027487054,-0.003569166,-0.0013856097,0.006143961,-0.002726836,0.009951789
NIBAN3,-0.00091342634,-0.002195106,-0.0013761553,0.39414644,-0.0058202385,0.14103237,-0.0074867513,-0.003928487,0.36778557,-0.004890913,-0.0027487054,-0.003569166,-0.0013856097,0.006143961,-0.002726836,0.009951789
NIFK-AS1,0.014779121,-0.0029669937,-0.0027706877,0.12962365,-0.008176783,0.06433259,-0.006538986,-0.0014877011,0.49388635,-0.002979211,-0.0032737227,-0.0012923242,-0.0011426791,-0.00038366352,0.014647812,0.05838784
NIPA1,-0.00091635366,-0.0021881687,-0.0013664626,0.39525148,-0.0058228243,0.14062434,-0.0074972115,-0.0039223186,0.3670534,-0.004881518,-0.0027597616,-0.0035587703,-0.0013818975,0.0076893307,-0.002721844,0.010411877
NIPAL3,-0.0008068117,-0.0024243607,-0.0006480862,0.40347397,-0.0054449267,0.21855581,-0.006522894,-0.003586409,0.33322683,-0.0041442597,-0.0022412648,-0.0033418403,-0.0012516238,-0.0005681758,-0.0018777698,0.009755332
NKAIN2,-0.00091342634,-0.002195106,-0.0013761553,0.39414644,-0.0058202385,0.14103237,-0.0074867513,-0.003928487,0.36778557,-0.004890913,-0.0027487054,-0.003569166,-0.0013856097,0.006143961,-0.002726836,0.009951789
NKD1,-0.00091342634,-0.002195106,-0.0013761553,0.39414644,-0.0058202385,0.14103237,-0.0074867513,-0.003928487,0.36778557,-0.004890913,-0.0027487054,-0.003569166,-0.0013856097,0.006143961,-0.002726836,0.009951789
NKG7,-0.00091342634,-0.002195106,-0.0013761553,0.39414644,-0.0058202385,0.14103237,-0.0074867513,-0.003928487,0.36778557,-0.004890913,-0.0027487054,-0.003569166,-0.0013856097,0.006143961,-0.002726836,0.009951789
NKX6-3,-0.00091342634,-0.002195106,-0.0013761553,0.39414644,-0.0058202385,0.14103237,-0.0074867513,-0.003928487,0.36778557,-0.004890913,-0.0027487054,-0.003569166,-0.0013856097,0.006143961,-0.002726836,0.009951789
NLRC3,-0.0009335447,-0.0021758785,-0.0013949298,0.3960004,-0.0058335555,0.14248018,-0.007496143,-0.003922221,0.36949682,-0.004910254,-0.0027642637,-0.0035727876,-0.0013787244,0.0051339306,-0.0027433294,0.008543003
NLRP2,-0.00091342634,-0.002195106,-0.0013761553,0.39414644,-0.0058202385,0.14103237,-0.0074867513,-0.003928487,0.36778557,-0.004890913,-0.0027487054,-0.003569166,-0.0013856097,0.006143961,-0.002726836,0.009951789
NLRP7,-0.00091342634,-0.002195106,-0.0013761553,0.39414644,-0.0058202385,0.14103237,-0.0074867513,-0.003928487,0.36778557,-0.004890913,-0.0027487054,-0.003569166,-0.0013856097,0.006143961,-0.002726836,0.009951789
NME7,-0.0009134316,-0.0021951061,-0.0013761601,0.3941459,-0.0058202487,0.14103328,-0.007486755,-0.003928487,0.36778578,-0.004890906,-0.002748698,-0.0035691732,-0.0013856145,0.0061440207,-0.0027268294,0.009951342
NMT2,-0.00091342634,-0.002195106,-0.0013761553,0.39414644,-0.0058202385,0.14103237,-0.0074867513,-0.003928487,0.36778557,-0.004890913,-0.0027487054,-0.003569166,-0.0013856097,0.006143961,-0.002726836,0.009951789
NMUR1,-0.00071925693,-0.0018456789,-0.0014616052,0.36821127,-0.0061785923,0.13799013,-0.00787604,-0.0034936117,0.39128733,-0.0046653086,-0.0027227357,-0.0037831508,-0.0014476858,0.006141443,-0.002794148,0.018656304
NOG,-0.00091342634,-0.002195106,-0.0013761553,0.39414644,-0.0058202385,0.14103237,-0.0074867513,-0.003928487,0.36778557,-0.004890913,-0.0027487054,-0.003569166,-0.0013856097,0.006143961,-0.002726836,0.009951789
NOL4L,0.01529941,-0.0029777747,-0.002779127,0.12968703,-0.0081769675,0.064344466,-0.006527795,-0.0014904777,0.49352762,-0.0029705588,-0.0032849973,-0.0012937884,-0.0011492718,-0.00037872704,0.013717353,0.05942204
NOL8,-0.0011482785,-0.0009534144,-0.0026628568,0.43635362,-0.0057138195,0.20803097,-0.007745174,-0.0043402403,0.29986614,-0.0051398478,-0.0008805461,-0.004308017,-0.0020467509,-0.0013096646,-0.0017440981,-0.00022777716
NOTCH2NLB,-0.00091342634,-0.002195106,-0.0013761553,0.39414644,-0.0058202385,0.14103237,-0.0074867513,-0.003928487,0.36778557,-0.004890913,-0.0027487054,-0.003569166,-0.0013856097,0.006143961,-0.002726836,0.009951789
NPAS1,-0.00091342634,-0.002195106,-0.0013761553,0.39414644,-0.0058202385,0.14103237,-0.0074867513,-0.003928487,0.36778557,-0.004890913,-0.0027487054,-0.003569166,-0.0013856097,0.006143961,-0.002726836,0.009951789
NPAT,-0.00091342634,-0.002195106,-0.0013761553,0.39414644,-0.0058202385,0.14103237,-0.0074867513,-0.003928487,0.36778557,-0.004890913,-0.0027487054,-0.003569166,-0.0013856097,0.006143961,-0.002726836,0.009951789
NPEPL1,-0.00091342634,-0.002195106,-0.0013761553,0.39414644,-0.0058202385,0.14103237,-0.0074867513,-0.003928487,0.36778557,-0.004890913,-0.0027487054,-0.003569166,-0.0013856097,0.006143961,-0.002726836,0.009951789
NPHP1,-0.00091342634,-0.002195106,-0.0013761553,0.39414644,-0.0058202385,0.14103237,-0.0074867513,-0.003928487,0.36778557,-0.004890913,-0.0027487054,-0.003569166,-0.0013856097,0.006143961,-0.002726836,0.009951789
NPIPB4,-0.0009134316,-0.0021951061,-0.0013761601,0.3941459,-0.0058202487,0.14103328,-0.007486755,-0.003928487,0.36778578,-0.004890906,-0.002748698,-0.0035691732,-0.0013856145,0.0061440207,-0.0027268294,0.009951342
NPR1,-0.00091342634,-0.002195106,-0.0013761553,0.39414644,-0.0058202385,0.14103237,-0.0074867513,-0.003928487,0.36778557,-0.004890913,-0.0027487054,-0.003569166,-0.0013856097,0.006143961,-0.002726836,0.009951789
NPR2,-0.00091342634,-0.002195106,-0.0013761553,0.39414644,-0.0058202385,0.14103237,-0.0074867513,-0.003928487,0.36778557,-0.004890913,-0.0027487054,-0.003569166,-0.0013856097,0.006143961,-0.002726836,0.009951789
NPRL2,-0.0009136853,-0.0021948314,-0.0013763853,0.3941154,-0.005820094,0.14105439,-0.0074868766,-0.003928391,0.36780918,-0.0048911218,-0.0027486496,-0.0035693129,-0.0013854988,0.00616619,-0.0027270096,0.009973925
NPTX2,-0.00091342634,-0.002195106,-0.0013761553,0.39414644,-0.0058202385,0.14103237,-0.0074867513,-0.003928487,0.36778557,-0.004890913,-0.0027487054,-0.003569166,-0.0013856097,0.006143961,-0.002726836,0.009951789
NPTXR,-0.00091342634,-0.002195106,-0.0013761553,0.39414644,-0.0058202385,0.14103237,-0.0074867513,-0.003928487,0.36778557,-0.004890913,-0.0027487054,-0.003569166,-0.0013856097,0.006143961,-0.002726836,0.009951789
NR3C2,-0.00091342634,-0.002195106,-0.0013761553,0.39414644,-0.0058202385,0.14103237,-0.0074867513,-0.003928487,0.36778557,-0.004890913,-0.0027487054,-0.003569166,-0.0013856097,0.006143961,-0.002726836,0.009951789
NRCAM,-0.0009143375,-0.0021830043,-0.0013681346,0.39475387,-0.005822437,0.14057511,-0.0074983123,-0.0039151483,0.36674613,-0.004888282,-0.0027618494,-0.0035658502,-0.0013801443,0.007704798,-0.0027273342,0.010542411
NRG2,-0.00091342634,-0.002195106,-0.0013761553,0.39414644,-0.0058202385,0.14103237,-0.0074867513,-0.003928487,0.36778557,-0.004890913,-0.0027487054,-0.003569166,-0.0013856097,0.006143961,-0.002726836,0.009951789
NRN1L,-0.00091342634,-0.002195106,-0.0013761553,0.39414644,-0.0058202385,0.14103237,-0.0074867513,-0.003928487,0.36778557,-0.004890913,-0.0027487054,-0.003569166,-0.0013856097,0.006143961,-0.002726836,0.009951789
NRTN,-0.0009134316,-0.0021951061,-0.0013761601,0.3941459,-0.0058202487,0.14103328,-0.007486755,-0.003928487,0.36778578,-0.004890906,-0.002748698,-0.0035691732,-0.0013856145,0.0061440207,-0.0027268294,0.009951342
NSD2,-0.00091342634,-0.002195106,-0.0013761553,0.39414644,-0.0058202385,0.14103237,-0.0074867513,-0.003928487,0.36778557,-0.004890913,-0.0027487054,-0.003569166,-0.0013856097,0.006143961,-0.002726836,0.009951789
NSUN6,-0.00091342634,-0.002195106,-0.0013761553,0.39414644,-0.0058202385,0.14103237,-0.0074867513,-0.003928487,0.36778557,-0.004890913,-0.0027487054,-0.003569166,-0.0013856097,0.006143961,-0.002726836,0.009951789
NT5M,-0.00091342634,-0.002195106,-0.0013761553,0.39414644,-0.0058202385,0.14103237,-0.0074867513,-0.003928487,0.36778557,-0.004890913,-0.0027487054,-0.003569166,-0.0013856097,0.006143961,-0.002726836,0.009951789
NTNG1,-0.00091342634,-0.002195106,-0.0013761553,0.39414644,-0.0058202385,0.14103237,-0.0074867513,-0.003928487,0.36778557,-0.004890913,-0.0027487054,-0.003569166,-0.0013856097,0.006143961,-0.002726836,0.009951789
NTRK1,-0.00091342634,-0.002195106,-0.0013761553,0.39414644,-0.0058202385,0.14103237,-0.0074867513,-0.003928487,0.36778557,-0.004890913,-0.0027487054,-0.003569166,-0.0013856097,0.006143961,-0.002726836,0.009951789
NTRK2,-0.00091342634,-0.002195106,-0.0013761553,0.39414644,-0.0058202385,0.14103237,-0.0074867513,-0.003928487,0.36778557,-0.004890913,-0.0027487054,-0.003569166,-0.0013856097,0.006143961,-0.002726836,0.009951789
NUAK1,-0.00091342634,-0.002195106,-0.0013761553,0.39414644,-0.0058202385,0.14103237,-0.0074867513,-0.003928487,0.36778557,-0.004890913,-0.0027487054,-0.003569166,-0.0013856097,0.006143961,-0.002726836,0.009951789
NUP205,-0.00091342634,-0.002195106,-0.0013761553,0.39414644,-0.0058202385,0.14103237,-0.0074867513,-0.003928487,0.36778557,-0.004890913,-0.0027487054,-0.003569166,-0.0013856097,0.006143961,-0.002726836,0.009951789
NUP210L,-0.00091342634,-0.002195106,-0.0013761553,0.39414644,-0.0058202385,0.14103237,-0.0074867513,-0.003928487,0.36778557,-0.004890913,-0.0027487054,-0.003569166,-0.0013856097,0.006143961,-0.002726836,0.009951789
NVL,-0.00091342634,-0.002195106,-0.0013761553,0.39414644,-0.0058202385,0.14103237,-0.0074867513,-0.003928487,0.36778557,-0.004890913,-0.0027487054,-0.003569166,-0.0013856097,0.006143961,-0.002726836,0.009951789
NYAP1,-0.00091342634,-0.002195106,-0.0013761553,0.39414644,-0.0058202385,0.14103237,-0.0074867513,-0.003928487,0.36778557,-0.004890913,-0.0027487054,-0.003569166,-0.0013856097,0.006143961,-0.002726836,0.009951789
OAT,-0.00091342634,-0.002195106,-0.0013761553,0.39414644,-0.0058202385,0.14103237,-0.0074867513,-0.003928487,0.36778557,-0.004890913,-0.0027487054,-0.003569166,-0.0013856097,0.006143961,-0.002726836,0.009951789
OBSCN-AS1,-0.00091342634,-0.002195106,-0.0013761553,0.39414644,-0.0058202385,0.14103237,-0.0074867513,-0.003928487,0.36778557,-0.004890913,-0.0027487054,-0.003569166,-0.0013856097,0.006143961,-0.002726836,0.009951789
OCA2,-0.00091342634,-0.002195106,-0.0013761553,0.39414644,-0.0058202385,0.14103237,-0.0074867513,-0.003928487,0.36778557,-0.004890913,-0.0027487054,-0.003569166,-0.0013856097,0.006143961,-0.002726836,0.009951789
OCIAD2,-0.00091342634,-0.002195106,-0.0013761553,0.39414644,-0.0058202385,0.14103237,-0.0074867513,-0.003928487,0.36778557,-0.004890913,-0.0027487054,-0.003569166,-0.0013856097,0.006143961,-0.002726836,0.009951789
OGDHL,-0.0009105464,-0.0021951324,-0.0013739556,0.39374536,-0.005819498,0.14079864,-0.0074908393,-0.0039298534,0.36747813,-0.0048883236,-0.0027526265,-0.003569026,-0.0013886556,0.0061175562,-0.0027294396,0.009530757
OLMALINC,-0.00091342634,-0.002195106,-0.0013761553,0.39414644,-0.0058202385,0.14103237,-0.0074867513,-0.003928487,0.36778557,-0.004890913,-0.0027487054,-0.003569166,-0.0013856097,0.006143961,-0.002726836,0.009951789
ONECUT1,-0.0009140671,-0.0021939895,-0.0013749185,0.39428762,-0.0058176136,0.14102119,-0.0074816546,-0.003925171,0.3674571,-0.0048859334,-0.002746772,-0.0035676844,-0.001384474,0.0062078983,-0.0027303956,0.009725915
OPTN,-0.00091342634,-0.002195106,-0.0013761553,0.39414644,-0.0058202385,0.14103237,-0.0074867513,-0.003928487,0.36778557,-0.004890913,-0.0027487054,-0.003569166,-0.0013856097,0.006143961,-0.002726836,0.009951789
OR2AG2,-0.00091342634,-0.002195106,-0.0013761553,0.39414644,-0.0058202385,0.14103237,-0.0074867513,-0.003928487,0.36778557,-0.004890913,-0.0027487054,-0.003569166,-0.0013856097,0.006143961,-0.002726836,0.009951789
ORC2,-0.00091342634,-0.002195106,-0.0013761553,0.39414644,-0.0058202385,0.14103237,-0.0074867513,-0.003928487,0.36778557,-0.004890913,-0.0027487054,-0.003569166,-0.0013856097,0.006143961,-0.002726836,0.009951789
ORM2,-0.00091342634,-0.002195106,-0.0013761553,0.39414644,-0.0058202385,0.14103237,-0.0074867513,-0.003928487,0.36778557,-0.004890913,-0.0027487054,-0.003569166,-0.0013856097,0.006143961,-0.002726836,0.009951789
OSBPL3,-0.00091776496,-0.0021902006,-0.0013652995,0.39322525,-0.005826504,0.1416322,-0.0074852793,-0.0039205425,0.36792898,-0.004880784,-0.0027496188,-0.0035703494,-0.0013872812,0.006443355,-0.0027271234,0.010392247
OSBPL7,-0.00091342634,-0.002195106,-0.0013761553,0.39414644,-0.0058202385,0.14103237,-0.0074867513,-0.003928487,0.36778557,-0.004890913,-0.0027487054,-0.003569166,-0.0013856097,0.006143961,-0.002726836,0.009951789
OSER1-DT,-0.0009082048,-0.002194612,-0.0013696823,0.39287388,-0.005827985,0.1409599,-0.007477914,-0.003933105,0.3667086,-0.0049039084,-0.0027468388,-0.0035757017,-0.0013801361,0.006160978,-0.0027209988,0.01049595
OTUD6B-AS1,-0.00091342634,-0.002195106,-0.0013761553,0.39414644,-0.0058202385,0.14103237,-0.0074867513,-0.003928487,0.36778557,-0.004890913,-0.0027487054,-0.003569166,-0.0013856097,0.006143961,-0.002726836,0.009951789
OTUD7B,-0.00091342634,-0.002195106,-0.0013761553,0.39414644,-0.0058202385,0.14103237,-0.0074867513,-0.003928487,0.36778557,-0.004890913,-0.0027487054,-0.003569166,-0.0013856097,0.006143961,-0.002726836,0.009951789
OVCH1-AS1,-0.00091342634,-0.002195106,-0.0013761553,0.39414644,-0.0058202385,0.14103237,-0.0074867513,-0.003928487,0.36778557,-0.004890913,-0.0027487054,-0.003569166,-0.0013856097,0.006143961,-0.002726836,0.009951789
OVOL3,-0.00091342634,-0.002195106,-0.0013761553,0.39414644,-0.0058202385,0.14103237,-0.0074867513,-0.003928487,0.36778557,-0.004890913,-0.0027487054,-0.003569166,-0.0013856097,0.006143961,-0.002726836,0.009951789
P2RY10,-0.00091342634,-0.002195106,-0.0013761553,0.39414644,-0.0058202385,0.14103237,-0.0074867513,-0.003928487,0.36778557,-0.004890913,-0.0027487054,-0.003569166,-0.0013856097,0.006143961,-0.002726836,0.009951789
P2RY11,-0.00091342634,-0.002195106,-0.0013761553,0.39414644,-0.0058202385,0.14103237,-0.0074867513,-0.003928487,0.36778557,-0.004890913,-0.0027487054,-0.003569166,-0.0013856097,0.006143961,-0.002726836,0.009951789
P3H2-AS1,-0.00091342634,-0.002195106,-0.0013761553,0.39414644,-0.0058202385,0.14103237,-0.0074867513,-0.003928487,0.36778557,-0.004890913,-0.0027487054,-0.003569166,-0.0013856097,0.006143961,-0.002726836,0.009951789
P3H4,-0.00064489787,-0.001919418,-0.0012881511,0.38723135,-0.005783969,0.15845251,-0.0072523206,-0.0038227367,0.38154578,-0.0047407774,-0.0025734615,-0.0038787338,-0.0013219821,0.014795952,-0.00290439,-0.00020557788
PAFAH2,-0.00091342634,-0.002195106,-0.0013761553,0.39414644,-0.0058202385,0.14103237,-0.0074867513,-0.003928487,0.36778557,-0.004890913,-0.0027487054,-0.003569166,-0.0013856097,0.006143961,-0.002726836,0.009951789
PAM,0.01529941,-0.0029777747,-0.002779127,0.12968703,-0.0081769675,0.064344466,-0.006527795,-0.0014904777,0.49352762,-0.0029705588,-0.0032849973,-0.0012937884,-0.0011492718,-0.00037872704,0.013717353,0.05942204
PANX3,-0.00091342634,-0.002195106,-0.0013761553,0.39414644,-0.0058202385,0.14103237,-0.0074867513,-0.003928487,0.36778557,-0.004890913,-0.0027487054,-0.003569166,-0.0013856097,0.006143961,-0.002726836,0.009951789
PAPOLB,-0.00091342634,-0.002195106,-0.0013761553,0.39414644,-0.0058202385,0.14103237,-0.0074867513,-0.003928487,0.36778557,-0.004890913,-0.0027487054,-0.003569166,-0.0013856097,0.006143961,-0.002726836,0.009951789
PARD6B,-0.00091342634,-0.002195106,-0.0013761553,0.39414644,-0.0058202385,0.14103237,-0.0074867513,-0.003928487,0.36778557,-0.004890913,-0.0027487054,-0.003569166,-0.0013856097,0.006143961,-0.002726836,0.009951789
PARN,0.01529941,-0.0029777747,-0.002779127,0.12968703,-0.0081769675,0.064344466,-0.006527795,-0.0014904777,0.49352762,-0.0029705588,-0.0032849973,-0.0012937884,-0.0011492718,-0.00037872704,0.013717353,0.05942204
PARP15,-0.00091342634,-0.002195106,-0.0013761553,0.39414644,-0.0058202385,0.14103237,-0.0074867513,-0.003928487,0.36778557,-0.004890913,-0.0027487054,-0.003569166,-0.0013856097,0.006143961,-0.002726836,0.009951789
PARP16,-0.00091342634,-0.002195106,-0.0013761553,0.39414644,-0.0058202385,0.14103237,-0.0074867513,-0.003928487,0.36778557,-0.004890913,-0.0027487054,-0.003569166,-0.0013856097,0.006143961,-0.002726836,0.009951789
PATL2,-0.00091342634,-0.002195106,-0.0013761553,0.39414644,-0.0058202385,0.14103237,-0.0074867513,-0.003928487,0.36778557,-0.004890913,-0.0027487054,-0.003569166,-0.0013856097,0.006143961,-0.002726836,0.009951789
PAUPAR,-0.00091342634,-0.002195106,-0.0013761553,0.39414644,-0.0058202385,0.14103237,-0.0074867513,-0.003928487,0.36778557,-0.004890913,-0.0027487054,-0.003569166,-0.0013856097,0.006143961,-0.002726836,0.009951789
PAX5,-0.0007827995,-0.0022751817,-0.0014665555,0.37077236,-0.006098992,0.15412475,-0.0078072683,-0.0041465117,0.40501752,-0.005269304,-0.0029224877,-0.0036832266,-0.0015189062,-7.5157615e-05,-0.0022734967,0.028261624
PAXX,-0.00091342634,-0.002195106,-0.0013761553,0.39414644,-0.0058202385,0.14103237,-0.0074867513,-0.003928487,0.36778557,-0.004890913,-0.0027487054,-0.003569166,-0.0013856097,0.006143961,-0.002726836,0.009951789
PBX4,-0.00091342634,-0.002195106,-0.0013761553,0.39414644,-0.0058202385,0.14103237,-0.0074867513,-0.003928487,0.36778557,-0.004890913,-0.0027487054,-0.003569166,-0.0013856097,0.006143961,-0.002726836,0.009951789
PCAT1,-0.00091049826,-0.0022058145,-0.0013627874,0.39363855,-0.005806047,0.14219266,-0.0074937646,-0.00393507,0.36650893,-0.004880987,-0.0027573556,-0.003571102,-0.0013939275,0.0068475045,-0.0027215001,0.008486409
PCBP4,-0.00091342634,-0.002195106,-0.0013761553,0.39414644,-0.0058202385,0.14103237,-0.0074867513,-0.003928487,0.36778557,-0.004890913,-0.0027487054,-0.003569166,-0.0013856097,0.006143961,-0.002726836,0.009951789
PCDH19,-0.00091342634,-0.002195106,-0.0013761553,0.39414644,-0.0058202385,0.14103237,-0.0074867513,-0.003928487,0.36778557,-0.004890913,-0.0027487054,-0.003569166,-0.0013856097,0.006143961,-0.002726836,0.009951789
PCDH9,-0.0023700022,-0.0034336096,0.021609336,0.21317527,-0.0042306883,0.13593273,-0.006003466,-0.002215593,0.26796114,-0.0041994583,-0.0045984206,-0.0017876747,-0.0033024037,0.107359186,-0.0036051858,0.17348143
PCDHGA10,-0.0009083604,-0.002190757,-0.0013776293,0.394368,-0.005814905,0.14094813,-0.007490289,-0.0039329003,0.36830753,-0.00489255,-0.0027420842,-0.0035757893,-0.0013899484,0.0055775978,-0.0027264,0.009774033
PCDHGB2,-0.0009105464,-0.0021951324,-0.0013739556,0.39374536,-0.005819498,0.14079864,-0.0074908393,-0.0039298534,0.36747813,-0.0048883236,-0.0027526265,-0.003569026,-0.0013886556,0.0061175562,-0.0027294396,0.009530757
PCDHGC3,-0.00091342634,-0.002195106,-0.0013761553,0.39414644,-0.0058202385,0.14103237,-0.0074867513,-0.003928487,0.36778557,-0.004890913,-0.0027487054,-0.003569166,-0.0013856097,0.006143961,-0.002726836,0.009951789
PCNT,-0.0009194099,-0.0021876448,-0.0013680663,0.39454693,-0.005824884,0.1407922,-0.0075009665,-0.003920542,0.36860943,-0.0048986482,-0.0027397578,-0.0035664605,-0.0013804064,0.0054131337,-0.0027163732,0.009116132
PCNX3,-0.00091342634,-0.002195106,-0.0013761553,0.39414644,-0.0058202385,0.14103237,-0.0074867513,-0.003928487,0.36778557,-0.004890913,-0.0027487054,-0.003569166,-0.0013856097,0.006143961,-0.002726836,0.009951789
PCOTH,-0.00091342634,-0.002195106,-0.0013761553,0.39414644,-0.0058202385,0.14103237,-0.0074867513,-0.003928487,0.36778557,-0.004890913,-0.0027487054,-0.003569166,-0.0013856097,0.006143961,-0.002726836,0.009951789
PDCD1,-0.0008953813,-0.0021854676,-0.0013672045,0.39339602,-0.005824106,0.14074177,-0.0074886987,-0.003945281,0.3652411,-0.004898936,-0.0027367868,-0.0035836224,-0.0013771058,0.0074766763,-0.002735044,0.011099998
PDE4D,-0.00091342634,-0.002195106,-0.0013761553,0.39414644,-0.0058202385,0.14103237,-0.0074867513,-0.003928487,0.36778557,-0.004890913,-0.0027487054,-0.003569166,-0.0013856097,0.006143961,-0.002726836,0.009951789
PDE5A,-0.00091342634,-0.002195106,-0.0013761553,0.39414644,-0.0058202385,0.14103237,-0.0074867513,-0.003928487,0.36778557,-0.004890913,-0.0027487054,-0.003569166,-0.0013856097,0.006143961,-0.002726836,0.009951789
PDE9A,-0.00091342634,-0.002195106,-0.0013761553,0.39414644,-0.0058202385,0.14103237,-0.0074867513,-0.003928487,0.36778557,-0.004890913,-0.0027487054,-0.003569166,-0.0013856097,0.006143961,-0.002726836,0.009951789
PDGFD,-0.00091342634,-0.002195106,-0.0013761553,0.39414644,-0.0058202385,0.14103237,-0.0074867513,-0.003928487,0.36778557,-0.004890913,-0.0027487054,-0.003569166,-0.0013856097,0.006143961,-0.002726836,0.009951789
PDZD4,-0.00091342634,-0.002195106,-0.0013761553,0.39414644,-0.0058202385,0.14103237,-0.0074867513,-0.003928487,0.36778557,-0.004890913,-0.0027487054,-0.003569166,-0.0013856097,0.006143961,-0.002726836,0.009951789
PDZK1IP1,-0.0009105464,-0.0021951324,-0.0013739556,0.39374536,-0.005819498,0.14079864,-0.0074908393,-0.0039298534,0.36747813,-0.0048883236,-0.0027526265,-0.003569026,-0.0013886556,0.0061175562,-0.0027294396,0.009530757
PECR,-0.00091635366,-0.0021881687,-0.0013664626,0.39525148,-0.0058228243,0.14062434,-0.0074972115,-0.0039223186,0.3670534,-0.004881518,-0.0027597616,-0.0035587703,-0.0013818975,0.0076893307,-0.002721844,0.010411877
PERP,-0.00091342634,-0.002195106,-0.0013761553,0.39414644,-0.0058202385,0.14103237,-0.0074867513,-0.003928487,0.36778557,-0.004890913,-0.0027487054,-0.003569166,-0.0013856097,0.006143961,-0.002726836,0.009951789
PEX12,-0.0009098672,-0.00219161,-0.0013707265,0.39382136,-0.005827534,0.14246072,-0.0074932175,-0.003914781,0.3680889,-0.0048958748,-0.0027619717,-0.003560803,-0.0013885718,0.005742822,-0.0027221176,0.010556448
PFKFB1,-0.00091342634,-0.002195106,-0.0013761553,0.39414644,-0.0058202385,0.14103237,-0.0074867513,-0.003928487,0.36778557,-0.004890913,-0.0027487054,-0.003569166,-0.0013856097,0.006143961,-0.002726836,0.009951789
PFKP,-0.00091342634,-0.002195106,-0.0013761553,0.39414644,-0.0058202385,0.14103237,-0.0074867513,-0.003928487,0.36778557,-0.004890913,-0.0027487054,-0.003569166,-0.0013856097,0.006143961,-0.002726836,0.009951789
PGAP1,-0.00091342634,-0.002195106,-0.0013761553,0.39414644,-0.0058202385,0.14103237,-0.0074867513,-0.003928487,0.36778557,-0.004890913,-0.0027487054,-0.003569166,-0.0013856097,0.006143961,-0.002726836,0.009951789
PGBD4,-0.00091342634,-0.002195106,-0.0013761553,0.39414644,-0.0058202385,0.14103237,-0.0074867513,-0.003928487,0.36778557,-0.004890913,-0.0027487054,-0.003569166,-0.0013856097,0.006143961,-0.002726836,0.009951789
PGGHG,-0.00091342634,-0.002195106,-0.0013761553,0.39414644,-0.0058202385,0.14103237,-0.0074867513,-0.003928487,0.36778557,-0.004890913,-0.0027487054,-0.003569166,-0.0013856097,0.006143961,-0.002726836,0.009951789
PGM2L1,-0.00091342634,-0.002195106,-0.0013761553,0.39414644,-0.0058202385,0.14103237,-0.0074867513,-0.003928487,0.36778557,-0.004890913,-0.0027487054,-0.003569166,-0.0013856097,0.006143961,-0.002726836,0.009951789
PGM5P4-AS1,-0.00091342634,-0.002195106,-0.0013761553,0.39414644,-0.0058202385,0.14103237,-0.0074867513,-0.003928487,0.36778557,-0.004890913,-0.0027487054,-0.003569166,-0.0013856097,0.006143961,-0.002726836,0.009951789
PHC1,-0.0009134316,-0.0021951061,-0.0013761601,0.3941459,-0.0058202487,0.14103328,-0.007486755,-0.003928487,0.36778578,-0.004890906,-0.002748698,-0.0035691732,-0.0013856145,0.0061440207,-0.0027268294,0.009951342
PHF1,-0.00091342634,-0.002195106,-0.0013761553,0.39414644,-0.0058202385,0.14103237,-0.0074867513,-0.003928487,0.36778557,-0.004890913,-0.0027487054,-0.003569166,-0.0013856097,0.006143961,-0.002726836,0.009951789
PHF7,-0.00091342634,-0.002195106,-0.0013761553,0.39414644,-0.0058202385,0.14103237,-0.0074867513,-0.003928487,0.36778557,-0.004890913,-0.0027487054,-0.003569166,-0.0013856097,0.006143961,-0.002726836,0.009951789
PHLDA3,-0.0009335447,-0.0021758785,-0.0013949298,0.3960004,-0.0058335555,0.14248018,-0.007496143,-0.003922221,0.36949682,-0.004910254,-0.0027642637,-0.0035727876,-0.0013787244,0.0051339306,-0.0027433294,0.008543003
PHLDB3,-0.00091342634,-0.002195106,-0.0013761553,0.39414644,-0.0058202385,0.14103237,-0.0074867513,-0.003928487,0.36778557,-0.004890913,-0.0027487054,-0.003569166,-0.0013856097,0.006143961,-0.002726836,0.009951789
PHOX2A,-0.00089599687,-0.0021817165,-0.0013640422,0.3956078,-0.005809909,0.14328994,-0.0074903523,-0.0039212154,0.36577544,-0.0048855417,-0.0027356779,-0.0035886306,-0.0013670613,0.0050398745,-0.0027420844,0.008148123
PHYH,-0.00091342634,-0.002195106,-0.0013761553,0.39414644,-0.0058202385,0.14103237,-0.0074867513,-0.003928487,0.36778557,-0.004890913,-0.0027487054,-0.003569166,-0.0013856097,0.006143961,-0.002726836,0.009951789
PHYHIPL,-0.00090060284,-0.0021859615,-0.0013736775,0.39466858,-0.0058163595,0.14081423,-0.0074975365,-0.003940663,0.36631808,-0.0048859417,-0.0027386534,-0.0035770868,-0.0013825794,0.007459659,-0.0027408812,0.010555837
PICART1,-0.00091342634,-0.002195106,-0.0013761553,0.39414644,-0.0058202385,0.14103237,-0.0074867513,-0.003928487,0.36778557,-0.004890913,-0.0027487054,-0.003569166,-0.0013856097,0.006143961,-0.002726836,0.009951789
PID1,-0.00091342634,-0.002195106,-0.0013761553,0.39414644,-0.0058202385,0.14103237,-0.0074867513,-0.003928487,0.36778557,-0.004890913,-0.0027487054,-0.003569166,-0.0013856097,0.006143961,-0.002726836,0.009951789
PIF1,-0.00091342634,-0.002195106,-0.0013761553,0.39414644,-0.0058202385,0.14103237,-0.0074867513,-0.003928487,0.36778557,-0.004890913,-0.0027487054,-0.003569166,-0.0013856097,0.006143961,-0.002726836,0.009951789
PIGK,-0.00091342634,-0.002195106,-0.0013761553,0.39414644,-0.0058202385,0.14103237,-0.0074867513,-0.003928487,0.36778557,-0.004890913,-0.0027487054,-0.003569166,-0.0013856097,0.006143961,-0.002726836,0.009951789
PIGL,-0.00091342634,-0.002195106,-0.0013761553,0.39414644,-0.0058202385,0.14103237,-0.0074867513,-0.003928487,0.36778557,-0.004890913,-0.0027487054,-0.003569166,-0.0013856097,0.006143961,-0.002726836,0.009951789
PITPNM2,-0.0009134316,-0.0021951061,-0.0013761601,0.3941459,-0.0058202487,0.14103328,-0.007486755,-0.003928487,0.36778578,-0.004890906,-0.002748698,-0.0035691732,-0.0013856145,0.0061440207,-0.0027268294,0.009951342
PKD1,-0.00091342634,-0.002195106,-0.0013761553,0.39414644,-0.0058202385,0.14103237,-0.0074867513,-0.003928487,0.36778557,-0.004890913,-0.0027487054,-0.003569166,-0.0013856097,0.006143961,-0.002726836,0.009951789
PKIA,-0.00072402856,-0.0018395319,-0.0014523084,0.36840957,-0.006179539,0.13781914,-0.00788351,-0.0034947621,0.39186382,-0.0046673953,-0.0027234997,-0.0037877636,-0.0014541079,0.006139446,-0.0027861067,0.017955652
PLA2G4E-AS1,-0.00091342634,-0.002195106,-0.0013761553,0.39414644,-0.0058202385,0.14103237,-0.0074867513,-0.003928487,0.36778557,-0.004890913,-0.0027487054,-0.003569166,-0.0013856097,0.006143961,-0.002726836,0.009951789
PLA2G6,-0.00091342634,-0.002195106,-0.0013761553,0.39414644,-0.0058202385,0.14103237,-0.0074867513,-0.003928487,0.36778557,-0.004890913,-0.0027487054,-0.003569166,-0.0013856097,0.006143961,-0.002726836,0.009951789
PLAAT2,-0.00069573155,-0.0012809088,-0.0013819733,0.3798185,-0.004253641,0.14841887,-0.0054921485,-0.0056428113,0.15678614,-0.0027844326,-0.00065600086,-0.0029315618,-0.00012594786,0.16580805,-0.0037348764,0.072353944
PLAC1,0.014779121,-0.0029669937,-0.0027706877,0.12962365,-0.008176783,0.06433259,-0.006538986,-0.0014877011,0.49388635,-0.002979211,-0.0032737227,-0.0012923242,-0.0011426791,-0.00038366352,0.014647812,0.05838784
PLAUR,-0.00091342634,-0.002195106,-0.0013761553,0.39414644,-0.0058202385,0.14103237,-0.0074867513,-0.003928487,0.36778557,-0.004890913,-0.0027487054,-0.003569166,-0.0013856097,0.006143961,-0.002726836,0.009951789
PLCG1,-0.00091342634,-0.002195106,-0.0013761553,0.39414644,-0.0058202385,0.14103237,-0.0074867513,-0.003928487,0.36778557,-0.004890913,-0.0027487054,-0.003569166,-0.0013856097,0.006143961,-0.002726836,0.009951789
PLCL1,-0.00091276143,-0.0022047418,-0.001371651,0.3952939,-0.005808187,0.14232913,-0.0074750525,-0.0039420263,0.36733,-0.004885167,-0.0027369792,-0.0035663354,-0.0013890138,0.005412314,-0.0027191022,0.009295601
PLCXD2,-0.00091342634,-0.002195106,-0.0013761553,0.39414644,-0.0058202385,0.14103237,-0.0074867513,-0.003928487,0.36778557,-0.004890913,-0.0027487054,-0.003569166,-0.0013856097,0.006143961,-0.002726836,0.009951789
PLD5,-0.00091342634,-0.002195106,-0.0013761553,0.39414644,-0.0058202385,0.14103237,-0.0074867513,-0.003928487,0.36778557,-0.004890913,-0.0027487054,-0.003569166,-0.0013856097,0.006143961,-0.002726836,0.009951789
PLEKHA1,-0.00091342634,-0.002195106,-0.0013761553,0.39414644,-0.0058202385,0.14103237,-0.0074867513,-0.003928487,0.36778557,-0.004890913,-0.0027487054,-0.003569166,-0.0013856097,0.006143961,-0.002726836,0.009951789
PLEKHA5,-0.00091342634,-0.002195106,-0.0013761553,0.39414644,-0.0058202385,0.14103237,-0.0074867513,-0.003928487,0.36778557,-0.004890913,-0.0027487054,-0.003569166,-0.0013856097,0.006143961,-0.002726836,0.009951789
PLEKHF1,-0.00091342634,-0.002195106,-0.0013761553,0.39414644,-0.0058202385,0.14103237,-0.0074867513,-0.003928487,0.36778557,-0.004890913,-0.0027487054,-0.003569166,-0.0013856097,0.006143961,-0.002726836,0.009951789
PLEKHG1,-0.00091342634,-0.002195106,-0.0013761553,0.39414644,-0.0058202385,0.14103237,-0.0074867513,-0.003928487,0.36778557,-0.004890913,-0.0027487054,-0.003569166,-0.0013856097,0.006143961,-0.002726836,0.009951789
PLGRKT,-0.00091342634,-0.002195106,-0.0013761553,0.39414644,-0.0058202385,0.14103237,-0.0074867513,-0.003928487,0.36778557,-0.004890913,-0.0027487054,-0.003569166,-0.0013856097,0.006143961,-0.002726836,0.009951789
PLPP1,-0.00091342634,-0.002195106,-0.0013761553,0.39414644,-0.0058202385,0.14103237,-0.0074867513,-0.003928487,0.36778557,-0.004890913,-0.0027487054,-0.003569166,-0.0013856097,0.006143961,-0.002726836,0.009951789
PLPPR3,-0.00091342634,-0.002195106,-0.0013761553,0.39414644,-0.0058202385,0.14103237,-0.0074867513,-0.003928487,0.36778557,-0.004890913,-0.0027487054,-0.003569166,-0.0013856097,0.006143961,-0.002726836,0.009951789
PLXDC1,-0.0009136853,-0.0021948314,-0.0013763853,0.3941154,-0.005820094,0.14105439,-0.0074868766,-0.003928391,0.36780918,-0.0048911218,-0.0027486496,-0.0035693129,-0.0013854988,0.00616619,-0.0027270096,0.009973925
PLXDC2,-0.00071925693,-0.0018456789,-0.0014616052,0.36821127,-0.0061785923,0.13799013,-0.00787604,-0.0034936117,0.39128733,-0.0046653086,-0.0027227357,-0.0037831508,-0.0014476858,0.006141443,-0.002794148,0.018656304
PLXNA3,-0.00091862923,-0.002184325,-0.0013677159,0.39408308,-0.005820053,0.14102049,-0.007497943,-0.003925711,0.3681443,-0.004899566,-0.0027374309,-0.0035677014,-0.001379017,0.0056503154,-0.0027175313,0.008917589
PM20D1,-0.00091342634,-0.002195106,-0.0013761553,0.39414644,-0.0058202385,0.14103237,-0.0074867513,-0.003928487,0.36778557,-0.004890913,-0.0027487054,-0.003569166,-0.0013856097,0.006143961,-0.002726836,0.009951789
PMS1,-0.00091342634,-0.002195106,-0.0013761553,0.39414644,-0.0058202385,0.14103237,-0.0074867513,-0.003928487,0.36778557,-0.004890913,-0.0027487054,-0.003569166,-0.0013856097,0.006143961,-0.002726836,0.009951789
PNMT,-0.00091342634,-0.002195106,-0.0013761553,0.39414644,-0.0058202385,0.14103237,-0.0074867513,-0.003928487,0.36778557,-0.004890913,-0.0027487054,-0.003569166,-0.0013856097,0.006143961,-0.002726836,0.009951789
PNPLA2,-0.00085921306,-0.0028514194,-0.0010761732,0.37998796,-0.0050867763,0.08471882,-0.008042119,-0.003351063,0.31982675,-0.0051620514,-0.0025768164,-0.003328623,-0.0006605238,0.09671359,-0.0028322886,0.009930063
PNPLA3,-0.00091342634,-0.002195106,-0.0013761553,0.39414644,-0.0058202385,0.14103237,-0.0074867513,-0.003928487,0.36778557,-0.004890913,-0.0027487054,-0.003569166,-0.0013856097,0.006143961,-0.002726836,0.009951789
POC5,-0.00082693,-0.0024051338,-0.0006668606,0.40532792,-0.005458243,0.22000362,-0.006532286,-0.0035801427,0.3349381,-0.0041636,-0.0022568232,-0.003345462,-0.0012447385,-0.0005782761,-0.0018942633,0.008346546
POLR3E,-0.00091776496,-0.0021902006,-0.0013652995,0.39322525,-0.005826504,0.1416322,-0.0074852793,-0.0039205425,0.36792898,-0.004880784,-0.0027496188,-0.0035703494,-0.0013872812,0.006443355,-0.0027271234,0.010392247
POMT1,-5.6579036e-05,-0.00028068255,-0.0013211253,0.5283586,-0.0043613594,0.10326435,-0.005304129,-0.0023585195,0.32367596,-0.003354221,-0.002653861,-0.0035238382,-0.0006161558,-0.00013301474,-0.004195477,-0.0013739844
POT1-AS1,-0.0008068117,-0.0024243607,-0.0006480862,0.40347397,-0.0054449267,0.21855581,-0.006522894,-0.003586409,0.33322683,-0.0041442597,-0.0022412648,-0.0033418403,-0.0012516238,-0.0005681758,-0.0018777698,0.009755332
POU3F1,-0.00091342634,-0.002195106,-0.0013761553,0.39414644,-0.0058202385,0.14103237,-0.0074867513,-0.003928487,0.36778557,-0.004890913,-0.0027487054,-0.003569166,-0.0013856097,0.006143961,-0.002726836,0.009951789
POU6F1,-0.00091342634,-0.002195106,-0.0013761553,0.39414644,-0.0058202385,0.14103237,-0.0074867513,-0.003928487,0.36778557,-0.004890913,-0.0027487054,-0.003569166,-0.0013856097,0.006143961,-0.002726836,0.009951789
PPIAL4G,-0.00091342634,-0.002195106,-0.0013761553,0.39414644,-0.0058202385,0.14103237,-0.0074867513,-0.003928487,0.36778557,-0.004890913,-0.0027487054,-0.003569166,-0.0013856097,0.006143961,-0.002726836,0.009951789
PPM1E,-0.00091342634,-0.002195106,-0.0013761553,0.39414644,-0.0058202385,0.14103237,-0.0074867513,-0.003928487,0.36778557,-0.004890913,-0.0027487054,-0.003569166,-0.0013856097,0.006143961,-0.002726836,0.009951789
PPM1K-DT,-0.00092175114,-0.0021947843,-0.0013837354,0.3932873,-0.0058269226,0.1408555,-0.007479291,-0.0039353026,0.36891723,-0.0048954575,-0.0027480249,-0.003571731,-0.0013917967,0.007374119,-0.0027148186,0.010953164
PPP1R10,-0.00091342634,-0.002195106,-0.0013761553,0.39414644,-0.0058202385,0.14103237,-0.0074867513,-0.003928487,0.36778557,-0.004890913,-0.0027487054,-0.003569166,-0.0013856097,0.006143961,-0.002726836,0.009951789
PPP1R12A-AS1,-0.00091342634,-0.002195106,-0.0013761553,0.39414644,-0.0058202385,0.14103237,-0.0074867513,-0.003928487,0.36778557,-0.004890913,-0.0027487054,-0.003569166,-0.0013856097,0.006143961,-0.002726836,0.009951789
PPP1R14B-AS1,-0.00091342634,-0.002195106,-0.0013761553,0.39414644,-0.0058202385,0.14103237,-0.0074867513,-0.003928487,0.36778557,-0.004890913,-0.0027487054,-0.003569166,-0.0013856097,0.006143961,-0.002726836,0.009951789
PPP1R36,-0.00091342634,-0.002195106,-0.0013761553,0.39414644,-0.0058202385,0.14103237,-0.0074867513,-0.003928487,0.36778557,-0.004890913,-0.0027487054,-0.003569166,-0.0013856097,0.006143961,-0.002726836,0.009951789
PPP1R9A,-0.00091342634,-0.002195106,-0.0013761553,0.39414644,-0.0058202385,0.14103237,-0.0074867513,-0.003928487,0.36778557,-0.004890913,-0.0027487054,-0.003569166,-0.0013856097,0.006143961,-0.002726836,0.009951789
PPP2R3B,-0.00091342634,-0.002195106,-0.0013761553,0.39414644,-0.0058202385,0.14103237,-0.0074867513,-0.003928487,0.36778557,-0.004890913,-0.0027487054,-0.003569166,-0.0013856097,0.006143961,-0.002726836,0.009951789
PPP4R1-AS1,-0.00091342634,-0.002195106,-0.0013761553,0.39414644,-0.0058202385,0.14103237,-0.0074867513,-0.003928487,0.36778557,-0.004890913,-0.0027487054,-0.003569166,-0.0013856097,0.006143961,-0.002726836,0.009951789
PRAG1,0.01529941,-0.0029777747,-0.002779127,0.12968703,-0.0081769675,0.064344466,-0.006527795,-0.0014904777,0.49352762,-0.0029705588,-0.0032849973,-0.0012937884,-0.0011492718,-0.00037872704,0.013717353,0.05942204
PRAME,-0.00091342634,-0.002195106,-0.0013761553,0.39414644,-0.0058202385,0.14103237,-0.0074867513,-0.003928487,0.36778557,-0.004890913,-0.0027487054,-0.003569166,-0.0013856097,0.006143961,-0.002726836,0.009951789
PRDM1,-0.00084917445,-0.002622117,-0.0015731116,0.32358235,-0.0067117154,0.14700504,-0.008762587,-0.0044379616,0.45402294,-0.005881129,-0.0032765411,-0.0038459029,-0.0019136624,-9.6891854e-05,-0.0017566299,0.08245964
PREPL,-0.00088990096,-0.0016303355,-0.0012965231,0.40575373,-0.0038952865,0.15146111,-0.00510286,-0.006077687,0.1332844,-0.0030100376,-0.00068197056,-0.002717577,-6.387189e-05,0.16581057,-0.0036675644,0.06364943
PREX2,-0.00091342634,-0.002195106,-0.0013761553,0.39414644,-0.0058202385,0.14103237,-0.0074867513,-0.003928487,0.36778557,-0.004890913,-0.0027487054,-0.003569166,-0.0013856097,0.006143961,-0.002726836,0.009951789
PRF1,-0.00091342634,-0.002195106,-0.0013761553,0.39414644,-0.0058202385,0.14103237,-0.0074867513,-0.003928487,0.36778557,-0.004890913,-0.0027487054,-0.003569166,-0.0013856097,0.006143961,-0.002726836,0.009951789
PRICKLE4,-0.00091342634,-0.002195106,-0.0013761553,0.39414644,-0.0058202385,0.14103237,-0.0074867513,-0.003928487,0.36778557,-0.004890913,-0.0027487054,-0.003569166,-0.0013856097,0.006143961,-0.002726836,0.009951789
PRIM2,-0.00091342634,-0.002195106,-0.0013761553,0.39414644,-0.0058202385,0.14103237,-0.0074867513,-0.003928487,0.36778557,-0.004890913,-0.0027487054,-0.003569166,-0.0013856097,0.006143961,-0.002726836,0.009951789
PRKAR1B,-0.00091342634,-0.002195106,-0.0013761553,0.39414644,-0.0058202385,0.14103237,-0.0074867513,-0.003928487,0.36778557,-0.004890913,-0.0027487054,-0.003569166,-0.0013856097,0.006143961,-0.002726836,0.009951789
PRKCA-AS1,-0.00091342634,-0.002195106,-0.0013761553,0.39414644,-0.0058202385,0.14103237,-0.0074867513,-0.003928487,0.36778557,-0.004890913,-0.0027487054,-0.003569166,-0.0013856097,0.006143961,-0.002726836,0.009951789
PRKCG,-0.0009086194,-0.0021904826,-0.0013778594,0.39433694,-0.005814761,0.14097016,-0.007490414,-0.0039328034,0.36833113,-0.0048927586,-0.002742028,-0.0035759362,-0.0013898374,0.0055998266,-0.002726574,0.009796169
PRKCQ-AS1,-0.00091276143,-0.0022047418,-0.001371651,0.3952939,-0.005808187,0.14232913,-0.0074750525,-0.0039420263,0.36733,-0.004885167,-0.0027369792,-0.0035663354,-0.0013890138,0.005412314,-0.0027191022,0.009295601
PRKD2,-0.0023729303,-0.003422901,0.020272553,0.21368319,-0.004244879,0.13477245,-0.0059964526,-0.0022090098,0.2692378,-0.0042093843,-0.0045897705,-0.0017857387,-0.0032940859,0.10665566,-0.0036105216,0.17494681
PRKN,-0.00091342634,-0.002195106,-0.0013761553,0.39414644,-0.0058202385,0.14103237,-0.0074867513,-0.003928487,0.36778557,-0.004890913,-0.0027487054,-0.003569166,-0.0013856097,0.006143961,-0.002726836,0.009951789
PRKRIP1,-0.00090771663,-0.002188174,-0.0013804153,0.39317083,-0.0058321594,0.14202403,-0.0074782907,-0.0039347513,0.36797678,-0.0048902864,-0.0027565043,-0.0035701704,-0.0013750436,0.005133096,-0.0027345177,0.008900557
PRKX,-0.00091342634,-0.002195106,-0.0013761553,0.39414644,-0.0058202385,0.14103237,-0.0074867513,-0.003928487,0.36778557,-0.004890913,-0.0027487054,-0.003569166,-0.0013856097,0.006143961,-0.002726836,0.009951789
PRORP,-0.00091342634,-0.002195106,-0.0013761553,0.39414644,-0.0058202385,0.14103237,-0.0074867513,-0.003928487,0.36778557,-0.004890913,-0.0027487054,-0.003569166,-0.0013856097,0.006143961,-0.002726836,0.009951789
PROS1,-0.00091342634,-0.002195106,-0.0013761553,0.39414644,-0.0058202385,0.14103237,-0.0074867513,-0.003928487,0.36778557,-0.004890913,-0.0027487054,-0.003569166,-0.0013856097,0.006143961,-0.002726836,0.009951789
PROX2,-0.00091342634,-0.002195106,-0.0013761553,0.39414644,-0.0058202385,0.14103237,-0.0074867513,-0.003928487,0.36778557,-0.004890913,-0.0027487054,-0.003569166,-0.0013856097,0.006143961,-0.002726836,0.009951789
PRR3,-0.00091342634,-0.002195106,-0.0013761553,0.39414644,-0.0058202385,0.14103237,-0.0074867513,-0.003928487,0.36778557,-0.004890913,-0.0027487054,-0.003569166,-0.0013856097,0.006143961,-0.002726836,0.009951789
PRR5,-0.00091342634,-0.002195106,-0.0013761553,0.39414644,-0.0058202385,0.14103237,-0.0074867513,-0.003928487,0.36778557,-0.004890913,-0.0027487054,-0.003569166,-0.0013856097,0.006143961,-0.002726836,0.009951789
PRR5L,-0.00091342634,-0.002195106,-0.0013761553,0.39414644,-0.0058202385,0.14103237,-0.0074867513,-0.003928487,0.36778557,-0.004890913,-0.0027487054,-0.003569166,-0.0013856097,0.006143961,-0.002726836,0.009951789
PRRG2,-0.00091342634,-0.002195106,-0.0013761553,0.39414644,-0.0058202385,0.14103237,-0.0074867513,-0.003928487,0.36778557,-0.004890913,-0.0027487054,-0.003569166,-0.0013856097,0.006143961,-0.002726836,0.009951789
PRRT2,-0.00091342634,-0.002195106,-0.0013761553,0.39414644,-0.0058202385,0.14103237,-0.0074867513,-0.003928487,0.36778557,-0.004890913,-0.0027487054,-0.003569166,-0.0013856097,0.006143961,-0.002726836,0.009951789
PRRT4,-0.00091342634,-0.002195106,-0.0013761553,0.39414644,-0.0058202385,0.14103237,-0.0074867513,-0.003928487,0.36778557,-0.004890913,-0.0027487054,-0.003569166,-0.0013856097,0.006143961,-0.002726836,0.009951789
PRSS22,-0.00091342634,-0.002195106,-0.0013761553,0.39414644,-0.0058202385,0.14103237,-0.0074867513,-0.003928487,0.36778557,-0.004890913,-0.0027487054,-0.003569166,-0.0013856097,0.006143961,-0.002726836,0.009951789
PRSS35,-0.00091342634,-0.002195106,-0.0013761553,0.39414644,-0.0058202385,0.14103237,-0.0074867513,-0.003928487,0.36778557,-0.004890913,-0.0027487054,-0.003569166,-0.0013856097,0.006143961,-0.002726836,0.009951789
PRSS38,-0.00091342634,-0.002195106,-0.0013761553,0.39414644,-0.0058202385,0.14103237,-0.0074867513,-0.003928487,0.36778557,-0.004890913,-0.0027487054,-0.003569166,-0.0013856097,0.006143961,-0.002726836,0.009951789
PRTG,-0.00089599687,-0.0021817165,-0.0013640422,0.3956078,-0.005809909,0.14328994,-0.0074903523,-0.0039212154,0.36577544,-0.0048855417,-0.0027356779,-0.0035886306,-0.0013670613,0.0050398745,-0.0027420844,0.008148123
PSD2-AS1,-0.00091342634,-0.002195106,-0.0013761553,0.39414644,-0.0058202385,0.14103237,-0.0074867513,-0.003928487,0.36778557,-0.004890913,-0.0027487054,-0.003569166,-0.0013856097,0.006143961,-0.002726836,0.009951789
PSD4,-0.00091342634,-0.002195106,-0.0013761553,0.39414644,-0.0058202385,0.14103237,-0.0074867513,-0.003928487,0.36778557,-0.004890913,-0.0027487054,-0.003569166,-0.0013856097,0.006143961,-0.002726836,0.009951789
PSMD5,-0.00091342634,-0.002195106,-0.0013761553,0.39414644,-0.0058202385,0.14103237,-0.0074867513,-0.003928487,0.36778557,-0.004890913,-0.0027487054,-0.003569166,-0.0013856097,0.006143961,-0.002726836,0.009951789
PSORS1C1,-0.00091342634,-0.002195106,-0.0013761553,0.39414644,-0.0058202385,0.14103237,-0.0074867513,-0.003928487,0.36778557,-0.004890913,-0.0027487054,-0.003569166,-0.0013856097,0.006143961,-0.002726836,0.009951789
PTCH1,-0.00091342634,-0.002195106,-0.0013761553,0.39414644,-0.0058202385,0.14103237,-0.0074867513,-0.003928487,0.36778557,-0.004890913,-0.0027487054,-0.003569166,-0.0013856097,0.006143961,-0.002726836,0.009951789
PTCH2,-0.00091342634,-0.002195106,-0.0013761553,0.39414644,-0.0058202385,0.14103237,-0.0074867513,-0.003928487,0.36778557,-0.004890913,-0.0027487054,-0.003569166,-0.0013856097,0.006143961,-0.002726836,0.009951789
PTGDR,-0.00091342634,-0.002195106,-0.0013761553,0.39414644,-0.0058202385,0.14103237,-0.0074867513,-0.003928487,0.36778557,-0.004890913,-0.0027487054,-0.003569166,-0.0013856097,0.006143961,-0.002726836,0.009951789
PTGDS,-0.00091342634,-0.002195106,-0.0013761553,0.39414644,-0.0058202385,0.14103237,-0.0074867513,-0.003928487,0.36778557,-0.004890913,-0.0027487054,-0.003569166,-0.0013856097,0.006143961,-0.002726836,0.009951789
PTH2,-0.0009105576,-0.0021917277,-0.0013742306,0.39412886,-0.005822493,0.14149454,-0.007486565,-0.003924513,0.36772466,-0.004891471,-0.0027515104,-0.0035692083,-0.001383459,0.0062281825,-0.0027287782,0.009653378
PTOV1-AS1,-0.00091342634,-0.002195106,-0.0013761553,0.39414644,-0.0058202385,0.14103237,-0.0074867513,-0.003928487,0.36778557,-0.004890913,-0.0027487054,-0.003569166,-0.0013856097,0.006143961,-0.002726836,0.009951789
PTPN12,-0.00091342634,-0.002195106,-0.0013761553,0.39414644,-0.0058202385,0.14103237,-0.0074867513,-0.003928487,0.36778557,-0.004890913,-0.0027487054,-0.003569166,-0.0013856097,0.006143961,-0.002726836,0.009951789
PTPN22,-0.00091342634,-0.002195106,-0.0013761553,0.39414644,-0.0058202385,0.14103237,-0.0074867513,-0.003928487,0.36778557,-0.004890913,-0.0027487054,-0.003569166,-0.0013856097,0.006143961,-0.002726836,0.009951789
PTPN7,-0.00091342634,-0.002195106,-0.0013761553,0.39414644,-0.0058202385,0.14103237,-0.0074867513,-0.003928487,0.36778557,-0.004890913,-0.0027487054,-0.003569166,-0.0013856097,0.006143961,-0.002726836,0.009951789
PTPRG,-0.00091342634,-0.002195106,-0.0013761553,0.39414644,-0.0058202385,0.14103237,-0.0074867513,-0.003928487,0.36778557,-0.004890913,-0.0027487054,-0.003569166,-0.0013856097,0.006143961,-0.002726836,0.009951789
PTPRK,-0.0008841913,-0.0016234037,-0.0013007831,0.40477812,-0.003907207,0.15245277,-0.0050943983,-0.006083951,0.1334756,-0.0030094103,-0.0006897696,-0.0027185811,-5.3305735e-05,0.1647997,-0.0036752461,0.062598206
PTPRM,-0.00091342634,-0.002195106,-0.0013761553,0.39414644,-0.0058202385,0.14103237,-0.0074867513,-0.003928487,0.36778557,-0.004890913,-0.0027487054,-0.003569166,-0.0013856097,0.006143961,-0.002726836,0.009951789
PURA,-0.0009335447,-0.0021758785,-0.0013949298,0.3960004,-0.0058335555,0.14248018,-0.007496143,-0.003922221,0.36949682,-0.004910254,-0.0027642637,-0.0035727876,-0.0013787244,0.0051339306,-0.0027433294,0.008543003
PWWP3A,-0.00091342634,-0.002195106,-0.0013761553,0.39414644,-0.0058202385,0.14103237,-0.0074867513,-0.003928487,0.36778557,-0.004890913,-0.0027487054,-0.003569166,-0.0013856097,0.006143961,-0.002726836,0.009951789
PYHIN1,-0.00091342634,-0.002195106,-0.0013761553,0.39414644,-0.0058202385,0.14103237,-0.0074867513,-0.003928487,0.36778557,-0.004890913,-0.0027487054,-0.003569166,-0.0013856097,0.006143961,-0.002726836,0.009951789
RAB11FIP3,-0.00091342634,-0.002195106,-0.0013761553,0.39414644,-0.0058202385,0.14103237,-0.0074867513,-0.003928487,0.36778557,-0.004890913,-0.0027487054,-0.003569166,-0.0013856097,0.006143961,-0.002726836,0.009951789
RAB17,0.01529941,-0.0029777747,-0.002779127,0.12968703,-0.0081769675,0.064344466,-0.006527795,-0.0014904777,0.49352762,-0.0029705588,-0.0032849973,-0.0012937884,-0.0011492718,-0.00037872704,0.013717353,0.05942204
RAB26,-0.00091342634,-0.002195106,-0.0013761553,0.39414644,-0.0058202385,0.14103237,-0.0074867513,-0.003928487,0.36778557,-0.004890913,-0.0027487054,-0.003569166,-0.0013856097,0.006143961,-0.002726836,0.009951789
RAB27B,-0.0009335447,-0.0021758785,-0.0013949298,0.3960004,-0.0058335555,0.14248018,-0.007496143,-0.003922221,0.36949682,-0.004910254,-0.0027642637,-0.0035727876,-0.0013787244,0.0051339306,-0.0027433294,0.008543003
RAB30-DT,-0.00091342634,-0.002195106,-0.0013761553,0.39414644,-0.0058202385,0.14103237,-0.0074867513,-0.003928487,0.36778557,-0.004890913,-0.0027487054,-0.003569166,-0.0013856097,0.006143961,-0.002726836,0.009951789
RAB3IL1,-0.00091342634,-0.002195106,-0.0013761553,0.39414644,-0.0058202385,0.14103237,-0.0074867513,-0.003928487,0.36778557,-0.004890913,-0.0027487054,-0.003569166,-0.0013856097,0.006143961,-0.002726836,0.009951789
RAB9B,-0.00091342634,-0.002195106,-0.0013761553,0.39414644,-0.0058202385,0.14103237,-0.0074867513,-0.003928487,0.36778557,-0.004890913,-0.0027487054,-0.003569166,-0.0013856097,0.006143961,-0.002726836,0.009951789
RABEP2,-0.00091342634,-0.002195106,-0.0013761553,0.39414644,-0.0058202385,0.14103237,-0.0074867513,-0.003928487,0.36778557,-0.004890913,-0.0027487054,-0.003569166,-0.0013856097,0.006143961,-0.002726836,0.009951789
RABEPK,-0.00091342634,-0.002195106,-0.0013761553,0.39414644,-0.0058202385,0.14103237,-0.0074867513,-0.003928487,0.36778557,-0.004890913,-0.0027487054,-0.003569166,-0.0013856097,0.006143961,-0.002726836,0.009951789
RABGAP1L-DT,-0.00091342634,-0.002195106,-0.0013761553,0.39414644,-0.0058202385,0.14103237,-0.0074867513,-0.003928487,0.36778557,-0.004890913,-0.0027487054,-0.003569166,-0.0013856097,0.006143961,-0.002726836,0.009951789
RAC3,-0.00091342634,-0.002195106,-0.0013761553,0.39414644,-0.0058202385,0.14103237,-0.0074867513,-0.003928487,0.36778557,-0.004890913,-0.0027487054,-0.003569166,-0.0013856097,0.006143961,-0.002726836,0.009951789
RAD23B,-0.00091378647,-0.0021970277,-0.0013782722,0.39412314,-0.005820528,0.14106952,-0.0074844663,-0.0039293924,0.36785668,-0.004888715,-0.0027467292,-0.0035714072,-0.0013842476,0.0061832257,-0.0027291193,0.009709898
RAD51-AS1,-0.00091342634,-0.002195106,-0.0013761553,0.39414644,-0.0058202385,0.14103237,-0.0074867513,-0.003928487,0.36778557,-0.004890913,-0.0027487054,-0.003569166,-0.0013856097,0.006143961,-0.002726836,0.009951789
RAD9A,-0.00091342634,-0.002195106,-0.0013761553,0.39414644,-0.0058202385,0.14103237,-0.0074867513,-0.003928487,0.36778557,-0.004890913,-0.0027487054,-0.003569166,-0.0013856097,0.006143961,-0.002726836,0.009951789
RADIL,-0.00091342634,-0.002195106,-0.0013761553,0.39414644,-0.0058202385,0.14103237,-0.0074867513,-0.003928487,0.36778557,-0.004890913,-0.0027487054,-0.003569166,-0.0013856097,0.006143961,-0.002726836,0.009951789
RADX,-0.00091342634,-0.002195106,-0.0013761553,0.39414644,-0.0058202385,0.14103237,-0.0074867513,-0.003928487,0.36778557,-0.004890913,-0.0027487054,-0.003569166,-0.0013856097,0.006143961,-0.002726836,0.009951789
RALGDS,-0.00091342634,-0.002195106,-0.0013761553,0.39414644,-0.0058202385,0.14103237,-0.0074867513,-0.003928487,0.36778557,-0.004890913,-0.0027487054,-0.003569166,-0.0013856097,0.006143961,-0.002726836,0.009951789
RALY-AS1,-0.0009082048,-0.002194612,-0.0013696823,0.39287388,-0.005827985,0.1409599,-0.007477914,-0.003933105,0.3667086,-0.0049039084,-0.0027468388,-0.0035757017,-0.0013801361,0.006160978,-0.0027209988,0.01049595
RAMP1,-0.0009105464,-0.0021951324,-0.0013739556,0.39374536,-0.005819498,0.14079864,-0.0074908393,-0.0039298534,0.36747813,-0.0048883236,-0.0027526265,-0.003569026,-0.0013886556,0.0061175562,-0.0027294396,0.009530757
RASAL3,-0.00091342634,-0.002195106,-0.0013761553,0.39414644,-0.0058202385,0.14103237,-0.0074867513,-0.003928487,0.36778557,-0.004890913,-0.0027487054,-0.003569166,-0.0013856097,0.006143961,-0.002726836,0.009951789
RASGEF1A,-0.00090060284,-0.0021859615,-0.0013736775,0.39466858,-0.0058163595,0.14081423,-0.0074975365,-0.003940663,0.36631808,-0.0048859417,-0.0027386534,-0.0035770868,-0.0013825794,0.007459659,-0.0027408812,0.010555837
RASGRF2,-0.00091342634,-0.002195106,-0.0013761553,0.39414644,-0.0058202385,0.14103237,-0.0074867513,-0.003928487,0.36778557,-0.004890913,-0.0027487054,-0.003569166,-0.0013856097,0.006143961,-0.002726836,0.009951789
RASIP1,-0.00091342634,-0.002195106,-0.0013761553,0.39414644,-0.0058202385,0.14103237,-0.0074867513,-0.003928487,0.36778557,-0.004890913,-0.0027487054,-0.003569166,-0.0013856097,0.006143961,-0.002726836,0.009951789
RASL11B,-0.00091342634,-0.002195106,-0.0013761553,0.39414644,-0.0058202385,0.14103237,-0.0074867513,-0.003928487,0.36778557,-0.004890913,-0.0027487054,-0.003569166,-0.0013856097,0.006143961,-0.002726836,0.009951789
RASSF1-AS1,-0.0009083604,-0.002190757,-0.0013776293,0.394368,-0.005814905,0.14094813,-0.007490289,-0.0039329003,0.36830753,-0.00489255,-0.0027420842,-0.0035757893,-0.0013899484,0.0055775978,-0.0027264,0.009774033
RB1-DT,-0.00091342634,-0.002195106,-0.0013761553,0.39414644,-0.0058202385,0.14103237,-0.0074867513,-0.003928487,0.36778557,-0.004890913,-0.0027487054,-0.003569166,-0.0013856097,0.006143961,-0.002726836,0.009951789
RBIS,-0.0009161817,-0.002183794,-0.0013685303,0.3938471,-0.0058207978,0.14081214,-0.0074953213,-0.003922467,0.3680548,-0.0048997644,-0.002751557,-0.0035808587,-0.0013902788,0.0061574318,-0.002724285,0.0093816705
RBL1,-0.00091342634,-0.002195106,-0.0013761553,0.39414644,-0.0058202385,0.14103237,-0.0074867513,-0.003928487,0.36778557,-0.004890913,-0.0027487054,-0.003569166,-0.0013856097,0.006143961,-0.002726836,0.009951789
RBM38,-0.00091342634,-0.002195106,-0.0013761553,0.39414644,-0.0058202385,0.14103237,-0.0074867513,-0.003928487,0.36778557,-0.004890913,-0.0027487054,-0.003569166,-0.0013856097,0.006143961,-0.002726836,0.009951789
RBM48,-0.00091342634,-0.002195106,-0.0013761553,0.39414644,-0.0058202385,0.14103237,-0.0074867513,-0.003928487,0.36778557,-0.004890913,-0.0027487054,-0.003569166,-0.0013856097,0.006143961,-0.002726836,0.009951789
RBP4,-0.0009083604,-0.002190757,-0.0013776293,0.394368,-0.005814905,0.14094813,-0.007490289,-0.0039329003,0.36830753,-0.00489255,-0.0027420842,-0.0035757893,-0.0013899484,0.0055775978,-0.0027264,0.009774033
RCAN3,-0.00091342634,-0.002195106,-0.0013761553,0.39414644,-0.0058202385,0.14103237,-0.0074867513,-0.003928487,0.36778557,-0.004890913,-0.0027487054,-0.003569166,-0.0013856097,0.006143961,-0.002726836,0.009951789
RCAN3AS,-0.00091342634,-0.002195106,-0.0013761553,0.39414644,-0.0058202385,0.14103237,-0.0074867513,-0.003928487,0.36778557,-0.004890913,-0.0027487054,-0.003569166,-0.0013856097,0.006143961,-0.002726836,0.009951789
RDH12,-0.00091342634,-0.002195106,-0.0013761553,0.39414644,-0.0058202385,0.14103237,-0.0074867513,-0.003928487,0.36778557,-0.004890913,-0.0027487054,-0.003569166,-0.0013856097,0.006143961,-0.002726836,0.009951789
REST,-0.0009140669,-0.0021939895,-0.0013749185,0.39428762,-0.0058176136,0.14102119,-0.0074816546,-0.003925171,0.3674571,-0.0048859334,-0.002746772,-0.003567685,-0.0013844741,0.006207872,-0.0027303956,0.009725907
REXO1,-0.0008068117,-0.0024243607,-0.0006480862,0.40347397,-0.0054449267,0.21855581,-0.006522894,-0.003586409,0.33322683,-0.0041442597,-0.0022412648,-0.0033418403,-0.0012516238,-0.0005681758,-0.0018777698,0.009755332
REXO4,-0.00091342634,-0.002195106,-0.0013761553,0.39414644,-0.0058202385,0.14103237,-0.0074867513,-0.003928487,0.36778557,-0.004890913,-0.0027487054,-0.003569166,-0.0013856097,0.006143961,-0.002726836,0.009951789
RGL2,-0.0023700502,-0.003422927,0.020492509,0.21328208,-0.004244139,0.13453873,-0.00600054,-0.002210376,0.26893035,-0.0042067943,-0.004593692,-0.0017855989,-0.0032971315,0.10662925,-0.003613125,0.17452577
RGS1,-0.00091342634,-0.002195106,-0.0013761553,0.39414644,-0.0058202385,0.14103237,-0.0074867513,-0.003928487,0.36778557,-0.004890913,-0.0027487054,-0.003569166,-0.0013856097,0.006143961,-0.002726836,0.009951789
RGS10,-0.00091342634,-0.002195106,-0.0013761553,0.39414644,-0.0058202385,0.14103237,-0.0074867513,-0.003928487,0.36778557,-0.004890913,-0.0027487054,-0.003569166,-0.0013856097,0.006143961,-0.002726836,0.009951789
RGS16,-0.00091342634,-0.002195106,-0.0013761553,0.39414644,-0.0058202385,0.14103237,-0.0074867513,-0.003928487,0.36778557,-0.004890913,-0.0027487054,-0.003569166,-0.0013856097,0.006143961,-0.002726836,0.009951789
RGS3,-0.00091342634,-0.002195106,-0.0013761553,0.39414644,-0.0058202385,0.14103237,-0.0074867513,-0.003928487,0.36778557,-0.004890913,-0.0027487054,-0.003569166,-0.0013856097,0.006143961,-0.002726836,0.009951789
RGS6,-0.00091342634,-0.002195106,-0.0013761553,0.39414644,-0.0058202385,0.14103237,-0.0074867513,-0.003928487,0.36778557,-0.004890913,-0.0027487054,-0.003569166,-0.0013856097,0.006143961,-0.002726836,0.009951789
RGS7,-0.00091342634,-0.002195106,-0.0013761553,0.39414644,-0.0058202385,0.14103237,-0.0074867513,-0.003928487,0.36778557,-0.004890913,-0.0027487054,-0.003569166,-0.0013856097,0.006143961,-0.002726836,0.009951789
RGS9,-0.00091342634,-0.002195106,-0.0013761553,0.39414644,-0.0058202385,0.14103237,-0.0074867513,-0.003928487,0.36778557,-0.004890913,-0.0027487054,-0.003569166,-0.0013856097,0.006143961,-0.002726836,0.009951789
RHBDD1,-0.00072218425,-0.0018387422,-0.0014519127,0.36931634,-0.006181178,0.13758211,-0.0078865,-0.0034874433,0.39055514,-0.004655913,-0.002733792,-0.0037727552,-0.0014439734,0.0076868124,-0.0027891558,0.019116392
RHCE,-0.00091342634,-0.002195106,-0.0013761553,0.39414644,-0.0058202385,0.14103237,-0.0074867513,-0.003928487,0.36778557,-0.004890913,-0.0027487054,-0.003569166,-0.0013856097,0.006143961,-0.002726836,0.009951789
RHO,-0.00091342634,-0.002195106,-0.0013761553,0.39414644,-0.0058202385,0.14103237,-0.0074867513,-0.003928487,0.36778557,-0.004890913,-0.0027487054,-0.003569166,-0.0013856097,0.006143961,-0.002726836,0.009951789
RHOT2,-0.00091342634,-0.002195106,-0.0013761553,0.39414644,-0.0058202385,0.14103237,-0.0074867513,-0.003928487,0.36778557,-0.004890913,-0.0027487054,-0.003569166,-0.0013856097,0.006143961,-0.002726836,0.009951789
RHOXF1,-8.560076e-05,-0.0014242387,-0.0021895121,0.4376525,-0.0050953436,0.16704933,-0.007072227,-0.0036565338,0.39033255,-0.005482762,-0.002625306,-0.0033882612,-0.00043797973,-0.00040265324,-0.0020461916,-0.00060364936
RHPN1-AS1,-0.00091342634,-0.002195106,-0.0013761553,0.39414644,-0.0058202385,0.14103237,-0.0074867513,-0.003928487,0.36778557,-0.004890913,-0.0027487054,-0.003569166,-0.0013856097,0.006143961,-0.002726836,0.009951789
RIF1,-0.00091819797,-0.0021889585,-0.0013668583,0.39434472,-0.005821185,0.14086138,-0.0074942205,-0.0039296374,0.36836207,-0.0048930002,-0.0027494691,-0.0035737788,-0.0013920319,0.0061419643,-0.0027187946,0.009251136
RILPL1,-0.00091342634,-0.002195106,-0.0013761553,0.39414644,-0.0058202385,0.14103237,-0.0074867513,-0.003928487,0.36778557,-0.004890913,-0.0027487054,-0.003569166,-0.0013856097,0.006143961,-0.002726836,0.009951789
RIMKLB,-0.00091342634,-0.002195106,-0.0013761553,0.39414644,-0.0058202385,0.14103237,-0.0074867513,-0.003928487,0.36778557,-0.004890913,-0.0027487054,-0.003569166,-0.0013856097,0.006143961,-0.002726836,0.009951789
RN7SL832P,-8.272081e-05,-0.0014242652,-0.0021873128,0.4372514,-0.005094603,0.16681561,-0.0070763137,-0.0036579,0.3900251,-0.0054801726,-0.002629227,-0.0033881217,-0.00044102545,-0.0004029173,-0.002048795,-0.0006078597
RNASE11,-0.00091342634,-0.002195106,-0.0013761553,0.39414644,-0.0058202385,0.14103237,-0.0074867513,-0.003928487,0.36778557,-0.004890913,-0.0027487054,-0.003569166,-0.0013856097,0.006143961,-0.002726836,0.009951789
RNASEH2A,-0.00091342634,-0.002195106,-0.0013761553,0.39414644,-0.0058202385,0.14103237,-0.0074867513,-0.003928487,0.36778557,-0.004890913,-0.0027487054,-0.003569166,-0.0013856097,0.006143961,-0.002726836,0.009951789
RNF113A,-0.00091276143,-0.0022047418,-0.001371651,0.3952939,-0.005808187,0.14232913,-0.0074750525,-0.0039420263,0.36733,-0.004885167,-0.0027369792,-0.0035663354,-0.0013890138,0.005412314,-0.0027191022,0.009295601
RNF115,-0.00091342634,-0.002195106,-0.0013761553,0.39414644,-0.0058202385,0.14103237,-0.0074867513,-0.003928487,0.36778557,-0.004890913,-0.0027487054,-0.003569166,-0.0013856097,0.006143961,-0.002726836,0.009951789
RNF125,-0.00091342634,-0.002195106,-0.0013761553,0.39414644,-0.0058202385,0.14103237,-0.0074867513,-0.003928487,0.36778557,-0.004890913,-0.0027487054,-0.003569166,-0.0013856097,0.006143961,-0.002726836,0.009951789
RNF126,-0.00091342634,-0.002195106,-0.0013761553,0.39414644,-0.0058202385,0.14103237,-0.0074867513,-0.003928487,0.36778557,-0.004890913,-0.0027487054,-0.003569166,-0.0013856097,0.006143961,-0.002726836,0.009951789
RNF144A,-0.00085921306,-0.0028514194,-0.0010761732,0.37998796,-0.0050867763,0.08471882,-0.008042119,-0.003351063,0.31982675,-0.0051620514,-0.0025768164,-0.003328623,-0.0006605238,0.09671359,-0.0028322886,0.009930063
RNF157,-0.00091342634,-0.002195106,-0.0013761553,0.39414644,-0.0058202385,0.14103237,-0.0074867513,-0.003928487,0.36778557,-0.004890913,-0.0027487054,-0.003569166,-0.0013856097,0.006143961,-0.002726836,0.009951789
RNF165,-0.00091342634,-0.002195106,-0.0013761553,0.39414644,-0.0058202385,0.14103237,-0.0074867513,-0.003928487,0.36778557,-0.004890913,-0.0027487054,-0.003569166,-0.0013856097,0.006143961,-0.002726836,0.009951789
RNF169,-0.00091342634,-0.002195106,-0.0013761553,0.39414644,-0.0058202385,0.14103237,-0.0074867513,-0.003928487,0.36778557,-0.004890913,-0.0027487054,-0.003569166,-0.0013856097,0.006143961,-0.002726836,0.009951789
RNF34,-0.00091342634,-0.002195106,-0.0013761553,0.39414644,-0.0058202385,0.14103237,-0.0074867513,-0.003928487,0.36778557,-0.004890913,-0.0027487054,-0.003569166,-0.0013856097,0.006143961,-0.002726836,0.009951789
RNF43,-0.0009083604,-0.002190757,-0.0013776293,0.394368,-0.005814905,0.14094813,-0.007490289,-0.0039329003,0.36830753,-0.00489255,-0.0027420842,-0.0035757893,-0.0013899484,0.0055775978,-0.0027264,0.009774033
RNFT1-DT,-0.00091342634,-0.002195106,-0.0013761553,0.39414644,-0.0058202385,0.14103237,-0.0074867513,-0.003928487,0.36778557,-0.004890913,-0.0027487054,-0.003569166,-0.0013856097,0.006143961,-0.002726836,0.009951789
RNLS,-0.00091342634,-0.002195106,-0.0013761553,0.39414644,-0.0058202385,0.14103237,-0.0074867513,-0.003928487,0.36778557,-0.004890913,-0.0027487054,-0.003569166,-0.0013856097,0.006143961,-0.002726836,0.009951789
ROBO3,-0.00071925693,-0.0018456789,-0.0014616052,0.36821127,-0.0061785923,0.13799013,-0.00787604,-0.0034936117,0.39128733,-0.0046653086,-0.0027227357,-0.0037831508,-0.0014476858,0.006141443,-0.002794148,0.018656304
ROR2,-0.00091342634,-0.002195106,-0.0013761553,0.39414644,-0.0058202385,0.14103237,-0.0074867513,-0.003928487,0.36778557,-0.004890913,-0.0027487054,-0.003569166,-0.0013856097,0.006143961,-0.002726836,0.009951789
RORA-AS1,-0.00091342634,-0.002195106,-0.0013761553,0.39414644,-0.0058202385,0.14103237,-0.0074867513,-0.003928487,0.36778557,-0.004890913,-0.0027487054,-0.003569166,-0.0013856097,0.006143961,-0.002726836,0.009951789
RP1L1,-0.00091342634,-0.002195106,-0.0013761553,0.39414644,-0.0058202385,0.14103237,-0.0074867513,-0.003928487,0.36778557,-0.004890913,-0.0027487054,-0.003569166,-0.0013856097,0.006143961,-0.002726836,0.009951789
RPGRIP1L,-0.00091635366,-0.0021881687,-0.0013664626,0.39525148,-0.0058228243,0.14062434,-0.0074972115,-0.0039223186,0.3670534,-0.004881518,-0.0027597616,-0.0035587703,-0.0013818975,0.0076893307,-0.002721844,0.010411877
RPH3AL,-0.00064489787,-0.001919418,-0.0012881511,0.38723135,-0.005783969,0.15845251,-0.0072523206,-0.0038227367,0.38154578,-0.0047407774,-0.0025734615,-0.0038787338,-0.0013219821,0.014795952,-0.00290439,-0.00020557788
RRM2,-0.00091342634,-0.002195106,-0.0013761553,0.39414644,-0.0058202385,0.14103237,-0.0074867513,-0.003928487,0.36778557,-0.004890913,-0.0027487054,-0.003569166,-0.0013856097,0.006143961,-0.002726836,0.009951789
RSPH14,-0.00091276143,-0.0022047418,-0.001371651,0.3952939,-0.005808187,0.14232913,-0.0074750525,-0.0039420263,0.36733,-0.004885167,-0.0027369792,-0.0035663354,-0.0013890138,0.005412314,-0.0027191022,0.009295601
RTKN2,-0.00071925693,-0.0018456789,-0.0014616052,0.36821127,-0.0061785923,0.13799013,-0.00787604,-0.0034936117,0.39128733,-0.0046653086,-0.0027227357,-0.0037831508,-0.0014476858,0.006141443,-0.002794148,0.018656304
RTN4RL2,-0.00091342634,-0.002195106,-0.0013761553,0.39414644,-0.0058202385,0.14103237,-0.0074867513,-0.003928487,0.36778557,-0.004890913,-0.0027487054,-0.003569166,-0.0013856097,0.006143961,-0.002726836,0.009951789
RTP5,-0.00091342634,-0.002195106,-0.0013761553,0.39414644,-0.0058202385,0.14103237,-0.0074867513,-0.003928487,0.36778557,-0.004890913,-0.0027487054,-0.003569166,-0.0013856097,0.006143961,-0.002726836,0.009951789
RTTN,-0.00091342634,-0.002195106,-0.0013761553,0.39414644,-0.0058202385,0.14103237,-0.0074867513,-0.003928487,0.36778557,-0.004890913,-0.0027487054,-0.003569166,-0.0013856097,0.006143961,-0.002726836,0.009951789
RUBCNL,-0.00091342634,-0.002195106,-0.0013761553,0.39414644,-0.0058202385,0.14103237,-0.0074867513,-0.003928487,0.36778557,-0.004890913,-0.0027487054,-0.003569166,-0.0013856097,0.006143961,-0.002726836,0.009951789
RUNX2,-0.0009111994,-0.0021906127,-0.0013729945,0.39427006,-0.005819868,0.14148317,-0.0074814684,-0.0039211987,0.36739624,-0.004886491,-0.002749576,-0.003567727,-0.0013823243,0.0062920637,-0.002732337,0.009427615
RWDD1,-0.00091342634,-0.002195106,-0.0013761553,0.39414644,-0.0058202385,0.14103237,-0.0074867513,-0.003928487,0.36778557,-0.004890913,-0.0027487054,-0.003569166,-0.0013856097,0.006143961,-0.002726836,0.009951789
S100A12,-0.00091342634,-0.002195106,-0.0013761553,0.39414644,-0.0058202385,0.14103237,-0.0074867513,-0.003928487,0.36778557,-0.004890913,-0.0027487054,-0.003569166,-0.0013856097,0.006143961,-0.002726836,0.009951789
S100B,-0.00091342634,-0.002195106,-0.0013761553,0.39414644,-0.0058202385,0.14103237,-0.0074867513,-0.003928487,0.36778557,-0.004890913,-0.0027487054,-0.003569166,-0.0013856097,0.006143961,-0.002726836,0.009951789
S1PR1,-0.00091342634,-0.002195106,-0.0013761553,0.39414644,-0.0058202385,0.14103237,-0.0074867513,-0.003928487,0.36778557,-0.004890913,-0.0027487054,-0.003569166,-0.0013856097,0.006143961,-0.002726836,0.009951789
S1PR5,-0.000914207,-0.0021984258,-0.0013765057,0.39461032,-0.0058250693,0.14080408,-0.0074897753,-0.0039233183,0.3682507,-0.0048899953,-0.0027510324,-0.003567925,-0.0013869992,0.0059067793,-0.0027256778,0.010150332
SAMD11,-0.00090060284,-0.0021859615,-0.0013736775,0.39466858,-0.0058163595,0.14081423,-0.0074975365,-0.003940663,0.36631808,-0.0048859417,-0.0027386534,-0.0035770868,-0.0013825794,0.007459659,-0.0027408812,0.010555837
SARS2,-0.00081201456,-0.00241358,-0.00063964666,0.4034106,-0.0054447413,0.21854393,-0.006534085,-0.003583632,0.33358556,-0.0041529117,-0.0022299902,-0.0033403758,-0.0012450311,-0.0005731122,-0.0018684652,0.008721132
SBF1,-0.00091342634,-0.002195106,-0.0013761553,0.39414644,-0.0058202385,0.14103237,-0.0074867513,-0.003928487,0.36778557,-0.004890913,-0.0027487054,-0.003569166,-0.0013856097,0.006143961,-0.002726836,0.009951789
SCAI,-0.00091342634,-0.002195106,-0.0013761553,0.39414644,-0.0058202385,0.14103237,-0.0074867513,-0.003928487,0.36778557,-0.004890913,-0.0027487054,-0.003569166,-0.0013856097,0.006143961,-0.002726836,0.009951789
SCFD2,-0.00092175114,-0.0021947843,-0.0013837354,0.3932873,-0.0058269226,0.1408555,-0.007479291,-0.0039353026,0.36891723,-0.0048954575,-0.0027480249,-0.003571731,-0.0013917967,0.007374119,-0.0027148186,0.010953164
SCLY,-0.00091862923,-0.002184325,-0.0013677159,0.39408308,-0.005820053,0.14102049,-0.007497943,-0.003925711,0.3681443,-0.004899566,-0.0027374309,-0.0035677014,-0.001379017,0.0056503154,-0.0027175313,0.008917589
SCN2A,-0.0009114101,-0.002189941,-0.0013778271,0.39364886,-0.005819851,0.14098313,-0.0074878526,-0.003921317,0.3674783,-0.004897678,-0.002750793,-0.0035762459,-0.0013838566,0.0061594285,-0.0027323263,0.010082323
SCN5A,-0.00091342634,-0.002195106,-0.0013761553,0.39414644,-0.0058202385,0.14103237,-0.0074867513,-0.003928487,0.36778557,-0.004890913,-0.0027487054,-0.003569166,-0.0013856097,0.006143961,-0.002726836,0.009951789
SCOC-AS1,-0.00091342634,-0.002195106,-0.0013761553,0.39414644,-0.0058202385,0.14103237,-0.0074867513,-0.003928487,0.36778557,-0.004890913,-0.0027487054,-0.003569166,-0.0013856097,0.006143961,-0.002726836,0.009951789
SCUBE1,-0.00091342634,-0.002195106,-0.0013761553,0.39414644,-0.0058202385,0.14103237,-0.0074867513,-0.003928487,0.36778557,-0.004890913,-0.0027487054,-0.003569166,-0.0013856097,0.006143961,-0.002726836,0.009951789
SDCBP2,-0.00091342634,-0.002195106,-0.0013761553,0.39414644,-0.0058202385,0.14103237,-0.0074867513,-0.003928487,0.36778557,-0.004890913,-0.0027487054,-0.003569166,-0.0013856097,0.006143961,-0.002726836,0.009951789
SDK2,-0.00091342634,-0.002195106,-0.0013761553,0.39414644,-0.0058202385,0.14103237,-0.0074867513,-0.003928487,0.36778557,-0.004890913,-0.0027487054,-0.003569166,-0.0013856097,0.006143961,-0.002726836,0.009951789
SDR42E2,-0.00091342634,-0.002195106,-0.0013761553,0.39414644,-0.0058202385,0.14103237,-0.0074867513,-0.003928487,0.36778557,-0.004890913,-0.0027487054,-0.003569166,-0.0013856097,0.006143961,-0.002726836,0.009951789
SEC14L2,-0.00091342634,-0.002195106,-0.0013761553,0.39414644,-0.0058202385,0.14103237,-0.0074867513,-0.003928487,0.36778557,-0.004890913,-0.0027487054,-0.003569166,-0.0013856097,0.006143961,-0.002726836,0.009951789
SEC14L5,-0.00091342634,-0.002195106,-0.0013761553,0.39414644,-0.0058202385,0.14103237,-0.0074867513,-0.003928487,0.36778557,-0.004890913,-0.0027487054,-0.003569166,-0.0013856097,0.006143961,-0.002726836,0.009951789
SEC23A-AS1,-0.00091342634,-0.002195106,-0.0013761553,0.39414644,-0.0058202385,0.14103237,-0.0074867513,-0.003928487,0.36778557,-0.004890913,-0.0027487054,-0.003569166,-0.0013856097,0.006143961,-0.002726836,0.009951789
SEC31B,-0.00091342634,-0.002195106,-0.0013761553,0.39414644,-0.0058202385,0.14103237,-0.0074867513,-0.003928487,0.36778557,-0.004890913,-0.0027487054,-0.003569166,-0.0013856097,0.006143961,-0.002726836,0.009951789
SELP,-0.0009082048,-0.002194612,-0.0013696823,0.39287388,-0.005827985,0.1409599,-0.007477914,-0.003933105,0.3667086,-0.0049039084,-0.0027468388,-0.0035757017,-0.0013801361,0.006160978,-0.0027209988,0.01049595
SEMA3D,-0.0009105464,-0.0021951324,-0.0013739556,0.39374536,-0.005819498,0.14079864,-0.0074908393,-0.0039298534,0.36747813,-0.0048883236,-0.0027526265,-0.003569026,-0.0013886556,0.0061175562,-0.0027294396,0.009530757
SEMA4C,-0.00091342634,-0.002195106,-0.0013761553,0.39414644,-0.0058202385,0.14103237,-0.0074867513,-0.003928487,0.36778557,-0.004890913,-0.0027487054,-0.003569166,-0.0013856097,0.006143961,-0.002726836,0.009951789
SEMA6C,-0.00091342634,-0.002195106,-0.0013761553,0.39414644,-0.0058202385,0.14103237,-0.0074867513,-0.003928487,0.36778557,-0.004890913,-0.0027487054,-0.003569166,-0.0013856097,0.006143961,-0.002726836,0.009951789
SEPTIN4-AS1,-0.00091342634,-0.002195106,-0.0013761553,0.39414644,-0.0058202385,0.14103237,-0.0074867513,-0.003928487,0.36778557,-0.004890913,-0.0027487054,-0.003569166,-0.0013856097,0.006143961,-0.002726836,0.009951789
SERPINA1,-0.00091342634,-0.002195106,-0.0013761553,0.39414644,-0.0058202385,0.14103237,-0.0074867513,-0.003928487,0.36778557,-0.004890913,-0.0027487054,-0.003569166,-0.0013856097,0.006143961,-0.002726836,0.009951789
SERPINB9,-0.00091342634,-0.002195106,-0.0013761553,0.39414644,-0.0058202385,0.14103237,-0.0074867513,-0.003928487,0.36778557,-0.004890913,-0.0027487054,-0.003569166,-0.0013856097,0.006143961,-0.002726836,0.009951789
SERPINB9P1,-0.00091342634,-0.002195106,-0.0013761553,0.39414644,-0.0058202385,0.14103237,-0.0074867513,-0.003928487,0.36778557,-0.004890913,-0.0027487054,-0.003569166,-0.0013856097,0.006143961,-0.002726836,0.009951789
SERPINE1,-0.00091342634,-0.002195106,-0.0013761553,0.39414644,-0.0058202385,0.14103237,-0.0074867513,-0.003928487,0.36778557,-0.004890913,-0.0027487054,-0.003569166,-0.0013856097,0.006143961,-0.002726836,0.009951789
SERPINE2,-0.00091342634,-0.002195106,-0.0013761553,0.39414644,-0.0058202385,0.14103237,-0.0074867513,-0.003928487,0.36778557,-0.004890913,-0.0027487054,-0.003569166,-0.0013856097,0.006143961,-0.002726836,0.009951789
SERTAD1,-0.000914207,-0.0021984258,-0.0013765057,0.39461032,-0.0058250693,0.14080408,-0.0074897753,-0.0039233183,0.3682507,-0.0048899953,-0.0027510324,-0.003567925,-0.0013869992,0.0059067793,-0.0027256778,0.010150332
SFI1,0.01529941,-0.0029777747,-0.002779127,0.12968703,-0.0081769675,0.064344466,-0.006527795,-0.0014904777,0.49352762,-0.0029705588,-0.0032849973,-0.0012937884,-0.0011492718,-0.00037872704,0.013717353,0.05942204
SFMBT1,-0.00091342634,-0.002195106,-0.0013761553,0.39414644,-0.0058202385,0.14103237,-0.0074867513,-0.003928487,0.36778557,-0.004890913,-0.0027487054,-0.003569166,-0.0013856097,0.006143961,-0.002726836,0.009951789
SFXN1,-0.00085921306,-0.0028514194,-0.0010761732,0.37998796,-0.0050867763,0.08471882,-0.008042119,-0.003351063,0.31982675,-0.0051620514,-0.0025768164,-0.003328623,-0.0006605238,0.09671359,-0.0028322886,0.009930063
SGF29,-0.00091342634,-0.002195106,-0.0013761553,0.39414644,-0.0058202385,0.14103237,-0.0074867513,-0.003928487,0.36778557,-0.004890913,-0.0027487054,-0.003569166,-0.0013856097,0.006143961,-0.002726836,0.009951789
SGO2,-0.00091342634,-0.002195106,-0.0013761553,0.39414644,-0.0058202385,0.14103237,-0.0074867513,-0.003928487,0.36778557,-0.004890913,-0.0027487054,-0.003569166,-0.0013856097,0.006143961,-0.002726836,0.009951789
SGSM1,-0.00091342634,-0.002195106,-0.0013761553,0.39414644,-0.0058202385,0.14103237,-0.0074867513,-0.003928487,0.36778557,-0.004890913,-0.0027487054,-0.003569166,-0.0013856097,0.006143961,-0.002726836,0.009951789
SH2D1B,-0.00091342634,-0.002195106,-0.0013761553,0.39414644,-0.0058202385,0.14103237,-0.0074867513,-0.003928487,0.36778557,-0.004890913,-0.0027487054,-0.003569166,-0.0013856097,0.006143961,-0.002726836,0.009951789
SH2D2A,-0.0009105576,-0.0021917277,-0.0013742306,0.39412886,-0.005822493,0.14149454,-0.007486565,-0.003924513,0.36772466,-0.004891471,-0.0027515104,-0.0035692083,-0.001383459,0.0062281825,-0.0027287782,0.009653378
SH2D3A,-0.00091342634,-0.002195106,-0.0013761553,0.39414644,-0.0058202385,0.14103237,-0.0074867513,-0.003928487,0.36778557,-0.004890913,-0.0027487054,-0.003569166,-0.0013856097,0.006143961,-0.002726836,0.009951789
SH3BGRL2,-0.00091342634,-0.002195106,-0.0013761553,0.39414644,-0.0058202385,0.14103237,-0.0074867513,-0.003928487,0.36778557,-0.004890913,-0.0027487054,-0.003569166,-0.0013856097,0.006143961,-0.002726836,0.009951789
SH3YL1,-0.00091342634,-0.002195106,-0.0013761553,0.39414644,-0.0058202385,0.14103237,-0.0074867513,-0.003928487,0.36778557,-0.004890913,-0.0027487054,-0.003569166,-0.0013856097,0.006143961,-0.002726836,0.009951789
SHBG,-0.00091342634,-0.002195106,-0.0013761553,0.39414644,-0.0058202385,0.14103237,-0.0074867513,-0.003928487,0.36778557,-0.004890913,-0.0027487054,-0.003569166,-0.0013856097,0.006143961,-0.002726836,0.009951789
SHISA2,-0.0020894087,-0.0020976998,-0.00060240057,0.19986218,-0.00375103,0.19305295,-0.00613711,-0.00319239,0.23676708,-0.0046528666,-0.0031016762,-0.002808901,-0.004263387,0.016131368,-0.0022652138,0.20563117
SHISA7,-0.00091342634,-0.002195106,-0.0013761553,0.39414644,-0.0058202385,0.14103237,-0.0074867513,-0.003928487,0.36778557,-0.004890913,-0.0027487054,-0.003569166,-0.0013856097,0.006143961,-0.002726836,0.009951789
SHISAL2A,-0.0009134316,-0.0021951061,-0.0013761601,0.3941459,-0.0058202487,0.14103328,-0.007486755,-0.003928487,0.36778578,-0.004890906,-0.002748698,-0.0035691732,-0.0013856145,0.0061440207,-0.0027268294,0.009951342
SHLD1,-0.00091342634,-0.002195106,-0.0013761553,0.39414644,-0.0058202385,0.14103237,-0.0074867513,-0.003928487,0.36778557,-0.004890913,-0.0027487054,-0.003569166,-0.0013856097,0.006143961,-0.002726836,0.009951789
SHOX2,-0.00091342634,-0.002195106,-0.0013761553,0.39414644,-0.0058202385,0.14103237,-0.0074867513,-0.003928487,0.36778557,-0.004890913,-0.0027487054,-0.003569166,-0.0013856097,0.006143961,-0.002726836,0.009951789
SHPRH,-0.00091342634,-0.002195106,-0.0013761553,0.39414644,-0.0058202385,0.14103237,-0.0074867513,-0.003928487,0.36778557,-0.004890913,-0.0027487054,-0.003569166,-0.0013856097,0.006143961,-0.002726836,0.009951789
SIAH2-AS1,-7.277727e-05,-0.0014150947,-0.0021870343,0.43817464,-0.0050914646,0.16683118,-0.007083012,-0.0036687094,0.38886505,-0.0054777907,-0.002615254,-0.003396182,-0.0004349495,-0.00038949627,-0.0020602369,-0.0005976089
SIDT1,-0.00091342634,-0.002195106,-0.0013761553,0.39414644,-0.0058202385,0.14103237,-0.0074867513,-0.003928487,0.36778557,-0.004890913,-0.0027487054,-0.003569166,-0.0013856097,0.006143961,-0.002726836,0.009951789
SIGIRR,-0.00091635366,-0.0021881687,-0.0013664626,0.39525148,-0.0058228243,0.14062434,-0.0074972115,-0.0039223186,0.3670534,-0.004881518,-0.0027597616,-0.0035587703,-0.0013818975,0.0076893307,-0.002721844,0.010411877
SIRPG,-0.00091342634,-0.002195106,-0.0013761553,0.39414644,-0.0058202385,0.14103237,-0.0074867513,-0.003928487,0.36778557,-0.004890913,-0.0027487054,-0.003569166,-0.0013856097,0.006143961,-0.002726836,0.009951789
SIRT1,-0.00091342634,-0.002195106,-0.0013761553,0.39414644,-0.0058202385,0.14103237,-0.0074867513,-0.003928487,0.36778557,-0.004890913,-0.0027487054,-0.003569166,-0.0013856097,0.006143961,-0.002726836,0.009951789
SIRT2,-0.00091342634,-0.002195106,-0.0013761553,0.39414644,-0.0058202385,0.14103237,-0.0074867513,-0.003928487,0.36778557,-0.004890913,-0.0027487054,-0.003569166,-0.0013856097,0.006143961,-0.002726836,0.009951789
SIX1,-0.00091342634,-0.002195106,-0.0013761553,0.39414644,-0.0058202385,0.14103237,-0.0074867513,-0.003928487,0.36778557,-0.004890913,-0.0027487054,-0.003569166,-0.0013856097,0.006143961,-0.002726836,0.009951789
SIX3-AS1,-0.00091342634,-0.002195106,-0.0013761553,0.39414644,-0.0058202385,0.14103237,-0.0074867513,-0.003928487,0.36778557,-0.004890913,-0.0027487054,-0.003569166,-0.0013856097,0.006143961,-0.002726836,0.009951789
SIX5,-0.0009140671,-0.0021939895,-0.0013749185,0.39428762,-0.0058176136,0.14102119,-0.0074816546,-0.003925171,0.3674571,-0.0048859334,-0.002746772,-0.0035676844,-0.001384474,0.0062078983,-0.0027303956,0.009725915
SKIDA1,-0.00091342634,-0.002195106,-0.0013761553,0.39414644,-0.0058202385,0.14103237,-0.0074867513,-0.003928487,0.36778557,-0.004890913,-0.0027487054,-0.003569166,-0.0013856097,0.006143961,-0.002726836,0.009951789
SLA2,-0.00091342634,-0.002195106,-0.0013761553,0.39414644,-0.0058202385,0.14103237,-0.0074867513,-0.003928487,0.36778557,-0.004890913,-0.0027487054,-0.003569166,-0.0013856097,0.006143961,-0.002726836,0.009951789
SLAIN1,-0.00085921306,-0.0028514194,-0.0010761732,0.37998796,-0.0050867763,0.08471882,-0.008042119,-0.003351063,0.31982675,-0.0051620514,-0.0025768164,-0.003328623,-0.0006605238,0.09671359,-0.0028322886,0.009930063
SLAMF6,-0.00091342634,-0.002195106,-0.0013761553,0.39414644,-0.0058202385,0.14103237,-0.0074867513,-0.003928487,0.36778557,-0.004890913,-0.0027487054,-0.003569166,-0.0013856097,0.006143961,-0.002726836,0.009951789
SLAMF7,-0.00091342634,-0.002195106,-0.0013761553,0.39414644,-0.0058202385,0.14103237,-0.0074867513,-0.003928487,0.36778557,-0.004890913,-0.0027487054,-0.003569166,-0.0013856097,0.006143961,-0.002726836,0.009951789
SLC14A1,-0.00091342634,-0.002195106,-0.0013761553,0.39414644,-0.0058202385,0.14103237,-0.0074867513,-0.003928487,0.36778557,-0.004890913,-0.0027487054,-0.003569166,-0.0013856097,0.006143961,-0.002726836,0.009951789
SLC14A2,-0.00091342634,-0.002195106,-0.0013761553,0.39414644,-0.0058202385,0.14103237,-0.0074867513,-0.003928487,0.36778557,-0.004890913,-0.0027487054,-0.003569166,-0.0013856097,0.006143961,-0.002726836,0.009951789
SLC16A1-AS1,-0.00091342634,-0.002195106,-0.0013761553,0.39414644,-0.0058202385,0.14103237,-0.0074867513,-0.003928487,0.36778557,-0.004890913,-0.0027487054,-0.003569166,-0.0013856097,0.006143961,-0.002726836,0.009951789
SLC16A10,-0.00091342634,-0.002195106,-0.0013761553,0.39414644,-0.0058202385,0.14103237,-0.0074867513,-0.003928487,0.36778557,-0.004890913,-0.0027487054,-0.003569166,-0.0013856097,0.006143961,-0.002726836,0.009951789
SLC16A11,-0.00091342634,-0.002195106,-0.0013761553,0.39414644,-0.0058202385,0.14103237,-0.0074867513,-0.003928487,0.36778557,-0.004890913,-0.0027487054,-0.003569166,-0.0013856097,0.006143961,-0.002726836,0.009951789
SLC16A13,-0.00091342634,-0.002195106,-0.0013761553,0.39414644,-0.0058202385,0.14103237,-0.0074867513,-0.003928487,0.36778557,-0.004890913,-0.0027487054,-0.003569166,-0.0013856097,0.006143961,-0.002726836,0.009951789
SLC17A3,-0.00091342634,-0.002195106,-0.0013761553,0.39414644,-0.0058202385,0.14103237,-0.0074867513,-0.003928487,0.36778557,-0.004890913,-0.0027487054,-0.003569166,-0.0013856097,0.006143961,-0.002726836,0.009951789
SLC1A1,-0.00091342634,-0.002195106,-0.0013761553,0.39414644,-0.0058202385,0.14103237,-0.0074867513,-0.003928487,0.36778557,-0.004890913,-0.0027487054,-0.003569166,-0.0013856097,0.006143961,-0.002726836,0.009951789
SLC22A23,-0.00091342634,-0.002195106,-0.0013761553,0.39414644,-0.0058202385,0.14103237,-0.0074867513,-0.003928487,0.36778557,-0.004890913,-0.0027487054,-0.003569166,-0.0013856097,0.006143961,-0.002726836,0.009951789
SLC24A3,-0.00091342634,-0.002195106,-0.0013761553,0.39414644,-0.0058202385,0.14103237,-0.0074867513,-0.003928487,0.36778557,-0.004890913,-0.0027487054,-0.003569166,-0.0013856097,0.006143961,-0.002726836,0.009951789
SLC25A4,-0.00091342634,-0.002195106,-0.0013761553,0.39414644,-0.0058202385,0.14103237,-0.0074867513,-0.003928487,0.36778557,-0.004890913,-0.0027487054,-0.003569166,-0.0013856097,0.006143961,-0.002726836,0.009951789
SLC25A42,-0.00091862923,-0.002184325,-0.0013677159,0.39408308,-0.005820053,0.14102049,-0.007497943,-0.003925711,0.3681443,-0.004899566,-0.0027374309,-0.0035677014,-0.001379017,0.0056503154,-0.0027175313,0.008917589
SLC25A45,-0.00091862923,-0.002184325,-0.0013677159,0.39408308,-0.005820053,0.14102049,-0.007497943,-0.003925711,0.3681443,-0.004899566,-0.0027374309,-0.0035677014,-0.001379017,0.0056503154,-0.0027175313,0.008917589
SLC25A5-AS1,-0.0009082048,-0.002194612,-0.0013696823,0.39287388,-0.005827985,0.1409599,-0.007477914,-0.003933105,0.3667086,-0.0049039084,-0.0027468388,-0.0035757017,-0.0013801361,0.006160978,-0.0027209988,0.01049595
SLC26A11,-0.00091342634,-0.002195106,-0.0013761553,0.39414644,-0.0058202385,0.14103237,-0.0074867513,-0.003928487,0.36778557,-0.004890913,-0.0027487054,-0.003569166,-0.0013856097,0.006143961,-0.002726836,0.009951789
SLC2A14,-0.00091862923,-0.002184325,-0.0013677159,0.39408308,-0.005820053,0.14102049,-0.007497943,-0.003925711,0.3681443,-0.004899566,-0.0027374309,-0.0035677014,-0.001379017,0.0056503154,-0.0027175313,0.008917589
SLC2A4RG,-0.00091342634,-0.002195106,-0.0013761553,0.39414644,-0.0058202385,0.14103237,-0.0074867513,-0.003928487,0.36778557,-0.004890913,-0.0027487054,-0.003569166,-0.0013856097,0.006143961,-0.002726836,0.009951789
SLC30A5,-0.00091456715,-0.0022003478,-0.0013786226,0.394587,-0.0058253584,0.14084123,-0.00748749,-0.0039242236,0.3683218,-0.004887797,-0.002749056,-0.0035701662,-0.0013856369,0.005946044,-0.0027279612,0.009908441
SLC35D1,-0.00091342634,-0.002195106,-0.0013761553,0.39414644,-0.0058202385,0.14103237,-0.0074867513,-0.003928487,0.36778557,-0.004890913,-0.0027487054,-0.003569166,-0.0013856097,0.006143961,-0.002726836,0.009951789
SLC35G3,-0.00091342634,-0.002195106,-0.0013761553,0.39414644,-0.0058202385,0.14103237,-0.0074867513,-0.003928487,0.36778557,-0.004890913,-0.0027487054,-0.003569166,-0.0013856097,0.006143961,-0.002726836,0.009951789
SLC37A3,-0.00091342634,-0.002195106,-0.0013761553,0.39414644,-0.0058202385,0.14103237,-0.0074867513,-0.003928487,0.36778557,-0.004890913,-0.0027487054,-0.003569166,-0.0013856097,0.006143961,-0.002726836,0.009951789
SLC37A4,-0.001377587,-0.0029349285,-0.0015577485,0.4360161,-0.0054742065,0.09343692,-0.008159884,-0.0027794354,0.28437805,-0.0049675046,-0.0021967513,-0.003044312,-0.00035236383,0.05012745,-0.0031948586,-0.00053483807
SLC39A10,-0.00091342634,-0.002195106,-0.0013761553,0.39414644,-0.0058202385,0.14103237,-0.0074867513,-0.003928487,0.36778557,-0.004890913,-0.0027487054,-0.003569166,-0.0013856097,0.006143961,-0.002726836,0.009951789
SLC41A1,-0.00091776496,-0.0021902006,-0.0013652995,0.39322525,-0.005826504,0.1416322,-0.0074852793,-0.0039205425,0.36792898,-0.004880784,-0.0027496188,-0.0035703494,-0.0013872812,0.006443355,-0.0027271234,0.010392247
SLC44A2,-0.0009114101,-0.002189941,-0.0013778271,0.39364886,-0.005819851,0.14098313,-0.0074878526,-0.003921317,0.3674783,-0.004897678,-0.002750793,-0.0035762459,-0.0013838566,0.0061594285,-0.0027323263,0.010082323
SLC45A4,-0.00091342634,-0.002195106,-0.0013761553,0.39414644,-0.0058202385,0.14103237,-0.0074867513,-0.003928487,0.36778557,-0.004890913,-0.0027487054,-0.003569166,-0.0013856097,0.006143961,-0.002726836,0.009951789
SLC4A10,-0.00091342634,-0.002195106,-0.0013761553,0.39414644,-0.0058202385,0.14103237,-0.0074867513,-0.003928487,0.36778557,-0.004890913,-0.0027487054,-0.003569166,-0.0013856097,0.006143961,-0.002726836,0.009951789
SLC4A11,-0.00091342634,-0.002195106,-0.0013761553,0.39414644,-0.0058202385,0.14103237,-0.0074867513,-0.003928487,0.36778557,-0.004890913,-0.0027487054,-0.003569166,-0.0013856097,0.006143961,-0.002726836,0.009951789
SLC5A4-AS1,-0.0009105576,-0.0021917277,-0.0013742306,0.39412886,-0.005822493,0.14149454,-0.007486565,-0.003924513,0.36772466,-0.004891471,-0.0027515104,-0.0035692083,-0.001383459,0.0062281825,-0.0027287782,0.009653378
SLC6A20,-0.00091279455,-0.0021846732,-0.0013610338,0.39492637,-0.00583012,0.1420527,-0.0075036776,-0.0039086128,0.36735672,-0.004886479,-0.0027730279,-0.0035504072,-0.0013848596,0.0072881915,-0.0027171257,0.0110165365
SLC7A5,-0.00088990096,-0.0016303355,-0.0012965231,0.40575373,-0.0038952865,0.15146111,-0.00510286,-0.006077687,0.1332844,-0.0030100376,-0.00068197056,-0.002717577,-6.387189e-05,0.16581057,-0.0036675644,0.06364943
SLC7A6,-0.00090771663,-0.002188174,-0.0013804153,0.39317083,-0.0058321594,0.14202403,-0.0074782907,-0.0039347513,0.36797678,-0.0048902864,-0.0027565043,-0.0035701704,-0.0013750436,0.005133096,-0.0027345177,0.008900557
SLCO4A1,-0.00091342634,-0.002195106,-0.0013761553,0.39414644,-0.0058202385,0.14103237,-0.0074867513,-0.003928487,0.36778557,-0.004890913,-0.0027487054,-0.003569166,-0.0013856097,0.006143961,-0.002726836,0.009951789
SLF1,-0.0009335447,-0.0021758785,-0.0013949298,0.3960004,-0.0058335555,0.14248018,-0.007496143,-0.003922221,0.36949682,-0.004910254,-0.0027642637,-0.0035727876,-0.0013787244,0.0051339306,-0.0027433294,0.008543003
SLF2,-0.00091342634,-0.002195106,-0.0013761553,0.39414644,-0.0058202385,0.14103237,-0.0074867513,-0.003928487,0.36778557,-0.004890913,-0.0027487054,-0.003569166,-0.0013856097,0.006143961,-0.002726836,0.009951789
SLFN12L,-0.00091342634,-0.002195106,-0.0013761553,0.39414644,-0.0058202385,0.14103237,-0.0074867513,-0.003928487,0.36778557,-0.004890913,-0.0027487054,-0.003569166,-0.0013856097,0.006143961,-0.002726836,0.009951789
SLFN13,-0.00091342634,-0.002195106,-0.0013761553,0.39414644,-0.0058202385,0.14103237,-0.0074867513,-0.003928487,0.36778557,-0.004890913,-0.0027487054,-0.003569166,-0.0013856097,0.006143961,-0.002726836,0.009951789
SLFN5,-0.00091342634,-0.002195106,-0.0013761553,0.39414644,-0.0058202385,0.14103237,-0.0074867513,-0.003928487,0.36778557,-0.004890913,-0.0027487054,-0.003569166,-0.0013856097,0.006143961,-0.002726836,0.009951789
SMAD7,-0.00091342634,-0.002195106,-0.0013761553,0.39414644,-0.0058202385,0.14103237,-0.0074867513,-0.003928487,0.36778557,-0.004890913,-0.0027487054,-0.003569166,-0.0013856097,0.006143961,-0.002726836,0.009951789
SMARCA1,-0.00091342634,-0.002195106,-0.0013761553,0.39414644,-0.0058202385,0.14103237,-0.0074867513,-0.003928487,0.36778557,-0.004890913,-0.0027487054,-0.003569166,-0.0013856097,0.006143961,-0.002726836,0.009951789
SMARCA5-AS1,-0.00091342634,-0.002195106,-0.0013761553,0.39414644,-0.0058202385,0.14103237,-0.0074867513,-0.003928487,0.36778557,-0.004890913,-0.0027487054,-0.003569166,-0.0013856097,0.006143961,-0.002726836,0.009951789
SMIM19,-0.00091342634,-0.002195106,-0.0013761553,0.39414644,-0.0058202385,0.14103237,-0.0074867513,-0.003928487,0.36778557,-0.004890913,-0.0027487054,-0.003569166,-0.0013856097,0.006143961,-0.002726836,0.009951789
SMIM6,-0.00091862923,-0.002184325,-0.0013677159,0.39408308,-0.005820053,0.14102049,-0.007497943,-0.003925711,0.3681443,-0.004899566,-0.0027374309,-0.0035677014,-0.001379017,0.0056503154,-0.0027175313,0.008917589
SNAI3-AS1,-0.00091342634,-0.002195106,-0.0013761553,0.39414644,-0.0058202385,0.14103237,-0.0074867513,-0.003928487,0.36778557,-0.004890913,-0.0027487054,-0.003569166,-0.0013856097,0.006143961,-0.002726836,0.009951789
SNAP47-AS1,-0.00091342634,-0.002195106,-0.0013761553,0.39414644,-0.0058202385,0.14103237,-0.0074867513,-0.003928487,0.36778557,-0.004890913,-0.0027487054,-0.003569166,-0.0013856097,0.006143961,-0.002726836,0.009951789
SNED1,-0.00091342634,-0.002195106,-0.0013761553,0.39414644,-0.0058202385,0.14103237,-0.0074867513,-0.003928487,0.36778557,-0.004890913,-0.0027487054,-0.003569166,-0.0013856097,0.006143961,-0.002726836,0.009951789
SNHG18,-0.00091342634,-0.002195106,-0.0013761553,0.39414644,-0.0058202385,0.14103237,-0.0074867513,-0.003928487,0.36778557,-0.004890913,-0.0027487054,-0.003569166,-0.0013856097,0.006143961,-0.002726836,0.009951789
SNHG22,-0.0009335447,-0.0021758785,-0.0013949298,0.3960004,-0.0058335555,0.14248018,-0.007496143,-0.003922221,0.36949682,-0.004910254,-0.0027642637,-0.0035727876,-0.0013787244,0.0051339306,-0.0027433294,0.008543003
SNTA1,-0.00092175114,-0.0021947843,-0.0013837354,0.3932873,-0.0058269226,0.1408555,-0.007479291,-0.0039353026,0.36891723,-0.0048954575,-0.0027480249,-0.003571731,-0.0013917967,0.007374119,-0.0027148186,0.010953164
SNTB2,-0.00091342634,-0.002195106,-0.0013761553,0.39414644,-0.0058202385,0.14103237,-0.0074867513,-0.003928487,0.36778557,-0.004890913,-0.0027487054,-0.003569166,-0.0013856097,0.006143961,-0.002726836,0.009951789
SNX25,-0.00091342634,-0.002195106,-0.0013761553,0.39414644,-0.0058202385,0.14103237,-0.0074867513,-0.003928487,0.36778557,-0.004890913,-0.0027487054,-0.003569166,-0.0013856097,0.006143961,-0.002726836,0.009951789
SNX32,-0.0009083604,-0.002190757,-0.0013776293,0.394368,-0.005814905,0.14094813,-0.007490289,-0.0039329003,0.36830753,-0.00489255,-0.0027420842,-0.0035757893,-0.0013899484,0.0055775978,-0.0027264,0.009774033
SOCS1,-0.00091342634,-0.002195106,-0.0013761553,0.39414644,-0.0058202385,0.14103237,-0.0074867513,-0.003928487,0.36778557,-0.004890913,-0.0027487054,-0.003569166,-0.0013856097,0.006143961,-0.002726836,0.009951789
SORCS2,-0.00091342634,-0.002195106,-0.0013761553,0.39414644,-0.0058202385,0.14103237,-0.0074867513,-0.003928487,0.36778557,-0.004890913,-0.0027487054,-0.003569166,-0.0013856097,0.006143961,-0.002726836,0.009951789
SOX13,-0.0008098098,-0.0022136068,-0.0015152227,0.3908443,-0.0059937113,0.14390408,-0.007758316,-0.004145208,0.39064023,-0.0052020294,-0.002801374,-0.0036916952,-0.0013861413,-2.8754659e-05,-0.0024622022,0.013654324
SOX2-OT,-0.00091819797,-0.0021889585,-0.0013668583,0.39434472,-0.005821185,0.14086138,-0.0074942205,-0.0039296374,0.36836207,-0.0048930002,-0.0027494691,-0.0035737788,-0.0013920319,0.0061419643,-0.0027187946,0.009251136
SOX4,-0.0009140671,-0.0021939895,-0.0013749185,0.39428762,-0.0058176136,0.14102119,-0.0074816546,-0.003925171,0.3674571,-0.0048859334,-0.002746772,-0.0035676844,-0.001384474,0.0062078983,-0.0027303956,0.009725915
SOX5,-0.00091342634,-0.002195106,-0.0013761553,0.39414644,-0.0058202385,0.14103237,-0.0074867513,-0.003928487,0.36778557,-0.004890913,-0.0027487054,-0.003569166,-0.0013856097,0.006143961,-0.002726836,0.009951789
SOX6,-0.000812963,-0.0025741637,-0.0016256315,0.32373998,-0.0067319535,0.14905389,-0.009310354,-0.00491478,0.4665046,-0.006366279,-0.0033250721,-0.0040995027,-0.0019709931,-4.9780607e-05,-0.0016117198,0.11048339
SP140,-0.00071925693,-0.0018456789,-0.0014616052,0.36821127,-0.0061785923,0.13799013,-0.00787604,-0.0034936117,0.39128733,-0.0046653086,-0.0027227357,-0.0037831508,-0.0014476858,0.006141443,-0.002794148,0.018656304
SP4,-0.0009140671,-0.0021939895,-0.0013749185,0.39428762,-0.0058176136,0.14102119,-0.0074816546,-0.003925171,0.3674571,-0.0048859334,-0.002746772,-0.0035676844,-0.001384474,0.0062078983,-0.0027303956,0.009725915
SP6,-0.00091342634,-0.002195106,-0.0013761553,0.39414644,-0.0058202385,0.14103237,-0.0074867513,-0.003928487,0.36778557,-0.004890913,-0.0027487054,-0.003569166,-0.0013856097,0.006143961,-0.002726836,0.009951789
SPA17,-0.00091276143,-0.0022047418,-0.001371651,0.3952939,-0.005808187,0.14232913,-0.0074750525,-0.0039420263,0.36733,-0.004885167,-0.0027369792,-0.0035663354,-0.0013890138,0.005412314,-0.0027191022,0.009295601
SPAG16-DT,-0.00091342634,-0.002195106,-0.0013761553,0.39414644,-0.0058202385,0.14103237,-0.0074867513,-0.003928487,0.36778557,-0.004890913,-0.0027487054,-0.003569166,-0.0013856097,0.006143961,-0.002726836,0.009951789
SPAG5-AS1,-0.00091342634,-0.002195106,-0.0013761553,0.39414644,-0.0058202385,0.14103237,-0.0074867513,-0.003928487,0.36778557,-0.004890913,-0.0027487054,-0.003569166,-0.0013856097,0.006143961,-0.002726836,0.009951789
SPAG6,-0.00091342634,-0.002195106,-0.0013761553,0.39414644,-0.0058202385,0.14103237,-0.0074867513,-0.003928487,0.36778557,-0.004890913,-0.0027487054,-0.003569166,-0.0013856097,0.006143961,-0.002726836,0.009951789
SPATA12,-0.00091342634,-0.002195106,-0.0013761553,0.39414644,-0.0058202385,0.14103237,-0.0074867513,-0.003928487,0.36778557,-0.004890913,-0.0027487054,-0.003569166,-0.0013856097,0.006143961,-0.002726836,0.009951789
SPATA32,-0.00071925693,-0.0018456789,-0.0014616052,0.36821127,-0.0061785923,0.13799013,-0.00787604,-0.0034936117,0.39128733,-0.0046653086,-0.0027227357,-0.0037831508,-0.0014476858,0.006141443,-0.002794148,0.018656304
SPATA33,-0.00091342634,-0.002195106,-0.0013761553,0.39414644,-0.0058202385,0.14103237,-0.0074867513,-0.003928487,0.36778557,-0.004890913,-0.0027487054,-0.003569166,-0.0013856097,0.006143961,-0.002726836,0.009951789
SPATA5,-0.00091342634,-0.002195106,-0.0013761553,0.39414644,-0.0058202385,0.14103237,-0.0074867513,-0.003928487,0.36778557,-0.004890913,-0.0027487054,-0.003569166,-0.0013856097,0.006143961,-0.002726836,0.009951789
SPEF2,-0.00091342634,-0.002195106,-0.0013761553,0.39414644,-0.0058202385,0.14103237,-0.0074867513,-0.003928487,0.36778557,-0.004890913,-0.0027487054,-0.003569166,-0.0013856097,0.006143961,-0.002726836,0.009951789
SPIB,-0.0008812254,-0.0023443676,-0.0014334231,0.37394828,-0.0061115692,0.14976735,-0.007922663,-0.004136543,0.40158683,-0.0053097988,-0.0029785766,-0.003666166,-0.0015545179,-5.4963006e-05,-0.0023479552,0.03388057
SPINK2,-0.00091342634,-0.002195106,-0.0013761553,0.39414644,-0.0058202385,0.14103237,-0.0074867513,-0.003928487,0.36778557,-0.004890913,-0.0027487054,-0.003569166,-0.0013856097,0.006143961,-0.002726836,0.009951789
SPIRE2,-0.00091342634,-0.002195106,-0.0013761553,0.39414644,-0.0058202385,0.14103237,-0.0074867513,-0.003928487,0.36778557,-0.004890913,-0.0027487054,-0.003569166,-0.0013856097,0.006143961,-0.002726836,0.009951789
SPON1,-0.0009105464,-0.0021951324,-0.0013739556,0.39374536,-0.005819498,0.14079864,-0.0074908393,-0.0039298534,0.36747813,-0.0048883236,-0.0027526265,-0.003569026,-0.0013886556,0.0061175562,-0.0027294396,0.009530757
SPON2,-0.00091342634,-0.002195106,-0.0013761553,0.39414644,-0.0058202385,0.14103237,-0.0074867513,-0.003928487,0.36778557,-0.004890913,-0.0027487054,-0.003569166,-0.0013856097,0.006143961,-0.002726836,0.009951789
SPP1,-0.00091342634,-0.002195106,-0.0013761553,0.39414644,-0.0058202385,0.14103237,-0.0074867513,-0.003928487,0.36778557,-0.004890913,-0.0027487054,-0.003569166,-0.0013856097,0.006143961,-0.002726836,0.009951789
SPRY2,-0.00091342634,-0.002195106,-0.0013761553,0.39414644,-0.0058202385,0.14103237,-0.0074867513,-0.003928487,0.36778557,-0.004890913,-0.0027487054,-0.003569166,-0.0013856097,0.006143961,-0.002726836,0.009951789
SPRY4-AS1,-0.00091342634,-0.002195106,-0.0013761553,0.39414644,-0.0058202385,0.14103237,-0.0074867513,-0.003928487,0.36778557,-0.004890913,-0.0027487054,-0.003569166,-0.0013856097,0.006143961,-0.002726836,0.009951789
SPTBN1,-0.00091342634,-0.002195106,-0.0013761553,0.39414644,-0.0058202385,0.14103237,-0.0074867513,-0.003928487,0.36778557,-0.004890913,-0.0027487054,-0.003569166,-0.0013856097,0.006143961,-0.002726836,0.009951789
SPTBN5,-0.0009114101,-0.002189941,-0.0013778271,0.39364886,-0.005819851,0.14098313,-0.0074878526,-0.003921317,0.3674783,-0.004897678,-0.002750793,-0.0035762459,-0.0013838566,0.0061594285,-0.0027323263,0.010082323
SPTSSB,-0.00091342634,-0.002195106,-0.0013761553,0.39414644,-0.0058202385,0.14103237,-0.0074867513,-0.003928487,0.36778557,-0.004890913,-0.0027487054,-0.003569166,-0.0013856097,0.006143961,-0.002726836,0.009951789
SRBD1,-0.00091342634,-0.002195106,-0.0013761553,0.39414644,-0.0058202385,0.14103237,-0.0074867513,-0.003928487,0.36778557,-0.004890913,-0.0027487054,-0.003569166,-0.0013856097,0.006143961,-0.002726836,0.009951789
SREBF2-AS1,-0.00085921306,-0.0028514194,-0.0010761732,0.37998796,-0.0050867763,0.08471882,-0.008042119,-0.003351063,0.31982675,-0.0051620514,-0.0025768164,-0.003328623,-0.0006605238,0.09671359,-0.0028322886,0.009930063
SRGAP3-AS4,-0.00091342634,-0.002195106,-0.0013761553,0.39414644,-0.0058202385,0.14103237,-0.0074867513,-0.003928487,0.36778557,-0.004890913,-0.0027487054,-0.003569166,-0.0013856097,0.006143961,-0.002726836,0.009951789
SS18L2,-0.00091342634,-0.002195106,-0.0013761553,0.39414644,-0.0058202385,0.14103237,-0.0074867513,-0.003928487,0.36778557,-0.004890913,-0.0027487054,-0.003569166,-0.0013856097,0.006143961,-0.002726836,0.009951789
ST3GAL3,-0.00091342634,-0.002195106,-0.0013761553,0.39414644,-0.0058202385,0.14103237,-0.0074867513,-0.003928487,0.36778557,-0.004890913,-0.0027487054,-0.003569166,-0.0013856097,0.006143961,-0.002726836,0.009951789
ST3GAL6-AS1,-0.00091342634,-0.002195106,-0.0013761553,0.39414644,-0.0058202385,0.14103237,-0.0074867513,-0.003928487,0.36778557,-0.004890913,-0.0027487054,-0.003569166,-0.0013856097,0.006143961,-0.002726836,0.009951789
ST8SIA1,-0.00091342634,-0.002195106,-0.0013761553,0.39414644,-0.0058202385,0.14103237,-0.0074867513,-0.003928487,0.36778557,-0.004890913,-0.0027487054,-0.003569166,-0.0013856097,0.006143961,-0.002726836,0.009951789
ST8SIA6,-0.00091049826,-0.0022058145,-0.0013627874,0.39363855,-0.005806047,0.14219266,-0.0074937646,-0.00393507,0.36650893,-0.004880987,-0.0027573556,-0.003571102,-0.0013939275,0.0068475045,-0.0027215001,0.008486409
STAC2,-0.00091342634,-0.002195106,-0.0013761553,0.39414644,-0.0058202385,0.14103237,-0.0074867513,-0.003928487,0.36778557,-0.004890913,-0.0027487054,-0.003569166,-0.0013856097,0.006143961,-0.002726836,0.009951789
STAMBPL1,-0.00091342634,-0.002195106,-0.0013761553,0.39414644,-0.0058202385,0.14103237,-0.0074867513,-0.003928487,0.36778557,-0.004890913,-0.0027487054,-0.003569166,-0.0013856097,0.006143961,-0.002726836,0.009951789
STAP1,-0.0008892361,-0.0016399717,-0.0012920186,0.40690118,-0.0038832354,0.15275788,-0.0050911605,-0.0060912254,0.13282886,-0.003004291,-0.0006702442,-0.0027147466,-6.727576e-05,0.16507892,-0.0036598307,0.06299324
STARD9,-0.00091342634,-0.002195106,-0.0013761553,0.39414644,-0.0058202385,0.14103237,-0.0074867513,-0.003928487,0.36778557,-0.004890913,-0.0027487054,-0.003569166,-0.0013856097,0.006143961,-0.002726836,0.009951789
STAT5B,-0.0009788311,-0.002162864,-0.0015117276,0.39935958,-0.005726019,0.14380808,-0.0077674473,-0.0041517955,0.37183294,-0.0052136364,-0.0026575981,-0.00368455,-0.0012384001,0.011650763,-0.0026576286,0.019970795
STEAP1B,-0.00091342634,-0.002195106,-0.0013761553,0.39414644,-0.0058202385,0.14103237,-0.0074867513,-0.003928487,0.36778557,-0.004890913,-0.0027487054,-0.003569166,-0.0013856097,0.006143961,-0.002726836,0.009951789
STMN3,-0.00091342634,-0.002195106,-0.0013761553,0.39414644,-0.0058202385,0.14103237,-0.0074867513,-0.003928487,0.36778557,-0.004890913,-0.0027487054,-0.003569166,-0.0013856097,0.006143961,-0.002726836,0.009951789
STON1-GTF2A1L,-0.00091342634,-0.002195106,-0.0013761553,0.39414644,-0.0058202385,0.14103237,-0.0074867513,-0.003928487,0.36778557,-0.004890913,-0.0027487054,-0.003569166,-0.0013856097,0.006143961,-0.002726836,0.009951789
STPG1,-0.00091342634,-0.002195106,-0.0013761553,0.39414644,-0.0058202385,0.14103237,-0.0074867513,-0.003928487,0.36778557,-0.004890913,-0.0027487054,-0.003569166,-0.0013856097,0.006143961,-0.002726836,0.009951789
STPG2,-0.00091342634,-0.002195106,-0.0013761553,0.39414644,-0.0058202385,0.14103237,-0.0074867513,-0.003928487,0.36778557,-0.004890913,-0.0027487054,-0.003569166,-0.0013856097,0.006143961,-0.002726836,0.009951789
STPG3-AS1,-0.00091342634,-0.002195106,-0.0013761553,0.39414644,-0.0058202385,0.14103237,-0.0074867513,-0.003928487,0.36778557,-0.004890913,-0.0027487054,-0.003569166,-0.0013856097,0.006143961,-0.002726836,0.009951789
STRBP,-0.00091342634,-0.002195106,-0.0013761553,0.39414644,-0.0058202385,0.14103237,-0.0074867513,-0.003928487,0.36778557,-0.004890913,-0.0027487054,-0.003569166,-0.0013856097,0.006143961,-0.002726836,0.009951789
STX18-AS1,-0.00091342634,-0.002195106,-0.0013761553,0.39414644,-0.0058202385,0.14103237,-0.0074867513,-0.003928487,0.36778557,-0.004890913,-0.0027487054,-0.003569166,-0.0013856097,0.006143961,-0.002726836,0.009951789
STX1A,-0.00091342634,-0.002195106,-0.0013761553,0.39414644,-0.0058202385,0.14103237,-0.0074867513,-0.003928487,0.36778557,-0.004890913,-0.0027487054,-0.003569166,-0.0013856097,0.006143961,-0.002726836,0.009951789
STXBP5L,-0.00085921306,-0.0028514194,-0.0010761732,0.37998796,-0.0050867763,0.08471882,-0.008042119,-0.003351063,0.31982675,-0.0051620514,-0.0025768164,-0.003328623,-0.0006605238,0.09671359,-0.0028322886,0.009930063
SUGCT,-0.00091342634,-0.002195106,-0.0013761553,0.39414644,-0.0058202385,0.14103237,-0.0074867513,-0.003928487,0.36778557,-0.004890913,-0.0027487054,-0.003569166,-0.0013856097,0.006143961,-0.002726836,0.009951789
SULF2,-0.00091342634,-0.002195106,-0.0013761553,0.39414644,-0.0058202385,0.14103237,-0.0074867513,-0.003928487,0.36778557,-0.004890913,-0.0027487054,-0.003569166,-0.0013856097,0.006143961,-0.002726836,0.009951789
SULT6B1,-0.00091342634,-0.002195106,-0.0013761553,0.39414644,-0.0058202385,0.14103237,-0.0074867513,-0.003928487,0.36778557,-0.004890913,-0.0027487054,-0.003569166,-0.0013856097,0.006143961,-0.002726836,0.009951789
SUPT3H,-0.00091342634,-0.002195106,-0.0013761553,0.39414644,-0.0058202385,0.14103237,-0.0074867513,-0.003928487,0.36778557,-0.004890913,-0.0027487054,-0.003569166,-0.0013856097,0.006143961,-0.002726836,0.009951789
SUPT7L,-0.0009098672,-0.00219161,-0.0013707265,0.39382136,-0.005827534,0.14246072,-0.0074932175,-0.003914781,0.3680889,-0.0048958748,-0.0027619717,-0.003560803,-0.0013885718,0.005742822,-0.0027221176,0.010556448
SUSD4,-0.00091342634,-0.002195106,-0.0013761553,0.39414644,-0.0058202385,0.14103237,-0.0074867513,-0.003928487,0.36778557,-0.004890913,-0.0027487054,-0.003569166,-0.0013856097,0.006143961,-0.002726836,0.009951789
SVEP1,-0.00093788333,-0.0021709735,-0.0013840741,0.3950792,-0.005839821,0.14308,-0.0074946713,-0.003914276,0.36964023,-0.0049001244,-0.002765177,-0.003573971,-0.0013803958,0.0054333247,-0.002743617,0.008983461
SVIP,-0.00091342634,-0.002195106,-0.0013761553,0.39414644,-0.0058202385,0.14103237,-0.0074867513,-0.003928487,0.36778557,-0.004890913,-0.0027487054,-0.003569166,-0.0013856097,0.006143961,-0.002726836,0.009951789
SYDE2,-0.00091342634,-0.002195106,-0.0013761553,0.39414644,-0.0058202385,0.14103237,-0.0074867513,-0.003928487,0.36778557,-0.004890913,-0.0027487054,-0.003569166,-0.0013856097,0.006143961,-0.002726836,0.009951789
SYN2,-0.00091342634,-0.002195106,-0.0013761553,0.39414644,-0.0058202385,0.14103237,-0.0074867513,-0.003928487,0.36778557,-0.004890913,-0.0027487054,-0.003569166,-0.0013856097,0.006143961,-0.002726836,0.009951789
SYNE1,-0.0008068117,-0.0024243607,-0.0006480862,0.40347397,-0.0054449267,0.21855581,-0.006522894,-0.003586409,0.33322683,-0.0041442597,-0.0022412648,-0.0033418403,-0.0012516238,-0.0005681758,-0.0018777698,0.009755332
SYNGAP1,-0.00091342634,-0.002195106,-0.0013761553,0.39414644,-0.0058202385,0.14103237,-0.0074867513,-0.003928487,0.36778557,-0.004890913,-0.0027487054,-0.003569166,-0.0013856097,0.006143961,-0.002726836,0.009951789
SYNJ2,-0.00091342634,-0.002195106,-0.0013761553,0.39414644,-0.0058202385,0.14103237,-0.0074867513,-0.003928487,0.36778557,-0.004890913,-0.0027487054,-0.003569166,-0.0013856097,0.006143961,-0.002726836,0.009951789
SYT1,-0.00091342634,-0.002195106,-0.0013761553,0.39414644,-0.0058202385,0.14103237,-0.0074867513,-0.003928487,0.36778557,-0.004890913,-0.0027487054,-0.003569166,-0.0013856097,0.006143961,-0.002726836,0.009951789
SYT5,-0.00091342634,-0.002195106,-0.0013761553,0.39414644,-0.0058202385,0.14103237,-0.0074867513,-0.003928487,0.36778557,-0.004890913,-0.0027487054,-0.003569166,-0.0013856097,0.006143961,-0.002726836,0.009951789
SYT7,-0.00091342634,-0.002195106,-0.0013761553,0.39414644,-0.0058202385,0.14103237,-0.0074867513,-0.003928487,0.36778557,-0.004890913,-0.0027487054,-0.003569166,-0.0013856097,0.006143961,-0.002726836,0.009951789
SYTL2,-0.00091342634,-0.002195106,-0.0013761553,0.39414644,-0.0058202385,0.14103237,-0.0074867513,-0.003928487,0.36778557,-0.004890913,-0.0027487054,-0.003569166,-0.0013856097,0.006143961,-0.002726836,0.009951789
TAC3,-0.0014318001,-0.0022786153,-0.0018577307,0.45017463,-0.0062076687,0.14975047,-0.0076045166,-0.0033568603,0.33233684,-0.0046963654,-0.0023686404,-0.0032848548,-0.0010774499,-0.00040442185,-0.0030894058,-0.0005346208
TAF11,-0.00091342634,-0.002195106,-0.0013761553,0.39414644,-0.0058202385,0.14103237,-0.0074867513,-0.003928487,0.36778557,-0.004890913,-0.0027487054,-0.003569166,-0.0013856097,0.006143961,-0.002726836,0.009951789
TAF1A-AS1,-0.0009098672,-0.00219161,-0.0013707265,0.39382136,-0.005827534,0.14246072,-0.0074932175,-0.003914781,0.3680889,-0.0048958748,-0.0027619717,-0.003560803,-0.0013885718,0.005742822,-0.0027221176,0.010556448
TAF1C,-0.00091342634,-0.002195106,-0.0013761553,0.39414644,-0.0058202385,0.14103237,-0.0074867513,-0.003928487,0.36778557,-0.004890913,-0.0027487054,-0.003569166,-0.0013856097,0.006143961,-0.002726836,0.009951789
TAF3,-0.00091342634,-0.002195106,-0.0013761553,0.39414644,-0.0058202385,0.14103237,-0.0074867513,-0.003928487,0.36778557,-0.004890913,-0.0027487054,-0.003569166,-0.0013856097,0.006143961,-0.002726836,0.009951789
TANC1,-0.00092175114,-0.0021947843,-0.0013837354,0.3932873,-0.0058269226,0.1408555,-0.007479291,-0.0039353026,0.36891723,-0.0048954575,-0.0027480249,-0.003571731,-0.0013917967,0.007374119,-0.0027148186,0.010953164
TBC1D16,-0.00091342634,-0.002195106,-0.0013761553,0.39414644,-0.0058202385,0.14103237,-0.0074867513,-0.003928487,0.36778557,-0.004890913,-0.0027487054,-0.003569166,-0.0013856097,0.006143961,-0.002726836,0.009951789
TBC1D17,-0.00091342634,-0.002195106,-0.0013761553,0.39414644,-0.0058202385,0.14103237,-0.0074867513,-0.003928487,0.36778557,-0.004890913,-0.0027487054,-0.003569166,-0.0013856097,0.006143961,-0.002726836,0.009951789
TBC1D31,-0.00091342634,-0.002195106,-0.0013761553,0.39414644,-0.0058202385,0.14103237,-0.0074867513,-0.003928487,0.36778557,-0.004890913,-0.0027487054,-0.003569166,-0.0013856097,0.006143961,-0.002726836,0.009951789
TBC1D32,-0.00091342634,-0.002195106,-0.0013761553,0.39414644,-0.0058202385,0.14103237,-0.0074867513,-0.003928487,0.36778557,-0.004890913,-0.0027487054,-0.003569166,-0.0013856097,0.006143961,-0.002726836,0.009951789
TBC1D4,-0.000914207,-0.0021984258,-0.0013765057,0.39461032,-0.0058250693,0.14080408,-0.0074897753,-0.0039233183,0.3682507,-0.0048899953,-0.0027510324,-0.003567925,-0.0013869992,0.0059067793,-0.0027256778,0.010150332
TBC1D8-AS1,-0.00091342634,-0.002195106,-0.0013761553,0.39414644,-0.0058202385,0.14103237,-0.0074867513,-0.003928487,0.36778557,-0.004890913,-0.0027487054,-0.003569166,-0.0013856097,0.006143961,-0.002726836,0.009951789
TBCCD1,-0.00091342634,-0.002195106,-0.0013761553,0.39414644,-0.0058202385,0.14103237,-0.0074867513,-0.003928487,0.36778557,-0.004890913,-0.0027487054,-0.003569166,-0.0013856097,0.006143961,-0.002726836,0.009951789
TBCE,-0.00091342634,-0.002195106,-0.0013761553,0.39414644,-0.0058202385,0.14103237,-0.0074867513,-0.003928487,0.36778557,-0.004890913,-0.0027487054,-0.003569166,-0.0013856097,0.006143961,-0.002726836,0.009951789
TBKBP1,-0.00091342634,-0.002195106,-0.0013761553,0.39414644,-0.0058202385,0.14103237,-0.0074867513,-0.003928487,0.36778557,-0.004890913,-0.0027487054,-0.003569166,-0.0013856097,0.006143961,-0.002726836,0.009951789
TBX10,-0.00091342634,-0.002195106,-0.0013761553,0.39414644,-0.0058202385,0.14103237,-0.0074867513,-0.003928487,0.36778557,-0.004890913,-0.0027487054,-0.003569166,-0.0013856097,0.006143961,-0.002726836,0.009951789
TBX20,-0.00091342634,-0.002195106,-0.0013761553,0.39414644,-0.0058202385,0.14103237,-0.0074867513,-0.003928487,0.36778557,-0.004890913,-0.0027487054,-0.003569166,-0.0013856097,0.006143961,-0.002726836,0.009951789
TBX21,-0.0009111995,-0.0021906132,-0.0013729945,0.39427006,-0.0058198664,0.14148316,-0.0074814684,-0.0039211987,0.36739624,-0.004886491,-0.002749576,-0.0035677268,-0.001382324,0.00629209,-0.002732337,0.009427624
TCEAL9,-0.00091342634,-0.002195106,-0.0013761553,0.39414644,-0.0058202385,0.14103237,-0.0074867513,-0.003928487,0.36778557,-0.004890913,-0.0027487054,-0.003569166,-0.0013856097,0.006143961,-0.002726836,0.009951789
TCF15,-0.00091342634,-0.002195106,-0.0013761553,0.39414644,-0.0058202385,0.14103237,-0.0074867513,-0.003928487,0.36778557,-0.004890913,-0.0027487054,-0.003569166,-0.0013856097,0.006143961,-0.002726836,0.009951789
TCF19,-0.00091342634,-0.002195106,-0.0013761553,0.39414644,-0.0058202385,0.14103237,-0.0074867513,-0.003928487,0.36778557,-0.004890913,-0.0027487054,-0.003569166,-0.0013856097,0.006143961,-0.002726836,0.009951789
TCF20,-0.00091342634,-0.002195106,-0.0013761553,0.39414644,-0.0058202385,0.14103237,-0.0074867513,-0.003928487,0.36778557,-0.004890913,-0.0027487054,-0.003569166,-0.0013856097,0.006143961,-0.002726836,0.009951789
TCF7L1,-0.00091342634,-0.002195106,-0.0013761553,0.39414644,-0.0058202385,0.14103237,-0.0074867513,-0.003928487,0.36778557,-0.004890913,-0.0027487054,-0.003569166,-0.0013856097,0.006143961,-0.002726836,0.009951789
TCL1A,-0.00091342634,-0.002195106,-0.0013761553,0.39414644,-0.0058202385,0.14103237,-0.0074867513,-0.003928487,0.36778557,-0.004890913,-0.0027487054,-0.003569166,-0.0013856097,0.006143961,-0.002726836,0.009951789
TCTA,-0.00091342634,-0.002195106,-0.0013761553,0.39414644,-0.0058202385,0.14103237,-0.0074867513,-0.003928487,0.36778557,-0.004890913,-0.0027487054,-0.003569166,-0.0013856097,0.006143961,-0.002726836,0.009951789
TCTN2,-0.00091342634,-0.002195106,-0.0013761553,0.39414644,-0.0058202385,0.14103237,-0.0074867513,-0.003928487,0.36778557,-0.004890913,-0.0027487054,-0.003569166,-0.0013856097,0.006143961,-0.002726836,0.009951789
TDRD1,-0.0009083604,-0.002190757,-0.0013776293,0.394368,-0.005814905,0.14094813,-0.007490289,-0.0039329003,0.36830753,-0.00489255,-0.0027420842,-0.0035757893,-0.0013899484,0.0055775978,-0.0027264,0.009774033
TECR,-0.00091342634,-0.002195106,-0.0013761553,0.39414644,-0.0058202385,0.14103237,-0.0074867513,-0.003928487,0.36778557,-0.004890913,-0.0027487054,-0.003569166,-0.0013856097,0.006143961,-0.002726836,0.009951789
TENM1,-0.00091342634,-0.002195106,-0.0013761553,0.39414644,-0.0058202385,0.14103237,-0.0074867513,-0.003928487,0.36778557,-0.004890913,-0.0027487054,-0.003569166,-0.0013856097,0.006143961,-0.002726836,0.009951789
TENM2,-0.00091342634,-0.002195106,-0.0013761553,0.39414644,-0.0058202385,0.14103237,-0.0074867513,-0.003928487,0.36778557,-0.004890913,-0.0027487054,-0.003569166,-0.0013856097,0.006143961,-0.002726836,0.009951789
TET1,-5.1518306e-05,-0.00027633418,-0.0013226041,0.5285796,-0.004356036,0.10318102,-0.00530767,-0.0023629323,0.32419813,-0.00335585,-0.002647232,-0.0035304686,-0.0006204992,-0.00013867776,-0.0041950345,-0.0013757664
TEX14,-0.00091342634,-0.002195106,-0.0013761553,0.39414644,-0.0058202385,0.14103237,-0.0074867513,-0.003928487,0.36778557,-0.004890913,-0.0027487054,-0.003569166,-0.0013856097,0.006143961,-0.002726836,0.009951789
TEX53,-0.0009134256,-0.0021988773,-0.0013530947,0.39474356,-0.0058086324,0.14178464,-0.007504225,-0.0039289016,0.36577675,-0.004871591,-0.0027684115,-0.0035607063,-0.0013902151,0.008392874,-0.0027165078,0.008946497
TEX55,-0.00091342634,-0.002195106,-0.0013761553,0.39414644,-0.0058202385,0.14103237,-0.0074867513,-0.003928487,0.36778557,-0.004890913,-0.0027487054,-0.003569166,-0.0013856097,0.006143961,-0.002726836,0.009951789
TFAP2A-AS1,-0.0009083604,-0.002190757,-0.0013776293,0.394368,-0.005814905,0.14094813,-0.007490289,-0.0039329003,0.36830753,-0.00489255,-0.0027420842,-0.0035757893,-0.0013899484,0.0055775978,-0.0027264,0.009774033
TFCP2,-0.00091049826,-0.0022058145,-0.0013627874,0.39363855,-0.005806047,0.14219266,-0.0074937646,-0.00393507,0.36650893,-0.004880987,-0.0027573556,-0.003571102,-0.0013939275,0.0068475045,-0.0027215001,0.008486409
TFDP2,-0.00091342634,-0.002195106,-0.0013761553,0.39414644,-0.0058202385,0.14103237,-0.0074867513,-0.003928487,0.36778557,-0.004890913,-0.0027487054,-0.003569166,-0.0013856097,0.006143961,-0.002726836,0.009951789
TFR2,-0.00091342634,-0.002195106,-0.0013761553,0.39414644,-0.0058202385,0.14103237,-0.0074867513,-0.003928487,0.36778557,-0.004890913,-0.0027487054,-0.003569166,-0.0013856097,0.006143961,-0.002726836,0.009951789
TGFB3,-0.00091276143,-0.0022047418,-0.001371651,0.3952939,-0.005808187,0.14232913,-0.0074750525,-0.0039420263,0.36733,-0.004885167,-0.0027369792,-0.0035663354,-0.0013890138,0.005412314,-0.0027191022,0.009295601
THBS1,-0.00091776496,-0.0021902006,-0.0013652995,0.39322525,-0.005826504,0.1416322,-0.0074852793,-0.0039205425,0.36792898,-0.004880784,-0.0027496188,-0.0035703494,-0.0013872812,0.006443355,-0.0027271234,0.010392247
THEGL,-0.00091342634,-0.002195106,-0.0013761553,0.39414644,-0.0058202385,0.14103237,-0.0074867513,-0.003928487,0.36778557,-0.004890913,-0.0027487054,-0.003569166,-0.0013856097,0.006143961,-0.002726836,0.009951789
THEM4,-0.00091342634,-0.002195106,-0.0013761553,0.39414644,-0.0058202385,0.14103237,-0.0074867513,-0.003928487,0.36778557,-0.004890913,-0.0027487054,-0.003569166,-0.0013856097,0.006143961,-0.002726836,0.009951789
THORLNC,-0.0023729303,-0.003422901,0.020272553,0.21368319,-0.004244879,0.13477245,-0.0059964526,-0.0022090098,0.2692378,-0.0042093843,-0.0045897705,-0.0017857387,-0.0032940859,0.10665566,-0.0036105216,0.17494681
THSD8,-0.00091862923,-0.002184325,-0.0013677159,0.39408308,-0.005820053,0.14102049,-0.007497943,-0.003925711,0.3681443,-0.004899566,-0.0027374309,-0.0035677014,-0.001379017,0.0056503154,-0.0027175313,0.008917589
TIGD2,-0.00091342634,-0.002195106,-0.0013761553,0.39414644,-0.0058202385,0.14103237,-0.0074867513,-0.003928487,0.36778557,-0.004890913,-0.0027487054,-0.003569166,-0.0013856097,0.006143961,-0.002726836,0.009951789
TIGD4,-0.00091342634,-0.002195106,-0.0013761553,0.39414644,-0.0058202385,0.14103237,-0.0074867513,-0.003928487,0.36778557,-0.004890913,-0.0027487054,-0.003569166,-0.0013856097,0.006143961,-0.002726836,0.009951789
TIMP3,-0.00091342634,-0.002195106,-0.0013761553,0.39414644,-0.0058202385,0.14103237,-0.0074867513,-0.003928487,0.36778557,-0.004890913,-0.0027487054,-0.003569166,-0.0013856097,0.006143961,-0.002726836,0.009951789
TLCD1,-0.00091342634,-0.002195106,-0.0013761553,0.39414644,-0.0058202385,0.14103237,-0.0074867513,-0.003928487,0.36778557,-0.004890913,-0.0027487054,-0.003569166,-0.0013856097,0.006143961,-0.002726836,0.009951789
TLCD5,-0.0009105576,-0.0021917277,-0.0013742306,0.39412886,-0.005822493,0.14149454,-0.007486565,-0.003924513,0.36772466,-0.004891471,-0.0027515104,-0.0035692083,-0.001383459,0.0062281825,-0.0027287782,0.009653378
TLE1,-0.00091342634,-0.002195106,-0.0013761553,0.39414644,-0.0058202385,0.14103237,-0.0074867513,-0.003928487,0.36778557,-0.004890913,-0.0027487054,-0.003569166,-0.0013856097,0.006143961,-0.002726836,0.009951789
TLN2,-0.00092175114,-0.0021947843,-0.0013837354,0.3932873,-0.0058269226,0.1408555,-0.007479291,-0.0039353026,0.36891723,-0.0048954575,-0.0027480249,-0.003571731,-0.0013917967,0.007374119,-0.0027148186,0.010953164
TM4SF19-AS1,-0.00091342634,-0.002195106,-0.0013761553,0.39414644,-0.0058202385,0.14103237,-0.0074867513,-0.003928487,0.36778557,-0.004890913,-0.0027487054,-0.003569166,-0.0013856097,0.006143961,-0.002726836,0.009951789
TMC6,-0.0009134316,-0.0021951061,-0.0013761601,0.3941459,-0.0058202487,0.14103328,-0.007486755,-0.003928487,0.36778578,-0.004890906,-0.002748698,-0.0035691732,-0.0013856145,0.0061440207,-0.0027268294,0.009951342
TMCC2,-0.00091342634,-0.002195106,-0.0013761553,0.39414644,-0.0058202385,0.14103237,-0.0074867513,-0.003928487,0.36778557,-0.004890913,-0.0027487054,-0.003569166,-0.0013856097,0.006143961,-0.002726836,0.009951789
TMEM107,-0.0009335447,-0.0021758785,-0.0013949298,0.3960004,-0.0058335555,0.14248018,-0.007496143,-0.003922221,0.36949682,-0.004910254,-0.0027642637,-0.0035727876,-0.0013787244,0.0051339306,-0.0027433294,0.008543003
TMEM117,-0.00091342634,-0.002195106,-0.0013761553,0.39414644,-0.0058202385,0.14103237,-0.0074867513,-0.003928487,0.36778557,-0.004890913,-0.0027487054,-0.003569166,-0.0013856097,0.006143961,-0.002726836,0.009951789
TMEM151B,-0.00091342634,-0.002195106,-0.0013761553,0.39414644,-0.0058202385,0.14103237,-0.0074867513,-0.003928487,0.36778557,-0.004890913,-0.0027487054,-0.003569166,-0.0013856097,0.006143961,-0.002726836,0.009951789
TMEM156,-0.00091342634,-0.002195106,-0.0013761553,0.39414644,-0.0058202385,0.14103237,-0.0074867513,-0.003928487,0.36778557,-0.004890913,-0.0027487054,-0.003569166,-0.0013856097,0.006143961,-0.002726836,0.009951789
TMEM169,-0.00091342634,-0.002195106,-0.0013761553,0.39414644,-0.0058202385,0.14103237,-0.0074867513,-0.003928487,0.36778557,-0.004890913,-0.0027487054,-0.003569166,-0.0013856097,0.006143961,-0.002726836,0.009951789
TMEM177,0.01529941,-0.0029777747,-0.002779127,0.12968703,-0.0081769675,0.064344466,-0.006527795,-0.0014904777,0.49352762,-0.0029705588,-0.0032849973,-0.0012937884,-0.0011492718,-0.00037872704,0.013717353,0.05942204
TMEM181,-0.00090060284,-0.0021859615,-0.0013736775,0.39466858,-0.0058163595,0.14081423,-0.0074975365,-0.003940663,0.36631808,-0.0048859417,-0.0027386534,-0.0035770868,-0.0013825794,0.007459659,-0.0027408812,0.010555837
TMEM182,-0.00091342634,-0.002195106,-0.0013761553,0.39414644,-0.0058202385,0.14103237,-0.0074867513,-0.003928487,0.36778557,-0.004890913,-0.0027487054,-0.003569166,-0.0013856097,0.006143961,-0.002726836,0.009951789
TMEM223,-0.00091342634,-0.002195106,-0.0013761553,0.39414644,-0.0058202385,0.14103237,-0.0074867513,-0.003928487,0.36778557,-0.004890913,-0.0027487054,-0.003569166,-0.0013856097,0.006143961,-0.002726836,0.009951789
TMEM225B,-0.00091342634,-0.002195106,-0.0013761553,0.39414644,-0.0058202385,0.14103237,-0.0074867513,-0.003928487,0.36778557,-0.004890913,-0.0027487054,-0.003569166,-0.0013856097,0.006143961,-0.002726836,0.009951789
TMEM238,-0.00091049826,-0.0022058145,-0.0013627874,0.39363855,-0.005806047,0.14219266,-0.0074937646,-0.00393507,0.36650893,-0.004880987,-0.0027573556,-0.003571102,-0.0013939275,0.0068475045,-0.0027215001,0.008486409
TMEM239,-0.00091378647,-0.0021970277,-0.0013782722,0.39412314,-0.005820528,0.14106952,-0.0074844663,-0.0039293924,0.36785668,-0.004888715,-0.0027467292,-0.0035714072,-0.0013842476,0.0061832257,-0.0027291193,0.009709898
TMEM245,-0.00091342634,-0.002195106,-0.0013761553,0.39414644,-0.0058202385,0.14103237,-0.0074867513,-0.003928487,0.36778557,-0.004890913,-0.0027487054,-0.003569166,-0.0013856097,0.006143961,-0.002726836,0.009951789
TMEM272,-5.6579036e-05,-0.00028068255,-0.0013211253,0.5283586,-0.0043613594,0.10326435,-0.005304129,-0.0023585195,0.32367596,-0.003354221,-0.002653861,-0.0035238382,-0.0006161558,-0.00013301474,-0.004195477,-0.0013739844
TMEM41B,-0.00091342634,-0.002195106,-0.0013761553,0.39414644,-0.0058202385,0.14103237,-0.0074867513,-0.003928487,0.36778557,-0.004890913,-0.0027487054,-0.003569166,-0.0013856097,0.006143961,-0.002726836,0.009951789
TMEM45B,-0.00091342634,-0.002195106,-0.0013761553,0.39414644,-0.0058202385,0.14103237,-0.0074867513,-0.003928487,0.36778557,-0.004890913,-0.0027487054,-0.003569166,-0.0013856097,0.006143961,-0.002726836,0.009951789
TMEM65,-0.00091342634,-0.002195106,-0.0013761553,0.39414644,-0.0058202385,0.14103237,-0.0074867513,-0.003928487,0.36778557,-0.004890913,-0.0027487054,-0.003569166,-0.0013856097,0.006143961,-0.002726836,0.009951789
TMEM67,-0.00091342634,-0.002195106,-0.0013761553,0.39414644,-0.0058202385,0.14103237,-0.0074867513,-0.003928487,0.36778557,-0.004890913,-0.0027487054,-0.003569166,-0.0013856097,0.006143961,-0.002726836,0.009951789
TMEM95,-0.00091342634,-0.002195106,-0.0013761553,0.39414644,-0.0058202385,0.14103237,-0.0074867513,-0.003928487,0.36778557,-0.004890913,-0.0027487054,-0.003569166,-0.0013856097,0.006143961,-0.002726836,0.009951789
TMEM98,-0.00091342634,-0.002195106,-0.0013761553,0.39414644,-0.0058202385,0.14103237,-0.0074867513,-0.003928487,0.36778557,-0.004890913,-0.0027487054,-0.003569166,-0.0013856097,0.006143961,-0.002726836,0.009951789
TMIGD2,-0.00091635366,-0.0021881687,-0.0013664626,0.39525148,-0.0058228243,0.14062434,-0.0074972115,-0.0039223186,0.3670534,-0.004881518,-0.0027597616,-0.0035587703,-0.0013818975,0.0076893307,-0.002721844,0.010411877
TMPRSS13,-0.00091342634,-0.002195106,-0.0013761553,0.39414644,-0.0058202385,0.14103237,-0.0074867513,-0.003928487,0.36778557,-0.004890913,-0.0027487054,-0.003569166,-0.0013856097,0.006143961,-0.002726836,0.009951789
TMUB1,-0.00091342634,-0.002195106,-0.0013761553,0.39414644,-0.0058202385,0.14103237,-0.0074867513,-0.003928487,0.36778557,-0.004890913,-0.0027487054,-0.003569166,-0.0013856097,0.006143961,-0.002726836,0.009951789
TNF,-0.0009114101,-0.002189941,-0.0013778271,0.39364886,-0.005819851,0.14098313,-0.0074878526,-0.003921317,0.3674783,-0.004897678,-0.002750793,-0.0035762459,-0.0013838566,0.0061594285,-0.0027323263,0.010082323
TNFAIP6,-5.6579036e-05,-0.00028068255,-0.0013211253,0.5283586,-0.0043613594,0.10326435,-0.005304129,-0.0023585195,0.32367596,-0.003354221,-0.002653861,-0.0035238382,-0.0006161558,-0.00013301474,-0.004195477,-0.0013739844
TNFRSF10D,-0.00091342634,-0.002195106,-0.0013761553,0.39414644,-0.0058202385,0.14103237,-0.0074867513,-0.003928487,0.36778557,-0.004890913,-0.0027487054,-0.003569166,-0.0013856097,0.006143961,-0.002726836,0.009951789
TNFRSF11A,-0.00091342634,-0.002195106,-0.0013761553,0.39414644,-0.0058202385,0.14103237,-0.0074867513,-0.003928487,0.36778557,-0.004890913,-0.0027487054,-0.003569166,-0.0013856097,0.006143961,-0.002726836,0.009951789
TNFRSF13C,-0.00091342634,-0.002195106,-0.0013761553,0.39414644,-0.0058202385,0.14103237,-0.0074867513,-0.003928487,0.36778557,-0.004890913,-0.0027487054,-0.003569166,-0.0013856097,0.006143961,-0.002726836,0.009951789
TNFRSF17,-0.00091342634,-0.002195106,-0.0013761553,0.39414644,-0.0058202385,0.14103237,-0.0074867513,-0.003928487,0.36778557,-0.004890913,-0.0027487054,-0.003569166,-0.0013856097,0.006143961,-0.002726836,0.009951789
TNFRSF18,-0.0009105576,-0.0021917277,-0.0013742306,0.39412886,-0.005822493,0.14149454,-0.007486565,-0.003924513,0.36772466,-0.004891471,-0.0027515104,-0.0035692083,-0.001383459,0.0062281825,-0.0027287782,0.009653378
TNFRSF25,-0.00091342634,-0.002195106,-0.0013761553,0.39414644,-0.0058202385,0.14103237,-0.0074867513,-0.003928487,0.36778557,-0.004890913,-0.0027487054,-0.003569166,-0.0013856097,0.006143961,-0.002726836,0.009951789
TNFRSF4,-0.00091342634,-0.002195106,-0.0013761553,0.39414644,-0.0058202385,0.14103237,-0.0074867513,-0.003928487,0.36778557,-0.004890913,-0.0027487054,-0.003569166,-0.0013856097,0.006143961,-0.002726836,0.009951789
TNIP3,-0.00091342634,-0.002195106,-0.0013761553,0.39414644,-0.0058202385,0.14103237,-0.0074867513,-0.003928487,0.36778557,-0.004890913,-0.0027487054,-0.003569166,-0.0013856097,0.006143961,-0.002726836,0.009951789
TNNC1,-0.00091342634,-0.002195106,-0.0013761553,0.39414644,-0.0058202385,0.14103237,-0.0074867513,-0.003928487,0.36778557,-0.004890913,-0.0027487054,-0.003569166,-0.0013856097,0.006143961,-0.002726836,0.009951789
TNXB,-0.00091276143,-0.0022047418,-0.001371651,0.3952939,-0.005808187,0.14232913,-0.0074750525,-0.0039420263,0.36733,-0.004885167,-0.0027369792,-0.0035663354,-0.0013890138,0.005412314,-0.0027191022,0.009295601
TOB1-AS1,-0.00091342634,-0.002195106,-0.0013761553,0.39414644,-0.0058202385,0.14103237,-0.0074867513,-0.003928487,0.36778557,-0.004890913,-0.0027487054,-0.003569166,-0.0013856097,0.006143961,-0.002726836,0.009951789
TOGARAM2,-0.00089599687,-0.0021817165,-0.0013640422,0.3956078,-0.005809909,0.14328994,-0.0074903523,-0.0039212154,0.36577544,-0.0048855417,-0.0027356779,-0.0035886306,-0.0013670613,0.0050398745,-0.0027420844,0.008148123
TP53I13,-0.00091342634,-0.002195106,-0.0013761553,0.39414644,-0.0058202385,0.14103237,-0.0074867513,-0.003928487,0.36778557,-0.004890913,-0.0027487054,-0.003569166,-0.0013856097,0.006143961,-0.002726836,0.009951789
TP53TG1,-0.00091342634,-0.002195106,-0.0013761553,0.39414644,-0.0058202385,0.14103237,-0.0074867513,-0.003928487,0.36778557,-0.004890913,-0.0027487054,-0.003569166,-0.0013856097,0.006143961,-0.002726836,0.009951789
TPD52,-0.00090771663,-0.002188174,-0.0013804153,0.39317083,-0.0058321594,0.14202403,-0.0074782907,-0.0039347513,0.36797678,-0.0048902864,-0.0027565043,-0.0035701704,-0.0013750436,0.005133096,-0.0027345177,0.008900557
TPST1,-0.00091064785,-0.0021949299,-0.0013710769,0.3942852,-0.0058323652,0.14223243,-0.007496241,-0.003909612,0.36855403,-0.004894957,-0.0027642986,-0.003559562,-0.0013899612,0.00550564,-0.0027209595,0.010754991
TPT1-AS1,-0.00091342634,-0.002195106,-0.0013761553,0.39414644,-0.0058202385,0.14103237,-0.0074867513,-0.003928487,0.36778557,-0.004890913,-0.0027487054,-0.003569166,-0.0013856097,0.006143961,-0.002726836,0.009951789
TRABD2A,-0.00091342634,-0.002195106,-0.0013761553,0.39414644,-0.0058202385,0.14103237,-0.0074867513,-0.003928487,0.36778557,-0.004890913,-0.0027487054,-0.003569166,-0.0013856097,0.006143961,-0.002726836,0.009951789
TRAF1,-0.00091342634,-0.002195106,-0.0013761553,0.39414644,-0.0058202385,0.14103237,-0.0074867513,-0.003928487,0.36778557,-0.004890913,-0.0027487054,-0.003569166,-0.0013856097,0.006143961,-0.002726836,0.009951789
TRAF5,-0.00091342634,-0.002195106,-0.0013761553,0.39414644,-0.0058202385,0.14103237,-0.0074867513,-0.003928487,0.36778557,-0.004890913,-0.0027487054,-0.003569166,-0.0013856097,0.006143961,-0.002726836,0.009951789
TRAJ14,-0.00091862923,-0.002184325,-0.0013677159,0.39408308,-0.005820053,0.14102049,-0.007497943,-0.003925711,0.3681443,-0.004899566,-0.0027374309,-0.0035677014,-0.001379017,0.0056503154,-0.0027175313,0.008917589
TRAJ33,-0.00091342634,-0.002195106,-0.0013761553,0.39414644,-0.0058202385,0.14103237,-0.0074867513,-0.003928487,0.36778557,-0.004890913,-0.0027487054,-0.003569166,-0.0013856097,0.006143961,-0.002726836,0.009951789
TRAJ44,-0.00091342634,-0.002195106,-0.0013761553,0.39414644,-0.0058202385,0.14103237,-0.0074867513,-0.003928487,0.36778557,-0.004890913,-0.0027487054,-0.003569166,-0.0013856097,0.006143961,-0.002726836,0.009951789
TRAJ48,-0.00091342634,-0.002195106,-0.0013761553,0.39414644,-0.0058202385,0.14103237,-0.0074867513,-0.003928487,0.36778557,-0.004890913,-0.0027487054,-0.003569166,-0.0013856097,0.006143961,-0.002726836,0.009951789
TRAK2,-0.00091342634,-0.002195106,-0.0013761553,0.39414644,-0.0058202385,0.14103237,-0.0074867513,-0.003928487,0.36778557,-0.004890913,-0.0027487054,-0.003569166,-0.0013856097,0.006143961,-0.002726836,0.009951789
TRANK1,-8.560076e-05,-0.0014242387,-0.0021895121,0.4376525,-0.0050953436,0.16704933,-0.007072227,-0.0036565338,0.39033255,-0.005482762,-0.002625306,-0.0033882612,-0.00043797973,-0.00040265324,-0.0020461916,-0.00060364936
TRAP1,-0.00091342634,-0.002195106,-0.0013761553,0.39414644,-0.0058202385,0.14103237,-0.0074867513,-0.003928487,0.36778557,-0.004890913,-0.0027487054,-0.003569166,-0.0013856097,0.006143961,-0.002726836,0.009951789
TRAT1,-0.00091342634,-0.002195106,-0.0013761553,0.39414644,-0.0058202385,0.14103237,-0.0074867513,-0.003928487,0.36778557,-0.004890913,-0.0027487054,-0.003569166,-0.0013856097,0.006143961,-0.002726836,0.009951789
TRAV1-2,-0.00091342634,-0.002195106,-0.0013761553,0.39414644,-0.0058202385,0.14103237,-0.0074867513,-0.003928487,0.36778557,-0.004890913,-0.0027487054,-0.003569166,-0.0013856097,0.006143961,-0.002726836,0.009951789
TRAV18,-0.00091342634,-0.002195106,-0.0013761553,0.39414644,-0.0058202385,0.14103237,-0.0074867513,-0.003928487,0.36778557,-0.004890913,-0.0027487054,-0.003569166,-0.0013856097,0.006143961,-0.002726836,0.009951789
TRAV19,-0.00091342634,-0.002195106,-0.0013761553,0.39414644,-0.0058202385,0.14103237,-0.0074867513,-0.003928487,0.36778557,-0.004890913,-0.0027487054,-0.003569166,-0.0013856097,0.006143961,-0.002726836,0.009951789
TRAV22,-0.00091342634,-0.002195106,-0.0013761553,0.39414644,-0.0058202385,0.14103237,-0.0074867513,-0.003928487,0.36778557,-0.004890913,-0.0027487054,-0.003569166,-0.0013856097,0.006143961,-0.002726836,0.009951789
TRAV25,-0.00089599687,-0.0021817165,-0.0013640422,0.3956078,-0.005809909,0.14328994,-0.0074903523,-0.0039212154,0.36577544,-0.0048855417,-0.0027356779,-0.0035886306,-0.0013670613,0.0050398745,-0.0027420844,0.008148123
TRAV26-1,-0.00092998554,-0.002172383,-0.001389501,0.39567527,-0.005840851,0.14390853,-0.0075026094,-0.003908515,0.36980015,-0.004915215,-0.0027775299,-0.0035644243,-0.0013816863,0.0047327913,-0.002738611,0.009147663
TRAV6,-0.00091342634,-0.002195106,-0.0013761553,0.39414644,-0.0058202385,0.14103237,-0.0074867513,-0.003928487,0.36778557,-0.004890913,-0.0027487054,-0.003569166,-0.0013856097,0.006143961,-0.002726836,0.009951789
TRAV8-2,-0.00091342634,-0.002195106,-0.0013761553,0.39414644,-0.0058202385,0.14103237,-0.0074867513,-0.003928487,0.36778557,-0.004890913,-0.0027487054,-0.003569166,-0.0013856097,0.006143961,-0.002726836,0.009951789
TRAV8-6,-0.00092175114,-0.0021947843,-0.0013837354,0.3932873,-0.0058269226,0.1408555,-0.007479291,-0.0039353026,0.36891723,-0.0048954575,-0.0027480249,-0.003571731,-0.0013917967,0.007374119,-0.0027148186,0.010953164
TRAV9-2,-0.00091342634,-0.002195106,-0.0013761553,0.39414644,-0.0058202385,0.14103237,-0.0074867513,-0.003928487,0.36778557,-0.004890913,-0.0027487054,-0.003569166,-0.0013856097,0.006143961,-0.002726836,0.009951789
TRBJ1-4,-0.00091342634,-0.002195106,-0.0013761553,0.39414644,-0.0058202385,0.14103237,-0.0074867513,-0.003928487,0.36778557,-0.004890913,-0.0027487054,-0.003569166,-0.0013856097,0.006143961,-0.002726836,0.009951789
TRBV11-3,-0.00091342634,-0.002195106,-0.0013761553,0.39414644,-0.0058202385,0.14103237,-0.0074867513,-0.003928487,0.36778557,-0.004890913,-0.0027487054,-0.003569166,-0.0013856097,0.006143961,-0.002726836,0.009951789
TRBV13,-0.00090771663,-0.002188174,-0.0013804153,0.39317083,-0.0058321594,0.14202403,-0.0074782907,-0.0039347513,0.36797678,-0.0048902864,-0.0027565043,-0.0035701704,-0.0013750436,0.005133096,-0.0027345177,0.008900557
TRBV21-1,-0.0009105464,-0.0021951324,-0.0013739556,0.39374536,-0.005819498,0.14079864,-0.0074908393,-0.0039298534,0.36747813,-0.0048883236,-0.0027526265,-0.003569026,-0.0013886556,0.0061175562,-0.0027294396,0.009530757
TRBV23-1,-0.00091342634,-0.002195106,-0.0013761553,0.39414644,-0.0058202385,0.14103237,-0.0074867513,-0.003928487,0.36778557,-0.004890913,-0.0027487054,-0.003569166,-0.0013856097,0.006143961,-0.002726836,0.009951789
TRDC,-0.0009098672,-0.00219161,-0.0013707265,0.39382136,-0.005827534,0.14246072,-0.0074932175,-0.003914781,0.3680889,-0.0048958748,-0.0027619717,-0.003560803,-0.0013885718,0.005742822,-0.0027221176,0.010556448
TRDJ1,-0.00091342634,-0.002195106,-0.0013761553,0.39414644,-0.0058202385,0.14103237,-0.0074867513,-0.003928487,0.36778557,-0.004890913,-0.0027487054,-0.003569166,-0.0013856097,0.006143961,-0.002726836,0.009951789
TRDV1,-0.00091342634,-0.002195106,-0.0013761553,0.39414644,-0.0058202385,0.14103237,-0.0074867513,-0.003928487,0.36778557,-0.004890913,-0.0027487054,-0.003569166,-0.0013856097,0.006143961,-0.002726836,0.009951789
TRDV2,-0.00091342634,-0.002195106,-0.0013761553,0.39414644,-0.0058202385,0.14103237,-0.0074867513,-0.003928487,0.36778557,-0.004890913,-0.0027487054,-0.003569166,-0.0013856097,0.006143961,-0.002726836,0.009951789
TRGC1,-0.00091342634,-0.002195106,-0.0013761553,0.39414644,-0.0058202385,0.14103237,-0.0074867513,-0.003928487,0.36778557,-0.004890913,-0.0027487054,-0.003569166,-0.0013856097,0.006143961,-0.002726836,0.009951789
TRGC2,-0.00091342634,-0.002195106,-0.0013761553,0.39414644,-0.0058202385,0.14103237,-0.0074867513,-0.003928487,0.36778557,-0.004890913,-0.0027487054,-0.003569166,-0.0013856097,0.006143961,-0.002726836,0.009951789
TRGJP1,-0.00091342634,-0.002195106,-0.0013761553,0.39414644,-0.0058202385,0.14103237,-0.0074867513,-0.003928487,0.36778557,-0.004890913,-0.0027487054,-0.003569166,-0.0013856097,0.006143961,-0.002726836,0.009951789
TRGV10,-0.00091342634,-0.002195106,-0.0013761553,0.39414644,-0.0058202385,0.14103237,-0.0074867513,-0.003928487,0.36778557,-0.004890913,-0.0027487054,-0.003569166,-0.0013856097,0.006143961,-0.002726836,0.009951789
TRGV2,-0.00091342634,-0.002195106,-0.0013761553,0.39414644,-0.0058202385,0.14103237,-0.0074867513,-0.003928487,0.36778557,-0.004890913,-0.0027487054,-0.003569166,-0.0013856097,0.006143961,-0.002726836,0.009951789
TRGV8,-0.00091276143,-0.0022047418,-0.001371651,0.3952939,-0.005808187,0.14232913,-0.0074750525,-0.0039420263,0.36733,-0.004885167,-0.0027369792,-0.0035663354,-0.0013890138,0.005412314,-0.0027191022,0.009295601
TRGV9,-0.00091342634,-0.002195106,-0.0013761553,0.39414644,-0.0058202385,0.14103237,-0.0074867513,-0.003928487,0.36778557,-0.004890913,-0.0027487054,-0.003569166,-0.0013856097,0.006143961,-0.002726836,0.009951789
TRIM14,-0.00091342634,-0.002195106,-0.0013761553,0.39414644,-0.0058202385,0.14103237,-0.0074867513,-0.003928487,0.36778557,-0.004890913,-0.0027487054,-0.003569166,-0.0013856097,0.006143961,-0.002726836,0.009951789
TRIM23,-0.00091049826,-0.0022058145,-0.0013627874,0.39363855,-0.005806047,0.14219266,-0.0074937646,-0.00393507,0.36650893,-0.004880987,-0.0027573556,-0.003571102,-0.0013939275,0.0068475045,-0.0027215001,0.008486409
TRIM69,-0.00091342634,-0.002195106,-0.0013761553,0.39414644,-0.0058202385,0.14103237,-0.0074867513,-0.003928487,0.36778557,-0.004890913,-0.0027487054,-0.003569166,-0.0013856097,0.006143961,-0.002726836,0.009951789
TRIP11,-0.00091342634,-0.002195106,-0.0013761553,0.39414644,-0.0058202385,0.14103237,-0.0074867513,-0.003928487,0.36778557,-0.004890913,-0.0027487054,-0.003569166,-0.0013856097,0.006143961,-0.002726836,0.009951789
TRMT11,-0.00090494147,-0.0021810564,-0.0013628217,0.3937474,-0.005822625,0.14141405,-0.007496064,-0.0039327177,0.3664615,-0.004875812,-0.0027395668,-0.0035782703,-0.0013842509,0.0077590533,-0.0027411687,0.010996295
TRMT13,-0.00091342634,-0.002195106,-0.0013761553,0.39414644,-0.0058202385,0.14103237,-0.0074867513,-0.003928487,0.36778557,-0.004890913,-0.0027487054,-0.003569166,-0.0013856097,0.006143961,-0.002726836,0.009951789
TRNAU1AP,-0.00091342634,-0.002195106,-0.0013761553,0.39414644,-0.0058202385,0.14103237,-0.0074867513,-0.003928487,0.36778557,-0.004890913,-0.0027487054,-0.003569166,-0.0013856097,0.006143961,-0.002726836,0.009951789
TRO,-0.00091342634,-0.002195106,-0.0013761553,0.39414644,-0.0058202385,0.14103237,-0.0074867513,-0.003928487,0.36778557,-0.004890913,-0.0027487054,-0.003569166,-0.0013856097,0.006143961,-0.002726836,0.009951789
TRPC1,-0.00091342634,-0.002195106,-0.0013761553,0.39414644,-0.0058202385,0.14103237,-0.0074867513,-0.003928487,0.36778557,-0.004890913,-0.0027487054,-0.003569166,-0.0013856097,0.006143961,-0.002726836,0.009951789
TRPM6,-0.00091342634,-0.002195106,-0.0013761553,0.39414644,-0.0058202385,0.14103237,-0.0074867513,-0.003928487,0.36778557,-0.004890913,-0.0027487054,-0.003569166,-0.0013856097,0.006143961,-0.002726836,0.009951789
TSACC,-0.00091342634,-0.002195106,-0.0013761553,0.39414644,-0.0058202385,0.14103237,-0.0074867513,-0.003928487,0.36778557,-0.004890913,-0.0027487054,-0.003569166,-0.0013856097,0.006143961,-0.002726836,0.009951789
TSC22D1-AS1,-0.00091342634,-0.002195106,-0.0013761553,0.39414644,-0.0058202385,0.14103237,-0.0074867513,-0.003928487,0.36778557,-0.004890913,-0.0027487054,-0.003569166,-0.0013856097,0.006143961,-0.002726836,0.009951789
TSEN54,-0.00091342634,-0.002195106,-0.0013761553,0.39414644,-0.0058202385,0.14103237,-0.0074867513,-0.003928487,0.36778557,-0.004890913,-0.0027487054,-0.003569166,-0.0013856097,0.006143961,-0.002726836,0.009951789
TSGA10,-0.00091342634,-0.002195106,-0.0013761553,0.39414644,-0.0058202385,0.14103237,-0.0074867513,-0.003928487,0.36778557,-0.004890913,-0.0027487054,-0.003569166,-0.0013856097,0.006143961,-0.002726836,0.009951789
TSHZ2,-0.00091342634,-0.002195106,-0.0013761553,0.39414644,-0.0058202385,0.14103237,-0.0074867513,-0.003928487,0.36778557,-0.004890913,-0.0027487054,-0.003569166,-0.0013856097,0.006143961,-0.002726836,0.009951789
TSPAN18,-0.00091862923,-0.002184325,-0.0013677159,0.39408308,-0.005820053,0.14102049,-0.007497943,-0.003925711,0.3681443,-0.004899566,-0.0027374309,-0.0035677014,-0.001379017,0.0056503154,-0.0027175313,0.008917589
TSPOAP1,-0.00091342634,-0.002195106,-0.0013761553,0.39414644,-0.0058202385,0.14103237,-0.0074867513,-0.003928487,0.36778557,-0.004890913,-0.0027487054,-0.003569166,-0.0013856097,0.006143961,-0.002726836,0.009951789
TSPOAP1-AS1,-0.0009082048,-0.002194612,-0.0013696823,0.39287388,-0.005827985,0.1409599,-0.007477914,-0.003933105,0.3667086,-0.0049039084,-0.0027468388,-0.0035757017,-0.0013801361,0.006160978,-0.0027209988,0.01049595
TSPYL2,-0.00091276143,-0.0022047418,-0.001371651,0.3952939,-0.005808187,0.14232913,-0.0074750525,-0.0039420263,0.36733,-0.004885167,-0.0027369792,-0.0035663354,-0.0013890138,0.005412314,-0.0027191022,0.009295601
TSTD1,-0.00091342634,-0.002195106,-0.0013761553,0.39414644,-0.0058202385,0.14103237,-0.0074867513,-0.003928487,0.36778557,-0.004890913,-0.0027487054,-0.003569166,-0.0013856097,0.006143961,-0.002726836,0.009951789
TTC16,-0.00091342634,-0.002195106,-0.0013761553,0.39414644,-0.0058202385,0.14103237,-0.0074867513,-0.003928487,0.36778557,-0.004890913,-0.0027487054,-0.003569166,-0.0013856097,0.006143961,-0.002726836,0.009951789
TTC27,-0.00091342634,-0.002195106,-0.0013761553,0.39414644,-0.0058202385,0.14103237,-0.0074867513,-0.003928487,0.36778557,-0.004890913,-0.0027487054,-0.003569166,-0.0013856097,0.006143961,-0.002726836,0.009951789
TTC28,-0.00091342634,-0.002195106,-0.0013761553,0.39414644,-0.0058202385,0.14103237,-0.0074867513,-0.003928487,0.36778557,-0.004890913,-0.0027487054,-0.003569166,-0.0013856097,0.006143961,-0.002726836,0.009951789
TTC28-AS1,-0.0009136853,-0.0021948314,-0.0013763853,0.3941154,-0.005820094,0.14105439,-0.0074868766,-0.003928391,0.36780918,-0.0048911218,-0.0027486496,-0.0035693129,-0.0013854988,0.00616619,-0.0027270096,0.009973925
TTC38,-0.00091342634,-0.002195106,-0.0013761553,0.39414644,-0.0058202385,0.14103237,-0.0074867513,-0.003928487,0.36778557,-0.004890913,-0.0027487054,-0.003569166,-0.0013856097,0.006143961,-0.002726836,0.009951789
TTC39B,-0.00091342634,-0.002195106,-0.0013761553,0.39414644,-0.0058202385,0.14103237,-0.0074867513,-0.003928487,0.36778557,-0.004890913,-0.0027487054,-0.003569166,-0.0013856097,0.006143961,-0.002726836,0.009951789
TTF1,-0.000914207,-0.0021984258,-0.0013765057,0.39461032,-0.0058250693,0.14080408,-0.0074897753,-0.0039233183,0.3682507,-0.0048899953,-0.0027510324,-0.003567925,-0.0013869992,0.0059067793,-0.0027256778,0.010150332
TTLL6,-0.0009105464,-0.0021951324,-0.0013739556,0.39374536,-0.005819498,0.14079864,-0.0074908393,-0.0039298534,0.36747813,-0.0048883236,-0.0027526265,-0.003569026,-0.0013886556,0.0061175562,-0.0027294396,0.009530757
TTR,-0.00091342634,-0.002195106,-0.0013761553,0.39414644,-0.0058202385,0.14103237,-0.0074867513,-0.003928487,0.36778557,-0.004890913,-0.0027487054,-0.003569166,-0.0013856097,0.006143961,-0.002726836,0.009951789
TUBA1C,-0.00091342634,-0.002195106,-0.0013761553,0.39414644,-0.0058202385,0.14103237,-0.0074867513,-0.003928487,0.36778557,-0.004890913,-0.0027487054,-0.003569166,-0.0013856097,0.006143961,-0.002726836,0.009951789
TUBA4B,-0.00091342634,-0.002195106,-0.0013761553,0.39414644,-0.0058202385,0.14103237,-0.0074867513,-0.003928487,0.36778557,-0.004890913,-0.0027487054,-0.003569166,-0.0013856097,0.006143961,-0.002726836,0.009951789
TUBD1,-0.00091342634,-0.002195106,-0.0013761553,0.39414644,-0.0058202385,0.14103237,-0.0074867513,-0.003928487,0.36778557,-0.004890913,-0.0027487054,-0.003569166,-0.0013856097,0.006143961,-0.002726836,0.009951789
TUBGCP5,-0.00091342634,-0.002195106,-0.0013761553,0.39414644,-0.0058202385,0.14103237,-0.0074867513,-0.003928487,0.36778557,-0.004890913,-0.0027487054,-0.003569166,-0.0013856097,0.006143961,-0.002726836,0.009951789
TUBGCP6,-0.00091342634,-0.002195106,-0.0013761553,0.39414644,-0.0058202385,0.14103237,-0.0074867513,-0.003928487,0.36778557,-0.004890913,-0.0027487054,-0.003569166,-0.0013856097,0.006143961,-0.002726836,0.009951789
TXK,-0.00091342634,-0.002195106,-0.0013761553,0.39414644,-0.0058202385,0.14103237,-0.0074867513,-0.003928487,0.36778557,-0.004890913,-0.0027487054,-0.003569166,-0.0013856097,0.006143961,-0.002726836,0.009951789
UBAP2,-0.00085921306,-0.0028514194,-0.0010761732,0.37998796,-0.0050867763,0.08471882,-0.008042119,-0.003351063,0.31982675,-0.0051620514,-0.0025768164,-0.003328623,-0.0006605238,0.09671359,-0.0028322886,0.009930063
UBASH3A,-0.00091342634,-0.002195106,-0.0013761553,0.39414644,-0.0058202385,0.14103237,-0.0074867513,-0.003928487,0.36778557,-0.004890913,-0.0027487054,-0.003569166,-0.0013856097,0.006143961,-0.002726836,0.009951789
UBE2C,-0.00071925693,-0.0018456789,-0.0014616052,0.36821127,-0.0061785923,0.13799013,-0.00787604,-0.0034936117,0.39128733,-0.0046653086,-0.0027227357,-0.0037831508,-0.0014476858,0.006141443,-0.002794148,0.018656304
UBE2D3-AS1,-0.00071925693,-0.0018456789,-0.0014616052,0.36821127,-0.0061785923,0.13799013,-0.00787604,-0.0034936117,0.39128733,-0.0046653086,-0.0027227357,-0.0037831508,-0.0014476858,0.006141443,-0.002794148,0.018656304
UBE3D,-0.00091342634,-0.002195106,-0.0013761553,0.39414644,-0.0058202385,0.14103237,-0.0074867513,-0.003928487,0.36778557,-0.004890913,-0.0027487054,-0.003569166,-0.0013856097,0.006143961,-0.002726836,0.009951789
UBTF,-0.00091342634,-0.002195106,-0.0013761553,0.39414644,-0.0058202385,0.14103237,-0.0074867513,-0.003928487,0.36778557,-0.004890913,-0.0027487054,-0.003569166,-0.0013856097,0.006143961,-0.002726836,0.009951789
UBXN2A,-0.00091342634,-0.002195106,-0.0013761553,0.39414644,-0.0058202385,0.14103237,-0.0074867513,-0.003928487,0.36778557,-0.004890913,-0.0027487054,-0.003569166,-0.0013856097,0.006143961,-0.002726836,0.009951789
UCKL1,-0.00091342634,-0.002195106,-0.0013761553,0.39414644,-0.0058202385,0.14103237,-0.0074867513,-0.003928487,0.36778557,-0.004890913,-0.0027487054,-0.003569166,-0.0013856097,0.006143961,-0.002726836,0.009951789
UCN,-0.00091342634,-0.002195106,-0.0013761553,0.39414644,-0.0058202385,0.14103237,-0.0074867513,-0.003928487,0.36778557,-0.004890913,-0.0027487054,-0.003569166,-0.0013856097,0.006143961,-0.002726836,0.009951789
UCN2,-0.00091342634,-0.002195106,-0.0013761553,0.39414644,-0.0058202385,0.14103237,-0.0074867513,-0.003928487,0.36778557,-0.004890913,-0.0027487054,-0.003569166,-0.0013856097,0.006143961,-0.002726836,0.009951789
UCP1,-0.00091342634,-0.002195106,-0.0013761553,0.39414644,-0.0058202385,0.14103237,-0.0074867513,-0.003928487,0.36778557,-0.004890913,-0.0027487054,-0.003569166,-0.0013856097,0.006143961,-0.002726836,0.009951789
UFL1-AS1,-0.00085921306,-0.0028514194,-0.0010761732,0.37998796,-0.0050867763,0.08471882,-0.008042119,-0.003351063,0.31982675,-0.0051620514,-0.0025768164,-0.003328623,-0.0006605238,0.09671359,-0.0028322886,0.009930063
ULBP1,-0.00088990096,-0.0016303355,-0.0012965231,0.40575373,-0.0038952865,0.15146111,-0.00510286,-0.006077687,0.1332844,-0.0030100376,-0.00068197056,-0.002717577,-6.387189e-05,0.16581057,-0.0036675644,0.06364943
ULBP2,-0.00091342634,-0.002195106,-0.0013761553,0.39414644,-0.0058202385,0.14103237,-0.0074867513,-0.003928487,0.36778557,-0.004890913,-0.0027487054,-0.003569166,-0.0013856097,0.006143961,-0.002726836,0.009951789
ULK3,-0.00091342634,-0.002195106,-0.0013761553,0.39414644,-0.0058202385,0.14103237,-0.0074867513,-0.003928487,0.36778557,-0.004890913,-0.0027487054,-0.003569166,-0.0013856097,0.006143961,-0.002726836,0.009951789
ULK4,-0.00091342634,-0.002195106,-0.0013761553,0.39414644,-0.0058202385,0.14103237,-0.0074867513,-0.003928487,0.36778557,-0.004890913,-0.0027487054,-0.003569166,-0.0013856097,0.006143961,-0.002726836,0.009951789
UNC13A,-0.00091342634,-0.002195106,-0.0013761553,0.39414644,-0.0058202385,0.14103237,-0.0074867513,-0.003928487,0.36778557,-0.004890913,-0.0027487054,-0.003569166,-0.0013856097,0.006143961,-0.002726836,0.009951789
UNC5B-AS1,-0.00091342634,-0.002195106,-0.0013761553,0.39414644,-0.0058202385,0.14103237,-0.0074867513,-0.003928487,0.36778557,-0.004890913,-0.0027487054,-0.003569166,-0.0013856097,0.006143961,-0.002726836,0.009951789
UNKL,-0.00091342634,-0.002195106,-0.0013761553,0.39414644,-0.0058202385,0.14103237,-0.0074867513,-0.003928487,0.36778557,-0.004890913,-0.0027487054,-0.003569166,-0.0013856097,0.006143961,-0.002726836,0.009951789
UPK2,-0.0009134078,-0.002183831,-0.0013612428,0.39281052,-0.0058277994,0.14094803,-0.007489105,-0.0039303284,0.36706734,-0.0049125603,-0.0027355647,-0.0035742377,-0.0013735435,0.0056673326,-0.0027116942,0.009461749
UPP2,-0.00091342634,-0.002195106,-0.0013761553,0.39414644,-0.0058202385,0.14103237,-0.0074867513,-0.003928487,0.36778557,-0.004890913,-0.0027487054,-0.003569166,-0.0013856097,0.006143961,-0.002726836,0.009951789
URGCP,-0.00091342634,-0.002195106,-0.0013761553,0.39414644,-0.0058202385,0.14103237,-0.0074867513,-0.003928487,0.36778557,-0.004890913,-0.0027487054,-0.003569166,-0.0013856097,0.006143961,-0.002726836,0.009951789
USH1G,-0.00091342634,-0.002195106,-0.0013761553,0.39414644,-0.0058202385,0.14103237,-0.0074867513,-0.003928487,0.36778557,-0.004890913,-0.0027487054,-0.003569166,-0.0013856097,0.006143961,-0.002726836,0.009951789
USP11,-0.0009114101,-0.002189941,-0.0013778271,0.39364886,-0.005819851,0.14098313,-0.0074878526,-0.003921317,0.3674783,-0.004897678,-0.002750793,-0.0035762459,-0.0013838566,0.0061594285,-0.0027323263,0.010082323
USP2-AS1,-0.00091819797,-0.0021889585,-0.0013668583,0.39434472,-0.005821185,0.14086138,-0.0074942205,-0.0039296374,0.36836207,-0.0048930002,-0.0027494691,-0.0035737788,-0.0013920319,0.0061419643,-0.0027187946,0.009251136
USP20,-0.00071925693,-0.0018456789,-0.0014616052,0.36821127,-0.0061785923,0.13799013,-0.00787604,-0.0034936117,0.39128733,-0.0046653086,-0.0027227357,-0.0037831508,-0.0014476858,0.006141443,-0.002794148,0.018656304
USP28,-0.00091342634,-0.002195106,-0.0013761553,0.39414644,-0.0058202385,0.14103237,-0.0074867513,-0.003928487,0.36778557,-0.004890913,-0.0027487054,-0.003569166,-0.0013856097,0.006143961,-0.002726836,0.009951789
USP44,-0.00091342634,-0.002195106,-0.0013761553,0.39414644,-0.0058202385,0.14103237,-0.0074867513,-0.003928487,0.36778557,-0.004890913,-0.0027487054,-0.003569166,-0.0013856097,0.006143961,-0.002726836,0.009951789
USP45,-0.00091342634,-0.002195106,-0.0013761553,0.39414644,-0.0058202385,0.14103237,-0.0074867513,-0.003928487,0.36778557,-0.004890913,-0.0027487054,-0.003569166,-0.0013856097,0.006143961,-0.002726836,0.009951789
USP53,-0.00091342634,-0.002195106,-0.0013761553,0.39414644,-0.0058202385,0.14103237,-0.0074867513,-0.003928487,0.36778557,-0.004890913,-0.0027487054,-0.003569166,-0.0013856097,0.006143961,-0.002726836,0.009951789
UST,-0.00091342634,-0.002195106,-0.0013761553,0.39414644,-0.0058202385,0.14103237,-0.0074867513,-0.003928487,0.36778557,-0.004890913,-0.0027487054,-0.003569166,-0.0013856097,0.006143961,-0.002726836,0.009951789
VAMP1,-0.00091342634,-0.002195106,-0.0013761553,0.39414644,-0.0058202385,0.14103237,-0.0074867513,-0.003928487,0.36778557,-0.004890913,-0.0027487054,-0.003569166,-0.0013856097,0.006143961,-0.002726836,0.009951789
VANGL2,-0.00091342634,-0.002195106,-0.0013761553,0.39414644,-0.0058202385,0.14103237,-0.0074867513,-0.003928487,0.36778557,-0.004890913,-0.0027487054,-0.003569166,-0.0013856097,0.006143961,-0.002726836,0.009951789
VCAN,-0.00091342634,-0.002195106,-0.0013761553,0.39414644,-0.0058202385,0.14103237,-0.0074867513,-0.003928487,0.36778557,-0.004890913,-0.0027487054,-0.003569166,-0.0013856097,0.006143961,-0.002726836,0.009951789
VEGFC,-0.00091342634,-0.002195106,-0.0013761553,0.39414644,-0.0058202385,0.14103237,-0.0074867513,-0.003928487,0.36778557,-0.004890913,-0.0027487054,-0.003569166,-0.0013856097,0.006143961,-0.002726836,0.009951789
VGLL3,-0.00091342634,-0.002195106,-0.0013761553,0.39414644,-0.0058202385,0.14103237,-0.0074867513,-0.003928487,0.36778557,-0.004890913,-0.0027487054,-0.003569166,-0.0013856097,0.006143961,-0.002726836,0.009951789
VIPR2,-0.00091342634,-0.002195106,-0.0013761553,0.39414644,-0.0058202385,0.14103237,-0.0074867513,-0.003928487,0.36778557,-0.004890913,-0.0027487054,-0.003569166,-0.0013856097,0.006143961,-0.002726836,0.009951789
VPS13A-AS1,-0.00091342634,-0.002195106,-0.0013761553,0.39414644,-0.0058202385,0.14103237,-0.0074867513,-0.003928487,0.36778557,-0.004890913,-0.0027487054,-0.003569166,-0.0013856097,0.006143961,-0.002726836,0.009951789
VPS33B-DT,-0.00091342634,-0.002195106,-0.0013761553,0.39414644,-0.0058202385,0.14103237,-0.0074867513,-0.003928487,0.36778557,-0.004890913,-0.0027487054,-0.003569166,-0.0013856097,0.006143961,-0.002726836,0.009951789
VXN,-0.00091342634,-0.002195106,-0.0013761553,0.39414644,-0.0058202385,0.14103237,-0.0074867513,-0.003928487,0.36778557,-0.004890913,-0.0027487054,-0.003569166,-0.0013856097,0.006143961,-0.002726836,0.009951789
WAKMAR2,-0.00091342634,-0.002195106,-0.0013761553,0.39414644,-0.0058202385,0.14103237,-0.0074867513,-0.003928487,0.36778557,-0.004890913,-0.0027487054,-0.003569166,-0.0013856097,0.006143961,-0.002726836,0.009951789
WARS2-AS1,-0.00091342634,-0.002195106,-0.0013761553,0.39414644,-0.0058202385,0.14103237,-0.0074867513,-0.003928487,0.36778557,-0.004890913,-0.0027487054,-0.003569166,-0.0013856097,0.006143961,-0.002726836,0.009951789
WASF3,-0.00091342634,-0.002195106,-0.0013761553,0.39414644,-0.0058202385,0.14103237,-0.0074867513,-0.003928487,0.36778557,-0.004890913,-0.0027487054,-0.003569166,-0.0013856097,0.006143961,-0.002726836,0.009951789
WDR12,-0.0009083604,-0.002190757,-0.0013776293,0.394368,-0.005814905,0.14094813,-0.007490289,-0.0039329003,0.36830753,-0.00489255,-0.0027420842,-0.0035757893,-0.0013899484,0.0055775978,-0.0027264,0.009774033
WDR27,-0.00091342634,-0.002195106,-0.0013761553,0.39414644,-0.0058202385,0.14103237,-0.0074867513,-0.003928487,0.36778557,-0.004890913,-0.0027487054,-0.003569166,-0.0013856097,0.006143961,-0.002726836,0.009951789
WDR44,-0.00091342634,-0.002195106,-0.0013761553,0.39414644,-0.0058202385,0.14103237,-0.0074867513,-0.003928487,0.36778557,-0.004890913,-0.0027487054,-0.003569166,-0.0013856097,0.006143961,-0.002726836,0.009951789
WDR54,-0.00091342634,-0.002195106,-0.0013761553,0.39414644,-0.0058202385,0.14103237,-0.0074867513,-0.003928487,0.36778557,-0.004890913,-0.0027487054,-0.003569166,-0.0013856097,0.006143961,-0.002726836,0.009951789
WDR74,-0.00091342634,-0.002195106,-0.0013761553,0.39414644,-0.0058202385,0.14103237,-0.0074867513,-0.003928487,0.36778557,-0.004890913,-0.0027487054,-0.003569166,-0.0013856097,0.006143961,-0.002726836,0.009951789
WDR76,-0.00091342634,-0.002195106,-0.0013761553,0.39414644,-0.0058202385,0.14103237,-0.0074867513,-0.003928487,0.36778557,-0.004890913,-0.0027487054,-0.003569166,-0.0013856097,0.006143961,-0.002726836,0.009951789
WDR86,-0.00091342634,-0.002195106,-0.0013761553,0.39414644,-0.0058202385,0.14103237,-0.0074867513,-0.003928487,0.36778557,-0.004890913,-0.0027487054,-0.003569166,-0.0013856097,0.006143961,-0.002726836,0.009951789
WEE2-AS1,-0.000914207,-0.0021984258,-0.0013765057,0.39461032,-0.0058250693,0.14080408,-0.0074897753,-0.0039233183,0.3682507,-0.0048899953,-0.0027510324,-0.003567925,-0.0013869992,0.0059067793,-0.0027256778,0.010150332
WFDC3,-0.00091342634,-0.002195106,-0.0013761553,0.39414644,-0.0058202385,0.14103237,-0.0074867513,-0.003928487,0.36778557,-0.004890913,-0.0027487054,-0.003569166,-0.0013856097,0.006143961,-0.002726836,0.009951789
WIF1,-0.00088990096,-0.0016303355,-0.0012965231,0.40575373,-0.0038952865,0.15146111,-0.00510286,-0.006077687,0.1332844,-0.0030100376,-0.00068197056,-0.002717577,-6.387189e-05,0.16581057,-0.0036675644,0.06364943
WNT10B,-0.0009105576,-0.0021917277,-0.0013742306,0.39412886,-0.005822493,0.14149454,-0.007486565,-0.003924513,0.36772466,-0.004891471,-0.0027515104,-0.0035692083,-0.001383459,0.0062281825,-0.0027287782,0.009653378
WNT11,-0.00091342634,-0.002195106,-0.0013761553,0.39414644,-0.0058202385,0.14103237,-0.0074867513,-0.003928487,0.36778557,-0.004890913,-0.0027487054,-0.003569166,-0.0013856097,0.006143961,-0.002726836,0.009951789
WNT3A,-0.00091342634,-0.002195106,-0.0013761553,0.39414644,-0.0058202385,0.14103237,-0.0074867513,-0.003928487,0.36778557,-0.004890913,-0.0027487054,-0.003569166,-0.0013856097,0.006143961,-0.002726836,0.009951789
WRN,-0.00091342634,-0.002195106,-0.0013761553,0.39414644,-0.0058202385,0.14103237,-0.0074867513,-0.003928487,0.36778557,-0.004890913,-0.0027487054,-0.003569166,-0.0013856097,0.006143961,-0.002726836,0.009951789
WWC2-AS2,-0.00091342634,-0.002195106,-0.0013761553,0.39414644,-0.0058202385,0.14103237,-0.0074867513,-0.003928487,0.36778557,-0.004890913,-0.0027487054,-0.003569166,-0.0013856097,0.006143961,-0.002726836,0.009951789
XCL1,-0.0023729303,-0.003422901,0.020272553,0.21368319,-0.004244879,0.13477245,-0.0059964526,-0.0022090098,0.2692378,-0.0042093843,-0.0045897705,-0.0017857387,-0.0032940859,0.10665566,-0.0036105216,0.17494681
XCL2,-0.00091342634,-0.002195106,-0.0013761553,0.39414644,-0.0058202385,0.14103237,-0.0074867513,-0.003928487,0.36778557,-0.004890913,-0.0027487054,-0.003569166,-0.0013856097,0.006143961,-0.002726836,0.009951789
XKR5,-0.00052328996,-0.0010991602,-0.0014532121,0.3896529,-0.0049510775,0.2768363,-0.006663551,-0.004569789,0.30075613,-0.004587742,-0.0007531705,-0.0043650023,-0.002220925,-0.0014734184,-0.0005324623,0.0404397
XKR6,-0.00091342634,-0.002195106,-0.0013761553,0.39414644,-0.0058202385,0.14103237,-0.0074867513,-0.003928487,0.36778557,-0.004890913,-0.0027487054,-0.003569166,-0.0013856097,0.006143961,-0.002726836,0.009951789
XRCC2,-0.00091342634,-0.002195106,-0.0013761553,0.39414644,-0.0058202385,0.14103237,-0.0074867513,-0.003928487,0.36778557,-0.004890913,-0.0027487054,-0.003569166,-0.0013856097,0.006143961,-0.002726836,0.009951789
XRRA1,-0.00091342634,-0.002195106,-0.0013761553,0.39414644,-0.0058202385,0.14103237,-0.0074867513,-0.003928487,0.36778557,-0.004890913,-0.0027487054,-0.003569166,-0.0013856097,0.006143961,-0.002726836,0.009951789
YES1,-0.0009335447,-0.0021758785,-0.0013949298,0.3960004,-0.0058335555,0.14248018,-0.007496143,-0.003922221,0.36949682,-0.004910254,-0.0027642637,-0.0035727876,-0.0013787244,0.0051339306,-0.0027433294,0.008543003
YPEL1,-0.0009098672,-0.00219161,-0.0013707265,0.39382136,-0.005827534,0.14246072,-0.0074932175,-0.003914781,0.3680889,-0.0048958748,-0.0027619717,-0.003560803,-0.0013885718,0.005742822,-0.0027221176,0.010556448
ZAP70,-0.0008899595,-0.0016200205,-0.0012849055,0.4068412,-0.003900127,0.15151528,-0.005113133,-0.006067543,0.1324913,-0.0030011998,-0.00069583184,-0.0027072236,-5.8008507e-05,0.16744018,-0.0036645143,0.06381109
ZAR1L,-0.00091342634,-0.002195106,-0.0013761553,0.39414644,-0.0058202385,0.14103237,-0.0074867513,-0.003928487,0.36778557,-0.004890913,-0.0027487054,-0.003569166,-0.0013856097,0.006143961,-0.002726836,0.009951789
ZBP1,-0.00091342634,-0.002195106,-0.0013761553,0.39414644,-0.0058202385,0.14103237,-0.0074867513,-0.003928487,0.36778557,-0.004890913,-0.0027487054,-0.003569166,-0.0013856097,0.006143961,-0.002726836,0.009951789
ZBTB10,-0.00091342634,-0.002195106,-0.0013761553,0.39414644,-0.0058202385,0.14103237,-0.0074867513,-0.003928487,0.36778557,-0.004890913,-0.0027487054,-0.003569166,-0.0013856097,0.006143961,-0.002726836,0.009951789
ZBTB16,-0.00091342634,-0.002195106,-0.0013761553,0.39414644,-0.0058202385,0.14103237,-0.0074867513,-0.003928487,0.36778557,-0.004890913,-0.0027487054,-0.003569166,-0.0013856097,0.006143961,-0.002726836,0.009951789
ZBTB25,-0.00091342634,-0.002195106,-0.0013761553,0.39414644,-0.0058202385,0.14103237,-0.0074867513,-0.003928487,0.36778557,-0.004890913,-0.0027487054,-0.003569166,-0.0013856097,0.006143961,-0.002726836,0.009951789
ZBTB44-DT,-0.00089599687,-0.0021817165,-0.0013640422,0.3956078,-0.005809909,0.14328994,-0.0074903523,-0.0039212154,0.36577544,-0.0048855417,-0.0027356779,-0.0035886306,-0.0013670613,0.0050398745,-0.0027420844,0.008148123
ZBTB8B,-0.00091342634,-0.002195106,-0.0013761553,0.39414644,-0.0058202385,0.14103237,-0.0074867513,-0.003928487,0.36778557,-0.004890913,-0.0027487054,-0.003569166,-0.0013856097,0.006143961,-0.002726836,0.009951789
ZC3H12D,-0.00091342634,-0.002195106,-0.0013761553,0.39414644,-0.0058202385,0.14103237,-0.0074867513,-0.003928487,0.36778557,-0.004890913,-0.0027487054,-0.003569166,-0.0013856097,0.006143961,-0.002726836,0.009951789
ZC3H8,-0.0009225318,-0.0021981043,-0.001384086,0.39375117,-0.0058317543,0.14062722,-0.0074823145,-0.0039301333,0.36938235,-0.0048945397,-0.0027503516,-0.00357049,-0.0013931862,0.007136937,-0.0027136605,0.011151707
ZC4H2,-0.00088990096,-0.0016303355,-0.0012965231,0.40575373,-0.0038952865,0.15146111,-0.00510286,-0.006077687,0.1332844,-0.0030100376,-0.00068197056,-0.002717577,-6.387189e-05,0.16581057,-0.0036675644,0.06364943
ZCCHC18,-0.00091342634,-0.002195106,-0.0013761553,0.39414644,-0.0058202385,0.14103237,-0.0074867513,-0.003928487,0.36778557,-0.004890913,-0.0027487054,-0.003569166,-0.0013856097,0.006143961,-0.002726836,0.009951789
ZCCHC2,-0.00091342634,-0.002195106,-0.0013761553,0.39414644,-0.0058202385,0.14103237,-0.0074867513,-0.003928487,0.36778557,-0.004890913,-0.0027487054,-0.003569166,-0.0013856097,0.006143961,-0.002726836,0.009951789
ZDBF2,-0.0009083604,-0.002190757,-0.0013776293,0.394368,-0.005814905,0.14094813,-0.007490289,-0.0039329003,0.36830753,-0.00489255,-0.0027420842,-0.0035757893,-0.0013899484,0.0055775978,-0.0027264,0.009774033
ZFP37,-0.00091342634,-0.002195106,-0.0013761553,0.39414644,-0.0058202385,0.14103237,-0.0074867513,-0.003928487,0.36778557,-0.004890913,-0.0027487054,-0.003569166,-0.0013856097,0.006143961,-0.002726836,0.009951789
ZFP57,-0.00091342634,-0.002195106,-0.0013761553,0.39414644,-0.0058202385,0.14103237,-0.0074867513,-0.003928487,0.36778557,-0.004890913,-0.0027487054,-0.003569166,-0.0013856097,0.006143961,-0.002726836,0.009951789
ZFP90,-0.00091342634,-0.002195106,-0.0013761553,0.39414644,-0.0058202385,0.14103237,-0.0074867513,-0.003928487,0.36778557,-0.004890913,-0.0027487054,-0.003569166,-0.0013856097,0.006143961,-0.002726836,0.009951789
ZFPM1,-0.00091342634,-0.002195106,-0.0013761553,0.39414644,-0.0058202385,0.14103237,-0.0074867513,-0.003928487,0.36778557,-0.004890913,-0.0027487054,-0.003569166,-0.0013856097,0.006143961,-0.002726836,0.009951789
ZFR2,-0.00091342634,-0.002195106,-0.0013761553,0.39414644,-0.0058202385,0.14103237,-0.0074867513,-0.003928487,0.36778557,-0.004890913,-0.0027487054,-0.003569166,-0.0013856097,0.006143961,-0.002726836,0.009951789
ZFX-AS1,-0.00091342634,-0.002195106,-0.0013761553,0.39414644,-0.0058202385,0.14103237,-0.0074867513,-0.003928487,0.36778557,-0.004890913,-0.0027487054,-0.003569166,-0.0013856097,0.006143961,-0.002726836,0.009951789
ZFYVE28,-0.00091342634,-0.002195106,-0.0013761553,0.39414644,-0.0058202385,0.14103237,-0.0074867513,-0.003928487,0.36778557,-0.004890913,-0.0027487054,-0.003569166,-0.0013856097,0.006143961,-0.002726836,0.009951789
ZFYVE9,-0.00091342634,-0.002195106,-0.0013761553,0.39414644,-0.0058202385,0.14103237,-0.0074867513,-0.003928487,0.36778557,-0.004890913,-0.0027487054,-0.003569166,-0.0013856097,0.006143961,-0.002726836,0.009951789
ZKSCAN2-DT,-5.6579036e-05,-0.00028068255,-0.0013211253,0.5283586,-0.0043613594,0.10326435,-0.005304129,-0.0023585195,0.32367596,-0.003354221,-0.002653861,-0.0035238382,-0.0006161558,-0.00013301474,-0.004195477,-0.0013739844
ZMAT1,-0.00091342634,-0.002195106,-0.0013761553,0.39414644,-0.0058202385,0.14103237,-0.0074867513,-0.003928487,0.36778557,-0.004890913,-0.0027487054,-0.003569166,-0.0013856097,0.006143961,-0.002726836,0.009951789
ZMAT4,-0.00091342634,-0.002195106,-0.0013761553,0.39414644,-0.0058202385,0.14103237,-0.0074867513,-0.003928487,0.36778557,-0.004890913,-0.0027487054,-0.003569166,-0.0013856097,0.006143961,-0.002726836,0.009951789
ZMIZ2,-0.00091862923,-0.002184325,-0.0013677159,0.39408308,-0.005820053,0.14102049,-0.007497943,-0.003925711,0.3681443,-0.004899566,-0.0027374309,-0.0035677014,-0.001379017,0.0056503154,-0.0027175313,0.008917589
ZMYND10-AS1,-0.00091342634,-0.002195106,-0.0013761553,0.39414644,-0.0058202385,0.14103237,-0.0074867513,-0.003928487,0.36778557,-0.004890913,-0.0027487054,-0.003569166,-0.0013856097,0.006143961,-0.002726836,0.009951789
ZMYND12,-0.00091342634,-0.002195106,-0.0013761553,0.39414644,-0.0058202385,0.14103237,-0.0074867513,-0.003928487,0.36778557,-0.004890913,-0.0027487054,-0.003569166,-0.0013856097,0.006143961,-0.002726836,0.009951789
ZMYND8,-0.00091342634,-0.002195106,-0.0013761553,0.39414644,-0.0058202385,0.14103237,-0.0074867513,-0.003928487,0.36778557,-0.004890913,-0.0027487054,-0.003569166,-0.0013856097,0.006143961,-0.002726836,0.009951789
ZNF101,-0.00091342634,-0.002195106,-0.0013761553,0.39414644,-0.0058202385,0.14103237,-0.0074867513,-0.003928487,0.36778557,-0.004890913,-0.0027487054,-0.003569166,-0.0013856097,0.006143961,-0.002726836,0.009951789
ZNF107,-0.0009136853,-0.0021948314,-0.0013763853,0.3941154,-0.005820094,0.14105439,-0.0074868766,-0.003928391,0.36780918,-0.0048911218,-0.0027486496,-0.0035693129,-0.0013854988,0.00616619,-0.0027270096,0.009973925
ZNF138,-0.00091342634,-0.002195106,-0.0013761553,0.39414644,-0.0058202385,0.14103237,-0.0074867513,-0.003928487,0.36778557,-0.004890913,-0.0027487054,-0.003569166,-0.0013856097,0.006143961,-0.002726836,0.009951789
ZNF14,-0.00091342634,-0.002195106,-0.0013761553,0.39414644,-0.0058202385,0.14103237,-0.0074867513,-0.003928487,0.36778557,-0.004890913,-0.0027487054,-0.003569166,-0.0013856097,0.006143961,-0.002726836,0.009951789
ZNF143,-0.0009140669,-0.0021939895,-0.0013749185,0.39428762,-0.0058176136,0.14102119,-0.0074816546,-0.003925171,0.3674571,-0.0048859334,-0.002746772,-0.003567685,-0.0013844741,0.006207872,-0.0027303956,0.009725907
ZNF213,-0.00091342634,-0.002195106,-0.0013761553,0.39414644,-0.0058202385,0.14103237,-0.0074867513,-0.003928487,0.36778557,-0.004890913,-0.0027487054,-0.003569166,-0.0013856097,0.006143961,-0.002726836,0.009951789
ZNF221,-0.00091342634,-0.002195106,-0.0013761553,0.39414644,-0.0058202385,0.14103237,-0.0074867513,-0.003928487,0.36778557,-0.004890913,-0.0027487054,-0.003569166,-0.0013856097,0.006143961,-0.002726836,0.009951789
ZNF25-DT,-0.00091342634,-0.002195106,-0.0013761553,0.39414644,-0.0058202385,0.14103237,-0.0074867513,-0.003928487,0.36778557,-0.004890913,-0.0027487054,-0.003569166,-0.0013856097,0.006143961,-0.002726836,0.009951789
ZNF253,-0.0009083604,-0.002190757,-0.0013776293,0.394368,-0.005814905,0.14094813,-0.007490289,-0.0039329003,0.36830753,-0.00489255,-0.0027420842,-0.0035757893,-0.0013899484,0.0055775978,-0.0027264,0.009774033
ZNF254,-0.00085921306,-0.0028514194,-0.0010761732,0.37998796,-0.0050867763,0.08471882,-0.008042119,-0.003351063,0.31982675,-0.0051620514,-0.0025768164,-0.003328623,-0.0006605238,0.09671359,-0.0028322886,0.009930063
ZNF257,-0.000914207,-0.0021984258,-0.0013765057,0.39461032,-0.0058250693,0.14080408,-0.0074897753,-0.0039233183,0.3682507,-0.0048899953,-0.0027510324,-0.003567925,-0.0013869992,0.0059067793,-0.0027256778,0.010150332
ZNF266,-0.0009105576,-0.0021917277,-0.0013742306,0.39412886,-0.005822493,0.14149454,-0.007486565,-0.003924513,0.36772466,-0.004891471,-0.0027515104,-0.0035692083,-0.001383459,0.0062281825,-0.0027287782,0.009653378
ZNF32,-0.00091342634,-0.002195106,-0.0013761553,0.39414644,-0.0058202385,0.14103237,-0.0074867513,-0.003928487,0.36778557,-0.004890913,-0.0027487054,-0.003569166,-0.0013856097,0.006143961,-0.002726836,0.009951789
ZNF329,-0.00091342634,-0.002195106,-0.0013761553,0.39414644,-0.0058202385,0.14103237,-0.0074867513,-0.003928487,0.36778557,-0.004890913,-0.0027487054,-0.003569166,-0.0013856097,0.006143961,-0.002726836,0.009951789
ZNF335,-0.00091342634,-0.002195106,-0.0013761553,0.39414644,-0.0058202385,0.14103237,-0.0074867513,-0.003928487,0.36778557,-0.004890913,-0.0027487054,-0.003569166,-0.0013856097,0.006143961,-0.002726836,0.009951789
ZNF337,-0.00091342634,-0.002195106,-0.0013761553,0.39414644,-0.0058202385,0.14103237,-0.0074867513,-0.003928487,0.36778557,-0.004890913,-0.0027487054,-0.003569166,-0.0013856097,0.006143961,-0.002726836,0.009951789
ZNF337-AS1,-5.6579036e-05,-0.00028068255,-0.0013211253,0.5283586,-0.0043613594,0.10326435,-0.005304129,-0.0023585195,0.32367596,-0.003354221,-0.002653861,-0.0035238382,-0.0006161558,-0.00013301474,-0.004195477,-0.0013739844
ZNF365,-0.00091342634,-0.002195106,-0.0013761553,0.39414644,-0.0058202385,0.14103237,-0.0074867513,-0.003928487,0.36778557,-0.004890913,-0.0027487054,-0.003569166,-0.0013856097,0.006143961,-0.002726836,0.009951789
ZNF367,-0.00091342634,-0.002195106,-0.0013761553,0.39414644,-0.0058202385,0.14103237,-0.0074867513,-0.003928487,0.36778557,-0.004890913,-0.0027487054,-0.003569166,-0.0013856097,0.006143961,-0.002726836,0.009951789
ZNF416,-0.00064489787,-0.001919418,-0.0012881511,0.38723135,-0.005783969,0.15845251,-0.0072523206,-0.0038227367,0.38154578,-0.0047407774,-0.0025734615,-0.0038787338,-0.0013219821,0.014795952,-0.00290439,-0.00020557788
ZNF425,-0.00091342634,-0.002195106,-0.0013761553,0.39414644,-0.0058202385,0.14103237,-0.0074867513,-0.003928487,0.36778557,-0.004890913,-0.0027487054,-0.003569166,-0.0013856097,0.006143961,-0.002726836,0.009951789
ZNF439,-0.000914207,-0.0021984258,-0.0013765057,0.39461032,-0.0058250693,0.14080408,-0.0074897753,-0.0039233183,0.3682507,-0.0048899953,-0.0027510324,-0.003567925,-0.0013869992,0.0059067793,-0.0027256778,0.010150332
ZNF446,-0.00091342634,-0.002195106,-0.0013761553,0.39414644,-0.0058202385,0.14103237,-0.0074867513,-0.003928487,0.36778557,-0.004890913,-0.0027487054,-0.003569166,-0.0013856097,0.006143961,-0.002726836,0.009951789
ZNF483,-0.00091342634,-0.002195106,-0.0013761553,0.39414644,-0.0058202385,0.14103237,-0.0074867513,-0.003928487,0.36778557,-0.004890913,-0.0027487054,-0.003569166,-0.0013856097,0.006143961,-0.002726836,0.009951789
ZNF490,-0.00091342634,-0.002195106,-0.0013761553,0.39414644,-0.0058202385,0.14103237,-0.0074867513,-0.003928487,0.36778557,-0.004890913,-0.0027487054,-0.003569166,-0.0013856097,0.006143961,-0.002726836,0.009951789
ZNF507,-0.00091342634,-0.002195106,-0.0013761553,0.39414644,-0.0058202385,0.14103237,-0.0074867513,-0.003928487,0.36778557,-0.004890913,-0.0027487054,-0.003569166,-0.0013856097,0.006143961,-0.002726836,0.009951789
ZNF513,-5.6579036e-05,-0.00028068255,-0.0013211253,0.5283586,-0.0043613594,0.10326435,-0.005304129,-0.0023585195,0.32367596,-0.003354221,-0.002653861,-0.0035238382,-0.0006161558,-0.00013301474,-0.004195477,-0.0013739844
ZNF527,-0.00091342634,-0.002195106,-0.0013761553,0.39414644,-0.0058202385,0.14103237,-0.0074867513,-0.003928487,0.36778557,-0.004890913,-0.0027487054,-0.003569166,-0.0013856097,0.006143961,-0.002726836,0.009951789
ZNF528-AS1,-0.00091342634,-0.002195106,-0.0013761553,0.39414644,-0.0058202385,0.14103237,-0.0074867513,-0.003928487,0.36778557,-0.004890913,-0.0027487054,-0.003569166,-0.0013856097,0.006143961,-0.002726836,0.009951789
ZNF529,-0.00091342634,-0.002195106,-0.0013761553,0.39414644,-0.0058202385,0.14103237,-0.0074867513,-0.003928487,0.36778557,-0.004890913,-0.0027487054,-0.003569166,-0.0013856097,0.006143961,-0.002726836,0.009951789
ZNF529-AS1,-0.00091342634,-0.002195106,-0.0013761553,0.39414644,-0.0058202385,0.14103237,-0.0074867513,-0.003928487,0.36778557,-0.004890913,-0.0027487054,-0.003569166,-0.0013856097,0.006143961,-0.002726836,0.009951789
ZNF552,-0.00091049826,-0.0022058145,-0.0013627874,0.39363855,-0.005806047,0.14219266,-0.0074937646,-0.00393507,0.36650893,-0.004880987,-0.0027573556,-0.003571102,-0.0013939275,0.0068475045,-0.0027215001,0.008486409
ZNF558,-0.00091342634,-0.002195106,-0.0013761553,0.39414644,-0.0058202385,0.14103237,-0.0074867513,-0.003928487,0.36778557,-0.004890913,-0.0027487054,-0.003569166,-0.0013856097,0.006143961,-0.002726836,0.009951789
ZNF563,-0.00091342634,-0.002195106,-0.0013761553,0.39414644,-0.0058202385,0.14103237,-0.0074867513,-0.003928487,0.36778557,-0.004890913,-0.0027487054,-0.003569166,-0.0013856097,0.006143961,-0.002726836,0.009951789
ZNF572,-0.00091342634,-0.002195106,-0.0013761553,0.39414644,-0.0058202385,0.14103237,-0.0074867513,-0.003928487,0.36778557,-0.004890913,-0.0027487054,-0.003569166,-0.0013856097,0.006143961,-0.002726836,0.009951789
ZNF573,-0.00091342634,-0.002195106,-0.0013761553,0.39414644,-0.0058202385,0.14103237,-0.0074867513,-0.003928487,0.36778557,-0.004890913,-0.0027487054,-0.003569166,-0.0013856097,0.006143961,-0.002726836,0.009951789
ZNF584,-0.0009105464,-0.0021951324,-0.0013739556,0.39374536,-0.005819498,0.14079864,-0.0074908393,-0.0039298534,0.36747813,-0.0048883236,-0.0027526265,-0.003569026,-0.0013886556,0.0061175562,-0.0027294396,0.009530757
ZNF585B,-5.4562835e-05,-0.00027551787,-0.0013227973,0.527861,-0.004360972,0.10321511,-0.0053052297,-0.002351349,0.3233687,-0.0033609855,-0.0026559487,-0.003530918,-0.0006144027,-0.00013286005,-0.004200967,-0.001372679
ZNF600,-0.00091342634,-0.002195106,-0.0013761553,0.39414644,-0.0058202385,0.14103237,-0.0074867513,-0.003928487,0.36778557,-0.004890913,-0.0027487054,-0.003569166,-0.0013856097,0.006143961,-0.002726836,0.009951789
ZNF611,0.01529941,-0.0029777747,-0.002779127,0.12968703,-0.0081769675,0.064344466,-0.006527795,-0.0014904777,0.49352762,-0.0029705588,-0.0032849973,-0.0012937884,-0.0011492718,-0.00037872704,0.013717353,0.05942204
ZNF626,-0.00091342634,-0.002195106,-0.0013761553,0.39414644,-0.0058202385,0.14103237,-0.0074867513,-0.003928487,0.36778557,-0.004890913,-0.0027487054,-0.003569166,-0.0013856097,0.006143961,-0.002726836,0.009951789
ZNF66,-0.00091342634,-0.002195106,-0.0013761553,0.39414644,-0.0058202385,0.14103237,-0.0074867513,-0.003928487,0.36778557,-0.004890913,-0.0027487054,-0.003569166,-0.0013856097,0.006143961,-0.002726836,0.009951789
ZNF675,-0.0009114101,-0.002189941,-0.0013778271,0.39364886,-0.005819851,0.14098313,-0.0074878526,-0.003921317,0.3674783,-0.004897678,-0.002750793,-0.0035762459,-0.0013838566,0.0061594285,-0.0027323263,0.010082323
ZNF682,-8.638151e-05,-0.0014275586,-0.0021898628,0.43811637,-0.005100174,0.16682105,-0.00707525,-0.003651365,0.39079767,-0.0054818443,-0.0026276328,-0.0033870202,-0.00043936903,-0.00040502506,-0.0020450335,-0.00060166395
ZNF687-AS1,-0.00091342634,-0.002195106,-0.0013761553,0.39414644,-0.0058202385,0.14103237,-0.0074867513,-0.003928487,0.36778557,-0.004890913,-0.0027487054,-0.003569166,-0.0013856097,0.006143961,-0.002726836,0.009951789
ZNF699,0.01529941,-0.0029777747,-0.002779127,0.12968703,-0.0081769675,0.064344466,-0.006527795,-0.0014904777,0.49352762,-0.0029705588,-0.0032849973,-0.0012937884,-0.0011492718,-0.00037872704,0.013717353,0.05942204
ZNF704,-0.00091635366,-0.0021881687,-0.0013664626,0.39525148,-0.0058228243,0.14062434,-0.0074972115,-0.0039223186,0.3670534,-0.004881518,-0.0027597616,-0.0035587703,-0.0013818975,0.0076893307,-0.002721844,0.010411877
ZNF721,-0.00091342634,-0.002195106,-0.0013761553,0.39414644,-0.0058202385,0.14103237,-0.0074867513,-0.003928487,0.36778557,-0.004890913,-0.0027487054,-0.003569166,-0.0013856097,0.006143961,-0.002726836,0.009951789
ZNF724,-0.00091342634,-0.002195106,-0.0013761553,0.39414644,-0.0058202385,0.14103237,-0.0074867513,-0.003928487,0.36778557,-0.004890913,-0.0027487054,-0.003569166,-0.0013856097,0.006143961,-0.002726836,0.009951789
ZNF732,-0.00091342634,-0.002195106,-0.0013761553,0.39414644,-0.0058202385,0.14103237,-0.0074867513,-0.003928487,0.36778557,-0.004890913,-0.0027487054,-0.003569166,-0.0013856097,0.006143961,-0.002726836,0.009951789
ZNF737,-0.00091342634,-0.002195106,-0.0013761553,0.39414644,-0.0058202385,0.14103237,-0.0074867513,-0.003928487,0.36778557,-0.004890913,-0.0027487054,-0.003569166,-0.0013856097,0.006143961,-0.002726836,0.009951789
ZNF75A,-0.00091342634,-0.002195106,-0.0013761553,0.39414644,-0.0058202385,0.14103237,-0.0074867513,-0.003928487,0.36778557,-0.004890913,-0.0027487054,-0.003569166,-0.0013856097,0.006143961,-0.002726836,0.009951789
ZNF771,-0.00091342634,-0.002195106,-0.0013761553,0.39414644,-0.0058202385,0.14103237,-0.0074867513,-0.003928487,0.36778557,-0.004890913,-0.0027487054,-0.003569166,-0.0013856097,0.006143961,-0.002726836,0.009951789
ZNF780B,-0.0023729303,-0.003422901,0.020272553,0.21368319,-0.004244879,0.13477245,-0.0059964526,-0.0022090098,0.2692378,-0.0042093843,-0.0045897705,-0.0017857387,-0.0032940859,0.10665566,-0.0036105216,0.17494681
ZNF786,-0.00091342634,-0.002195106,-0.0013761553,0.39414644,-0.0058202385,0.14103237,-0.0074867513,-0.003928487,0.36778557,-0.004890913,-0.0027487054,-0.003569166,-0.0013856097,0.006143961,-0.002726836,0.009951789
ZNF808,-0.00091342634,-0.002195106,-0.0013761553,0.39414644,-0.0058202385,0.14103237,-0.0074867513,-0.003928487,0.36778557,-0.004890913,-0.0027487054,-0.003569166,-0.0013856097,0.006143961,-0.002726836,0.009951789
ZNF821,-0.00091342634,-0.002195106,-0.0013761553,0.39414644,-0.0058202385,0.14103237,-0.0074867513,-0.003928487,0.36778557,-0.004890913,-0.0027487054,-0.003569166,-0.0013856097,0.006143961,-0.002726836,0.009951789
ZNF827,-0.00091049826,-0.0022058145,-0.0013627874,0.39363855,-0.005806047,0.14219266,-0.0074937646,-0.00393507,0.36650893,-0.004880987,-0.0027573556,-0.003571102,-0.0013939275,0.0068475045,-0.0027215001,0.008486409
ZNF83,-0.0023729303,-0.003422901,0.020272553,0.21368319,-0.004244879,0.13477245,-0.0059964526,-0.0022090098,0.2692378,-0.0042093843,-0.0045897705,-0.0017857387,-0.0032940859,0.10665566,-0.0036105216,0.17494681
ZNF830,-0.00090060284,-0.0021859615,-0.0013736775,0.39466858,-0.0058163595,0.14081423,-0.0074975365,-0.003940663,0.36631808,-0.0048859417,-0.0027386534,-0.0035770868,-0.0013825794,0.007459659,-0.0027408812,0.010555837
ZNF831,-0.00091342634,-0.002195106,-0.0013761553,0.39414644,-0.0058202385,0.14103237,-0.0074867513,-0.003928487,0.36778557,-0.004890913,-0.0027487054,-0.003569166,-0.0013856097,0.006143961,-0.002726836,0.009951789
ZNF839,-0.00091342634,-0.002195106,-0.0013761553,0.39414644,-0.0058202385,0.14103237,-0.0074867513,-0.003928487,0.36778557,-0.004890913,-0.0027487054,-0.003569166,-0.0013856097,0.006143961,-0.002726836,0.009951789
ZNF845,-0.00091819797,-0.0021889585,-0.0013668583,0.39434472,-0.005821185,0.14086138,-0.0074942205,-0.0039296374,0.36836207,-0.0048930002,-0.0027494691,-0.0035737788,-0.0013920319,0.0061419643,-0.0027187946,0.009251136
ZNF85,-5.6579036e-05,-0.00028068255,-0.0013211253,0.5283586,-0.0043613594,0.10326435,-0.005304129,-0.0023585195,0.32367596,-0.003354221,-0.002653861,-0.0035238382,-0.0006161558,-0.00013301474,-0.004195477,-0.0013739844
ZNF853,-0.00091342634,-0.002195106,-0.0013761553,0.39414644,-0.0058202385,0.14103237,-0.0074867513,-0.003928487,0.36778557,-0.004890913,-0.0027487054,-0.003569166,-0.0013856097,0.006143961,-0.002726836,0.009951789
ZNF91,-0.00091342634,-0.002195106,-0.0013761553,0.39414644,-0.0058202385,0.14103237,-0.0074867513,-0.003928487,0.36778557,-0.004890913,-0.0027487054,-0.003569166,-0.0013856097,0.006143961,-0.002726836,0.009951789
ZNHIT6,-0.00091342634,-0.002195106,-0.0013761553,0.39414644,-0.0058202385,0.14103237,-0.0074867513,-0.003928487,0.36778557,-0.004890913,-0.0027487054,-0.003569166,-0.0013856097,0.006143961,-0.002726836,0.009951789
ZPBP,-0.00085921306,-0.0028514194,-0.0010761732,0.37998796,-0.0050867763,0.08471882,-0.008042119,-0.003351063,0.31982675,-0.0051620514,-0.0025768164,-0.003328623,-0.0006605238,0.09671359,-0.0028322886,0.009930063
ZSWIM3,-0.00091342634,-0.002195106,-0.0013761553,0.39414644,-0.0058202385,0.14103237,-0.0074867513,-0.003928487,0.36778557,-0.004890913,-0.0027487054,-0.003569166,-0.0013856097,0.006143961,-0.002726836,0.009951789
ZSWIM5,-0.00091342634,-0.002195106,-0.0013761553,0.39414644,-0.0058202385,0.14103237,-0.0074867513,-0.003928487,0.36778557,-0.004890913,-0.0027487054,-0.003569166,-0.0013856097,0.006143961,-0.002726836,0.009951789
ZWILCH,-0.00091342634,-0.002195106,-0.0013761553,0.39414644,-0.0058202385,0.14103237,-0.0074867513,-0.003928487,0.36778557,-0.004890913,-0.0027487054,-0.003569166,-0.0013856097,0.006143961,-0.002726836,0.009951789
ZXDB,-0.00091342634,-0.002195106,-0.0013761553,0.39414644,-0.0058202385,0.14103237,-0.0074867513,-0.003928487,0.36778557,-0.004890913,-0.0027487054,-0.003569166,-0.0013856097,0.006143961,-0.002726836,0.009951789
ATAC_A2M,-0.00091342634,-0.002195106,-0.0013761553,0.39414644,-0.0058202385,0.14103237,-0.0074867513,-0.003928487,0.36778557,-0.004890913,-0.0027487054,-0.003569166,-0.0013856097,0.006143961,-0.002726836,0.009951789
ATAC_ABCA3,-0.00091342634,-0.002195106,-0.0013761553,0.39414644,-0.0058202385,0.14103237,-0.0074867513,-0.003928487,0.36778557,-0.004890913,-0.0027487054,-0.003569166,-0.0013856097,0.006143961,-0.002726836,0.009951789
ATAC_ABCA5,-0.00091342634,-0.002195106,-0.0013761553,0.39414644,-0.0058202385,0.14103237,-0.0074867513,-0.003928487,0.36778557,-0.004890913,-0.0027487054,-0.003569166,-0.0013856097,0.006143961,-0.002726836,0.009951789
ATAC_ABCC10,-5.6579036e-05,-0.00028068255,-0.0013211253,0.5283586,-0.0043613594,0.10326435,-0.005304129,-0.0023585195,0.32367596,-0.003354221,-0.002653861,-0.0035238382,-0.0006161558,-0.00013301474,-0.004195477,-0.0013739844
ATAC_ABCD2,-0.00093061663,-0.002186587,-0.001381562,0.39549246,-0.005819364,0.14364047,-0.0075031566,-0.0039288043,0.36822018,-0.004900328,-0.0027729135,-0.0035747236,-0.0013870421,0.005837474,-0.0027379936,0.007077623
ATAC_ABCG1,-0.00091342634,-0.002195106,-0.0013761553,0.39414644,-0.0058202385,0.14103237,-0.0074867513,-0.003928487,0.36778557,-0.004890913,-0.0027487054,-0.003569166,-0.0013856097,0.006143961,-0.002726836,0.009951789
ATAC_ABCG2,-0.00091342634,-0.002195106,-0.0013761553,0.39414644,-0.0058202385,0.14103237,-0.0074867513,-0.003928487,0.36778557,-0.004890913,-0.0027487054,-0.003569166,-0.0013856097,0.006143961,-0.002726836,0.009951789
ATAC_ABHD17A,-0.00091342634,-0.002195106,-0.0013761553,0.39414644,-0.0058202385,0.14103237,-0.0074867513,-0.003928487,0.36778557,-0.004890913,-0.0027487054,-0.003569166,-0.0013856097,0.006143961,-0.002726836,0.009951789
ATAC_ACAD11,-0.00091342634,-0.002195106,-0.0013761553,0.39414644,-0.0058202385,0.14103237,-0.0074867513,-0.003928487,0.36778557,-0.004890913,-0.0027487054,-0.003569166,-0.0013856097,0.006143961,-0.002726836,0.009951789
ATAC_ACBD7,-0.00091342634,-0.002195106,-0.0013761553,0.39414644,-0.0058202385,0.14103237,-0.0074867513,-0.003928487,0.36778557,-0.004890913,-0.0027487054,-0.003569166,-0.0013856097,0.006143961,-0.002726836,0.009951789
ATAC_ACOT6,-0.0009105576,-0.0021917277,-0.0013742306,0.39412886,-0.005822493,0.14149454,-0.007486565,-0.003924513,0.36772466,-0.004891471,-0.0027515104,-0.0035692083,-0.001383459,0.0062281825,-0.0027287782,0.009653378
ATAC_ACP7,-0.00091342634,-0.002195106,-0.0013761553,0.39414644,-0.0058202385,0.14103237,-0.0074867513,-0.003928487,0.36778557,-0.004890913,-0.0027487054,-0.003569166,-0.0013856097,0.006143961,-0.002726836,0.009951789
ATAC_ACTA2-AS1,-0.00091342634,-0.002195106,-0.0013761553,0.39414644,-0.0058202385,0.14103237,-0.0074867513,-0.003928487,0.36778557,-0.004890913,-0.0027487054,-0.003569166,-0.0013856097,0.006143961,-0.002726836,0.009951789
ATAC_ACVR1C,-0.00091342634,-0.002195106,-0.0013761553,0.39414644,-0.0058202385,0.14103237,-0.0074867513,-0.003928487,0.36778557,-0.004890913,-0.0027487054,-0.003569166,-0.0013856097,0.006143961,-0.002726836,0.009951789
ATAC_ACVR2B-AS1,-0.00085921306,-0.0028514194,-0.0010761732,0.37998796,-0.0050867763,0.08471882,-0.008042119,-0.003351063,0.31982675,-0.0051620514,-0.0025768164,-0.003328623,-0.0006605238,0.09671359,-0.0028322886,0.009930063
ATAC_ADAM12,-0.00091342634,-0.002195106,-0.0013761553,0.39414644,-0.0058202385,0.14103237,-0.0074867513,-0.003928487,0.36778557,-0.004890913,-0.0027487054,-0.003569166,-0.0013856097,0.006143961,-0.002726836,0.009951789
ATAC_ADAM22,-0.00091342634,-0.002195106,-0.0013761553,0.39414644,-0.0058202385,0.14103237,-0.0074867513,-0.003928487,0.36778557,-0.004890913,-0.0027487054,-0.003569166,-0.0013856097,0.006143961,-0.002726836,0.009951789
ATAC_ADAM23,-0.00085921306,-0.0028514194,-0.0010761732,0.37998796,-0.0050867763,0.08471882,-0.008042119,-0.003351063,0.31982675,-0.0051620514,-0.0025768164,-0.003328623,-0.0006605238,0.09671359,-0.0028322886,0.009930063
ATAC_ADAM28,-0.00091342634,-0.002195106,-0.0013761553,0.39414644,-0.0058202385,0.14103237,-0.0074867513,-0.003928487,0.36778557,-0.004890913,-0.0027487054,-0.003569166,-0.0013856097,0.006143961,-0.002726836,0.009951789
ATAC_ADAM8,-0.00091342634,-0.002195106,-0.0013761553,0.39414644,-0.0058202385,0.14103237,-0.0074867513,-0.003928487,0.36778557,-0.004890913,-0.0027487054,-0.003569166,-0.0013856097,0.006143961,-0.002726836,0.009951789
ATAC_ADAMTS1,-0.00091342634,-0.002195106,-0.0013761553,0.39414644,-0.0058202385,0.14103237,-0.0074867513,-0.003928487,0.36778557,-0.004890913,-0.0027487054,-0.003569166,-0.0013856097,0.006143961,-0.002726836,0.009951789
ATAC_ADAMTS10,-0.00091342634,-0.002195106,-0.0013761553,0.39414644,-0.0058202385,0.14103237,-0.0074867513,-0.003928487,0.36778557,-0.004890913,-0.0027487054,-0.003569166,-0.0013856097,0.006143961,-0.002726836,0.009951789
ATAC_ADAMTS14,-0.00091342634,-0.002195106,-0.0013761553,0.39414644,-0.0058202385,0.14103237,-0.0074867513,-0.003928487,0.36778557,-0.004890913,-0.0027487054,-0.003569166,-0.0013856097,0.006143961,-0.002726836,0.009951789
ATAC_ADAMTS17,-0.0009053745,-0.0021798145,-0.0013643806,0.39486685,-0.0058173058,0.14064322,-0.007505005,-0.003941813,0.36689457,-0.004888028,-0.0027394171,-0.0035816997,-0.0013890016,0.0074576624,-0.00273284,0.009855185
ATAC_ADAMTS3,-0.00091342634,-0.002195106,-0.0013761553,0.39414644,-0.0058202385,0.14103237,-0.0074867513,-0.003928487,0.36778557,-0.004890913,-0.0027487054,-0.003569166,-0.0013856097,0.006143961,-0.002726836,0.009951789
ATAC_ADAMTS6,-0.00091342634,-0.002195106,-0.0013761553,0.39414644,-0.0058202385,0.14103237,-0.0074867513,-0.003928487,0.36778557,-0.004890913,-0.0027487054,-0.003569166,-0.0013856097,0.006143961,-0.002726836,0.009951789
ATAC_ADGRF1,-0.00091342634,-0.002195106,-0.0013761553,0.39414644,-0.0058202385,0.14103237,-0.0074867513,-0.003928487,0.36778557,-0.004890913,-0.0027487054,-0.003569166,-0.0013856097,0.006143961,-0.002726836,0.009951789
ATAC_ADGRF2,-0.00091342634,-0.002195106,-0.0013761553,0.39414644,-0.0058202385,0.14103237,-0.0074867513,-0.003928487,0.36778557,-0.004890913,-0.0027487054,-0.003569166,-0.0013856097,0.006143961,-0.002726836,0.009951789
ATAC_ADGRG1,-0.00091342634,-0.002195106,-0.0013761553,0.39414644,-0.0058202385,0.14103237,-0.0074867513,-0.003928487,0.36778557,-0.004890913,-0.0027487054,-0.003569166,-0.0013856097,0.006143961,-0.002726836,0.009951789
ATAC_ADGRG5,-0.00091342634,-0.002195106,-0.0013761553,0.39414644,-0.0058202385,0.14103237,-0.0074867513,-0.003928487,0.36778557,-0.004890913,-0.0027487054,-0.003569166,-0.0013856097,0.006143961,-0.002726836,0.009951789
ATAC_ADIRF,-0.00091342634,-0.002195106,-0.0013761553,0.39414644,-0.0058202385,0.14103237,-0.0074867513,-0.003928487,0.36778557,-0.004890913,-0.0027487054,-0.003569166,-0.0013856097,0.006143961,-0.002726836,0.009951789
ATAC_ADRA1D,-0.00091342634,-0.002195106,-0.0013761553,0.39414644,-0.0058202385,0.14103237,-0.0074867513,-0.003928487,0.36778557,-0.004890913,-0.0027487054,-0.003569166,-0.0013856097,0.006143961,-0.002726836,0.009951789
ATAC_ADRB2,-0.00091342634,-0.002195106,-0.0013761553,0.39414644,-0.0058202385,0.14103237,-0.0074867513,-0.003928487,0.36778557,-0.004890913,-0.0027487054,-0.003569166,-0.0013856097,0.006143961,-0.002726836,0.009951789
ATAC_AEBP2,-0.00091342634,-0.002195106,-0.0013761553,0.39414644,-0.0058202385,0.14103237,-0.0074867513,-0.003928487,0.36778557,-0.004890913,-0.0027487054,-0.003569166,-0.0013856097,0.006143961,-0.002726836,0.009951789
ATAC_AGBL2,-0.00091819797,-0.0021889585,-0.0013668583,0.39434472,-0.005821185,0.14086138,-0.0074942205,-0.0039296374,0.36836207,-0.0048930002,-0.0027494691,-0.0035737788,-0.0013920319,0.0061419643,-0.0027187946,0.009251136
ATAC_AGBL3,-0.00091342634,-0.002195106,-0.0013761553,0.39414644,-0.0058202385,0.14103237,-0.0074867513,-0.003928487,0.36778557,-0.004890913,-0.0027487054,-0.003569166,-0.0013856097,0.006143961,-0.002726836,0.009951789
ATAC_AGFG2,-0.00091342634,-0.002195106,-0.0013761553,0.39414644,-0.0058202385,0.14103237,-0.0074867513,-0.003928487,0.36778557,-0.004890913,-0.0027487054,-0.003569166,-0.0013856097,0.006143961,-0.002726836,0.009951789
ATAC_AJM1,-0.00091342634,-0.002195106,-0.0013761553,0.39414644,-0.0058202385,0.14103237,-0.0074867513,-0.003928487,0.36778557,-0.004890913,-0.0027487054,-0.003569166,-0.0013856097,0.006143961,-0.002726836,0.009951789
ATAC_AK1,-0.00091342634,-0.002195106,-0.0013761553,0.39414644,-0.0058202385,0.14103237,-0.0074867513,-0.003928487,0.36778557,-0.004890913,-0.0027487054,-0.003569166,-0.0013856097,0.006143961,-0.002726836,0.009951789
ATAC_AK5,-0.00091342634,-0.002195106,-0.0013761553,0.39414644,-0.0058202385,0.14103237,-0.0074867513,-0.003928487,0.36778557,-0.004890913,-0.0027487054,-0.003569166,-0.0013856097,0.006143961,-0.002726836,0.009951789
ATAC_AK7,-0.00091342634,-0.002195106,-0.0013761553,0.39414644,-0.0058202385,0.14103237,-0.0074867513,-0.003928487,0.36778557,-0.004890913,-0.0027487054,-0.003569166,-0.0013856097,0.006143961,-0.002726836,0.009951789
ATAC_AK9,-8.560076e-05,-0.0014242387,-0.0021895121,0.4376525,-0.0050953436,0.16704933,-0.007072227,-0.0036565338,0.39033255,-0.005482762,-0.002625306,-0.0033882612,-0.00043797973,-0.00040265324,-0.0020461916,-0.00060364936
ATAC_AKAP5,-0.00091342634,-0.002195106,-0.0013761553,0.39414644,-0.0058202385,0.14103237,-0.0074867513,-0.003928487,0.36778557,-0.004890913,-0.0027487054,-0.003569166,-0.0013856097,0.006143961,-0.002726836,0.009951789
ATAC_AKTIP,-0.00091862923,-0.002184325,-0.0013677159,0.39408308,-0.005820053,0.14102049,-0.007497943,-0.003925711,0.3681443,-0.004899566,-0.0027374309,-0.0035677014,-0.001379017,0.0056503154,-0.0027175313,0.008917589
ATAC_ALOX5AP,-0.00091342634,-0.002195106,-0.0013761553,0.39414644,-0.0058202385,0.14103237,-0.0074867513,-0.003928487,0.36778557,-0.004890913,-0.0027487054,-0.003569166,-0.0013856097,0.006143961,-0.002726836,0.009951789
ATAC_AMIGO1,-0.00091342634,-0.002195106,-0.0013761553,0.39414644,-0.0058202385,0.14103237,-0.0074867513,-0.003928487,0.36778557,-0.004890913,-0.0027487054,-0.003569166,-0.0013856097,0.006143961,-0.002726836,0.009951789
ATAC_AMT,-0.00091342634,-0.002195106,-0.0013761553,0.39414644,-0.0058202385,0.14103237,-0.0074867513,-0.003928487,0.36778557,-0.004890913,-0.0027487054,-0.003569166,-0.0013856097,0.006143961,-0.002726836,0.009951789
ATAC_ANGPTL6,-0.00091342634,-0.002195106,-0.0013761553,0.39414644,-0.0058202385,0.14103237,-0.0074867513,-0.003928487,0.36778557,-0.004890913,-0.0027487054,-0.003569166,-0.0013856097,0.006143961,-0.002726836,0.009951789
ATAC_ANK1,-0.00091342634,-0.002195106,-0.0013761553,0.39414644,-0.0058202385,0.14103237,-0.0074867513,-0.003928487,0.36778557,-0.004890913,-0.0027487054,-0.003569166,-0.0013856097,0.006143961,-0.002726836,0.009951789
ATAC_ANK3,-0.00091342634,-0.002195106,-0.0013761553,0.39414644,-0.0058202385,0.14103237,-0.0074867513,-0.003928487,0.36778557,-0.004890913,-0.0027487054,-0.003569166,-0.0013856097,0.006143961,-0.002726836,0.009951789
ATAC_ANKAR,-0.00091342634,-0.002195106,-0.0013761553,0.39414644,-0.0058202385,0.14103237,-0.0074867513,-0.003928487,0.36778557,-0.004890913,-0.0027487054,-0.003569166,-0.0013856097,0.006143961,-0.002726836,0.009951789
ATAC_ANKRD26,-0.00091342634,-0.002195106,-0.0013761553,0.39414644,-0.0058202385,0.14103237,-0.0074867513,-0.003928487,0.36778557,-0.004890913,-0.0027487054,-0.003569166,-0.0013856097,0.006143961,-0.002726836,0.009951789
ATAC_ANKRD29,-0.00091342634,-0.002195106,-0.0013761553,0.39414644,-0.0058202385,0.14103237,-0.0074867513,-0.003928487,0.36778557,-0.004890913,-0.0027487054,-0.003569166,-0.0013856097,0.006143961,-0.002726836,0.009951789
ATAC_ANKRD31,-0.00091342634,-0.002195106,-0.0013761553,0.39414644,-0.0058202385,0.14103237,-0.0074867513,-0.003928487,0.36778557,-0.004890913,-0.0027487054,-0.003569166,-0.0013856097,0.006143961,-0.002726836,0.009951789
ATAC_ANKRD36,-0.00088990096,-0.0016303355,-0.0012965231,0.40575373,-0.0038952865,0.15146111,-0.00510286,-0.006077687,0.1332844,-0.0030100376,-0.00068197056,-0.002717577,-6.387189e-05,0.16581057,-0.0036675644,0.06364943
ATAC_ANKRD36B,-0.00091342634,-0.002195106,-0.0013761553,0.39414644,-0.0058202385,0.14103237,-0.0074867513,-0.003928487,0.36778557,-0.004890913,-0.0027487054,-0.003569166,-0.0013856097,0.006143961,-0.002726836,0.009951789
ATAC_ANKRD36C,-0.00091342634,-0.002195106,-0.0013761553,0.39414644,-0.0058202385,0.14103237,-0.0074867513,-0.003928487,0.36778557,-0.004890913,-0.0027487054,-0.003569166,-0.0013856097,0.006143961,-0.002726836,0.009951789
ATAC_ANKRD39,-0.00091342634,-0.002195106,-0.0013761553,0.39414644,-0.0058202385,0.14103237,-0.0074867513,-0.003928487,0.36778557,-0.004890913,-0.0027487054,-0.003569166,-0.0013856097,0.006143961,-0.002726836,0.009951789
ATAC_ANO10,-0.0009105576,-0.0021917277,-0.0013742306,0.39412886,-0.005822493,0.14149454,-0.007486565,-0.003924513,0.36772466,-0.004891471,-0.0027515104,-0.0035692083,-0.001383459,0.0062281825,-0.0027287782,0.009653378
ATAC_ANTXRL,-0.00091342634,-0.002195106,-0.0013761553,0.39414644,-0.0058202385,0.14103237,-0.0074867513,-0.003928487,0.36778557,-0.004890913,-0.0027487054,-0.003569166,-0.0013856097,0.006143961,-0.002726836,0.009951789
ATAC_AP1G2,-0.00091342634,-0.002195106,-0.0013761553,0.39414644,-0.0058202385,0.14103237,-0.0074867513,-0.003928487,0.36778557,-0.004890913,-0.0027487054,-0.003569166,-0.0013856097,0.006143961,-0.002726836,0.009951789
ATAC_AP3B2,-0.0023729303,-0.003422901,0.020272553,0.21368319,-0.004244879,0.13477245,-0.0059964526,-0.0022090098,0.2692378,-0.0042093843,-0.0045897705,-0.0017857387,-0.0032940859,0.10665566,-0.0036105216,0.17494681
ATAC_AP5Z1,-0.00091342634,-0.002195106,-0.0013761553,0.39414644,-0.0058202385,0.14103237,-0.0074867513,-0.003928487,0.36778557,-0.004890913,-0.0027487054,-0.003569166,-0.0013856097,0.006143961,-0.002726836,0.009951789
ATAC_APBB2,-0.00091342634,-0.002195106,-0.0013761553,0.39414644,-0.0058202385,0.14103237,-0.0074867513,-0.003928487,0.36778557,-0.004890913,-0.0027487054,-0.003569166,-0.0013856097,0.006143961,-0.002726836,0.009951789
ATAC_APOB,-0.00089599687,-0.0021817165,-0.0013640422,0.3956078,-0.005809909,0.14328994,-0.0074903523,-0.0039212154,0.36577544,-0.0048855417,-0.0027356779,-0.0035886306,-0.0013670613,0.0050398745,-0.0027420844,0.008148123
ATAC_APOBEC4,-0.00091342634,-0.002195106,-0.0013761553,0.39414644,-0.0058202385,0.14103237,-0.0074867513,-0.003928487,0.36778557,-0.004890913,-0.0027487054,-0.003569166,-0.0013856097,0.006143961,-0.002726836,0.009951789
ATAC_AQP3,-0.00091342634,-0.002195106,-0.0013761553,0.39414644,-0.0058202385,0.14103237,-0.0074867513,-0.003928487,0.36778557,-0.004890913,-0.0027487054,-0.003569166,-0.0013856097,0.006143961,-0.002726836,0.009951789
ATAC_AREG,-0.00091342634,-0.002195106,-0.0013761553,0.39414644,-0.0058202385,0.14103237,-0.0074867513,-0.003928487,0.36778557,-0.004890913,-0.0027487054,-0.003569166,-0.0013856097,0.006143961,-0.002726836,0.009951789
ATAC_ARF4-AS1,-0.00091342634,-0.002195106,-0.0013761553,0.39414644,-0.0058202385,0.14103237,-0.0074867513,-0.003928487,0.36778557,-0.004890913,-0.0027487054,-0.003569166,-0.0013856097,0.006143961,-0.002726836,0.009951789
ATAC_ARHGAP10,-0.00091342634,-0.002195106,-0.0013761553,0.39414644,-0.0058202385,0.14103237,-0.0074867513,-0.003928487,0.36778557,-0.004890913,-0.0027487054,-0.003569166,-0.0013856097,0.006143961,-0.002726836,0.009951789
ATAC_ARHGAP24,-0.0009083604,-0.002190757,-0.0013776293,0.394368,-0.005814905,0.14094813,-0.007490289,-0.0039329003,0.36830753,-0.00489255,-0.0027420842,-0.0035757893,-0.0013899484,0.0055775978,-0.0027264,0.009774033
ATAC_ARHGAP33,-0.00091342634,-0.002195106,-0.0013761553,0.39414644,-0.0058202385,0.14103237,-0.0074867513,-0.003928487,0.36778557,-0.004890913,-0.0027487054,-0.003569166,-0.0013856097,0.006143961,-0.002726836,0.009951789
ATAC_ARHGAP35,-0.00091342634,-0.002195106,-0.0013761553,0.39414644,-0.0058202385,0.14103237,-0.0074867513,-0.003928487,0.36778557,-0.004890913,-0.0027487054,-0.003569166,-0.0013856097,0.006143961,-0.002726836,0.009951789
ATAC_ARHGAP39,-0.00091342634,-0.002195106,-0.0013761553,0.39414644,-0.0058202385,0.14103237,-0.0074867513,-0.003928487,0.36778557,-0.004890913,-0.0027487054,-0.003569166,-0.0013856097,0.006143961,-0.002726836,0.009951789
ATAC_ARHGAP5,-0.00091342634,-0.002195106,-0.0013761553,0.39414644,-0.0058202385,0.14103237,-0.0074867513,-0.003928487,0.36778557,-0.004890913,-0.0027487054,-0.003569166,-0.0013856097,0.006143961,-0.002726836,0.009951789
ATAC_ARHGAP8,-0.00091342634,-0.002195106,-0.0013761553,0.39414644,-0.0058202385,0.14103237,-0.0074867513,-0.003928487,0.36778557,-0.004890913,-0.0027487054,-0.003569166,-0.0013856097,0.006143961,-0.002726836,0.009951789
ATAC_ARHGEF10,-0.00091342634,-0.002195106,-0.0013761553,0.39414644,-0.0058202385,0.14103237,-0.0074867513,-0.003928487,0.36778557,-0.004890913,-0.0027487054,-0.003569166,-0.0013856097,0.006143961,-0.002726836,0.009951789
ATAC_ARHGEF12,-0.00091342634,-0.002195106,-0.0013761553,0.39414644,-0.0058202385,0.14103237,-0.0074867513,-0.003928487,0.36778557,-0.004890913,-0.0027487054,-0.003569166,-0.0013856097,0.006143961,-0.002726836,0.009951789
ATAC_ARHGEF25,-0.00091342634,-0.002195106,-0.0013761553,0.39414644,-0.0058202385,0.14103237,-0.0074867513,-0.003928487,0.36778557,-0.004890913,-0.0027487054,-0.003569166,-0.0013856097,0.006143961,-0.002726836,0.009951789
ATAC_ARIH2OS,-0.00091342634,-0.002195106,-0.0013761553,0.39414644,-0.0058202385,0.14103237,-0.0074867513,-0.003928487,0.36778557,-0.004890913,-0.0027487054,-0.003569166,-0.0013856097,0.006143961,-0.002726836,0.009951789
ATAC_ARL4D,-0.00091276143,-0.0022047418,-0.001371651,0.3952939,-0.005808187,0.14232913,-0.0074750525,-0.0039420263,0.36733,-0.004885167,-0.0027369792,-0.0035663354,-0.0013890138,0.005412314,-0.0027191022,0.009295601
ATAC_ARRDC3,-0.00091342634,-0.002195106,-0.0013761553,0.39414644,-0.0058202385,0.14103237,-0.0074867513,-0.003928487,0.36778557,-0.004890913,-0.0027487054,-0.003569166,-0.0013856097,0.006143961,-0.002726836,0.009951789
ATAC_ARSJ,-0.00091378647,-0.0021970277,-0.0013782722,0.39412314,-0.005820528,0.14106952,-0.0074844663,-0.0039293924,0.36785668,-0.004888715,-0.0027467292,-0.0035714072,-0.0013842476,0.0061832257,-0.0027291193,0.009709898
ATAC_ART5,-0.00091342634,-0.002195106,-0.0013761553,0.39414644,-0.0058202385,0.14103237,-0.0074867513,-0.003928487,0.36778557,-0.004890913,-0.0027487054,-0.003569166,-0.0013856097,0.006143961,-0.002726836,0.009951789
ATAC_ASIC1,-0.0009136853,-0.0021948314,-0.0013763853,0.3941154,-0.005820094,0.14105439,-0.0074868766,-0.003928391,0.36780918,-0.0048911218,-0.0027486496,-0.0035693129,-0.0013854988,0.00616619,-0.0027270096,0.009973925
ATAC_ASXL1,-0.00091342634,-0.002195106,-0.0013761553,0.39414644,-0.0058202385,0.14103237,-0.0074867513,-0.003928487,0.36778557,-0.004890913,-0.0027487054,-0.003569166,-0.0013856097,0.006143961,-0.002726836,0.009951789
ATAC_ATAD3B,-0.00091342634,-0.002195106,-0.0013761553,0.39414644,-0.0058202385,0.14103237,-0.0074867513,-0.003928487,0.36778557,-0.004890913,-0.0027487054,-0.003569166,-0.0013856097,0.006143961,-0.002726836,0.009951789
ATAC_ATF7IP2,-0.00091342634,-0.002195106,-0.0013761553,0.39414644,-0.0058202385,0.14103237,-0.0074867513,-0.003928487,0.36778557,-0.004890913,-0.0027487054,-0.003569166,-0.0013856097,0.006143961,-0.002726836,0.009951789
ATAC_ATG16L1,-0.00091342634,-0.002195106,-0.0013761553,0.39414644,-0.0058202385,0.14103237,-0.0074867513,-0.003928487,0.36778557,-0.004890913,-0.0027487054,-0.003569166,-0.0013856097,0.006143961,-0.002726836,0.009951789
ATAC_ATG4D,-0.0014318001,-0.0022786153,-0.0018577307,0.45017463,-0.0062076687,0.14975047,-0.0076045166,-0.0033568603,0.33233684,-0.0046963654,-0.0023686404,-0.0032848548,-0.0010774499,-0.00040442185,-0.0030894058,-0.0005346208
ATAC_ATN1,-0.00091342634,-0.002195106,-0.0013761553,0.39414644,-0.0058202385,0.14103237,-0.0074867513,-0.003928487,0.36778557,-0.004890913,-0.0027487054,-0.003569166,-0.0013856097,0.006143961,-0.002726836,0.009951789
ATAC_ATP1A3,-0.00091342634,-0.002195106,-0.0013761553,0.39414644,-0.0058202385,0.14103237,-0.0074867513,-0.003928487,0.36778557,-0.004890913,-0.0027487054,-0.003569166,-0.0013856097,0.006143961,-0.002726836,0.009951789
ATAC_ATP1B2,-0.00091342634,-0.002195106,-0.0013761553,0.39414644,-0.0058202385,0.14103237,-0.0074867513,-0.003928487,0.36778557,-0.004890913,-0.0027487054,-0.003569166,-0.0013856097,0.006143961,-0.002726836,0.009951789
ATAC_ATP2A3,-0.00091342634,-0.002195106,-0.0013761553,0.39414644,-0.0058202385,0.14103237,-0.0074867513,-0.003928487,0.36778557,-0.004890913,-0.0027487054,-0.003569166,-0.0013856097,0.006143961,-0.002726836,0.009951789
ATAC_ATP6V1H,-0.00091342634,-0.002195106,-0.0013761553,0.39414644,-0.0058202385,0.14103237,-0.0074867513,-0.003928487,0.36778557,-0.004890913,-0.0027487054,-0.003569166,-0.0013856097,0.006143961,-0.002726836,0.009951789
ATAC_ATP8B2,-0.00091342634,-0.002195106,-0.0013761553,0.39414644,-0.0058202385,0.14103237,-0.0074867513,-0.003928487,0.36778557,-0.004890913,-0.0027487054,-0.003569166,-0.0013856097,0.006143961,-0.002726836,0.009951789
ATAC_ATP9A,-0.00091342634,-0.002195106,-0.0013761553,0.39414644,-0.0058202385,0.14103237,-0.0074867513,-0.003928487,0.36778557,-0.004890913,-0.0027487054,-0.003569166,-0.0013856097,0.006143961,-0.002726836,0.009951789
ATAC_ATXN2-AS,-0.00091342634,-0.002195106,-0.0013761553,0.39414644,-0.0058202385,0.14103237,-0.0074867513,-0.003928487,0.36778557,-0.004890913,-0.0027487054,-0.003569166,-0.0013856097,0.006143961,-0.002726836,0.009951789
ATAC_ATXN7L3B,-0.00091342634,-0.002195106,-0.0013761553,0.39414644,-0.0058202385,0.14103237,-0.0074867513,-0.003928487,0.36778557,-0.004890913,-0.0027487054,-0.003569166,-0.0013856097,0.006143961,-0.002726836,0.009951789
ATAC_AVP,-0.00091342634,-0.002195106,-0.0013761553,0.39414644,-0.0058202385,0.14103237,-0.0074867513,-0.003928487,0.36778557,-0.004890913,-0.0027487054,-0.003569166,-0.0013856097,0.006143961,-0.002726836,0.009951789
ATAC_AXDND1,-0.00091342634,-0.002195106,-0.0013761553,0.39414644,-0.0058202385,0.14103237,-0.0074867513,-0.003928487,0.36778557,-0.004890913,-0.0027487054,-0.003569166,-0.0013856097,0.006143961,-0.002726836,0.009951789
ATAC_AXIN1,-0.00091342634,-0.002195106,-0.0013761553,0.39414644,-0.0058202385,0.14103237,-0.0074867513,-0.003928487,0.36778557,-0.004890913,-0.0027487054,-0.003569166,-0.0013856097,0.006143961,-0.002726836,0.009951789
ATAC_AXL,-0.00091342634,-0.002195106,-0.0013761553,0.39414644,-0.0058202385,0.14103237,-0.0074867513,-0.003928487,0.36778557,-0.004890913,-0.0027487054,-0.003569166,-0.0013856097,0.006143961,-0.002726836,0.009951789
ATAC_B3GLCT,-0.00090060284,-0.0021859615,-0.0013736775,0.39466858,-0.0058163595,0.14081423,-0.0074975365,-0.003940663,0.36631808,-0.0048859417,-0.0027386534,-0.0035770868,-0.0013825794,0.007459659,-0.0027408812,0.010555837
ATAC_B4GALNT3,-0.00085921306,-0.0028514194,-0.0010761732,0.37998796,-0.0050867763,0.08471882,-0.008042119,-0.003351063,0.31982675,-0.0051620514,-0.0025768164,-0.003328623,-0.0006605238,0.09671359,-0.0028322886,0.009930063
ATAC_B4GALNT4,-0.00091342634,-0.002195106,-0.0013761553,0.39414644,-0.0058202385,0.14103237,-0.0074867513,-0.003928487,0.36778557,-0.004890913,-0.0027487054,-0.003569166,-0.0013856097,0.006143961,-0.002726836,0.009951789
ATAC_BAIAP3,-0.00091342634,-0.002195106,-0.0013761553,0.39414644,-0.0058202385,0.14103237,-0.0074867513,-0.003928487,0.36778557,-0.004890913,-0.0027487054,-0.003569166,-0.0013856097,0.006143961,-0.002726836,0.009951789
ATAC_BAMBI,-0.00091342634,-0.002195106,-0.0013761553,0.39414644,-0.0058202385,0.14103237,-0.0074867513,-0.003928487,0.36778557,-0.004890913,-0.0027487054,-0.003569166,-0.0013856097,0.006143961,-0.002726836,0.009951789
ATAC_BATF,-0.00091342634,-0.002195106,-0.0013761553,0.39414644,-0.0058202385,0.14103237,-0.0074867513,-0.003928487,0.36778557,-0.004890913,-0.0027487054,-0.003569166,-0.0013856097,0.006143961,-0.002726836,0.009951789
ATAC_BAZ1B,-0.00091342634,-0.002195106,-0.0013761553,0.39414644,-0.0058202385,0.14103237,-0.0074867513,-0.003928487,0.36778557,-0.004890913,-0.0027487054,-0.003569166,-0.0013856097,0.006143961,-0.002726836,0.009951789
ATAC_BCAS4,-0.00091342634,-0.002195106,-0.0013761553,0.39414644,-0.0058202385,0.14103237,-0.0074867513,-0.003928487,0.36778557,-0.004890913,-0.0027487054,-0.003569166,-0.0013856097,0.006143961,-0.002726836,0.009951789
ATAC_BCKDHB,-0.00091342634,-0.002195106,-0.0013761553,0.39414644,-0.0058202385,0.14103237,-0.0074867513,-0.003928487,0.36778557,-0.004890913,-0.0027487054,-0.003569166,-0.0013856097,0.006143961,-0.002726836,0.009951789
ATAC_BCL2L13,-0.00091342634,-0.002195106,-0.0013761553,0.39414644,-0.0058202385,0.14103237,-0.0074867513,-0.003928487,0.36778557,-0.004890913,-0.0027487054,-0.003569166,-0.0013856097,0.006143961,-0.002726836,0.009951789
ATAC_BCL6B,-0.00091342634,-0.002195106,-0.0013761553,0.39414644,-0.0058202385,0.14103237,-0.0074867513,-0.003928487,0.36778557,-0.004890913,-0.0027487054,-0.003569166,-0.0013856097,0.006143961,-0.002726836,0.009951789
ATAC_BDP1,-0.00091342634,-0.002195106,-0.0013761553,0.39414644,-0.0058202385,0.14103237,-0.0074867513,-0.003928487,0.36778557,-0.004890913,-0.0027487054,-0.003569166,-0.0013856097,0.006143961,-0.002726836,0.009951789
ATAC_BEND5,-0.00091342634,-0.002195106,-0.0013761553,0.39414644,-0.0058202385,0.14103237,-0.0074867513,-0.003928487,0.36778557,-0.004890913,-0.0027487054,-0.003569166,-0.0013856097,0.006143961,-0.002726836,0.009951789
ATAC_BET1,-0.00091342634,-0.002195106,-0.0013761553,0.39414644,-0.0058202385,0.14103237,-0.0074867513,-0.003928487,0.36778557,-0.004890913,-0.0027487054,-0.003569166,-0.0013856097,0.006143961,-0.002726836,0.009951789
ATAC_BEX2,-0.00091342634,-0.002195106,-0.0013761553,0.39414644,-0.0058202385,0.14103237,-0.0074867513,-0.003928487,0.36778557,-0.004890913,-0.0027487054,-0.003569166,-0.0013856097,0.006143961,-0.002726836,0.009951789
ATAC_BEX3,-0.00091342634,-0.002195106,-0.0013761553,0.39414644,-0.0058202385,0.14103237,-0.0074867513,-0.003928487,0.36778557,-0.004890913,-0.0027487054,-0.003569166,-0.0013856097,0.006143961,-0.002726836,0.009951789
ATAC_BHLHE40-AS1,-0.00091342634,-0.002195106,-0.0013761553,0.39414644,-0.0058202385,0.14103237,-0.0074867513,-0.003928487,0.36778557,-0.004890913,-0.0027487054,-0.003569166,-0.0013856097,0.006143961,-0.002726836,0.009951789
ATAC_BICDL1,-0.0009114101,-0.002189941,-0.0013778271,0.39364886,-0.005819851,0.14098313,-0.0074878526,-0.003921317,0.3674783,-0.004897678,-0.002750793,-0.0035762459,-0.0013838566,0.0061594285,-0.0027323263,0.010082323
ATAC_BICDL2,-0.00091342634,-0.002195106,-0.0013761553,0.39414644,-0.0058202385,0.14103237,-0.0074867513,-0.003928487,0.36778557,-0.004890913,-0.0027487054,-0.003569166,-0.0013856097,0.006143961,-0.002726836,0.009951789
ATAC_BIN1,-0.00091049826,-0.0022058145,-0.0013627874,0.39363855,-0.005806047,0.14219266,-0.0074937646,-0.00393507,0.36650893,-0.004880987,-0.0027573556,-0.003571102,-0.0013939275,0.0068475045,-0.0027215001,0.008486409
ATAC_BIRC7,-0.00085921306,-0.0028514194,-0.0010761732,0.37998796,-0.0050867763,0.08471882,-0.008042119,-0.003351063,0.31982675,-0.0051620514,-0.0025768164,-0.003328623,-0.0006605238,0.09671359,-0.0028322886,0.009930063
ATAC_BLNK,-0.00091342634,-0.002195106,-0.0013761553,0.39414644,-0.0058202385,0.14103237,-0.0074867513,-0.003928487,0.36778557,-0.004890913,-0.0027487054,-0.003569166,-0.0013856097,0.006143961,-0.002726836,0.009951789
ATAC_BMP2,-0.00091342634,-0.002195106,-0.0013761553,0.39414644,-0.0058202385,0.14103237,-0.0074867513,-0.003928487,0.36778557,-0.004890913,-0.0027487054,-0.003569166,-0.0013856097,0.006143961,-0.002726836,0.009951789
ATAC_BMP3,-0.00091342634,-0.002195106,-0.0013761553,0.39414644,-0.0058202385,0.14103237,-0.0074867513,-0.003928487,0.36778557,-0.004890913,-0.0027487054,-0.003569166,-0.0013856097,0.006143961,-0.002726836,0.009951789
ATAC_BMPER,-0.00091342634,-0.002195106,-0.0013761553,0.39414644,-0.0058202385,0.14103237,-0.0074867513,-0.003928487,0.36778557,-0.004890913,-0.0027487054,-0.003569166,-0.0013856097,0.006143961,-0.002726836,0.009951789
ATAC_BMPR1B-DT,-0.0009335447,-0.0021758785,-0.0013949298,0.3960004,-0.0058335555,0.14248018,-0.007496143,-0.003922221,0.36949682,-0.004910254,-0.0027642637,-0.0035727876,-0.0013787244,0.0051339306,-0.0027433294,0.008543003
ATAC_BNC2,-0.00091342634,-0.002195106,-0.0013761553,0.39414644,-0.0058202385,0.14103237,-0.0074867513,-0.003928487,0.36778557,-0.004890913,-0.0027487054,-0.003569166,-0.0013856097,0.006143961,-0.002726836,0.009951789
ATAC_BPGM,-0.00091342634,-0.002195106,-0.0013761553,0.39414644,-0.0058202385,0.14103237,-0.0074867513,-0.003928487,0.36778557,-0.004890913,-0.0027487054,-0.003569166,-0.0013856097,0.006143961,-0.002726836,0.009951789
ATAC_BRDT,-0.00091342634,-0.002195106,-0.0013761553,0.39414644,-0.0058202385,0.14103237,-0.0074867513,-0.003928487,0.36778557,-0.004890913,-0.0027487054,-0.003569166,-0.0013856097,0.006143961,-0.002726836,0.009951789
ATAC_BRF1,-0.00091342634,-0.002195106,-0.0013761553,0.39414644,-0.0058202385,0.14103237,-0.0074867513,-0.003928487,0.36778557,-0.004890913,-0.0027487054,-0.003569166,-0.0013856097,0.006143961,-0.002726836,0.009951789
ATAC_BRIX1,-0.00091342634,-0.002195106,-0.0013761553,0.39414644,-0.0058202385,0.14103237,-0.0074867513,-0.003928487,0.36778557,-0.004890913,-0.0027487054,-0.003569166,-0.0013856097,0.006143961,-0.002726836,0.009951789
ATAC_BRPF1,-0.00091342634,-0.002195106,-0.0013761553,0.39414644,-0.0058202385,0.14103237,-0.0074867513,-0.003928487,0.36778557,-0.004890913,-0.0027487054,-0.003569166,-0.0013856097,0.006143961,-0.002726836,0.009951789
ATAC_BSX,-0.00091342634,-0.002195106,-0.0013761553,0.39414644,-0.0058202385,0.14103237,-0.0074867513,-0.003928487,0.36778557,-0.004890913,-0.0027487054,-0.003569166,-0.0013856097,0.006143961,-0.002726836,0.009951789
ATAC_BTBD17,-0.00091342634,-0.002195106,-0.0013761553,0.39414644,-0.0058202385,0.14103237,-0.0074867513,-0.003928487,0.36778557,-0.004890913,-0.0027487054,-0.003569166,-0.0013856097,0.006143961,-0.002726836,0.009951789
ATAC_BTBD6,-0.00091342634,-0.002195106,-0.0013761553,0.39414644,-0.0058202385,0.14103237,-0.0074867513,-0.003928487,0.36778557,-0.004890913,-0.0027487054,-0.003569166,-0.0013856097,0.006143961,-0.002726836,0.009951789
ATAC_BTBD8,-0.00091342634,-0.002195106,-0.0013761553,0.39414644,-0.0058202385,0.14103237,-0.0074867513,-0.003928487,0.36778557,-0.004890913,-0.0027487054,-0.003569166,-0.0013856097,0.006143961,-0.002726836,0.009951789
ATAC_BTG3-AS1,-0.00091342634,-0.002195106,-0.0013761553,0.39414644,-0.0058202385,0.14103237,-0.0074867513,-0.003928487,0.36778557,-0.004890913,-0.0027487054,-0.003569166,-0.0013856097,0.006143961,-0.002726836,0.009951789
ATAC_BTN3A1,-0.00090060284,-0.0021859615,-0.0013736775,0.39466858,-0.0058163595,0.14081423,-0.0074975365,-0.003940663,0.36631808,-0.0048859417,-0.0027386534,-0.0035770868,-0.0013825794,0.007459659,-0.0027408812,0.010555837
ATAC_BTRC,-0.00091342634,-0.002195106,-0.0013761553,0.39414644,-0.0058202385,0.14103237,-0.0074867513,-0.003928487,0.36778557,-0.004890913,-0.0027487054,-0.003569166,-0.0013856097,0.006143961,-0.002726836,0.009951789
ATAC_C10orf95,-0.0009130204,-0.0022044675,-0.001371881,0.39526284,-0.005808043,0.14235115,-0.0074751773,-0.0039419294,0.36735362,-0.0048853755,-0.0027369233,-0.0035664823,-0.0013889028,0.005434543,-0.002719276,0.009317737
ATAC_C11orf52,-0.00091342634,-0.002195106,-0.0013761553,0.39414644,-0.0058202385,0.14103237,-0.0074867513,-0.003928487,0.36778557,-0.004890913,-0.0027487054,-0.003569166,-0.0013856097,0.006143961,-0.002726836,0.009951789
ATAC_C11orf65,-0.00091342634,-0.002195106,-0.0013761553,0.39414644,-0.0058202385,0.14103237,-0.0074867513,-0.003928487,0.36778557,-0.004890913,-0.0027487054,-0.003569166,-0.0013856097,0.006143961,-0.002726836,0.009951789
ATAC_C12orf42,-0.0009105464,-0.0021951324,-0.0013739556,0.39374536,-0.005819498,0.14079864,-0.0074908393,-0.0039298534,0.36747813,-0.0048883236,-0.0027526265,-0.003569026,-0.0013886556,0.0061175562,-0.0027294396,0.009530757
ATAC_C15orf61,-0.00091342634,-0.002195106,-0.0013761553,0.39414644,-0.0058202385,0.14103237,-0.0074867513,-0.003928487,0.36778557,-0.004890913,-0.0027487054,-0.003569166,-0.0013856097,0.006143961,-0.002726836,0.009951789
ATAC_C17orf80,-0.00091342634,-0.002195106,-0.0013761553,0.39414644,-0.0058202385,0.14103237,-0.0074867513,-0.003928487,0.36778557,-0.004890913,-0.0027487054,-0.003569166,-0.0013856097,0.006143961,-0.002726836,0.009951789
ATAC_C17orf99,-0.0009082048,-0.002194612,-0.0013696823,0.39287388,-0.005827985,0.1409599,-0.007477914,-0.003933105,0.3667086,-0.0049039084,-0.0027468388,-0.0035757017,-0.0013801361,0.006160978,-0.0027209988,0.01049595
ATAC_C19orf25,-0.00091342634,-0.002195106,-0.0013761553,0.39414644,-0.0058202385,0.14103237,-0.0074867513,-0.003928487,0.36778557,-0.004890913,-0.0027487054,-0.003569166,-0.0013856097,0.006143961,-0.002726836,0.009951789
ATAC_C19orf84,-0.00091342634,-0.002195106,-0.0013761553,0.39414644,-0.0058202385,0.14103237,-0.0074867513,-0.003928487,0.36778557,-0.004890913,-0.0027487054,-0.003569166,-0.0013856097,0.006143961,-0.002726836,0.009951789
ATAC_C1QL4,-0.00091049826,-0.0022058145,-0.0013627874,0.39363855,-0.005806047,0.14219266,-0.0074937646,-0.00393507,0.36650893,-0.004880987,-0.0027573556,-0.003571102,-0.0013939275,0.0068475045,-0.0027215001,0.008486409
ATAC_C1QTNF12,-0.00091342634,-0.002195106,-0.0013761553,0.39414644,-0.0058202385,0.14103237,-0.0074867513,-0.003928487,0.36778557,-0.004890913,-0.0027487054,-0.003569166,-0.0013856097,0.006143961,-0.002726836,0.009951789
ATAC_C1orf141,-8.560076e-05,-0.0014242387,-0.0021895121,0.4376525,-0.0050953436,0.16704933,-0.007072227,-0.0036565338,0.39033255,-0.005482762,-0.002625306,-0.0033882612,-0.00043797973,-0.00040265324,-0.0020461916,-0.00060364936
ATAC_C1orf159,-0.00091342634,-0.002195106,-0.0013761553,0.39414644,-0.0058202385,0.14103237,-0.0074867513,-0.003928487,0.36778557,-0.004890913,-0.0027487054,-0.003569166,-0.0013856097,0.006143961,-0.002726836,0.009951789
ATAC_C1orf35,-0.00090464565,-0.002191116,-0.0013642535,0.3925488,-0.0058352803,0.14238825,-0.0074843797,-0.0039193993,0.36701193,-0.00490887,-0.002760105,-0.0035673385,-0.0013830982,0.005759839,-0.0027162805,0.011100609
ATAC_C2CD4B,-0.00091635366,-0.0021881687,-0.0013664626,0.39525148,-0.0058228243,0.14062434,-0.0074972115,-0.0039223186,0.3670534,-0.004881518,-0.0027597616,-0.0035587703,-0.0013818975,0.0076893307,-0.002721844,0.010411877
ATAC_C3orf52,-0.0009083604,-0.002190757,-0.0013776293,0.394368,-0.005814905,0.14094813,-0.007490289,-0.0039329003,0.36830753,-0.00489255,-0.0027420842,-0.0035757893,-0.0013899484,0.0055775978,-0.0027264,0.009774033
ATAC_C4BPA,-0.00091342634,-0.002195106,-0.0013761553,0.39414644,-0.0058202385,0.14103237,-0.0074867513,-0.003928487,0.36778557,-0.004890913,-0.0027487054,-0.003569166,-0.0013856097,0.006143961,-0.002726836,0.009951789
ATAC_C5orf67,-0.00091342634,-0.002195106,-0.0013761553,0.39414644,-0.0058202385,0.14103237,-0.0074867513,-0.003928487,0.36778557,-0.004890913,-0.0027487054,-0.003569166,-0.0013856097,0.006143961,-0.002726836,0.009951789
ATAC_C6orf141,-0.00091342634,-0.002195106,-0.0013761553,0.39414644,-0.0058202385,0.14103237,-0.0074867513,-0.003928487,0.36778557,-0.004890913,-0.0027487054,-0.003569166,-0.0013856097,0.006143961,-0.002726836,0.009951789
ATAC_C7orf31,-0.00091342634,-0.002195106,-0.0013761553,0.39414644,-0.0058202385,0.14103237,-0.0074867513,-0.003928487,0.36778557,-0.004890913,-0.0027487054,-0.003569166,-0.0013856097,0.006143961,-0.002726836,0.009951789
ATAC_CA6,-0.00091342634,-0.002195106,-0.0013761553,0.39414644,-0.0058202385,0.14103237,-0.0074867513,-0.003928487,0.36778557,-0.004890913,-0.0027487054,-0.003569166,-0.0013856097,0.006143961,-0.002726836,0.009951789
ATAC_CACNA1C-AS1,-0.00091342634,-0.002195106,-0.0013761553,0.39414644,-0.0058202385,0.14103237,-0.0074867513,-0.003928487,0.36778557,-0.004890913,-0.0027487054,-0.003569166,-0.0013856097,0.006143961,-0.002726836,0.009951789
ATAC_CACNA1H,-0.0006299046,-0.00086990505,-0.0021812813,0.38032544,-0.0053263893,0.19931287,-0.007627409,-0.004911868,0.33531487,-0.0053343954,-0.0012606112,-0.004592328,-0.0023549108,-0.0008438031,-0.0013815283,0.040636156
ATAC_CACNA2D2,-0.00091342634,-0.002195106,-0.0013761553,0.39414644,-0.0058202385,0.14103237,-0.0074867513,-0.003928487,0.36778557,-0.004890913,-0.0027487054,-0.003569166,-0.0013856097,0.006143961,-0.002726836,0.009951789
ATAC_CADM1,-0.00091342634,-0.002195106,-0.0013761553,0.39414644,-0.0058202385,0.14103237,-0.0074867513,-0.003928487,0.36778557,-0.004890913,-0.0027487054,-0.003569166,-0.0013856097,0.006143961,-0.002726836,0.009951789
ATAC_CADM2,-0.00091342634,-0.002195106,-0.0013761553,0.39414644,-0.0058202385,0.14103237,-0.0074867513,-0.003928487,0.36778557,-0.004890913,-0.0027487054,-0.003569166,-0.0013856097,0.006143961,-0.002726836,0.009951789
ATAC_CALB2,-0.00091342634,-0.002195106,-0.0013761553,0.39414644,-0.0058202385,0.14103237,-0.0074867513,-0.003928487,0.36778557,-0.004890913,-0.0027487054,-0.003569166,-0.0013856097,0.006143961,-0.002726836,0.009951789
ATAC_CAMTA1-DT,-0.00091342634,-0.002195106,-0.0013761553,0.39414644,-0.0058202385,0.14103237,-0.0074867513,-0.003928487,0.36778557,-0.004890913,-0.0027487054,-0.003569166,-0.0013856097,0.006143961,-0.002726836,0.009951789
ATAC_CAPN12,-0.00090771663,-0.002188174,-0.0013804153,0.39317083,-0.0058321594,0.14202403,-0.0074782907,-0.0039347513,0.36797678,-0.0048902864,-0.0027565043,-0.0035701704,-0.0013750436,0.005133096,-0.0027345177,0.008900557
ATAC_CAPRIN2,-0.00091342634,-0.002195106,-0.0013761553,0.39414644,-0.0058202385,0.14103237,-0.0074867513,-0.003928487,0.36778557,-0.004890913,-0.0027487054,-0.003569166,-0.0013856097,0.006143961,-0.002726836,0.009951789
ATAC_CARMIL2,-0.0006299046,-0.00086990505,-0.0021812813,0.38032544,-0.0053263893,0.19931287,-0.007627409,-0.004911868,0.33531487,-0.0053343954,-0.0012606112,-0.004592328,-0.0023549108,-0.0008438031,-0.0013815283,0.040636156
ATAC_CARNS1,-0.00091342634,-0.002195106,-0.0013761553,0.39414644,-0.0058202385,0.14103237,-0.0074867513,-0.003928487,0.36778557,-0.004890913,-0.0027487054,-0.003569166,-0.0013856097,0.006143961,-0.002726836,0.009951789
ATAC_CASKIN1,0.01529941,-0.0029777747,-0.002779127,0.12968703,-0.0081769675,0.064344466,-0.006527795,-0.0014904777,0.49352762,-0.0029705588,-0.0032849973,-0.0012937884,-0.0011492718,-0.00037872704,0.013717353,0.05942204
ATAC_CASP8,-0.00091342634,-0.002195106,-0.0013761553,0.39414644,-0.0058202385,0.14103237,-0.0074867513,-0.003928487,0.36778557,-0.004890913,-0.0027487054,-0.003569166,-0.0013856097,0.006143961,-0.002726836,0.009951789
ATAC_CASP8AP2,-0.00091342634,-0.002195106,-0.0013761553,0.39414644,-0.0058202385,0.14103237,-0.0074867513,-0.003928487,0.36778557,-0.004890913,-0.0027487054,-0.003569166,-0.0013856097,0.006143961,-0.002726836,0.009951789
ATAC_CBFB,-0.00091342634,-0.002195106,-0.0013761553,0.39414644,-0.0058202385,0.14103237,-0.0074867513,-0.003928487,0.36778557,-0.004890913,-0.0027487054,-0.003569166,-0.0013856097,0.006143961,-0.002726836,0.009951789
ATAC_CBX4,-0.00091342634,-0.002195106,-0.0013761553,0.39414644,-0.0058202385,0.14103237,-0.0074867513,-0.003928487,0.36778557,-0.004890913,-0.0027487054,-0.003569166,-0.0013856097,0.006143961,-0.002726836,0.009951789
ATAC_CCDC134,-0.00091342634,-0.002195106,-0.0013761553,0.39414644,-0.0058202385,0.14103237,-0.0074867513,-0.003928487,0.36778557,-0.004890913,-0.0027487054,-0.003569166,-0.0013856097,0.006143961,-0.002726836,0.009951789
ATAC_CCDC141,-0.00091342634,-0.002195106,-0.0013761553,0.39414644,-0.0058202385,0.14103237,-0.0074867513,-0.003928487,0.36778557,-0.004890913,-0.0027487054,-0.003569166,-0.0013856097,0.006143961,-0.002726836,0.009951789
ATAC_CCDC15-DT,-0.00091342634,-0.002195106,-0.0013761553,0.39414644,-0.0058202385,0.14103237,-0.0074867513,-0.003928487,0.36778557,-0.004890913,-0.0027487054,-0.003569166,-0.0013856097,0.006143961,-0.002726836,0.009951789
ATAC_CCDC158,-0.001377587,-0.0029349285,-0.0015577485,0.4360161,-0.0054742065,0.09343692,-0.008159884,-0.0027794354,0.28437805,-0.0049675046,-0.0021967513,-0.003044312,-0.00035236383,0.05012745,-0.0031948586,-0.00053483807
ATAC_CCDC171,-0.0009098672,-0.00219161,-0.0013707265,0.39382136,-0.005827534,0.14246072,-0.0074932175,-0.003914781,0.3680889,-0.0048958748,-0.0027619717,-0.003560803,-0.0013885718,0.005742822,-0.0027221176,0.010556448
ATAC_CCDC34,-0.00091342634,-0.002195106,-0.0013761553,0.39414644,-0.0058202385,0.14103237,-0.0074867513,-0.003928487,0.36778557,-0.004890913,-0.0027487054,-0.003569166,-0.0013856097,0.006143961,-0.002726836,0.009951789
ATAC_CCDC42,-0.00091342634,-0.002195106,-0.0013761553,0.39414644,-0.0058202385,0.14103237,-0.0074867513,-0.003928487,0.36778557,-0.004890913,-0.0027487054,-0.003569166,-0.0013856097,0.006143961,-0.002726836,0.009951789
ATAC_CCDC62,-0.00091342634,-0.002195106,-0.0013761553,0.39414644,-0.0058202385,0.14103237,-0.0074867513,-0.003928487,0.36778557,-0.004890913,-0.0027487054,-0.003569166,-0.0013856097,0.006143961,-0.002726836,0.009951789
ATAC_CCER2,-0.00091342634,-0.002195106,-0.0013761553,0.39414644,-0.0058202385,0.14103237,-0.0074867513,-0.003928487,0.36778557,-0.004890913,-0.0027487054,-0.003569166,-0.0013856097,0.006143961,-0.002726836,0.009951789
ATAC_CCKBR,-0.00091342634,-0.002195106,-0.0013761553,0.39414644,-0.0058202385,0.14103237,-0.0074867513,-0.003928487,0.36778557,-0.004890913,-0.0027487054,-0.003569166,-0.0013856097,0.006143961,-0.002726836,0.009951789
ATAC_CCL22,-0.0008068117,-0.0024243607,-0.0006480862,0.40347397,-0.0054449267,0.21855581,-0.006522894,-0.003586409,0.33322683,-0.0041442597,-0.0022412648,-0.0033418403,-0.0012516238,-0.0005681758,-0.0018777698,0.009755332
ATAC_CCL3,-0.00091342634,-0.002195106,-0.0013761553,0.39414644,-0.0058202385,0.14103237,-0.0074867513,-0.003928487,0.36778557,-0.004890913,-0.0027487054,-0.003569166,-0.0013856097,0.006143961,-0.002726836,0.009951789
ATAC_CCL4,-0.00091342634,-0.002195106,-0.0013761553,0.39414644,-0.0058202385,0.14103237,-0.0074867513,-0.003928487,0.36778557,-0.004890913,-0.0027487054,-0.003569166,-0.0013856097,0.006143961,-0.002726836,0.009951789
ATAC_CCL4L2,-0.00091342634,-0.002195106,-0.0013761553,0.39414644,-0.0058202385,0.14103237,-0.0074867513,-0.003928487,0.36778557,-0.004890913,-0.0027487054,-0.003569166,-0.0013856097,0.006143961,-0.002726836,0.009951789
ATAC_CCL5,-0.0009335447,-0.0021758785,-0.0013949298,0.3960004,-0.0058335555,0.14248018,-0.007496143,-0.003922221,0.36949682,-0.004910254,-0.0027642637,-0.0035727876,-0.0013787244,0.0051339306,-0.0027433294,0.008543003
ATAC_CCND2,-0.00091342634,-0.002195106,-0.0013761553,0.39414644,-0.0058202385,0.14103237,-0.0074867513,-0.003928487,0.36778557,-0.004890913,-0.0027487054,-0.003569166,-0.0013856097,0.006143961,-0.002726836,0.009951789
ATAC_CCNI2,-0.00091342634,-0.002195106,-0.0013761553,0.39414644,-0.0058202385,0.14103237,-0.0074867513,-0.003928487,0.36778557,-0.004890913,-0.0027487054,-0.003569166,-0.0013856097,0.006143961,-0.002726836,0.009951789
ATAC_CCR6,-0.00091342634,-0.002195106,-0.0013761553,0.39414644,-0.0058202385,0.14103237,-0.0074867513,-0.003928487,0.36778557,-0.004890913,-0.0027487054,-0.003569166,-0.0013856097,0.006143961,-0.002726836,0.009951789
ATAC_CCSER1,-0.00091276143,-0.0022047418,-0.001371651,0.3952939,-0.005808187,0.14232913,-0.0074750525,-0.0039420263,0.36733,-0.004885167,-0.0027369792,-0.0035663354,-0.0013890138,0.005412314,-0.0027191022,0.009295601
ATAC_CD160,-0.00091342634,-0.002195106,-0.0013761553,0.39414644,-0.0058202385,0.14103237,-0.0074867513,-0.003928487,0.36778557,-0.004890913,-0.0027487054,-0.003569166,-0.0013856097,0.006143961,-0.002726836,0.009951789
ATAC_CD200R1L,-0.00091342634,-0.002195106,-0.0013761553,0.39414644,-0.0058202385,0.14103237,-0.0074867513,-0.003928487,0.36778557,-0.004890913,-0.0027487054,-0.003569166,-0.0013856097,0.006143961,-0.002726836,0.009951789
ATAC_CD226,-0.00091342634,-0.002195106,-0.0013761553,0.39414644,-0.0058202385,0.14103237,-0.0074867513,-0.003928487,0.36778557,-0.004890913,-0.0027487054,-0.003569166,-0.0013856097,0.006143961,-0.002726836,0.009951789
ATAC_CD28,-0.00091342634,-0.002195106,-0.0013761553,0.39414644,-0.0058202385,0.14103237,-0.0074867513,-0.003928487,0.36778557,-0.004890913,-0.0027487054,-0.003569166,-0.0013856097,0.006143961,-0.002726836,0.009951789
ATAC_CD320,-0.00091862923,-0.002184325,-0.0013677159,0.39408308,-0.005820053,0.14102049,-0.007497943,-0.003925711,0.3681443,-0.004899566,-0.0027374309,-0.0035677014,-0.001379017,0.0056503154,-0.0027175313,0.008917589
ATAC_CD38,-0.00091342634,-0.002195106,-0.0013761553,0.39414644,-0.0058202385,0.14103237,-0.0074867513,-0.003928487,0.36778557,-0.004890913,-0.0027487054,-0.003569166,-0.0013856097,0.006143961,-0.002726836,0.009951789
ATAC_CD40LG,-0.00091342634,-0.002195106,-0.0013761553,0.39414644,-0.0058202385,0.14103237,-0.0074867513,-0.003928487,0.36778557,-0.004890913,-0.0027487054,-0.003569166,-0.0013856097,0.006143961,-0.002726836,0.009951789
ATAC_CD5L,-0.000914207,-0.0021984258,-0.0013765057,0.39461032,-0.0058250693,0.14080408,-0.0074897753,-0.0039233183,0.3682507,-0.0048899953,-0.0027510324,-0.003567925,-0.0013869992,0.0059067793,-0.0027256778,0.010150332
ATAC_CD7,-0.0023729303,-0.003422901,0.020272553,0.21368319,-0.004244879,0.13477245,-0.0059964526,-0.0022090098,0.2692378,-0.0042093843,-0.0045897705,-0.0017857387,-0.0032940859,0.10665566,-0.0036105216,0.17494681
ATAC_CD79A,-0.00091342634,-0.002195106,-0.0013761553,0.39414644,-0.0058202385,0.14103237,-0.0074867513,-0.003928487,0.36778557,-0.004890913,-0.0027487054,-0.003569166,-0.0013856097,0.006143961,-0.002726836,0.009951789
ATAC_CD8A,-0.00091342634,-0.002195106,-0.0013761553,0.39414644,-0.0058202385,0.14103237,-0.0074867513,-0.003928487,0.36778557,-0.004890913,-0.0027487054,-0.003569166,-0.0013856097,0.006143961,-0.002726836,0.009951789
ATAC_CDC14B,-0.00091342634,-0.002195106,-0.0013761553,0.39414644,-0.0058202385,0.14103237,-0.0074867513,-0.003928487,0.36778557,-0.004890913,-0.0027487054,-0.003569166,-0.0013856097,0.006143961,-0.002726836,0.009951789
ATAC_CDC25C,-0.00091049826,-0.0022058145,-0.0013627874,0.39363855,-0.005806047,0.14219266,-0.0074937646,-0.00393507,0.36650893,-0.004880987,-0.0027573556,-0.003571102,-0.0013939275,0.0068475045,-0.0027215001,0.008486409
ATAC_CDC42-AS1,-0.00091342634,-0.002195106,-0.0013761553,0.39414644,-0.0058202385,0.14103237,-0.0074867513,-0.003928487,0.36778557,-0.004890913,-0.0027487054,-0.003569166,-0.0013856097,0.006143961,-0.002726836,0.009951789
ATAC_CDH2,-0.00091342634,-0.002195106,-0.0013761553,0.39414644,-0.0058202385,0.14103237,-0.0074867513,-0.003928487,0.36778557,-0.004890913,-0.0027487054,-0.003569166,-0.0013856097,0.006143961,-0.002726836,0.009951789
ATAC_CDHR1,-0.00091378647,-0.0021970277,-0.0013782722,0.39412314,-0.005820528,0.14106952,-0.0074844663,-0.0039293924,0.36785668,-0.004888715,-0.0027467292,-0.0035714072,-0.0013842476,0.0061832257,-0.0027291193,0.009709898
ATAC_CDHR3,-0.00091342634,-0.002195106,-0.0013761553,0.39414644,-0.0058202385,0.14103237,-0.0074867513,-0.003928487,0.36778557,-0.004890913,-0.0027487054,-0.003569166,-0.0013856097,0.006143961,-0.002726836,0.009951789
ATAC_CDK5RAP2,-0.00091342634,-0.002195106,-0.0013761553,0.39414644,-0.0058202385,0.14103237,-0.0074867513,-0.003928487,0.36778557,-0.004890913,-0.0027487054,-0.003569166,-0.0013856097,0.006143961,-0.002726836,0.009951789
ATAC_CDK9,-0.00091342634,-0.002195106,-0.0013761553,0.39414644,-0.0058202385,0.14103237,-0.0074867513,-0.003928487,0.36778557,-0.004890913,-0.0027487054,-0.003569166,-0.0013856097,0.006143961,-0.002726836,0.009951789
ATAC_CDKN1C,-0.00091342634,-0.002195106,-0.0013761553,0.39414644,-0.0058202385,0.14103237,-0.0074867513,-0.003928487,0.36778557,-0.004890913,-0.0027487054,-0.003569166,-0.0013856097,0.006143961,-0.002726836,0.009951789
ATAC_CDO1,-0.00071925693,-0.0018456789,-0.0014616052,0.36821127,-0.0061785923,0.13799013,-0.00787604,-0.0034936117,0.39128733,-0.0046653086,-0.0027227357,-0.0037831508,-0.0014476858,0.006141443,-0.002794148,0.018656304
ATAC_CEACAM21,-0.00091342634,-0.002195106,-0.0013761553,0.39414644,-0.0058202385,0.14103237,-0.0074867513,-0.003928487,0.36778557,-0.004890913,-0.0027487054,-0.003569166,-0.0013856097,0.006143961,-0.002726836,0.009951789
ATAC_CEBPD,-0.00091342634,-0.002195106,-0.0013761553,0.39414644,-0.0058202385,0.14103237,-0.0074867513,-0.003928487,0.36778557,-0.004890913,-0.0027487054,-0.003569166,-0.0013856097,0.006143961,-0.002726836,0.009951789
ATAC_CELF5,-0.0007832863,-0.0018595904,-0.000568454,0.4150812,-0.0035199756,0.22898455,-0.0041390005,-0.0057356083,0.09872569,-0.002263383,-0.00017452954,-0.0024902513,0.007011397,0.102849066,-0.002818498,0.063452974
ATAC_CENPM,-8.560076e-05,-0.0014242387,-0.0021895121,0.4376525,-0.0050953436,0.16704933,-0.007072227,-0.0036565338,0.39033255,-0.005482762,-0.002625306,-0.0033882612,-0.00043797973,-0.00040265324,-0.0020461916,-0.00060364936
ATAC_CENPV,-0.00092695403,-0.0021840034,-0.001375296,0.3932239,-0.0058267377,0.14084363,-0.007490482,-0.003932526,0.36927596,-0.0049041105,-0.0027367505,-0.0035702665,-0.001385204,0.0068804733,-0.0027055144,0.009918964
ATAC_CEP126,-0.0011482785,-0.0009534144,-0.0026628568,0.43635362,-0.0057138195,0.20803097,-0.007745174,-0.0043402403,0.29986614,-0.0051398478,-0.0008805461,-0.004308017,-0.0020467509,-0.0013096646,-0.0017440981,-0.00022777716
ATAC_CEP128,-0.0009105464,-0.0021951324,-0.0013739556,0.39374536,-0.005819498,0.14079864,-0.0074908393,-0.0039298534,0.36747813,-0.0048883236,-0.0027526265,-0.003569026,-0.0013886556,0.0061175562,-0.0027294396,0.009530757
ATAC_CEP19,-0.00091342634,-0.002195106,-0.0013761553,0.39414644,-0.0058202385,0.14103237,-0.0074867513,-0.003928487,0.36778557,-0.004890913,-0.0027487054,-0.003569166,-0.0013856097,0.006143961,-0.002726836,0.009951789
ATAC_CEP295,-0.00091342634,-0.002195106,-0.0013761553,0.39414644,-0.0058202385,0.14103237,-0.0074867513,-0.003928487,0.36778557,-0.004890913,-0.0027487054,-0.003569166,-0.0013856097,0.006143961,-0.002726836,0.009951789
ATAC_CEP70,-0.00091342634,-0.002195106,-0.0013761553,0.39414644,-0.0058202385,0.14103237,-0.0074867513,-0.003928487,0.36778557,-0.004890913,-0.0027487054,-0.003569166,-0.0013856097,0.006143961,-0.002726836,0.009951789
ATAC_CEP97,-0.00091342634,-0.002195106,-0.0013761553,0.39414644,-0.0058202385,0.14103237,-0.0074867513,-0.003928487,0.36778557,-0.004890913,-0.0027487054,-0.003569166,-0.0013856097,0.006143961,-0.002726836,0.009951789
ATAC_CERCAM,-0.00091342634,-0.002195106,-0.0013761553,0.39414644,-0.0058202385,0.14103237,-0.0074867513,-0.003928487,0.36778557,-0.004890913,-0.0027487054,-0.003569166,-0.0013856097,0.006143961,-0.002726836,0.009951789
ATAC_CERNA1,0.014779121,-0.0029669937,-0.0027706877,0.12962365,-0.008176783,0.06433259,-0.006538986,-0.0014877011,0.49388635,-0.002979211,-0.0032737227,-0.0012923242,-0.0011426791,-0.00038366352,0.014647812,0.05838784
ATAC_CFAP36,-0.00091342634,-0.002195106,-0.0013761553,0.39414644,-0.0058202385,0.14103237,-0.0074867513,-0.003928487,0.36778557,-0.004890913,-0.0027487054,-0.003569166,-0.0013856097,0.006143961,-0.002726836,0.009951789
ATAC_CFAP44,-0.00091342634,-0.002195106,-0.0013761553,0.39414644,-0.0058202385,0.14103237,-0.0074867513,-0.003928487,0.36778557,-0.004890913,-0.0027487054,-0.003569166,-0.0013856097,0.006143961,-0.002726836,0.009951789
ATAC_CFAP61,-0.00088990096,-0.0016303355,-0.0012965231,0.40575373,-0.0038952865,0.15146111,-0.00510286,-0.006077687,0.1332844,-0.0030100376,-0.00068197056,-0.002717577,-6.387189e-05,0.16581057,-0.0036675644,0.06364943
ATAC_CFAP70,-0.0009082048,-0.002194612,-0.0013696823,0.39287388,-0.005827985,0.1409599,-0.007477914,-0.003933105,0.3667086,-0.0049039084,-0.0027468388,-0.0035757017,-0.0013801361,0.006160978,-0.0027209988,0.01049595
ATAC_CFAP74,-0.0008594721,-0.0028511449,-0.0010764033,0.3799569,-0.0050866324,0.08474084,-0.008042245,-0.0033509666,0.31985036,-0.00516226,-0.0025767605,-0.00332877,-0.0006604126,0.09673581,-0.0028324623,0.009952199
ATAC_CFAP97,-0.00091342634,-0.002195106,-0.0013761553,0.39414644,-0.0058202385,0.14103237,-0.0074867513,-0.003928487,0.36778557,-0.004890913,-0.0027487054,-0.003569166,-0.0013856097,0.006143961,-0.002726836,0.009951789
ATAC_CFAP97D2,-0.0009082048,-0.002194612,-0.0013696823,0.39287388,-0.005827985,0.1409599,-0.007477914,-0.003933105,0.3667086,-0.0049039084,-0.0027468388,-0.0035757017,-0.0013801361,0.006160978,-0.0027209988,0.01049595
ATAC_CFB,-0.00091342634,-0.002195106,-0.0013761553,0.39414644,-0.0058202385,0.14103237,-0.0074867513,-0.003928487,0.36778557,-0.004890913,-0.0027487054,-0.003569166,-0.0013856097,0.006143961,-0.002726836,0.009951789
ATAC_CHAC1,-0.0008902872,-0.0021747851,-0.001368302,0.3946322,-0.00582183,0.1442816,-0.007481891,-0.0039274795,0.36596665,-0.0048849145,-0.0027434768,-0.0035896348,-0.0013564952,0.0040290095,-0.0027497665,0.0070968904
ATAC_CHD7,-0.00091342634,-0.002195106,-0.0013761553,0.39414644,-0.0058202385,0.14103237,-0.0074867513,-0.003928487,0.36778557,-0.004890913,-0.0027487054,-0.003569166,-0.0013856097,0.006143961,-0.002726836,0.009951789
ATAC_CHI3L2,-0.00091342634,-0.002195106,-0.0013761553,0.39414644,-0.0058202385,0.14103237,-0.0074867513,-0.003928487,0.36778557,-0.004890913,-0.0027487054,-0.003569166,-0.0013856097,0.006143961,-0.002726836,0.009951789
ATAC_CHODL,-0.0009134316,-0.0021951061,-0.0013761601,0.3941459,-0.0058202487,0.14103328,-0.007486755,-0.003928487,0.36778578,-0.004890906,-0.002748698,-0.0035691732,-0.0013856145,0.0061440207,-0.0027268294,0.009951342
ATAC_CHRNA1,-0.00091342634,-0.002195106,-0.0013761553,0.39414644,-0.0058202385,0.14103237,-0.0074867513,-0.003928487,0.36778557,-0.004890913,-0.0027487054,-0.003569166,-0.0013856097,0.006143961,-0.002726836,0.009951789
ATAC_CHRNA9,-0.00091342634,-0.002195106,-0.0013761553,0.39414644,-0.0058202385,0.14103237,-0.0074867513,-0.003928487,0.36778557,-0.004890913,-0.0027487054,-0.003569166,-0.0013856097,0.006143961,-0.002726836,0.009951789
ATAC_CHST10,-0.00091342634,-0.002195106,-0.0013761553,0.39414644,-0.0058202385,0.14103237,-0.0074867513,-0.003928487,0.36778557,-0.004890913,-0.0027487054,-0.003569166,-0.0013856097,0.006143961,-0.002726836,0.009951789
ATAC_CHST12,-0.00091342634,-0.002195106,-0.0013761553,0.39414644,-0.0058202385,0.14103237,-0.0074867513,-0.003928487,0.36778557,-0.004890913,-0.0027487054,-0.003569166,-0.0013856097,0.006143961,-0.002726836,0.009951789
ATAC_CHTF18,-0.00091342634,-0.002195106,-0.0013761553,0.39414644,-0.0058202385,0.14103237,-0.0074867513,-0.003928487,0.36778557,-0.004890913,-0.0027487054,-0.003569166,-0.0013856097,0.006143961,-0.002726836,0.009951789
ATAC_CISH,-0.00091342634,-0.002195106,-0.0013761553,0.39414644,-0.0058202385,0.14103237,-0.0074867513,-0.003928487,0.36778557,-0.004890913,-0.0027487054,-0.003569166,-0.0013856097,0.006143961,-0.002726836,0.009951789
ATAC_CKAP2L,-0.00091342634,-0.002195106,-0.0013761553,0.39414644,-0.0058202385,0.14103237,-0.0074867513,-0.003928487,0.36778557,-0.004890913,-0.0027487054,-0.003569166,-0.0013856097,0.006143961,-0.002726836,0.009951789
ATAC_CKMT2,-0.00091342634,-0.002195106,-0.0013761553,0.39414644,-0.0058202385,0.14103237,-0.0074867513,-0.003928487,0.36778557,-0.004890913,-0.0027487054,-0.003569166,-0.0013856097,0.006143961,-0.002726836,0.009951789
ATAC_CLDN16,-0.00091342634,-0.002195106,-0.0013761553,0.39414644,-0.0058202385,0.14103237,-0.0074867513,-0.003928487,0.36778557,-0.004890913,-0.0027487054,-0.003569166,-0.0013856097,0.006143961,-0.002726836,0.009951789
ATAC_CLDN23,-0.00091342634,-0.002195106,-0.0013761553,0.39414644,-0.0058202385,0.14103237,-0.0074867513,-0.003928487,0.36778557,-0.004890913,-0.0027487054,-0.003569166,-0.0013856097,0.006143961,-0.002726836,0.009951789
ATAC_CLEC2L,-0.00091342634,-0.002195106,-0.0013761553,0.39414644,-0.0058202385,0.14103237,-0.0074867513,-0.003928487,0.36778557,-0.004890913,-0.0027487054,-0.003569166,-0.0013856097,0.006143961,-0.002726836,0.009951789
ATAC_CLIC3,-0.00083568774,-0.002286649,-0.0009965409,0.39159518,-0.0031618255,0.09514756,-0.005658229,-0.005500263,0.0853256,-0.0032811766,-0.0005100811,-0.002477034,0.066121414,0.25638023,-0.0037730176,0.063627705
ATAC_CLIC6,-0.00091049826,-0.0022058145,-0.0013627874,0.39363855,-0.005806047,0.14219266,-0.0074937646,-0.00393507,0.36650893,-0.004880987,-0.0027573556,-0.003571102,-0.0013939275,0.0068475045,-0.0027215001,0.008486409
ATAC_CLSTN1,-0.00091342634,-0.002195106,-0.0013761553,0.39414644,-0.0058202385,0.14103237,-0.0074867513,-0.003928487,0.36778557,-0.004890913,-0.0027487054,-0.003569166,-0.0013856097,0.006143961,-0.002726836,0.009951789
ATAC_CLU,-0.000914207,-0.0021984258,-0.0013765057,0.39461032,-0.0058250693,0.14080408,-0.0074897753,-0.0039233183,0.3682507,-0.0048899953,-0.0027510324,-0.003567925,-0.0013869992,0.0059067793,-0.0027256778,0.010150332
ATAC_CLUAP1,-0.00091342634,-0.002195106,-0.0013761553,0.39414644,-0.0058202385,0.14103237,-0.0074867513,-0.003928487,0.36778557,-0.004890913,-0.0027487054,-0.003569166,-0.0013856097,0.006143961,-0.002726836,0.009951789
ATAC_CLYBL,-0.00089599687,-0.0021817165,-0.0013640422,0.3956078,-0.005809909,0.14328994,-0.0074903523,-0.0039212154,0.36577544,-0.0048855417,-0.0027356779,-0.0035886306,-0.0013670613,0.0050398745,-0.0027420844,0.008148123
ATAC_CMSS1,-0.00091342634,-0.002195106,-0.0013761553,0.39414644,-0.0058202385,0.14103237,-0.0074867513,-0.003928487,0.36778557,-0.004890913,-0.0027487054,-0.003569166,-0.0013856097,0.006143961,-0.002726836,0.009951789
ATAC_CNIH3,-0.00091342634,-0.002195106,-0.0013761553,0.39414644,-0.0058202385,0.14103237,-0.0074867513,-0.003928487,0.36778557,-0.004890913,-0.0027487054,-0.003569166,-0.0013856097,0.006143961,-0.002726836,0.009951789
ATAC_CNR2,-0.00091342634,-0.002195106,-0.0013761553,0.39414644,-0.0058202385,0.14103237,-0.0074867513,-0.003928487,0.36778557,-0.004890913,-0.0027487054,-0.003569166,-0.0013856097,0.006143961,-0.002726836,0.009951789
ATAC_COG6,-0.00091342634,-0.002195106,-0.0013761553,0.39414644,-0.0058202385,0.14103237,-0.0074867513,-0.003928487,0.36778557,-0.004890913,-0.0027487054,-0.003569166,-0.0013856097,0.006143961,-0.002726836,0.009951789
ATAC_COIL,-0.00091342634,-0.002195106,-0.0013761553,0.39414644,-0.0058202385,0.14103237,-0.0074867513,-0.003928487,0.36778557,-0.004890913,-0.0027487054,-0.003569166,-0.0013856097,0.006143961,-0.002726836,0.009951789
ATAC_COL12A1,-0.00091342634,-0.002195106,-0.0013761553,0.39414644,-0.0058202385,0.14103237,-0.0074867513,-0.003928487,0.36778557,-0.004890913,-0.0027487054,-0.003569166,-0.0013856097,0.006143961,-0.002726836,0.009951789
ATAC_COLGALT2,-0.00091342634,-0.002195106,-0.0013761553,0.39414644,-0.0058202385,0.14103237,-0.0074867513,-0.003928487,0.36778557,-0.004890913,-0.0027487054,-0.003569166,-0.0013856097,0.006143961,-0.002726836,0.009951789
ATAC_COLQ,-0.00091342634,-0.002195106,-0.0013761553,0.39414644,-0.0058202385,0.14103237,-0.0074867513,-0.003928487,0.36778557,-0.004890913,-0.0027487054,-0.003569166,-0.0013856097,0.006143961,-0.002726836,0.009951789
ATAC_COMP,-0.00091342634,-0.002195106,-0.0013761553,0.39414644,-0.0058202385,0.14103237,-0.0074867513,-0.003928487,0.36778557,-0.004890913,-0.0027487054,-0.003569166,-0.0013856097,0.006143961,-0.002726836,0.009951789
ATAC_CORO2A,-0.00091342634,-0.002195106,-0.0013761553,0.39414644,-0.0058202385,0.14103237,-0.0074867513,-0.003928487,0.36778557,-0.004890913,-0.0027487054,-0.003569166,-0.0013856097,0.006143961,-0.002726836,0.009951789
ATAC_CPLX2,-0.00091342634,-0.002195106,-0.0013761553,0.39414644,-0.0058202385,0.14103237,-0.0074867513,-0.003928487,0.36778557,-0.004890913,-0.0027487054,-0.003569166,-0.0013856097,0.006143961,-0.002726836,0.009951789
ATAC_CPLX3,-8.560076e-05,-0.0014242387,-0.0021895121,0.4376525,-0.0050953436,0.16704933,-0.007072227,-0.0036565338,0.39033255,-0.005482762,-0.002625306,-0.0033882612,-0.00043797973,-0.00040265324,-0.0020461916,-0.00060364936
ATAC_CPNE5,-0.00091342634,-0.002195106,-0.0013761553,0.39414644,-0.0058202385,0.14103237,-0.0074867513,-0.003928487,0.36778557,-0.004890913,-0.0027487054,-0.003569166,-0.0013856097,0.006143961,-0.002726836,0.009951789
ATAC_CPNE6,-0.00091342634,-0.002195106,-0.0013761553,0.39414644,-0.0058202385,0.14103237,-0.0074867513,-0.003928487,0.36778557,-0.004890913,-0.0027487054,-0.003569166,-0.0013856097,0.006143961,-0.002726836,0.009951789
ATAC_CPT1B,-0.00091342634,-0.002195106,-0.0013761553,0.39414644,-0.0058202385,0.14103237,-0.0074867513,-0.003928487,0.36778557,-0.004890913,-0.0027487054,-0.003569166,-0.0013856097,0.006143961,-0.002726836,0.009951789
ATAC_CPVL,-0.00091342634,-0.002195106,-0.0013761553,0.39414644,-0.0058202385,0.14103237,-0.0074867513,-0.003928487,0.36778557,-0.004890913,-0.0027487054,-0.003569166,-0.0013856097,0.006143961,-0.002726836,0.009951789
ATAC_CR2,-0.00091342634,-0.002195106,-0.0013761553,0.39414644,-0.0058202385,0.14103237,-0.0074867513,-0.003928487,0.36778557,-0.004890913,-0.0027487054,-0.003569166,-0.0013856097,0.006143961,-0.002726836,0.009951789
ATAC_CRADD,-0.00091342634,-0.002195106,-0.0013761553,0.39414644,-0.0058202385,0.14103237,-0.0074867513,-0.003928487,0.36778557,-0.004890913,-0.0027487054,-0.003569166,-0.0013856097,0.006143961,-0.002726836,0.009951789
ATAC_CREB5,-0.00090060284,-0.0021859615,-0.0013736775,0.39466858,-0.0058163595,0.14081423,-0.0074975365,-0.003940663,0.36631808,-0.0048859417,-0.0027386534,-0.0035770868,-0.0013825794,0.007459659,-0.0027408812,0.010555837
ATAC_CRHR1,-0.00091342634,-0.002195106,-0.0013761553,0.39414644,-0.0058202385,0.14103237,-0.0074867513,-0.003928487,0.36778557,-0.004890913,-0.0027487054,-0.003569166,-0.0013856097,0.006143961,-0.002726836,0.009951789
ATAC_CRIM1-DT,-0.00091342634,-0.002195106,-0.0013761553,0.39414644,-0.0058202385,0.14103237,-0.0074867513,-0.003928487,0.36778557,-0.004890913,-0.0027487054,-0.003569166,-0.0013856097,0.006143961,-0.002726836,0.009951789
ATAC_CRIP2,-0.00091342634,-0.002195106,-0.0013761553,0.39414644,-0.0058202385,0.14103237,-0.0074867513,-0.003928487,0.36778557,-0.004890913,-0.0027487054,-0.003569166,-0.0013856097,0.006143961,-0.002726836,0.009951789
ATAC_CRISPLD1,-0.00091342634,-0.002195106,-0.0013761553,0.39414644,-0.0058202385,0.14103237,-0.0074867513,-0.003928487,0.36778557,-0.004890913,-0.0027487054,-0.003569166,-0.0013856097,0.006143961,-0.002726836,0.009951789
ATAC_CRTAM,-0.00091342634,-0.002195106,-0.0013761553,0.39414644,-0.0058202385,0.14103237,-0.0074867513,-0.003928487,0.36778557,-0.004890913,-0.0027487054,-0.003569166,-0.0013856097,0.006143961,-0.002726836,0.009951789
ATAC_CRTC1,-0.00091342634,-0.002195106,-0.0013761553,0.39414644,-0.0058202385,0.14103237,-0.0074867513,-0.003928487,0.36778557,-0.004890913,-0.0027487054,-0.003569166,-0.0013856097,0.006143961,-0.002726836,0.009951789
ATAC_CRYBB1,-0.00091342634,-0.002195106,-0.0013761553,0.39414644,-0.0058202385,0.14103237,-0.0074867513,-0.003928487,0.36778557,-0.004890913,-0.0027487054,-0.003569166,-0.0013856097,0.006143961,-0.002726836,0.009951789
ATAC_CSF3R,-0.00091276143,-0.0022047418,-0.001371651,0.3952939,-0.005808187,0.14232913,-0.0074750525,-0.0039420263,0.36733,-0.004885167,-0.0027369792,-0.0035663354,-0.0013890138,0.005412314,-0.0027191022,0.009295601
ATAC_CSRNP2,-0.00091342634,-0.002195106,-0.0013761553,0.39414644,-0.0058202385,0.14103237,-0.0074867513,-0.003928487,0.36778557,-0.004890913,-0.0027487054,-0.003569166,-0.0013856097,0.006143961,-0.002726836,0.009951789
ATAC_CST7,-0.00091276143,-0.0022047418,-0.001371651,0.3952939,-0.005808187,0.14232913,-0.0074750525,-0.0039420263,0.36733,-0.004885167,-0.0027369792,-0.0035663354,-0.0013890138,0.005412314,-0.0027191022,0.009295601
ATAC_CSTF3-DT,-0.00091342634,-0.002195106,-0.0013761553,0.39414644,-0.0058202385,0.14103237,-0.0074867513,-0.003928487,0.36778557,-0.004890913,-0.0027487054,-0.003569166,-0.0013856097,0.006143961,-0.002726836,0.009951789
ATAC_CT70,-0.00091342634,-0.002195106,-0.0013761553,0.39414644,-0.0058202385,0.14103237,-0.0074867513,-0.003928487,0.36778557,-0.004890913,-0.0027487054,-0.003569166,-0.0013856097,0.006143961,-0.002726836,0.009951789
ATAC_CTH,-0.00091342634,-0.002195106,-0.0013761553,0.39414644,-0.0058202385,0.14103237,-0.0074867513,-0.003928487,0.36778557,-0.004890913,-0.0027487054,-0.003569166,-0.0013856097,0.006143961,-0.002726836,0.009951789
ATAC_CTLA4,-0.0009114101,-0.002189941,-0.0013778271,0.39364886,-0.005819851,0.14098313,-0.0074878526,-0.003921317,0.3674783,-0.004897678,-0.002750793,-0.0035762459,-0.0013838566,0.0061594285,-0.0027323263,0.010082323
ATAC_CTNND2,-0.00091342634,-0.002195106,-0.0013761553,0.39414644,-0.0058202385,0.14103237,-0.0074867513,-0.003928487,0.36778557,-0.004890913,-0.0027487054,-0.003569166,-0.0013856097,0.006143961,-0.002726836,0.009951789
ATAC_CTRB1,-0.00091342634,-0.002195106,-0.0013761553,0.39414644,-0.0058202385,0.14103237,-0.0074867513,-0.003928487,0.36778557,-0.004890913,-0.0027487054,-0.003569166,-0.0013856097,0.006143961,-0.002726836,0.009951789
ATAC_CTSW,-0.00091342634,-0.002195106,-0.0013761553,0.39414644,-0.0058202385,0.14103237,-0.0074867513,-0.003928487,0.36778557,-0.004890913,-0.0027487054,-0.003569166,-0.0013856097,0.006143961,-0.002726836,0.009951789
ATAC_CUBN,-0.00091342634,-0.002195106,-0.0013761553,0.39414644,-0.0058202385,0.14103237,-0.0074867513,-0.003928487,0.36778557,-0.004890913,-0.0027487054,-0.003569166,-0.0013856097,0.006143961,-0.002726836,0.009951789
ATAC_CWF19L1,-0.00091342634,-0.002195106,-0.0013761553,0.39414644,-0.0058202385,0.14103237,-0.0074867513,-0.003928487,0.36778557,-0.004890913,-0.0027487054,-0.003569166,-0.0013856097,0.006143961,-0.002726836,0.009951789
ATAC_CXCL10,-0.000914207,-0.0021984258,-0.0013765057,0.39461032,-0.0058250693,0.14080408,-0.0074897753,-0.0039233183,0.3682507,-0.0048899953,-0.0027510324,-0.003567925,-0.0013869992,0.0059067793,-0.0027256778,0.010150332
ATAC_CXCL3,-0.00091342634,-0.002195106,-0.0013761553,0.39414644,-0.0058202385,0.14103237,-0.0074867513,-0.003928487,0.36778557,-0.004890913,-0.0027487054,-0.003569166,-0.0013856097,0.006143961,-0.002726836,0.009951789
ATAC_CXCL8,-0.00091342634,-0.002195106,-0.0013761553,0.39414644,-0.0058202385,0.14103237,-0.0074867513,-0.003928487,0.36778557,-0.004890913,-0.0027487054,-0.003569166,-0.0013856097,0.006143961,-0.002726836,0.009951789
ATAC_CXCR5,0.020720735,-0.0036340882,-0.002479145,0.11552852,-0.0074435067,0.008030891,-0.007083163,-0.0009130536,0.44556883,-0.0032416976,-0.0031131085,-0.0010532455,-0.00042418588,0.052696925,0.0031720698,0.059400313
ATAC_CXXC4,-0.00091862923,-0.002184325,-0.0013677159,0.39408308,-0.005820053,0.14102049,-0.007497943,-0.003925711,0.3681443,-0.004899566,-0.0027374309,-0.0035677014,-0.001379017,0.0056503154,-0.0027175313,0.008917589
ATAC_CYB561D1,-0.00091342634,-0.002195106,-0.0013761553,0.39414644,-0.0058202385,0.14103237,-0.0074867513,-0.003928487,0.36778557,-0.004890913,-0.0027487054,-0.003569166,-0.0013856097,0.006143961,-0.002726836,0.009951789
ATAC_CYP4F22,-0.00091342634,-0.002195106,-0.0013761553,0.39414644,-0.0058202385,0.14103237,-0.0074867513,-0.003928487,0.36778557,-0.004890913,-0.0027487054,-0.003569166,-0.0013856097,0.006143961,-0.002726836,0.009951789
ATAC_CYP51A1-AS1,-0.00091342634,-0.002195106,-0.0013761553,0.39414644,-0.0058202385,0.14103237,-0.0074867513,-0.003928487,0.36778557,-0.004890913,-0.0027487054,-0.003569166,-0.0013856097,0.006143961,-0.002726836,0.009951789
ATAC_D2HGDH,-0.00091342634,-0.002195106,-0.0013761553,0.39414644,-0.0058202385,0.14103237,-0.0074867513,-0.003928487,0.36778557,-0.004890913,-0.0027487054,-0.003569166,-0.0013856097,0.006143961,-0.002726836,0.009951789
ATAC_DAPK2,-0.00091342634,-0.002195106,-0.0013761553,0.39414644,-0.0058202385,0.14103237,-0.0074867513,-0.003928487,0.36778557,-0.004890913,-0.0027487054,-0.003569166,-0.0013856097,0.006143961,-0.002726836,0.009951789
ATAC_DBN1,-0.00091342634,-0.002195106,-0.0013761553,0.39414644,-0.0058202385,0.14103237,-0.0074867513,-0.003928487,0.36778557,-0.004890913,-0.0027487054,-0.003569166,-0.0013856097,0.006143961,-0.002726836,0.009951789
ATAC_DCAF10,-0.00091342634,-0.002195106,-0.0013761553,0.39414644,-0.0058202385,0.14103237,-0.0074867513,-0.003928487,0.36778557,-0.004890913,-0.0027487054,-0.003569166,-0.0013856097,0.006143961,-0.002726836,0.009951789
ATAC_DCAKD,-0.00091342634,-0.002195106,-0.0013761553,0.39414644,-0.0058202385,0.14103237,-0.0074867513,-0.003928487,0.36778557,-0.004890913,-0.0027487054,-0.003569166,-0.0013856097,0.006143961,-0.002726836,0.009951789
ATAC_DCDC2,-8.560076e-05,-0.0014242387,-0.0021895121,0.4376525,-0.0050953436,0.16704933,-0.007072227,-0.0036565338,0.39033255,-0.005482762,-0.002625306,-0.0033882612,-0.00043797973,-0.00040265324,-0.0020461916,-0.00060364936
ATAC_DCLK3,-0.00091342634,-0.002195106,-0.0013761553,0.39414644,-0.0058202385,0.14103237,-0.0074867513,-0.003928487,0.36778557,-0.004890913,-0.0027487054,-0.003569166,-0.0013856097,0.006143961,-0.002726836,0.009951789
ATAC_DDB2,-0.00091342634,-0.002195106,-0.0013761553,0.39414644,-0.0058202385,0.14103237,-0.0074867513,-0.003928487,0.36778557,-0.004890913,-0.0027487054,-0.003569166,-0.0013856097,0.006143961,-0.002726836,0.009951789
ATAC_DDX50,-0.00089599687,-0.0021817165,-0.0013640422,0.3956078,-0.005809909,0.14328994,-0.0074903523,-0.0039212154,0.36577544,-0.0048855417,-0.0027356779,-0.0035886306,-0.0013670613,0.0050398745,-0.0027420844,0.008148123
ATAC_DENND1C,-0.00089599687,-0.0021817165,-0.0013640422,0.3956078,-0.005809909,0.14328994,-0.0074903523,-0.0039212154,0.36577544,-0.0048855417,-0.0027356779,-0.0035886306,-0.0013670613,0.0050398745,-0.0027420844,0.008148123
ATAC_DENND2C,-0.00091342634,-0.002195106,-0.0013761553,0.39414644,-0.0058202385,0.14103237,-0.0074867513,-0.003928487,0.36778557,-0.004890913,-0.0027487054,-0.003569166,-0.0013856097,0.006143961,-0.002726836,0.009951789
ATAC_DENND2D,-0.00091342634,-0.002195106,-0.0013761553,0.39414644,-0.0058202385,0.14103237,-0.0074867513,-0.003928487,0.36778557,-0.004890913,-0.0027487054,-0.003569166,-0.0013856097,0.006143961,-0.002726836,0.009951789
ATAC_DENND6A-DT,-0.00091342634,-0.002195106,-0.0013761553,0.39414644,-0.0058202385,0.14103237,-0.0074867513,-0.003928487,0.36778557,-0.004890913,-0.0027487054,-0.003569166,-0.0013856097,0.006143961,-0.002726836,0.009951789
ATAC_DGCR8,-0.00091342634,-0.002195106,-0.0013761553,0.39414644,-0.0058202385,0.14103237,-0.0074867513,-0.003928487,0.36778557,-0.004890913,-0.0027487054,-0.003569166,-0.0013856097,0.006143961,-0.002726836,0.009951789
ATAC_DGKH,-0.00091342634,-0.002195106,-0.0013761553,0.39414644,-0.0058202385,0.14103237,-0.0074867513,-0.003928487,0.36778557,-0.004890913,-0.0027487054,-0.003569166,-0.0013856097,0.006143961,-0.002726836,0.009951789
ATAC_DHDH,-0.00091342634,-0.002195106,-0.0013761553,0.39414644,-0.0058202385,0.14103237,-0.0074867513,-0.003928487,0.36778557,-0.004890913,-0.0027487054,-0.003569166,-0.0013856097,0.006143961,-0.002726836,0.009951789
ATAC_DHH,-0.00091342634,-0.002195106,-0.0013761553,0.39414644,-0.0058202385,0.14103237,-0.0074867513,-0.003928487,0.36778557,-0.004890913,-0.0027487054,-0.003569166,-0.0013856097,0.006143961,-0.002726836,0.009951789
ATAC_DHX16,-0.00091342634,-0.002195106,-0.0013761553,0.39414644,-0.0058202385,0.14103237,-0.0074867513,-0.003928487,0.36778557,-0.004890913,-0.0027487054,-0.003569166,-0.0013856097,0.006143961,-0.002726836,0.009951789
ATAC_DHX30,-0.00091342634,-0.002195106,-0.0013761553,0.39414644,-0.0058202385,0.14103237,-0.0074867513,-0.003928487,0.36778557,-0.004890913,-0.0027487054,-0.003569166,-0.0013856097,0.006143961,-0.002726836,0.009951789
ATAC_DIAPH3,-0.00091342634,-0.002195106,-0.0013761553,0.39414644,-0.0058202385,0.14103237,-0.0074867513,-0.003928487,0.36778557,-0.004890913,-0.0027487054,-0.003569166,-0.0013856097,0.006143961,-0.002726836,0.009951789
ATAC_DIP2C,-0.00091342634,-0.002195106,-0.0013761553,0.39414644,-0.0058202385,0.14103237,-0.0074867513,-0.003928487,0.36778557,-0.004890913,-0.0027487054,-0.003569166,-0.0013856097,0.006143961,-0.002726836,0.009951789
ATAC_DIRC3,-0.00091342634,-0.002195106,-0.0013761553,0.39414644,-0.0058202385,0.14103237,-0.0074867513,-0.003928487,0.36778557,-0.004890913,-0.0027487054,-0.003569166,-0.0013856097,0.006143961,-0.002726836,0.009951789
ATAC_DISP1,-0.0009083604,-0.002190757,-0.0013776293,0.394368,-0.005814905,0.14094813,-0.007490289,-0.0039329003,0.36830753,-0.00489255,-0.0027420842,-0.0035757893,-0.0013899484,0.0055775978,-0.0027264,0.009774033
ATAC_DISP3,-0.00091342634,-0.002195106,-0.0013761553,0.39414644,-0.0058202385,0.14103237,-0.0074867513,-0.003928487,0.36778557,-0.004890913,-0.0027487054,-0.003569166,-0.0013856097,0.006143961,-0.002726836,0.009951789
ATAC_DLEU7,-0.00091342634,-0.002195106,-0.0013761553,0.39414644,-0.0058202385,0.14103237,-0.0074867513,-0.003928487,0.36778557,-0.004890913,-0.0027487054,-0.003569166,-0.0013856097,0.006143961,-0.002726836,0.009951789
ATAC_DLG1-AS1,-0.00091342634,-0.002195106,-0.0013761553,0.39414644,-0.0058202385,0.14103237,-0.0074867513,-0.003928487,0.36778557,-0.004890913,-0.0027487054,-0.003569166,-0.0013856097,0.006143961,-0.002726836,0.009951789
ATAC_DLGAP1-AS1,-0.00091342634,-0.002195106,-0.0013761553,0.39414644,-0.0058202385,0.14103237,-0.0074867513,-0.003928487,0.36778557,-0.004890913,-0.0027487054,-0.003569166,-0.0013856097,0.006143961,-0.002726836,0.009951789
ATAC_DLL3,-0.00091342634,-0.002195106,-0.0013761553,0.39414644,-0.0058202385,0.14103237,-0.0074867513,-0.003928487,0.36778557,-0.004890913,-0.0027487054,-0.003569166,-0.0013856097,0.006143961,-0.002726836,0.009951789
ATAC_DLX2-DT,-0.00091276143,-0.0022047418,-0.001371651,0.3952939,-0.005808187,0.14232913,-0.0074750525,-0.0039420263,0.36733,-0.004885167,-0.0027369792,-0.0035663354,-0.0013890138,0.005412314,-0.0027191022,0.009295601
ATAC_DNAAF2,-0.0009083656,-0.0021907573,-0.0013776341,0.39436743,-0.005814915,0.14094904,-0.0074902927,-0.0039329003,0.36830774,-0.004892542,-0.0027420765,-0.0035757965,-0.0013899532,0.0055776574,-0.0027263935,0.009773586
ATAC_DNAH5,-0.00091342634,-0.002195106,-0.0013761553,0.39414644,-0.0058202385,0.14103237,-0.0074867513,-0.003928487,0.36778557,-0.004890913,-0.0027487054,-0.003569166,-0.0013856097,0.006143961,-0.002726836,0.009951789
ATAC_DNAH6,-0.00091342634,-0.002195106,-0.0013761553,0.39414644,-0.0058202385,0.14103237,-0.0074867513,-0.003928487,0.36778557,-0.004890913,-0.0027487054,-0.003569166,-0.0013856097,0.006143961,-0.002726836,0.009951789
ATAC_DNAH7,-0.00091342634,-0.002195106,-0.0013761553,0.39414644,-0.0058202385,0.14103237,-0.0074867513,-0.003928487,0.36778557,-0.004890913,-0.0027487054,-0.003569166,-0.0013856097,0.006143961,-0.002726836,0.009951789
ATAC_DNAJC18,-0.00091342634,-0.002195106,-0.0013761553,0.39414644,-0.0058202385,0.14103237,-0.0074867513,-0.003928487,0.36778557,-0.004890913,-0.0027487054,-0.003569166,-0.0013856097,0.006143961,-0.002726836,0.009951789
ATAC_DNAJC22,-0.0006299046,-0.00086990505,-0.0021812813,0.38032544,-0.0053263893,0.19931287,-0.007627409,-0.004911868,0.33531487,-0.0053343954,-0.0012606112,-0.004592328,-0.0023549108,-0.0008438031,-0.0013815283,0.040636156
ATAC_DNAJC24,-0.00091342634,-0.002195106,-0.0013761553,0.39414644,-0.0058202385,0.14103237,-0.0074867513,-0.003928487,0.36778557,-0.004890913,-0.0027487054,-0.003569166,-0.0013856097,0.006143961,-0.002726836,0.009951789
ATAC_DNAJC28,-0.00091342634,-0.002195106,-0.0013761553,0.39414644,-0.0058202385,0.14103237,-0.0074867513,-0.003928487,0.36778557,-0.004890913,-0.0027487054,-0.003569166,-0.0013856097,0.006143961,-0.002726836,0.009951789
ATAC_DNAJC3-DT,-0.00091342634,-0.002195106,-0.0013761553,0.39414644,-0.0058202385,0.14103237,-0.0074867513,-0.003928487,0.36778557,-0.004890913,-0.0027487054,-0.003569166,-0.0013856097,0.006143961,-0.002726836,0.009951789
ATAC_DNAJC6,-0.000927835,-0.0021689471,-0.0013991898,0.39502478,-0.0058454764,0.14347184,-0.0074876826,-0.003928485,0.36968803,-0.0049096267,-0.0027720626,-0.0035737918,-0.0013681583,0.0041230656,-0.0027510112,0.007491771
ATAC_DNMT3A,-0.00091342634,-0.002195106,-0.0013761553,0.39414644,-0.0058202385,0.14103237,-0.0074867513,-0.003928487,0.36778557,-0.004890913,-0.0027487054,-0.003569166,-0.0013856097,0.006143961,-0.002726836,0.009951789
ATAC_DPEP1,-0.00090060284,-0.0021859615,-0.0013736775,0.39466858,-0.0058163595,0.14081423,-0.0074975365,-0.003940663,0.36631808,-0.0048859417,-0.0027386534,-0.0035770868,-0.0013825794,0.007459659,-0.0027408812,0.010555837
ATAC_DPH7,-0.00091635366,-0.0021881687,-0.0013664626,0.39525148,-0.0058228243,0.14062434,-0.0074972115,-0.0039223186,0.3670534,-0.004881518,-0.0027597616,-0.0035587703,-0.0013818975,0.0076893307,-0.002721844,0.010411877
ATAC_DRC7,-0.00091342634,-0.002195106,-0.0013761553,0.39414644,-0.0058202385,0.14103237,-0.0074867513,-0.003928487,0.36778557,-0.004890913,-0.0027487054,-0.003569166,-0.0013856097,0.006143961,-0.002726836,0.009951789
ATAC_DSCAML1,-0.00091342634,-0.002195106,-0.0013761553,0.39414644,-0.0058202385,0.14103237,-0.0074867513,-0.003928487,0.36778557,-0.004890913,-0.0027487054,-0.003569166,-0.0013856097,0.006143961,-0.002726836,0.009951789
ATAC_DTD1,-0.00091342634,-0.002195106,-0.0013761553,0.39414644,-0.0058202385,0.14103237,-0.0074867513,-0.003928487,0.36778557,-0.004890913,-0.0027487054,-0.003569166,-0.0013856097,0.006143961,-0.002726836,0.009951789
ATAC_DTHD1,-0.00091342634,-0.002195106,-0.0013761553,0.39414644,-0.0058202385,0.14103237,-0.0074867513,-0.003928487,0.36778557,-0.004890913,-0.0027487054,-0.003569166,-0.0013856097,0.006143961,-0.002726836,0.009951789
ATAC_DTNB,-0.00091342634,-0.002195106,-0.0013761553,0.39414644,-0.0058202385,0.14103237,-0.0074867513,-0.003928487,0.36778557,-0.004890913,-0.0027487054,-0.003569166,-0.0013856097,0.006143961,-0.002726836,0.009951789
ATAC_DTX3,-0.0009082048,-0.002194612,-0.0013696823,0.39287388,-0.005827985,0.1409599,-0.007477914,-0.003933105,0.3667086,-0.0049039084,-0.0027468388,-0.0035757017,-0.0013801361,0.006160978,-0.0027209988,0.01049595
ATAC_DUSP16,-0.0009082048,-0.002194612,-0.0013696823,0.39287388,-0.005827985,0.1409599,-0.007477914,-0.003933105,0.3667086,-0.0049039084,-0.0027468388,-0.0035757017,-0.0013801361,0.006160978,-0.0027209988,0.01049595
ATAC_DUSP19,-0.0023729303,-0.003422901,0.020272553,0.21368319,-0.004244879,0.13477245,-0.0059964526,-0.0022090098,0.2692378,-0.0042093843,-0.0045897705,-0.0017857387,-0.0032940859,0.10665566,-0.0036105216,0.17494681
ATAC_DVL1,-0.00090060284,-0.0021859615,-0.0013736775,0.39466858,-0.0058163595,0.14081423,-0.0074975365,-0.003940663,0.36631808,-0.0048859417,-0.0027386534,-0.0035770868,-0.0013825794,0.007459659,-0.0027408812,0.010555837
ATAC_DYNC2H1,-0.00091342634,-0.002195106,-0.0013761553,0.39414644,-0.0058202385,0.14103237,-0.0074867513,-0.003928487,0.36778557,-0.004890913,-0.0027487054,-0.003569166,-0.0013856097,0.006143961,-0.002726836,0.009951789
ATAC_DYNLRB2,-0.00091342634,-0.002195106,-0.0013761553,0.39414644,-0.0058202385,0.14103237,-0.0074867513,-0.003928487,0.36778557,-0.004890913,-0.0027487054,-0.003569166,-0.0013856097,0.006143961,-0.002726836,0.009951789
ATAC_DZIP3,-0.0009136853,-0.0021948314,-0.0013763853,0.3941154,-0.005820094,0.14105439,-0.0074868766,-0.003928391,0.36780918,-0.0048911218,-0.0027486496,-0.0035693129,-0.0013854988,0.00616619,-0.0027270096,0.009973925
ATAC_E4F1,-0.00091342634,-0.002195106,-0.0013761553,0.39414644,-0.0058202385,0.14103237,-0.0074867513,-0.003928487,0.36778557,-0.004890913,-0.0027487054,-0.003569166,-0.0013856097,0.006143961,-0.002726836,0.009951789
ATAC_EBF1,-0.00091342634,-0.002195106,-0.0013761553,0.39414644,-0.0058202385,0.14103237,-0.0074867513,-0.003928487,0.36778557,-0.004890913,-0.0027487054,-0.003569166,-0.0013856097,0.006143961,-0.002726836,0.009951789
ATAC_EBF2,-0.00091378647,-0.0021970277,-0.0013782722,0.39412314,-0.005820528,0.14106952,-0.0074844663,-0.0039293924,0.36785668,-0.004888715,-0.0027467292,-0.0035714072,-0.0013842476,0.0061832257,-0.0027291193,0.009709898
ATAC_EBF3,-0.00091342634,-0.002195106,-0.0013761553,0.39414644,-0.0058202385,0.14103237,-0.0074867513,-0.003928487,0.36778557,-0.004890913,-0.0027487054,-0.003569166,-0.0013856097,0.006143961,-0.002726836,0.009951789
ATAC_EDA,-0.00091635366,-0.0021881687,-0.0013664626,0.39525148,-0.0058228243,0.14062434,-0.0074972115,-0.0039223186,0.3670534,-0.004881518,-0.0027597616,-0.0035587703,-0.0013818975,0.0076893307,-0.002721844,0.010411877
ATAC_EDAR,-0.00091342634,-0.002195106,-0.0013761553,0.39414644,-0.0058202385,0.14103237,-0.0074867513,-0.003928487,0.36778557,-0.004890913,-0.0027487054,-0.003569166,-0.0013856097,0.006143961,-0.002726836,0.009951789
ATAC_EDN2,-0.00091166905,-0.0021896665,-0.0013780574,0.3936178,-0.0058197067,0.14100516,-0.0074879774,-0.00392122,0.3675019,-0.0048978864,-0.0027507374,-0.0035763928,-0.0013837457,0.0061816573,-0.0027325,0.010104459
ATAC_EEF1AKMT1,-0.00091342634,-0.002195106,-0.0013761553,0.39414644,-0.0058202385,0.14103237,-0.0074867513,-0.003928487,0.36778557,-0.004890913,-0.0027487054,-0.003569166,-0.0013856097,0.006143961,-0.002726836,0.009951789
ATAC_EFHD1,-0.00091342634,-0.002195106,-0.0013761553,0.39414644,-0.0058202385,0.14103237,-0.0074867513,-0.003928487,0.36778557,-0.004890913,-0.0027487054,-0.003569166,-0.0013856097,0.006143961,-0.002726836,0.009951789
ATAC_EFNA5,-0.00091342634,-0.002195106,-0.0013761553,0.39414644,-0.0058202385,0.14103237,-0.0074867513,-0.003928487,0.36778557,-0.004890913,-0.0027487054,-0.003569166,-0.0013856097,0.006143961,-0.002726836,0.009951789
ATAC_EIF1B-AS1,-0.00091342634,-0.002195106,-0.0013761553,0.39414644,-0.0058202385,0.14103237,-0.0074867513,-0.003928487,0.36778557,-0.004890913,-0.0027487054,-0.003569166,-0.0013856097,0.006143961,-0.002726836,0.009951789
ATAC_EIF2AK3-DT,-0.00091342634,-0.002195106,-0.0013761553,0.39414644,-0.0058202385,0.14103237,-0.0074867513,-0.003928487,0.36778557,-0.004890913,-0.0027487054,-0.003569166,-0.0013856097,0.006143961,-0.002726836,0.009951789
ATAC_EIF3J-DT,-0.00092652283,-0.002188637,-0.0013744386,0.39348558,-0.005827869,0.14068452,-0.0074867597,-0.003936453,0.36949372,-0.004897544,-0.0027487888,-0.0035763439,-0.0013982188,0.0073721223,-0.0027067773,0.010252511
ATAC_ELOVL2-AS1,-0.00091342634,-0.002195106,-0.0013761553,0.39414644,-0.0058202385,0.14103237,-0.0074867513,-0.003928487,0.36778557,-0.004890913,-0.0027487054,-0.003569166,-0.0013856097,0.006143961,-0.002726836,0.009951789
ATAC_ELP1,-0.0009171345,-0.0021914886,-0.001366813,0.39571536,-0.0058276546,0.14039606,-0.0075002355,-0.0039171497,0.3675185,-0.0048805997,-0.0027620888,-0.0035575293,-0.0013832868,0.007452149,-0.002720686,0.01061042
ATAC_EML2,-0.00091342634,-0.002195106,-0.0013761553,0.39414644,-0.0058202385,0.14103237,-0.0074867513,-0.003928487,0.36778557,-0.004890913,-0.0027487054,-0.003569166,-0.0013856097,0.006143961,-0.002726836,0.009951789
ATAC_EML5,-0.00091342634,-0.002195106,-0.0013761553,0.39414644,-0.0058202385,0.14103237,-0.0074867513,-0.003928487,0.36778557,-0.004890913,-0.0027487054,-0.003569166,-0.0013856097,0.006143961,-0.002726836,0.009951789
ATAC_ENGASE,-0.00091342634,-0.002195106,-0.0013761553,0.39414644,-0.0058202385,0.14103237,-0.0074867513,-0.003928487,0.36778557,-0.004890913,-0.0027487054,-0.003569166,-0.0013856097,0.006143961,-0.002726836,0.009951789
ATAC_ENO1-AS1,-0.00091342634,-0.002195106,-0.0013761553,0.39414644,-0.0058202385,0.14103237,-0.0074867513,-0.003928487,0.36778557,-0.004890913,-0.0027487054,-0.003569166,-0.0013856097,0.006143961,-0.002726836,0.009951789
ATAC_ENO2,-0.0014318001,-0.0022786153,-0.0018577307,0.45017463,-0.0062076687,0.14975047,-0.0076045166,-0.0033568603,0.33233684,-0.0046963654,-0.0023686404,-0.0032848548,-0.0010774499,-0.00040442185,-0.0030894058,-0.0005346208
ATAC_ENOSF1,-0.00091342634,-0.002195106,-0.0013761553,0.39414644,-0.0058202385,0.14103237,-0.0074867513,-0.003928487,0.36778557,-0.004890913,-0.0027487054,-0.003569166,-0.0013856097,0.006143961,-0.002726836,0.009951789
ATAC_ENPP1,-0.00091342634,-0.002195106,-0.0013761553,0.39414644,-0.0058202385,0.14103237,-0.0074867513,-0.003928487,0.36778557,-0.004890913,-0.0027487054,-0.003569166,-0.0013856097,0.006143961,-0.002726836,0.009951789
ATAC_EOMES,-0.00091342634,-0.002195106,-0.0013761553,0.39414644,-0.0058202385,0.14103237,-0.0074867513,-0.003928487,0.36778557,-0.004890913,-0.0027487054,-0.003569166,-0.0013856097,0.006143961,-0.002726836,0.009951789
ATAC_EPB41L5,-0.00091342634,-0.002195106,-0.0013761553,0.39414644,-0.0058202385,0.14103237,-0.0074867513,-0.003928487,0.36778557,-0.004890913,-0.0027487054,-0.003569166,-0.0013856097,0.006143961,-0.002726836,0.009951789
ATAC_EPHA1-AS1,-0.00091342634,-0.002195106,-0.0013761553,0.39414644,-0.0058202385,0.14103237,-0.0074867513,-0.003928487,0.36778557,-0.004890913,-0.0027487054,-0.003569166,-0.0013856097,0.006143961,-0.002726836,0.009951789
ATAC_EPHA4,-0.00091342634,-0.002195106,-0.0013761553,0.39414644,-0.0058202385,0.14103237,-0.0074867513,-0.003928487,0.36778557,-0.004890913,-0.0027487054,-0.003569166,-0.0013856097,0.006143961,-0.002726836,0.009951789
ATAC_EPHA6,-0.00091342634,-0.002195106,-0.0013761553,0.39414644,-0.0058202385,0.14103237,-0.0074867513,-0.003928487,0.36778557,-0.004890913,-0.0027487054,-0.003569166,-0.0013856097,0.006143961,-0.002726836,0.009951789
ATAC_EPHA7,-0.00091342634,-0.002195106,-0.0013761553,0.39414644,-0.0058202385,0.14103237,-0.0074867513,-0.003928487,0.36778557,-0.004890913,-0.0027487054,-0.003569166,-0.0013856097,0.006143961,-0.002726836,0.009951789
ATAC_EPHX2,0.01529941,-0.0029777747,-0.002779127,0.12968703,-0.0081769675,0.064344466,-0.006527795,-0.0014904777,0.49352762,-0.0029705588,-0.0032849973,-0.0012937884,-0.0011492718,-0.00037872704,0.013717353,0.05942204
ATAC_ERAP2,-0.00091342634,-0.002195106,-0.0013761553,0.39414644,-0.0058202385,0.14103237,-0.0074867513,-0.003928487,0.36778557,-0.004890913,-0.0027487054,-0.003569166,-0.0013856097,0.006143961,-0.002726836,0.009951789
ATAC_ERBB2,-0.0014318001,-0.0022786153,-0.0018577307,0.45017463,-0.0062076687,0.14975047,-0.0076045166,-0.0033568603,0.33233684,-0.0046963654,-0.0023686404,-0.0032848548,-0.0010774499,-0.00040442185,-0.0030894058,-0.0005346208
ATAC_ERCC5,-0.00091342634,-0.002195106,-0.0013761553,0.39414644,-0.0058202385,0.14103237,-0.0074867513,-0.003928487,0.36778557,-0.004890913,-0.0027487054,-0.003569166,-0.0013856097,0.006143961,-0.002726836,0.009951789
ATAC_ERCC6L,-0.00091342634,-0.002195106,-0.0013761553,0.39414644,-0.0058202385,0.14103237,-0.0074867513,-0.003928487,0.36778557,-0.004890913,-0.0027487054,-0.003569166,-0.0013856097,0.006143961,-0.002726836,0.009951789
ATAC_EREG,-0.00091342634,-0.002195106,-0.0013761553,0.39414644,-0.0058202385,0.14103237,-0.0074867513,-0.003928487,0.36778557,-0.004890913,-0.0027487054,-0.003569166,-0.0013856097,0.006143961,-0.002726836,0.009951789
ATAC_ERFE,-0.00091342634,-0.002195106,-0.0013761553,0.39414644,-0.0058202385,0.14103237,-0.0074867513,-0.003928487,0.36778557,-0.004890913,-0.0027487054,-0.003569166,-0.0013856097,0.006143961,-0.002726836,0.009951789
ATAC_ERICH6-AS1,-0.00091342634,-0.002195106,-0.0013761553,0.39414644,-0.0058202385,0.14103237,-0.0074867513,-0.003928487,0.36778557,-0.004890913,-0.0027487054,-0.003569166,-0.0013856097,0.006143961,-0.002726836,0.009951789
ATAC_ERLEC1,-0.0023729303,-0.003422901,0.020272553,0.21368319,-0.004244879,0.13477245,-0.0059964526,-0.0022090098,0.2692378,-0.0042093843,-0.0045897705,-0.0017857387,-0.0032940859,0.10665566,-0.0036105216,0.17494681
ATAC_ERP27,-0.00091342634,-0.002195106,-0.0013761553,0.39414644,-0.0058202385,0.14103237,-0.0074867513,-0.003928487,0.36778557,-0.004890913,-0.0027487054,-0.003569166,-0.0013856097,0.006143961,-0.002726836,0.009951789
ATAC_ESR2,-0.00091342634,-0.002195106,-0.0013761553,0.39414644,-0.0058202385,0.14103237,-0.0074867513,-0.003928487,0.36778557,-0.004890913,-0.0027487054,-0.003569166,-0.0013856097,0.006143961,-0.002726836,0.009951789
ATAC_ETFBKMT,-0.00091819797,-0.0021889585,-0.0013668583,0.39434472,-0.005821185,0.14086138,-0.0074942205,-0.0039296374,0.36836207,-0.0048930002,-0.0027494691,-0.0035737788,-0.0013920319,0.0061419643,-0.0027187946,0.009251136
ATAC_ETNPPL,-0.00091342634,-0.002195106,-0.0013761553,0.39414644,-0.0058202385,0.14103237,-0.0074867513,-0.003928487,0.36778557,-0.004890913,-0.0027487054,-0.003569166,-0.0013856097,0.006143961,-0.002726836,0.009951789
ATAC_EVA1C,-0.0009082048,-0.002194612,-0.0013696823,0.39287388,-0.005827985,0.1409599,-0.007477914,-0.003933105,0.3667086,-0.0049039084,-0.0027468388,-0.0035757017,-0.0013801361,0.006160978,-0.0027209988,0.01049595
ATAC_EWSAT1,-0.00091342634,-0.002195106,-0.0013761553,0.39414644,-0.0058202385,0.14103237,-0.0074867513,-0.003928487,0.36778557,-0.004890913,-0.0027487054,-0.003569166,-0.0013856097,0.006143961,-0.002726836,0.009951789
ATAC_EXPH5,-0.00091342634,-0.002195106,-0.0013761553,0.39414644,-0.0058202385,0.14103237,-0.0074867513,-0.003928487,0.36778557,-0.004890913,-0.0027487054,-0.003569166,-0.0013856097,0.006143961,-0.002726836,0.009951789
ATAC_EZR-AS1,-0.00091342634,-0.002195106,-0.0013761553,0.39414644,-0.0058202385,0.14103237,-0.0074867513,-0.003928487,0.36778557,-0.004890913,-0.0027487054,-0.003569166,-0.0013856097,0.006143961,-0.002726836,0.009951789
ATAC_F12,-0.0006299046,-0.00086990505,-0.0021812813,0.38032544,-0.0053263893,0.19931287,-0.007627409,-0.004911868,0.33531487,-0.0053343954,-0.0012606112,-0.004592328,-0.0023549108,-0.0008438031,-0.0013815283,0.040636156
ATAC_F2R,-0.00091342634,-0.002195106,-0.0013761553,0.39414644,-0.0058202385,0.14103237,-0.0074867513,-0.003928487,0.36778557,-0.004890913,-0.0027487054,-0.003569166,-0.0013856097,0.006143961,-0.002726836,0.009951789
ATAC_FAAH2,-0.00091342634,-0.002195106,-0.0013761553,0.39414644,-0.0058202385,0.14103237,-0.0074867513,-0.003928487,0.36778557,-0.004890913,-0.0027487054,-0.003569166,-0.0013856097,0.006143961,-0.002726836,0.009951789
ATAC_FAAP100,-0.0009083604,-0.002190757,-0.0013776293,0.394368,-0.005814905,0.14094813,-0.007490289,-0.0039329003,0.36830753,-0.00489255,-0.0027420842,-0.0035757893,-0.0013899484,0.0055775978,-0.0027264,0.009774033
ATAC_FAAP24,-0.00091342634,-0.002195106,-0.0013761553,0.39414644,-0.0058202385,0.14103237,-0.0074867513,-0.003928487,0.36778557,-0.004890913,-0.0027487054,-0.003569166,-0.0013856097,0.006143961,-0.002726836,0.009951789
ATAC_FABP12,-0.00091342634,-0.002195106,-0.0013761553,0.39414644,-0.0058202385,0.14103237,-0.0074867513,-0.003928487,0.36778557,-0.004890913,-0.0027487054,-0.003569166,-0.0013856097,0.006143961,-0.002726836,0.009951789
ATAC_FADS3,-0.00091342634,-0.002195106,-0.0013761553,0.39414644,-0.0058202385,0.14103237,-0.0074867513,-0.003928487,0.36778557,-0.004890913,-0.0027487054,-0.003569166,-0.0013856097,0.006143961,-0.002726836,0.009951789
ATAC_FAHD2B,-0.00091342634,-0.002195106,-0.0013761553,0.39414644,-0.0058202385,0.14103237,-0.0074867513,-0.003928487,0.36778557,-0.004890913,-0.0027487054,-0.003569166,-0.0013856097,0.006143961,-0.002726836,0.009951789
ATAC_FALEC,-0.00088990096,-0.0016303355,-0.0012965231,0.40575373,-0.0038952865,0.15146111,-0.00510286,-0.006077687,0.1332844,-0.0030100376,-0.00068197056,-0.002717577,-6.387189e-05,0.16581057,-0.0036675644,0.06364943
ATAC_FAM110D,-0.00091342634,-0.002195106,-0.0013761553,0.39414644,-0.0058202385,0.14103237,-0.0074867513,-0.003928487,0.36778557,-0.004890913,-0.0027487054,-0.003569166,-0.0013856097,0.006143961,-0.002726836,0.009951789
ATAC_FAM161B,-0.0008068117,-0.0024243607,-0.0006480862,0.40347397,-0.0054449267,0.21855581,-0.006522894,-0.003586409,0.33322683,-0.0041442597,-0.0022412648,-0.0033418403,-0.0012516238,-0.0005681758,-0.0018777698,0.009755332
ATAC_FAM166B,-0.00091342634,-0.002195106,-0.0013761553,0.39414644,-0.0058202385,0.14103237,-0.0074867513,-0.003928487,0.36778557,-0.004890913,-0.0027487054,-0.003569166,-0.0013856097,0.006143961,-0.002726836,0.009951789
ATAC_FAM166C,-0.00091342634,-0.002195106,-0.0013761553,0.39414644,-0.0058202385,0.14103237,-0.0074867513,-0.003928487,0.36778557,-0.004890913,-0.0027487054,-0.003569166,-0.0013856097,0.006143961,-0.002726836,0.009951789
ATAC_FAM170B,-0.00091342634,-0.002195106,-0.0013761553,0.39414644,-0.0058202385,0.14103237,-0.0074867513,-0.003928487,0.36778557,-0.004890913,-0.0027487054,-0.003569166,-0.0013856097,0.006143961,-0.002726836,0.009951789
ATAC_FAM182A,-0.00091342634,-0.002195106,-0.0013761553,0.39414644,-0.0058202385,0.14103237,-0.0074867513,-0.003928487,0.36778557,-0.004890913,-0.0027487054,-0.003569166,-0.0013856097,0.006143961,-0.002726836,0.009951789
ATAC_FAM184A,-0.0009105464,-0.0021951324,-0.0013739556,0.39374536,-0.005819498,0.14079864,-0.0074908393,-0.0039298534,0.36747813,-0.0048883236,-0.0027526265,-0.003569026,-0.0013886556,0.0061175562,-0.0027294396,0.009530757
ATAC_FAM185A,-0.00091342634,-0.002195106,-0.0013761553,0.39414644,-0.0058202385,0.14103237,-0.0074867513,-0.003928487,0.36778557,-0.004890913,-0.0027487054,-0.003569166,-0.0013856097,0.006143961,-0.002726836,0.009951789
ATAC_FAM222B,0.01529941,-0.0029777747,-0.002779127,0.12968703,-0.0081769675,0.064344466,-0.006527795,-0.0014904777,0.49352762,-0.0029705588,-0.0032849973,-0.0012937884,-0.0011492718,-0.00037872704,0.013717353,0.05942204
ATAC_FAM227B,-0.00090771663,-0.002188174,-0.0013804153,0.39317083,-0.0058321594,0.14202403,-0.0074782907,-0.0039347513,0.36797678,-0.0048902864,-0.0027565043,-0.0035701704,-0.0013750436,0.005133096,-0.0027345177,0.008900557
ATAC_FAM43A,-0.00091342634,-0.002195106,-0.0013761553,0.39414644,-0.0058202385,0.14103237,-0.0074867513,-0.003928487,0.36778557,-0.004890913,-0.0027487054,-0.003569166,-0.0013856097,0.006143961,-0.002726836,0.009951789
ATAC_FAM83D,-0.00091342634,-0.002195106,-0.0013761553,0.39414644,-0.0058202385,0.14103237,-0.0074867513,-0.003928487,0.36778557,-0.004890913,-0.0027487054,-0.003569166,-0.0013856097,0.006143961,-0.002726836,0.009951789
ATAC_FAM86B2,-0.0009083604,-0.002190757,-0.0013776293,0.394368,-0.005814905,0.14094813,-0.007490289,-0.0039329003,0.36830753,-0.00489255,-0.0027420842,-0.0035757893,-0.0013899484,0.0055775978,-0.0027264,0.009774033
ATAC_FANK1,-0.00091342634,-0.002195106,-0.0013761553,0.39414644,-0.0058202385,0.14103237,-0.0074867513,-0.003928487,0.36778557,-0.004890913,-0.0027487054,-0.003569166,-0.0013856097,0.006143961,-0.002726836,0.009951789
ATAC_FASLG,-0.00091342634,-0.002195106,-0.0013761553,0.39414644,-0.0058202385,0.14103237,-0.0074867513,-0.003928487,0.36778557,-0.004890913,-0.0027487054,-0.003569166,-0.0013856097,0.006143961,-0.002726836,0.009951789
ATAC_FAT4,-0.00091342634,-0.002195106,-0.0013761553,0.39414644,-0.0058202385,0.14103237,-0.0074867513,-0.003928487,0.36778557,-0.004890913,-0.0027487054,-0.003569166,-0.0013856097,0.006143961,-0.002726836,0.009951789
ATAC_FBF1,-0.00091378647,-0.0021970277,-0.0013782722,0.39412314,-0.005820528,0.14106952,-0.0074844663,-0.0039293924,0.36785668,-0.004888715,-0.0027467292,-0.0035714072,-0.0013842476,0.0061832257,-0.0027291193,0.009709898
ATAC_FBXO16,-0.00091342634,-0.002195106,-0.0013761553,0.39414644,-0.0058202385,0.14103237,-0.0074867513,-0.003928487,0.36778557,-0.004890913,-0.0027487054,-0.003569166,-0.0013856097,0.006143961,-0.002726836,0.009951789
ATAC_FBXO32,-0.00090771663,-0.002188174,-0.0013804153,0.39317083,-0.0058321594,0.14202403,-0.0074782907,-0.0039347513,0.36797678,-0.0048902864,-0.0027565043,-0.0035701704,-0.0013750436,0.005133096,-0.0027345177,0.008900557
ATAC_FBXW4,-0.00091342634,-0.002195106,-0.0013761553,0.39414644,-0.0058202385,0.14103237,-0.0074867513,-0.003928487,0.36778557,-0.004890913,-0.0027487054,-0.003569166,-0.0013856097,0.006143961,-0.002726836,0.009951789
ATAC_FBXW5,-0.00091342634,-0.002195106,-0.0013761553,0.39414644,-0.0058202385,0.14103237,-0.0074867513,-0.003928487,0.36778557,-0.004890913,-0.0027487054,-0.003569166,-0.0013856097,0.006143961,-0.002726836,0.009951789
ATAC_FCER1A,-0.0023729303,-0.003422901,0.020272553,0.21368319,-0.004244879,0.13477245,-0.0059964526,-0.0022090098,0.2692378,-0.0042093843,-0.0045897705,-0.0017857387,-0.0032940859,0.10665566,-0.0036105216,0.17494681
ATAC_FCER2,-0.00091342634,-0.002195106,-0.0013761553,0.39414644,-0.0058202385,0.14103237,-0.0074867513,-0.003928487,0.36778557,-0.004890913,-0.0027487054,-0.003569166,-0.0013856097,0.006143961,-0.002726836,0.009951789
ATAC_FCF1,-0.00091342634,-0.002195106,-0.0013761553,0.39414644,-0.0058202385,0.14103237,-0.0074867513,-0.003928487,0.36778557,-0.004890913,-0.0027487054,-0.003569166,-0.0013856097,0.006143961,-0.002726836,0.009951789
ATAC_FCGR3A,-0.00091342634,-0.002195106,-0.0013761553,0.39414644,-0.0058202385,0.14103237,-0.0074867513,-0.003928487,0.36778557,-0.004890913,-0.0027487054,-0.003569166,-0.0013856097,0.006143961,-0.002726836,0.009951789
ATAC_FCMR,-0.00091342634,-0.002195106,-0.0013761553,0.39414644,-0.0058202385,0.14103237,-0.0074867513,-0.003928487,0.36778557,-0.004890913,-0.0027487054,-0.003569166,-0.0013856097,0.006143961,-0.002726836,0.009951789
ATAC_FCN1,-0.00091342634,-0.002195106,-0.0013761553,0.39414644,-0.0058202385,0.14103237,-0.0074867513,-0.003928487,0.36778557,-0.004890913,-0.0027487054,-0.003569166,-0.0013856097,0.006143961,-0.002726836,0.009951789
ATAC_FCRL1,-0.00091342634,-0.002195106,-0.0013761553,0.39414644,-0.0058202385,0.14103237,-0.0074867513,-0.003928487,0.36778557,-0.004890913,-0.0027487054,-0.003569166,-0.0013856097,0.006143961,-0.002726836,0.009951789
ATAC_FCRL3,-0.00091342634,-0.002195106,-0.0013761553,0.39414644,-0.0058202385,0.14103237,-0.0074867513,-0.003928487,0.36778557,-0.004890913,-0.0027487054,-0.003569166,-0.0013856097,0.006143961,-0.002726836,0.009951789
ATAC_FCRL6,0.01529941,-0.0029777747,-0.002779127,0.12968703,-0.0081769675,0.064344466,-0.006527795,-0.0014904777,0.49352762,-0.0029705588,-0.0032849973,-0.0012937884,-0.0011492718,-0.00037872704,0.013717353,0.05942204
ATAC_FGF5,-0.00091342634,-0.002195106,-0.0013761553,0.39414644,-0.0058202385,0.14103237,-0.0074867513,-0.003928487,0.36778557,-0.004890913,-0.0027487054,-0.003569166,-0.0013856097,0.006143961,-0.002726836,0.009951789
ATAC_FGF9,-0.00091297645,-0.0021884646,-0.0013603852,0.3930722,-0.005828931,0.14078891,-0.007485383,-0.0039342553,0.3672851,-0.0049059945,-0.0027476028,-0.0035803143,-0.0013865583,0.0061589815,-0.0027129576,0.009795297
ATAC_FGFBP2,-0.00088990096,-0.0016303355,-0.0012965231,0.40575373,-0.0038952865,0.15146111,-0.00510286,-0.006077687,0.1332844,-0.0030100376,-0.00068197056,-0.002717577,-6.387189e-05,0.16581057,-0.0036675644,0.06364943
ATAC_FGFBP3,-0.00091342634,-0.002195106,-0.0013761553,0.39414644,-0.0058202385,0.14103237,-0.0074867513,-0.003928487,0.36778557,-0.004890913,-0.0027487054,-0.003569166,-0.0013856097,0.006143961,-0.002726836,0.009951789
ATAC_FHIT,-0.00091254344,-0.0021897068,-0.0013588264,0.3919527,-0.0058342502,0.14155972,-0.0074764416,-0.0039251605,0.36685202,-0.004893779,-0.0027477522,-0.003576885,-0.0013818076,0.0064603724,-0.0027212864,0.010936407
ATAC_FIBCD1,-0.00091342634,-0.002195106,-0.0013761553,0.39414644,-0.0058202385,0.14103237,-0.0074867513,-0.003928487,0.36778557,-0.004890913,-0.0027487054,-0.003569166,-0.0013856097,0.006143961,-0.002726836,0.009951789
ATAC_FILIP1L,0.01529941,-0.0029777747,-0.002779127,0.12968703,-0.0081769675,0.064344466,-0.006527795,-0.0014904777,0.49352762,-0.0029705588,-0.0032849973,-0.0012937884,-0.0011492718,-0.00037872704,0.013717353,0.05942204
ATAC_FKBP11,-0.00091342634,-0.002195106,-0.0013761553,0.39414644,-0.0058202385,0.14103237,-0.0074867513,-0.003928487,0.36778557,-0.004890913,-0.0027487054,-0.003569166,-0.0013856097,0.006143961,-0.002726836,0.009951789
ATAC_FLG-AS1,-0.0023758574,-0.0034159638,0.021241814,0.21478826,-0.0042474642,0.13436443,-0.0060069123,-0.0022028408,0.2685056,-0.0041999887,-0.004600827,-0.0017753427,-0.0032903734,0.10820103,-0.003605529,0.1754069
ATAC_FLNB,-0.00091342634,-0.002195106,-0.0013761553,0.39414644,-0.0058202385,0.14103237,-0.0074867513,-0.003928487,0.36778557,-0.004890913,-0.0027487054,-0.003569166,-0.0013856097,0.006143961,-0.002726836,0.009951789
ATAC_FLNC-AS1,-0.00091342634,-0.002195106,-0.0013761553,0.39414644,-0.0058202385,0.14103237,-0.0074867513,-0.003928487,0.36778557,-0.004890913,-0.0027487054,-0.003569166,-0.0013856097,0.006143961,-0.002726836,0.009951789
ATAC_FLT3LG,-0.00091342634,-0.002195106,-0.0013761553,0.39414644,-0.0058202385,0.14103237,-0.0074867513,-0.003928487,0.36778557,-0.004890913,-0.0027487054,-0.003569166,-0.0013856097,0.006143961,-0.002726836,0.009951789
ATAC_FLT4,0.017651945,-0.002413004,-0.0026994948,0.14129426,-0.0062520173,0.07477322,-0.0041439016,-0.0036396778,0.25902644,-0.0010896818,-0.0012182625,-0.0004421994,0.017246602,0.121793896,-0.00080355466,0.11311966
ATAC_FLYWCH1,-0.00091342634,-0.002195106,-0.0013761553,0.39414644,-0.0058202385,0.14103237,-0.0074867513,-0.003928487,0.36778557,-0.004890913,-0.0027487054,-0.003569166,-0.0013856097,0.006143961,-0.002726836,0.009951789
ATAC_FMR1-AS1,-0.00091342634,-0.002195106,-0.0013761553,0.39414644,-0.0058202385,0.14103237,-0.0074867513,-0.003928487,0.36778557,-0.004890913,-0.0027487054,-0.003569166,-0.0013856097,0.006143961,-0.002726836,0.009951789
ATAC_FOCAD,-0.00091342634,-0.002195106,-0.0013761553,0.39414644,-0.0058202385,0.14103237,-0.0074867513,-0.003928487,0.36778557,-0.004890913,-0.0027487054,-0.003569166,-0.0013856097,0.006143961,-0.002726836,0.009951789
ATAC_FOXB1,-0.00091342634,-0.002195106,-0.0013761553,0.39414644,-0.0058202385,0.14103237,-0.0074867513,-0.003928487,0.36778557,-0.004890913,-0.0027487054,-0.003569166,-0.0013856097,0.006143961,-0.002726836,0.009951789
ATAC_FOXC1,-0.00091342634,-0.002195106,-0.0013761553,0.39414644,-0.0058202385,0.14103237,-0.0074867513,-0.003928487,0.36778557,-0.004890913,-0.0027487054,-0.003569166,-0.0013856097,0.006143961,-0.002726836,0.009951789
ATAC_FOXD2,-0.00091342634,-0.002195106,-0.0013761553,0.39414644,-0.0058202385,0.14103237,-0.0074867513,-0.003928487,0.36778557,-0.004890913,-0.0027487054,-0.003569166,-0.0013856097,0.006143961,-0.002726836,0.009951789
ATAC_FOXJ1,-0.00091342634,-0.002195106,-0.0013761553,0.39414644,-0.0058202385,0.14103237,-0.0074867513,-0.003928487,0.36778557,-0.004890913,-0.0027487054,-0.003569166,-0.0013856097,0.006143961,-0.002726836,0.009951789
ATAC_FOXP4-AS1,-0.00091342634,-0.002195106,-0.0013761553,0.39414644,-0.0058202385,0.14103237,-0.0074867513,-0.003928487,0.36778557,-0.004890913,-0.0027487054,-0.003569166,-0.0013856097,0.006143961,-0.002726836,0.009951789
ATAC_FOXRED2,-0.00091342634,-0.002195106,-0.0013761553,0.39414644,-0.0058202385,0.14103237,-0.0074867513,-0.003928487,0.36778557,-0.004890913,-0.0027487054,-0.003569166,-0.0013856097,0.006143961,-0.002726836,0.009951789
ATAC_FRG1-DT,-0.00091342634,-0.002195106,-0.0013761553,0.39414644,-0.0058202385,0.14103237,-0.0074867513,-0.003928487,0.36778557,-0.004890913,-0.0027487054,-0.003569166,-0.0013856097,0.006143961,-0.002726836,0.009951789
ATAC_FRMD6-AS2,-0.0009134316,-0.0021951061,-0.0013761601,0.3941459,-0.0058202487,0.14103328,-0.007486755,-0.003928487,0.36778578,-0.004890906,-0.002748698,-0.0035691732,-0.0013856145,0.0061440207,-0.0027268294,0.009951342
ATAC_FXYD1,-0.000914207,-0.0021984258,-0.0013765057,0.39461032,-0.0058250693,0.14080408,-0.0074897753,-0.0039233183,0.3682507,-0.0048899953,-0.0027510324,-0.003567925,-0.0013869992,0.0059067793,-0.0027256778,0.010150332
ATAC_FZD4-DT,-0.00091342634,-0.002195106,-0.0013761553,0.39414644,-0.0058202385,0.14103237,-0.0074867513,-0.003928487,0.36778557,-0.004890913,-0.0027487054,-0.003569166,-0.0013856097,0.006143961,-0.002726836,0.009951789
ATAC_G0S2,-0.00091342634,-0.002195106,-0.0013761553,0.39414644,-0.0058202385,0.14103237,-0.0074867513,-0.003928487,0.36778557,-0.004890913,-0.0027487054,-0.003569166,-0.0013856097,0.006143961,-0.002726836,0.009951789
ATAC_GAB2,-0.00091342634,-0.002195106,-0.0013761553,0.39414644,-0.0058202385,0.14103237,-0.0074867513,-0.003928487,0.36778557,-0.004890913,-0.0027487054,-0.003569166,-0.0013856097,0.006143961,-0.002726836,0.009951789
ATAC_GABPB2,-0.0023729303,-0.003422901,0.020272553,0.21368319,-0.004244879,0.13477245,-0.0059964526,-0.0022090098,0.2692378,-0.0042093843,-0.0045897705,-0.0017857387,-0.0032940859,0.10665566,-0.0036105216,0.17494681
ATAC_GADD45A,-0.00091049826,-0.0022058145,-0.0013627874,0.39363855,-0.005806047,0.14219266,-0.0074937646,-0.00393507,0.36650893,-0.004880987,-0.0027573556,-0.003571102,-0.0013939275,0.0068475045,-0.0027215001,0.008486409
ATAC_GALM,-0.00091342634,-0.002195106,-0.0013761553,0.39414644,-0.0058202385,0.14103237,-0.0074867513,-0.003928487,0.36778557,-0.004890913,-0.0027487054,-0.003569166,-0.0013856097,0.006143961,-0.002726836,0.009951789
ATAC_GALNT12,-0.00091342634,-0.002195106,-0.0013761553,0.39414644,-0.0058202385,0.14103237,-0.0074867513,-0.003928487,0.36778557,-0.004890913,-0.0027487054,-0.003569166,-0.0013856097,0.006143961,-0.002726836,0.009951789
ATAC_GALNTL5,-0.00091342634,-0.002195106,-0.0013761553,0.39414644,-0.0058202385,0.14103237,-0.0074867513,-0.003928487,0.36778557,-0.004890913,-0.0027487054,-0.003569166,-0.0013856097,0.006143961,-0.002726836,0.009951789
ATAC_GALNTL6,-0.00091342634,-0.002195106,-0.0013761553,0.39414644,-0.0058202385,0.14103237,-0.0074867513,-0.003928487,0.36778557,-0.004890913,-0.0027487054,-0.003569166,-0.0013856097,0.006143961,-0.002726836,0.009951789
ATAC_GAS2,-0.00091342634,-0.002195106,-0.0013761553,0.39414644,-0.0058202385,0.14103237,-0.0074867513,-0.003928487,0.36778557,-0.004890913,-0.0027487054,-0.003569166,-0.0013856097,0.006143961,-0.002726836,0.009951789
ATAC_GAS8,-0.0009098672,-0.00219161,-0.0013707265,0.39382136,-0.005827534,0.14246072,-0.0074932175,-0.003914781,0.3680889,-0.0048958748,-0.0027619717,-0.003560803,-0.0013885718,0.005742822,-0.0027221176,0.010556448
ATAC_GASK1A,-0.00091342634,-0.002195106,-0.0013761553,0.39414644,-0.0058202385,0.14103237,-0.0074867513,-0.003928487,0.36778557,-0.004890913,-0.0027487054,-0.003569166,-0.0013856097,0.006143961,-0.002726836,0.009951789
ATAC_GATA3,-0.00091342634,-0.002195106,-0.0013761553,0.39414644,-0.0058202385,0.14103237,-0.0074867513,-0.003928487,0.36778557,-0.004890913,-0.0027487054,-0.003569166,-0.0013856097,0.006143961,-0.002726836,0.009951789
ATAC_GBP5,-0.00064489787,-0.001919418,-0.0012881511,0.38723135,-0.005783969,0.15845251,-0.0072523206,-0.0038227367,0.38154578,-0.0047407774,-0.0025734615,-0.0038787338,-0.0013219821,0.014795952,-0.00290439,-0.00020557788
ATAC_GBX1,-0.00091342634,-0.002195106,-0.0013761553,0.39414644,-0.0058202385,0.14103237,-0.0074867513,-0.003928487,0.36778557,-0.004890913,-0.0027487054,-0.003569166,-0.0013856097,0.006143961,-0.002726836,0.009951789
ATAC_GCG,-0.00092175114,-0.0021947843,-0.0013837354,0.3932873,-0.0058269226,0.1408555,-0.007479291,-0.0039353026,0.36891723,-0.0048954575,-0.0027480249,-0.003571731,-0.0013917967,0.007374119,-0.0027148186,0.010953164
ATAC_GCK,0.0021159574,-0.00037222574,-0.00094151095,0.5258073,-0.0017029465,0.057379536,-0.003475606,-0.003930295,0.041215956,-0.0017444838,-0.00041523675,-0.002431706,0.14306681,0.23693481,-0.005241658,-0.0008372252
ATAC_GCNT4,-0.00091342634,-0.002195106,-0.0013761553,0.39414644,-0.0058202385,0.14103237,-0.0074867513,-0.003928487,0.36778557,-0.004890913,-0.0027487054,-0.003569166,-0.0013856097,0.006143961,-0.002726836,0.009951789
ATAC_GDF15,-0.00091342634,-0.002195106,-0.0013761553,0.39414644,-0.0058202385,0.14103237,-0.0074867513,-0.003928487,0.36778557,-0.004890913,-0.0027487054,-0.003569166,-0.0013856097,0.006143961,-0.002726836,0.009951789
ATAC_GDPD5,-0.00091342634,-0.002195106,-0.0013761553,0.39414644,-0.0058202385,0.14103237,-0.0074867513,-0.003928487,0.36778557,-0.004890913,-0.0027487054,-0.003569166,-0.0013856097,0.006143961,-0.002726836,0.009951789
ATAC_GEM,-0.00091342634,-0.002195106,-0.0013761553,0.39414644,-0.0058202385,0.14103237,-0.0074867513,-0.003928487,0.36778557,-0.004890913,-0.0027487054,-0.003569166,-0.0013856097,0.006143961,-0.002726836,0.009951789
ATAC_GFOD1-AS1,-0.00091342634,-0.002195106,-0.0013761553,0.39414644,-0.0058202385,0.14103237,-0.0074867513,-0.003928487,0.36778557,-0.004890913,-0.0027487054,-0.003569166,-0.0013856097,0.006143961,-0.002726836,0.009951789
ATAC_GFPT2,-0.00091342634,-0.002195106,-0.0013761553,0.39414644,-0.0058202385,0.14103237,-0.0074867513,-0.003928487,0.36778557,-0.004890913,-0.0027487054,-0.003569166,-0.0013856097,0.006143961,-0.002726836,0.009951789
ATAC_GFRA3,-0.00091342634,-0.002195106,-0.0013761553,0.39414644,-0.0058202385,0.14103237,-0.0074867513,-0.003928487,0.36778557,-0.004890913,-0.0027487054,-0.003569166,-0.0013856097,0.006143961,-0.002726836,0.009951789
ATAC_GIMAP5,-0.00091342634,-0.002195106,-0.0013761553,0.39414644,-0.0058202385,0.14103237,-0.0074867513,-0.003928487,0.36778557,-0.004890913,-0.0027487054,-0.003569166,-0.0013856097,0.006143961,-0.002726836,0.009951789
ATAC_GIPR,-0.00091064785,-0.0021949299,-0.0013710769,0.3942852,-0.0058323652,0.14223243,-0.007496241,-0.003909612,0.36855403,-0.004894957,-0.0027642986,-0.003559562,-0.0013899612,0.00550564,-0.0027209595,0.010754991
ATAC_GJA3,-0.00091342634,-0.002195106,-0.0013761553,0.39414644,-0.0058202385,0.14103237,-0.0074867513,-0.003928487,0.36778557,-0.004890913,-0.0027487054,-0.003569166,-0.0013856097,0.006143961,-0.002726836,0.009951789
ATAC_GJC3,-0.00091342634,-0.002195106,-0.0013761553,0.39414644,-0.0058202385,0.14103237,-0.0074867513,-0.003928487,0.36778557,-0.004890913,-0.0027487054,-0.003569166,-0.0013856097,0.006143961,-0.002726836,0.009951789
ATAC_GLB1L3,-0.00091342634,-0.002195106,-0.0013761553,0.39414644,-0.0058202385,0.14103237,-0.0074867513,-0.003928487,0.36778557,-0.004890913,-0.0027487054,-0.003569166,-0.0013856097,0.006143961,-0.002726836,0.009951789
ATAC_GLI4,-0.00130651,-0.0042055696,-0.0012002462,-0.0005077624,-0.00660161,0.058084548,-0.005037494,0.022899956,0.39497986,-0.0022890298,-0.005126062,0.048963852,-0.0030577483,0.062639,-0.00074651133,0.22441705
ATAC_GLIPR1L2,-0.00091342634,-0.002195106,-0.0013761553,0.39414644,-0.0058202385,0.14103237,-0.0074867513,-0.003928487,0.36778557,-0.004890913,-0.0027487054,-0.003569166,-0.0013856097,0.006143961,-0.002726836,0.009951789
ATAC_GNAL,-0.0009136853,-0.0021948314,-0.0013763853,0.3941154,-0.005820094,0.14105439,-0.0074868766,-0.003928391,0.36780918,-0.0048911218,-0.0027486496,-0.0035693129,-0.0013854988,0.00616619,-0.0027270096,0.009973925
ATAC_GNAS-AS1,-0.00091342634,-0.002195106,-0.0013761553,0.39414644,-0.0058202385,0.14103237,-0.0074867513,-0.003928487,0.36778557,-0.004890913,-0.0027487054,-0.003569166,-0.0013856097,0.006143961,-0.002726836,0.009951789
ATAC_GNG11,-0.00091342634,-0.002195106,-0.0013761553,0.39414644,-0.0058202385,0.14103237,-0.0074867513,-0.003928487,0.36778557,-0.004890913,-0.0027487054,-0.003569166,-0.0013856097,0.006143961,-0.002726836,0.009951789
ATAC_GNG3,-0.00091342634,-0.002195106,-0.0013761553,0.39414644,-0.0058202385,0.14103237,-0.0074867513,-0.003928487,0.36778557,-0.004890913,-0.0027487054,-0.003569166,-0.0013856097,0.006143961,-0.002726836,0.009951789
ATAC_GNG7,-0.00091342634,-0.002195106,-0.0013761553,0.39414644,-0.0058202385,0.14103237,-0.0074867513,-0.003928487,0.36778557,-0.004890913,-0.0027487054,-0.003569166,-0.0013856097,0.006143961,-0.002726836,0.009951789
ATAC_GNMT,-0.00091342634,-0.002195106,-0.0013761553,0.39414644,-0.0058202385,0.14103237,-0.0074867513,-0.003928487,0.36778557,-0.004890913,-0.0027487054,-0.003569166,-0.0013856097,0.006143961,-0.002726836,0.009951789
ATAC_GOLGA8A,-0.00091342634,-0.002195106,-0.0013761553,0.39414644,-0.0058202385,0.14103237,-0.0074867513,-0.003928487,0.36778557,-0.004890913,-0.0027487054,-0.003569166,-0.0013856097,0.006143961,-0.002726836,0.009951789
ATAC_GOLGA8B,-0.00091342634,-0.002195106,-0.0013761553,0.39414644,-0.0058202385,0.14103237,-0.0074867513,-0.003928487,0.36778557,-0.004890913,-0.0027487054,-0.003569166,-0.0013856097,0.006143961,-0.002726836,0.009951789
ATAC_GORAB-AS1,-0.00091635366,-0.0021881687,-0.0013664626,0.39525148,-0.0058228243,0.14062434,-0.0074972115,-0.0039223186,0.3670534,-0.004881518,-0.0027597616,-0.0035587703,-0.0013818975,0.0076893307,-0.002721844,0.010411877
ATAC_GP1BB,-0.0009105576,-0.0021917277,-0.0013742306,0.39412886,-0.005822493,0.14149454,-0.007486565,-0.003924513,0.36772466,-0.004891471,-0.0027515104,-0.0035692083,-0.001383459,0.0062281825,-0.0027287782,0.009653378
ATAC_GP5,-0.00091342634,-0.002195106,-0.0013761553,0.39414644,-0.0058202385,0.14103237,-0.0074867513,-0.003928487,0.36778557,-0.004890913,-0.0027487054,-0.003569166,-0.0013856097,0.006143961,-0.002726836,0.009951789
ATAC_GPHN,-0.000914207,-0.0021984258,-0.0013765057,0.39461032,-0.0058250693,0.14080408,-0.0074897753,-0.0039233183,0.3682507,-0.0048899953,-0.0027510324,-0.003567925,-0.0013869992,0.0059067793,-0.0027256778,0.010150332
ATAC_GPM6A,-0.00091342634,-0.002195106,-0.0013761553,0.39414644,-0.0058202385,0.14103237,-0.0074867513,-0.003928487,0.36778557,-0.004890913,-0.0027487054,-0.003569166,-0.0013856097,0.006143961,-0.002726836,0.009951789
ATAC_GPR17,-0.00088990096,-0.0016303355,-0.0012965231,0.40575373,-0.0038952865,0.15146111,-0.00510286,-0.006077687,0.1332844,-0.0030100376,-0.00068197056,-0.002717577,-6.387189e-05,0.16581057,-0.0036675644,0.06364943
ATAC_GPR171,-0.00091342634,-0.002195106,-0.0013761553,0.39414644,-0.0058202385,0.14103237,-0.0074867513,-0.003928487,0.36778557,-0.004890913,-0.0027487054,-0.003569166,-0.0013856097,0.006143961,-0.002726836,0.009951789
ATAC_GPR174,-0.00091342634,-0.002195106,-0.0013761553,0.39414644,-0.0058202385,0.14103237,-0.0074867513,-0.003928487,0.36778557,-0.004890913,-0.0027487054,-0.003569166,-0.0013856097,0.006143961,-0.002726836,0.009951789
ATAC_GPR63,-0.00091342634,-0.002195106,-0.0013761553,0.39414644,-0.0058202385,0.14103237,-0.0074867513,-0.003928487,0.36778557,-0.004890913,-0.0027487054,-0.003569166,-0.0013856097,0.006143961,-0.002726836,0.009951789
ATAC_GPR65,-0.00091342634,-0.002195106,-0.0013761553,0.39414644,-0.0058202385,0.14103237,-0.0074867513,-0.003928487,0.36778557,-0.004890913,-0.0027487054,-0.003569166,-0.0013856097,0.006143961,-0.002726836,0.009951789
ATAC_GPR87,-0.00091205526,-0.002183269,-0.0013695594,0.39224964,-0.005838425,0.14262384,-0.0074768183,-0.003926806,0.3681202,-0.004880157,-0.0027574177,-0.0035713539,-0.0013767151,0.0054324903,-0.0027348052,0.009341015
ATAC_GPR88,-0.00091342634,-0.002195106,-0.0013761553,0.39414644,-0.0058202385,0.14103237,-0.0074867513,-0.003928487,0.36778557,-0.004890913,-0.0027487054,-0.003569166,-0.0013856097,0.006143961,-0.002726836,0.009951789
ATAC_GPRACR,-0.00091342634,-0.002195106,-0.0013761553,0.39414644,-0.0058202385,0.14103237,-0.0074867513,-0.003928487,0.36778557,-0.004890913,-0.0027487054,-0.003569166,-0.0013856097,0.006143961,-0.002726836,0.009951789
ATAC_GRAP2,-0.00091342634,-0.002195106,-0.0013761553,0.39414644,-0.0058202385,0.14103237,-0.0074867513,-0.003928487,0.36778557,-0.004890913,-0.0027487054,-0.003569166,-0.0013856097,0.006143961,-0.002726836,0.009951789
ATAC_GREM2,-0.00091342634,-0.002195106,-0.0013761553,0.39414644,-0.0058202385,0.14103237,-0.0074867513,-0.003928487,0.36778557,-0.004890913,-0.0027487054,-0.003569166,-0.0013856097,0.006143961,-0.002726836,0.009951789
ATAC_GRIA4,-0.00091342634,-0.002195106,-0.0013761553,0.39414644,-0.0058202385,0.14103237,-0.0074867513,-0.003928487,0.36778557,-0.004890913,-0.0027487054,-0.003569166,-0.0013856097,0.006143961,-0.002726836,0.009951789
ATAC_GRIK4,-0.00091342634,-0.002195106,-0.0013761553,0.39414644,-0.0058202385,0.14103237,-0.0074867513,-0.003928487,0.36778557,-0.004890913,-0.0027487054,-0.003569166,-0.0013856097,0.006143961,-0.002726836,0.009951789
ATAC_GSG1,-0.00091342634,-0.002195106,-0.0013761553,0.39414644,-0.0058202385,0.14103237,-0.0074867513,-0.003928487,0.36778557,-0.004890913,-0.0027487054,-0.003569166,-0.0013856097,0.006143961,-0.002726836,0.009951789
ATAC_GSTM3,-0.00091342634,-0.002195106,-0.0013761553,0.39414644,-0.0058202385,0.14103237,-0.0074867513,-0.003928487,0.36778557,-0.004890913,-0.0027487054,-0.003569166,-0.0013856097,0.006143961,-0.002726836,0.009951789
ATAC_GTDC1,-0.00091342634,-0.002195106,-0.0013761553,0.39414644,-0.0058202385,0.14103237,-0.0074867513,-0.003928487,0.36778557,-0.004890913,-0.0027487054,-0.003569166,-0.0013856097,0.006143961,-0.002726836,0.009951789
ATAC_GTF2H3,-0.00091342634,-0.002195106,-0.0013761553,0.39414644,-0.0058202385,0.14103237,-0.0074867513,-0.003928487,0.36778557,-0.004890913,-0.0027487054,-0.003569166,-0.0013856097,0.006143961,-0.002726836,0.009951789
ATAC_GTF3A,-0.00091342634,-0.002195106,-0.0013761553,0.39414644,-0.0058202385,0.14103237,-0.0074867513,-0.003928487,0.36778557,-0.004890913,-0.0027487054,-0.003569166,-0.0013856097,0.006143961,-0.002726836,0.009951789
ATAC_GTPBP8,-0.00091342634,-0.002195106,-0.0013761553,0.39414644,-0.0058202385,0.14103237,-0.0074867513,-0.003928487,0.36778557,-0.004890913,-0.0027487054,-0.003569166,-0.0013856097,0.006143961,-0.002726836,0.009951789
ATAC_GXYLT2,-0.00091342634,-0.002195106,-0.0013761553,0.39414644,-0.0058202385,0.14103237,-0.0074867513,-0.003928487,0.36778557,-0.004890913,-0.0027487054,-0.003569166,-0.0013856097,0.006143961,-0.002726836,0.009951789
ATAC_GYPC,-0.00092175114,-0.0021947843,-0.0013837354,0.3932873,-0.0058269226,0.1408555,-0.007479291,-0.0039353026,0.36891723,-0.0048954575,-0.0027480249,-0.003571731,-0.0013917967,0.007374119,-0.0027148186,0.010953164
ATAC_GZMA,-0.0009031389,-0.0021902632,-0.0013711565,0.39309543,-0.005822651,0.14087567,-0.0074814516,-0.0039375178,0.36723056,-0.004905544,-0.0027402176,-0.0035823248,-0.0013844748,0.005594615,-0.002720563,0.010318194
ATAC_GZMB,-0.0008068117,-0.0024243607,-0.0006480862,0.40347397,-0.0054449267,0.21855581,-0.006522894,-0.003586409,0.33322683,-0.0041442597,-0.0022412648,-0.0033418403,-0.0012516238,-0.0005681758,-0.0018777698,0.009755332
ATAC_GZMH,-0.00093291304,-0.0021654463,-0.0013798083,0.3967803,-0.005843437,0.1435005,-0.0075130695,-0.0039023464,0.36906797,-0.00490582,-0.0027885865,-0.0035540287,-0.0013779739,0.006278161,-0.0027336192,0.009607751
ATAC_GZMK,-0.00091342634,-0.002195106,-0.0013761553,0.39414644,-0.0058202385,0.14103237,-0.0074867513,-0.003928487,0.36778557,-0.004890913,-0.0027487054,-0.003569166,-0.0013856097,0.006143961,-0.002726836,0.009951789
ATAC_GZMM,-0.00091342634,-0.002195106,-0.0013761553,0.39414644,-0.0058202385,0.14103237,-0.0074867513,-0.003928487,0.36778557,-0.004890913,-0.0027487054,-0.003569166,-0.0013856097,0.006143961,-0.002726836,0.009951789
ATAC_HABP4,-0.00091342634,-0.002195106,-0.0013761553,0.39414644,-0.0058202385,0.14103237,-0.0074867513,-0.003928487,0.36778557,-0.004890913,-0.0027487054,-0.003569166,-0.0013856097,0.006143961,-0.002726836,0.009951789
ATAC_HAPLN3,-0.00091342634,-0.002195106,-0.0013761553,0.39414644,-0.0058202385,0.14103237,-0.0074867513,-0.003928487,0.36778557,-0.004890913,-0.0027487054,-0.003569166,-0.0013856097,0.006143961,-0.002726836,0.009951789
ATAC_HARBI1,-0.00091342634,-0.002195106,-0.0013761553,0.39414644,-0.0058202385,0.14103237,-0.0074867513,-0.003928487,0.36778557,-0.004890913,-0.0027487054,-0.003569166,-0.0013856097,0.006143961,-0.002726836,0.009951789
ATAC_HAS2-AS1,-0.00091342634,-0.002195106,-0.0013761553,0.39414644,-0.0058202385,0.14103237,-0.0074867513,-0.003928487,0.36778557,-0.004890913,-0.0027487054,-0.003569166,-0.0013856097,0.006143961,-0.002726836,0.009951789
ATAC_HBQ1,-0.00091342634,-0.002195106,-0.0013761553,0.39414644,-0.0058202385,0.14103237,-0.0074867513,-0.003928487,0.36778557,-0.004890913,-0.0027487054,-0.003569166,-0.0013856097,0.006143961,-0.002726836,0.009951789
ATAC_HCG14,-0.00091342634,-0.002195106,-0.0013761553,0.39414644,-0.0058202385,0.14103237,-0.0074867513,-0.003928487,0.36778557,-0.004890913,-0.0027487054,-0.003569166,-0.0013856097,0.006143961,-0.002726836,0.009951789
ATAC_HCG25,-0.00091342634,-0.002195106,-0.0013761553,0.39414644,-0.0058202385,0.14103237,-0.0074867513,-0.003928487,0.36778557,-0.004890913,-0.0027487054,-0.003569166,-0.0013856097,0.006143961,-0.002726836,0.009951789
ATAC_HCG27,-0.00091342634,-0.002195106,-0.0013761553,0.39414644,-0.0058202385,0.14103237,-0.0074867513,-0.003928487,0.36778557,-0.004890913,-0.0027487054,-0.003569166,-0.0013856097,0.006143961,-0.002726836,0.009951789
ATAC_HCP5,-0.00091342634,-0.002195106,-0.0013761553,0.39414644,-0.0058202385,0.14103237,-0.0074867513,-0.003928487,0.36778557,-0.004890913,-0.0027487054,-0.003569166,-0.0013856097,0.006143961,-0.002726836,0.009951789
ATAC_HCRT,-0.00091342634,-0.002195106,-0.0013761553,0.39414644,-0.0058202385,0.14103237,-0.0074867513,-0.003928487,0.36778557,-0.004890913,-0.0027487054,-0.003569166,-0.0013856097,0.006143961,-0.002726836,0.009951789
ATAC_HDAC11-AS1,-0.00091342634,-0.002195106,-0.0013761553,0.39414644,-0.0058202385,0.14103237,-0.0074867513,-0.003928487,0.36778557,-0.004890913,-0.0027487054,-0.003569166,-0.0013856097,0.006143961,-0.002726836,0.009951789
ATAC_HDAC8,-0.00091276143,-0.0022047418,-0.001371651,0.3952939,-0.005808187,0.14232913,-0.0074750525,-0.0039420263,0.36733,-0.004885167,-0.0027369792,-0.0035663354,-0.0013890138,0.005412314,-0.0027191022,0.009295601
ATAC_HDAC9,-0.00091342634,-0.002195106,-0.0013761553,0.39414644,-0.0058202385,0.14103237,-0.0074867513,-0.003928487,0.36778557,-0.004890913,-0.0027487054,-0.003569166,-0.0013856097,0.006143961,-0.002726836,0.009951789
ATAC_HDHD3,-0.00085921306,-0.0028514194,-0.0010761732,0.37998796,-0.0050867763,0.08471882,-0.008042119,-0.003351063,0.31982675,-0.0051620514,-0.0025768164,-0.003328623,-0.0006605238,0.09671359,-0.0028322886,0.009930063
ATAC_HEG1,-0.00091342634,-0.002195106,-0.0013761553,0.39414644,-0.0058202385,0.14103237,-0.0074867513,-0.003928487,0.36778557,-0.004890913,-0.0027487054,-0.003569166,-0.0013856097,0.006143961,-0.002726836,0.009951789
ATAC_HELB,-0.00091342634,-0.002195106,-0.0013761553,0.39414644,-0.0058202385,0.14103237,-0.0074867513,-0.003928487,0.36778557,-0.004890913,-0.0027487054,-0.003569166,-0.0013856097,0.006143961,-0.002726836,0.009951789
ATAC_HELLS,-0.0009136853,-0.0021948314,-0.0013763853,0.3941154,-0.005820094,0.14105439,-0.0074868766,-0.003928391,0.36780918,-0.0048911218,-0.0027486496,-0.0035693129,-0.0013854988,0.00616619,-0.0027270096,0.009973925
ATAC_HEMK1,-0.00091342634,-0.002195106,-0.0013761553,0.39414644,-0.0058202385,0.14103237,-0.0074867513,-0.003928487,0.36778557,-0.004890913,-0.0027487054,-0.003569166,-0.0013856097,0.006143961,-0.002726836,0.009951789
ATAC_HERC2,-0.00091342634,-0.002195106,-0.0013761553,0.39414644,-0.0058202385,0.14103237,-0.0074867513,-0.003928487,0.36778557,-0.004890913,-0.0027487054,-0.003569166,-0.0013856097,0.006143961,-0.002726836,0.009951789
ATAC_HERC5,-0.00091342634,-0.002195106,-0.0013761553,0.39414644,-0.0058202385,0.14103237,-0.0074867513,-0.003928487,0.36778557,-0.004890913,-0.0027487054,-0.003569166,-0.0013856097,0.006143961,-0.002726836,0.009951789
ATAC_HERC6,-0.00091342634,-0.002195106,-0.0013761553,0.39414644,-0.0058202385,0.14103237,-0.0074867513,-0.003928487,0.36778557,-0.004890913,-0.0027487054,-0.003569166,-0.0013856097,0.006143961,-0.002726836,0.009951789
ATAC_HES2,-0.00091342634,-0.002195106,-0.0013761553,0.39414644,-0.0058202385,0.14103237,-0.0074867513,-0.003928487,0.36778557,-0.004890913,-0.0027487054,-0.003569166,-0.0013856097,0.006143961,-0.002726836,0.009951789
ATAC_HES7,-0.00091342634,-0.002195106,-0.0013761553,0.39414644,-0.0058202385,0.14103237,-0.0074867513,-0.003928487,0.36778557,-0.004890913,-0.0027487054,-0.003569166,-0.0013856097,0.006143961,-0.002726836,0.009951789
ATAC_HEXIM1,-8.560076e-05,-0.0014242387,-0.0021895121,0.4376525,-0.0050953436,0.16704933,-0.007072227,-0.0036565338,0.39033255,-0.005482762,-0.002625306,-0.0033882612,-0.00043797973,-0.00040265324,-0.0020461916,-0.00060364936
ATAC_HHAT,-0.00091342634,-0.002195106,-0.0013761553,0.39414644,-0.0058202385,0.14103237,-0.0074867513,-0.003928487,0.36778557,-0.004890913,-0.0027487054,-0.003569166,-0.0013856097,0.006143961,-0.002726836,0.009951789
ATAC_HIBADH,-0.00091342634,-0.002195106,-0.0013761553,0.39414644,-0.0058202385,0.14103237,-0.0074867513,-0.003928487,0.36778557,-0.004890913,-0.0027487054,-0.003569166,-0.0013856097,0.006143961,-0.002726836,0.009951789
ATAC_HIF1A-AS1,-0.00071925693,-0.0018456789,-0.0014616052,0.36821127,-0.0061785923,0.13799013,-0.00787604,-0.0034936117,0.39128733,-0.0046653086,-0.0027227357,-0.0037831508,-0.0014476858,0.006141443,-0.002794148,0.018656304
ATAC_HIGD2B,-0.00091342634,-0.002195106,-0.0013761553,0.39414644,-0.0058202385,0.14103237,-0.0074867513,-0.003928487,0.36778557,-0.004890913,-0.0027487054,-0.003569166,-0.0013856097,0.006143961,-0.002726836,0.009951789
ATAC_HIP1,0.01529941,-0.0029777747,-0.002779127,0.12968703,-0.0081769675,0.064344466,-0.006527795,-0.0014904777,0.49352762,-0.0029705588,-0.0032849973,-0.0012937884,-0.0011492718,-0.00037872704,0.013717353,0.05942204
ATAC_HIP1R,0.01529941,-0.0029777747,-0.002779127,0.12968703,-0.0081769675,0.064344466,-0.006527795,-0.0014904777,0.49352762,-0.0029705588,-0.0032849973,-0.0012937884,-0.0011492718,-0.00037872704,0.013717353,0.05942204
ATAC_HIPK1-AS1,-0.00091342634,-0.002195106,-0.0013761553,0.39414644,-0.0058202385,0.14103237,-0.0074867513,-0.003928487,0.36778557,-0.004890913,-0.0027487054,-0.003569166,-0.0013856097,0.006143961,-0.002726836,0.009951789
ATAC_HIVEP3,-0.00091342634,-0.002195106,-0.0013761553,0.39414644,-0.0058202385,0.14103237,-0.0074867513,-0.003928487,0.36778557,-0.004890913,-0.0027487054,-0.003569166,-0.0013856097,0.006143961,-0.002726836,0.009951789
ATAC_HKDC1,-0.00091342634,-0.002195106,-0.0013761553,0.39414644,-0.0058202385,0.14103237,-0.0074867513,-0.003928487,0.36778557,-0.004890913,-0.0027487054,-0.003569166,-0.0013856097,0.006143961,-0.002726836,0.009951789
ATAC_HLA-DQA1,-0.00091342634,-0.002195106,-0.0013761553,0.39414644,-0.0058202385,0.14103237,-0.0074867513,-0.003928487,0.36778557,-0.004890913,-0.0027487054,-0.003569166,-0.0013856097,0.006143961,-0.002726836,0.009951789
ATAC_HLA-DQB1,-0.00090060284,-0.0021859615,-0.0013736775,0.39466858,-0.0058163595,0.14081423,-0.0074975365,-0.003940663,0.36631808,-0.0048859417,-0.0027386534,-0.0035770868,-0.0013825794,0.007459659,-0.0027408812,0.010555837
ATAC_HLCS,-0.00091342634,-0.002195106,-0.0013761553,0.39414644,-0.0058202385,0.14103237,-0.0074867513,-0.003928487,0.36778557,-0.004890913,-0.0027487054,-0.003569166,-0.0013856097,0.006143961,-0.002726836,0.009951789
ATAC_HLTF-AS1,-0.00091342634,-0.002195106,-0.0013761553,0.39414644,-0.0058202385,0.14103237,-0.0074867513,-0.003928487,0.36778557,-0.004890913,-0.0027487054,-0.003569166,-0.0013856097,0.006143961,-0.002726836,0.009951789
ATAC_HMCES,-0.00082693,-0.0024051338,-0.0006668606,0.40532792,-0.005458243,0.22000362,-0.006532286,-0.0035801427,0.3349381,-0.0041636,-0.0022568232,-0.003345462,-0.0012447385,-0.0005782761,-0.0018942633,0.008346546
ATAC_HMGA1P4,-0.00091342634,-0.002195106,-0.0013761553,0.39414644,-0.0058202385,0.14103237,-0.0074867513,-0.003928487,0.36778557,-0.004890913,-0.0027487054,-0.003569166,-0.0013856097,0.006143961,-0.002726836,0.009951789
ATAC_HMOX2,-0.0009114101,-0.002189941,-0.0013778271,0.39364886,-0.005819851,0.14098313,-0.0074878526,-0.003921317,0.3674783,-0.004897678,-0.002750793,-0.0035762459,-0.0013838566,0.0061594285,-0.0027323263,0.010082323
ATAC_HOMER1,-0.00090060284,-0.0021859615,-0.0013736775,0.39466858,-0.0058163595,0.14081423,-0.0074975365,-0.003940663,0.36631808,-0.0048859417,-0.0027386534,-0.0035770868,-0.0013825794,0.007459659,-0.0027408812,0.010555837
ATAC_HOOK2,-0.00091342634,-0.002195106,-0.0013761553,0.39414644,-0.0058202385,0.14103237,-0.0074867513,-0.003928487,0.36778557,-0.004890913,-0.0027487054,-0.003569166,-0.0013856097,0.006143961,-0.002726836,0.009951789
ATAC_HOPX,-0.00091342634,-0.002195106,-0.0013761553,0.39414644,-0.0058202385,0.14103237,-0.0074867513,-0.003928487,0.36778557,-0.004890913,-0.0027487054,-0.003569166,-0.0013856097,0.006143961,-0.002726836,0.009951789
ATAC_HOXA13,-0.00091342634,-0.002195106,-0.0013761553,0.39414644,-0.0058202385,0.14103237,-0.0074867513,-0.003928487,0.36778557,-0.004890913,-0.0027487054,-0.003569166,-0.0013856097,0.006143961,-0.002726836,0.009951789
ATAC_HOXB-AS1,-0.00091342634,-0.002195106,-0.0013761553,0.39414644,-0.0058202385,0.14103237,-0.0074867513,-0.003928487,0.36778557,-0.004890913,-0.0027487054,-0.003569166,-0.0013856097,0.006143961,-0.002726836,0.009951789
ATAC_HOXB-AS3,-0.0008068117,-0.0024243607,-0.0006480862,0.40347397,-0.0054449267,0.21855581,-0.006522894,-0.003586409,0.33322683,-0.0041442597,-0.0022412648,-0.0033418403,-0.0012516238,-0.0005681758,-0.0018777698,0.009755332
ATAC_HOXB9,-0.00091342634,-0.002195106,-0.0013761553,0.39414644,-0.0058202385,0.14103237,-0.0074867513,-0.003928487,0.36778557,-0.004890913,-0.0027487054,-0.003569166,-0.0013856097,0.006143961,-0.002726836,0.009951789
ATAC_HOXC12,-0.00091342634,-0.002195106,-0.0013761553,0.39414644,-0.0058202385,0.14103237,-0.0074867513,-0.003928487,0.36778557,-0.004890913,-0.0027487054,-0.003569166,-0.0013856097,0.006143961,-0.002726836,0.009951789
ATAC_HOXC4,-0.00091342634,-0.002195106,-0.0013761553,0.39414644,-0.0058202385,0.14103237,-0.0074867513,-0.003928487,0.36778557,-0.004890913,-0.0027487054,-0.003569166,-0.0013856097,0.006143961,-0.002726836,0.009951789
ATAC_HPN,-0.00064489787,-0.001919418,-0.0012881511,0.38723135,-0.005783969,0.15845251,-0.0072523206,-0.0038227367,0.38154578,-0.0047407774,-0.0025734615,-0.0038787338,-0.0013219821,0.014795952,-0.00290439,-0.00020557788
ATAC_HS3ST3B1,-0.00091897865,-0.0021922784,-0.0013672089,0.3948086,-0.0058260155,0.14063309,-0.0074972445,-0.0039244685,0.3688272,-0.004892082,-0.0027517963,-0.0035725378,-0.0013934212,0.0059047826,-0.0027176365,0.009449679
ATAC_HSBP1L1,-0.00091342634,-0.002195106,-0.0013761553,0.39414644,-0.0058202385,0.14103237,-0.0074867513,-0.003928487,0.36778557,-0.004890913,-0.0027487054,-0.003569166,-0.0013856097,0.006143961,-0.002726836,0.009951789
ATAC_HSF5,-0.00091342634,-0.002195106,-0.0013761553,0.39414644,-0.0058202385,0.14103237,-0.0074867513,-0.003928487,0.36778557,-0.004890913,-0.0027487054,-0.003569166,-0.0013856097,0.006143961,-0.002726836,0.009951789
ATAC_HSH2D,-0.00091342634,-0.002195106,-0.0013761553,0.39414644,-0.0058202385,0.14103237,-0.0074867513,-0.003928487,0.36778557,-0.004890913,-0.0027487054,-0.003569166,-0.0013856097,0.006143961,-0.002726836,0.009951789
ATAC_HSPB1,0.01529941,-0.0029777747,-0.002779127,0.12968703,-0.0081769675,0.064344466,-0.006527795,-0.0014904777,0.49352762,-0.0029705588,-0.0032849973,-0.0012937884,-0.0011492718,-0.00037872704,0.013717353,0.05942204
ATAC_HTR2A,-0.00089599687,-0.0021817165,-0.0013640422,0.3956078,-0.005809909,0.14328994,-0.0074903523,-0.0039212154,0.36577544,-0.0048855417,-0.0027356779,-0.0035886306,-0.0013670613,0.0050398745,-0.0027420844,0.008148123
ATAC_HTRA3,-0.0009114101,-0.002189941,-0.0013778271,0.39364886,-0.005819851,0.14098313,-0.0074878526,-0.003921317,0.3674783,-0.004897678,-0.002750793,-0.0035762459,-0.0013838566,0.0061594285,-0.0027323263,0.010082323
ATAC_IBA57-DT,-0.00091342634,-0.002195106,-0.0013761553,0.39414644,-0.0058202385,0.14103237,-0.0074867513,-0.003928487,0.36778557,-0.004890913,-0.0027487054,-0.003569166,-0.0013856097,0.006143961,-0.002726836,0.009951789
ATAC_ICE1,-0.0009082048,-0.002194612,-0.0013696823,0.39287388,-0.005827985,0.1409599,-0.007477914,-0.003933105,0.3667086,-0.0049039084,-0.0027468388,-0.0035757017,-0.0013801361,0.006160978,-0.0027209988,0.01049595
ATAC_ICOS,-0.00091342634,-0.002195106,-0.0013761553,0.39414644,-0.0058202385,0.14103237,-0.0074867513,-0.003928487,0.36778557,-0.004890913,-0.0027487054,-0.003569166,-0.0013856097,0.006143961,-0.002726836,0.009951789
ATAC_ID3,-0.00091819797,-0.0021889585,-0.0013668583,0.39434472,-0.005821185,0.14086138,-0.0074942205,-0.0039296374,0.36836207,-0.0048930002,-0.0027494691,-0.0035737788,-0.0013920319,0.0061419643,-0.0027187946,0.009251136
ATAC_IER5L,-0.00091342634,-0.002195106,-0.0013761553,0.39414644,-0.0058202385,0.14103237,-0.0074867513,-0.003928487,0.36778557,-0.004890913,-0.0027487054,-0.003569166,-0.0013856097,0.006143961,-0.002726836,0.009951789
ATAC_IFFO2,-0.00091342634,-0.002195106,-0.0013761553,0.39414644,-0.0058202385,0.14103237,-0.0074867513,-0.003928487,0.36778557,-0.004890913,-0.0027487054,-0.003569166,-0.0013856097,0.006143961,-0.002726836,0.009951789
ATAC_IFI6,-0.00091342634,-0.002195106,-0.0013761553,0.39414644,-0.0058202385,0.14103237,-0.0074867513,-0.003928487,0.36778557,-0.004890913,-0.0027487054,-0.003569166,-0.0013856097,0.006143961,-0.002726836,0.009951789
ATAC_IFIT2,-0.00091342634,-0.002195106,-0.0013761553,0.39414644,-0.0058202385,0.14103237,-0.0074867513,-0.003928487,0.36778557,-0.004890913,-0.0027487054,-0.003569166,-0.0013856097,0.006143961,-0.002726836,0.009951789
ATAC_IFNG,-0.00091342634,-0.002195106,-0.0013761553,0.39414644,-0.0058202385,0.14103237,-0.0074867513,-0.003928487,0.36778557,-0.004890913,-0.0027487054,-0.003569166,-0.0013856097,0.006143961,-0.002726836,0.009951789
ATAC_IFNG-AS1,-0.00090060284,-0.0021859615,-0.0013736775,0.39466858,-0.0058163595,0.14081423,-0.0074975365,-0.003940663,0.36631808,-0.0048859417,-0.0027386534,-0.0035770868,-0.0013825794,0.007459659,-0.0027408812,0.010555837
ATAC_IFNL1,-0.00091342634,-0.002195106,-0.0013761553,0.39414644,-0.0058202385,0.14103237,-0.0074867513,-0.003928487,0.36778557,-0.004890913,-0.0027487054,-0.003569166,-0.0013856097,0.006143961,-0.002726836,0.009951789
ATAC_IFT122,-0.00091342634,-0.002195106,-0.0013761553,0.39414644,-0.0058202385,0.14103237,-0.0074867513,-0.003928487,0.36778557,-0.004890913,-0.0027487054,-0.003569166,-0.0013856097,0.006143961,-0.002726836,0.009951789
ATAC_IFT46,-0.00091342634,-0.002195106,-0.0013761553,0.39414644,-0.0058202385,0.14103237,-0.0074867513,-0.003928487,0.36778557,-0.004890913,-0.0027487054,-0.003569166,-0.0013856097,0.006143961,-0.002726836,0.009951789
ATAC_IFT88,-0.00091342634,-0.002195106,-0.0013761553,0.39414644,-0.0058202385,0.14103237,-0.0074867513,-0.003928487,0.36778557,-0.004890913,-0.0027487054,-0.003569166,-0.0013856097,0.006143961,-0.002726836,0.009951789
ATAC_IGHA1,-0.0009418695,-0.002175557,-0.0014025101,0.39514124,-0.0058402396,0.14230332,-0.007488683,-0.003929036,0.37062848,-0.004914798,-0.0027635833,-0.0035753527,-0.0013849114,0.0063640885,-0.0027313125,0.009544378
ATAC_IGHA2,-0.00091276143,-0.0022047418,-0.001371651,0.3952939,-0.005808187,0.14232913,-0.0074750525,-0.0039420263,0.36733,-0.004885167,-0.0027369792,-0.0035663354,-0.0013890138,0.005412314,-0.0027191022,0.009295601
ATAC_IGHG2,-0.00091342634,-0.002195106,-0.0013761553,0.39414644,-0.0058202385,0.14103237,-0.0074867513,-0.003928487,0.36778557,-0.004890913,-0.0027487054,-0.003569166,-0.0013856097,0.006143961,-0.002726836,0.009951789
ATAC_IGHV1-3,-0.00085565395,-0.002847924,-0.0010707444,0.3796628,-0.005094073,0.08614717,-0.008048586,-0.003337357,0.32013008,-0.0051670126,-0.0025900826,-0.00332026,-0.00066348567,0.09631245,-0.0028275703,0.010534722
ATAC_IGHV2-70,-0.00091342634,-0.002195106,-0.0013761553,0.39414644,-0.0058202385,0.14103237,-0.0074867513,-0.003928487,0.36778557,-0.004890913,-0.0027487054,-0.003569166,-0.0013856097,0.006143961,-0.002726836,0.009951789
ATAC_IGHV3-43,-0.00091342634,-0.002195106,-0.0013761553,0.39414644,-0.0058202385,0.14103237,-0.0074867513,-0.003928487,0.36778557,-0.004890913,-0.0027487054,-0.003569166,-0.0013856097,0.006143961,-0.002726836,0.009951789
ATAC_IGHV5-51,-0.00091342634,-0.002195106,-0.0013761553,0.39414644,-0.0058202385,0.14103237,-0.0074867513,-0.003928487,0.36778557,-0.004890913,-0.0027487054,-0.003569166,-0.0013856097,0.006143961,-0.002726836,0.009951789
ATAC_IGKC,-0.00091776496,-0.0021902006,-0.0013652995,0.39322525,-0.005826504,0.1416322,-0.0074852793,-0.0039205425,0.36792898,-0.004880784,-0.0027496188,-0.0035703494,-0.0013872812,0.006443355,-0.0027271234,0.010392247
ATAC_IGLON5,-0.00091342634,-0.002195106,-0.0013761553,0.39414644,-0.0058202385,0.14103237,-0.0074867513,-0.003928487,0.36778557,-0.004890913,-0.0027487054,-0.003569166,-0.0013856097,0.006143961,-0.002726836,0.009951789
ATAC_IGLV1-40,-0.00090494147,-0.0021810564,-0.0013628217,0.3937474,-0.005822625,0.14141405,-0.007496064,-0.0039327177,0.3664615,-0.004875812,-0.0027395668,-0.0035782703,-0.0013842509,0.0077590533,-0.0027411687,0.010996295
ATAC_IGLV1-44,-0.00091342634,-0.002195106,-0.0013761553,0.39414644,-0.0058202385,0.14103237,-0.0074867513,-0.003928487,0.36778557,-0.004890913,-0.0027487054,-0.003569166,-0.0013856097,0.006143961,-0.002726836,0.009951789
ATAC_IGLV1-51,-0.00091342634,-0.002195106,-0.0013761553,0.39414644,-0.0058202385,0.14103237,-0.0074867513,-0.003928487,0.36778557,-0.004890913,-0.0027487054,-0.003569166,-0.0013856097,0.006143961,-0.002726836,0.009951789
ATAC_IGLV2-14,-0.00091342634,-0.002195106,-0.0013761553,0.39414644,-0.0058202385,0.14103237,-0.0074867513,-0.003928487,0.36778557,-0.004890913,-0.0027487054,-0.003569166,-0.0013856097,0.006143961,-0.002726836,0.009951789
ATAC_IGLV3-10,-0.0023729303,-0.003422901,0.020272553,0.21368319,-0.004244879,0.13477245,-0.0059964526,-0.0022090098,0.2692378,-0.0042093843,-0.0045897705,-0.0017857387,-0.0032940859,0.10665566,-0.0036105216,0.17494681
ATAC_IGLV3-9,-0.00091342634,-0.002195106,-0.0013761553,0.39414644,-0.0058202385,0.14103237,-0.0074867513,-0.003928487,0.36778557,-0.004890913,-0.0027487054,-0.003569166,-0.0013856097,0.006143961,-0.002726836,0.009951789
ATAC_IGLV7-43,-0.00091342634,-0.002195106,-0.0013761553,0.39414644,-0.0058202385,0.14103237,-0.0074867513,-0.003928487,0.36778557,-0.004890913,-0.0027487054,-0.003569166,-0.0013856097,0.006143961,-0.002726836,0.009951789
ATAC_IGLV9-49,-0.00070643343,-0.0018365349,-0.0014591276,0.3687334,-0.0061747134,0.137772,-0.007886825,-0.003505787,0.38981983,-0.0046603368,-0.0027126835,-0.0037910717,-0.0014446555,0.007457141,-0.0028081932,0.019260352
ATAC_IGSF21-AS1,-0.00091342634,-0.002195106,-0.0013761553,0.39414644,-0.0058202385,0.14103237,-0.0074867513,-0.003928487,0.36778557,-0.004890913,-0.0027487054,-0.003569166,-0.0013856097,0.006143961,-0.002726836,0.009951789
ATAC_IGSF9B,-0.00091342634,-0.002195106,-0.0013761553,0.39414644,-0.0058202385,0.14103237,-0.0074867513,-0.003928487,0.36778557,-0.004890913,-0.0027487054,-0.003569166,-0.0013856097,0.006143961,-0.002726836,0.009951789
ATAC_IKZF2,-0.00091342634,-0.002195106,-0.0013761553,0.39414644,-0.0058202385,0.14103237,-0.0074867513,-0.003928487,0.36778557,-0.004890913,-0.0027487054,-0.003569166,-0.0013856097,0.006143961,-0.002726836,0.009951789
ATAC_IKZF3,-3.9149596e-05,-0.00026729333,-0.0013090122,0.52981997,-0.00435103,0.10552191,-0.00530773,-0.0023512477,0.32166582,-0.0033488492,-0.0026408336,-0.0035433026,-0.0005976073,-0.0001440556,-0.0042107254,-0.001392021
ATAC_IL11,-0.00091342634,-0.002195106,-0.0013761553,0.39414644,-0.0058202385,0.14103237,-0.0074867513,-0.003928487,0.36778557,-0.004890913,-0.0027487054,-0.003569166,-0.0013856097,0.006143961,-0.002726836,0.009951789
ATAC_IL11RA,-0.00091342634,-0.002195106,-0.0013761553,0.39414644,-0.0058202385,0.14103237,-0.0074867513,-0.003928487,0.36778557,-0.004890913,-0.0027487054,-0.003569166,-0.0013856097,0.006143961,-0.002726836,0.009951789
ATAC_IL12RB2,-0.00091342634,-0.002195106,-0.0013761553,0.39414644,-0.0058202385,0.14103237,-0.0074867513,-0.003928487,0.36778557,-0.004890913,-0.0027487054,-0.003569166,-0.0013856097,0.006143961,-0.002726836,0.009951789
ATAC_IL17D,-0.00091342634,-0.002195106,-0.0013761553,0.39414644,-0.0058202385,0.14103237,-0.0074867513,-0.003928487,0.36778557,-0.004890913,-0.0027487054,-0.003569166,-0.0013856097,0.006143961,-0.002726836,0.009951789
ATAC_IL18RAP,-0.00088990096,-0.0016303355,-0.0012965231,0.40575373,-0.0038952865,0.15146111,-0.00510286,-0.006077687,0.1332844,-0.0030100376,-0.00068197056,-0.002717577,-6.387189e-05,0.16581057,-0.0036675644,0.06364943
ATAC_IL19,-0.00091342634,-0.002195106,-0.0013761553,0.39414644,-0.0058202385,0.14103237,-0.0074867513,-0.003928487,0.36778557,-0.004890913,-0.0027487054,-0.003569166,-0.0013856097,0.006143961,-0.002726836,0.009951789
ATAC_IL1B,-0.00091819797,-0.0021889585,-0.0013668583,0.39434472,-0.005821185,0.14086138,-0.0074942205,-0.0039296374,0.36836207,-0.0048930002,-0.0027494691,-0.0035737788,-0.0013920319,0.0061419643,-0.0027187946,0.009251136
ATAC_IL2,-0.00091342634,-0.002195106,-0.0013761553,0.39414644,-0.0058202385,0.14103237,-0.0074867513,-0.003928487,0.36778557,-0.004890913,-0.0027487054,-0.003569166,-0.0013856097,0.006143961,-0.002726836,0.009951789
ATAC_IL21R,-0.00091342634,-0.002195106,-0.0013761553,0.39414644,-0.0058202385,0.14103237,-0.0074867513,-0.003928487,0.36778557,-0.004890913,-0.0027487054,-0.003569166,-0.0013856097,0.006143961,-0.002726836,0.009951789
ATAC_IL2RA,-0.00091342634,-0.002195106,-0.0013761553,0.39414644,-0.0058202385,0.14103237,-0.0074867513,-0.003928487,0.36778557,-0.004890913,-0.0027487054,-0.003569166,-0.0013856097,0.006143961,-0.002726836,0.009951789
ATAC_IL2RB,-0.00091342634,-0.002195106,-0.0013761553,0.39414644,-0.0058202385,0.14103237,-0.0074867513,-0.003928487,0.36778557,-0.004890913,-0.0027487054,-0.003569166,-0.0013856097,0.006143961,-0.002726836,0.009951789
ATAC_IL6,-0.00090060284,-0.0021859615,-0.0013736775,0.39466858,-0.0058163595,0.14081423,-0.0074975365,-0.003940663,0.36631808,-0.0048859417,-0.0027386534,-0.0035770868,-0.0013825794,0.007459659,-0.0027408812,0.010555837
ATAC_IL6R-AS1,-0.00091342634,-0.002195106,-0.0013761553,0.39414644,-0.0058202385,0.14103237,-0.0074867513,-0.003928487,0.36778557,-0.004890913,-0.0027487054,-0.003569166,-0.0013856097,0.006143961,-0.002726836,0.009951789
ATAC_ILF3-DT,-0.00091342634,-0.002195106,-0.0013761553,0.39414644,-0.0058202385,0.14103237,-0.0074867513,-0.003928487,0.36778557,-0.004890913,-0.0027487054,-0.003569166,-0.0013856097,0.006143961,-0.002726836,0.009951789
ATAC_ING1,-0.00091342634,-0.002195106,-0.0013761553,0.39414644,-0.0058202385,0.14103237,-0.0074867513,-0.003928487,0.36778557,-0.004890913,-0.0027487054,-0.003569166,-0.0013856097,0.006143961,-0.002726836,0.009951789
ATAC_INPP5E,-0.00091342634,-0.002195106,-0.0013761553,0.39414644,-0.0058202385,0.14103237,-0.0074867513,-0.003928487,0.36778557,-0.004890913,-0.0027487054,-0.003569166,-0.0013856097,0.006143961,-0.002726836,0.009951789
ATAC_INSM2,-0.00091342634,-0.002195106,-0.0013761553,0.39414644,-0.0058202385,0.14103237,-0.0074867513,-0.003928487,0.36778557,-0.004890913,-0.0027487054,-0.003569166,-0.0013856097,0.006143961,-0.002726836,0.009951789
ATAC_INTS1,-0.00091342634,-0.002195106,-0.0013761553,0.39414644,-0.0058202385,0.14103237,-0.0074867513,-0.003928487,0.36778557,-0.004890913,-0.0027487054,-0.003569166,-0.0013856097,0.006143961,-0.002726836,0.009951789
ATAC_INTS11,-0.00091342634,-0.002195106,-0.0013761553,0.39414644,-0.0058202385,0.14103237,-0.0074867513,-0.003928487,0.36778557,-0.004890913,-0.0027487054,-0.003569166,-0.0013856097,0.006143961,-0.002726836,0.009951789
ATAC_INTS4,-0.0009105576,-0.0021917277,-0.0013742306,0.39412886,-0.005822493,0.14149454,-0.007486565,-0.003924513,0.36772466,-0.004891471,-0.0027515104,-0.0035692083,-0.001383459,0.0062281825,-0.0027287782,0.009653378
ATAC_INTS6L-AS1,-0.00064489787,-0.001919418,-0.0012881511,0.38723135,-0.005783969,0.15845251,-0.0072523206,-0.0038227367,0.38154578,-0.0047407774,-0.0025734615,-0.0038787338,-0.0013219821,0.014795952,-0.00290439,-0.00020557788
ATAC_INVS,-0.00091342634,-0.002195106,-0.0013761553,0.39414644,-0.0058202385,0.14103237,-0.0074867513,-0.003928487,0.36778557,-0.004890913,-0.0027487054,-0.003569166,-0.0013856097,0.006143961,-0.002726836,0.009951789
ATAC_IPP,-0.0009335447,-0.0021758785,-0.0013949298,0.3960004,-0.0058335555,0.14248018,-0.007496143,-0.003922221,0.36949682,-0.004910254,-0.0027642637,-0.0035727876,-0.0013787244,0.0051339306,-0.0027433294,0.008543003
ATAC_IQCB1,-0.00091342634,-0.002195106,-0.0013761553,0.39414644,-0.0058202385,0.14103237,-0.0074867513,-0.003928487,0.36778557,-0.004890913,-0.0027487054,-0.003569166,-0.0013856097,0.006143961,-0.002726836,0.009951789
ATAC_IQCC,-0.00091342634,-0.002195106,-0.0013761553,0.39414644,-0.0058202385,0.14103237,-0.0074867513,-0.003928487,0.36778557,-0.004890913,-0.0027487054,-0.003569166,-0.0013856097,0.006143961,-0.002726836,0.009951789
ATAC_IRGM,0.077124655,0.049018458,-0.0021344821,0.5718646,-0.0036364638,0.12928131,-0.004889604,-0.0020865658,0.34622294,-0.00394607,-0.0025304614,-0.0033429333,0.033147424,-0.0005971076,-0.0035148321,-0.0020771516
ATAC_ISM1,-0.00091342634,-0.002195106,-0.0013761553,0.39414644,-0.0058202385,0.14103237,-0.0074867513,-0.003928487,0.36778557,-0.004890913,-0.0027487054,-0.003569166,-0.0013856097,0.006143961,-0.002726836,0.009951789
ATAC_ITGA10,-0.00091342634,-0.002195106,-0.0013761553,0.39414644,-0.0058202385,0.14103237,-0.0074867513,-0.003928487,0.36778557,-0.004890913,-0.0027487054,-0.003569166,-0.0013856097,0.006143961,-0.002726836,0.009951789
ATAC_ITGA2B,-0.00091342634,-0.002195106,-0.0013761553,0.39414644,-0.0058202385,0.14103237,-0.0074867513,-0.003928487,0.36778557,-0.004890913,-0.0027487054,-0.003569166,-0.0013856097,0.006143961,-0.002726836,0.009951789
ATAC_ITGA6,-0.00091342634,-0.002195106,-0.0013761553,0.39414644,-0.0058202385,0.14103237,-0.0074867513,-0.003928487,0.36778557,-0.004890913,-0.0027487054,-0.003569166,-0.0013856097,0.006143961,-0.002726836,0.009951789
ATAC_ITGAD,-0.00091342634,-0.002195106,-0.0013761553,0.39414644,-0.0058202385,0.14103237,-0.0074867513,-0.003928487,0.36778557,-0.004890913,-0.0027487054,-0.003569166,-0.0013856097,0.006143961,-0.002726836,0.009951789
ATAC_ITGB1BP2,-0.00091342634,-0.002195106,-0.0013761553,0.39414644,-0.0058202385,0.14103237,-0.0074867513,-0.003928487,0.36778557,-0.004890913,-0.0027487054,-0.003569166,-0.0013856097,0.006143961,-0.002726836,0.009951789
ATAC_ITGB2-AS1,-0.00091342634,-0.002195106,-0.0013761553,0.39414644,-0.0058202385,0.14103237,-0.0074867513,-0.003928487,0.36778557,-0.004890913,-0.0027487054,-0.003569166,-0.0013856097,0.006143961,-0.002726836,0.009951789
ATAC_ITPR3,-0.0023729303,-0.003422901,0.020272553,0.21368319,-0.004244879,0.13477245,-0.0059964526,-0.0022090098,0.2692378,-0.0042093843,-0.0045897705,-0.0017857387,-0.0032940859,0.10665566,-0.0036105216,0.17494681
ATAC_ITPRIPL1,-0.00091342634,-0.002195106,-0.0013761553,0.39414644,-0.0058202385,0.14103237,-0.0074867513,-0.003928487,0.36778557,-0.004890913,-0.0027487054,-0.003569166,-0.0013856097,0.006143961,-0.002726836,0.009951789
ATAC_JADE2,-0.00091342634,-0.002195106,-0.0013761553,0.39414644,-0.0058202385,0.14103237,-0.0074867513,-0.003928487,0.36778557,-0.004890913,-0.0027487054,-0.003569166,-0.0013856097,0.006143961,-0.002726836,0.009951789
ATAC_JAKMIP2,-0.00091342634,-0.002195106,-0.0013761553,0.39414644,-0.0058202385,0.14103237,-0.0074867513,-0.003928487,0.36778557,-0.004890913,-0.0027487054,-0.003569166,-0.0013856097,0.006143961,-0.002726836,0.009951789
ATAC_JAM2,-0.00091342634,-0.002195106,-0.0013761553,0.39414644,-0.0058202385,0.14103237,-0.0074867513,-0.003928487,0.36778557,-0.004890913,-0.0027487054,-0.003569166,-0.0013856097,0.006143961,-0.002726836,0.009951789
ATAC_JAM3,-0.00091342634,-0.002195106,-0.0013761553,0.39414644,-0.0058202385,0.14103237,-0.0074867513,-0.003928487,0.36778557,-0.004890913,-0.0027487054,-0.003569166,-0.0013856097,0.006143961,-0.002726836,0.009951789
ATAC_JAZF1-AS1,-0.00091342634,-0.002195106,-0.0013761553,0.39414644,-0.0058202385,0.14103237,-0.0074867513,-0.003928487,0.36778557,-0.004890913,-0.0027487054,-0.003569166,-0.0013856097,0.006143961,-0.002726836,0.009951789
ATAC_JPX,-0.00091342634,-0.002195106,-0.0013761553,0.39414644,-0.0058202385,0.14103237,-0.0074867513,-0.003928487,0.36778557,-0.004890913,-0.0027487054,-0.003569166,-0.0013856097,0.006143961,-0.002726836,0.009951789
ATAC_KALRN,-0.00091819203,-0.0021912884,-0.0013783068,0.3929622,-0.005834218,0.14228386,-0.0074857567,-0.0039215963,0.36922055,-0.004900419,-0.002761291,-0.003563368,-0.0013947588,0.0069729798,-0.0027101003,0.011557823
ATAC_KANK1,-0.00091342634,-0.002195106,-0.0013761553,0.39414644,-0.0058202385,0.14103237,-0.0074867513,-0.003928487,0.36778557,-0.004890913,-0.0027487054,-0.003569166,-0.0013856097,0.006143961,-0.002726836,0.009951789
ATAC_KANK3,-0.00091342634,-0.002195106,-0.0013761553,0.39414644,-0.0058202385,0.14103237,-0.0074867513,-0.003928487,0.36778557,-0.004890913,-0.0027487054,-0.003569166,-0.0013856097,0.006143961,-0.002726836,0.009951789
ATAC_KANSL1-AS1,-0.00091342634,-0.002195106,-0.0013761553,0.39414644,-0.0058202385,0.14103237,-0.0074867513,-0.003928487,0.36778557,-0.004890913,-0.0027487054,-0.003569166,-0.0013856097,0.006143961,-0.002726836,0.009951789
ATAC_KANTR,-0.00091342634,-0.002195106,-0.0013761553,0.39414644,-0.0058202385,0.14103237,-0.0074867513,-0.003928487,0.36778557,-0.004890913,-0.0027487054,-0.003569166,-0.0013856097,0.006143961,-0.002726836,0.009951789
ATAC_KAT2A,-0.0014318001,-0.0022786153,-0.0018577307,0.45017463,-0.0062076687,0.14975047,-0.0076045166,-0.0033568603,0.33233684,-0.0046963654,-0.0023686404,-0.0032848548,-0.0010774499,-0.00040442185,-0.0030894058,-0.0005346208
ATAC_KATNBL1,-0.00091342634,-0.002195106,-0.0013761553,0.39414644,-0.0058202385,0.14103237,-0.0074867513,-0.003928487,0.36778557,-0.004890913,-0.0027487054,-0.003569166,-0.0013856097,0.006143961,-0.002726836,0.009951789
ATAC_KAZALD1,-0.00091342634,-0.002195106,-0.0013761553,0.39414644,-0.0058202385,0.14103237,-0.0074867513,-0.003928487,0.36778557,-0.004890913,-0.0027487054,-0.003569166,-0.0013856097,0.006143961,-0.002726836,0.009951789
ATAC_KCNA3,-0.00091342634,-0.002195106,-0.0013761553,0.39414644,-0.0058202385,0.14103237,-0.0074867513,-0.003928487,0.36778557,-0.004890913,-0.0027487054,-0.003569166,-0.0013856097,0.006143961,-0.002726836,0.009951789
ATAC_KCNE2,-0.00091342634,-0.002195106,-0.0013761553,0.39414644,-0.0058202385,0.14103237,-0.0074867513,-0.003928487,0.36778557,-0.004890913,-0.0027487054,-0.003569166,-0.0013856097,0.006143961,-0.002726836,0.009951789
ATAC_KCNG1,-0.00091342634,-0.002195106,-0.0013761553,0.39414644,-0.0058202385,0.14103237,-0.0074867513,-0.003928487,0.36778557,-0.004890913,-0.0027487054,-0.003569166,-0.0013856097,0.006143961,-0.002726836,0.009951789
ATAC_KCNH6,-0.00091342634,-0.002195106,-0.0013761553,0.39414644,-0.0058202385,0.14103237,-0.0074867513,-0.003928487,0.36778557,-0.004890913,-0.0027487054,-0.003569166,-0.0013856097,0.006143961,-0.002726836,0.009951789
ATAC_KCNN1,-0.00091342634,-0.002195106,-0.0013761553,0.39414644,-0.0058202385,0.14103237,-0.0074867513,-0.003928487,0.36778557,-0.004890913,-0.0027487054,-0.003569166,-0.0013856097,0.006143961,-0.002726836,0.009951789
ATAC_KDM2B-DT,-0.00091342634,-0.002195106,-0.0013761553,0.39414644,-0.0058202385,0.14103237,-0.0074867513,-0.003928487,0.36778557,-0.004890913,-0.0027487054,-0.003569166,-0.0013856097,0.006143961,-0.002726836,0.009951789
ATAC_KHDC1,-0.00091342634,-0.002195106,-0.0013761553,0.39414644,-0.0058202385,0.14103237,-0.0074867513,-0.003928487,0.36778557,-0.004890913,-0.0027487054,-0.003569166,-0.0013856097,0.006143961,-0.002726836,0.009951789
ATAC_KHDRBS2,-0.00091342634,-0.002195106,-0.0013761553,0.39414644,-0.0058202385,0.14103237,-0.0074867513,-0.003928487,0.36778557,-0.004890913,-0.0027487054,-0.003569166,-0.0013856097,0.006143961,-0.002726836,0.009951789
ATAC_KIAA0040,-0.00091776496,-0.0021902006,-0.0013652995,0.39322525,-0.005826504,0.1416322,-0.0074852793,-0.0039205425,0.36792898,-0.004880784,-0.0027496188,-0.0035703494,-0.0013872812,0.006443355,-0.0027271234,0.010392247
ATAC_KIAA1671,-0.00091342634,-0.002195106,-0.0013761553,0.39414644,-0.0058202385,0.14103237,-0.0074867513,-0.003928487,0.36778557,-0.004890913,-0.0027487054,-0.003569166,-0.0013856097,0.006143961,-0.002726836,0.009951789
ATAC_KIF12,-0.00091342634,-0.002195106,-0.0013761553,0.39414644,-0.0058202385,0.14103237,-0.0074867513,-0.003928487,0.36778557,-0.004890913,-0.0027487054,-0.003569166,-0.0013856097,0.006143961,-0.002726836,0.009951789
ATAC_KIF21A,-0.00091342634,-0.002195106,-0.0013761553,0.39414644,-0.0058202385,0.14103237,-0.0074867513,-0.003928487,0.36778557,-0.004890913,-0.0027487054,-0.003569166,-0.0013856097,0.006143961,-0.002726836,0.009951789
ATAC_KIF21B,-0.00091378647,-0.0021970277,-0.0013782722,0.39412314,-0.005820528,0.14106952,-0.0074844663,-0.0039293924,0.36785668,-0.004888715,-0.0027467292,-0.0035714072,-0.0013842476,0.0061832257,-0.0027291193,0.009709898
ATAC_KIF2A,-0.00091342634,-0.002195106,-0.0013761553,0.39414644,-0.0058202385,0.14103237,-0.0074867513,-0.003928487,0.36778557,-0.004890913,-0.0027487054,-0.003569166,-0.0013856097,0.006143961,-0.002726836,0.009951789
ATAC_KIF3A,-0.00091342634,-0.002195106,-0.0013761553,0.39414644,-0.0058202385,0.14103237,-0.0074867513,-0.003928487,0.36778557,-0.004890913,-0.0027487054,-0.003569166,-0.0013856097,0.006143961,-0.002726836,0.009951789
ATAC_KIF5C,-0.00091342634,-0.002195106,-0.0013761553,0.39414644,-0.0058202385,0.14103237,-0.0074867513,-0.003928487,0.36778557,-0.004890913,-0.0027487054,-0.003569166,-0.0013856097,0.006143961,-0.002726836,0.009951789
ATAC_KIN,-0.0009075399,-0.0022042482,-0.0013651779,0.3940214,-0.005815933,0.14225666,-0.0074662147,-0.0039466447,0.36625305,-0.0048981616,-0.0027351126,-0.0035728717,-0.0013835401,0.005429331,-0.0027132651,0.009839762
ATAC_KIR2DL1,-0.00091342634,-0.002195106,-0.0013761553,0.39414644,-0.0058202385,0.14103237,-0.0074867513,-0.003928487,0.36778557,-0.004890913,-0.0027487054,-0.003569166,-0.0013856097,0.006143961,-0.002726836,0.009951789
ATAC_KIR2DL4,-0.00091342634,-0.002195106,-0.0013761553,0.39414644,-0.0058202385,0.14103237,-0.0074867513,-0.003928487,0.36778557,-0.004890913,-0.0027487054,-0.003569166,-0.0013856097,0.006143961,-0.002726836,0.009951789
ATAC_KIR3DL1,-0.00091342634,-0.002195106,-0.0013761553,0.39414644,-0.0058202385,0.14103237,-0.0074867513,-0.003928487,0.36778557,-0.004890913,-0.0027487054,-0.003569166,-0.0013856097,0.006143961,-0.002726836,0.009951789
ATAC_KIR3DL2,-0.00091342634,-0.002195106,-0.0013761553,0.39414644,-0.0058202385,0.14103237,-0.0074867513,-0.003928487,0.36778557,-0.004890913,-0.0027487054,-0.003569166,-0.0013856097,0.006143961,-0.002726836,0.009951789
ATAC_KIZ,-0.00091342634,-0.002195106,-0.0013761553,0.39414644,-0.0058202385,0.14103237,-0.0074867513,-0.003928487,0.36778557,-0.004890913,-0.0027487054,-0.003569166,-0.0013856097,0.006143961,-0.002726836,0.009951789
ATAC_KLF3-AS1,0.01529941,-0.0029777747,-0.002779127,0.12968703,-0.0081769675,0.064344466,-0.006527795,-0.0014904777,0.49352762,-0.0029705588,-0.0032849973,-0.0012937884,-0.0011492718,-0.00037872704,0.013717353,0.05942204
ATAC_KLHDC1,-0.00091049826,-0.0022058145,-0.0013627874,0.39363855,-0.005806047,0.14219266,-0.0074937646,-0.00393507,0.36650893,-0.004880987,-0.0027573556,-0.003571102,-0.0013939275,0.0068475045,-0.0027215001,0.008486409
ATAC_KLHDC10,-0.00091342634,-0.002195106,-0.0013761553,0.39414644,-0.0058202385,0.14103237,-0.0074867513,-0.003928487,0.36778557,-0.004890913,-0.0027487054,-0.003569166,-0.0013856097,0.006143961,-0.002726836,0.009951789
ATAC_KLHDC4,-0.00091635366,-0.0021881687,-0.0013664626,0.39525148,-0.0058228243,0.14062434,-0.0074972115,-0.0039223186,0.3670534,-0.004881518,-0.0027597616,-0.0035587703,-0.0013818975,0.0076893307,-0.002721844,0.010411877
ATAC_KLHL11,-0.00091342634,-0.002195106,-0.0013761553,0.39414644,-0.0058202385,0.14103237,-0.0074867513,-0.003928487,0.36778557,-0.004890913,-0.0027487054,-0.003569166,-0.0013856097,0.006143961,-0.002726836,0.009951789
ATAC_KLHL29,-0.00071925693,-0.0018456789,-0.0014616052,0.36821127,-0.0061785923,0.13799013,-0.00787604,-0.0034936117,0.39128733,-0.0046653086,-0.0027227357,-0.0037831508,-0.0014476858,0.006141443,-0.002794148,0.018656304
ATAC_KLHL32,-0.00091819797,-0.0021889585,-0.0013668583,0.39434472,-0.005821185,0.14086138,-0.0074942205,-0.0039296374,0.36836207,-0.0048930002,-0.0027494691,-0.0035737788,-0.0013920319,0.0061419643,-0.0027187946,0.009251136
ATAC_KLRB1,-0.00091342634,-0.002195106,-0.0013761553,0.39414644,-0.0058202385,0.14103237,-0.0074867513,-0.003928487,0.36778557,-0.004890913,-0.0027487054,-0.003569166,-0.0013856097,0.006143961,-0.002726836,0.009951789
ATAC_KLRC1,-0.00091342634,-0.002195106,-0.0013761553,0.39414644,-0.0058202385,0.14103237,-0.0074867513,-0.003928487,0.36778557,-0.004890913,-0.0027487054,-0.003569166,-0.0013856097,0.006143961,-0.002726836,0.009951789
ATAC_KLRF1,-0.0009105576,-0.0021917277,-0.0013742306,0.39412886,-0.005822493,0.14149454,-0.007486565,-0.003924513,0.36772466,-0.004891471,-0.0027515104,-0.0035692083,-0.001383459,0.0062281825,-0.0027287782,0.009653378
ATAC_KLRG1,-0.00091342634,-0.002195106,-0.0013761553,0.39414644,-0.0058202385,0.14103237,-0.0074867513,-0.003928487,0.36778557,-0.004890913,-0.0027487054,-0.003569166,-0.0013856097,0.006143961,-0.002726836,0.009951789
ATAC_KLRK1,-0.00071925693,-0.0018456789,-0.0014616052,0.36821127,-0.0061785923,0.13799013,-0.00787604,-0.0034936117,0.39128733,-0.0046653086,-0.0027227357,-0.0037831508,-0.0014476858,0.006141443,-0.002794148,0.018656304
ATAC_KNOP1,-0.00091342634,-0.002195106,-0.0013761553,0.39414644,-0.0058202385,0.14103237,-0.0074867513,-0.003928487,0.36778557,-0.004890913,-0.0027487054,-0.003569166,-0.0013856097,0.006143961,-0.002726836,0.009951789
ATAC_KPNA2,-0.00091342634,-0.002195106,-0.0013761553,0.39414644,-0.0058202385,0.14103237,-0.0074867513,-0.003928487,0.36778557,-0.004890913,-0.0027487054,-0.003569166,-0.0013856097,0.006143961,-0.002726836,0.009951789
ATAC_KPNA5,-0.00091342634,-0.002195106,-0.0013761553,0.39414644,-0.0058202385,0.14103237,-0.0074867513,-0.003928487,0.36778557,-0.004890913,-0.0027487054,-0.003569166,-0.0013856097,0.006143961,-0.002726836,0.009951789
ATAC_KRBA2,-0.00091342634,-0.002195106,-0.0013761553,0.39414644,-0.0058202385,0.14103237,-0.0074867513,-0.003928487,0.36778557,-0.004890913,-0.0027487054,-0.003569166,-0.0013856097,0.006143961,-0.002726836,0.009951789
ATAC_KRI1,-0.00091342634,-0.002195106,-0.0013761553,0.39414644,-0.0058202385,0.14103237,-0.0074867513,-0.003928487,0.36778557,-0.004890913,-0.0027487054,-0.003569166,-0.0013856097,0.006143961,-0.002726836,0.009951789
ATAC_KRT33A,-0.00091342634,-0.002195106,-0.0013761553,0.39414644,-0.0058202385,0.14103237,-0.0074867513,-0.003928487,0.36778557,-0.004890913,-0.0027487054,-0.003569166,-0.0013856097,0.006143961,-0.002726836,0.009951789
ATAC_KRT73-AS1,-0.00091342634,-0.002195106,-0.0013761553,0.39414644,-0.0058202385,0.14103237,-0.0074867513,-0.003928487,0.36778557,-0.004890913,-0.0027487054,-0.003569166,-0.0013856097,0.006143961,-0.002726836,0.009951789
ATAC_KRT74,-0.00091342634,-0.002195106,-0.0013761553,0.39414644,-0.0058202385,0.14103237,-0.0074867513,-0.003928487,0.36778557,-0.004890913,-0.0027487054,-0.003569166,-0.0013856097,0.006143961,-0.002726836,0.009951789
ATAC_KRT80,-0.0009134316,-0.0021951061,-0.0013761601,0.3941459,-0.0058202487,0.14103328,-0.007486755,-0.003928487,0.36778578,-0.004890906,-0.002748698,-0.0035691732,-0.0013856145,0.0061440207,-0.0027268294,0.009951342
ATAC_KRTDAP,-0.00091342634,-0.002195106,-0.0013761553,0.39414644,-0.0058202385,0.14103237,-0.0074867513,-0.003928487,0.36778557,-0.004890913,-0.0027487054,-0.003569166,-0.0013856097,0.006143961,-0.002726836,0.009951789
ATAC_L2HGDH,-0.00090771663,-0.002188174,-0.0013804153,0.39317083,-0.0058321594,0.14202403,-0.0074782907,-0.0039347513,0.36797678,-0.0048902864,-0.0027565043,-0.0035701704,-0.0013750436,0.005133096,-0.0027345177,0.008900557
ATAC_LAG3,-0.00064489787,-0.001919418,-0.0012881511,0.38723135,-0.005783969,0.15845251,-0.0072523206,-0.0038227367,0.38154578,-0.0047407774,-0.0025734615,-0.0038787338,-0.0013219821,0.014795952,-0.00290439,-0.00020557788
ATAC_LAIR2,-0.00091342634,-0.002195106,-0.0013761553,0.39414644,-0.0058202385,0.14103237,-0.0074867513,-0.003928487,0.36778557,-0.004890913,-0.0027487054,-0.003569166,-0.0013856097,0.006143961,-0.002726836,0.009951789
ATAC_LAMA3,-0.00091342634,-0.002195106,-0.0013761553,0.39414644,-0.0058202385,0.14103237,-0.0074867513,-0.003928487,0.36778557,-0.004890913,-0.0027487054,-0.003569166,-0.0013856097,0.006143961,-0.002726836,0.009951789
ATAC_LAMP3,-0.00091342634,-0.002195106,-0.0013761553,0.39414644,-0.0058202385,0.14103237,-0.0074867513,-0.003928487,0.36778557,-0.004890913,-0.0027487054,-0.003569166,-0.0013856097,0.006143961,-0.002726836,0.009951789
ATAC_LANCL1,-0.00091342634,-0.002195106,-0.0013761553,0.39414644,-0.0058202385,0.14103237,-0.0074867513,-0.003928487,0.36778557,-0.004890913,-0.0027487054,-0.003569166,-0.0013856097,0.006143961,-0.002726836,0.009951789
ATAC_LANCL3,-0.00091342634,-0.002195106,-0.0013761553,0.39414644,-0.0058202385,0.14103237,-0.0074867513,-0.003928487,0.36778557,-0.004890913,-0.0027487054,-0.003569166,-0.0013856097,0.006143961,-0.002726836,0.009951789
ATAC_LAT,-0.00091378647,-0.0021970277,-0.0013782722,0.39412314,-0.005820528,0.14106952,-0.0074844663,-0.0039293924,0.36785668,-0.004888715,-0.0027467292,-0.0035714072,-0.0013842476,0.0061832257,-0.0027291193,0.009709898
ATAC_LAX1,-0.00091342634,-0.002195106,-0.0013761553,0.39414644,-0.0058202385,0.14103237,-0.0074867513,-0.003928487,0.36778557,-0.004890913,-0.0027487054,-0.003569166,-0.0013856097,0.006143961,-0.002726836,0.009951789
ATAC_LCK,-0.00091342634,-0.002195106,-0.0013761553,0.39414644,-0.0058202385,0.14103237,-0.0074867513,-0.003928487,0.36778557,-0.004890913,-0.0027487054,-0.003569166,-0.0013856097,0.006143961,-0.002726836,0.009951789
ATAC_LCLAT1,-0.00091342634,-0.002195106,-0.0013761553,0.39414644,-0.0058202385,0.14103237,-0.0074867513,-0.003928487,0.36778557,-0.004890913,-0.0027487054,-0.003569166,-0.0013856097,0.006143961,-0.002726836,0.009951789
ATAC_LDAH,-0.00091342634,-0.002195106,-0.0013761553,0.39414644,-0.0058202385,0.14103237,-0.0074867513,-0.003928487,0.36778557,-0.004890913,-0.0027487054,-0.003569166,-0.0013856097,0.006143961,-0.002726836,0.009951789
ATAC_LDB2,-0.00091342634,-0.002195106,-0.0013761553,0.39414644,-0.0058202385,0.14103237,-0.0074867513,-0.003928487,0.36778557,-0.004890913,-0.0027487054,-0.003569166,-0.0013856097,0.006143961,-0.002726836,0.009951789
ATAC_LDHC,-0.00090060284,-0.0021859615,-0.0013736775,0.39466858,-0.0058163595,0.14081423,-0.0074975365,-0.003940663,0.36631808,-0.0048859417,-0.0027386534,-0.0035770868,-0.0013825794,0.007459659,-0.0027408812,0.010555837
ATAC_LDLRAP1,-0.00091342634,-0.002195106,-0.0013761553,0.39414644,-0.0058202385,0.14103237,-0.0074867513,-0.003928487,0.36778557,-0.004890913,-0.0027487054,-0.003569166,-0.0013856097,0.006143961,-0.002726836,0.009951789
ATAC_LEF1-AS1,-0.00091342634,-0.002195106,-0.0013761553,0.39414644,-0.0058202385,0.14103237,-0.0074867513,-0.003928487,0.36778557,-0.004890913,-0.0027487054,-0.003569166,-0.0013856097,0.006143961,-0.002726836,0.009951789
ATAC_LEFTY2,-0.00091342634,-0.002195106,-0.0013761553,0.39414644,-0.0058202385,0.14103237,-0.0074867513,-0.003928487,0.36778557,-0.004890913,-0.0027487054,-0.003569166,-0.0013856097,0.006143961,-0.002726836,0.009951789
ATAC_LEMD3,-0.0009105464,-0.0021951324,-0.0013739556,0.39374536,-0.005819498,0.14079864,-0.0074908393,-0.0039298534,0.36747813,-0.0048883236,-0.0027526265,-0.003569026,-0.0013886556,0.0061175562,-0.0027294396,0.009530757
ATAC_LETM2,-0.00091342634,-0.002195106,-0.0013761553,0.39414644,-0.0058202385,0.14103237,-0.0074867513,-0.003928487,0.36778557,-0.004890913,-0.0027487054,-0.003569166,-0.0013856097,0.006143961,-0.002726836,0.009951789
ATAC_LEXM,-0.0009165296,-0.0021942905,-0.0013772624,0.39201474,-0.005834669,0.14078304,-0.007470453,-0.0039399206,0.36784026,-0.0049084527,-0.0027461585,-0.0035782668,-0.0013863231,0.007391136,-0.0027089815,0.011497324
ATAC_LGALS8-AS1,-0.0009098672,-0.00219161,-0.0013707265,0.39382136,-0.005827534,0.14246072,-0.0074932175,-0.003914781,0.3680889,-0.0048958748,-0.0027619717,-0.003560803,-0.0013885718,0.005742822,-0.0027221176,0.010556448
ATAC_LGALS9B,-0.00091342634,-0.002195106,-0.0013761553,0.39414644,-0.0058202385,0.14103237,-0.0074867513,-0.003928487,0.36778557,-0.004890913,-0.0027487054,-0.003569166,-0.0013856097,0.006143961,-0.002726836,0.009951789
ATAC_LGR6,-0.00091342634,-0.002195106,-0.0013761553,0.39414644,-0.0058202385,0.14103237,-0.0074867513,-0.003928487,0.36778557,-0.004890913,-0.0027487054,-0.003569166,-0.0013856097,0.006143961,-0.002726836,0.009951789
ATAC_LHFPL1,-0.00091378647,-0.0021970277,-0.0013782722,0.39412314,-0.005820528,0.14106952,-0.0074844663,-0.0039293924,0.36785668,-0.004888715,-0.0027467292,-0.0035714072,-0.0013842476,0.0061832257,-0.0027291193,0.009709898
ATAC_LHX1-DT,-0.00091342634,-0.002195106,-0.0013761553,0.39414644,-0.0058202385,0.14103237,-0.0074867513,-0.003928487,0.36778557,-0.004890913,-0.0027487054,-0.003569166,-0.0013856097,0.006143961,-0.002726836,0.009951789
ATAC_LIM2,-0.00091342634,-0.002195106,-0.0013761553,0.39414644,-0.0058202385,0.14103237,-0.0074867513,-0.003928487,0.36778557,-0.004890913,-0.0027487054,-0.003569166,-0.0013856097,0.006143961,-0.002726836,0.009951789
ATAC_LIMA1,-0.00091342634,-0.002195106,-0.0013761553,0.39414644,-0.0058202385,0.14103237,-0.0074867513,-0.003928487,0.36778557,-0.004890913,-0.0027487054,-0.003569166,-0.0013856097,0.006143961,-0.002726836,0.009951789
ATAC_LIME1,-0.00091342634,-0.002195106,-0.0013761553,0.39414644,-0.0058202385,0.14103237,-0.0074867513,-0.003928487,0.36778557,-0.004890913,-0.0027487054,-0.003569166,-0.0013856097,0.006143961,-0.002726836,0.009951789
ATAC_LIN7B,-0.00091342634,-0.002195106,-0.0013761553,0.39414644,-0.0058202385,0.14103237,-0.0074867513,-0.003928487,0.36778557,-0.004890913,-0.0027487054,-0.003569166,-0.0013856097,0.006143961,-0.002726836,0.009951789
ATAC_LINC00092,-0.00091342634,-0.002195106,-0.0013761553,0.39414644,-0.0058202385,0.14103237,-0.0074867513,-0.003928487,0.36778557,-0.004890913,-0.0027487054,-0.003569166,-0.0013856097,0.006143961,-0.002726836,0.009951789
ATAC_LINC00237,-0.00091342634,-0.002195106,-0.0013761553,0.39414644,-0.0058202385,0.14103237,-0.0074867513,-0.003928487,0.36778557,-0.004890913,-0.0027487054,-0.003569166,-0.0013856097,0.006143961,-0.002726836,0.009951789
ATAC_LINC00240,-0.00091342634,-0.002195106,-0.0013761553,0.39414644,-0.0058202385,0.14103237,-0.0074867513,-0.003928487,0.36778557,-0.004890913,-0.0027487054,-0.003569166,-0.0013856097,0.006143961,-0.002726836,0.009951789
ATAC_LINC00243,-0.00089599687,-0.0021817165,-0.0013640422,0.3956078,-0.005809909,0.14328994,-0.0074903523,-0.0039212154,0.36577544,-0.0048855417,-0.0027356779,-0.0035886306,-0.0013670613,0.0050398745,-0.0027420844,0.008148123
ATAC_LINC00299,-0.00092175114,-0.0021947843,-0.0013837354,0.3932873,-0.0058269226,0.1408555,-0.007479291,-0.0039353026,0.36891723,-0.0048954575,-0.0027480249,-0.003571731,-0.0013917967,0.007374119,-0.0027148186,0.010953164
ATAC_LINC00323,-0.00091342634,-0.002195106,-0.0013761553,0.39414644,-0.0058202385,0.14103237,-0.0074867513,-0.003928487,0.36778557,-0.004890913,-0.0027487054,-0.003569166,-0.0013856097,0.006143961,-0.002726836,0.009951789
ATAC_LINC00390,-0.00091342634,-0.002195106,-0.0013761553,0.39414644,-0.0058202385,0.14103237,-0.0074867513,-0.003928487,0.36778557,-0.004890913,-0.0027487054,-0.003569166,-0.0013856097,0.006143961,-0.002726836,0.009951789
ATAC_LINC00402,-0.00091342634,-0.002195106,-0.0013761553,0.39414644,-0.0058202385,0.14103237,-0.0074867513,-0.003928487,0.36778557,-0.004890913,-0.0027487054,-0.003569166,-0.0013856097,0.006143961,-0.002726836,0.009951789
ATAC_LINC00461,-0.00091342634,-0.002195106,-0.0013761553,0.39414644,-0.0058202385,0.14103237,-0.0074867513,-0.003928487,0.36778557,-0.004890913,-0.0027487054,-0.003569166,-0.0013856097,0.006143961,-0.002726836,0.009951789
ATAC_LINC00469,-0.00091342634,-0.002195106,-0.0013761553,0.39414644,-0.0058202385,0.14103237,-0.0074867513,-0.003928487,0.36778557,-0.004890913,-0.0027487054,-0.003569166,-0.0013856097,0.006143961,-0.002726836,0.009951789
ATAC_LINC00471,-0.00091342634,-0.002195106,-0.0013761553,0.39414644,-0.0058202385,0.14103237,-0.0074867513,-0.003928487,0.36778557,-0.004890913,-0.0027487054,-0.003569166,-0.0013856097,0.006143961,-0.002726836,0.009951789
ATAC_LINC00502,-0.00091342634,-0.002195106,-0.0013761553,0.39414644,-0.0058202385,0.14103237,-0.0074867513,-0.003928487,0.36778557,-0.004890913,-0.0027487054,-0.003569166,-0.0013856097,0.006143961,-0.002726836,0.009951789
ATAC_LINC00551,-0.00091342634,-0.002195106,-0.0013761553,0.39414644,-0.0058202385,0.14103237,-0.0074867513,-0.003928487,0.36778557,-0.004890913,-0.0027487054,-0.003569166,-0.0013856097,0.006143961,-0.002726836,0.009951789
ATAC_LINC00554,-0.00091342634,-0.002195106,-0.0013761553,0.39414644,-0.0058202385,0.14103237,-0.0074867513,-0.003928487,0.36778557,-0.004890913,-0.0027487054,-0.003569166,-0.0013856097,0.006143961,-0.002726836,0.009951789
ATAC_LINC00563,-0.00091342634,-0.002195106,-0.0013761553,0.39414644,-0.0058202385,0.14103237,-0.0074867513,-0.003928487,0.36778557,-0.004890913,-0.0027487054,-0.003569166,-0.0013856097,0.006143961,-0.002726836,0.009951789
ATAC_LINC00582,-0.00090771663,-0.002188174,-0.0013804153,0.39317083,-0.0058321594,0.14202403,-0.0074782907,-0.0039347513,0.36797678,-0.0048902864,-0.0027565043,-0.0035701704,-0.0013750436,0.005133096,-0.0027345177,0.008900557
ATAC_LINC00612,-0.00090060284,-0.0021859615,-0.0013736775,0.39466858,-0.0058163595,0.14081423,-0.0074975365,-0.003940663,0.36631808,-0.0048859417,-0.0027386534,-0.0035770868,-0.0013825794,0.007459659,-0.0027408812,0.010555837
ATAC_LINC00623,-0.00091342634,-0.002195106,-0.0013761553,0.39414644,-0.0058202385,0.14103237,-0.0074867513,-0.003928487,0.36778557,-0.004890913,-0.0027487054,-0.003569166,-0.0013856097,0.006143961,-0.002726836,0.009951789
ATAC_LINC00649,-0.00091342634,-0.002195106,-0.0013761553,0.39414644,-0.0058202385,0.14103237,-0.0074867513,-0.003928487,0.36778557,-0.004890913,-0.0027487054,-0.003569166,-0.0013856097,0.006143961,-0.002726836,0.009951789
ATAC_LINC00652,-0.00091342634,-0.002195106,-0.0013761553,0.39414644,-0.0058202385,0.14103237,-0.0074867513,-0.003928487,0.36778557,-0.004890913,-0.0027487054,-0.003569166,-0.0013856097,0.006143961,-0.002726836,0.009951789
ATAC_LINC00661,-0.00091342634,-0.002195106,-0.0013761553,0.39414644,-0.0058202385,0.14103237,-0.0074867513,-0.003928487,0.36778557,-0.004890913,-0.0027487054,-0.003569166,-0.0013856097,0.006143961,-0.002726836,0.009951789
ATAC_LINC00685,-0.00091342634,-0.002195106,-0.0013761553,0.39414644,-0.0058202385,0.14103237,-0.0074867513,-0.003928487,0.36778557,-0.004890913,-0.0027487054,-0.003569166,-0.0013856097,0.006143961,-0.002726836,0.009951789
ATAC_LINC00850,-0.00091342634,-0.002195106,-0.0013761553,0.39414644,-0.0058202385,0.14103237,-0.0074867513,-0.003928487,0.36778557,-0.004890913,-0.0027487054,-0.003569166,-0.0013856097,0.006143961,-0.002726836,0.009951789
ATAC_LINC00867,-0.00091862923,-0.002184325,-0.0013677159,0.39408308,-0.005820053,0.14102049,-0.007497943,-0.003925711,0.3681443,-0.004899566,-0.0027374309,-0.0035677014,-0.001379017,0.0056503154,-0.0027175313,0.008917589
ATAC_LINC00882,-0.00091342634,-0.002195106,-0.0013761553,0.39414644,-0.0058202385,0.14103237,-0.0074867513,-0.003928487,0.36778557,-0.004890913,-0.0027487054,-0.003569166,-0.0013856097,0.006143961,-0.002726836,0.009951789
ATAC_LINC00926,-0.00091342634,-0.002195106,-0.0013761553,0.39414644,-0.0058202385,0.14103237,-0.0074867513,-0.003928487,0.36778557,-0.004890913,-0.0027487054,-0.003569166,-0.0013856097,0.006143961,-0.002726836,0.009951789
ATAC_LINC00944,-0.00091342634,-0.002195106,-0.0013761553,0.39414644,-0.0058202385,0.14103237,-0.0074867513,-0.003928487,0.36778557,-0.004890913,-0.0027487054,-0.003569166,-0.0013856097,0.006143961,-0.002726836,0.009951789
ATAC_LINC00970,-0.00091342634,-0.002195106,-0.0013761553,0.39414644,-0.0058202385,0.14103237,-0.0074867513,-0.003928487,0.36778557,-0.004890913,-0.0027487054,-0.003569166,-0.0013856097,0.006143961,-0.002726836,0.009951789
ATAC_LINC01004,-0.0009105464,-0.0021951324,-0.0013739556,0.39374536,-0.005819498,0.14079864,-0.0074908393,-0.0039298534,0.36747813,-0.0048883236,-0.0027526265,-0.003569026,-0.0013886556,0.0061175562,-0.0027294396,0.009530757
ATAC_LINC01033,-0.00091342634,-0.002195106,-0.0013761553,0.39414644,-0.0058202385,0.14103237,-0.0074867513,-0.003928487,0.36778557,-0.004890913,-0.0027487054,-0.003569166,-0.0013856097,0.006143961,-0.002726836,0.009951789
ATAC_LINC01063,-0.00091049826,-0.0022058145,-0.0013627874,0.39363855,-0.005806047,0.14219266,-0.0074937646,-0.00393507,0.36650893,-0.004880987,-0.0027573556,-0.003571102,-0.0013939275,0.0068475045,-0.0027215001,0.008486409
ATAC_LINC01077,-0.00091342634,-0.002195106,-0.0013761553,0.39414644,-0.0058202385,0.14103237,-0.0074867513,-0.003928487,0.36778557,-0.004890913,-0.0027487054,-0.003569166,-0.0013856097,0.006143961,-0.002726836,0.009951789
ATAC_LINC01135,-0.00091342634,-0.002195106,-0.0013761553,0.39414644,-0.0058202385,0.14103237,-0.0074867513,-0.003928487,0.36778557,-0.004890913,-0.0027487054,-0.003569166,-0.0013856097,0.006143961,-0.002726836,0.009951789
ATAC_LINC01151,-0.00091342634,-0.002195106,-0.0013761553,0.39414644,-0.0058202385,0.14103237,-0.0074867513,-0.003928487,0.36778557,-0.004890913,-0.0027487054,-0.003569166,-0.0013856097,0.006143961,-0.002726836,0.009951789
ATAC_LINC01232,-0.00091342634,-0.002195106,-0.0013761553,0.39414644,-0.0058202385,0.14103237,-0.0074867513,-0.003928487,0.36778557,-0.004890913,-0.0027487054,-0.003569166,-0.0013856097,0.006143961,-0.002726836,0.009951789
ATAC_LINC01237,-0.00091342634,-0.002195106,-0.0013761553,0.39414644,-0.0058202385,0.14103237,-0.0074867513,-0.003928487,0.36778557,-0.004890913,-0.0027487054,-0.003569166,-0.0013856097,0.006143961,-0.002726836,0.009951789
ATAC_LINC01278,-0.00091342634,-0.002195106,-0.0013761553,0.39414644,-0.0058202385,0.14103237,-0.0074867513,-0.003928487,0.36778557,-0.004890913,-0.0027487054,-0.003569166,-0.0013856097,0.006143961,-0.002726836,0.009951789
ATAC_LINC01315,-0.00091342634,-0.002195106,-0.0013761553,0.39414644,-0.0058202385,0.14103237,-0.0074867513,-0.003928487,0.36778557,-0.004890913,-0.0027487054,-0.003569166,-0.0013856097,0.006143961,-0.002726836,0.009951789
ATAC_LINC01381,-0.00091342634,-0.002195106,-0.0013761553,0.39414644,-0.0058202385,0.14103237,-0.0074867513,-0.003928487,0.36778557,-0.004890913,-0.0027487054,-0.003569166,-0.0013856097,0.006143961,-0.002726836,0.009951789
ATAC_LINC01413,-0.00091635366,-0.0021881687,-0.0013664626,0.39525148,-0.0058228243,0.14062434,-0.0074972115,-0.0039223186,0.3670534,-0.004881518,-0.0027597616,-0.0035587703,-0.0013818975,0.0076893307,-0.002721844,0.010411877
ATAC_LINC01426,-0.000914207,-0.0021984258,-0.0013765057,0.39461032,-0.0058250693,0.14080408,-0.0074897753,-0.0039233183,0.3682507,-0.0048899953,-0.0027510324,-0.003567925,-0.0013869992,0.0059067793,-0.0027256778,0.010150332
ATAC_LINC01431,-0.00091342634,-0.002195106,-0.0013761553,0.39414644,-0.0058202385,0.14103237,-0.0074867513,-0.003928487,0.36778557,-0.004890913,-0.0027487054,-0.003569166,-0.0013856097,0.006143961,-0.002726836,0.009951789
ATAC_LINC01524,-0.00091342634,-0.002195106,-0.0013761553,0.39414644,-0.0058202385,0.14103237,-0.0074867513,-0.003928487,0.36778557,-0.004890913,-0.0027487054,-0.003569166,-0.0013856097,0.006143961,-0.002726836,0.009951789
ATAC_LINC01550,-8.560076e-05,-0.0014242387,-0.0021895121,0.4376525,-0.0050953436,0.16704933,-0.007072227,-0.0036565338,0.39033255,-0.005482762,-0.002625306,-0.0033882612,-0.00043797973,-0.00040265324,-0.0020461916,-0.00060364936
ATAC_LINC01585,-0.00064489787,-0.001919418,-0.0012881511,0.38723135,-0.005783969,0.15845251,-0.0072523206,-0.0038227367,0.38154578,-0.0047407774,-0.0025734615,-0.0038787338,-0.0013219821,0.014795952,-0.00290439,-0.00020557788
ATAC_LINC01588,-0.00091342634,-0.002195106,-0.0013761553,0.39414644,-0.0058202385,0.14103237,-0.0074867513,-0.003928487,0.36778557,-0.004890913,-0.0027487054,-0.003569166,-0.0013856097,0.006143961,-0.002726836,0.009951789
ATAC_LINC01679,-0.000914207,-0.0021984258,-0.0013765057,0.39461032,-0.0058250693,0.14080408,-0.0074897753,-0.0039233183,0.3682507,-0.0048899953,-0.0027510324,-0.003567925,-0.0013869992,0.0059067793,-0.0027256778,0.010150332
ATAC_LINC01695,-0.00091342634,-0.002195106,-0.0013761553,0.39414644,-0.0058202385,0.14103237,-0.0074867513,-0.003928487,0.36778557,-0.004890913,-0.0027487054,-0.003569166,-0.0013856097,0.006143961,-0.002726836,0.009951789
ATAC_LINC01716,-0.00091342634,-0.002195106,-0.0013761553,0.39414644,-0.0058202385,0.14103237,-0.0074867513,-0.003928487,0.36778557,-0.004890913,-0.0027487054,-0.003569166,-0.0013856097,0.006143961,-0.002726836,0.009951789
ATAC_LINC01725,-0.00091342634,-0.002195106,-0.0013761553,0.39414644,-0.0058202385,0.14103237,-0.0074867513,-0.003928487,0.36778557,-0.004890913,-0.0027487054,-0.003569166,-0.0013856097,0.006143961,-0.002726836,0.009951789
ATAC_LINC01727,-0.00091342634,-0.002195106,-0.0013761553,0.39414644,-0.0058202385,0.14103237,-0.0074867513,-0.003928487,0.36778557,-0.004890913,-0.0027487054,-0.003569166,-0.0013856097,0.006143961,-0.002726836,0.009951789
ATAC_LINC01764,-0.00091342634,-0.002195106,-0.0013761553,0.39414644,-0.0058202385,0.14103237,-0.0074867513,-0.003928487,0.36778557,-0.004890913,-0.0027487054,-0.003569166,-0.0013856097,0.006143961,-0.002726836,0.009951789
ATAC_LINC01765,-0.00091342634,-0.002195106,-0.0013761553,0.39414644,-0.0058202385,0.14103237,-0.0074867513,-0.003928487,0.36778557,-0.004890913,-0.0027487054,-0.003569166,-0.0013856097,0.006143961,-0.002726836,0.009951789
ATAC_LINC01775,-0.00091342634,-0.002195106,-0.0013761553,0.39414644,-0.0058202385,0.14103237,-0.0074867513,-0.003928487,0.36778557,-0.004890913,-0.0027487054,-0.003569166,-0.0013856097,0.006143961,-0.002726836,0.009951789
ATAC_LINC01778,-0.00091342634,-0.002195106,-0.0013761553,0.39414644,-0.0058202385,0.14103237,-0.0074867513,-0.003928487,0.36778557,-0.004890913,-0.0027487054,-0.003569166,-0.0013856097,0.006143961,-0.002726836,0.009951789
ATAC_LINC01780,-0.00091342634,-0.002195106,-0.0013761553,0.39414644,-0.0058202385,0.14103237,-0.0074867513,-0.003928487,0.36778557,-0.004890913,-0.0027487054,-0.003569166,-0.0013856097,0.006143961,-0.002726836,0.009951789
ATAC_LINC01792,-0.00091342634,-0.002195106,-0.0013761553,0.39414644,-0.0058202385,0.14103237,-0.0074867513,-0.003928487,0.36778557,-0.004890913,-0.0027487054,-0.003569166,-0.0013856097,0.006143961,-0.002726836,0.009951789
ATAC_LINC01805,-0.0009136853,-0.0021948314,-0.0013763853,0.3941154,-0.005820094,0.14105439,-0.0074868766,-0.003928391,0.36780918,-0.0048911218,-0.0027486496,-0.0035693129,-0.0013854988,0.00616619,-0.0027270096,0.009973925
ATAC_LINC01816,-0.00091342634,-0.002195106,-0.0013761553,0.39414644,-0.0058202385,0.14103237,-0.0074867513,-0.003928487,0.36778557,-0.004890913,-0.0027487054,-0.003569166,-0.0013856097,0.006143961,-0.002726836,0.009951789
ATAC_LINC01825,-0.0009134316,-0.0021951061,-0.0013761601,0.3941459,-0.0058202487,0.14103328,-0.007486755,-0.003928487,0.36778578,-0.004890906,-0.002748698,-0.0035691732,-0.0013856145,0.0061440207,-0.0027268294,0.009951342
ATAC_LINC01829,-0.00091342634,-0.002195106,-0.0013761553,0.39414644,-0.0058202385,0.14103237,-0.0074867513,-0.003928487,0.36778557,-0.004890913,-0.0027487054,-0.003569166,-0.0013856097,0.006143961,-0.002726836,0.009951789
ATAC_LINC01841,-0.0009105576,-0.0021917277,-0.0013742306,0.39412886,-0.005822493,0.14149454,-0.007486565,-0.003924513,0.36772466,-0.004891471,-0.0027515104,-0.0035692083,-0.001383459,0.0062281825,-0.0027287782,0.009653378
ATAC_LINC01843,-0.00091342634,-0.002195106,-0.0013761553,0.39414644,-0.0058202385,0.14103237,-0.0074867513,-0.003928487,0.36778557,-0.004890913,-0.0027487054,-0.003569166,-0.0013856097,0.006143961,-0.002726836,0.009951789
ATAC_LINC01857,-0.00091342634,-0.002195106,-0.0013761553,0.39414644,-0.0058202385,0.14103237,-0.0074867513,-0.003928487,0.36778557,-0.004890913,-0.0027487054,-0.003569166,-0.0013856097,0.006143961,-0.002726836,0.009951789
ATAC_LINC01865,-0.00091342634,-0.002195106,-0.0013761553,0.39414644,-0.0058202385,0.14103237,-0.0074867513,-0.003928487,0.36778557,-0.004890913,-0.0027487054,-0.003569166,-0.0013856097,0.006143961,-0.002726836,0.009951789
ATAC_LINC01870,-0.00088990096,-0.0016303355,-0.0012965231,0.40575373,-0.0038952865,0.15146111,-0.00510286,-0.006077687,0.1332844,-0.0030100376,-0.00068197056,-0.002717577,-6.387189e-05,0.16581057,-0.0036675644,0.06364943
ATAC_LINC01871,-0.00091342634,-0.002195106,-0.0013761553,0.39414644,-0.0058202385,0.14103237,-0.0074867513,-0.003928487,0.36778557,-0.004890913,-0.0027487054,-0.003569166,-0.0013856097,0.006143961,-0.002726836,0.009951789
ATAC_LINC01872,-0.00091342634,-0.002195106,-0.0013761553,0.39414644,-0.0058202385,0.14103237,-0.0074867513,-0.003928487,0.36778557,-0.004890913,-0.0027487054,-0.003569166,-0.0013856097,0.006143961,-0.002726836,0.009951789
ATAC_LINC01876,-0.00091342634,-0.002195106,-0.0013761553,0.39414644,-0.0058202385,0.14103237,-0.0074867513,-0.003928487,0.36778557,-0.004890913,-0.0027487054,-0.003569166,-0.0013856097,0.006143961,-0.002726836,0.009951789
ATAC_LINC01887,-0.00089599687,-0.0021817165,-0.0013640422,0.3956078,-0.005809909,0.14328994,-0.0074903523,-0.0039212154,0.36577544,-0.0048855417,-0.0027356779,-0.0035886306,-0.0013670613,0.0050398745,-0.0027420844,0.008148123
ATAC_LINC01891,-0.00091342634,-0.002195106,-0.0013761553,0.39414644,-0.0058202385,0.14103237,-0.0074867513,-0.003928487,0.36778557,-0.004890913,-0.0027487054,-0.003569166,-0.0013856097,0.006143961,-0.002726836,0.009951789
ATAC_LINC01895,-0.00091342634,-0.002195106,-0.0013761553,0.39414644,-0.0058202385,0.14103237,-0.0074867513,-0.003928487,0.36778557,-0.004890913,-0.0027487054,-0.003569166,-0.0013856097,0.006143961,-0.002726836,0.009951789
ATAC_LINC01964,-0.00091342634,-0.002195106,-0.0013761553,0.39414644,-0.0058202385,0.14103237,-0.0074867513,-0.003928487,0.36778557,-0.004890913,-0.0027487054,-0.003569166,-0.0013856097,0.006143961,-0.002726836,0.009951789
ATAC_LINC01970,-0.0009105576,-0.0021917277,-0.0013742306,0.39412886,-0.005822493,0.14149454,-0.007486565,-0.003924513,0.36772466,-0.004891471,-0.0027515104,-0.0035692083,-0.001383459,0.0062281825,-0.0027287782,0.009653378
ATAC_LINC01973,-0.00091049826,-0.0022058145,-0.0013627874,0.39363855,-0.005806047,0.14219266,-0.0074937646,-0.00393507,0.36650893,-0.004880987,-0.0027573556,-0.003571102,-0.0013939275,0.0068475045,-0.0027215001,0.008486409
ATAC_LINC01983,-0.00091342634,-0.002195106,-0.0013761553,0.39414644,-0.0058202385,0.14103237,-0.0074867513,-0.003928487,0.36778557,-0.004890913,-0.0027487054,-0.003569166,-0.0013856097,0.006143961,-0.002726836,0.009951789
ATAC_LINC01985,-0.00091342634,-0.002195106,-0.0013761553,0.39414644,-0.0058202385,0.14103237,-0.0074867513,-0.003928487,0.36778557,-0.004890913,-0.0027487054,-0.003569166,-0.0013856097,0.006143961,-0.002726836,0.009951789
ATAC_LINC01986,-0.00091342634,-0.002195106,-0.0013761553,0.39414644,-0.0058202385,0.14103237,-0.0074867513,-0.003928487,0.36778557,-0.004890913,-0.0027487054,-0.003569166,-0.0013856097,0.006143961,-0.002726836,0.009951789
ATAC_LINC01991,-0.00091342634,-0.002195106,-0.0013761553,0.39414644,-0.0058202385,0.14103237,-0.0074867513,-0.003928487,0.36778557,-0.004890913,-0.0027487054,-0.003569166,-0.0013856097,0.006143961,-0.002726836,0.009951789
ATAC_LINC02022,-0.00091342634,-0.002195106,-0.0013761553,0.39414644,-0.0058202385,0.14103237,-0.0074867513,-0.003928487,0.36778557,-0.004890913,-0.0027487054,-0.003569166,-0.0013856097,0.006143961,-0.002726836,0.009951789
ATAC_LINC02029,-0.0009105576,-0.0021917277,-0.0013742306,0.39412886,-0.005822493,0.14149454,-0.007486565,-0.003924513,0.36772466,-0.004891471,-0.0027515104,-0.0035692083,-0.001383459,0.0062281825,-0.0027287782,0.009653378
ATAC_LINC02042,-0.00091342634,-0.002195106,-0.0013761553,0.39414644,-0.0058202385,0.14103237,-0.0074867513,-0.003928487,0.36778557,-0.004890913,-0.0027487054,-0.003569166,-0.0013856097,0.006143961,-0.002726836,0.009951789
ATAC_LINC02084,-0.00064525806,-0.0019213399,-0.001290268,0.38720804,-0.0057842587,0.15848964,-0.007250035,-0.0038236422,0.3816169,-0.0047385795,-0.0025714852,-0.0038809748,-0.0013206198,0.014835216,-0.0029066736,-0.00020799677
ATAC_LINC02125,-8.560076e-05,-0.0014242387,-0.0021895121,0.4376525,-0.0050953436,0.16704933,-0.007072227,-0.0036565338,0.39033255,-0.005482762,-0.002625306,-0.0033882612,-0.00043797973,-0.00040265324,-0.0020461916,-0.00060364936
ATAC_LINC02129,-0.00082693,-0.0024051338,-0.0006668606,0.40532792,-0.005458243,0.22000362,-0.006532286,-0.0035801427,0.3349381,-0.0041636,-0.0022568232,-0.003345462,-0.0012447385,-0.0005782761,-0.0018942633,0.008346546
ATAC_LINC02132,-0.00091342634,-0.002195106,-0.0013761553,0.39414644,-0.0058202385,0.14103237,-0.0074867513,-0.003928487,0.36778557,-0.004890913,-0.0027487054,-0.003569166,-0.0013856097,0.006143961,-0.002726836,0.009951789
ATAC_LINC02136,-0.00091342634,-0.002195106,-0.0013761553,0.39414644,-0.0058202385,0.14103237,-0.0074867513,-0.003928487,0.36778557,-0.004890913,-0.0027487054,-0.003569166,-0.0013856097,0.006143961,-0.002726836,0.009951789
ATAC_LINC02175,-0.00091342634,-0.002195106,-0.0013761553,0.39414644,-0.0058202385,0.14103237,-0.0074867513,-0.003928487,0.36778557,-0.004890913,-0.0027487054,-0.003569166,-0.0013856097,0.006143961,-0.002726836,0.009951789
ATAC_LINC02197,-0.00091342634,-0.002195106,-0.0013761553,0.39414644,-0.0058202385,0.14103237,-0.0074867513,-0.003928487,0.36778557,-0.004890913,-0.0027487054,-0.003569166,-0.0013856097,0.006143961,-0.002726836,0.009951789
ATAC_LINC02265,-0.00091342634,-0.002195106,-0.0013761553,0.39414644,-0.0058202385,0.14103237,-0.0074867513,-0.003928487,0.36778557,-0.004890913,-0.0027487054,-0.003569166,-0.0013856097,0.006143961,-0.002726836,0.009951789
ATAC_LINC02273,-0.00091342634,-0.002195106,-0.0013761553,0.39414644,-0.0058202385,0.14103237,-0.0074867513,-0.003928487,0.36778557,-0.004890913,-0.0027487054,-0.003569166,-0.0013856097,0.006143961,-0.002726836,0.009951789
ATAC_LINC02288,-0.00091342634,-0.002195106,-0.0013761553,0.39414644,-0.0058202385,0.14103237,-0.0074867513,-0.003928487,0.36778557,-0.004890913,-0.0027487054,-0.003569166,-0.0013856097,0.006143961,-0.002726836,0.009951789
ATAC_LINC02299,-0.00091342634,-0.002195106,-0.0013761553,0.39414644,-0.0058202385,0.14103237,-0.0074867513,-0.003928487,0.36778557,-0.004890913,-0.0027487054,-0.003569166,-0.0013856097,0.006143961,-0.002726836,0.009951789
ATAC_LINC02320,-0.00091342634,-0.002195106,-0.0013761553,0.39414644,-0.0058202385,0.14103237,-0.0074867513,-0.003928487,0.36778557,-0.004890913,-0.0027487054,-0.003569166,-0.0013856097,0.006143961,-0.002726836,0.009951789
ATAC_LINC02321,-0.0009082048,-0.002194612,-0.0013696823,0.39287388,-0.005827985,0.1409599,-0.007477914,-0.003933105,0.3667086,-0.0049039084,-0.0027468388,-0.0035757017,-0.0013801361,0.006160978,-0.0027209988,0.01049595
ATAC_LINC02323,-0.00091342634,-0.002195106,-0.0013761553,0.39414644,-0.0058202385,0.14103237,-0.0074867513,-0.003928487,0.36778557,-0.004890913,-0.0027487054,-0.003569166,-0.0013856097,0.006143961,-0.002726836,0.009951789
ATAC_LINC02336,-0.0009082048,-0.002194612,-0.0013696823,0.39287388,-0.005827985,0.1409599,-0.007477914,-0.003933105,0.3667086,-0.0049039084,-0.0027468388,-0.0035757017,-0.0013801361,0.006160978,-0.0027209988,0.01049595
ATAC_LINC02399,-0.00091342634,-0.002195106,-0.0013761553,0.39414644,-0.0058202385,0.14103237,-0.0074867513,-0.003928487,0.36778557,-0.004890913,-0.0027487054,-0.003569166,-0.0013856097,0.006143961,-0.002726836,0.009951789
ATAC_LINC02404,-0.00091342634,-0.002195106,-0.0013761553,0.39414644,-0.0058202385,0.14103237,-0.0074867513,-0.003928487,0.36778557,-0.004890913,-0.0027487054,-0.003569166,-0.0013856097,0.006143961,-0.002726836,0.009951789
ATAC_LINC02426,-0.00091342634,-0.002195106,-0.0013761553,0.39414644,-0.0058202385,0.14103237,-0.0074867513,-0.003928487,0.36778557,-0.004890913,-0.0027487054,-0.003569166,-0.0013856097,0.006143961,-0.002726836,0.009951789
ATAC_LINC02442,-0.00091342634,-0.002195106,-0.0013761553,0.39414644,-0.0058202385,0.14103237,-0.0074867513,-0.003928487,0.36778557,-0.004890913,-0.0027487054,-0.003569166,-0.0013856097,0.006143961,-0.002726836,0.009951789
ATAC_LINC02446,-0.0009082048,-0.002194612,-0.0013696823,0.39287388,-0.005827985,0.1409599,-0.007477914,-0.003933105,0.3667086,-0.0049039084,-0.0027468388,-0.0035757017,-0.0013801361,0.006160978,-0.0027209988,0.01049595
ATAC_LINC02447,-0.00091342634,-0.002195106,-0.0013761553,0.39414644,-0.0058202385,0.14103237,-0.0074867513,-0.003928487,0.36778557,-0.004890913,-0.0027487054,-0.003569166,-0.0013856097,0.006143961,-0.002726836,0.009951789
ATAC_LINC02452,-0.00091342634,-0.002195106,-0.0013761553,0.39414644,-0.0058202385,0.14103237,-0.0074867513,-0.003928487,0.36778557,-0.004890913,-0.0027487054,-0.003569166,-0.0013856097,0.006143961,-0.002726836,0.009951789
ATAC_LINC02455,-0.0023731892,-0.0034226265,0.020249546,0.21365215,-0.004244735,0.13479446,-0.0059965774,-0.002208913,0.2692614,-0.004209593,-0.0045897146,-0.0017858857,-0.0032939746,0.10667788,-0.003610695,0.17496894
ATAC_LINC02520,-0.00091342634,-0.002195106,-0.0013761553,0.39414644,-0.0058202385,0.14103237,-0.0074867513,-0.003928487,0.36778557,-0.004890913,-0.0027487054,-0.003569166,-0.0013856097,0.006143961,-0.002726836,0.009951789
ATAC_LINC02558,-0.00091342634,-0.002195106,-0.0013761553,0.39414644,-0.0058202385,0.14103237,-0.0074867513,-0.003928487,0.36778557,-0.004890913,-0.0027487054,-0.003569166,-0.0013856097,0.006143961,-0.002726836,0.009951789
ATAC_LINC02561,-0.00091342634,-0.002195106,-0.0013761553,0.39414644,-0.0058202385,0.14103237,-0.0074867513,-0.003928487,0.36778557,-0.004890913,-0.0027487054,-0.003569166,-0.0013856097,0.006143961,-0.002726836,0.009951789
ATAC_LINC02569,-0.00091342634,-0.002195106,-0.0013761553,0.39414644,-0.0058202385,0.14103237,-0.0074867513,-0.003928487,0.36778557,-0.004890913,-0.0027487054,-0.003569166,-0.0013856097,0.006143961,-0.002726836,0.009951789
ATAC_LINC02580,-0.00091342634,-0.002195106,-0.0013761553,0.39414644,-0.0058202385,0.14103237,-0.0074867513,-0.003928487,0.36778557,-0.004890913,-0.0027487054,-0.003569166,-0.0013856097,0.006143961,-0.002726836,0.009951789
ATAC_LINC02685,-0.00091342634,-0.002195106,-0.0013761553,0.39414644,-0.0058202385,0.14103237,-0.0074867513,-0.003928487,0.36778557,-0.004890913,-0.0027487054,-0.003569166,-0.0013856097,0.006143961,-0.002726836,0.009951789
ATAC_LINC02694,-0.00091342634,-0.002195106,-0.0013761553,0.39414644,-0.0058202385,0.14103237,-0.0074867513,-0.003928487,0.36778557,-0.004890913,-0.0027487054,-0.003569166,-0.0013856097,0.006143961,-0.002726836,0.009951789
ATAC_LINC02695,-0.0009098672,-0.00219161,-0.0013707265,0.39382136,-0.005827534,0.14246072,-0.0074932175,-0.003914781,0.3680889,-0.0048958748,-0.0027619717,-0.003560803,-0.0013885718,0.005742822,-0.0027221176,0.010556448
ATAC_LINC02696,-0.00090478855,-0.0021988826,-0.0013670474,0.39266294,-0.005817968,0.14318432,-0.0074853036,-0.003941334,0.36670014,-0.0048803603,-0.0027651545,-0.0035721064,-0.0013833613,0.0058366396,-0.002729182,0.0074351765
ATAC_LINC02725,-0.00091776496,-0.0021902006,-0.0013652995,0.39322525,-0.005826504,0.1416322,-0.0074852793,-0.0039205425,0.36792898,-0.004880784,-0.0027496188,-0.0035703494,-0.0013872812,0.006443355,-0.0027271234,0.010392247
ATAC_LINC02730,-0.00091342634,-0.002195106,-0.0013761553,0.39414644,-0.0058202385,0.14103237,-0.0074867513,-0.003928487,0.36778557,-0.004890913,-0.0027487054,-0.003569166,-0.0013856097,0.006143961,-0.002726836,0.009951789
ATAC_LINC02761,-0.00091342634,-0.002195106,-0.0013761553,0.39414644,-0.0058202385,0.14103237,-0.0074867513,-0.003928487,0.36778557,-0.004890913,-0.0027487054,-0.003569166,-0.0013856097,0.006143961,-0.002726836,0.009951789
ATAC_LINC02768,-0.00091342634,-0.002195106,-0.0013761553,0.39414644,-0.0058202385,0.14103237,-0.0074867513,-0.003928487,0.36778557,-0.004890913,-0.0027487054,-0.003569166,-0.0013856097,0.006143961,-0.002726836,0.009951789
ATAC_LINC02774,-0.00091342634,-0.002195106,-0.0013761553,0.39414644,-0.0058202385,0.14103237,-0.0074867513,-0.003928487,0.36778557,-0.004890913,-0.0027487054,-0.003569166,-0.0013856097,0.006143961,-0.002726836,0.009951789
ATAC_LINC02828,-0.00091342634,-0.002195106,-0.0013761553,0.39414644,-0.0058202385,0.14103237,-0.0074867513,-0.003928487,0.36778557,-0.004890913,-0.0027487054,-0.003569166,-0.0013856097,0.006143961,-0.002726836,0.009951789
ATAC_LINC02851,-0.00091342634,-0.002195106,-0.0013761553,0.39414644,-0.0058202385,0.14103237,-0.0074867513,-0.003928487,0.36778557,-0.004890913,-0.0027487054,-0.003569166,-0.0013856097,0.006143961,-0.002726836,0.009951789
ATAC_LINGO2,-0.00091342634,-0.002195106,-0.0013761553,0.39414644,-0.0058202385,0.14103237,-0.0074867513,-0.003928487,0.36778557,-0.004890913,-0.0027487054,-0.003569166,-0.0013856097,0.006143961,-0.002726836,0.009951789
ATAC_LINGO4,-0.00091342634,-0.002195106,-0.0013761553,0.39414644,-0.0058202385,0.14103237,-0.0074867513,-0.003928487,0.36778557,-0.004890913,-0.0027487054,-0.003569166,-0.0013856097,0.006143961,-0.002726836,0.009951789
ATAC_LIPC,-0.00091342634,-0.002195106,-0.0013761553,0.39414644,-0.0058202385,0.14103237,-0.0074867513,-0.003928487,0.36778557,-0.004890913,-0.0027487054,-0.003569166,-0.0013856097,0.006143961,-0.002726836,0.009951789
ATAC_LIX1-AS1,-0.00091378647,-0.0021970277,-0.0013782722,0.39412314,-0.005820528,0.14106952,-0.0074844663,-0.0039293924,0.36785668,-0.004888715,-0.0027467292,-0.0035714072,-0.0013842476,0.0061832257,-0.0027291193,0.009709898
ATAC_LLGL2,-0.00091342634,-0.002195106,-0.0013761553,0.39414644,-0.0058202385,0.14103237,-0.0074867513,-0.003928487,0.36778557,-0.004890913,-0.0027487054,-0.003569166,-0.0013856097,0.006143961,-0.002726836,0.009951789
ATAC_LMTK3,-0.0009134316,-0.0021951061,-0.0013761601,0.3941459,-0.0058202487,0.14103328,-0.007486755,-0.003928487,0.36778578,-0.004890906,-0.002748698,-0.0035691732,-0.0013856145,0.0061440207,-0.0027268294,0.009951342
ATAC_LNCTAM34A,-0.00091342634,-0.002195106,-0.0013761553,0.39414644,-0.0058202385,0.14103237,-0.0074867513,-0.003928487,0.36778557,-0.004890913,-0.0027487054,-0.003569166,-0.0013856097,0.006143961,-0.002726836,0.009951789
ATAC_LPAR3,0.10098414,-0.0010633513,-0.002724097,0.26389915,-0.0067180893,0.026576445,-0.004345172,0.007949017,0.449418,-0.0014338655,-0.0031901528,-0.0012484605,-0.00037981785,-0.0005731814,-0.001331467,-0.00087928184
ATAC_LPGAT1-AS1,-0.00091342634,-0.002195106,-0.0013761553,0.39414644,-0.0058202385,0.14103237,-0.0074867513,-0.003928487,0.36778557,-0.004890913,-0.0027487054,-0.003569166,-0.0013856097,0.006143961,-0.002726836,0.009951789
ATAC_LRAT,-0.00091342634,-0.002195106,-0.0013761553,0.39414644,-0.0058202385,0.14103237,-0.0074867513,-0.003928487,0.36778557,-0.004890913,-0.0027487054,-0.003569166,-0.0013856097,0.006143961,-0.002726836,0.009951789
ATAC_LRFN2,-0.00091342634,-0.002195106,-0.0013761553,0.39414644,-0.0058202385,0.14103237,-0.0074867513,-0.003928487,0.36778557,-0.004890913,-0.0027487054,-0.003569166,-0.0013856097,0.006143961,-0.002726836,0.009951789
ATAC_LRIF1,-0.00089599687,-0.0021817165,-0.0013640422,0.3956078,-0.005809909,0.14328994,-0.0074903523,-0.0039212154,0.36577544,-0.0048855417,-0.0027356779,-0.0035886306,-0.0013670613,0.0050398745,-0.0027420844,0.008148123
ATAC_LRIG1,-0.00091342634,-0.002195106,-0.0013761553,0.39414644,-0.0058202385,0.14103237,-0.0074867513,-0.003928487,0.36778557,-0.004890913,-0.0027487054,-0.003569166,-0.0013856097,0.006143961,-0.002726836,0.009951789
ATAC_LRMDA,-0.00091342634,-0.002195106,-0.0013761553,0.39414644,-0.0058202385,0.14103237,-0.0074867513,-0.003928487,0.36778557,-0.004890913,-0.0027487054,-0.003569166,-0.0013856097,0.006143961,-0.002726836,0.009951789
ATAC_LRP1B,-0.00091342634,-0.002195106,-0.0013761553,0.39414644,-0.0058202385,0.14103237,-0.0074867513,-0.003928487,0.36778557,-0.004890913,-0.0027487054,-0.003569166,-0.0013856097,0.006143961,-0.002726836,0.009951789
ATAC_LRP2,-0.00090060284,-0.0021859615,-0.0013736775,0.39466858,-0.0058163595,0.14081423,-0.0074975365,-0.003940663,0.36631808,-0.0048859417,-0.0027386534,-0.0035770868,-0.0013825794,0.007459659,-0.0027408812,0.010555837
ATAC_LRP5,-0.00091342634,-0.002195106,-0.0013761553,0.39414644,-0.0058202385,0.14103237,-0.0074867513,-0.003928487,0.36778557,-0.004890913,-0.0027487054,-0.003569166,-0.0013856097,0.006143961,-0.002726836,0.009951789
ATAC_LRP6,-0.00091342634,-0.002195106,-0.0013761553,0.39414644,-0.0058202385,0.14103237,-0.0074867513,-0.003928487,0.36778557,-0.004890913,-0.0027487054,-0.003569166,-0.0013856097,0.006143961,-0.002726836,0.009951789
ATAC_LRRC14B,-0.00091635366,-0.0021881687,-0.0013664626,0.39525148,-0.0058228243,0.14062434,-0.0074972115,-0.0039223186,0.3670534,-0.004881518,-0.0027597616,-0.0035587703,-0.0013818975,0.0076893307,-0.002721844,0.010411877
ATAC_LRRC63,-0.00091342634,-0.002195106,-0.0013761553,0.39414644,-0.0058202385,0.14103237,-0.0074867513,-0.003928487,0.36778557,-0.004890913,-0.0027487054,-0.003569166,-0.0013856097,0.006143961,-0.002726836,0.009951789
ATAC_LRRC9,-0.00091342634,-0.002195106,-0.0013761553,0.39414644,-0.0058202385,0.14103237,-0.0074867513,-0.003928487,0.36778557,-0.004890913,-0.0027487054,-0.003569166,-0.0013856097,0.006143961,-0.002726836,0.009951789
ATAC_LRRCC1,-0.0023700616,-0.003419523,0.020465031,0.2136656,-0.004247134,0.13523462,-0.005996266,-0.0022050352,0.2691769,-0.0042099427,-0.0045925756,-0.0017857814,-0.003291935,0.10673988,-0.0036124634,0.17464839
ATAC_LRRIQ3,-0.00091342634,-0.002195106,-0.0013761553,0.39414644,-0.0058202385,0.14103237,-0.0074867513,-0.003928487,0.36778557,-0.004890913,-0.0027487054,-0.003569166,-0.0013856097,0.006143961,-0.002726836,0.009951789
ATAC_LRRN1,-0.0009335447,-0.0021758785,-0.0013949298,0.3960004,-0.0058335555,0.14248018,-0.007496143,-0.003922221,0.36949682,-0.004910254,-0.0027642637,-0.0035727876,-0.0013787244,0.0051339306,-0.0027433294,0.008543003
ATAC_LRRN3,-0.000914207,-0.0021984258,-0.0013765057,0.39461032,-0.0058250693,0.14080408,-0.0074897753,-0.0039233183,0.3682507,-0.0048899953,-0.0027510324,-0.003567925,-0.0013869992,0.0059067793,-0.0027256778,0.010150332
ATAC_LRTM1,-0.00088990096,-0.0016303355,-0.0012965231,0.40575373,-0.0038952865,0.15146111,-0.00510286,-0.006077687,0.1332844,-0.0030100376,-0.00068197056,-0.002717577,-6.387189e-05,0.16581057,-0.0036675644,0.06364943
ATAC_LSR,-0.00091342634,-0.002195106,-0.0013761553,0.39414644,-0.0058202385,0.14103237,-0.0074867513,-0.003928487,0.36778557,-0.004890913,-0.0027487054,-0.003569166,-0.0013856097,0.006143961,-0.002726836,0.009951789
ATAC_LTBP1,-0.0009105576,-0.0021917277,-0.0013742306,0.39412886,-0.005822493,0.14149454,-0.007486565,-0.003924513,0.36772466,-0.004891471,-0.0027515104,-0.0035692083,-0.001383459,0.0062281825,-0.0027287782,0.009653378
ATAC_LTBP3,-0.00091819797,-0.0021889585,-0.0013668583,0.39434472,-0.005821185,0.14086138,-0.0074942205,-0.0039296374,0.36836207,-0.0048930002,-0.0027494691,-0.0035737788,-0.0013920319,0.0061419643,-0.0027187946,0.009251136
ATAC_LTBP4,-0.00085957325,-0.0028533414,-0.0010782902,0.37996465,-0.0050870655,0.084755965,-0.008039834,-0.0033519685,0.31989786,-0.005159853,-0.00257484,-0.0033308642,-0.0006591615,0.09675285,-0.0028345722,0.0096881725
ATAC_LURAP1,-0.00091342634,-0.002195106,-0.0013761553,0.39414644,-0.0058202385,0.14103237,-0.0074867513,-0.003928487,0.36778557,-0.004890913,-0.0027487054,-0.003569166,-0.0013856097,0.006143961,-0.002726836,0.009951789
ATAC_LY6E-DT,-0.000914207,-0.0021984258,-0.0013765057,0.39461032,-0.0058250693,0.14080408,-0.0074897753,-0.0039233183,0.3682507,-0.0048899953,-0.0027510324,-0.003567925,-0.0013869992,0.0059067793,-0.0027256778,0.010150332
ATAC_LY9,-0.00091342634,-0.002195106,-0.0013761553,0.39414644,-0.0058202385,0.14103237,-0.0074867513,-0.003928487,0.36778557,-0.004890913,-0.0027487054,-0.003569166,-0.0013856097,0.006143961,-0.002726836,0.009951789
ATAC_LZTS1,-0.00091342634,-0.002195106,-0.0013761553,0.39414644,-0.0058202385,0.14103237,-0.0074867513,-0.003928487,0.36778557,-0.004890913,-0.0027487054,-0.003569166,-0.0013856097,0.006143961,-0.002726836,0.009951789
ATAC_MADCAM1,-0.00091342634,-0.002195106,-0.0013761553,0.39414644,-0.0058202385,0.14103237,-0.0074867513,-0.003928487,0.36778557,-0.004890913,-0.0027487054,-0.003569166,-0.0013856097,0.006143961,-0.002726836,0.009951789
ATAC_MAF,-0.00091342634,-0.002195106,-0.0013761553,0.39414644,-0.0058202385,0.14103237,-0.0074867513,-0.003928487,0.36778557,-0.004890913,-0.0027487054,-0.003569166,-0.0013856097,0.006143961,-0.002726836,0.009951789
ATAC_MAFA,-0.0023729303,-0.003422901,0.020272553,0.21368319,-0.004244879,0.13477245,-0.0059964526,-0.0022090098,0.2692378,-0.0042093843,-0.0045897705,-0.0017857387,-0.0032940859,0.10665566,-0.0036105216,0.17494681
ATAC_MAGED1,-0.00091342634,-0.002195106,-0.0013761553,0.39414644,-0.0058202385,0.14103237,-0.0074867513,-0.003928487,0.36778557,-0.004890913,-0.0027487054,-0.003569166,-0.0013856097,0.006143961,-0.002726836,0.009951789
ATAC_MAGI3,-0.00091342634,-0.002195106,-0.0013761553,0.39414644,-0.0058202385,0.14103237,-0.0074867513,-0.003928487,0.36778557,-0.004890913,-0.0027487054,-0.003569166,-0.0013856097,0.006143961,-0.002726836,0.009951789
ATAC_MAGIX,-0.0023729303,-0.003422901,0.020272553,0.21368319,-0.004244879,0.13477245,-0.0059964526,-0.0022090098,0.2692378,-0.0042093843,-0.0045897705,-0.0017857387,-0.0032940859,0.10665566,-0.0036105216,0.17494681
ATAC_MAL,-0.00091342634,-0.002195106,-0.0013761553,0.39414644,-0.0058202385,0.14103237,-0.0074867513,-0.003928487,0.36778557,-0.004890913,-0.0027487054,-0.003569166,-0.0013856097,0.006143961,-0.002726836,0.009951789
ATAC_MAML3,-0.00091342634,-0.002195106,-0.0013761553,0.39414644,-0.0058202385,0.14103237,-0.0074867513,-0.003928487,0.36778557,-0.004890913,-0.0027487054,-0.003569166,-0.0013856097,0.006143961,-0.002726836,0.009951789
ATAC_MAMLD1,-0.00091342634,-0.002195106,-0.0013761553,0.39414644,-0.0058202385,0.14103237,-0.0074867513,-0.003928487,0.36778557,-0.004890913,-0.0027487054,-0.003569166,-0.0013856097,0.006143961,-0.002726836,0.009951789
ATAC_MAMSTR,-0.00091342634,-0.002195106,-0.0013761553,0.39414644,-0.0058202385,0.14103237,-0.0074867513,-0.003928487,0.36778557,-0.004890913,-0.0027487054,-0.003569166,-0.0013856097,0.006143961,-0.002726836,0.009951789
ATAC_MAN1B1-DT,0.01529941,-0.0029777747,-0.002779127,0.12968703,-0.0081769675,0.064344466,-0.006527795,-0.0014904777,0.49352762,-0.0029705588,-0.0032849973,-0.0012937884,-0.0011492718,-0.00037872704,0.013717353,0.05942204
ATAC_MAN1C1,-0.00091342634,-0.002195106,-0.0013761553,0.39414644,-0.0058202385,0.14103237,-0.0074867513,-0.003928487,0.36778557,-0.004890913,-0.0027487054,-0.003569166,-0.0013856097,0.006143961,-0.002726836,0.009951789
ATAC_MANEAL,-0.00091342634,-0.002195106,-0.0013761553,0.39414644,-0.0058202385,0.14103237,-0.0074867513,-0.003928487,0.36778557,-0.004890913,-0.0027487054,-0.003569166,-0.0013856097,0.006143961,-0.002726836,0.009951789
ATAC_MAP1LC3A,-0.00091342634,-0.002195106,-0.0013761553,0.39414644,-0.0058202385,0.14103237,-0.0074867513,-0.003928487,0.36778557,-0.004890913,-0.0027487054,-0.003569166,-0.0013856097,0.006143961,-0.002726836,0.009951789
ATAC_MAP2K6,-0.00091342634,-0.002195106,-0.0013761553,0.39414644,-0.0058202385,0.14103237,-0.0074867513,-0.003928487,0.36778557,-0.004890913,-0.0027487054,-0.003569166,-0.0013856097,0.006143961,-0.002726836,0.009951789
ATAC_MAP3K14,-0.00091342634,-0.002195106,-0.0013761553,0.39414644,-0.0058202385,0.14103237,-0.0074867513,-0.003928487,0.36778557,-0.004890913,-0.0027487054,-0.003569166,-0.0013856097,0.006143961,-0.002726836,0.009951789
ATAC_MAP4K1,-0.00091342634,-0.002195106,-0.0013761553,0.39414644,-0.0058202385,0.14103237,-0.0074867513,-0.003928487,0.36778557,-0.004890913,-0.0027487054,-0.003569166,-0.0013856097,0.006143961,-0.002726836,0.009951789
ATAC_MAP4K2,-0.00091342634,-0.002195106,-0.0013761553,0.39414644,-0.0058202385,0.14103237,-0.0074867513,-0.003928487,0.36778557,-0.004890913,-0.0027487054,-0.003569166,-0.0013856097,0.006143961,-0.002726836,0.009951789
ATAC_MAP4K5,-0.00091342634,-0.002195106,-0.0013761553,0.39414644,-0.0058202385,0.14103237,-0.0074867513,-0.003928487,0.36778557,-0.004890913,-0.0027487054,-0.003569166,-0.0013856097,0.006143961,-0.002726836,0.009951789
ATAC_MAP9,-0.00091342634,-0.002195106,-0.0013761553,0.39414644,-0.0058202385,0.14103237,-0.0074867513,-0.003928487,0.36778557,-0.004890913,-0.0027487054,-0.003569166,-0.0013856097,0.006143961,-0.002726836,0.009951789
ATAC_MAPK12,-0.00091342634,-0.002195106,-0.0013761553,0.39414644,-0.0058202385,0.14103237,-0.0074867513,-0.003928487,0.36778557,-0.004890913,-0.0027487054,-0.003569166,-0.0013856097,0.006143961,-0.002726836,0.009951789
ATAC_MAPK4,-0.00091342634,-0.002195106,-0.0013761553,0.39414644,-0.0058202385,0.14103237,-0.0074867513,-0.003928487,0.36778557,-0.004890913,-0.0027487054,-0.003569166,-0.0013856097,0.006143961,-0.002726836,0.009951789
ATAC_MAST1,-0.00091342634,-0.002195106,-0.0013761553,0.39414644,-0.0058202385,0.14103237,-0.0074867513,-0.003928487,0.36778557,-0.004890913,-0.0027487054,-0.003569166,-0.0013856097,0.006143961,-0.002726836,0.009951789
ATAC_MAST4,-0.00091342634,-0.002195106,-0.0013761553,0.39414644,-0.0058202385,0.14103237,-0.0074867513,-0.003928487,0.36778557,-0.004890913,-0.0027487054,-0.003569166,-0.0013856097,0.006143961,-0.002726836,0.009951789
ATAC_MAST4-AS1,-0.00091342634,-0.002195106,-0.0013761553,0.39414644,-0.0058202385,0.14103237,-0.0074867513,-0.003928487,0.36778557,-0.004890913,-0.0027487054,-0.003569166,-0.0013856097,0.006143961,-0.002726836,0.009951789
ATAC_MATK,-0.00091342634,-0.002195106,-0.0013761553,0.39414644,-0.0058202385,0.14103237,-0.0074867513,-0.003928487,0.36778557,-0.004890913,-0.0027487054,-0.003569166,-0.0013856097,0.006143961,-0.002726836,0.009951789
ATAC_MATN1,-0.00091342634,-0.002195106,-0.0013761553,0.39414644,-0.0058202385,0.14103237,-0.0074867513,-0.003928487,0.36778557,-0.004890913,-0.0027487054,-0.003569166,-0.0013856097,0.006143961,-0.002726836,0.009951789
ATAC_MBNL3,-0.00091342634,-0.002195106,-0.0013761553,0.39414644,-0.0058202385,0.14103237,-0.0074867513,-0.003928487,0.36778557,-0.004890913,-0.0027487054,-0.003569166,-0.0013856097,0.006143961,-0.002726836,0.009951789
ATAC_MC1R,-0.00091342634,-0.002195106,-0.0013761553,0.39414644,-0.0058202385,0.14103237,-0.0074867513,-0.003928487,0.36778557,-0.004890913,-0.0027487054,-0.003569166,-0.0013856097,0.006143961,-0.002726836,0.009951789
ATAC_MCF2L,-0.00091342634,-0.002195106,-0.0013761553,0.39414644,-0.0058202385,0.14103237,-0.0074867513,-0.003928487,0.36778557,-0.004890913,-0.0027487054,-0.003569166,-0.0013856097,0.006143961,-0.002726836,0.009951789
ATAC_MCF2L-AS1,-0.00091342634,-0.002195106,-0.0013761553,0.39414644,-0.0058202385,0.14103237,-0.0074867513,-0.003928487,0.36778557,-0.004890913,-0.0027487054,-0.003569166,-0.0013856097,0.006143961,-0.002726836,0.009951789
ATAC_MCM8-AS1,-8.560076e-05,-0.0014242387,-0.0021895121,0.4376525,-0.0050953436,0.16704933,-0.007072227,-0.0036565338,0.39033255,-0.005482762,-0.002625306,-0.0033882612,-0.00043797973,-0.00040265324,-0.0020461916,-0.00060364936
ATAC_MCOLN2,-0.0014318001,-0.0022786153,-0.0018577307,0.45017463,-0.0062076687,0.14975047,-0.0076045166,-0.0033568603,0.33233684,-0.0046963654,-0.0023686404,-0.0032848548,-0.0010774499,-0.00040442185,-0.0030894058,-0.0005346208
ATAC_MCTP1,-0.00091342634,-0.002195106,-0.0013761553,0.39414644,-0.0058202385,0.14103237,-0.0074867513,-0.003928487,0.36778557,-0.004890913,-0.0027487054,-0.003569166,-0.0013856097,0.006143961,-0.002726836,0.009951789
ATAC_MCTP2,-0.00091342634,-0.002195106,-0.0013761553,0.39414644,-0.0058202385,0.14103237,-0.0074867513,-0.003928487,0.36778557,-0.004890913,-0.0027487054,-0.003569166,-0.0013856097,0.006143961,-0.002726836,0.009951789
ATAC_MDFI,-0.00091342634,-0.002195106,-0.0013761553,0.39414644,-0.0058202385,0.14103237,-0.0074867513,-0.003928487,0.36778557,-0.004890913,-0.0027487054,-0.003569166,-0.0013856097,0.006143961,-0.002726836,0.009951789
ATAC_MDH1B,-0.00091342634,-0.002195106,-0.0013761553,0.39414644,-0.0058202385,0.14103237,-0.0074867513,-0.003928487,0.36778557,-0.004890913,-0.0027487054,-0.003569166,-0.0013856097,0.006143961,-0.002726836,0.009951789
ATAC_MDP1,-0.00091342634,-0.002195106,-0.0013761553,0.39414644,-0.0058202385,0.14103237,-0.0074867513,-0.003928487,0.36778557,-0.004890913,-0.0027487054,-0.003569166,-0.0013856097,0.006143961,-0.002726836,0.009951789
ATAC_MEAK7,-0.00091342634,-0.002195106,-0.0013761553,0.39414644,-0.0058202385,0.14103237,-0.0074867513,-0.003928487,0.36778557,-0.004890913,-0.0027487054,-0.003569166,-0.0013856097,0.006143961,-0.002726836,0.009951789
ATAC_MED7,-0.00091342634,-0.002195106,-0.0013761553,0.39414644,-0.0058202385,0.14103237,-0.0074867513,-0.003928487,0.36778557,-0.004890913,-0.0027487054,-0.003569166,-0.0013856097,0.006143961,-0.002726836,0.009951789
ATAC_MEGF6,-0.00091342634,-0.002195106,-0.0013761553,0.39414644,-0.0058202385,0.14103237,-0.0074867513,-0.003928487,0.36778557,-0.004890913,-0.0027487054,-0.003569166,-0.0013856097,0.006143961,-0.002726836,0.009951789
ATAC_MEIG1,-0.00091342634,-0.002195106,-0.0013761553,0.39414644,-0.0058202385,0.14103237,-0.0074867513,-0.003928487,0.36778557,-0.004890913,-0.0027487054,-0.003569166,-0.0013856097,0.006143961,-0.002726836,0.009951789
ATAC_MELK,-0.00091342634,-0.002195106,-0.0013761553,0.39414644,-0.0058202385,0.14103237,-0.0074867513,-0.003928487,0.36778557,-0.004890913,-0.0027487054,-0.003569166,-0.0013856097,0.006143961,-0.002726836,0.009951789
ATAC_METTL23,-0.00091342634,-0.002195106,-0.0013761553,0.39414644,-0.0058202385,0.14103237,-0.0074867513,-0.003928487,0.36778557,-0.004890913,-0.0027487054,-0.003569166,-0.0013856097,0.006143961,-0.002726836,0.009951789
ATAC_MEX3A,-0.00091342634,-0.002195106,-0.0013761553,0.39414644,-0.0058202385,0.14103237,-0.0074867513,-0.003928487,0.36778557,-0.004890913,-0.0027487054,-0.003569166,-0.0013856097,0.006143961,-0.002726836,0.009951789
ATAC_MFSD6,-0.00091342634,-0.002195106,-0.0013761553,0.39414644,-0.0058202385,0.14103237,-0.0074867513,-0.003928487,0.36778557,-0.004890913,-0.0027487054,-0.003569166,-0.0013856097,0.006143961,-0.002726836,0.009951789
ATAC_MGA,-0.00091342634,-0.002195106,-0.0013761553,0.39414644,-0.0058202385,0.14103237,-0.0074867513,-0.003928487,0.36778557,-0.004890913,-0.0027487054,-0.003569166,-0.0013856097,0.006143961,-0.002726836,0.009951789
ATAC_MGAT4A,-0.00091378647,-0.0021970277,-0.0013782722,0.39412314,-0.005820528,0.14106952,-0.0074844663,-0.0039293924,0.36785668,-0.004888715,-0.0027467292,-0.0035714072,-0.0013842476,0.0061832257,-0.0027291193,0.009709898
ATAC_MGAT5B,-0.00091342634,-0.002195106,-0.0013761553,0.39414644,-0.0058202385,0.14103237,-0.0074867513,-0.003928487,0.36778557,-0.004890913,-0.0027487054,-0.003569166,-0.0013856097,0.006143961,-0.002726836,0.009951789
ATAC_MIA2,-0.00091342634,-0.002195106,-0.0013761553,0.39414644,-0.0058202385,0.14103237,-0.0074867513,-0.003928487,0.36778557,-0.004890913,-0.0027487054,-0.003569166,-0.0013856097,0.006143961,-0.002726836,0.009951789
ATAC_MIAT,-0.00091342634,-0.002195106,-0.0013761553,0.39414644,-0.0058202385,0.14103237,-0.0074867513,-0.003928487,0.36778557,-0.004890913,-0.0027487054,-0.003569166,-0.0013856097,0.006143961,-0.002726836,0.009951789
ATAC_MIB2,-0.00085921306,-0.0028514194,-0.0010761732,0.37998796,-0.0050867763,0.08471882,-0.008042119,-0.003351063,0.31982675,-0.0051620514,-0.0025768164,-0.003328623,-0.0006605238,0.09671359,-0.0028322886,0.009930063
ATAC_MICAL3,-5.6579036e-05,-0.00028068255,-0.0013211253,0.5283586,-0.0043613594,0.10326435,-0.005304129,-0.0023585195,0.32367596,-0.003354221,-0.002653861,-0.0035238382,-0.0006161558,-0.00013301474,-0.004195477,-0.0013739844
ATAC_MICU3,-0.00091342634,-0.002195106,-0.0013761553,0.39414644,-0.0058202385,0.14103237,-0.0074867513,-0.003928487,0.36778557,-0.004890913,-0.0027487054,-0.003569166,-0.0013856097,0.006143961,-0.002726836,0.009951789
ATAC_MINCR,-0.00091342634,-0.002195106,-0.0013761553,0.39414644,-0.0058202385,0.14103237,-0.0074867513,-0.003928487,0.36778557,-0.004890913,-0.0027487054,-0.003569166,-0.0013856097,0.006143961,-0.002726836,0.009951789
ATAC_MINDY4,-0.00091342634,-0.002195106,-0.0013761553,0.39414644,-0.0058202385,0.14103237,-0.0074867513,-0.003928487,0.36778557,-0.004890913,-0.0027487054,-0.003569166,-0.0013856097,0.006143961,-0.002726836,0.009951789
ATAC_MINK1,-0.00090771663,-0.002188174,-0.0013804153,0.39317083,-0.0058321594,0.14202403,-0.0074782907,-0.0039347513,0.36797678,-0.0048902864,-0.0027565043,-0.0035701704,-0.0013750436,0.005133096,-0.0027345177,0.008900557
ATAC_MIR181A2HG,-0.00091342634,-0.002195106,-0.0013761553,0.39414644,-0.0058202385,0.14103237,-0.0074867513,-0.003928487,0.36778557,-0.004890913,-0.0027487054,-0.003569166,-0.0013856097,0.006143961,-0.002726836,0.009951789
ATAC_MIR194-2HG,-0.00091342634,-0.002195106,-0.0013761553,0.39414644,-0.0058202385,0.14103237,-0.0074867513,-0.003928487,0.36778557,-0.004890913,-0.0027487054,-0.003569166,-0.0013856097,0.006143961,-0.002726836,0.009951789
ATAC_MIR31HG,-0.00091342634,-0.002195106,-0.0013761553,0.39414644,-0.0058202385,0.14103237,-0.0074867513,-0.003928487,0.36778557,-0.004890913,-0.0027487054,-0.003569166,-0.0013856097,0.006143961,-0.002726836,0.009951789
ATAC_MIR3663HG,-0.00091378647,-0.0021970277,-0.0013782722,0.39412314,-0.005820528,0.14106952,-0.0074844663,-0.0039293924,0.36785668,-0.004888715,-0.0027467292,-0.0035714072,-0.0013842476,0.0061832257,-0.0027291193,0.009709898
ATAC_MIR3936HG,-0.00091342634,-0.002195106,-0.0013761553,0.39414644,-0.0058202385,0.14103237,-0.0074867513,-0.003928487,0.36778557,-0.004890913,-0.0027487054,-0.003569166,-0.0013856097,0.006143961,-0.002726836,0.009951789
ATAC_MIR663AHG,-0.00091342634,-0.002195106,-0.0013761553,0.39414644,-0.0058202385,0.14103237,-0.0074867513,-0.003928487,0.36778557,-0.004890913,-0.0027487054,-0.003569166,-0.0013856097,0.006143961,-0.002726836,0.009951789
ATAC_MIR762HG,-0.00091342634,-0.002195106,-0.0013761553,0.39414644,-0.0058202385,0.14103237,-0.0074867513,-0.003928487,0.36778557,-0.004890913,-0.0027487054,-0.003569166,-0.0013856097,0.006143961,-0.002726836,0.009951789
ATAC_MIS12,-0.00091342634,-0.002195106,-0.0013761553,0.39414644,-0.0058202385,0.14103237,-0.0074867513,-0.003928487,0.36778557,-0.004890913,-0.0027487054,-0.003569166,-0.0013856097,0.006143961,-0.002726836,0.009951789
ATAC_MLC1,-0.00091862923,-0.002184325,-0.0013677159,0.39408308,-0.005820053,0.14102049,-0.007497943,-0.003925711,0.3681443,-0.004899566,-0.0027374309,-0.0035677014,-0.001379017,0.0056503154,-0.0027175313,0.008917589
ATAC_MLLT11,-0.00091342634,-0.002195106,-0.0013761553,0.39414644,-0.0058202385,0.14103237,-0.0074867513,-0.003928487,0.36778557,-0.004890913,-0.0027487054,-0.003569166,-0.0013856097,0.006143961,-0.002726836,0.009951789
ATAC_MLLT3,-0.00091276143,-0.0022047418,-0.001371651,0.3952939,-0.005808187,0.14232913,-0.0074750525,-0.0039420263,0.36733,-0.004885167,-0.0027369792,-0.0035663354,-0.0013890138,0.005412314,-0.0027191022,0.009295601
ATAC_MMP23B,-0.00091342634,-0.002195106,-0.0013761553,0.39414644,-0.0058202385,0.14103237,-0.0074867513,-0.003928487,0.36778557,-0.004890913,-0.0027487054,-0.003569166,-0.0013856097,0.006143961,-0.002726836,0.009951789
ATAC_MMP25-AS1,-0.00091342634,-0.002195106,-0.0013761553,0.39414644,-0.0058202385,0.14103237,-0.0074867513,-0.003928487,0.36778557,-0.004890913,-0.0027487054,-0.003569166,-0.0013856097,0.006143961,-0.002726836,0.009951789
ATAC_MMRN2,-0.00091342634,-0.002195106,-0.0013761553,0.39414644,-0.0058202385,0.14103237,-0.0074867513,-0.003928487,0.36778557,-0.004890913,-0.0027487054,-0.003569166,-0.0013856097,0.006143961,-0.002726836,0.009951789
ATAC_MNDA,-0.00091342634,-0.002195106,-0.0013761553,0.39414644,-0.0058202385,0.14103237,-0.0074867513,-0.003928487,0.36778557,-0.004890913,-0.0027487054,-0.003569166,-0.0013856097,0.006143961,-0.002726836,0.009951789
ATAC_MNX1-AS1,-0.0009098672,-0.00219161,-0.0013707265,0.39382136,-0.005827534,0.14246072,-0.0074932175,-0.003914781,0.3680889,-0.0048958748,-0.0027619717,-0.003560803,-0.0013885718,0.005742822,-0.0027221176,0.010556448
ATAC_MOCOS,-0.0014318001,-0.0022786153,-0.0018577307,0.45017463,-0.0062076687,0.14975047,-0.0076045166,-0.0033568603,0.33233684,-0.0046963654,-0.0023686404,-0.0032848548,-0.0010774499,-0.00040442185,-0.0030894058,-0.0005346208
ATAC_MOGAT3,-0.00091342634,-0.002195106,-0.0013761553,0.39414644,-0.0058202385,0.14103237,-0.0074867513,-0.003928487,0.36778557,-0.004890913,-0.0027487054,-0.003569166,-0.0013856097,0.006143961,-0.002726836,0.009951789
ATAC_MORC2-AS1,-0.00091342634,-0.002195106,-0.0013761553,0.39414644,-0.0058202385,0.14103237,-0.0074867513,-0.003928487,0.36778557,-0.004890913,-0.0027487054,-0.003569166,-0.0013856097,0.006143961,-0.002726836,0.009951789
ATAC_MORN3,-0.00091342634,-0.002195106,-0.0013761553,0.39414644,-0.0058202385,0.14103237,-0.0074867513,-0.003928487,0.36778557,-0.004890913,-0.0027487054,-0.003569166,-0.0013856097,0.006143961,-0.002726836,0.009951789
ATAC_MOSMO,-0.00091342634,-0.002195106,-0.0013761553,0.39414644,-0.0058202385,0.14103237,-0.0074867513,-0.003928487,0.36778557,-0.004890913,-0.0027487054,-0.003569166,-0.0013856097,0.006143961,-0.002726836,0.009951789
ATAC_MPHOSPH9,-0.00091342634,-0.002195106,-0.0013761553,0.39414644,-0.0058202385,0.14103237,-0.0074867513,-0.003928487,0.36778557,-0.004890913,-0.0027487054,-0.003569166,-0.0013856097,0.006143961,-0.002726836,0.009951789
ATAC_MPZL3,-0.00091342634,-0.002195106,-0.0013761553,0.39414644,-0.0058202385,0.14103237,-0.0074867513,-0.003928487,0.36778557,-0.004890913,-0.0027487054,-0.003569166,-0.0013856097,0.006143961,-0.002726836,0.009951789
ATAC_MRPL1,-0.0009098672,-0.00219161,-0.0013707265,0.39382136,-0.005827534,0.14246072,-0.0074932175,-0.003914781,0.3680889,-0.0048958748,-0.0027619717,-0.003560803,-0.0013885718,0.005742822,-0.0027221176,0.010556448
ATAC_MRPL10,-0.00091342634,-0.002195106,-0.0013761553,0.39414644,-0.0058202385,0.14103237,-0.0074867513,-0.003928487,0.36778557,-0.004890913,-0.0027487054,-0.003569166,-0.0013856097,0.006143961,-0.002726836,0.009951789
ATAC_MRPS31,-0.00091342634,-0.002195106,-0.0013761553,0.39414644,-0.0058202385,0.14103237,-0.0074867513,-0.003928487,0.36778557,-0.004890913,-0.0027487054,-0.003569166,-0.0013856097,0.006143961,-0.002726836,0.009951789
ATAC_MRTFB,-0.00091342634,-0.002195106,-0.0013761553,0.39414644,-0.0058202385,0.14103237,-0.0074867513,-0.003928487,0.36778557,-0.004890913,-0.0027487054,-0.003569166,-0.0013856097,0.006143961,-0.002726836,0.009951789
ATAC_MS4A1,-0.00091342634,-0.002195106,-0.0013761553,0.39414644,-0.0058202385,0.14103237,-0.0074867513,-0.003928487,0.36778557,-0.004890913,-0.0027487054,-0.003569166,-0.0013856097,0.006143961,-0.002726836,0.009951789
ATAC_MSANTD3,-0.0009135421,-0.0022080617,-0.0013720015,0.39575776,-0.005813018,0.14210084,-0.007478076,-0.0039368575,0.36779514,-0.004884249,-0.002739306,-0.0035650944,-0.0013904031,0.0051751323,-0.002717944,0.0094941445
ATAC_MSC-AS1,-0.00090060284,-0.0021859615,-0.0013736775,0.39466858,-0.0058163595,0.14081423,-0.0074975365,-0.003940663,0.36631808,-0.0048859417,-0.0027386534,-0.0035770868,-0.0013825794,0.007459659,-0.0027408812,0.010555837
ATAC_MSTO1,-0.00091342634,-0.002195106,-0.0013761553,0.39414644,-0.0058202385,0.14103237,-0.0074867513,-0.003928487,0.36778557,-0.004890913,-0.0027487054,-0.003569166,-0.0013856097,0.006143961,-0.002726836,0.009951789
ATAC_MTA3,-0.00091342634,-0.002195106,-0.0013761553,0.39414644,-0.0058202385,0.14103237,-0.0074867513,-0.003928487,0.36778557,-0.004890913,-0.0027487054,-0.003569166,-0.0013856097,0.006143961,-0.002726836,0.009951789
ATAC_MTERF1,-0.00091342634,-0.002195106,-0.0013761553,0.39414644,-0.0058202385,0.14103237,-0.0074867513,-0.003928487,0.36778557,-0.004890913,-0.0027487054,-0.003569166,-0.0013856097,0.006143961,-0.002726836,0.009951789
ATAC_MTFMT,-0.00091342634,-0.002195106,-0.0013761553,0.39414644,-0.0058202385,0.14103237,-0.0074867513,-0.003928487,0.36778557,-0.004890913,-0.0027487054,-0.003569166,-0.0013856097,0.006143961,-0.002726836,0.009951789
ATAC_MTFP1,-0.00091313204,-0.00218461,-0.0013683323,0.39456627,-0.0058158515,0.14077714,-0.007497758,-0.00393405,0.36888403,-0.004894636,-0.0027428481,-0.0035804021,-0.0013963705,0.005575601,-0.0027183588,0.00907338
ATAC_MTHFD2,-0.00091342634,-0.002195106,-0.0013761553,0.39414644,-0.0058202385,0.14103237,-0.0074867513,-0.003928487,0.36778557,-0.004890913,-0.0027487054,-0.003569166,-0.0013856097,0.006143961,-0.002726836,0.009951789
ATAC_MTMR2,-0.00091862923,-0.002184325,-0.0013677159,0.39408308,-0.005820053,0.14102049,-0.007497943,-0.003925711,0.3681443,-0.004899566,-0.0027374309,-0.0035677014,-0.001379017,0.0056503154,-0.0027175313,0.008917589
ATAC_MTMR8,-0.00091342634,-0.002195106,-0.0013761553,0.39414644,-0.0058202385,0.14103237,-0.0074867513,-0.003928487,0.36778557,-0.004890913,-0.0027487054,-0.003569166,-0.0013856097,0.006143961,-0.002726836,0.009951789
ATAC_MTSS1,-0.00090484787,-0.002184796,-0.0013784906,0.39315325,-0.005834414,0.1424862,-0.007478104,-0.003930777,0.36791587,-0.004890844,-0.0027593093,-0.0035702127,-0.0013728929,0.0052173175,-0.00273646,0.008602146
ATAC_MUC17,-0.00089599687,-0.0021817165,-0.0013640422,0.3956078,-0.005809909,0.14328994,-0.0074903523,-0.0039212154,0.36577544,-0.0048855417,-0.0027356779,-0.0035886306,-0.0013670613,0.0050398745,-0.0027420844,0.008148123
ATAC_MUS81,-0.00091342634,-0.002195106,-0.0013761553,0.39414644,-0.0058202385,0.14103237,-0.0074867513,-0.003928487,0.36778557,-0.004890913,-0.0027487054,-0.003569166,-0.0013856097,0.006143961,-0.002726836,0.009951789
ATAC_MUTYH,-0.00091342634,-0.002195106,-0.0013761553,0.39414644,-0.0058202385,0.14103237,-0.0074867513,-0.003928487,0.36778557,-0.004890913,-0.0027487054,-0.003569166,-0.0013856097,0.006143961,-0.002726836,0.009951789
ATAC_MYBL1,-0.00091342634,-0.002195106,-0.0013761553,0.39414644,-0.0058202385,0.14103237,-0.0074867513,-0.003928487,0.36778557,-0.004890913,-0.0027487054,-0.003569166,-0.0013856097,0.006143961,-0.002726836,0.009951789
ATAC_MYO1D,-0.00091342634,-0.002195106,-0.0013761553,0.39414644,-0.0058202385,0.14103237,-0.0074867513,-0.003928487,0.36778557,-0.004890913,-0.0027487054,-0.003569166,-0.0013856097,0.006143961,-0.002726836,0.009951789
ATAC_MYO5B,-0.00091342634,-0.002195106,-0.0013761553,0.39414644,-0.0058202385,0.14103237,-0.0074867513,-0.003928487,0.36778557,-0.004890913,-0.0027487054,-0.003569166,-0.0013856097,0.006143961,-0.002726836,0.009951789
ATAC_MYO6,-0.00091342634,-0.002195106,-0.0013761553,0.39414644,-0.0058202385,0.14103237,-0.0074867513,-0.003928487,0.36778557,-0.004890913,-0.0027487054,-0.003569166,-0.0013856097,0.006143961,-0.002726836,0.009951789
ATAC_MYRF,-0.00091342634,-0.002195106,-0.0013761553,0.39414644,-0.0058202385,0.14103237,-0.0074867513,-0.003928487,0.36778557,-0.004890913,-0.0027487054,-0.003569166,-0.0013856097,0.006143961,-0.002726836,0.009951789
ATAC_MZB1,-0.00091342634,-0.002195106,-0.0013761553,0.39414644,-0.0058202385,0.14103237,-0.0074867513,-0.003928487,0.36778557,-0.004890913,-0.0027487054,-0.003569166,-0.0013856097,0.006143961,-0.002726836,0.009951789
ATAC_NAP1L2,-0.00091342634,-0.002195106,-0.0013761553,0.39414644,-0.0058202385,0.14103237,-0.0074867513,-0.003928487,0.36778557,-0.004890913,-0.0027487054,-0.003569166,-0.0013856097,0.006143961,-0.002726836,0.009951789
ATAC_NARS2,-0.00091342634,-0.002195106,-0.0013761553,0.39414644,-0.0058202385,0.14103237,-0.0074867513,-0.003928487,0.36778557,-0.004890913,-0.0027487054,-0.003569166,-0.0013856097,0.006143961,-0.002726836,0.009951789
ATAC_NAV3,-0.00091342634,-0.002195106,-0.0013761553,0.39414644,-0.0058202385,0.14103237,-0.0074867513,-0.003928487,0.36778557,-0.004890913,-0.0027487054,-0.003569166,-0.0013856097,0.006143961,-0.002726836,0.009951789
ATAC_NBDY,-0.00091342634,-0.002195106,-0.0013761553,0.39414644,-0.0058202385,0.14103237,-0.0074867513,-0.003928487,0.36778557,-0.004890913,-0.0027487054,-0.003569166,-0.0013856097,0.006143961,-0.002726836,0.009951789
ATAC_NBEA,-0.00091342634,-0.002195106,-0.0013761553,0.39414644,-0.0058202385,0.14103237,-0.0074867513,-0.003928487,0.36778557,-0.004890913,-0.0027487054,-0.003569166,-0.0013856097,0.006143961,-0.002726836,0.009951789
ATAC_NBEAL2,-0.00091342634,-0.002195106,-0.0013761553,0.39414644,-0.0058202385,0.14103237,-0.0074867513,-0.003928487,0.36778557,-0.004890913,-0.0027487054,-0.003569166,-0.0013856097,0.006143961,-0.002726836,0.009951789
ATAC_NCALD,-0.00091862923,-0.002184325,-0.0013677159,0.39408308,-0.005820053,0.14102049,-0.007497943,-0.003925711,0.3681443,-0.004899566,-0.0027374309,-0.0035677014,-0.001379017,0.0056503154,-0.0027175313,0.008917589
ATAC_NCAM1,-0.00090060284,-0.0021859615,-0.0013736775,0.39466858,-0.0058163595,0.14081423,-0.0074975365,-0.003940663,0.36631808,-0.0048859417,-0.0027386534,-0.0035770868,-0.0013825794,0.007459659,-0.0027408812,0.010555837
ATAC_NCAM2,-0.0023729303,-0.003422901,0.020272553,0.21368319,-0.004244879,0.13477245,-0.0059964526,-0.0022090098,0.2692378,-0.0042093843,-0.0045897705,-0.0017857387,-0.0032940859,0.10665566,-0.0036105216,0.17494681
ATAC_NCAPG2,-0.00091342634,-0.002195106,-0.0013761553,0.39414644,-0.0058202385,0.14103237,-0.0074867513,-0.003928487,0.36778557,-0.004890913,-0.0027487054,-0.003569166,-0.0013856097,0.006143961,-0.002726836,0.009951789
ATAC_NCK1-DT,-0.00091342634,-0.002195106,-0.0013761553,0.39414644,-0.0058202385,0.14103237,-0.0074867513,-0.003928487,0.36778557,-0.004890913,-0.0027487054,-0.003569166,-0.0013856097,0.006143961,-0.002726836,0.009951789
ATAC_NCR1,-0.00091342634,-0.002195106,-0.0013761553,0.39414644,-0.0058202385,0.14103237,-0.0074867513,-0.003928487,0.36778557,-0.004890913,-0.0027487054,-0.003569166,-0.0013856097,0.006143961,-0.002726836,0.009951789
ATAC_NCR2,-0.00091342634,-0.002195106,-0.0013761553,0.39414644,-0.0058202385,0.14103237,-0.0074867513,-0.003928487,0.36778557,-0.004890913,-0.0027487054,-0.003569166,-0.0013856097,0.006143961,-0.002726836,0.009951789
ATAC_NCR3,-0.00091342634,-0.002195106,-0.0013761553,0.39414644,-0.0058202385,0.14103237,-0.0074867513,-0.003928487,0.36778557,-0.004890913,-0.0027487054,-0.003569166,-0.0013856097,0.006143961,-0.002726836,0.009951789
ATAC_NDC1,-0.00091342634,-0.002195106,-0.0013761553,0.39414644,-0.0058202385,0.14103237,-0.0074867513,-0.003928487,0.36778557,-0.004890913,-0.0027487054,-0.003569166,-0.0013856097,0.006143961,-0.002726836,0.009951789
ATAC_NDE1,-0.00091342634,-0.002195106,-0.0013761553,0.39414644,-0.0058202385,0.14103237,-0.0074867513,-0.003928487,0.36778557,-0.004890913,-0.0027487054,-0.003569166,-0.0013856097,0.006143961,-0.002726836,0.009951789
ATAC_NDFIP2-AS1,-0.00091342634,-0.002195106,-0.0013761553,0.39414644,-0.0058202385,0.14103237,-0.0074867513,-0.003928487,0.36778557,-0.004890913,-0.0027487054,-0.003569166,-0.0013856097,0.006143961,-0.002726836,0.009951789
ATAC_NDST1-AS1,-0.00091342634,-0.002195106,-0.0013761553,0.39414644,-0.0058202385,0.14103237,-0.0074867513,-0.003928487,0.36778557,-0.004890913,-0.0027487054,-0.003569166,-0.0013856097,0.006143961,-0.002726836,0.009951789
ATAC_NDUFB2-AS1,-0.00091635366,-0.0021881687,-0.0013664626,0.39525148,-0.0058228243,0.14062434,-0.0074972115,-0.0039223186,0.3670534,-0.004881518,-0.0027597616,-0.0035587703,-0.0013818975,0.0076893307,-0.002721844,0.010411877
ATAC_NDUFV2-AS1,-0.00091819797,-0.0021889585,-0.0013668583,0.39434472,-0.005821185,0.14086138,-0.0074942205,-0.0039296374,0.36836207,-0.0048930002,-0.0027494691,-0.0035737788,-0.0013920319,0.0061419643,-0.0027187946,0.009251136
ATAC_NECTIN4,-0.00091342634,-0.002195106,-0.0013761553,0.39414644,-0.0058202385,0.14103237,-0.0074867513,-0.003928487,0.36778557,-0.004890913,-0.0027487054,-0.003569166,-0.0013856097,0.006143961,-0.002726836,0.009951789
ATAC_NEIL1,-0.00091635366,-0.0021881687,-0.0013664626,0.39525148,-0.0058228243,0.14062434,-0.0074972115,-0.0039223186,0.3670534,-0.004881518,-0.0027597616,-0.0035587703,-0.0013818975,0.0076893307,-0.002721844,0.010411877
ATAC_NEO1,-0.0014318001,-0.0022786153,-0.0018577307,0.45017463,-0.0062076687,0.14975047,-0.0076045166,-0.0033568603,0.33233684,-0.0046963654,-0.0023686404,-0.0032848548,-0.0010774499,-0.00040442185,-0.0030894058,-0.0005346208
ATAC_NEURL4,-0.00091862923,-0.002184325,-0.0013677159,0.39408308,-0.005820053,0.14102049,-0.007497943,-0.003925711,0.3681443,-0.004899566,-0.0027374309,-0.0035677014,-0.001379017,0.0056503154,-0.0027175313,0.008917589
ATAC_NEUROG3,-0.0009166126,-0.0021878944,-0.0013666927,0.39522043,-0.00582268,0.14064637,-0.0074973367,-0.0039222217,0.367077,-0.0048817266,-0.0027597058,-0.0035589172,-0.0013817864,0.0077115595,-0.0027220177,0.010434013
ATAC_NEXMIF,-0.00091342634,-0.002195106,-0.0013761553,0.39414644,-0.0058202385,0.14103237,-0.0074867513,-0.003928487,0.36778557,-0.004890913,-0.0027487054,-0.003569166,-0.0013856097,0.006143961,-0.002726836,0.009951789
ATAC_NFATC1,-0.00091342634,-0.002195106,-0.0013761553,0.39414644,-0.0058202385,0.14103237,-0.0074867513,-0.003928487,0.36778557,-0.004890913,-0.0027487054,-0.003569166,-0.0013856097,0.006143961,-0.002726836,0.009951789
ATAC_NFIA,0.01529941,-0.0029777747,-0.002779127,0.12968703,-0.0081769675,0.064344466,-0.006527795,-0.0014904777,0.49352762,-0.0029705588,-0.0032849973,-0.0012937884,-0.0011492718,-0.00037872704,0.013717353,0.05942204
ATAC_NGFR,-0.00092695403,-0.0021840034,-0.001375296,0.3932239,-0.0058267377,0.14084363,-0.007490482,-0.003932526,0.36927596,-0.0049041105,-0.0027367505,-0.0035702665,-0.001385204,0.0068804733,-0.0027055144,0.009918964
ATAC_NHLRC1,-0.00090771663,-0.002188174,-0.0013804153,0.39317083,-0.0058321594,0.14202403,-0.0074782907,-0.0039347513,0.36797678,-0.0048902864,-0.0027565043,-0.0035701704,-0.0013750436,0.005133096,-0.0027345177,0.008900557
ATAC_NIBAN1,-0.00091342634,-0.002195106,-0.0013761553,0.39414644,-0.0058202385,0.14103237,-0.0074867513,-0.003928487,0.36778557,-0.004890913,-0.0027487054,-0.003569166,-0.0013856097,0.006143961,-0.002726836,0.009951789
ATAC_NIBAN3,-0.00088990096,-0.0016303355,-0.0012965231,0.40575373,-0.0038952865,0.15146111,-0.00510286,-0.006077687,0.1332844,-0.0030100376,-0.00068197056,-0.002717577,-6.387189e-05,0.16581057,-0.0036675644,0.06364943
ATAC_NIFK-AS1,-0.00091342634,-0.002195106,-0.0013761553,0.39414644,-0.0058202385,0.14103237,-0.0074867513,-0.003928487,0.36778557,-0.004890913,-0.0027487054,-0.003569166,-0.0013856097,0.006143961,-0.002726836,0.009951789
ATAC_NIPA1,-0.00091342634,-0.002195106,-0.0013761553,0.39414644,-0.0058202385,0.14103237,-0.0074867513,-0.003928487,0.36778557,-0.004890913,-0.0027487054,-0.003569166,-0.0013856097,0.006143961,-0.002726836,0.009951789
ATAC_NIPAL3,-0.00091342634,-0.002195106,-0.0013761553,0.39414644,-0.0058202385,0.14103237,-0.0074867513,-0.003928487,0.36778557,-0.004890913,-0.0027487054,-0.003569166,-0.0013856097,0.006143961,-0.002726836,0.009951789
ATAC_NKAIN2,-0.00091378647,-0.0021970277,-0.0013782722,0.39412314,-0.005820528,0.14106952,-0.0074844663,-0.0039293924,0.36785668,-0.004888715,-0.0027467292,-0.0035714072,-0.0013842476,0.0061832257,-0.0027291193,0.009709898
ATAC_NKD1,-0.00091635366,-0.0021881687,-0.0013664626,0.39525148,-0.0058228243,0.14062434,-0.0074972115,-0.0039223186,0.3670534,-0.004881518,-0.0027597616,-0.0035587703,-0.0013818975,0.0076893307,-0.002721844,0.010411877
ATAC_NKG7,-0.00091342634,-0.002195106,-0.0013761553,0.39414644,-0.0058202385,0.14103237,-0.0074867513,-0.003928487,0.36778557,-0.004890913,-0.0027487054,-0.003569166,-0.0013856097,0.006143961,-0.002726836,0.009951789
ATAC_NKX6-3,-0.00091342634,-0.002195106,-0.0013761553,0.39414644,-0.0058202385,0.14103237,-0.0074867513,-0.003928487,0.36778557,-0.004890913,-0.0027487054,-0.003569166,-0.0013856097,0.006143961,-0.002726836,0.009951789
ATAC_NLRC3,-0.00088990096,-0.0016303355,-0.0012965231,0.40575373,-0.0038952865,0.15146111,-0.00510286,-0.006077687,0.1332844,-0.0030100376,-0.00068197056,-0.002717577,-6.387189e-05,0.16581057,-0.0036675644,0.06364943
ATAC_NLRP2,-0.00091342634,-0.002195106,-0.0013761553,0.39414644,-0.0058202385,0.14103237,-0.0074867513,-0.003928487,0.36778557,-0.004890913,-0.0027487054,-0.003569166,-0.0013856097,0.006143961,-0.002726836,0.009951789
ATAC_NLRP7,-0.00091342634,-0.002195106,-0.0013761553,0.39414644,-0.0058202385,0.14103237,-0.0074867513,-0.003928487,0.36778557,-0.004890913,-0.0027487054,-0.003569166,-0.0013856097,0.006143961,-0.002726836,0.009951789
ATAC_NME7,-0.00091342634,-0.002195106,-0.0013761553,0.39414644,-0.0058202385,0.14103237,-0.0074867513,-0.003928487,0.36778557,-0.004890913,-0.0027487054,-0.003569166,-0.0013856097,0.006143961,-0.002726836,0.009951789
ATAC_NMT2,-0.00091342634,-0.002195106,-0.0013761553,0.39414644,-0.0058202385,0.14103237,-0.0074867513,-0.003928487,0.36778557,-0.004890913,-0.0027487054,-0.003569166,-0.0013856097,0.006143961,-0.002726836,0.009951789
ATAC_NMUR1,-0.00090771663,-0.002188174,-0.0013804153,0.39317083,-0.0058321594,0.14202403,-0.0074782907,-0.0039347513,0.36797678,-0.0048902864,-0.0027565043,-0.0035701704,-0.0013750436,0.005133096,-0.0027345177,0.008900557
ATAC_NOG,-0.00089599687,-0.0021817165,-0.0013640422,0.3956078,-0.005809909,0.14328994,-0.0074903523,-0.0039212154,0.36577544,-0.0048855417,-0.0027356779,-0.0035886306,-0.0013670613,0.0050398745,-0.0027420844,0.008148123
ATAC_NOL4L,-0.00091342634,-0.002195106,-0.0013761553,0.39414644,-0.0058202385,0.14103237,-0.0074867513,-0.003928487,0.36778557,-0.004890913,-0.0027487054,-0.003569166,-0.0013856097,0.006143961,-0.002726836,0.009951789
ATAC_NOL8,-0.00091342634,-0.002195106,-0.0013761553,0.39414644,-0.0058202385,0.14103237,-0.0074867513,-0.003928487,0.36778557,-0.004890913,-0.0027487054,-0.003569166,-0.0013856097,0.006143961,-0.002726836,0.009951789
ATAC_NOTCH2NLB,-0.00091342634,-0.002195106,-0.0013761553,0.39414644,-0.0058202385,0.14103237,-0.0074867513,-0.003928487,0.36778557,-0.004890913,-0.0027487054,-0.003569166,-0.0013856097,0.006143961,-0.002726836,0.009951789
ATAC_NPAS1,-0.00091342634,-0.002195106,-0.0013761553,0.39414644,-0.0058202385,0.14103237,-0.0074867513,-0.003928487,0.36778557,-0.004890913,-0.0027487054,-0.003569166,-0.0013856097,0.006143961,-0.002726836,0.009951789
ATAC_NPAT,-0.0008068117,-0.0024243607,-0.0006480862,0.40347397,-0.0054449267,0.21855581,-0.006522894,-0.003586409,0.33322683,-0.0041442597,-0.0022412648,-0.0033418403,-0.0012516238,-0.0005681758,-0.0018777698,0.009755332
ATAC_NPEPL1,-0.00091342634,-0.002195106,-0.0013761553,0.39414644,-0.0058202385,0.14103237,-0.0074867513,-0.003928487,0.36778557,-0.004890913,-0.0027487054,-0.003569166,-0.0013856097,0.006143961,-0.002726836,0.009951789
ATAC_NPHP1,-0.00091342634,-0.002195106,-0.0013761553,0.39414644,-0.0058202385,0.14103237,-0.0074867513,-0.003928487,0.36778557,-0.004890913,-0.0027487054,-0.003569166,-0.0013856097,0.006143961,-0.002726836,0.009951789
ATAC_NPIPB4,-0.00091342634,-0.002195106,-0.0013761553,0.39414644,-0.0058202385,0.14103237,-0.0074867513,-0.003928487,0.36778557,-0.004890913,-0.0027487054,-0.003569166,-0.0013856097,0.006143961,-0.002726836,0.009951789
ATAC_NPR1,-0.00091342634,-0.002195106,-0.0013761553,0.39414644,-0.0058202385,0.14103237,-0.0074867513,-0.003928487,0.36778557,-0.004890913,-0.0027487054,-0.003569166,-0.0013856097,0.006143961,-0.002726836,0.009951789
ATAC_NPR2,-0.00091342634,-0.002195106,-0.0013761553,0.39414644,-0.0058202385,0.14103237,-0.0074867513,-0.003928487,0.36778557,-0.004890913,-0.0027487054,-0.003569166,-0.0013856097,0.006143961,-0.002726836,0.009951789
ATAC_NPRL2,-0.00091342634,-0.002195106,-0.0013761553,0.39414644,-0.0058202385,0.14103237,-0.0074867513,-0.003928487,0.36778557,-0.004890913,-0.0027487054,-0.003569166,-0.0013856097,0.006143961,-0.002726836,0.009951789
ATAC_NPTX2,-0.00091342634,-0.002195106,-0.0013761553,0.39414644,-0.0058202385,0.14103237,-0.0074867513,-0.003928487,0.36778557,-0.004890913,-0.0027487054,-0.003569166,-0.0013856097,0.006143961,-0.002726836,0.009951789
ATAC_NPTXR,0.01529941,-0.0029777747,-0.002779127,0.12968703,-0.0081769675,0.064344466,-0.006527795,-0.0014904777,0.49352762,-0.0029705588,-0.0032849973,-0.0012937884,-0.0011492718,-0.00037872704,0.013717353,0.05942204
ATAC_NR3C2,-0.00091342634,-0.002195106,-0.0013761553,0.39414644,-0.0058202385,0.14103237,-0.0074867513,-0.003928487,0.36778557,-0.004890913,-0.0027487054,-0.003569166,-0.0013856097,0.006143961,-0.002726836,0.009951789
ATAC_NRCAM,-0.00091342634,-0.002195106,-0.0013761553,0.39414644,-0.0058202385,0.14103237,-0.0074867513,-0.003928487,0.36778557,-0.004890913,-0.0027487054,-0.003569166,-0.0013856097,0.006143961,-0.002726836,0.009951789
ATAC_NRG2,-0.00091342634,-0.002195106,-0.0013761553,0.39414644,-0.0058202385,0.14103237,-0.0074867513,-0.003928487,0.36778557,-0.004890913,-0.0027487054,-0.003569166,-0.0013856097,0.006143961,-0.002726836,0.009951789
ATAC_NRN1L,-0.00091342634,-0.002195106,-0.0013761553,0.39414644,-0.0058202385,0.14103237,-0.0074867513,-0.003928487,0.36778557,-0.004890913,-0.0027487054,-0.003569166,-0.0013856097,0.006143961,-0.002726836,0.009951789
ATAC_NRTN,-0.00091342634,-0.002195106,-0.0013761553,0.39414644,-0.0058202385,0.14103237,-0.0074867513,-0.003928487,0.36778557,-0.004890913,-0.0027487054,-0.003569166,-0.0013856097,0.006143961,-0.002726836,0.009951789
ATAC_NSD2,-0.00091342634,-0.002195106,-0.0013761553,0.39414644,-0.0058202385,0.14103237,-0.0074867513,-0.003928487,0.36778557,-0.004890913,-0.0027487054,-0.003569166,-0.0013856097,0.006143961,-0.002726836,0.009951789
ATAC_NSUN6,-0.00091342634,-0.002195106,-0.0013761553,0.39414644,-0.0058202385,0.14103237,-0.0074867513,-0.003928487,0.36778557,-0.004890913,-0.0027487054,-0.003569166,-0.0013856097,0.006143961,-0.002726836,0.009951789
ATAC_NT5M,-0.00088990096,-0.0016303355,-0.0012965231,0.40575373,-0.0038952865,0.15146111,-0.00510286,-0.006077687,0.1332844,-0.0030100376,-0.00068197056,-0.002717577,-6.387189e-05,0.16581057,-0.0036675644,0.06364943
ATAC_NTNG1,-0.00091342634,-0.002195106,-0.0013761553,0.39414644,-0.0058202385,0.14103237,-0.0074867513,-0.003928487,0.36778557,-0.004890913,-0.0027487054,-0.003569166,-0.0013856097,0.006143961,-0.002726836,0.009951789
ATAC_NTRK1,-0.00091342634,-0.002195106,-0.0013761553,0.39414644,-0.0058202385,0.14103237,-0.0074867513,-0.003928487,0.36778557,-0.004890913,-0.0027487054,-0.003569166,-0.0013856097,0.006143961,-0.002726836,0.009951789
ATAC_NTRK2,-0.0008068117,-0.0024243607,-0.0006480862,0.40347397,-0.0054449267,0.21855581,-0.006522894,-0.003586409,0.33322683,-0.0041442597,-0.0022412648,-0.0033418403,-0.0012516238,-0.0005681758,-0.0018777698,0.009755332
ATAC_NUAK1,-0.00091342634,-0.002195106,-0.0013761553,0.39414644,-0.0058202385,0.14103237,-0.0074867513,-0.003928487,0.36778557,-0.004890913,-0.0027487054,-0.003569166,-0.0013856097,0.006143961,-0.002726836,0.009951789
ATAC_NUP205,-8.560076e-05,-0.0014242387,-0.0021895121,0.4376525,-0.0050953436,0.16704933,-0.007072227,-0.0036565338,0.39033255,-0.005482762,-0.002625306,-0.0033882612,-0.00043797973,-0.00040265324,-0.0020461916,-0.00060364936
ATAC_NUP210L,-0.00091342634,-0.002195106,-0.0013761553,0.39414644,-0.0058202385,0.14103237,-0.0074867513,-0.003928487,0.36778557,-0.004890913,-0.0027487054,-0.003569166,-0.0013856097,0.006143961,-0.002726836,0.009951789
ATAC_NVL,-0.00091342634,-0.002195106,-0.0013761553,0.39414644,-0.0058202385,0.14103237,-0.0074867513,-0.003928487,0.36778557,-0.004890913,-0.0027487054,-0.003569166,-0.0013856097,0.006143961,-0.002726836,0.009951789
ATAC_NYAP1,-0.0009136853,-0.0021948314,-0.0013763853,0.3941154,-0.005820094,0.14105439,-0.0074868766,-0.003928391,0.36780918,-0.0048911218,-0.0027486496,-0.0035693129,-0.0013854988,0.00616619,-0.0027270096,0.009973925
ATAC_OAT,-0.00090060284,-0.0021859615,-0.0013736775,0.39466858,-0.0058163595,0.14081423,-0.0074975365,-0.003940663,0.36631808,-0.0048859417,-0.0027386534,-0.0035770868,-0.0013825794,0.007459659,-0.0027408812,0.010555837
ATAC_OBSCN-AS1,-0.0009098672,-0.00219161,-0.0013707265,0.39382136,-0.005827534,0.14246072,-0.0074932175,-0.003914781,0.3680889,-0.0048958748,-0.0027619717,-0.003560803,-0.0013885718,0.005742822,-0.0027221176,0.010556448
ATAC_OCA2,-0.0014318001,-0.0022786153,-0.0018577307,0.45017463,-0.0062076687,0.14975047,-0.0076045166,-0.0033568603,0.33233684,-0.0046963654,-0.0023686404,-0.0032848548,-0.0010774499,-0.00040442185,-0.0030894058,-0.0005346208
ATAC_OCIAD2,-0.00091049826,-0.0022058145,-0.0013627874,0.39363855,-0.005806047,0.14219266,-0.0074937646,-0.00393507,0.36650893,-0.004880987,-0.0027573556,-0.003571102,-0.0013939275,0.0068475045,-0.0027215001,0.008486409
ATAC_OGDHL,-0.00091342634,-0.002195106,-0.0013761553,0.39414644,-0.0058202385,0.14103237,-0.0074867513,-0.003928487,0.36778557,-0.004890913,-0.0027487054,-0.003569166,-0.0013856097,0.006143961,-0.002726836,0.009951789
ATAC_OLMALINC,-0.00091342634,-0.002195106,-0.0013761553,0.39414644,-0.0058202385,0.14103237,-0.0074867513,-0.003928487,0.36778557,-0.004890913,-0.0027487054,-0.003569166,-0.0013856097,0.006143961,-0.002726836,0.009951789
ATAC_ONECUT1,-0.00089599687,-0.0021817165,-0.0013640422,0.3956078,-0.005809909,0.14328994,-0.0074903523,-0.0039212154,0.36577544,-0.0048855417,-0.0027356779,-0.0035886306,-0.0013670613,0.0050398745,-0.0027420844,0.008148123
ATAC_OPTN,-0.00091342634,-0.002195106,-0.0013761553,0.39414644,-0.0058202385,0.14103237,-0.0074867513,-0.003928487,0.36778557,-0.004890913,-0.0027487054,-0.003569166,-0.0013856097,0.006143961,-0.002726836,0.009951789
ATAC_OR2AG2,-0.00091342634,-0.002195106,-0.0013761553,0.39414644,-0.0058202385,0.14103237,-0.0074867513,-0.003928487,0.36778557,-0.004890913,-0.0027487054,-0.003569166,-0.0013856097,0.006143961,-0.002726836,0.009951789
ATAC_ORC2,-0.00091819797,-0.0021889585,-0.0013668583,0.39434472,-0.005821185,0.14086138,-0.0074942205,-0.0039296374,0.36836207,-0.0048930002,-0.0027494691,-0.0035737788,-0.0013920319,0.0061419643,-0.0027187946,0.009251136
ATAC_ORM2,-0.00091378647,-0.0021970277,-0.0013782722,0.39412314,-0.005820528,0.14106952,-0.0074844663,-0.0039293924,0.36785668,-0.004888715,-0.0027467292,-0.0035714072,-0.0013842476,0.0061832257,-0.0027291193,0.009709898
ATAC_OSBPL3,-0.00091342634,-0.002195106,-0.0013761553,0.39414644,-0.0058202385,0.14103237,-0.0074867513,-0.003928487,0.36778557,-0.004890913,-0.0027487054,-0.003569166,-0.0013856097,0.006143961,-0.002726836,0.009951789
ATAC_OSBPL7,-0.00091635366,-0.0021881687,-0.0013664626,0.39525148,-0.0058228243,0.14062434,-0.0074972115,-0.0039223186,0.3670534,-0.004881518,-0.0027597616,-0.0035587703,-0.0013818975,0.0076893307,-0.002721844,0.010411877
ATAC_OSER1-DT,-0.0009335447,-0.0021758785,-0.0013949298,0.3960004,-0.0058335555,0.14248018,-0.007496143,-0.003922221,0.36949682,-0.004910254,-0.0027642637,-0.0035727876,-0.0013787244,0.0051339306,-0.0027433294,0.008543003
ATAC_OTUD6B-AS1,-0.00091342634,-0.002195106,-0.0013761553,0.39414644,-0.0058202385,0.14103237,-0.0074867513,-0.003928487,0.36778557,-0.004890913,-0.0027487054,-0.003569166,-0.0013856097,0.006143961,-0.002726836,0.009951789
ATAC_OTUD7B,-0.00091342634,-0.002195106,-0.0013761553,0.39414644,-0.0058202385,0.14103237,-0.0074867513,-0.003928487,0.36778557,-0.004890913,-0.0027487054,-0.003569166,-0.0013856097,0.006143961,-0.002726836,0.009951789
ATAC_OVCH1-AS1,-0.0014318001,-0.0022786153,-0.0018577307,0.45017463,-0.0062076687,0.14975047,-0.0076045166,-0.0033568603,0.33233684,-0.0046963654,-0.0023686404,-0.0032848548,-0.0010774499,-0.00040442185,-0.0030894058,-0.0005346208
ATAC_OVOL3,-0.00091342634,-0.002195106,-0.0013761553,0.39414644,-0.0058202385,0.14103237,-0.0074867513,-0.003928487,0.36778557,-0.004890913,-0.0027487054,-0.003569166,-0.0013856097,0.006143961,-0.002726836,0.009951789
ATAC_P2RY10,-0.0009335447,-0.0021758785,-0.0013949298,0.3960004,-0.0058335555,0.14248018,-0.007496143,-0.003922221,0.36949682,-0.004910254,-0.0027642637,-0.0035727876,-0.0013787244,0.0051339306,-0.0027433294,0.008543003
ATAC_P2RY11,-0.0009335447,-0.0021758785,-0.0013949298,0.3960004,-0.0058335555,0.14248018,-0.007496143,-0.003922221,0.36949682,-0.004910254,-0.0027642637,-0.0035727876,-0.0013787244,0.0051339306,-0.0027433294,0.008543003
ATAC_P3H2-AS1,-0.00091342634,-0.002195106,-0.0013761553,0.39414644,-0.0058202385,0.14103237,-0.0074867513,-0.003928487,0.36778557,-0.004890913,-0.0027487054,-0.003569166,-0.0013856097,0.006143961,-0.002726836,0.009951789
ATAC_P3H4,-0.00091342634,-0.002195106,-0.0013761553,0.39414644,-0.0058202385,0.14103237,-0.0074867513,-0.003928487,0.36778557,-0.004890913,-0.0027487054,-0.003569166,-0.0013856097,0.006143961,-0.002726836,0.009951789
ATAC_PAFAH2,-0.00091342634,-0.002195106,-0.0013761553,0.39414644,-0.0058202385,0.14103237,-0.0074867513,-0.003928487,0.36778557,-0.004890913,-0.0027487054,-0.003569166,-0.0013856097,0.006143961,-0.002726836,0.009951789
ATAC_PAM,-0.00091342634,-0.002195106,-0.0013761553,0.39414644,-0.0058202385,0.14103237,-0.0074867513,-0.003928487,0.36778557,-0.004890913,-0.0027487054,-0.003569166,-0.0013856097,0.006143961,-0.002726836,0.009951789
ATAC_PANX3,-0.00090771663,-0.002188174,-0.0013804153,0.39317083,-0.0058321594,0.14202403,-0.0074782907,-0.0039347513,0.36797678,-0.0048902864,-0.0027565043,-0.0035701704,-0.0013750436,0.005133096,-0.0027345177,0.008900557
ATAC_PAPOLB,-0.0014318001,-0.0022786153,-0.0018577307,0.45017463,-0.0062076687,0.14975047,-0.0076045166,-0.0033568603,0.33233684,-0.0046963654,-0.0023686404,-0.0032848548,-0.0010774499,-0.00040442185,-0.0030894058,-0.0005346208
ATAC_PARD6B,-0.00091342634,-0.002195106,-0.0013761553,0.39414644,-0.0058202385,0.14103237,-0.0074867513,-0.003928487,0.36778557,-0.004890913,-0.0027487054,-0.003569166,-0.0013856097,0.006143961,-0.002726836,0.009951789
ATAC_PARN,-0.00091342634,-0.002195106,-0.0013761553,0.39414644,-0.0058202385,0.14103237,-0.0074867513,-0.003928487,0.36778557,-0.004890913,-0.0027487054,-0.003569166,-0.0013856097,0.006143961,-0.002726836,0.009951789
ATAC_PARP15,-0.00091342634,-0.002195106,-0.0013761553,0.39414644,-0.0058202385,0.14103237,-0.0074867513,-0.003928487,0.36778557,-0.004890913,-0.0027487054,-0.003569166,-0.0013856097,0.006143961,-0.002726836,0.009951789
ATAC_PARP16,-0.00091342634,-0.002195106,-0.0013761553,0.39414644,-0.0058202385,0.14103237,-0.0074867513,-0.003928487,0.36778557,-0.004890913,-0.0027487054,-0.003569166,-0.0013856097,0.006143961,-0.002726836,0.009951789
ATAC_PATL2,-0.00091342634,-0.002195106,-0.0013761553,0.39414644,-0.0058202385,0.14103237,-0.0074867513,-0.003928487,0.36778557,-0.004890913,-0.0027487054,-0.003569166,-0.0013856097,0.006143961,-0.002726836,0.009951789
ATAC_PAUPAR,-8.596092e-05,-0.0014261609,-0.0021916293,0.4376292,-0.005095633,0.16708647,-0.007069941,-0.0036574386,0.39040366,-0.005480564,-0.0026233296,-0.0033905022,-0.00043661753,-0.0004022606,-0.0020484752,-0.0006060683
ATAC_PAX5,-0.00091342634,-0.002195106,-0.0013761553,0.39414644,-0.0058202385,0.14103237,-0.0074867513,-0.003928487,0.36778557,-0.004890913,-0.0027487054,-0.003569166,-0.0013856097,0.006143961,-0.002726836,0.009951789
ATAC_PAXX,-0.00091342634,-0.002195106,-0.0013761553,0.39414644,-0.0058202385,0.14103237,-0.0074867513,-0.003928487,0.36778557,-0.004890913,-0.0027487054,-0.003569166,-0.0013856097,0.006143961,-0.002726836,0.009951789
ATAC_PBX4,-0.00091342634,-0.002195106,-0.0013761553,0.39414644,-0.0058202385,0.14103237,-0.0074867513,-0.003928487,0.36778557,-0.004890913,-0.0027487054,-0.003569166,-0.0013856097,0.006143961,-0.002726836,0.009951789
ATAC_PCAT1,-0.00091342634,-0.002195106,-0.0013761553,0.39414644,-0.0058202385,0.14103237,-0.0074867513,-0.003928487,0.36778557,-0.004890913,-0.0027487054,-0.003569166,-0.0013856097,0.006143961,-0.002726836,0.009951789
ATAC_PCBP4,-0.00091342634,-0.002195106,-0.0013761553,0.39414644,-0.0058202385,0.14103237,-0.0074867513,-0.003928487,0.36778557,-0.004890913,-0.0027487054,-0.003569166,-0.0013856097,0.006143961,-0.002726836,0.009951789
ATAC_PCDH19,-0.00091342634,-0.002195106,-0.0013761553,0.39414644,-0.0058202385,0.14103237,-0.0074867513,-0.003928487,0.36778557,-0.004890913,-0.0027487054,-0.003569166,-0.0013856097,0.006143961,-0.002726836,0.009951789
ATAC_PCDH9,-0.00091342634,-0.002195106,-0.0013761553,0.39414644,-0.0058202385,0.14103237,-0.0074867513,-0.003928487,0.36778557,-0.004890913,-0.0027487054,-0.003569166,-0.0013856097,0.006143961,-0.002726836,0.009951789
ATAC_PCDHGA10,-0.00091342634,-0.002195106,-0.0013761553,0.39414644,-0.0058202385,0.14103237,-0.0074867513,-0.003928487,0.36778557,-0.004890913,-0.0027487054,-0.003569166,-0.0013856097,0.006143961,-0.002726836,0.009951789
ATAC_PCDHGB2,-0.00064489787,-0.001919418,-0.0012881511,0.38723135,-0.005783969,0.15845251,-0.0072523206,-0.0038227367,0.38154578,-0.0047407774,-0.0025734615,-0.0038787338,-0.0013219821,0.014795952,-0.00290439,-0.00020557788
ATAC_PCDHGC3,-0.00091342634,-0.002195106,-0.0013761553,0.39414644,-0.0058202385,0.14103237,-0.0074867513,-0.003928487,0.36778557,-0.004890913,-0.0027487054,-0.003569166,-0.0013856097,0.006143961,-0.002726836,0.009951789
ATAC_PCNT,-0.0006299046,-0.00086990505,-0.0021812813,0.38032544,-0.0053263893,0.19931287,-0.007627409,-0.004911868,0.33531487,-0.0053343954,-0.0012606112,-0.004592328,-0.0023549108,-0.0008438031,-0.0013815283,0.040636156
ATAC_PCNX3,-0.00091342634,-0.002195106,-0.0013761553,0.39414644,-0.0058202385,0.14103237,-0.0074867513,-0.003928487,0.36778557,-0.004890913,-0.0027487054,-0.003569166,-0.0013856097,0.006143961,-0.002726836,0.009951789
ATAC_PCOTH,-0.00091342634,-0.002195106,-0.0013761553,0.39414644,-0.0058202385,0.14103237,-0.0074867513,-0.003928487,0.36778557,-0.004890913,-0.0027487054,-0.003569166,-0.0013856097,0.006143961,-0.002726836,0.009951789
ATAC_PDCD1,-0.00091342634,-0.002195106,-0.0013761553,0.39414644,-0.0058202385,0.14103237,-0.0074867513,-0.003928487,0.36778557,-0.004890913,-0.0027487054,-0.003569166,-0.0013856097,0.006143961,-0.002726836,0.009951789
ATAC_PDE4D,-0.00091342634,-0.002195106,-0.0013761553,0.39414644,-0.0058202385,0.14103237,-0.0074867513,-0.003928487,0.36778557,-0.004890913,-0.0027487054,-0.003569166,-0.0013856097,0.006143961,-0.002726836,0.009951789
ATAC_PDE5A,-0.00091342634,-0.002195106,-0.0013761553,0.39414644,-0.0058202385,0.14103237,-0.0074867513,-0.003928487,0.36778557,-0.004890913,-0.0027487054,-0.003569166,-0.0013856097,0.006143961,-0.002726836,0.009951789
ATAC_PDE9A,-0.00064489787,-0.001919418,-0.0012881511,0.38723135,-0.005783969,0.15845251,-0.0072523206,-0.0038227367,0.38154578,-0.0047407774,-0.0025734615,-0.0038787338,-0.0013219821,0.014795952,-0.00290439,-0.00020557788
ATAC_PDGFD,-0.0009082048,-0.002194612,-0.0013696823,0.39287388,-0.005827985,0.1409599,-0.007477914,-0.003933105,0.3667086,-0.0049039084,-0.0027468388,-0.0035757017,-0.0013801361,0.006160978,-0.0027209988,0.01049595
ATAC_PDZD4,-0.00091342634,-0.002195106,-0.0013761553,0.39414644,-0.0058202385,0.14103237,-0.0074867513,-0.003928487,0.36778557,-0.004890913,-0.0027487054,-0.003569166,-0.0013856097,0.006143961,-0.002726836,0.009951789
ATAC_PDZK1IP1,-0.00091342634,-0.002195106,-0.0013761553,0.39414644,-0.0058202385,0.14103237,-0.0074867513,-0.003928487,0.36778557,-0.004890913,-0.0027487054,-0.003569166,-0.0013856097,0.006143961,-0.002726836,0.009951789
ATAC_PECR,-0.00091342634,-0.002195106,-0.0013761553,0.39414644,-0.0058202385,0.14103237,-0.0074867513,-0.003928487,0.36778557,-0.004890913,-0.0027487054,-0.003569166,-0.0013856097,0.006143961,-0.002726836,0.009951789
ATAC_PERP,-0.00091576047,-0.0021809468,-0.001365791,0.3940655,-0.0058223084,0.14148268,-0.0074977563,-0.0039217365,0.3680834,-0.004900124,-0.0027402358,-0.0035677445,-0.0013768662,0.005734537,-0.0027194736,0.008619178
ATAC_PEX12,-0.00071925693,-0.0018456789,-0.0014616052,0.36821127,-0.0061785923,0.13799013,-0.00787604,-0.0034936117,0.39128733,-0.0046653086,-0.0027227357,-0.0037831508,-0.0014476858,0.006141443,-0.002794148,0.018656304
ATAC_PFKFB1,-0.00091342634,-0.002195106,-0.0013761553,0.39414644,-0.0058202385,0.14103237,-0.0074867513,-0.003928487,0.36778557,-0.004890913,-0.0027487054,-0.003569166,-0.0013856097,0.006143961,-0.002726836,0.009951789
ATAC_PFKP,-0.0006382295,-0.0008695834,-0.0021888616,0.3794663,-0.0053330744,0.199136,-0.007619948,-0.004918683,0.33644652,-0.00533894,-0.0012599307,-0.0045948927,-0.0023610978,-0.0008315016,-0.0013695114,0.04163753
ATAC_PGAP1,-0.00091342634,-0.002195106,-0.0013761553,0.39414644,-0.0058202385,0.14103237,-0.0074867513,-0.003928487,0.36778557,-0.004890913,-0.0027487054,-0.003569166,-0.0013856097,0.006143961,-0.002726836,0.009951789
ATAC_PGBD4,-0.00091342634,-0.002195106,-0.0013761553,0.39414644,-0.0058202385,0.14103237,-0.0074867513,-0.003928487,0.36778557,-0.004890913,-0.0027487054,-0.003569166,-0.0013856097,0.006143961,-0.002726836,0.009951789
ATAC_PGGHG,-0.00091342634,-0.002195106,-0.0013761553,0.39414644,-0.0058202385,0.14103237,-0.0074867513,-0.003928487,0.36778557,-0.004890913,-0.0027487054,-0.003569166,-0.0013856097,0.006143961,-0.002726836,0.009951789
ATAC_PGM2L1,-0.00091342634,-0.002195106,-0.0013761553,0.39414644,-0.0058202385,0.14103237,-0.0074867513,-0.003928487,0.36778557,-0.004890913,-0.0027487054,-0.003569166,-0.0013856097,0.006143961,-0.002726836,0.009951789
ATAC_PGM5P4-AS1,-0.00091342634,-0.002195106,-0.0013761553,0.39414644,-0.0058202385,0.14103237,-0.0074867513,-0.003928487,0.36778557,-0.004890913,-0.0027487054,-0.003569166,-0.0013856097,0.006143961,-0.002726836,0.009951789
ATAC_PHC1,-0.00071925693,-0.0018456789,-0.0014616052,0.36821127,-0.0061785923,0.13799013,-0.00787604,-0.0034936117,0.39128733,-0.0046653086,-0.0027227357,-0.0037831508,-0.0014476858,0.006141443,-0.002794148,0.018656304
ATAC_PHF1,-0.0009105576,-0.0021917277,-0.0013742306,0.39412886,-0.005822493,0.14149454,-0.007486565,-0.003924513,0.36772466,-0.004891471,-0.0027515104,-0.0035692083,-0.001383459,0.0062281825,-0.0027287782,0.009653378
ATAC_PHF7,-0.00091342634,-0.002195106,-0.0013761553,0.39414644,-0.0058202385,0.14103237,-0.0074867513,-0.003928487,0.36778557,-0.004890913,-0.0027487054,-0.003569166,-0.0013856097,0.006143961,-0.002726836,0.009951789
ATAC_PHLDA3,-0.0009136853,-0.0021948314,-0.0013763853,0.3941154,-0.005820094,0.14105439,-0.0074868766,-0.003928391,0.36780918,-0.0048911218,-0.0027486496,-0.0035693129,-0.0013854988,0.00616619,-0.0027270096,0.009973925
ATAC_PHLDB3,-0.00091342634,-0.002195106,-0.0013761553,0.39414644,-0.0058202385,0.14103237,-0.0074867513,-0.003928487,0.36778557,-0.004890913,-0.0027487054,-0.003569166,-0.0013856097,0.006143961,-0.002726836,0.009951789
ATAC_PHOX2A,-0.00091342634,-0.002195106,-0.0013761553,0.39414644,-0.0058202385,0.14103237,-0.0074867513,-0.003928487,0.36778557,-0.004890913,-0.0027487054,-0.003569166,-0.0013856097,0.006143961,-0.002726836,0.009951789
ATAC_PHYH,-0.00091819797,-0.0021889585,-0.0013668583,0.39434472,-0.005821185,0.14086138,-0.0074942205,-0.0039296374,0.36836207,-0.0048930002,-0.0027494691,-0.0035737788,-0.0013920319,0.0061419643,-0.0027187946,0.009251136
ATAC_PHYHIPL,-0.00091342634,-0.002195106,-0.0013761553,0.39414644,-0.0058202385,0.14103237,-0.0074867513,-0.003928487,0.36778557,-0.004890913,-0.0027487054,-0.003569166,-0.0013856097,0.006143961,-0.002726836,0.009951789
ATAC_PICART1,-0.00091342634,-0.002195106,-0.0013761553,0.39414644,-0.0058202385,0.14103237,-0.0074867513,-0.003928487,0.36778557,-0.004890913,-0.0027487054,-0.003569166,-0.0013856097,0.006143961,-0.002726836,0.009951789
ATAC_PID1,-0.00091342634,-0.002195106,-0.0013761553,0.39414644,-0.0058202385,0.14103237,-0.0074867513,-0.003928487,0.36778557,-0.004890913,-0.0027487054,-0.003569166,-0.0013856097,0.006143961,-0.002726836,0.009951789
ATAC_PIF1,-0.00091342634,-0.002195106,-0.0013761553,0.39414644,-0.0058202385,0.14103237,-0.0074867513,-0.003928487,0.36778557,-0.004890913,-0.0027487054,-0.003569166,-0.0013856097,0.006143961,-0.002726836,0.009951789
ATAC_PIGK,-0.00091342634,-0.002195106,-0.0013761553,0.39414644,-0.0058202385,0.14103237,-0.0074867513,-0.003928487,0.36778557,-0.004890913,-0.0027487054,-0.003569166,-0.0013856097,0.006143961,-0.002726836,0.009951789
ATAC_PIGL,-0.00091276143,-0.0022047418,-0.001371651,0.3952939,-0.005808187,0.14232913,-0.0074750525,-0.0039420263,0.36733,-0.004885167,-0.0027369792,-0.0035663354,-0.0013890138,0.005412314,-0.0027191022,0.009295601
ATAC_PITPNM2,-0.00091342634,-0.002195106,-0.0013761553,0.39414644,-0.0058202385,0.14103237,-0.0074867513,-0.003928487,0.36778557,-0.004890913,-0.0027487054,-0.003569166,-0.0013856097,0.006143961,-0.002726836,0.009951789
ATAC_PKD1,-0.00091342634,-0.002195106,-0.0013761553,0.39414644,-0.0058202385,0.14103237,-0.0074867513,-0.003928487,0.36778557,-0.004890913,-0.0027487054,-0.003569166,-0.0013856097,0.006143961,-0.002726836,0.009951789
ATAC_PKIA,-0.00091342634,-0.002195106,-0.0013761553,0.39414644,-0.0058202385,0.14103237,-0.0074867513,-0.003928487,0.36778557,-0.004890913,-0.0027487054,-0.003569166,-0.0013856097,0.006143961,-0.002726836,0.009951789
ATAC_PLA2G4E-AS1,-0.00091342634,-0.002195106,-0.0013761553,0.39414644,-0.0058202385,0.14103237,-0.0074867513,-0.003928487,0.36778557,-0.004890913,-0.0027487054,-0.003569166,-0.0013856097,0.006143961,-0.002726836,0.009951789
ATAC_PLA2G6,-0.00091342634,-0.002195106,-0.0013761553,0.39414644,-0.0058202385,0.14103237,-0.0074867513,-0.003928487,0.36778557,-0.004890913,-0.0027487054,-0.003569166,-0.0013856097,0.006143961,-0.002726836,0.009951789
ATAC_PLAAT2,-0.00091342634,-0.002195106,-0.0013761553,0.39414644,-0.0058202385,0.14103237,-0.0074867513,-0.003928487,0.36778557,-0.004890913,-0.0027487054,-0.003569166,-0.0013856097,0.006143961,-0.002726836,0.009951789
ATAC_PLAC1,-0.0023729303,-0.003422901,0.020272553,0.21368319,-0.004244879,0.13477245,-0.0059964526,-0.0022090098,0.2692378,-0.0042093843,-0.0045897705,-0.0017857387,-0.0032940859,0.10665566,-0.0036105216,0.17494681
ATAC_PLAUR,-0.00091342634,-0.002195106,-0.0013761553,0.39414644,-0.0058202385,0.14103237,-0.0074867513,-0.003928487,0.36778557,-0.004890913,-0.0027487054,-0.003569166,-0.0013856097,0.006143961,-0.002726836,0.009951789
ATAC_PLCG1,-0.00091342634,-0.002195106,-0.0013761553,0.39414644,-0.0058202385,0.14103237,-0.0074867513,-0.003928487,0.36778557,-0.004890913,-0.0027487054,-0.003569166,-0.0013856097,0.006143961,-0.002726836,0.009951789
ATAC_PLCL1,-0.0009105576,-0.0021917277,-0.0013742306,0.39412886,-0.005822493,0.14149454,-0.007486565,-0.003924513,0.36772466,-0.004891471,-0.0027515104,-0.0035692083,-0.001383459,0.0062281825,-0.0027287782,0.009653378
ATAC_PLCXD2,-0.00091342634,-0.002195106,-0.0013761553,0.39414644,-0.0058202385,0.14103237,-0.0074867513,-0.003928487,0.36778557,-0.004890913,-0.0027487054,-0.003569166,-0.0013856097,0.006143961,-0.002726836,0.009951789
ATAC_PLD5,-0.00091342634,-0.002195106,-0.0013761553,0.39414644,-0.0058202385,0.14103237,-0.0074867513,-0.003928487,0.36778557,-0.004890913,-0.0027487054,-0.003569166,-0.0013856097,0.006143961,-0.002726836,0.009951789
ATAC_PLEKHA1,-0.0009335499,-0.0021758787,-0.0013949346,0.39599982,-0.0058335653,0.14248109,-0.007496147,-0.003922221,0.36949703,-0.0049102465,-0.002764256,-0.0035727953,-0.001378729,0.00513399,-0.0027433229,0.008542556
ATAC_PLEKHA5,-0.00091342634,-0.002195106,-0.0013761553,0.39414644,-0.0058202385,0.14103237,-0.0074867513,-0.003928487,0.36778557,-0.004890913,-0.0027487054,-0.003569166,-0.0013856097,0.006143961,-0.002726836,0.009951789
ATAC_PLEKHF1,-0.00091342634,-0.002195106,-0.0013761553,0.39414644,-0.0058202385,0.14103237,-0.0074867513,-0.003928487,0.36778557,-0.004890913,-0.0027487054,-0.003569166,-0.0013856097,0.006143961,-0.002726836,0.009951789
ATAC_PLEKHG1,-0.00091342634,-0.002195106,-0.0013761553,0.39414644,-0.0058202385,0.14103237,-0.0074867513,-0.003928487,0.36778557,-0.004890913,-0.0027487054,-0.003569166,-0.0013856097,0.006143961,-0.002726836,0.009951789
ATAC_PLGRKT,-0.0009114101,-0.002189941,-0.0013778271,0.39364886,-0.005819851,0.14098313,-0.0074878526,-0.003921317,0.3674783,-0.004897678,-0.002750793,-0.0035762459,-0.0013838566,0.0061594285,-0.0027323263,0.010082323
ATAC_PLPP1,-0.00091342634,-0.002195106,-0.0013761553,0.39414644,-0.0058202385,0.14103237,-0.0074867513,-0.003928487,0.36778557,-0.004890913,-0.0027487054,-0.003569166,-0.0013856097,0.006143961,-0.002726836,0.009951789
ATAC_PLPPR3,-0.0008068117,-0.0024243607,-0.0006480862,0.40347397,-0.0054449267,0.21855581,-0.006522894,-0.003586409,0.33322683,-0.0041442597,-0.0022412648,-0.0033418403,-0.0012516238,-0.0005681758,-0.0018777698,0.009755332
ATAC_PLXDC1,-0.00091342634,-0.002195106,-0.0013761553,0.39414644,-0.0058202385,0.14103237,-0.0074867513,-0.003928487,0.36778557,-0.004890913,-0.0027487054,-0.003569166,-0.0013856097,0.006143961,-0.002726836,0.009951789
ATAC_PLXDC2,-0.0006492365,-0.0019145127,-0.0012772953,0.38631016,-0.0057902345,0.15905233,-0.007250848,-0.003814792,0.3816892,-0.0047306484,-0.002574375,-0.003879917,-0.0013236536,0.015095346,-0.0029046775,-0.00020117329
ATAC_PLXNA3,-0.00091342634,-0.002195106,-0.0013761553,0.39414644,-0.0058202385,0.14103237,-0.0074867513,-0.003928487,0.36778557,-0.004890913,-0.0027487054,-0.003569166,-0.0013856097,0.006143961,-0.002726836,0.009951789
ATAC_PM20D1,-0.0009053249,-0.0021946386,-0.0013674825,0.3924728,-0.0058272444,0.14072618,-0.007482001,-0.0039344714,0.36640117,-0.0049013183,-0.00275076,-0.0035755623,-0.0013831819,0.0061345734,-0.0027236026,0.010074917
ATAC_PMS1,-5.6579036e-05,-0.00028068255,-0.0013211253,0.5283586,-0.0043613594,0.10326435,-0.005304129,-0.0023585195,0.32367596,-0.003354221,-0.002653861,-0.0035238382,-0.0006161558,-0.00013301474,-0.004195477,-0.0013739844
ATAC_PNMT,-0.00091342634,-0.002195106,-0.0013761553,0.39414644,-0.0058202385,0.14103237,-0.0074867513,-0.003928487,0.36778557,-0.004890913,-0.0027487054,-0.003569166,-0.0013856097,0.006143961,-0.002726836,0.009951789
ATAC_PNPLA2,-0.00091342634,-0.002195106,-0.0013761553,0.39414644,-0.0058202385,0.14103237,-0.0074867513,-0.003928487,0.36778557,-0.004890913,-0.0027487054,-0.003569166,-0.0013856097,0.006143961,-0.002726836,0.009951789
ATAC_PNPLA3,-5.6579036e-05,-0.00028068255,-0.0013211253,0.5283586,-0.0043613594,0.10326435,-0.005304129,-0.0023585195,0.32367596,-0.003354221,-0.002653861,-0.0035238382,-0.0006161558,-0.00013301474,-0.004195477,-0.0013739844
ATAC_POC5,-0.00091342634,-0.002195106,-0.0013761553,0.39414644,-0.0058202385,0.14103237,-0.0074867513,-0.003928487,0.36778557,-0.004890913,-0.0027487054,-0.003569166,-0.0013856097,0.006143961,-0.002726836,0.009951789
ATAC_POLR3E,-0.00091342634,-0.002195106,-0.0013761553,0.39414644,-0.0058202385,0.14103237,-0.0074867513,-0.003928487,0.36778557,-0.004890913,-0.0027487054,-0.003569166,-0.0013856097,0.006143961,-0.002726836,0.009951789
ATAC_POMT1,-0.00091342634,-0.002195106,-0.0013761553,0.39414644,-0.0058202385,0.14103237,-0.0074867513,-0.003928487,0.36778557,-0.004890913,-0.0027487054,-0.003569166,-0.0013856097,0.006143961,-0.002726836,0.009951789
ATAC_POT1-AS1,-0.00091819797,-0.0021889585,-0.0013668583,0.39434472,-0.005821185,0.14086138,-0.0074942205,-0.0039296374,0.36836207,-0.0048930002,-0.0027494691,-0.0035737788,-0.0013920319,0.0061419643,-0.0027187946,0.009251136
ATAC_POU3F1,-0.0009098672,-0.00219161,-0.0013707265,0.39382136,-0.005827534,0.14246072,-0.0074932175,-0.003914781,0.3680889,-0.0048958748,-0.0027619717,-0.003560803,-0.0013885718,0.005742822,-0.0027221176,0.010556448
ATAC_POU6F1,-0.00091342634,-0.002195106,-0.0013761553,0.39414644,-0.0058202385,0.14103237,-0.0074867513,-0.003928487,0.36778557,-0.004890913,-0.0027487054,-0.003569166,-0.0013856097,0.006143961,-0.002726836,0.009951789
ATAC_PPIAL4G,-0.0006299046,-0.00086990505,-0.0021812813,0.38032544,-0.0053263893,0.19931287,-0.007627409,-0.004911868,0.33531487,-0.0053343954,-0.0012606112,-0.004592328,-0.0023549108,-0.0008438031,-0.0013815283,0.040636156
ATAC_PPM1E,-0.00064489787,-0.001919418,-0.0012881511,0.38723135,-0.005783969,0.15845251,-0.0072523206,-0.0038227367,0.38154578,-0.0047407774,-0.0025734615,-0.0038787338,-0.0013219821,0.014795952,-0.00290439,-0.00020557788
ATAC_PPM1K-DT,-0.00091342634,-0.002195106,-0.0013761553,0.39414644,-0.0058202385,0.14103237,-0.0074867513,-0.003928487,0.36778557,-0.004890913,-0.0027487054,-0.003569166,-0.0013856097,0.006143961,-0.002726836,0.009951789
ATAC_PPP1R10,-0.0009105464,-0.0021951324,-0.0013739556,0.39374536,-0.005819498,0.14079864,-0.0074908393,-0.0039298534,0.36747813,-0.0048883236,-0.0027526265,-0.003569026,-0.0013886556,0.0061175562,-0.0027294396,0.009530757
ATAC_PPP1R12A-AS1,-0.00091342634,-0.002195106,-0.0013761553,0.39414644,-0.0058202385,0.14103237,-0.0074867513,-0.003928487,0.36778557,-0.004890913,-0.0027487054,-0.003569166,-0.0013856097,0.006143961,-0.002726836,0.009951789
ATAC_PPP1R14B-AS1,-0.00091342634,-0.002195106,-0.0013761553,0.39414644,-0.0058202385,0.14103237,-0.0074867513,-0.003928487,0.36778557,-0.004890913,-0.0027487054,-0.003569166,-0.0013856097,0.006143961,-0.002726836,0.009951789
ATAC_PPP1R36,-0.00089993794,-0.0021955979,-0.0013691732,0.39581603,-0.0058043087,0.14211099,-0.007485837,-0.003954202,0.36586252,-0.004880195,-0.002726927,-0.0035742563,-0.0013859835,0.006728012,-0.0027331475,0.00989965
ATAC_PPP1R9A,-0.00091342634,-0.002195106,-0.0013761553,0.39414644,-0.0058202385,0.14103237,-0.0074867513,-0.003928487,0.36778557,-0.004890913,-0.0027487054,-0.003569166,-0.0013856097,0.006143961,-0.002726836,0.009951789
ATAC_PPP2R3B,-0.00091342634,-0.002195106,-0.0013761553,0.39414644,-0.0058202385,0.14103237,-0.0074867513,-0.003928487,0.36778557,-0.004890913,-0.0027487054,-0.003569166,-0.0013856097,0.006143961,-0.002726836,0.009951789
ATAC_PPP4R1-AS1,-0.00091342634,-0.002195106,-0.0013761553,0.39414644,-0.0058202385,0.14103237,-0.0074867513,-0.003928487,0.36778557,-0.004890913,-0.0027487054,-0.003569166,-0.0013856097,0.006143961,-0.002726836,0.009951789
ATAC_PRAG1,-0.00091342634,-0.002195106,-0.0013761553,0.39414644,-0.0058202385,0.14103237,-0.0074867513,-0.003928487,0.36778557,-0.004890913,-0.0027487054,-0.003569166,-0.0013856097,0.006143961,-0.002726836,0.009951789
ATAC_PRAME,-0.00091342634,-0.002195106,-0.0013761553,0.39414644,-0.0058202385,0.14103237,-0.0074867513,-0.003928487,0.36778557,-0.004890913,-0.0027487054,-0.003569166,-0.0013856097,0.006143961,-0.002726836,0.009951789
ATAC_PRDM1,-0.00091342634,-0.002195106,-0.0013761553,0.39414644,-0.0058202385,0.14103237,-0.0074867513,-0.003928487,0.36778557,-0.004890913,-0.0027487054,-0.003569166,-0.0013856097,0.006143961,-0.002726836,0.009951789
ATAC_PREPL,-0.00091342634,-0.002195106,-0.0013761553,0.39414644,-0.0058202385,0.14103237,-0.0074867513,-0.003928487,0.36778557,-0.004890913,-0.0027487054,-0.003569166,-0.0013856097,0.006143961,-0.002726836,0.009951789
ATAC_PREX2,-0.0009105576,-0.0021917277,-0.0013742306,0.39412886,-0.005822493,0.14149454,-0.007486565,-0.003924513,0.36772466,-0.004891471,-0.0027515104,-0.0035692083,-0.001383459,0.0062281825,-0.0027287782,0.009653378
ATAC_PRF1,-0.00091342634,-0.002195106,-0.0013761553,0.39414644,-0.0058202385,0.14103237,-0.0074867513,-0.003928487,0.36778557,-0.004890913,-0.0027487054,-0.003569166,-0.0013856097,0.006143961,-0.002726836,0.009951789
ATAC_PRICKLE4,-0.00091819797,-0.0021889585,-0.0013668583,0.39434472,-0.005821185,0.14086138,-0.0074942205,-0.0039296374,0.36836207,-0.0048930002,-0.0027494691,-0.0035737788,-0.0013920319,0.0061419643,-0.0027187946,0.009251136
ATAC_PRIM2,-0.00091342634,-0.002195106,-0.0013761553,0.39414644,-0.0058202385,0.14103237,-0.0074867513,-0.003928487,0.36778557,-0.004890913,-0.0027487054,-0.003569166,-0.0013856097,0.006143961,-0.002726836,0.009951789
ATAC_PRKAR1B,-0.00091342634,-0.002195106,-0.0013761553,0.39414644,-0.0058202385,0.14103237,-0.0074867513,-0.003928487,0.36778557,-0.004890913,-0.0027487054,-0.003569166,-0.0013856097,0.006143961,-0.002726836,0.009951789
ATAC_PRKCA-AS1,-0.00091342634,-0.002195106,-0.0013761553,0.39414644,-0.0058202385,0.14103237,-0.0074867513,-0.003928487,0.36778557,-0.004890913,-0.0027487054,-0.003569166,-0.0013856097,0.006143961,-0.002726836,0.009951789
ATAC_PRKCG,-0.00091342634,-0.002195106,-0.0013761553,0.39414644,-0.0058202385,0.14103237,-0.0074867513,-0.003928487,0.36778557,-0.004890913,-0.0027487054,-0.003569166,-0.0013856097,0.006143961,-0.002726836,0.009951789
ATAC_PRKCQ-AS1,-0.00091342634,-0.002195106,-0.0013761553,0.39414644,-0.0058202385,0.14103237,-0.0074867513,-0.003928487,0.36778557,-0.004890913,-0.0027487054,-0.003569166,-0.0013856097,0.006143961,-0.002726836,0.009951789
ATAC_PRKD2,-0.00091342634,-0.002195106,-0.0013761553,0.39414644,-0.0058202385,0.14103237,-0.0074867513,-0.003928487,0.36778557,-0.004890913,-0.0027487054,-0.003569166,-0.0013856097,0.006143961,-0.002726836,0.009951789
ATAC_PRKN,-0.00091342634,-0.002195106,-0.0013761553,0.39414644,-0.0058202385,0.14103237,-0.0074867513,-0.003928487,0.36778557,-0.004890913,-0.0027487054,-0.003569166,-0.0013856097,0.006143961,-0.002726836,0.009951789
ATAC_PRKRIP1,-0.00091342634,-0.002195106,-0.0013761553,0.39414644,-0.0058202385,0.14103237,-0.0074867513,-0.003928487,0.36778557,-0.004890913,-0.0027487054,-0.003569166,-0.0013856097,0.006143961,-0.002726836,0.009951789
ATAC_PRKX,-0.00091342634,-0.002195106,-0.0013761553,0.39414644,-0.0058202385,0.14103237,-0.0074867513,-0.003928487,0.36778557,-0.004890913,-0.0027487054,-0.003569166,-0.0013856097,0.006143961,-0.002726836,0.009951789
ATAC_PRORP,-0.00091342634,-0.002195106,-0.0013761553,0.39414644,-0.0058202385,0.14103237,-0.0074867513,-0.003928487,0.36778557,-0.004890913,-0.0027487054,-0.003569166,-0.0013856097,0.006143961,-0.002726836,0.009951789
ATAC_PROS1,-0.00091342634,-0.002195106,-0.0013761553,0.39414644,-0.0058202385,0.14103237,-0.0074867513,-0.003928487,0.36778557,-0.004890913,-0.0027487054,-0.003569166,-0.0013856097,0.006143961,-0.002726836,0.009951789
ATAC_PROX2,-0.00091342634,-0.002195106,-0.0013761553,0.39414644,-0.0058202385,0.14103237,-0.0074867513,-0.003928487,0.36778557,-0.004890913,-0.0027487054,-0.003569166,-0.0013856097,0.006143961,-0.002726836,0.009951789
ATAC_PRR3,-0.00071925693,-0.0018456789,-0.0014616052,0.36821127,-0.0061785923,0.13799013,-0.00787604,-0.0034936117,0.39128733,-0.0046653086,-0.0027227357,-0.0037831508,-0.0014476858,0.006141443,-0.002794148,0.018656304
ATAC_PRR5,-0.00091342634,-0.002195106,-0.0013761553,0.39414644,-0.0058202385,0.14103237,-0.0074867513,-0.003928487,0.36778557,-0.004890913,-0.0027487054,-0.003569166,-0.0013856097,0.006143961,-0.002726836,0.009951789
ATAC_PRR5L,-0.00091342634,-0.002195106,-0.0013761553,0.39414644,-0.0058202385,0.14103237,-0.0074867513,-0.003928487,0.36778557,-0.004890913,-0.0027487054,-0.003569166,-0.0013856097,0.006143961,-0.002726836,0.009951789
ATAC_PRRG2,-0.00091342634,-0.002195106,-0.0013761553,0.39414644,-0.0058202385,0.14103237,-0.0074867513,-0.003928487,0.36778557,-0.004890913,-0.0027487054,-0.003569166,-0.0013856097,0.006143961,-0.002726836,0.009951789
ATAC_PRRT2,-0.00091342634,-0.002195106,-0.0013761553,0.39414644,-0.0058202385,0.14103237,-0.0074867513,-0.003928487,0.36778557,-0.004890913,-0.0027487054,-0.003569166,-0.0013856097,0.006143961,-0.002726836,0.009951789
ATAC_PRRT4,-0.00091342634,-0.002195106,-0.0013761553,0.39414644,-0.0058202385,0.14103237,-0.0074867513,-0.003928487,0.36778557,-0.004890913,-0.0027487054,-0.003569166,-0.0013856097,0.006143961,-0.002726836,0.009951789
ATAC_PRSS22,-0.00091342634,-0.002195106,-0.0013761553,0.39414644,-0.0058202385,0.14103237,-0.0074867513,-0.003928487,0.36778557,-0.004890913,-0.0027487054,-0.003569166,-0.0013856097,0.006143961,-0.002726836,0.009951789
ATAC_PRSS35,-0.00091342634,-0.002195106,-0.0013761553,0.39414644,-0.0058202385,0.14103237,-0.0074867513,-0.003928487,0.36778557,-0.004890913,-0.0027487054,-0.003569166,-0.0013856097,0.006143961,-0.002726836,0.009951789
ATAC_PRSS38,-0.00091378647,-0.0021970277,-0.0013782722,0.39412314,-0.005820528,0.14106952,-0.0074844663,-0.0039293924,0.36785668,-0.004888715,-0.0027467292,-0.0035714072,-0.0013842476,0.0061832257,-0.0027291193,0.009709898
ATAC_PRTG,-0.00091342634,-0.002195106,-0.0013761553,0.39414644,-0.0058202385,0.14103237,-0.0074867513,-0.003928487,0.36778557,-0.004890913,-0.0027487054,-0.003569166,-0.0013856097,0.006143961,-0.002726836,0.009951789
ATAC_PSD2-AS1,-0.00091342634,-0.002195106,-0.0013761553,0.39414644,-0.0058202385,0.14103237,-0.0074867513,-0.003928487,0.36778557,-0.004890913,-0.0027487054,-0.003569166,-0.0013856097,0.006143961,-0.002726836,0.009951789
ATAC_PSD4,-0.00091342634,-0.002195106,-0.0013761553,0.39414644,-0.0058202385,0.14103237,-0.0074867513,-0.003928487,0.36778557,-0.004890913,-0.0027487054,-0.003569166,-0.0013856097,0.006143961,-0.002726836,0.009951789
ATAC_PSMD5,-0.0009105035,-0.0022058147,-0.0013627922,0.39363796,-0.0058060577,0.14219357,-0.0074937684,-0.00393507,0.36650914,-0.0048809797,-0.0027573477,-0.0035711091,-0.0013939323,0.006847564,-0.0027214934,0.008485962
ATAC_PSORS1C1,-0.00091342634,-0.002195106,-0.0013761553,0.39414644,-0.0058202385,0.14103237,-0.0074867513,-0.003928487,0.36778557,-0.004890913,-0.0027487054,-0.003569166,-0.0013856097,0.006143961,-0.002726836,0.009951789
ATAC_PTCH1,-0.00091342634,-0.002195106,-0.0013761553,0.39414644,-0.0058202385,0.14103237,-0.0074867513,-0.003928487,0.36778557,-0.004890913,-0.0027487054,-0.003569166,-0.0013856097,0.006143961,-0.002726836,0.009951789
ATAC_PTCH2,-0.00091342634,-0.002195106,-0.0013761553,0.39414644,-0.0058202385,0.14103237,-0.0074867513,-0.003928487,0.36778557,-0.004890913,-0.0027487054,-0.003569166,-0.0013856097,0.006143961,-0.002726836,0.009951789
ATAC_PTGDR,-5.6579036e-05,-0.00028068255,-0.0013211253,0.5283586,-0.0043613594,0.10326435,-0.005304129,-0.0023585195,0.32367596,-0.003354221,-0.002653861,-0.0035238382,-0.0006161558,-0.00013301474,-0.004195477,-0.0013739844
ATAC_PTGDS,-0.00071925693,-0.0018456789,-0.0014616052,0.36821127,-0.0061785923,0.13799013,-0.00787604,-0.0034936117,0.39128733,-0.0046653086,-0.0027227357,-0.0037831508,-0.0014476858,0.006141443,-0.002794148,0.018656304
ATAC_PTH2,-0.0023729303,-0.003422901,0.020272553,0.21368319,-0.004244879,0.13477245,-0.0059964526,-0.0022090098,0.2692378,-0.0042093843,-0.0045897705,-0.0017857387,-0.0032940859,0.10665566,-0.0036105216,0.17494681
ATAC_PTOV1-AS1,-0.00091342634,-0.002195106,-0.0013761553,0.39414644,-0.0058202385,0.14103237,-0.0074867513,-0.003928487,0.36778557,-0.004890913,-0.0027487054,-0.003569166,-0.0013856097,0.006143961,-0.002726836,0.009951789
ATAC_PTPN12,-0.00091342634,-0.002195106,-0.0013761553,0.39414644,-0.0058202385,0.14103237,-0.0074867513,-0.003928487,0.36778557,-0.004890913,-0.0027487054,-0.003569166,-0.0013856097,0.006143961,-0.002726836,0.009951789
ATAC_PTPN22,-0.00091342634,-0.002195106,-0.0013761553,0.39414644,-0.0058202385,0.14103237,-0.0074867513,-0.003928487,0.36778557,-0.004890913,-0.0027487054,-0.003569166,-0.0013856097,0.006143961,-0.002726836,0.009951789
ATAC_PTPN7,-0.0009335447,-0.0021758785,-0.0013949298,0.3960004,-0.0058335555,0.14248018,-0.007496143,-0.003922221,0.36949682,-0.004910254,-0.0027642637,-0.0035727876,-0.0013787244,0.0051339306,-0.0027433294,0.008543003
ATAC_PTPRG,-0.00091342634,-0.002195106,-0.0013761553,0.39414644,-0.0058202385,0.14103237,-0.0074867513,-0.003928487,0.36778557,-0.004890913,-0.0027487054,-0.003569166,-0.0013856097,0.006143961,-0.002726836,0.009951789
ATAC_PTPRK,0.01529941,-0.0029777747,-0.002779127,0.12968703,-0.0081769675,0.064344466,-0.006527795,-0.0014904777,0.49352762,-0.0029705588,-0.0032849973,-0.0012937884,-0.0011492718,-0.00037872704,0.013717353,0.05942204
ATAC_PTPRM,-0.00091342634,-0.002195106,-0.0013761553,0.39414644,-0.0058202385,0.14103237,-0.0074867513,-0.003928487,0.36778557,-0.004890913,-0.0027487054,-0.003569166,-0.0013856097,0.006143961,-0.002726836,0.009951789
ATAC_PURA,-0.0009134316,-0.0021951061,-0.0013761601,0.3941459,-0.0058202487,0.14103328,-0.007486755,-0.003928487,0.36778578,-0.004890906,-0.002748698,-0.0035691732,-0.0013856145,0.0061440207,-0.0027268294,0.009951342
ATAC_PWWP3A,-0.00091276143,-0.0022047418,-0.001371651,0.3952939,-0.005808187,0.14232913,-0.0074750525,-0.0039420263,0.36733,-0.004885167,-0.0027369792,-0.0035663354,-0.0013890138,0.005412314,-0.0027191022,0.009295601
ATAC_PYHIN1,-0.00091342634,-0.002195106,-0.0013761553,0.39414644,-0.0058202385,0.14103237,-0.0074867513,-0.003928487,0.36778557,-0.004890913,-0.0027487054,-0.003569166,-0.0013856097,0.006143961,-0.002726836,0.009951789
ATAC_RAB11FIP3,-0.00091342634,-0.002195106,-0.0013761553,0.39414644,-0.0058202385,0.14103237,-0.0074867513,-0.003928487,0.36778557,-0.004890913,-0.0027487054,-0.003569166,-0.0013856097,0.006143961,-0.002726836,0.009951789
ATAC_RAB17,-0.000624195,-0.00086297345,-0.0021855414,0.37934983,-0.0053383103,0.20030454,-0.007618948,-0.0049181315,0.33550608,-0.0053337687,-0.0012684104,-0.0045933323,-0.0023443447,-0.00085391174,-0.0013892102,0.039584924
ATAC_RAB26,-0.00091342634,-0.002195106,-0.0013761553,0.39414644,-0.0058202385,0.14103237,-0.0074867513,-0.003928487,0.36778557,-0.004890913,-0.0027487054,-0.003569166,-0.0013856097,0.006143961,-0.002726836,0.009951789
ATAC_RAB27B,-0.00091342634,-0.002195106,-0.0013761553,0.39414644,-0.0058202385,0.14103237,-0.0074867513,-0.003928487,0.36778557,-0.004890913,-0.0027487054,-0.003569166,-0.0013856097,0.006143961,-0.002726836,0.009951789
ATAC_RAB30-DT,-0.00091049826,-0.0022058145,-0.0013627874,0.39363855,-0.005806047,0.14219266,-0.0074937646,-0.00393507,0.36650893,-0.004880987,-0.0027573556,-0.003571102,-0.0013939275,0.0068475045,-0.0027215001,0.008486409
ATAC_RAB3IL1,-0.00091342634,-0.002195106,-0.0013761553,0.39414644,-0.0058202385,0.14103237,-0.0074867513,-0.003928487,0.36778557,-0.004890913,-0.0027487054,-0.003569166,-0.0013856097,0.006143961,-0.002726836,0.009951789
ATAC_RAB9B,-0.00091342634,-0.002195106,-0.0013761553,0.39414644,-0.0058202385,0.14103237,-0.0074867513,-0.003928487,0.36778557,-0.004890913,-0.0027487054,-0.003569166,-0.0013856097,0.006143961,-0.002726836,0.009951789
ATAC_RABEP2,-0.00091342634,-0.002195106,-0.0013761553,0.39414644,-0.0058202385,0.14103237,-0.0074867513,-0.003928487,0.36778557,-0.004890913,-0.0027487054,-0.003569166,-0.0013856097,0.006143961,-0.002726836,0.009951789
ATAC_RABEPK,-0.00091342634,-0.002195106,-0.0013761553,0.39414644,-0.0058202385,0.14103237,-0.0074867513,-0.003928487,0.36778557,-0.004890913,-0.0027487054,-0.003569166,-0.0013856097,0.006143961,-0.002726836,0.009951789
ATAC_RABGAP1L-DT,-0.00091342634,-0.002195106,-0.0013761553,0.39414644,-0.0058202385,0.14103237,-0.0074867513,-0.003928487,0.36778557,-0.004890913,-0.0027487054,-0.003569166,-0.0013856097,0.006143961,-0.002726836,0.009951789
ATAC_RAC3,-0.00091342634,-0.002195106,-0.0013761553,0.39414644,-0.0058202385,0.14103237,-0.0074867513,-0.003928487,0.36778557,-0.004890913,-0.0027487054,-0.003569166,-0.0013856097,0.006143961,-0.002726836,0.009951789
ATAC_RAD23B,-0.00091342634,-0.002195106,-0.0013761553,0.39414644,-0.0058202385,0.14103237,-0.0074867513,-0.003928487,0.36778557,-0.004890913,-0.0027487054,-0.003569166,-0.0013856097,0.006143961,-0.002726836,0.009951789
ATAC_RAD51-AS1,-0.0009114101,-0.002189941,-0.0013778271,0.39364886,-0.005819851,0.14098313,-0.0074878526,-0.003921317,0.3674783,-0.004897678,-0.002750793,-0.0035762459,-0.0013838566,0.0061594285,-0.0027323263,0.010082323
ATAC_RAD9A,-0.00091342634,-0.002195106,-0.0013761553,0.39414644,-0.0058202385,0.14103237,-0.0074867513,-0.003928487,0.36778557,-0.004890913,-0.0027487054,-0.003569166,-0.0013856097,0.006143961,-0.002726836,0.009951789
ATAC_RADIL,-0.00091342634,-0.002195106,-0.0013761553,0.39414644,-0.0058202385,0.14103237,-0.0074867513,-0.003928487,0.36778557,-0.004890913,-0.0027487054,-0.003569166,-0.0013856097,0.006143961,-0.002726836,0.009951789
ATAC_RADX,-0.00091342634,-0.002195106,-0.0013761553,0.39414644,-0.0058202385,0.14103237,-0.0074867513,-0.003928487,0.36778557,-0.004890913,-0.0027487054,-0.003569166,-0.0013856097,0.006143961,-0.002726836,0.009951789
ATAC_RALGDS,-0.00091342634,-0.002195106,-0.0013761553,0.39414644,-0.0058202385,0.14103237,-0.0074867513,-0.003928487,0.36778557,-0.004890913,-0.0027487054,-0.003569166,-0.0013856097,0.006143961,-0.002726836,0.009951789
ATAC_RALY-AS1,-0.0009136853,-0.0021948314,-0.0013763853,0.3941154,-0.005820094,0.14105439,-0.0074868766,-0.003928391,0.36780918,-0.0048911218,-0.0027486496,-0.0035693129,-0.0013854988,0.00616619,-0.0027270096,0.009973925
ATAC_RAMP1,-0.00091342634,-0.002195106,-0.0013761553,0.39414644,-0.0058202385,0.14103237,-0.0074867513,-0.003928487,0.36778557,-0.004890913,-0.0027487054,-0.003569166,-0.0013856097,0.006143961,-0.002726836,0.009951789
ATAC_RASAL3,-0.00091342634,-0.002195106,-0.0013761553,0.39414644,-0.0058202385,0.14103237,-0.0074867513,-0.003928487,0.36778557,-0.004890913,-0.0027487054,-0.003569166,-0.0013856097,0.006143961,-0.002726836,0.009951789
ATAC_RASGEF1A,-0.0008535034,-0.0028444875,-0.0010804331,0.37901235,-0.005098697,0.08571048,-0.008033658,-0.0033573268,0.32001793,-0.005161424,-0.0025846153,-0.0033296274,-0.0006499576,0.09570272,-0.0028399706,0.008878831
ATAC_RASGRF2,-0.00091776496,-0.0021902006,-0.0013652995,0.39322525,-0.005826504,0.1416322,-0.0074852793,-0.0039205425,0.36792898,-0.004880784,-0.0027496188,-0.0035703494,-0.0013872812,0.006443355,-0.0027271234,0.010392247
ATAC_RASIP1,-0.0009114101,-0.002189941,-0.0013778271,0.39364886,-0.005819851,0.14098313,-0.0074878526,-0.003921317,0.3674783,-0.004897678,-0.002750793,-0.0035762459,-0.0013838566,0.0061594285,-0.0027323263,0.010082323
ATAC_RASL11B,-0.00091342634,-0.002195106,-0.0013761553,0.39414644,-0.0058202385,0.14103237,-0.0074867513,-0.003928487,0.36778557,-0.004890913,-0.0027487054,-0.003569166,-0.0013856097,0.006143961,-0.002726836,0.009951789
ATAC_RASSF1-AS1,-0.0008068117,-0.0024243607,-0.0006480862,0.40347397,-0.0054449267,0.21855581,-0.006522894,-0.003586409,0.33322683,-0.0041442597,-0.0022412648,-0.0033418403,-0.0012516238,-0.0005681758,-0.0018777698,0.009755332
ATAC_RB1-DT,-0.00091378647,-0.0021970277,-0.0013782722,0.39412314,-0.005820528,0.14106952,-0.0074844663,-0.0039293924,0.36785668,-0.004888715,-0.0027467292,-0.0035714072,-0.0013842476,0.0061832257,-0.0027291193,0.009709898
ATAC_RBIS,-0.0009114101,-0.002189941,-0.0013778271,0.39364886,-0.005819851,0.14098313,-0.0074878526,-0.003921317,0.3674783,-0.004897678,-0.002750793,-0.0035762459,-0.0013838566,0.0061594285,-0.0027323263,0.010082323
ATAC_RBL1,-0.00091342634,-0.002195106,-0.0013761553,0.39414644,-0.0058202385,0.14103237,-0.0074867513,-0.003928487,0.36778557,-0.004890913,-0.0027487054,-0.003569166,-0.0013856097,0.006143961,-0.002726836,0.009951789
ATAC_RBM38,-0.000914207,-0.0021984258,-0.0013765057,0.39461032,-0.0058250693,0.14080408,-0.0074897753,-0.0039233183,0.3682507,-0.0048899953,-0.0027510324,-0.003567925,-0.0013869992,0.0059067793,-0.0027256778,0.010150332
ATAC_RBM48,-0.00091776496,-0.0021902006,-0.0013652995,0.39322525,-0.005826504,0.1416322,-0.0074852793,-0.0039205425,0.36792898,-0.004880784,-0.0027496188,-0.0035703494,-0.0013872812,0.006443355,-0.0027271234,0.010392247
ATAC_RBP4,-0.00091342634,-0.002195106,-0.0013761553,0.39414644,-0.0058202385,0.14103237,-0.0074867513,-0.003928487,0.36778557,-0.004890913,-0.0027487054,-0.003569166,-0.0013856097,0.006143961,-0.002726836,0.009951789
ATAC_RCAN3,-0.00091342634,-0.002195106,-0.0013761553,0.39414644,-0.0058202385,0.14103237,-0.0074867513,-0.003928487,0.36778557,-0.004890913,-0.0027487054,-0.003569166,-0.0013856097,0.006143961,-0.002726836,0.009951789
ATAC_RCAN3AS,-0.00091342634,-0.002195106,-0.0013761553,0.39414644,-0.0058202385,0.14103237,-0.0074867513,-0.003928487,0.36778557,-0.004890913,-0.0027487054,-0.003569166,-0.0013856097,0.006143961,-0.002726836,0.009951789
ATAC_RDH12,-0.00091342634,-0.002195106,-0.0013761553,0.39414644,-0.0058202385,0.14103237,-0.0074867513,-0.003928487,0.36778557,-0.004890913,-0.0027487054,-0.003569166,-0.0013856097,0.006143961,-0.002726836,0.009951789
ATAC_REST,-0.00091342634,-0.002195106,-0.0013761553,0.39414644,-0.0058202385,0.14103237,-0.0074867513,-0.003928487,0.36778557,-0.004890913,-0.0027487054,-0.003569166,-0.0013856097,0.006143961,-0.002726836,0.009951789
ATAC_REXO1,-0.00091342634,-0.002195106,-0.0013761553,0.39414644,-0.0058202385,0.14103237,-0.0074867513,-0.003928487,0.36778557,-0.004890913,-0.0027487054,-0.003569166,-0.0013856097,0.006143961,-0.002726836,0.009951789
ATAC_REXO4,-0.00091342634,-0.002195106,-0.0013761553,0.39414644,-0.0058202385,0.14103237,-0.0074867513,-0.003928487,0.36778557,-0.004890913,-0.0027487054,-0.003569166,-0.0013856097,0.006143961,-0.002726836,0.009951789
ATAC_RGL2,-0.00091862923,-0.002184325,-0.0013677159,0.39408308,-0.005820053,0.14102049,-0.007497943,-0.003925711,0.3681443,-0.004899566,-0.0027374309,-0.0035677014,-0.001379017,0.0056503154,-0.0027175313,0.008917589
ATAC_RGS1,0.01529941,-0.0029777747,-0.002779127,0.12968703,-0.0081769675,0.064344466,-0.006527795,-0.0014904777,0.49352762,-0.0029705588,-0.0032849973,-0.0012937884,-0.0011492718,-0.00037872704,0.013717353,0.05942204
ATAC_RGS10,-0.00091342634,-0.002195106,-0.0013761553,0.39414644,-0.0058202385,0.14103237,-0.0074867513,-0.003928487,0.36778557,-0.004890913,-0.0027487054,-0.003569166,-0.0013856097,0.006143961,-0.002726836,0.009951789
ATAC_RGS16,-0.00091862923,-0.002184325,-0.0013677159,0.39408308,-0.005820053,0.14102049,-0.007497943,-0.003925711,0.3681443,-0.004899566,-0.0027374309,-0.0035677014,-0.001379017,0.0056503154,-0.0027175313,0.008917589
ATAC_RGS3,-0.00091342634,-0.002195106,-0.0013761553,0.39414644,-0.0058202385,0.14103237,-0.0074867513,-0.003928487,0.36778557,-0.004890913,-0.0027487054,-0.003569166,-0.0013856097,0.006143961,-0.002726836,0.009951789
ATAC_RGS6,-0.00091342634,-0.002195106,-0.0013761553,0.39414644,-0.0058202385,0.14103237,-0.0074867513,-0.003928487,0.36778557,-0.004890913,-0.0027487054,-0.003569166,-0.0013856097,0.006143961,-0.002726836,0.009951789
ATAC_RGS7,-0.00091342634,-0.002195106,-0.0013761553,0.39414644,-0.0058202385,0.14103237,-0.0074867513,-0.003928487,0.36778557,-0.004890913,-0.0027487054,-0.003569166,-0.0013856097,0.006143961,-0.002726836,0.009951789
ATAC_RGS9,-0.00091342634,-0.002195106,-0.0013761553,0.39414644,-0.0058202385,0.14103237,-0.0074867513,-0.003928487,0.36778557,-0.004890913,-0.0027487054,-0.003569166,-0.0013856097,0.006143961,-0.002726836,0.009951789
ATAC_RHBDD1,-0.00091342634,-0.002195106,-0.0013761553,0.39414644,-0.0058202385,0.14103237,-0.0074867513,-0.003928487,0.36778557,-0.004890913,-0.0027487054,-0.003569166,-0.0013856097,0.006143961,-0.002726836,0.009951789
ATAC_RHCE,-0.00091342634,-0.002195106,-0.0013761553,0.39414644,-0.0058202385,0.14103237,-0.0074867513,-0.003928487,0.36778557,-0.004890913,-0.0027487054,-0.003569166,-0.0013856097,0.006143961,-0.002726836,0.009951789
ATAC_RHO,-0.0009082048,-0.002194612,-0.0013696823,0.39287388,-0.005827985,0.1409599,-0.007477914,-0.003933105,0.3667086,-0.0049039084,-0.0027468388,-0.0035757017,-0.0013801361,0.006160978,-0.0027209988,0.01049595
ATAC_RHOT2,-0.00091342634,-0.002195106,-0.0013761553,0.39414644,-0.0058202385,0.14103237,-0.0074867513,-0.003928487,0.36778557,-0.004890913,-0.0027487054,-0.003569166,-0.0013856097,0.006143961,-0.002726836,0.009951789
ATAC_RHOXF1,-0.00091342634,-0.002195106,-0.0013761553,0.39414644,-0.0058202385,0.14103237,-0.0074867513,-0.003928487,0.36778557,-0.004890913,-0.0027487054,-0.003569166,-0.0013856097,0.006143961,-0.002726836,0.009951789
ATAC_RHPN1-AS1,-0.00091342634,-0.002195106,-0.0013761553,0.39414644,-0.0058202385,0.14103237,-0.0074867513,-0.003928487,0.36778557,-0.004890913,-0.0027487054,-0.003569166,-0.0013856097,0.006143961,-0.002726836,0.009951789
ATAC_RIF1,-0.00091342634,-0.002195106,-0.0013761553,0.39414644,-0.0058202385,0.14103237,-0.0074867513,-0.003928487,0.36778557,-0.004890913,-0.0027487054,-0.003569166,-0.0013856097,0.006143961,-0.002726836,0.009951789
ATAC_RILPL1,-0.00091342634,-0.002195106,-0.0013761553,0.39414644,-0.0058202385,0.14103237,-0.0074867513,-0.003928487,0.36778557,-0.004890913,-0.0027487054,-0.003569166,-0.0013856097,0.006143961,-0.002726836,0.009951789
ATAC_RIMKLB,-0.00091342634,-0.002195106,-0.0013761553,0.39414644,-0.0058202385,0.14103237,-0.0074867513,-0.003928487,0.36778557,-0.004890913,-0.0027487054,-0.003569166,-0.0013856097,0.006143961,-0.002726836,0.009951789
ATAC_RN7SL832P,-0.00091342634,-0.002195106,-0.0013761553,0.39414644,-0.0058202385,0.14103237,-0.0074867513,-0.003928487,0.36778557,-0.004890913,-0.0027487054,-0.003569166,-0.0013856097,0.006143961,-0.002726836,0.009951789
ATAC_RNASE11,-0.00091342634,-0.002195106,-0.0013761553,0.39414644,-0.0058202385,0.14103237,-0.0074867513,-0.003928487,0.36778557,-0.004890913,-0.0027487054,-0.003569166,-0.0013856097,0.006143961,-0.002726836,0.009951789
ATAC_RNASEH2A,-0.00091342634,-0.002195106,-0.0013761553,0.39414644,-0.0058202385,0.14103237,-0.0074867513,-0.003928487,0.36778557,-0.004890913,-0.0027487054,-0.003569166,-0.0013856097,0.006143961,-0.002726836,0.009951789
ATAC_RNF113A,-0.00090060284,-0.0021859615,-0.0013736775,0.39466858,-0.0058163595,0.14081423,-0.0074975365,-0.003940663,0.36631808,-0.0048859417,-0.0027386534,-0.0035770868,-0.0013825794,0.007459659,-0.0027408812,0.010555837
ATAC_RNF115,-0.00091342634,-0.002195106,-0.0013761553,0.39414644,-0.0058202385,0.14103237,-0.0074867513,-0.003928487,0.36778557,-0.004890913,-0.0027487054,-0.003569166,-0.0013856097,0.006143961,-0.002726836,0.009951789
ATAC_RNF125,-0.00091342634,-0.002195106,-0.0013761553,0.39414644,-0.0058202385,0.14103237,-0.0074867513,-0.003928487,0.36778557,-0.004890913,-0.0027487054,-0.003569166,-0.0013856097,0.006143961,-0.002726836,0.009951789
ATAC_RNF126,-0.00071925693,-0.0018456789,-0.0014616052,0.36821127,-0.0061785923,0.13799013,-0.00787604,-0.0034936117,0.39128733,-0.0046653086,-0.0027227357,-0.0037831508,-0.0014476858,0.006141443,-0.002794148,0.018656304
ATAC_RNF144A,-0.00091342634,-0.002195106,-0.0013761553,0.39414644,-0.0058202385,0.14103237,-0.0074867513,-0.003928487,0.36778557,-0.004890913,-0.0027487054,-0.003569166,-0.0013856097,0.006143961,-0.002726836,0.009951789
ATAC_RNF157,-0.00091342634,-0.002195106,-0.0013761553,0.39414644,-0.0058202385,0.14103237,-0.0074867513,-0.003928487,0.36778557,-0.004890913,-0.0027487054,-0.003569166,-0.0013856097,0.006143961,-0.002726836,0.009951789
ATAC_RNF165,-0.0009335447,-0.0021758785,-0.0013949298,0.3960004,-0.0058335555,0.14248018,-0.007496143,-0.003922221,0.36949682,-0.004910254,-0.0027642637,-0.0035727876,-0.0013787244,0.0051339306,-0.0027433294,0.008543003
ATAC_RNF169,-0.00091342634,-0.002195106,-0.0013761553,0.39414644,-0.0058202385,0.14103237,-0.0074867513,-0.003928487,0.36778557,-0.004890913,-0.0027487054,-0.003569166,-0.0013856097,0.006143961,-0.002726836,0.009951789
ATAC_RNF34,-0.00090771663,-0.002188174,-0.0013804153,0.39317083,-0.0058321594,0.14202403,-0.0074782907,-0.0039347513,0.36797678,-0.0048902864,-0.0027565043,-0.0035701704,-0.0013750436,0.005133096,-0.0027345177,0.008900557
ATAC_RNF43,-0.00091342634,-0.002195106,-0.0013761553,0.39414644,-0.0058202385,0.14103237,-0.0074867513,-0.003928487,0.36778557,-0.004890913,-0.0027487054,-0.003569166,-0.0013856097,0.006143961,-0.002726836,0.009951789
ATAC_RNFT1-DT,-0.00091342634,-0.002195106,-0.0013761553,0.39414644,-0.0058202385,0.14103237,-0.0074867513,-0.003928487,0.36778557,-0.004890913,-0.0027487054,-0.003569166,-0.0013856097,0.006143961,-0.002726836,0.009951789
ATAC_RNLS,-0.00091342634,-0.002195106,-0.0013761553,0.39414644,-0.0058202385,0.14103237,-0.0074867513,-0.003928487,0.36778557,-0.004890913,-0.0027487054,-0.003569166,-0.0013856097,0.006143961,-0.002726836,0.009951789
ATAC_ROBO3,-0.00091342634,-0.002195106,-0.0013761553,0.39414644,-0.0058202385,0.14103237,-0.0074867513,-0.003928487,0.36778557,-0.004890913,-0.0027487054,-0.003569166,-0.0013856097,0.006143961,-0.002726836,0.009951789
ATAC_ROR2,-0.0008571968,-0.0028462547,-0.0010778452,0.37949032,-0.00508639,0.08466959,-0.00804322,-0.0033438925,0.3195195,-0.0051688156,-0.002578904,-0.003335703,-0.0006587706,0.096729055,-0.0028377792,0.010060597
ATAC_RORA-AS1,-0.00090060284,-0.0021859615,-0.0013736775,0.39466858,-0.0058163595,0.14081423,-0.0074975365,-0.003940663,0.36631808,-0.0048859417,-0.0027386534,-0.0035770868,-0.0013825794,0.007459659,-0.0027408812,0.010555837
ATAC_RP1L1,-5.6579036e-05,-0.00028068255,-0.0013211253,0.5283586,-0.0043613594,0.10326435,-0.005304129,-0.0023585195,0.32367596,-0.003354221,-0.002653861,-0.0035238382,-0.0006161558,-0.00013301474,-0.004195477,-0.0013739844
ATAC_RPGRIP1L,-0.00091342634,-0.002195106,-0.0013761553,0.39414644,-0.0058202385,0.14103237,-0.0074867513,-0.003928487,0.36778557,-0.004890913,-0.0027487054,-0.003569166,-0.0013856097,0.006143961,-0.002726836,0.009951789
ATAC_RPH3AL,-0.00091342634,-0.002195106,-0.0013761553,0.39414644,-0.0058202385,0.14103237,-0.0074867513,-0.003928487,0.36778557,-0.004890913,-0.0027487054,-0.003569166,-0.0013856097,0.006143961,-0.002726836,0.009951789
ATAC_RRM2,-0.00091342634,-0.002195106,-0.0013761553,0.39414644,-0.0058202385,0.14103237,-0.0074867513,-0.003928487,0.36778557,-0.004890913,-0.0027487054,-0.003569166,-0.0013856097,0.006143961,-0.002726836,0.009951789
ATAC_RSPH14,-0.0009114101,-0.002189941,-0.0013778271,0.39364886,-0.005819851,0.14098313,-0.0074878526,-0.003921317,0.3674783,-0.004897678,-0.002750793,-0.0035762459,-0.0013838566,0.0061594285,-0.0027323263,0.010082323
ATAC_RTKN2,-0.00091342634,-0.002195106,-0.0013761553,0.39414644,-0.0058202385,0.14103237,-0.0074867513,-0.003928487,0.36778557,-0.004890913,-0.0027487054,-0.003569166,-0.0013856097,0.006143961,-0.002726836,0.009951789
ATAC_RTN4RL2,-0.00091342634,-0.002195106,-0.0013761553,0.39414644,-0.0058202385,0.14103237,-0.0074867513,-0.003928487,0.36778557,-0.004890913,-0.0027487054,-0.003569166,-0.0013856097,0.006143961,-0.002726836,0.009951789
ATAC_RTP5,-0.00091342634,-0.002195106,-0.0013761553,0.39414644,-0.0058202385,0.14103237,-0.0074867513,-0.003928487,0.36778557,-0.004890913,-0.0027487054,-0.003569166,-0.0013856097,0.006143961,-0.002726836,0.009951789
ATAC_RTTN,-0.00091342634,-0.002195106,-0.0013761553,0.39414644,-0.0058202385,0.14103237,-0.0074867513,-0.003928487,0.36778557,-0.004890913,-0.0027487054,-0.003569166,-0.0013856097,0.006143961,-0.002726836,0.009951789
ATAC_RUBCNL,-0.00091342634,-0.002195106,-0.0013761553,0.39414644,-0.0058202385,0.14103237,-0.0074867513,-0.003928487,0.36778557,-0.004890913,-0.0027487054,-0.003569166,-0.0013856097,0.006143961,-0.002726836,0.009951789
ATAC_RUNX2,-0.00091342634,-0.002195106,-0.0013761553,0.39414644,-0.0058202385,0.14103237,-0.0074867513,-0.003928487,0.36778557,-0.004890913,-0.0027487054,-0.003569166,-0.0013856097,0.006143961,-0.002726836,0.009951789
ATAC_RWDD1,-0.00091342634,-0.002195106,-0.0013761553,0.39414644,-0.0058202385,0.14103237,-0.0074867513,-0.003928487,0.36778557,-0.004890913,-0.0027487054,-0.003569166,-0.0013856097,0.006143961,-0.002726836,0.009951789
ATAC_S100A12,-0.00091342634,-0.002195106,-0.0013761553,0.39414644,-0.0058202385,0.14103237,-0.0074867513,-0.003928487,0.36778557,-0.004890913,-0.0027487054,-0.003569166,-0.0013856097,0.006143961,-0.002726836,0.009951789
ATAC_S100B,-0.00091342634,-0.002195106,-0.0013761553,0.39414644,-0.0058202385,0.14103237,-0.0074867513,-0.003928487,0.36778557,-0.004890913,-0.0027487054,-0.003569166,-0.0013856097,0.006143961,-0.002726836,0.009951789
ATAC_S1PR1,-0.00091342634,-0.002195106,-0.0013761553,0.39414644,-0.0058202385,0.14103237,-0.0074867513,-0.003928487,0.36778557,-0.004890913,-0.0027487054,-0.003569166,-0.0013856097,0.006143961,-0.002726836,0.009951789
ATAC_S1PR5,-0.00071925693,-0.0018456789,-0.0014616052,0.36821127,-0.0061785923,0.13799013,-0.00787604,-0.0034936117,0.39128733,-0.0046653086,-0.0027227357,-0.0037831508,-0.0014476858,0.006141443,-0.002794148,0.018656304
ATAC_SAMD11,-0.00091342634,-0.002195106,-0.0013761553,0.39414644,-0.0058202385,0.14103237,-0.0074867513,-0.003928487,0.36778557,-0.004890913,-0.0027487054,-0.003569166,-0.0013856097,0.006143961,-0.002726836,0.009951789
ATAC_SARS2,-0.00091342634,-0.002195106,-0.0013761553,0.39414644,-0.0058202385,0.14103237,-0.0074867513,-0.003928487,0.36778557,-0.004890913,-0.0027487054,-0.003569166,-0.0013856097,0.006143961,-0.002726836,0.009951789
ATAC_SBF1,-0.00091342634,-0.002195106,-0.0013761553,0.39414644,-0.0058202385,0.14103237,-0.0074867513,-0.003928487,0.36778557,-0.004890913,-0.0027487054,-0.003569166,-0.0013856097,0.006143961,-0.002726836,0.009951789
ATAC_SCAI,-0.00091342634,-0.002195106,-0.0013761553,0.39414644,-0.0058202385,0.14103237,-0.0074867513,-0.003928487,0.36778557,-0.004890913,-0.0027487054,-0.003569166,-0.0013856097,0.006143961,-0.002726836,0.009951789
ATAC_SCFD2,0.01529941,-0.0029777747,-0.002779127,0.12968703,-0.0081769675,0.064344466,-0.006527795,-0.0014904777,0.49352762,-0.0029705588,-0.0032849973,-0.0012937884,-0.0011492718,-0.00037872704,0.013717353,0.05942204
ATAC_SCLY,-0.00091342634,-0.002195106,-0.0013761553,0.39414644,-0.0058202385,0.14103237,-0.0074867513,-0.003928487,0.36778557,-0.004890913,-0.0027487054,-0.003569166,-0.0013856097,0.006143961,-0.002726836,0.009951789
ATAC_SCN2A,-0.00091342634,-0.002195106,-0.0013761553,0.39414644,-0.0058202385,0.14103237,-0.0074867513,-0.003928487,0.36778557,-0.004890913,-0.0027487054,-0.003569166,-0.0013856097,0.006143961,-0.002726836,0.009951789
ATAC_SCN5A,-0.00091342634,-0.002195106,-0.0013761553,0.39414644,-0.0058202385,0.14103237,-0.0074867513,-0.003928487,0.36778557,-0.004890913,-0.0027487054,-0.003569166,-0.0013856097,0.006143961,-0.002726836,0.009951789
ATAC_SCOC-AS1,-0.00091342634,-0.002195106,-0.0013761553,0.39414644,-0.0058202385,0.14103237,-0.0074867513,-0.003928487,0.36778557,-0.004890913,-0.0027487054,-0.003569166,-0.0013856097,0.006143961,-0.002726836,0.009951789
ATAC_SCUBE1,-0.00091342634,-0.002195106,-0.0013761553,0.39414644,-0.0058202385,0.14103237,-0.0074867513,-0.003928487,0.36778557,-0.004890913,-0.0027487054,-0.003569166,-0.0013856097,0.006143961,-0.002726836,0.009951789
ATAC_SDCBP2,-0.0008068117,-0.0024243607,-0.0006480862,0.40347397,-0.0054449267,0.21855581,-0.006522894,-0.003586409,0.33322683,-0.0041442597,-0.0022412648,-0.0033418403,-0.0012516238,-0.0005681758,-0.0018777698,0.009755332
ATAC_SDK2,-0.00091342634,-0.002195106,-0.0013761553,0.39414644,-0.0058202385,0.14103237,-0.0074867513,-0.003928487,0.36778557,-0.004890913,-0.0027487054,-0.003569166,-0.0013856097,0.006143961,-0.002726836,0.009951789
ATAC_SDR42E2,-0.00092695403,-0.0021840034,-0.001375296,0.3932239,-0.0058267377,0.14084363,-0.007490482,-0.003932526,0.36927596,-0.0049041105,-0.0027367505,-0.0035702665,-0.001385204,0.0068804733,-0.0027055144,0.009918964
ATAC_SEC14L2,-0.00091342634,-0.002195106,-0.0013761553,0.39414644,-0.0058202385,0.14103237,-0.0074867513,-0.003928487,0.36778557,-0.004890913,-0.0027487054,-0.003569166,-0.0013856097,0.006143961,-0.002726836,0.009951789
ATAC_SEC14L5,-0.00091342634,-0.002195106,-0.0013761553,0.39414644,-0.0058202385,0.14103237,-0.0074867513,-0.003928487,0.36778557,-0.004890913,-0.0027487054,-0.003569166,-0.0013856097,0.006143961,-0.002726836,0.009951789
ATAC_SEC23A-AS1,-0.00091342634,-0.002195106,-0.0013761553,0.39414644,-0.0058202385,0.14103237,-0.0074867513,-0.003928487,0.36778557,-0.004890913,-0.0027487054,-0.003569166,-0.0013856097,0.006143961,-0.002726836,0.009951789
ATAC_SEC31B,-0.0009105576,-0.0021917277,-0.0013742306,0.39412886,-0.005822493,0.14149454,-0.007486565,-0.003924513,0.36772466,-0.004891471,-0.0027515104,-0.0035692083,-0.001383459,0.0062281825,-0.0027287782,0.009653378
ATAC_SELP,-0.00091342634,-0.002195106,-0.0013761553,0.39414644,-0.0058202385,0.14103237,-0.0074867513,-0.003928487,0.36778557,-0.004890913,-0.0027487054,-0.003569166,-0.0013856097,0.006143961,-0.002726836,0.009951789
ATAC_SEMA3D,-0.00091342634,-0.002195106,-0.0013761553,0.39414644,-0.0058202385,0.14103237,-0.0074867513,-0.003928487,0.36778557,-0.004890913,-0.0027487054,-0.003569166,-0.0013856097,0.006143961,-0.002726836,0.009951789
ATAC_SEMA4C,-0.00091342634,-0.002195106,-0.0013761553,0.39414644,-0.0058202385,0.14103237,-0.0074867513,-0.003928487,0.36778557,-0.004890913,-0.0027487054,-0.003569166,-0.0013856097,0.006143961,-0.002726836,0.009951789
ATAC_SEMA6C,-0.0009105464,-0.0021951324,-0.0013739556,0.39374536,-0.005819498,0.14079864,-0.0074908393,-0.0039298534,0.36747813,-0.0048883236,-0.0027526265,-0.003569026,-0.0013886556,0.0061175562,-0.0027294396,0.009530757
ATAC_SEPTIN4-AS1,-0.0009114101,-0.002189941,-0.0013778271,0.39364886,-0.005819851,0.14098313,-0.0074878526,-0.003921317,0.3674783,-0.004897678,-0.002750793,-0.0035762459,-0.0013838566,0.0061594285,-0.0027323263,0.010082323
ATAC_SERPINA1,-0.00091342634,-0.002195106,-0.0013761553,0.39414644,-0.0058202385,0.14103237,-0.0074867513,-0.003928487,0.36778557,-0.004890913,-0.0027487054,-0.003569166,-0.0013856097,0.006143961,-0.002726836,0.009951789
ATAC_SERPINB9,-0.00091342634,-0.002195106,-0.0013761553,0.39414644,-0.0058202385,0.14103237,-0.0074867513,-0.003928487,0.36778557,-0.004890913,-0.0027487054,-0.003569166,-0.0013856097,0.006143961,-0.002726836,0.009951789
ATAC_SERPINB9P1,-0.00091049826,-0.0022058145,-0.0013627874,0.39363855,-0.005806047,0.14219266,-0.0074937646,-0.00393507,0.36650893,-0.004880987,-0.0027573556,-0.003571102,-0.0013939275,0.0068475045,-0.0027215001,0.008486409
ATAC_SERPINE1,-0.00091342634,-0.002195106,-0.0013761553,0.39414644,-0.0058202385,0.14103237,-0.0074867513,-0.003928487,0.36778557,-0.004890913,-0.0027487054,-0.003569166,-0.0013856097,0.006143961,-0.002726836,0.009951789
ATAC_SERPINE2,-0.00091342634,-0.002195106,-0.0013761553,0.39414644,-0.0058202385,0.14103237,-0.0074867513,-0.003928487,0.36778557,-0.004890913,-0.0027487054,-0.003569166,-0.0013856097,0.006143961,-0.002726836,0.009951789
ATAC_SERTAD1,-0.0009105576,-0.0021917277,-0.0013742306,0.39412886,-0.005822493,0.14149454,-0.007486565,-0.003924513,0.36772466,-0.004891471,-0.0027515104,-0.0035692083,-0.001383459,0.0062281825,-0.0027287782,0.009653378
ATAC_SFI1,-0.00091342634,-0.002195106,-0.0013761553,0.39414644,-0.0058202385,0.14103237,-0.0074867513,-0.003928487,0.36778557,-0.004890913,-0.0027487054,-0.003569166,-0.0013856097,0.006143961,-0.002726836,0.009951789
ATAC_SFMBT1,-0.0023729303,-0.003422901,0.020272553,0.21368319,-0.004244879,0.13477245,-0.0059964526,-0.0022090098,0.2692378,-0.0042093843,-0.0045897705,-0.0017857387,-0.0032940859,0.10665566,-0.0036105216,0.17494681
ATAC_SFXN1,-0.00091342634,-0.002195106,-0.0013761553,0.39414644,-0.0058202385,0.14103237,-0.0074867513,-0.003928487,0.36778557,-0.004890913,-0.0027487054,-0.003569166,-0.0013856097,0.006143961,-0.002726836,0.009951789
ATAC_SGF29,-0.00091862923,-0.002184325,-0.0013677159,0.39408308,-0.005820053,0.14102049,-0.007497943,-0.003925711,0.3681443,-0.004899566,-0.0027374309,-0.0035677014,-0.001379017,0.0056503154,-0.0027175313,0.008917589
ATAC_SGO2,-0.00091342634,-0.002195106,-0.0013761553,0.39414644,-0.0058202385,0.14103237,-0.0074867513,-0.003928487,0.36778557,-0.004890913,-0.0027487054,-0.003569166,-0.0013856097,0.006143961,-0.002726836,0.009951789
ATAC_SGSM1,-0.00091342634,-0.002195106,-0.0013761553,0.39414644,-0.0058202385,0.14103237,-0.0074867513,-0.003928487,0.36778557,-0.004890913,-0.0027487054,-0.003569166,-0.0013856097,0.006143961,-0.002726836,0.009951789
ATAC_SH2D1B,-0.00091342634,-0.002195106,-0.0013761553,0.39414644,-0.0058202385,0.14103237,-0.0074867513,-0.003928487,0.36778557,-0.004890913,-0.0027487054,-0.003569166,-0.0013856097,0.006143961,-0.002726836,0.009951789
ATAC_SH2D2A,-0.0009134316,-0.0021951061,-0.0013761601,0.3941459,-0.0058202487,0.14103328,-0.007486755,-0.003928487,0.36778578,-0.004890906,-0.002748698,-0.0035691732,-0.0013856145,0.0061440207,-0.0027268294,0.009951342
ATAC_SH2D3A,-0.00091342634,-0.002195106,-0.0013761553,0.39414644,-0.0058202385,0.14103237,-0.0074867513,-0.003928487,0.36778557,-0.004890913,-0.0027487054,-0.003569166,-0.0013856097,0.006143961,-0.002726836,0.009951789
ATAC_SH3BGRL2,-0.0009136853,-0.0021948314,-0.0013763853,0.3941154,-0.005820094,0.14105439,-0.0074868766,-0.003928391,0.36780918,-0.0048911218,-0.0027486496,-0.0035693129,-0.0013854988,0.00616619,-0.0027270096,0.009973925
ATAC_SH3YL1,-0.0023729303,-0.003422901,0.020272553,0.21368319,-0.004244879,0.13477245,-0.0059964526,-0.0022090098,0.2692378,-0.0042093843,-0.0045897705,-0.0017857387,-0.0032940859,0.10665566,-0.0036105216,0.17494681
ATAC_SHBG,-0.00091342634,-0.002195106,-0.0013761553,0.39414644,-0.0058202385,0.14103237,-0.0074867513,-0.003928487,0.36778557,-0.004890913,-0.0027487054,-0.003569166,-0.0013856097,0.006143961,-0.002726836,0.009951789
ATAC_SHISA2,-0.00091342634,-0.002195106,-0.0013761553,0.39414644,-0.0058202385,0.14103237,-0.0074867513,-0.003928487,0.36778557,-0.004890913,-0.0027487054,-0.003569166,-0.0013856097,0.006143961,-0.002726836,0.009951789
ATAC_SHISA7,-0.00091342634,-0.002195106,-0.0013761553,0.39414644,-0.0058202385,0.14103237,-0.0074867513,-0.003928487,0.36778557,-0.004890913,-0.0027487054,-0.003569166,-0.0013856097,0.006143961,-0.002726836,0.009951789
ATAC_SHISAL2A,-0.00091342634,-0.002195106,-0.0013761553,0.39414644,-0.0058202385,0.14103237,-0.0074867513,-0.003928487,0.36778557,-0.004890913,-0.0027487054,-0.003569166,-0.0013856097,0.006143961,-0.002726836,0.009951789
ATAC_SHLD1,-0.00091342634,-0.002195106,-0.0013761553,0.39414644,-0.0058202385,0.14103237,-0.0074867513,-0.003928487,0.36778557,-0.004890913,-0.0027487054,-0.003569166,-0.0013856097,0.006143961,-0.002726836,0.009951789
ATAC_SHOX2,-0.0009105464,-0.0021951324,-0.0013739556,0.39374536,-0.005819498,0.14079864,-0.0074908393,-0.0039298534,0.36747813,-0.0048883236,-0.0027526265,-0.003569026,-0.0013886556,0.0061175562,-0.0027294396,0.009530757
ATAC_SHPRH,-0.00071925693,-0.0018456789,-0.0014616052,0.36821127,-0.0061785923,0.13799013,-0.00787604,-0.0034936117,0.39128733,-0.0046653086,-0.0027227357,-0.0037831508,-0.0014476858,0.006141443,-0.002794148,0.018656304
ATAC_SIAH2-AS1,-0.00091378647,-0.0021970277,-0.0013782722,0.39412314,-0.005820528,0.14106952,-0.0074844663,-0.0039293924,0.36785668,-0.004888715,-0.0027467292,-0.0035714072,-0.0013842476,0.0061832257,-0.0027291193,0.009709898
ATAC_SIDT1,-0.00091342634,-0.002195106,-0.0013761553,0.39414644,-0.0058202385,0.14103237,-0.0074867513,-0.003928487,0.36778557,-0.004890913,-0.0027487054,-0.003569166,-0.0013856097,0.006143961,-0.002726836,0.009951789
ATAC_SIGIRR,-0.00091342634,-0.002195106,-0.0013761553,0.39414644,-0.0058202385,0.14103237,-0.0074867513,-0.003928487,0.36778557,-0.004890913,-0.0027487054,-0.003569166,-0.0013856097,0.006143961,-0.002726836,0.009951789
ATAC_SIRPG,-0.00091342634,-0.002195106,-0.0013761553,0.39414644,-0.0058202385,0.14103237,-0.0074867513,-0.003928487,0.36778557,-0.004890913,-0.0027487054,-0.003569166,-0.0013856097,0.006143961,-0.002726836,0.009951789
ATAC_SIRT1,-0.00091342634,-0.002195106,-0.0013761553,0.39414644,-0.0058202385,0.14103237,-0.0074867513,-0.003928487,0.36778557,-0.004890913,-0.0027487054,-0.003569166,-0.0013856097,0.006143961,-0.002726836,0.009951789
ATAC_SIRT2,-0.00091342634,-0.002195106,-0.0013761553,0.39414644,-0.0058202385,0.14103237,-0.0074867513,-0.003928487,0.36778557,-0.004890913,-0.0027487054,-0.003569166,-0.0013856097,0.006143961,-0.002726836,0.009951789
ATAC_SIX1,-0.00091342634,-0.002195106,-0.0013761553,0.39414644,-0.0058202385,0.14103237,-0.0074867513,-0.003928487,0.36778557,-0.004890913,-0.0027487054,-0.003569166,-0.0013856097,0.006143961,-0.002726836,0.009951789
ATAC_SIX3-AS1,-0.00091342634,-0.002195106,-0.0013761553,0.39414644,-0.0058202385,0.14103237,-0.0074867513,-0.003928487,0.36778557,-0.004890913,-0.0027487054,-0.003569166,-0.0013856097,0.006143961,-0.002726836,0.009951789
ATAC_SIX5,-0.00091862923,-0.002184325,-0.0013677159,0.39408308,-0.005820053,0.14102049,-0.007497943,-0.003925711,0.3681443,-0.004899566,-0.0027374309,-0.0035677014,-0.001379017,0.0056503154,-0.0027175313,0.008917589
ATAC_SKIDA1,-0.00091342634,-0.002195106,-0.0013761553,0.39414644,-0.0058202385,0.14103237,-0.0074867513,-0.003928487,0.36778557,-0.004890913,-0.0027487054,-0.003569166,-0.0013856097,0.006143961,-0.002726836,0.009951789
ATAC_SLA2,-0.0009098672,-0.00219161,-0.0013707265,0.39382136,-0.005827534,0.14246072,-0.0074932175,-0.003914781,0.3680889,-0.0048958748,-0.0027619717,-0.003560803,-0.0013885718,0.005742822,-0.0027221176,0.010556448
ATAC_SLAIN1,-0.00091342634,-0.002195106,-0.0013761553,0.39414644,-0.0058202385,0.14103237,-0.0074867513,-0.003928487,0.36778557,-0.004890913,-0.0027487054,-0.003569166,-0.0013856097,0.006143961,-0.002726836,0.009951789
ATAC_SLAMF6,-0.00091342634,-0.002195106,-0.0013761553,0.39414644,-0.0058202385,0.14103237,-0.0074867513,-0.003928487,0.36778557,-0.004890913,-0.0027487054,-0.003569166,-0.0013856097,0.006143961,-0.002726836,0.009951789
ATAC_SLAMF7,-0.00091342634,-0.002195106,-0.0013761553,0.39414644,-0.0058202385,0.14103237,-0.0074867513,-0.003928487,0.36778557,-0.004890913,-0.0027487054,-0.003569166,-0.0013856097,0.006143961,-0.002726836,0.009951789
ATAC_SLC14A1,-0.00091342634,-0.002195106,-0.0013761553,0.39414644,-0.0058202385,0.14103237,-0.0074867513,-0.003928487,0.36778557,-0.004890913,-0.0027487054,-0.003569166,-0.0013856097,0.006143961,-0.002726836,0.009951789
ATAC_SLC14A2,-0.00091342634,-0.002195106,-0.0013761553,0.39414644,-0.0058202385,0.14103237,-0.0074867513,-0.003928487,0.36778557,-0.004890913,-0.0027487054,-0.003569166,-0.0013856097,0.006143961,-0.002726836,0.009951789
ATAC_SLC16A1-AS1,-0.00091342634,-0.002195106,-0.0013761553,0.39414644,-0.0058202385,0.14103237,-0.0074867513,-0.003928487,0.36778557,-0.004890913,-0.0027487054,-0.003569166,-0.0013856097,0.006143961,-0.002726836,0.009951789
ATAC_SLC16A10,-0.00091342634,-0.002195106,-0.0013761553,0.39414644,-0.0058202385,0.14103237,-0.0074867513,-0.003928487,0.36778557,-0.004890913,-0.0027487054,-0.003569166,-0.0013856097,0.006143961,-0.002726836,0.009951789
ATAC_SLC16A11,-0.00091342634,-0.002195106,-0.0013761553,0.39414644,-0.0058202385,0.14103237,-0.0074867513,-0.003928487,0.36778557,-0.004890913,-0.0027487054,-0.003569166,-0.0013856097,0.006143961,-0.002726836,0.009951789
ATAC_SLC16A13,-0.0014318001,-0.0022786153,-0.0018577307,0.45017463,-0.0062076687,0.14975047,-0.0076045166,-0.0033568603,0.33233684,-0.0046963654,-0.0023686404,-0.0032848548,-0.0010774499,-0.00040442185,-0.0030894058,-0.0005346208
ATAC_SLC17A3,-0.00091342634,-0.002195106,-0.0013761553,0.39414644,-0.0058202385,0.14103237,-0.0074867513,-0.003928487,0.36778557,-0.004890913,-0.0027487054,-0.003569166,-0.0013856097,0.006143961,-0.002726836,0.009951789
ATAC_SLC1A1,-0.00091342634,-0.002195106,-0.0013761553,0.39414644,-0.0058202385,0.14103237,-0.0074867513,-0.003928487,0.36778557,-0.004890913,-0.0027487054,-0.003569166,-0.0013856097,0.006143961,-0.002726836,0.009951789
ATAC_SLC22A23,-0.00091342634,-0.002195106,-0.0013761553,0.39414644,-0.0058202385,0.14103237,-0.0074867513,-0.003928487,0.36778557,-0.004890913,-0.0027487054,-0.003569166,-0.0013856097,0.006143961,-0.002726836,0.009951789
ATAC_SLC24A3,-0.00091342634,-0.002195106,-0.0013761553,0.39414644,-0.0058202385,0.14103237,-0.0074867513,-0.003928487,0.36778557,-0.004890913,-0.0027487054,-0.003569166,-0.0013856097,0.006143961,-0.002726836,0.009951789
ATAC_SLC25A4,-0.0009105576,-0.0021917277,-0.0013742306,0.39412886,-0.005822493,0.14149454,-0.007486565,-0.003924513,0.36772466,-0.004891471,-0.0027515104,-0.0035692083,-0.001383459,0.0062281825,-0.0027287782,0.009653378
ATAC_SLC25A42,-0.00091342634,-0.002195106,-0.0013761553,0.39414644,-0.0058202385,0.14103237,-0.0074867513,-0.003928487,0.36778557,-0.004890913,-0.0027487054,-0.003569166,-0.0013856097,0.006143961,-0.002726836,0.009951789
ATAC_SLC25A45,-0.00091342634,-0.002195106,-0.0013761553,0.39414644,-0.0058202385,0.14103237,-0.0074867513,-0.003928487,0.36778557,-0.004890913,-0.0027487054,-0.003569166,-0.0013856097,0.006143961,-0.002726836,0.009951789
ATAC_SLC25A5-AS1,-0.0009105464,-0.0021951324,-0.0013739556,0.39374536,-0.005819498,0.14079864,-0.0074908393,-0.0039298534,0.36747813,-0.0048883236,-0.0027526265,-0.003569026,-0.0013886556,0.0061175562,-0.0027294396,0.009530757
ATAC_SLC26A11,-0.0009082048,-0.002194612,-0.0013696823,0.39287388,-0.005827985,0.1409599,-0.007477914,-0.003933105,0.3667086,-0.0049039084,-0.0027468388,-0.0035757017,-0.0013801361,0.006160978,-0.0027209988,0.01049595
ATAC_SLC2A14,-0.00091342634,-0.002195106,-0.0013761553,0.39414644,-0.0058202385,0.14103237,-0.0074867513,-0.003928487,0.36778557,-0.004890913,-0.0027487054,-0.003569166,-0.0013856097,0.006143961,-0.002726836,0.009951789
ATAC_SLC2A4RG,-0.00091342634,-0.002195106,-0.0013761553,0.39414644,-0.0058202385,0.14103237,-0.0074867513,-0.003928487,0.36778557,-0.004890913,-0.0027487054,-0.003569166,-0.0013856097,0.006143961,-0.002726836,0.009951789
ATAC_SLC30A5,-0.00091342634,-0.002195106,-0.0013761553,0.39414644,-0.0058202385,0.14103237,-0.0074867513,-0.003928487,0.36778557,-0.004890913,-0.0027487054,-0.003569166,-0.0013856097,0.006143961,-0.002726836,0.009951789
ATAC_SLC35D1,-0.00091342634,-0.002195106,-0.0013761553,0.39414644,-0.0058202385,0.14103237,-0.0074867513,-0.003928487,0.36778557,-0.004890913,-0.0027487054,-0.003569166,-0.0013856097,0.006143961,-0.002726836,0.009951789
ATAC_SLC35G3,-0.00091342634,-0.002195106,-0.0013761553,0.39414644,-0.0058202385,0.14103237,-0.0074867513,-0.003928487,0.36778557,-0.004890913,-0.0027487054,-0.003569166,-0.0013856097,0.006143961,-0.002726836,0.009951789
ATAC_SLC37A3,-0.00091342634,-0.002195106,-0.0013761553,0.39414644,-0.0058202385,0.14103237,-0.0074867513,-0.003928487,0.36778557,-0.004890913,-0.0027487054,-0.003569166,-0.0013856097,0.006143961,-0.002726836,0.009951789
ATAC_SLC37A4,-0.00091342634,-0.002195106,-0.0013761553,0.39414644,-0.0058202385,0.14103237,-0.0074867513,-0.003928487,0.36778557,-0.004890913,-0.0027487054,-0.003569166,-0.0013856097,0.006143961,-0.002726836,0.009951789
ATAC_SLC39A10,-0.00091342634,-0.002195106,-0.0013761553,0.39414644,-0.0058202385,0.14103237,-0.0074867513,-0.003928487,0.36778557,-0.004890913,-0.0027487054,-0.003569166,-0.0013856097,0.006143961,-0.002726836,0.009951789
ATAC_SLC41A1,-0.00091342634,-0.002195106,-0.0013761553,0.39414644,-0.0058202385,0.14103237,-0.0074867513,-0.003928487,0.36778557,-0.004890913,-0.0027487054,-0.003569166,-0.0013856097,0.006143961,-0.002726836,0.009951789
ATAC_SLC44A2,-0.00091342634,-0.002195106,-0.0013761553,0.39414644,-0.0058202385,0.14103237,-0.0074867513,-0.003928487,0.36778557,-0.004890913,-0.0027487054,-0.003569166,-0.0013856097,0.006143961,-0.002726836,0.009951789
ATAC_SLC45A4,-0.00091342634,-0.002195106,-0.0013761553,0.39414644,-0.0058202385,0.14103237,-0.0074867513,-0.003928487,0.36778557,-0.004890913,-0.0027487054,-0.003569166,-0.0013856097,0.006143961,-0.002726836,0.009951789
ATAC_SLC4A10,-0.00091342634,-0.002195106,-0.0013761553,0.39414644,-0.0058202385,0.14103237,-0.0074867513,-0.003928487,0.36778557,-0.004890913,-0.0027487054,-0.003569166,-0.0013856097,0.006143961,-0.002726836,0.009951789
ATAC_SLC4A11,-0.00091342634,-0.002195106,-0.0013761553,0.39414644,-0.0058202385,0.14103237,-0.0074867513,-0.003928487,0.36778557,-0.004890913,-0.0027487054,-0.003569166,-0.0013856097,0.006143961,-0.002726836,0.009951789
ATAC_SLC5A4-AS1,-0.00091049826,-0.0022058145,-0.0013627874,0.39363855,-0.005806047,0.14219266,-0.0074937646,-0.00393507,0.36650893,-0.004880987,-0.0027573556,-0.003571102,-0.0013939275,0.0068475045,-0.0027215001,0.008486409
ATAC_SLC6A20,-0.00091342634,-0.002195106,-0.0013761553,0.39414644,-0.0058202385,0.14103237,-0.0074867513,-0.003928487,0.36778557,-0.004890913,-0.0027487054,-0.003569166,-0.0013856097,0.006143961,-0.002726836,0.009951789
ATAC_SLC7A5,-0.00091342634,-0.002195106,-0.0013761553,0.39414644,-0.0058202385,0.14103237,-0.0074867513,-0.003928487,0.36778557,-0.004890913,-0.0027487054,-0.003569166,-0.0013856097,0.006143961,-0.002726836,0.009951789
ATAC_SLC7A6,-8.560076e-05,-0.0014242387,-0.0021895121,0.4376525,-0.0050953436,0.16704933,-0.007072227,-0.0036565338,0.39033255,-0.005482762,-0.002625306,-0.0033882612,-0.00043797973,-0.00040265324,-0.0020461916,-0.00060364936
ATAC_SLCO4A1,-0.00091378647,-0.0021970277,-0.0013782722,0.39412314,-0.005820528,0.14106952,-0.0074844663,-0.0039293924,0.36785668,-0.004888715,-0.0027467292,-0.0035714072,-0.0013842476,0.0061832257,-0.0027291193,0.009709898
ATAC_SLF1,-0.00091342634,-0.002195106,-0.0013761553,0.39414644,-0.0058202385,0.14103237,-0.0074867513,-0.003928487,0.36778557,-0.004890913,-0.0027487054,-0.003569166,-0.0013856097,0.006143961,-0.002726836,0.009951789
ATAC_SLF2,-0.00089599687,-0.0021817165,-0.0013640422,0.3956078,-0.005809909,0.14328994,-0.0074903523,-0.0039212154,0.36577544,-0.0048855417,-0.0027356779,-0.0035886306,-0.0013670613,0.0050398745,-0.0027420844,0.008148123
ATAC_SLFN12L,-0.00091342634,-0.002195106,-0.0013761553,0.39414644,-0.0058202385,0.14103237,-0.0074867513,-0.003928487,0.36778557,-0.004890913,-0.0027487054,-0.003569166,-0.0013856097,0.006143961,-0.002726836,0.009951789
ATAC_SLFN13,-0.00091342634,-0.002195106,-0.0013761553,0.39414644,-0.0058202385,0.14103237,-0.0074867513,-0.003928487,0.36778557,-0.004890913,-0.0027487054,-0.003569166,-0.0013856097,0.006143961,-0.002726836,0.009951789
ATAC_SLFN5,-0.00091342634,-0.002195106,-0.0013761553,0.39414644,-0.0058202385,0.14103237,-0.0074867513,-0.003928487,0.36778557,-0.004890913,-0.0027487054,-0.003569166,-0.0013856097,0.006143961,-0.002726836,0.009951789
ATAC_SMAD7,-0.00091342634,-0.002195106,-0.0013761553,0.39414644,-0.0058202385,0.14103237,-0.0074867513,-0.003928487,0.36778557,-0.004890913,-0.0027487054,-0.003569166,-0.0013856097,0.006143961,-0.002726836,0.009951789
ATAC_SMARCA1,-0.00091342634,-0.002195106,-0.0013761553,0.39414644,-0.0058202385,0.14103237,-0.0074867513,-0.003928487,0.36778557,-0.004890913,-0.0027487054,-0.003569166,-0.0013856097,0.006143961,-0.002726836,0.009951789
ATAC_SMARCA5-AS1,-0.00088990096,-0.0016303355,-0.0012965231,0.40575373,-0.0038952865,0.15146111,-0.00510286,-0.006077687,0.1332844,-0.0030100376,-0.00068197056,-0.002717577,-6.387189e-05,0.16581057,-0.0036675644,0.06364943
ATAC_SMIM19,-0.00091342634,-0.002195106,-0.0013761553,0.39414644,-0.0058202385,0.14103237,-0.0074867513,-0.003928487,0.36778557,-0.004890913,-0.0027487054,-0.003569166,-0.0013856097,0.006143961,-0.002726836,0.009951789
ATAC_SMIM6,-0.00091342634,-0.002195106,-0.0013761553,0.39414644,-0.0058202385,0.14103237,-0.0074867513,-0.003928487,0.36778557,-0.004890913,-0.0027487054,-0.003569166,-0.0013856097,0.006143961,-0.002726836,0.009951789
ATAC_SNAI3-AS1,-0.00091342634,-0.002195106,-0.0013761553,0.39414644,-0.0058202385,0.14103237,-0.0074867513,-0.003928487,0.36778557,-0.004890913,-0.0027487054,-0.003569166,-0.0013856097,0.006143961,-0.002726836,0.009951789
ATAC_SNAP47-AS1,-0.00091342634,-0.002195106,-0.0013761553,0.39414644,-0.0058202385,0.14103237,-0.0074867513,-0.003928487,0.36778557,-0.004890913,-0.0027487054,-0.003569166,-0.0013856097,0.006143961,-0.002726836,0.009951789
ATAC_SNED1,-0.00091342634,-0.002195106,-0.0013761553,0.39414644,-0.0058202385,0.14103237,-0.0074867513,-0.003928487,0.36778557,-0.004890913,-0.0027487054,-0.003569166,-0.0013856097,0.006143961,-0.002726836,0.009951789
ATAC_SNHG18,-0.00091342634,-0.002195106,-0.0013761553,0.39414644,-0.0058202385,0.14103237,-0.0074867513,-0.003928487,0.36778557,-0.004890913,-0.0027487054,-0.003569166,-0.0013856097,0.006143961,-0.002726836,0.009951789
ATAC_SNHG22,-0.00091776496,-0.0021902006,-0.0013652995,0.39322525,-0.005826504,0.1416322,-0.0074852793,-0.0039205425,0.36792898,-0.004880784,-0.0027496188,-0.0035703494,-0.0013872812,0.006443355,-0.0027271234,0.010392247
ATAC_SNTA1,-0.00091342634,-0.002195106,-0.0013761553,0.39414644,-0.0058202385,0.14103237,-0.0074867513,-0.003928487,0.36778557,-0.004890913,-0.0027487054,-0.003569166,-0.0013856097,0.006143961,-0.002726836,0.009951789
ATAC_SNTB2,-0.00091342634,-0.002195106,-0.0013761553,0.39414644,-0.0058202385,0.14103237,-0.0074867513,-0.003928487,0.36778557,-0.004890913,-0.0027487054,-0.003569166,-0.0013856097,0.006143961,-0.002726836,0.009951789
ATAC_SNX25,-0.00091342634,-0.002195106,-0.0013761553,0.39414644,-0.0058202385,0.14103237,-0.0074867513,-0.003928487,0.36778557,-0.004890913,-0.0027487054,-0.003569166,-0.0013856097,0.006143961,-0.002726836,0.009951789
ATAC_SNX32,-0.00091049826,-0.0022058145,-0.0013627874,0.39363855,-0.005806047,0.14219266,-0.0074937646,-0.00393507,0.36650893,-0.004880987,-0.0027573556,-0.003571102,-0.0013939275,0.0068475045,-0.0027215001,0.008486409
ATAC_SOCS1,-0.00091342634,-0.002195106,-0.0013761553,0.39414644,-0.0058202385,0.14103237,-0.0074867513,-0.003928487,0.36778557,-0.004890913,-0.0027487054,-0.003569166,-0.0013856097,0.006143961,-0.002726836,0.009951789
ATAC_SORCS2,-0.00090771663,-0.002188174,-0.0013804153,0.39317083,-0.0058321594,0.14202403,-0.0074782907,-0.0039347513,0.36797678,-0.0048902864,-0.0027565043,-0.0035701704,-0.0013750436,0.005133096,-0.0027345177,0.008900557
ATAC_SOX13,-0.00092175114,-0.0021947843,-0.0013837354,0.3932873,-0.0058269226,0.1408555,-0.007479291,-0.0039353026,0.36891723,-0.0048954575,-0.0027480249,-0.003571731,-0.0013917967,0.007374119,-0.0027148186,0.010953164
ATAC_SOX2-OT,-0.00091342634,-0.002195106,-0.0013761553,0.39414644,-0.0058202385,0.14103237,-0.0074867513,-0.003928487,0.36778557,-0.004890913,-0.0027487054,-0.003569166,-0.0013856097,0.006143961,-0.002726836,0.009951789
ATAC_SOX4,-0.00091342634,-0.002195106,-0.0013761553,0.39414644,-0.0058202385,0.14103237,-0.0074867513,-0.003928487,0.36778557,-0.004890913,-0.0027487054,-0.003569166,-0.0013856097,0.006143961,-0.002726836,0.009951789
ATAC_SOX5,-0.00085999374,-0.0028547393,-0.0010765237,0.3804518,-0.0050916076,0.08449054,-0.008045143,-0.0033458942,0.32029188,-0.005161133,-0.0025791433,-0.003327382,-0.000661913,0.096476406,-0.0028311305,0.010128606
ATAC_SOX6,-0.00090771663,-0.002188174,-0.0013804153,0.39317083,-0.0058321594,0.14202403,-0.0074782907,-0.0039347513,0.36797678,-0.0048902864,-0.0027565043,-0.0035701704,-0.0013750436,0.005133096,-0.0027345177,0.008900557
ATAC_SP140,-0.00090771663,-0.002188174,-0.0013804153,0.39317083,-0.0058321594,0.14202403,-0.0074782907,-0.0039347513,0.36797678,-0.0048902864,-0.0027565043,-0.0035701704,-0.0013750436,0.005133096,-0.0027345177,0.008900557
ATAC_SP4,-0.00091342634,-0.002195106,-0.0013761553,0.39414644,-0.0058202385,0.14103237,-0.0074867513,-0.003928487,0.36778557,-0.004890913,-0.0027487054,-0.003569166,-0.0013856097,0.006143961,-0.002726836,0.009951789
ATAC_SP6,-0.00091342634,-0.002195106,-0.0013761553,0.39414644,-0.0058202385,0.14103237,-0.0074867513,-0.003928487,0.36778557,-0.004890913,-0.0027487054,-0.003569166,-0.0013856097,0.006143961,-0.002726836,0.009951789
ATAC_SPA17,-0.00091342634,-0.002195106,-0.0013761553,0.39414644,-0.0058202385,0.14103237,-0.0074867513,-0.003928487,0.36778557,-0.004890913,-0.0027487054,-0.003569166,-0.0013856097,0.006143961,-0.002726836,0.009951789
ATAC_SPAG16-DT,-0.00091342634,-0.002195106,-0.0013761553,0.39414644,-0.0058202385,0.14103237,-0.0074867513,-0.003928487,0.36778557,-0.004890913,-0.0027487054,-0.003569166,-0.0013856097,0.006143961,-0.002726836,0.009951789
ATAC_SPAG5-AS1,-0.00091342634,-0.002195106,-0.0013761553,0.39414644,-0.0058202385,0.14103237,-0.0074867513,-0.003928487,0.36778557,-0.004890913,-0.0027487054,-0.003569166,-0.0013856097,0.006143961,-0.002726836,0.009951789
ATAC_SPAG6,-0.00091342634,-0.002195106,-0.0013761553,0.39414644,-0.0058202385,0.14103237,-0.0074867513,-0.003928487,0.36778557,-0.004890913,-0.0027487054,-0.003569166,-0.0013856097,0.006143961,-0.002726836,0.009951789
ATAC_SPATA12,-0.00091342634,-0.002195106,-0.0013761553,0.39414644,-0.0058202385,0.14103237,-0.0074867513,-0.003928487,0.36778557,-0.004890913,-0.0027487054,-0.003569166,-0.0013856097,0.006143961,-0.002726836,0.009951789
ATAC_SPATA32,-0.00091342634,-0.002195106,-0.0013761553,0.39414644,-0.0058202385,0.14103237,-0.0074867513,-0.003928487,0.36778557,-0.004890913,-0.0027487054,-0.003569166,-0.0013856097,0.006143961,-0.002726836,0.009951789
ATAC_SPATA33,-0.00091342634,-0.002195106,-0.0013761553,0.39414644,-0.0058202385,0.14103237,-0.0074867513,-0.003928487,0.36778557,-0.004890913,-0.0027487054,-0.003569166,-0.0013856097,0.006143961,-0.002726836,0.009951789
ATAC_SPATA5,-0.00091342634,-0.002195106,-0.0013761553,0.39414644,-0.0058202385,0.14103237,-0.0074867513,-0.003928487,0.36778557,-0.004890913,-0.0027487054,-0.003569166,-0.0013856097,0.006143961,-0.002726836,0.009951789
ATAC_SPEF2,-0.00091342634,-0.002195106,-0.0013761553,0.39414644,-0.0058202385,0.14103237,-0.0074867513,-0.003928487,0.36778557,-0.004890913,-0.0027487054,-0.003569166,-0.0013856097,0.006143961,-0.002726836,0.009951789
ATAC_SPIB,-0.00091342634,-0.002195106,-0.0013761553,0.39414644,-0.0058202385,0.14103237,-0.0074867513,-0.003928487,0.36778557,-0.004890913,-0.0027487054,-0.003569166,-0.0013856097,0.006143961,-0.002726836,0.009951789
ATAC_SPINK2,-0.00089599687,-0.0021817165,-0.0013640422,0.3956078,-0.005809909,0.14328994,-0.0074903523,-0.0039212154,0.36577544,-0.0048855417,-0.0027356779,-0.0035886306,-0.0013670613,0.0050398745,-0.0027420844,0.008148123
ATAC_SPIRE2,-0.00091342634,-0.002195106,-0.0013761553,0.39414644,-0.0058202385,0.14103237,-0.0074867513,-0.003928487,0.36778557,-0.004890913,-0.0027487054,-0.003569166,-0.0013856097,0.006143961,-0.002726836,0.009951789
ATAC_SPON1,-0.00091342634,-0.002195106,-0.0013761553,0.39414644,-0.0058202385,0.14103237,-0.0074867513,-0.003928487,0.36778557,-0.004890913,-0.0027487054,-0.003569166,-0.0013856097,0.006143961,-0.002726836,0.009951789
ATAC_SPON2,-0.00091342634,-0.002195106,-0.0013761553,0.39414644,-0.0058202385,0.14103237,-0.0074867513,-0.003928487,0.36778557,-0.004890913,-0.0027487054,-0.003569166,-0.0013856097,0.006143961,-0.002726836,0.009951789
ATAC_SPP1,-0.00091342634,-0.002195106,-0.0013761553,0.39414644,-0.0058202385,0.14103237,-0.0074867513,-0.003928487,0.36778557,-0.004890913,-0.0027487054,-0.003569166,-0.0013856097,0.006143961,-0.002726836,0.009951789
ATAC_SPRY2,-0.00091342634,-0.002195106,-0.0013761553,0.39414644,-0.0058202385,0.14103237,-0.0074867513,-0.003928487,0.36778557,-0.004890913,-0.0027487054,-0.003569166,-0.0013856097,0.006143961,-0.002726836,0.009951789
ATAC_SPRY4-AS1,-0.00091342634,-0.002195106,-0.0013761553,0.39414644,-0.0058202385,0.14103237,-0.0074867513,-0.003928487,0.36778557,-0.004890913,-0.0027487054,-0.003569166,-0.0013856097,0.006143961,-0.002726836,0.009951789
ATAC_SPTBN1,-0.00092175114,-0.0021947843,-0.0013837354,0.3932873,-0.0058269226,0.1408555,-0.007479291,-0.0039353026,0.36891723,-0.0048954575,-0.0027480249,-0.003571731,-0.0013917967,0.007374119,-0.0027148186,0.010953164
ATAC_SPTBN5,-0.00091342634,-0.002195106,-0.0013761553,0.39414644,-0.0058202385,0.14103237,-0.0074867513,-0.003928487,0.36778557,-0.004890913,-0.0027487054,-0.003569166,-0.0013856097,0.006143961,-0.002726836,0.009951789
ATAC_SPTSSB,-0.00091342634,-0.002195106,-0.0013761553,0.39414644,-0.0058202385,0.14103237,-0.0074867513,-0.003928487,0.36778557,-0.004890913,-0.0027487054,-0.003569166,-0.0013856097,0.006143961,-0.002726836,0.009951789
ATAC_SRBD1,-0.00091342634,-0.002195106,-0.0013761553,0.39414644,-0.0058202385,0.14103237,-0.0074867513,-0.003928487,0.36778557,-0.004890913,-0.0027487054,-0.003569166,-0.0013856097,0.006143961,-0.002726836,0.009951789
ATAC_SREBF2-AS1,-0.00091049826,-0.0022058145,-0.0013627874,0.39363855,-0.005806047,0.14219266,-0.0074937646,-0.00393507,0.36650893,-0.004880987,-0.0027573556,-0.003571102,-0.0013939275,0.0068475045,-0.0027215001,0.008486409
ATAC_SRGAP3-AS4,-0.00091342634,-0.002195106,-0.0013761553,0.39414644,-0.0058202385,0.14103237,-0.0074867513,-0.003928487,0.36778557,-0.004890913,-0.0027487054,-0.003569166,-0.0013856097,0.006143961,-0.002726836,0.009951789
ATAC_SS18L2,-0.00091342634,-0.002195106,-0.0013761553,0.39414644,-0.0058202385,0.14103237,-0.0074867513,-0.003928487,0.36778557,-0.004890913,-0.0027487054,-0.003569166,-0.0013856097,0.006143961,-0.002726836,0.009951789
ATAC_ST3GAL3,-0.0009098672,-0.00219161,-0.0013707265,0.39382136,-0.005827534,0.14246072,-0.0074932175,-0.003914781,0.3680889,-0.0048958748,-0.0027619717,-0.003560803,-0.0013885718,0.005742822,-0.0027221176,0.010556448
ATAC_ST3GAL6-AS1,-0.00091342634,-0.002195106,-0.0013761553,0.39414644,-0.0058202385,0.14103237,-0.0074867513,-0.003928487,0.36778557,-0.004890913,-0.0027487054,-0.003569166,-0.0013856097,0.006143961,-0.002726836,0.009951789
ATAC_ST8SIA1,0.022694267,0.104451835,-0.0021262513,0.5145376,-0.0038675102,0.16154484,-0.0054447865,-0.0033419,0.29120526,-0.0037977032,-0.0011657667,-0.004547,-0.0015854569,-0.0010382575,-0.0028501689,-0.0010671407
ATAC_ST8SIA6,-0.00091342634,-0.002195106,-0.0013761553,0.39414644,-0.0058202385,0.14103237,-0.0074867513,-0.003928487,0.36778557,-0.004890913,-0.0027487054,-0.003569166,-0.0013856097,0.006143961,-0.002726836,0.009951789
ATAC_STAC2,-0.00091862923,-0.002184325,-0.0013677159,0.39408308,-0.005820053,0.14102049,-0.007497943,-0.003925711,0.3681443,-0.004899566,-0.0027374309,-0.0035677014,-0.001379017,0.0056503154,-0.0027175313,0.008917589
ATAC_STAMBPL1,-0.00091342634,-0.002195106,-0.0013761553,0.39414644,-0.0058202385,0.14103237,-0.0074867513,-0.003928487,0.36778557,-0.004890913,-0.0027487054,-0.003569166,-0.0013856097,0.006143961,-0.002726836,0.009951789
ATAC_STAP1,-0.00091342634,-0.002195106,-0.0013761553,0.39414644,-0.0058202385,0.14103237,-0.0074867513,-0.003928487,0.36778557,-0.004890913,-0.0027487054,-0.003569166,-0.0013856097,0.006143961,-0.002726836,0.009951789
ATAC_STARD9,-0.00088990096,-0.0016303355,-0.0012965231,0.40575373,-0.0038952865,0.15146111,-0.00510286,-0.006077687,0.1332844,-0.0030100376,-0.00068197056,-0.002717577,-6.387189e-05,0.16581057,-0.0036675644,0.06364943
ATAC_STAT5B,-0.00091342634,-0.002195106,-0.0013761553,0.39414644,-0.0058202385,0.14103237,-0.0074867513,-0.003928487,0.36778557,-0.004890913,-0.0027487054,-0.003569166,-0.0013856097,0.006143961,-0.002726836,0.009951789
ATAC_STEAP1B,-0.00091342634,-0.002195106,-0.0013761553,0.39414644,-0.0058202385,0.14103237,-0.0074867513,-0.003928487,0.36778557,-0.004890913,-0.0027487054,-0.003569166,-0.0013856097,0.006143961,-0.002726836,0.009951789
ATAC_STMN3,-0.0023729303,-0.003422901,0.020272553,0.21368319,-0.004244879,0.13477245,-0.0059964526,-0.0022090098,0.2692378,-0.0042093843,-0.0045897705,-0.0017857387,-0.0032940859,0.10665566,-0.0036105216,0.17494681
ATAC_STON1-GTF2A1L,-0.00091342634,-0.002195106,-0.0013761553,0.39414644,-0.0058202385,0.14103237,-0.0074867513,-0.003928487,0.36778557,-0.004890913,-0.0027487054,-0.003569166,-0.0013856097,0.006143961,-0.002726836,0.009951789
ATAC_STPG1,-0.00091342634,-0.002195106,-0.0013761553,0.39414644,-0.0058202385,0.14103237,-0.0074867513,-0.003928487,0.36778557,-0.004890913,-0.0027487054,-0.003569166,-0.0013856097,0.006143961,-0.002726836,0.009951789
ATAC_STPG2,-0.00091342634,-0.002195106,-0.0013761553,0.39414644,-0.0058202385,0.14103237,-0.0074867513,-0.003928487,0.36778557,-0.004890913,-0.0027487054,-0.003569166,-0.0013856097,0.006143961,-0.002726836,0.009951789
ATAC_STPG3-AS1,-0.00091776496,-0.0021902006,-0.0013652995,0.39322525,-0.005826504,0.1416322,-0.0074852793,-0.0039205425,0.36792898,-0.004880784,-0.0027496188,-0.0035703494,-0.0013872812,0.006443355,-0.0027271234,0.010392247
ATAC_STRBP,-0.00091342634,-0.002195106,-0.0013761553,0.39414644,-0.0058202385,0.14103237,-0.0074867513,-0.003928487,0.36778557,-0.004890913,-0.0027487054,-0.003569166,-0.0013856097,0.006143961,-0.002726836,0.009951789
ATAC_STX18-AS1,-0.00091342634,-0.002195106,-0.0013761553,0.39414644,-0.0058202385,0.14103237,-0.0074867513,-0.003928487,0.36778557,-0.004890913,-0.0027487054,-0.003569166,-0.0013856097,0.006143961,-0.002726836,0.009951789
ATAC_STX1A,-0.00091342634,-0.002195106,-0.0013761553,0.39414644,-0.0058202385,0.14103237,-0.0074867513,-0.003928487,0.36778557,-0.004890913,-0.0027487054,-0.003569166,-0.0013856097,0.006143961,-0.002726836,0.009951789
ATAC_STXBP5L,-0.00085921306,-0.0028514194,-0.0010761732,0.37998796,-0.0050867763,0.08471882,-0.008042119,-0.003351063,0.31982675,-0.0051620514,-0.0025768164,-0.003328623,-0.0006605238,0.09671359,-0.0028322886,0.009930063
ATAC_SUGCT,-0.00091342634,-0.002195106,-0.0013761553,0.39414644,-0.0058202385,0.14103237,-0.0074867513,-0.003928487,0.36778557,-0.004890913,-0.0027487054,-0.003569166,-0.0013856097,0.006143961,-0.002726836,0.009951789
ATAC_SULF2,-0.00091342634,-0.002195106,-0.0013761553,0.39414644,-0.0058202385,0.14103237,-0.0074867513,-0.003928487,0.36778557,-0.004890913,-0.0027487054,-0.003569166,-0.0013856097,0.006143961,-0.002726836,0.009951789
ATAC_SULT6B1,-0.00091342634,-0.002195106,-0.0013761553,0.39414644,-0.0058202385,0.14103237,-0.0074867513,-0.003928487,0.36778557,-0.004890913,-0.0027487054,-0.003569166,-0.0013856097,0.006143961,-0.002726836,0.009951789
ATAC_SUPT3H,-0.00091342634,-0.002195106,-0.0013761553,0.39414644,-0.0058202385,0.14103237,-0.0074867513,-0.003928487,0.36778557,-0.004890913,-0.0027487054,-0.003569166,-0.0013856097,0.006143961,-0.002726836,0.009951789
ATAC_SUPT7L,-0.00085921306,-0.0028514194,-0.0010761732,0.37998796,-0.0050867763,0.08471882,-0.008042119,-0.003351063,0.31982675,-0.0051620514,-0.0025768164,-0.003328623,-0.0006605238,0.09671359,-0.0028322886,0.009930063
ATAC_SUSD4,-8.638151e-05,-0.0014275586,-0.0021898628,0.43811637,-0.005100174,0.16682105,-0.00707525,-0.003651365,0.39079767,-0.0054818443,-0.0026276328,-0.0033870202,-0.00043936903,-0.00040502506,-0.0020450335,-0.00060166395
ATAC_SVEP1,-0.00091342634,-0.002195106,-0.0013761553,0.39414644,-0.0058202385,0.14103237,-0.0074867513,-0.003928487,0.36778557,-0.004890913,-0.0027487054,-0.003569166,-0.0013856097,0.006143961,-0.002726836,0.009951789
ATAC_SVIP,-0.00091342634,-0.002195106,-0.0013761553,0.39414644,-0.0058202385,0.14103237,-0.0074867513,-0.003928487,0.36778557,-0.004890913,-0.0027487054,-0.003569166,-0.0013856097,0.006143961,-0.002726836,0.009951789
ATAC_SYDE2,-0.0023781331,-0.00341212,0.02111651,0.21361983,-0.0042446945,0.13476057,-0.006007644,-0.0022062333,0.26959652,-0.0042180372,-0.0045784963,-0.0017842746,-0.0032874933,0.106162,-0.0036012165,0.17391261
ATAC_SYN2,-0.00091342634,-0.002195106,-0.0013761553,0.39414644,-0.0058202385,0.14103237,-0.0074867513,-0.003928487,0.36778557,-0.004890913,-0.0027487054,-0.003569166,-0.0013856097,0.006143961,-0.002726836,0.009951789
ATAC_SYNE1,-0.00091342634,-0.002195106,-0.0013761553,0.39414644,-0.0058202385,0.14103237,-0.0074867513,-0.003928487,0.36778557,-0.004890913,-0.0027487054,-0.003569166,-0.0013856097,0.006143961,-0.002726836,0.009951789
ATAC_SYNGAP1,-0.000894893,-0.00217903,-0.0013779375,0.39369297,-0.0058282805,0.14180589,-0.0074890754,-0.0039469264,0.3665093,-0.0048853145,-0.0027464523,-0.0035780913,-0.0013720134,0.006448794,-0.002748563,0.009504605
ATAC_SYNJ2,-0.00091342634,-0.002195106,-0.0013761553,0.39414644,-0.0058202385,0.14103237,-0.0074867513,-0.003928487,0.36778557,-0.004890913,-0.0027487054,-0.003569166,-0.0013856097,0.006143961,-0.002726836,0.009951789
ATAC_SYT1,-0.00091342634,-0.002195106,-0.0013761553,0.39414644,-0.0058202385,0.14103237,-0.0074867513,-0.003928487,0.36778557,-0.004890913,-0.0027487054,-0.003569166,-0.0013856097,0.006143961,-0.002726836,0.009951789
ATAC_SYT5,-0.00091342634,-0.002195106,-0.0013761553,0.39414644,-0.0058202385,0.14103237,-0.0074867513,-0.003928487,0.36778557,-0.004890913,-0.0027487054,-0.003569166,-0.0013856097,0.006143961,-0.002726836,0.009951789
ATAC_SYT7,-0.00091342634,-0.002195106,-0.0013761553,0.39414644,-0.0058202385,0.14103237,-0.0074867513,-0.003928487,0.36778557,-0.004890913,-0.0027487054,-0.003569166,-0.0013856097,0.006143961,-0.002726836,0.009951789
ATAC_SYTL2,-0.00091342634,-0.002195106,-0.0013761553,0.39414644,-0.0058202385,0.14103237,-0.0074867513,-0.003928487,0.36778557,-0.004890913,-0.0027487054,-0.003569166,-0.0013856097,0.006143961,-0.002726836,0.009951789
ATAC_TAC3,-0.00091342634,-0.002195106,-0.0013761553,0.39414644,-0.0058202385,0.14103237,-0.0074867513,-0.003928487,0.36778557,-0.004890913,-0.0027487054,-0.003569166,-0.0013856097,0.006143961,-0.002726836,0.009951789
ATAC_TAF11,-0.00091342634,-0.002195106,-0.0013761553,0.39414644,-0.0058202385,0.14103237,-0.0074867513,-0.003928487,0.36778557,-0.004890913,-0.0027487054,-0.003569166,-0.0013856097,0.006143961,-0.002726836,0.009951789
ATAC_TAF1A-AS1,-0.0023729303,-0.003422901,0.020272553,0.21368319,-0.004244879,0.13477245,-0.0059964526,-0.0022090098,0.2692378,-0.0042093843,-0.0045897705,-0.0017857387,-0.0032940859,0.10665566,-0.0036105216,0.17494681
ATAC_TAF1C,-0.00091342634,-0.002195106,-0.0013761553,0.39414644,-0.0058202385,0.14103237,-0.0074867513,-0.003928487,0.36778557,-0.004890913,-0.0027487054,-0.003569166,-0.0013856097,0.006143961,-0.002726836,0.009951789
ATAC_TAF3,-0.00091342634,-0.002195106,-0.0013761553,0.39414644,-0.0058202385,0.14103237,-0.0074867513,-0.003928487,0.36778557,-0.004890913,-0.0027487054,-0.003569166,-0.0013856097,0.006143961,-0.002726836,0.009951789
ATAC_TANC1,-0.0009134316,-0.0021951061,-0.0013761601,0.3941459,-0.0058202487,0.14103328,-0.007486755,-0.003928487,0.36778578,-0.004890906,-0.002748698,-0.0035691732,-0.0013856145,0.0061440207,-0.0027268294,0.009951342
ATAC_TBC1D16,-0.00091342634,-0.002195106,-0.0013761553,0.39414644,-0.0058202385,0.14103237,-0.0074867513,-0.003928487,0.36778557,-0.004890913,-0.0027487054,-0.003569166,-0.0013856097,0.006143961,-0.002726836,0.009951789
ATAC_TBC1D17,-0.00091342634,-0.002195106,-0.0013761553,0.39414644,-0.0058202385,0.14103237,-0.0074867513,-0.003928487,0.36778557,-0.004890913,-0.0027487054,-0.003569166,-0.0013856097,0.006143961,-0.002726836,0.009951789
ATAC_TBC1D31,-0.00091342634,-0.002195106,-0.0013761553,0.39414644,-0.0058202385,0.14103237,-0.0074867513,-0.003928487,0.36778557,-0.004890913,-0.0027487054,-0.003569166,-0.0013856097,0.006143961,-0.002726836,0.009951789
ATAC_TBC1D32,-0.00091819797,-0.0021889585,-0.0013668583,0.39434472,-0.005821185,0.14086138,-0.0074942205,-0.0039296374,0.36836207,-0.0048930002,-0.0027494691,-0.0035737788,-0.0013920319,0.0061419643,-0.0027187946,0.009251136
ATAC_TBC1D4,-0.00091342634,-0.002195106,-0.0013761553,0.39414644,-0.0058202385,0.14103237,-0.0074867513,-0.003928487,0.36778557,-0.004890913,-0.0027487054,-0.003569166,-0.0013856097,0.006143961,-0.002726836,0.009951789
ATAC_TBC1D8-AS1,-0.00091342634,-0.002195106,-0.0013761553,0.39414644,-0.0058202385,0.14103237,-0.0074867513,-0.003928487,0.36778557,-0.004890913,-0.0027487054,-0.003569166,-0.0013856097,0.006143961,-0.002726836,0.009951789
ATAC_TBCCD1,-0.00091342634,-0.002195106,-0.0013761553,0.39414644,-0.0058202385,0.14103237,-0.0074867513,-0.003928487,0.36778557,-0.004890913,-0.0027487054,-0.003569166,-0.0013856097,0.006143961,-0.002726836,0.009951789
ATAC_TBCE,-0.00091342634,-0.002195106,-0.0013761553,0.39414644,-0.0058202385,0.14103237,-0.0074867513,-0.003928487,0.36778557,-0.004890913,-0.0027487054,-0.003569166,-0.0013856097,0.006143961,-0.002726836,0.009951789
ATAC_TBKBP1,-0.00091342634,-0.002195106,-0.0013761553,0.39414644,-0.0058202385,0.14103237,-0.0074867513,-0.003928487,0.36778557,-0.004890913,-0.0027487054,-0.003569166,-0.0013856097,0.006143961,-0.002726836,0.009951789
ATAC_TBX10,-0.00091342634,-0.002195106,-0.0013761553,0.39414644,-0.0058202385,0.14103237,-0.0074867513,-0.003928487,0.36778557,-0.004890913,-0.0027487054,-0.003569166,-0.0013856097,0.006143961,-0.002726836,0.009951789
ATAC_TBX20,-0.00090060284,-0.0021859615,-0.0013736775,0.39466858,-0.0058163595,0.14081423,-0.0074975365,-0.003940663,0.36631808,-0.0048859417,-0.0027386534,-0.0035770868,-0.0013825794,0.007459659,-0.0027408812,0.010555837
ATAC_TBX21,-0.00091342634,-0.002195106,-0.0013761553,0.39414644,-0.0058202385,0.14103237,-0.0074867513,-0.003928487,0.36778557,-0.004890913,-0.0027487054,-0.003569166,-0.0013856097,0.006143961,-0.002726836,0.009951789
ATAC_TCEAL9,-0.00091342634,-0.002195106,-0.0013761553,0.39414644,-0.0058202385,0.14103237,-0.0074867513,-0.003928487,0.36778557,-0.004890913,-0.0027487054,-0.003569166,-0.0013856097,0.006143961,-0.002726836,0.009951789
ATAC_TCF15,-0.00091342634,-0.002195106,-0.0013761553,0.39414644,-0.0058202385,0.14103237,-0.0074867513,-0.003928487,0.36778557,-0.004890913,-0.0027487054,-0.003569166,-0.0013856097,0.006143961,-0.002726836,0.009951789
ATAC_TCF19,-0.00085921306,-0.0028514194,-0.0010761732,0.37998796,-0.0050867763,0.08471882,-0.008042119,-0.003351063,0.31982675,-0.0051620514,-0.0025768164,-0.003328623,-0.0006605238,0.09671359,-0.0028322886,0.009930063
ATAC_TCF20,-0.0009136853,-0.0021948314,-0.0013763853,0.3941154,-0.005820094,0.14105439,-0.0074868766,-0.003928391,0.36780918,-0.0048911218,-0.0027486496,-0.0035693129,-0.0013854988,0.00616619,-0.0027270096,0.009973925
ATAC_TCF7L1,-0.00091342634,-0.002195106,-0.0013761553,0.39414644,-0.0058202385,0.14103237,-0.0074867513,-0.003928487,0.36778557,-0.004890913,-0.0027487054,-0.003569166,-0.0013856097,0.006143961,-0.002726836,0.009951789
ATAC_TCL1A,-0.00091342634,-0.002195106,-0.0013761553,0.39414644,-0.0058202385,0.14103237,-0.0074867513,-0.003928487,0.36778557,-0.004890913,-0.0027487054,-0.003569166,-0.0013856097,0.006143961,-0.002726836,0.009951789
ATAC_TCTA,0.098081976,-0.0022069071,-0.003592484,0.17319304,-0.007452073,0.09036142,-0.0061132684,-0.0012185241,0.5160746,-0.0035624092,-0.0031615978,-0.0011128838,-0.00020164184,-0.00084281963,0.081781805,-0.0001089471
ATAC_TCTN2,-0.00091342634,-0.002195106,-0.0013761553,0.39414644,-0.0058202385,0.14103237,-0.0074867513,-0.003928487,0.36778557,-0.004890913,-0.0027487054,-0.003569166,-0.0013856097,0.006143961,-0.002726836,0.009951789
ATAC_TDRD1,-0.00091342634,-0.002195106,-0.0013761553,0.39414644,-0.0058202385,0.14103237,-0.0074867513,-0.003928487,0.36778557,-0.004890913,-0.0027487054,-0.003569166,-0.0013856097,0.006143961,-0.002726836,0.009951789
ATAC_TECR,-0.0009134316,-0.0021951061,-0.0013761601,0.3941459,-0.0058202487,0.14103328,-0.007486755,-0.003928487,0.36778578,-0.004890906,-0.002748698,-0.0035691732,-0.0013856145,0.0061440207,-0.0027268294,0.009951342
ATAC_TENM1,-0.00092175114,-0.0021947843,-0.0013837354,0.3932873,-0.0058269226,0.1408555,-0.007479291,-0.0039353026,0.36891723,-0.0048954575,-0.0027480249,-0.003571731,-0.0013917967,0.007374119,-0.0027148186,0.010953164
ATAC_TENM2,-0.00091342634,-0.002195106,-0.0013761553,0.39414644,-0.0058202385,0.14103237,-0.0074867513,-0.003928487,0.36778557,-0.004890913,-0.0027487054,-0.003569166,-0.0013856097,0.006143961,-0.002726836,0.009951789
ATAC_TET1,-0.00091342634,-0.002195106,-0.0013761553,0.39414644,-0.0058202385,0.14103237,-0.0074867513,-0.003928487,0.36778557,-0.004890913,-0.0027487054,-0.003569166,-0.0013856097,0.006143961,-0.002726836,0.009951789
ATAC_TEX14,-0.00091342634,-0.002195106,-0.0013761553,0.39414644,-0.0058202385,0.14103237,-0.0074867513,-0.003928487,0.36778557,-0.004890913,-0.0027487054,-0.003569166,-0.0013856097,0.006143961,-0.002726836,0.009951789
ATAC_TEX53,-0.00091819797,-0.0021889585,-0.0013668583,0.39434472,-0.005821185,0.14086138,-0.0074942205,-0.0039296374,0.36836207,-0.0048930002,-0.0027494691,-0.0035737788,-0.0013920319,0.0061419643,-0.0027187946,0.009251136
ATAC_TEX55,-0.00091342634,-0.002195106,-0.0013761553,0.39414644,-0.0058202385,0.14103237,-0.0074867513,-0.003928487,0.36778557,-0.004890913,-0.0027487054,-0.003569166,-0.0013856097,0.006143961,-0.002726836,0.009951789
ATAC_TFAP2A-AS1,-0.00091342634,-0.002195106,-0.0013761553,0.39414644,-0.0058202385,0.14103237,-0.0074867513,-0.003928487,0.36778557,-0.004890913,-0.0027487054,-0.003569166,-0.0013856097,0.006143961,-0.002726836,0.009951789
ATAC_TFCP2,-0.00091342634,-0.002195106,-0.0013761553,0.39414644,-0.0058202385,0.14103237,-0.0074867513,-0.003928487,0.36778557,-0.004890913,-0.0027487054,-0.003569166,-0.0013856097,0.006143961,-0.002726836,0.009951789
ATAC_TFDP2,-0.00091342634,-0.002195106,-0.0013761553,0.39414644,-0.0058202385,0.14103237,-0.0074867513,-0.003928487,0.36778557,-0.004890913,-0.0027487054,-0.003569166,-0.0013856097,0.006143961,-0.002726836,0.009951789
ATAC_TFR2,-0.00091342634,-0.002195106,-0.0013761553,0.39414644,-0.0058202385,0.14103237,-0.0074867513,-0.003928487,0.36778557,-0.004890913,-0.0027487054,-0.003569166,-0.0013856097,0.006143961,-0.002726836,0.009951789
ATAC_TGFB3,-0.00091342634,-0.002195106,-0.0013761553,0.39414644,-0.0058202385,0.14103237,-0.0074867513,-0.003928487,0.36778557,-0.004890913,-0.0027487054,-0.003569166,-0.0013856097,0.006143961,-0.002726836,0.009951789
ATAC_THBS1,-0.00091342634,-0.002195106,-0.0013761553,0.39414644,-0.0058202385,0.14103237,-0.0074867513,-0.003928487,0.36778557,-0.004890913,-0.0027487054,-0.003569166,-0.0013856097,0.006143961,-0.002726836,0.009951789
ATAC_THEGL,-0.00091342634,-0.002195106,-0.0013761553,0.39414644,-0.0058202385,0.14103237,-0.0074867513,-0.003928487,0.36778557,-0.004890913,-0.0027487054,-0.003569166,-0.0013856097,0.006143961,-0.002726836,0.009951789
ATAC_THEM4,-0.0009082048,-0.002194612,-0.0013696823,0.39287388,-0.005827985,0.1409599,-0.007477914,-0.003933105,0.3667086,-0.0049039084,-0.0027468388,-0.0035757017,-0.0013801361,0.006160978,-0.0027209988,0.01049595
ATAC_THORLNC,-0.00091342634,-0.002195106,-0.0013761553,0.39414644,-0.0058202385,0.14103237,-0.0074867513,-0.003928487,0.36778557,-0.004890913,-0.0027487054,-0.003569166,-0.0013856097,0.006143961,-0.002726836,0.009951789
ATAC_THSD8,-0.00091342634,-0.002195106,-0.0013761553,0.39414644,-0.0058202385,0.14103237,-0.0074867513,-0.003928487,0.36778557,-0.004890913,-0.0027487054,-0.003569166,-0.0013856097,0.006143961,-0.002726836,0.009951789
ATAC_TIGD2,-0.00091342634,-0.002195106,-0.0013761553,0.39414644,-0.0058202385,0.14103237,-0.0074867513,-0.003928487,0.36778557,-0.004890913,-0.0027487054,-0.003569166,-0.0013856097,0.006143961,-0.002726836,0.009951789
ATAC_TIGD4,-0.00091342634,-0.002195106,-0.0013761553,0.39414644,-0.0058202385,0.14103237,-0.0074867513,-0.003928487,0.36778557,-0.004890913,-0.0027487054,-0.003569166,-0.0013856097,0.006143961,-0.002726836,0.009951789
ATAC_TIMP3,-8.560076e-05,-0.0014242387,-0.0021895121,0.4376525,-0.0050953436,0.16704933,-0.007072227,-0.0036565338,0.39033255,-0.005482762,-0.002625306,-0.0033882612,-0.00043797973,-0.00040265324,-0.0020461916,-0.00060364936
ATAC_TLCD1,-0.00091342634,-0.002195106,-0.0013761553,0.39414644,-0.0058202385,0.14103237,-0.0074867513,-0.003928487,0.36778557,-0.004890913,-0.0027487054,-0.003569166,-0.0013856097,0.006143961,-0.002726836,0.009951789
ATAC_TLCD5,-0.00091342634,-0.002195106,-0.0013761553,0.39414644,-0.0058202385,0.14103237,-0.0074867513,-0.003928487,0.36778557,-0.004890913,-0.0027487054,-0.003569166,-0.0013856097,0.006143961,-0.002726836,0.009951789
ATAC_TLE1,-0.0009136853,-0.0021948314,-0.0013763853,0.3941154,-0.005820094,0.14105439,-0.0074868766,-0.003928391,0.36780918,-0.0048911218,-0.0027486496,-0.0035693129,-0.0013854988,0.00616619,-0.0027270096,0.009973925
ATAC_TLN2,-0.00091342634,-0.002195106,-0.0013761553,0.39414644,-0.0058202385,0.14103237,-0.0074867513,-0.003928487,0.36778557,-0.004890913,-0.0027487054,-0.003569166,-0.0013856097,0.006143961,-0.002726836,0.009951789
ATAC_TM4SF19-AS1,-0.00091342634,-0.002195106,-0.0013761553,0.39414644,-0.0058202385,0.14103237,-0.0074867513,-0.003928487,0.36778557,-0.004890913,-0.0027487054,-0.003569166,-0.0013856097,0.006143961,-0.002726836,0.009951789
ATAC_TMC6,-0.00091342634,-0.002195106,-0.0013761553,0.39414644,-0.0058202385,0.14103237,-0.0074867513,-0.003928487,0.36778557,-0.004890913,-0.0027487054,-0.003569166,-0.0013856097,0.006143961,-0.002726836,0.009951789
ATAC_TMCC2,-0.00091342634,-0.002195106,-0.0013761553,0.39414644,-0.0058202385,0.14103237,-0.0074867513,-0.003928487,0.36778557,-0.004890913,-0.0027487054,-0.003569166,-0.0013856097,0.006143961,-0.002726836,0.009951789
ATAC_TMEM107,-0.00091342634,-0.002195106,-0.0013761553,0.39414644,-0.0058202385,0.14103237,-0.0074867513,-0.003928487,0.36778557,-0.004890913,-0.0027487054,-0.003569166,-0.0013856097,0.006143961,-0.002726836,0.009951789
ATAC_TMEM117,-0.00091342634,-0.002195106,-0.0013761553,0.39414644,-0.0058202385,0.14103237,-0.0074867513,-0.003928487,0.36778557,-0.004890913,-0.0027487054,-0.003569166,-0.0013856097,0.006143961,-0.002726836,0.009951789
ATAC_TMEM151B,-0.00091342634,-0.002195106,-0.0013761553,0.39414644,-0.0058202385,0.14103237,-0.0074867513,-0.003928487,0.36778557,-0.004890913,-0.0027487054,-0.003569166,-0.0013856097,0.006143961,-0.002726836,0.009951789
ATAC_TMEM156,-5.6579036e-05,-0.00028068255,-0.0013211253,0.5283586,-0.0043613594,0.10326435,-0.005304129,-0.0023585195,0.32367596,-0.003354221,-0.002653861,-0.0035238382,-0.0006161558,-0.00013301474,-0.004195477,-0.0013739844
ATAC_TMEM169,-0.00091342634,-0.002195106,-0.0013761553,0.39414644,-0.0058202385,0.14103237,-0.0074867513,-0.003928487,0.36778557,-0.004890913,-0.0027487054,-0.003569166,-0.0013856097,0.006143961,-0.002726836,0.009951789
ATAC_TMEM177,-0.0009114101,-0.002189941,-0.0013778271,0.39364886,-0.005819851,0.14098313,-0.0074878526,-0.003921317,0.3674783,-0.004897678,-0.002750793,-0.0035762459,-0.0013838566,0.0061594285,-0.0027323263,0.010082323
ATAC_TMEM181,-0.00091342634,-0.002195106,-0.0013761553,0.39414644,-0.0058202385,0.14103237,-0.0074867513,-0.003928487,0.36778557,-0.004890913,-0.0027487054,-0.003569166,-0.0013856097,0.006143961,-0.002726836,0.009951789
ATAC_TMEM182,-0.00091342634,-0.002195106,-0.0013761553,0.39414644,-0.0058202385,0.14103237,-0.0074867513,-0.003928487,0.36778557,-0.004890913,-0.0027487054,-0.003569166,-0.0013856097,0.006143961,-0.002726836,0.009951789
ATAC_TMEM223,-0.00088990096,-0.0016303355,-0.0012965231,0.40575373,-0.0038952865,0.15146111,-0.00510286,-0.006077687,0.1332844,-0.0030100376,-0.00068197056,-0.002717577,-6.387189e-05,0.16581057,-0.0036675644,0.06364943
ATAC_TMEM225B,-0.00091342634,-0.002195106,-0.0013761553,0.39414644,-0.0058202385,0.14103237,-0.0074867513,-0.003928487,0.36778557,-0.004890913,-0.0027487054,-0.003569166,-0.0013856097,0.006143961,-0.002726836,0.009951789
ATAC_TMEM238,-0.00091342634,-0.002195106,-0.0013761553,0.39414644,-0.0058202385,0.14103237,-0.0074867513,-0.003928487,0.36778557,-0.004890913,-0.0027487054,-0.003569166,-0.0013856097,0.006143961,-0.002726836,0.009951789
ATAC_TMEM239,-0.00091342634,-0.002195106,-0.0013761553,0.39414644,-0.0058202385,0.14103237,-0.0074867513,-0.003928487,0.36778557,-0.004890913,-0.0027487054,-0.003569166,-0.0013856097,0.006143961,-0.002726836,0.009951789
ATAC_TMEM245,-0.00091342634,-0.002195106,-0.0013761553,0.39414644,-0.0058202385,0.14103237,-0.0074867513,-0.003928487,0.36778557,-0.004890913,-0.0027487054,-0.003569166,-0.0013856097,0.006143961,-0.002726836,0.009951789
ATAC_TMEM272,-0.0009105464,-0.0021951324,-0.0013739556,0.39374536,-0.005819498,0.14079864,-0.0074908393,-0.0039298534,0.36747813,-0.0048883236,-0.0027526265,-0.003569026,-0.0013886556,0.0061175562,-0.0027294396,0.009530757
ATAC_TMEM41B,-0.00091342634,-0.002195106,-0.0013761553,0.39414644,-0.0058202385,0.14103237,-0.0074867513,-0.003928487,0.36778557,-0.004890913,-0.0027487054,-0.003569166,-0.0013856097,0.006143961,-0.002726836,0.009951789
ATAC_TMEM45B,-0.0009206923,-0.0021832637,-0.0013556068,0.3943303,-0.0058290893,0.14122418,-0.0074957395,-0.003914374,0.3671968,-0.0048713884,-0.0027606748,-0.0035599538,-0.0013835689,0.007988725,-0.0027221316,0.010852335
ATAC_TMEM65,-0.00091342634,-0.002195106,-0.0013761553,0.39414644,-0.0058202385,0.14103237,-0.0074867513,-0.003928487,0.36778557,-0.004890913,-0.0027487054,-0.003569166,-0.0013856097,0.006143961,-0.002726836,0.009951789
ATAC_TMEM67,-0.00091342634,-0.002195106,-0.0013761553,0.39414644,-0.0058202385,0.14103237,-0.0074867513,-0.003928487,0.36778557,-0.004890913,-0.0027487054,-0.003569166,-0.0013856097,0.006143961,-0.002726836,0.009951789
ATAC_TMEM95,-0.00091342634,-0.002195106,-0.0013761553,0.39414644,-0.0058202385,0.14103237,-0.0074867513,-0.003928487,0.36778557,-0.004890913,-0.0027487054,-0.003569166,-0.0013856097,0.006143961,-0.002726836,0.009951789
ATAC_TMEM98,-0.00091342634,-0.002195106,-0.0013761553,0.39414644,-0.0058202385,0.14103237,-0.0074867513,-0.003928487,0.36778557,-0.004890913,-0.0027487054,-0.003569166,-0.0013856097,0.006143961,-0.002726836,0.009951789
ATAC_TMIGD2,-0.00091342634,-0.002195106,-0.0013761553,0.39414644,-0.0058202385,0.14103237,-0.0074867513,-0.003928487,0.36778557,-0.004890913,-0.0027487054,-0.003569166,-0.0013856097,0.006143961,-0.002726836,0.009951789
ATAC_TMPRSS13,-0.00091342634,-0.002195106,-0.0013761553,0.39414644,-0.0058202385,0.14103237,-0.0074867513,-0.003928487,0.36778557,-0.004890913,-0.0027487054,-0.003569166,-0.0013856097,0.006143961,-0.002726836,0.009951789
ATAC_TMUB1,-0.00091342634,-0.002195106,-0.0013761553,0.39414644,-0.0058202385,0.14103237,-0.0074867513,-0.003928487,0.36778557,-0.004890913,-0.0027487054,-0.003569166,-0.0013856097,0.006143961,-0.002726836,0.009951789
ATAC_TNF,-0.0023729303,-0.003422901,0.020272553,0.21368319,-0.004244879,0.13477245,-0.0059964526,-0.0022090098,0.2692378,-0.0042093843,-0.0045897705,-0.0017857387,-0.0032940859,0.10665566,-0.0036105216,0.17494681
ATAC_TNFAIP6,-0.00091342634,-0.002195106,-0.0013761553,0.39414644,-0.0058202385,0.14103237,-0.0074867513,-0.003928487,0.36778557,-0.004890913,-0.0027487054,-0.003569166,-0.0013856097,0.006143961,-0.002726836,0.009951789
ATAC_TNFRSF10D,-0.00091862923,-0.002184325,-0.0013677159,0.39408308,-0.005820053,0.14102049,-0.007497943,-0.003925711,0.3681443,-0.004899566,-0.0027374309,-0.0035677014,-0.001379017,0.0056503154,-0.0027175313,0.008917589
ATAC_TNFRSF11A,-0.00091342634,-0.002195106,-0.0013761553,0.39414644,-0.0058202385,0.14103237,-0.0074867513,-0.003928487,0.36778557,-0.004890913,-0.0027487054,-0.003569166,-0.0013856097,0.006143961,-0.002726836,0.009951789
ATAC_TNFRSF13C,-0.0009136853,-0.0021948314,-0.0013763853,0.3941154,-0.005820094,0.14105439,-0.0074868766,-0.003928391,0.36780918,-0.0048911218,-0.0027486496,-0.0035693129,-0.0013854988,0.00616619,-0.0027270096,0.009973925
ATAC_TNFRSF17,-0.00091342634,-0.002195106,-0.0013761553,0.39414644,-0.0058202385,0.14103237,-0.0074867513,-0.003928487,0.36778557,-0.004890913,-0.0027487054,-0.003569166,-0.0013856097,0.006143961,-0.002726836,0.009951789
ATAC_TNFRSF18,-0.00091342634,-0.002195106,-0.0013761553,0.39414644,-0.0058202385,0.14103237,-0.0074867513,-0.003928487,0.36778557,-0.004890913,-0.0027487054,-0.003569166,-0.0013856097,0.006143961,-0.002726836,0.009951789
ATAC_TNFRSF25,-0.000884835,-0.001625987,-0.0012979972,0.40597528,-0.003889953,0.15137687,-0.005106397,-0.0060820994,0.13380635,-0.0030116742,-0.0006753492,-0.0027242,-6.821051e-05,0.1652442,-0.0036671285,0.063471675
ATAC_TNFRSF4,-0.00091342634,-0.002195106,-0.0013761553,0.39414644,-0.0058202385,0.14103237,-0.0074867513,-0.003928487,0.36778557,-0.004890913,-0.0027487054,-0.003569166,-0.0013856097,0.006143961,-0.002726836,0.009951789
ATAC_TNIP3,-0.00091342634,-0.002195106,-0.0013761553,0.39414644,-0.0058202385,0.14103237,-0.0074867513,-0.003928487,0.36778557,-0.004890913,-0.0027487054,-0.003569166,-0.0013856097,0.006143961,-0.002726836,0.009951789
ATAC_TNNC1,-0.00091342634,-0.002195106,-0.0013761553,0.39414644,-0.0058202385,0.14103237,-0.0074867513,-0.003928487,0.36778557,-0.004890913,-0.0027487054,-0.003569166,-0.0013856097,0.006143961,-0.002726836,0.009951789
ATAC_TNXB,-0.00091342634,-0.002195106,-0.0013761553,0.39414644,-0.0058202385,0.14103237,-0.0074867513,-0.003928487,0.36778557,-0.004890913,-0.0027487054,-0.003569166,-0.0013856097,0.006143961,-0.002726836,0.009951789
ATAC_TOB1-AS1,-8.560076e-05,-0.0014242387,-0.0021895121,0.4376525,-0.0050953436,0.16704933,-0.007072227,-0.0036565338,0.39033255,-0.005482762,-0.002625306,-0.0033882612,-0.00043797973,-0.00040265324,-0.0020461916,-0.00060364936
ATAC_TOGARAM2,-0.00064489787,-0.001919418,-0.0012881511,0.38723135,-0.005783969,0.15845251,-0.0072523206,-0.0038227367,0.38154578,-0.0047407774,-0.0025734615,-0.0038787338,-0.0013219821,0.014795952,-0.00290439,-0.00020557788
ATAC_TP53I13,-0.00091342634,-0.002195106,-0.0013761553,0.39414644,-0.0058202385,0.14103237,-0.0074867513,-0.003928487,0.36778557,-0.004890913,-0.0027487054,-0.003569166,-0.0013856097,0.006143961,-0.002726836,0.009951789
ATAC_TP53TG1,-0.00091342634,-0.002195106,-0.0013761553,0.39414644,-0.0058202385,0.14103237,-0.0074867513,-0.003928487,0.36778557,-0.004890913,-0.0027487054,-0.003569166,-0.0013856097,0.006143961,-0.002726836,0.009951789
ATAC_TPD52,-0.00091342634,-0.002195106,-0.0013761553,0.39414644,-0.0058202385,0.14103237,-0.0074867513,-0.003928487,0.36778557,-0.004890913,-0.0027487054,-0.003569166,-0.0013856097,0.006143961,-0.002726836,0.009951789
ATAC_TPST1,-0.00091342634,-0.002195106,-0.0013761553,0.39414644,-0.0058202385,0.14103237,-0.0074867513,-0.003928487,0.36778557,-0.004890913,-0.0027487054,-0.003569166,-0.0013856097,0.006143961,-0.002726836,0.009951789
ATAC_TPT1-AS1,-0.00091342634,-0.002195106,-0.0013761553,0.39414644,-0.0058202385,0.14103237,-0.0074867513,-0.003928487,0.36778557,-0.004890913,-0.0027487054,-0.003569166,-0.0013856097,0.006143961,-0.002726836,0.009951789
ATAC_TRABD2A,-0.00091342634,-0.002195106,-0.0013761553,0.39414644,-0.0058202385,0.14103237,-0.0074867513,-0.003928487,0.36778557,-0.004890913,-0.0027487054,-0.003569166,-0.0013856097,0.006143961,-0.002726836,0.009951789
ATAC_TRAF1,-0.00091342634,-0.002195106,-0.0013761553,0.39414644,-0.0058202385,0.14103237,-0.0074867513,-0.003928487,0.36778557,-0.004890913,-0.0027487054,-0.003569166,-0.0013856097,0.006143961,-0.002726836,0.009951789
ATAC_TRAF5,-0.00089892425,-0.0021747798,-0.0013543494,0.39671284,-0.0058124945,0.14288191,-0.0075008124,-0.003915047,0.36504325,-0.004876146,-0.0027467343,-0.003578235,-0.0013633489,0.006585244,-0.0027370923,0.008608211
ATAC_TRAJ14,-0.00091342634,-0.002195106,-0.0013761553,0.39414644,-0.0058202385,0.14103237,-0.0074867513,-0.003928487,0.36778557,-0.004890913,-0.0027487054,-0.003569166,-0.0013856097,0.006143961,-0.002726836,0.009951789
ATAC_TRAJ33,-0.00091342634,-0.002195106,-0.0013761553,0.39414644,-0.0058202385,0.14103237,-0.0074867513,-0.003928487,0.36778557,-0.004890913,-0.0027487054,-0.003569166,-0.0013856097,0.006143961,-0.002726836,0.009951789
ATAC_TRAJ44,-0.00091342634,-0.002195106,-0.0013761553,0.39414644,-0.0058202385,0.14103237,-0.0074867513,-0.003928487,0.36778557,-0.004890913,-0.0027487054,-0.003569166,-0.0013856097,0.006143961,-0.002726836,0.009951789
ATAC_TRAJ48,-0.00091342634,-0.002195106,-0.0013761553,0.39414644,-0.0058202385,0.14103237,-0.0074867513,-0.003928487,0.36778557,-0.004890913,-0.0027487054,-0.003569166,-0.0013856097,0.006143961,-0.002726836,0.009951789
ATAC_TRAK2,-0.00091342634,-0.002195106,-0.0013761553,0.39414644,-0.0058202385,0.14103237,-0.0074867513,-0.003928487,0.36778557,-0.004890913,-0.0027487054,-0.003569166,-0.0013856097,0.006143961,-0.002726836,0.009951789
ATAC_TRANK1,-0.0023758574,-0.0034159638,0.021241814,0.21478826,-0.0042474642,0.13436443,-0.0060069123,-0.0022028408,0.2685056,-0.0041999887,-0.004600827,-0.0017753427,-0.0032903734,0.10820103,-0.003605529,0.1754069
ATAC_TRAP1,-0.00091342634,-0.002195106,-0.0013761553,0.39414644,-0.0058202385,0.14103237,-0.0074867513,-0.003928487,0.36778557,-0.004890913,-0.0027487054,-0.003569166,-0.0013856097,0.006143961,-0.002726836,0.009951789
ATAC_TRAT1,-0.00091342634,-0.002195106,-0.0013761553,0.39414644,-0.0058202385,0.14103237,-0.0074867513,-0.003928487,0.36778557,-0.004890913,-0.0027487054,-0.003569166,-0.0013856097,0.006143961,-0.002726836,0.009951789
ATAC_TRAV1-2,-0.00091342634,-0.002195106,-0.0013761553,0.39414644,-0.0058202385,0.14103237,-0.0074867513,-0.003928487,0.36778557,-0.004890913,-0.0027487054,-0.003569166,-0.0013856097,0.006143961,-0.002726836,0.009951789
ATAC_TRAV18,-0.00091049826,-0.0022058145,-0.0013627874,0.39363855,-0.005806047,0.14219266,-0.0074937646,-0.00393507,0.36650893,-0.004880987,-0.0027573556,-0.003571102,-0.0013939275,0.0068475045,-0.0027215001,0.008486409
ATAC_TRAV19,-0.00091342634,-0.002195106,-0.0013761553,0.39414644,-0.0058202385,0.14103237,-0.0074867513,-0.003928487,0.36778557,-0.004890913,-0.0027487054,-0.003569166,-0.0013856097,0.006143961,-0.002726836,0.009951789
ATAC_TRAV22,-0.00091342634,-0.002195106,-0.0013761553,0.39414644,-0.0058202385,0.14103237,-0.0074867513,-0.003928487,0.36778557,-0.004890913,-0.0027487054,-0.003569166,-0.0013856097,0.006143961,-0.002726836,0.009951789
ATAC_TRAV25,-0.00091342634,-0.002195106,-0.0013761553,0.39414644,-0.0058202385,0.14103237,-0.0074867513,-0.003928487,0.36778557,-0.004890913,-0.0027487054,-0.003569166,-0.0013856097,0.006143961,-0.002726836,0.009951789
ATAC_TRAV26-1,-0.00091342634,-0.002195106,-0.0013761553,0.39414644,-0.0058202385,0.14103237,-0.0074867513,-0.003928487,0.36778557,-0.004890913,-0.0027487054,-0.003569166,-0.0013856097,0.006143961,-0.002726836,0.009951789
ATAC_TRAV6,-0.00091342634,-0.002195106,-0.0013761553,0.39414644,-0.0058202385,0.14103237,-0.0074867513,-0.003928487,0.36778557,-0.004890913,-0.0027487054,-0.003569166,-0.0013856097,0.006143961,-0.002726836,0.009951789
ATAC_TRAV8-2,-0.00089599687,-0.0021817165,-0.0013640422,0.3956078,-0.005809909,0.14328994,-0.0074903523,-0.0039212154,0.36577544,-0.0048855417,-0.0027356779,-0.0035886306,-0.0013670613,0.0050398745,-0.0027420844,0.008148123
ATAC_TRAV8-6,-0.0008870322,-0.0016269573,-0.0012945982,0.40573615,-0.0038975417,0.1519233,-0.005102673,-0.006073712,0.13322349,-0.0030105955,-0.0006847755,-0.0027176195,-6.172091e-05,0.1658948,-0.0036695069,0.063351005
ATAC_TRAV9-2,-0.00091342634,-0.002195106,-0.0013761553,0.39414644,-0.0058202385,0.14103237,-0.0074867513,-0.003928487,0.36778557,-0.004890913,-0.0027487054,-0.003569166,-0.0013856097,0.006143961,-0.002726836,0.009951789
ATAC_TRBJ1-4,-0.00091342634,-0.002195106,-0.0013761553,0.39414644,-0.0058202385,0.14103237,-0.0074867513,-0.003928487,0.36778557,-0.004890913,-0.0027487054,-0.003569166,-0.0013856097,0.006143961,-0.002726836,0.009951789
ATAC_TRBV11-3,-0.00091342634,-0.002195106,-0.0013761553,0.39414644,-0.0058202385,0.14103237,-0.0074867513,-0.003928487,0.36778557,-0.004890913,-0.0027487054,-0.003569166,-0.0013856097,0.006143961,-0.002726836,0.009951789
ATAC_TRBV13,-0.00091342634,-0.002195106,-0.0013761553,0.39414644,-0.0058202385,0.14103237,-0.0074867513,-0.003928487,0.36778557,-0.004890913,-0.0027487054,-0.003569166,-0.0013856097,0.006143961,-0.002726836,0.009951789
ATAC_TRBV21-1,-0.00091342634,-0.002195106,-0.0013761553,0.39414644,-0.0058202385,0.14103237,-0.0074867513,-0.003928487,0.36778557,-0.004890913,-0.0027487054,-0.003569166,-0.0013856097,0.006143961,-0.002726836,0.009951789
ATAC_TRBV23-1,-0.00091342634,-0.002195106,-0.0013761553,0.39414644,-0.0058202385,0.14103237,-0.0074867513,-0.003928487,0.36778557,-0.004890913,-0.0027487054,-0.003569166,-0.0013856097,0.006143961,-0.002726836,0.009951789
ATAC_TRDC,-0.00091342634,-0.002195106,-0.0013761553,0.39414644,-0.0058202385,0.14103237,-0.0074867513,-0.003928487,0.36778557,-0.004890913,-0.0027487054,-0.003569166,-0.0013856097,0.006143961,-0.002726836,0.009951789
ATAC_TRDJ1,-0.0009114101,-0.002189941,-0.0013778271,0.39364886,-0.005819851,0.14098313,-0.0074878526,-0.003921317,0.3674783,-0.004897678,-0.002750793,-0.0035762459,-0.0013838566,0.0061594285,-0.0027323263,0.010082323
ATAC_TRDV1,-0.00091342634,-0.002195106,-0.0013761553,0.39414644,-0.0058202385,0.14103237,-0.0074867513,-0.003928487,0.36778557,-0.004890913,-0.0027487054,-0.003569166,-0.0013856097,0.006143961,-0.002726836,0.009951789
ATAC_TRDV2,-0.00091862923,-0.002184325,-0.0013677159,0.39408308,-0.005820053,0.14102049,-0.007497943,-0.003925711,0.3681443,-0.004899566,-0.0027374309,-0.0035677014,-0.001379017,0.0056503154,-0.0027175313,0.008917589
ATAC_TRGC1,-0.00091342634,-0.002195106,-0.0013761553,0.39414644,-0.0058202385,0.14103237,-0.0074867513,-0.003928487,0.36778557,-0.004890913,-0.0027487054,-0.003569166,-0.0013856097,0.006143961,-0.002726836,0.009951789
ATAC_TRGC2,-0.0009026507,-0.0021838252,-0.0013818892,0.39339238,-0.0058268257,0.14193979,-0.0074818283,-0.0039391643,0.36849874,-0.004891923,-0.002749883,-0.0035767935,-0.0013793823,0.004566733,-0.002734082,0.008722801
ATAC_TRGJP1,-0.00091342634,-0.002195106,-0.0013761553,0.39414644,-0.0058202385,0.14103237,-0.0074867513,-0.003928487,0.36778557,-0.004890913,-0.0027487054,-0.003569166,-0.0013856097,0.006143961,-0.002726836,0.009951789
ATAC_TRGV10,-0.00091342634,-0.002195106,-0.0013761553,0.39414644,-0.0058202385,0.14103237,-0.0074867513,-0.003928487,0.36778557,-0.004890913,-0.0027487054,-0.003569166,-0.0013856097,0.006143961,-0.002726836,0.009951789
ATAC_TRGV2,-0.0023729303,-0.003422901,0.020272553,0.21368319,-0.004244879,0.13477245,-0.0059964526,-0.0022090098,0.2692378,-0.0042093843,-0.0045897705,-0.0017857387,-0.0032940859,0.10665566,-0.0036105216,0.17494681
ATAC_TRGV8,-0.0009083604,-0.002190757,-0.0013776293,0.394368,-0.005814905,0.14094813,-0.007490289,-0.0039329003,0.36830753,-0.00489255,-0.0027420842,-0.0035757893,-0.0013899484,0.0055775978,-0.0027264,0.009774033
ATAC_TRGV9,-0.00091342634,-0.002195106,-0.0013761553,0.39414644,-0.0058202385,0.14103237,-0.0074867513,-0.003928487,0.36778557,-0.004890913,-0.0027487054,-0.003569166,-0.0013856097,0.006143961,-0.002726836,0.009951789
ATAC_TRIM14,-0.00091342634,-0.002195106,-0.0013761553,0.39414644,-0.0058202385,0.14103237,-0.0074867513,-0.003928487,0.36778557,-0.004890913,-0.0027487054,-0.003569166,-0.0013856097,0.006143961,-0.002726836,0.009951789
ATAC_TRIM23,-0.00091342634,-0.002195106,-0.0013761553,0.39414644,-0.0058202385,0.14103237,-0.0074867513,-0.003928487,0.36778557,-0.004890913,-0.0027487054,-0.003569166,-0.0013856097,0.006143961,-0.002726836,0.009951789
ATAC_TRIM69,-0.0009105464,-0.0021951324,-0.0013739556,0.39374536,-0.005819498,0.14079864,-0.0074908393,-0.0039298534,0.36747813,-0.0048883236,-0.0027526265,-0.003569026,-0.0013886556,0.0061175562,-0.0027294396,0.009530757
ATAC_TRIP11,-0.00091342634,-0.002195106,-0.0013761553,0.39414644,-0.0058202385,0.14103237,-0.0074867513,-0.003928487,0.36778557,-0.004890913,-0.0027487054,-0.003569166,-0.0013856097,0.006143961,-0.002726836,0.009951789
ATAC_TRMT11,-0.00091342634,-0.002195106,-0.0013761553,0.39414644,-0.0058202385,0.14103237,-0.0074867513,-0.003928487,0.36778557,-0.004890913,-0.0027487054,-0.003569166,-0.0013856097,0.006143961,-0.002726836,0.009951789
ATAC_TRMT13,-0.00091342634,-0.002195106,-0.0013761553,0.39414644,-0.0058202385,0.14103237,-0.0074867513,-0.003928487,0.36778557,-0.004890913,-0.0027487054,-0.003569166,-0.0013856097,0.006143961,-0.002726836,0.009951789
ATAC_TRNAU1AP,-0.00091342634,-0.002195106,-0.0013761553,0.39414644,-0.0058202385,0.14103237,-0.0074867513,-0.003928487,0.36778557,-0.004890913,-0.0027487054,-0.003569166,-0.0013856097,0.006143961,-0.002726836,0.009951789
ATAC_TRO,-0.00091342634,-0.002195106,-0.0013761553,0.39414644,-0.0058202385,0.14103237,-0.0074867513,-0.003928487,0.36778557,-0.004890913,-0.0027487054,-0.003569166,-0.0013856097,0.006143961,-0.002726836,0.009951789
ATAC_TRPC1,-0.00091342634,-0.002195106,-0.0013761553,0.39414644,-0.0058202385,0.14103237,-0.0074867513,-0.003928487,0.36778557,-0.004890913,-0.0027487054,-0.003569166,-0.0013856097,0.006143961,-0.002726836,0.009951789
ATAC_TRPM6,-0.00091342634,-0.002195106,-0.0013761553,0.39414644,-0.0058202385,0.14103237,-0.0074867513,-0.003928487,0.36778557,-0.004890913,-0.0027487054,-0.003569166,-0.0013856097,0.006143961,-0.002726836,0.009951789
ATAC_TSACC,-0.00091342634,-0.002195106,-0.0013761553,0.39414644,-0.0058202385,0.14103237,-0.0074867513,-0.003928487,0.36778557,-0.004890913,-0.0027487054,-0.003569166,-0.0013856097,0.006143961,-0.002726836,0.009951789
ATAC_TSC22D1-AS1,-0.00091342634,-0.002195106,-0.0013761553,0.39414644,-0.0058202385,0.14103237,-0.0074867513,-0.003928487,0.36778557,-0.004890913,-0.0027487054,-0.003569166,-0.0013856097,0.006143961,-0.002726836,0.009951789
ATAC_TSEN54,-0.00091342634,-0.002195106,-0.0013761553,0.39414644,-0.0058202385,0.14103237,-0.0074867513,-0.003928487,0.36778557,-0.004890913,-0.0027487054,-0.003569166,-0.0013856097,0.006143961,-0.002726836,0.009951789
ATAC_TSGA10,-0.00091342634,-0.002195106,-0.0013761553,0.39414644,-0.0058202385,0.14103237,-0.0074867513,-0.003928487,0.36778557,-0.004890913,-0.0027487054,-0.003569166,-0.0013856097,0.006143961,-0.002726836,0.009951789
ATAC_TSHZ2,-0.00091342634,-0.002195106,-0.0013761553,0.39414644,-0.0058202385,0.14103237,-0.0074867513,-0.003928487,0.36778557,-0.004890913,-0.0027487054,-0.003569166,-0.0013856097,0.006143961,-0.002726836,0.009951789
ATAC_TSPAN18,-0.00091342634,-0.002195106,-0.0013761553,0.39414644,-0.0058202385,0.14103237,-0.0074867513,-0.003928487,0.36778557,-0.004890913,-0.0027487054,-0.003569166,-0.0013856097,0.006143961,-0.002726836,0.009951789
ATAC_TSPOAP1,-0.00089599687,-0.0021817165,-0.0013640422,0.3956078,-0.005809909,0.14328994,-0.0074903523,-0.0039212154,0.36577544,-0.0048855417,-0.0027356779,-0.0035886306,-0.0013670613,0.0050398745,-0.0027420844,0.008148123
ATAC_TSPOAP1-AS1,-0.0009105576,-0.0021917277,-0.0013742306,0.39412886,-0.005822493,0.14149454,-0.007486565,-0.003924513,0.36772466,-0.004891471,-0.0027515104,-0.0035692083,-0.001383459,0.0062281825,-0.0027287782,0.009653378
ATAC_TSPYL2,-0.00091342634,-0.002195106,-0.0013761553,0.39414644,-0.0058202385,0.14103237,-0.0074867513,-0.003928487,0.36778557,-0.004890913,-0.0027487054,-0.003569166,-0.0013856097,0.006143961,-0.002726836,0.009951789
ATAC_TSTD1,-0.00091342634,-0.002195106,-0.0013761553,0.39414644,-0.0058202385,0.14103237,-0.0074867513,-0.003928487,0.36778557,-0.004890913,-0.0027487054,-0.003569166,-0.0013856097,0.006143961,-0.002726836,0.009951789
ATAC_TTC16,-0.00090771663,-0.002188174,-0.0013804153,0.39317083,-0.0058321594,0.14202403,-0.0074782907,-0.0039347513,0.36797678,-0.0048902864,-0.0027565043,-0.0035701704,-0.0013750436,0.005133096,-0.0027345177,0.008900557
ATAC_TTC27,-0.00091342634,-0.002195106,-0.0013761553,0.39414644,-0.0058202385,0.14103237,-0.0074867513,-0.003928487,0.36778557,-0.004890913,-0.0027487054,-0.003569166,-0.0013856097,0.006143961,-0.002726836,0.009951789
ATAC_TTC28,-0.00091342634,-0.002195106,-0.0013761553,0.39414644,-0.0058202385,0.14103237,-0.0074867513,-0.003928487,0.36778557,-0.004890913,-0.0027487054,-0.003569166,-0.0013856097,0.006143961,-0.002726836,0.009951789
ATAC_TTC28-AS1,-0.00091342634,-0.002195106,-0.0013761553,0.39414644,-0.0058202385,0.14103237,-0.0074867513,-0.003928487,0.36778557,-0.004890913,-0.0027487054,-0.003569166,-0.0013856097,0.006143961,-0.002726836,0.009951789
ATAC_TTC38,-0.00091342634,-0.002195106,-0.0013761553,0.39414644,-0.0058202385,0.14103237,-0.0074867513,-0.003928487,0.36778557,-0.004890913,-0.0027487054,-0.003569166,-0.0013856097,0.006143961,-0.002726836,0.009951789
ATAC_TTC39B,-0.00091342634,-0.002195106,-0.0013761553,0.39414644,-0.0058202385,0.14103237,-0.0074867513,-0.003928487,0.36778557,-0.004890913,-0.0027487054,-0.003569166,-0.0013856097,0.006143961,-0.002726836,0.009951789
ATAC_TTF1,-0.00091342634,-0.002195106,-0.0013761553,0.39414644,-0.0058202385,0.14103237,-0.0074867513,-0.003928487,0.36778557,-0.004890913,-0.0027487054,-0.003569166,-0.0013856097,0.006143961,-0.002726836,0.009951789
ATAC_TTLL6,-0.00091342634,-0.002195106,-0.0013761553,0.39414644,-0.0058202385,0.14103237,-0.0074867513,-0.003928487,0.36778557,-0.004890913,-0.0027487054,-0.003569166,-0.0013856097,0.006143961,-0.002726836,0.009951789
ATAC_TTR,-0.00091342634,-0.002195106,-0.0013761553,0.39414644,-0.0058202385,0.14103237,-0.0074867513,-0.003928487,0.36778557,-0.004890913,-0.0027487054,-0.003569166,-0.0013856097,0.006143961,-0.002726836,0.009951789
ATAC_TUBA1C,-0.0014318001,-0.0022786153,-0.0018577307,0.45017463,-0.0062076687,0.14975047,-0.0076045166,-0.0033568603,0.33233684,-0.0046963654,-0.0023686404,-0.0032848548,-0.0010774499,-0.00040442185,-0.0030894058,-0.0005346208
ATAC_TUBA4B,-0.00091342634,-0.002195106,-0.0013761553,0.39414644,-0.0058202385,0.14103237,-0.0074867513,-0.003928487,0.36778557,-0.004890913,-0.0027487054,-0.003569166,-0.0013856097,0.006143961,-0.002726836,0.009951789
ATAC_TUBD1,-0.00091342634,-0.002195106,-0.0013761553,0.39414644,-0.0058202385,0.14103237,-0.0074867513,-0.003928487,0.36778557,-0.004890913,-0.0027487054,-0.003569166,-0.0013856097,0.006143961,-0.002726836,0.009951789
ATAC_TUBGCP5,-0.00091342634,-0.002195106,-0.0013761553,0.39414644,-0.0058202385,0.14103237,-0.0074867513,-0.003928487,0.36778557,-0.004890913,-0.0027487054,-0.003569166,-0.0013856097,0.006143961,-0.002726836,0.009951789
ATAC_TUBGCP6,-0.00091342634,-0.002195106,-0.0013761553,0.39414644,-0.0058202385,0.14103237,-0.0074867513,-0.003928487,0.36778557,-0.004890913,-0.0027487054,-0.003569166,-0.0013856097,0.006143961,-0.002726836,0.009951789
ATAC_TXK,-0.00091342634,-0.002195106,-0.0013761553,0.39414644,-0.0058202385,0.14103237,-0.0074867513,-0.003928487,0.36778557,-0.004890913,-0.0027487054,-0.003569166,-0.0013856097,0.006143961,-0.002726836,0.009951789
ATAC_UBAP2,-0.00091342634,-0.002195106,-0.0013761553,0.39414644,-0.0058202385,0.14103237,-0.0074867513,-0.003928487,0.36778557,-0.004890913,-0.0027487054,-0.003569166,-0.0013856097,0.006143961,-0.002726836,0.009951789
ATAC_UBASH3A,-0.0009114101,-0.002189941,-0.0013778271,0.39364886,-0.005819851,0.14098313,-0.0074878526,-0.003921317,0.3674783,-0.004897678,-0.002750793,-0.0035762459,-0.0013838566,0.0061594285,-0.0027323263,0.010082323
ATAC_UBE2C,-0.00091342634,-0.002195106,-0.0013761553,0.39414644,-0.0058202385,0.14103237,-0.0074867513,-0.003928487,0.36778557,-0.004890913,-0.0027487054,-0.003569166,-0.0013856097,0.006143961,-0.002726836,0.009951789
ATAC_UBE2D3-AS1,-0.00091342634,-0.002195106,-0.0013761553,0.39414644,-0.0058202385,0.14103237,-0.0074867513,-0.003928487,0.36778557,-0.004890913,-0.0027487054,-0.003569166,-0.0013856097,0.006143961,-0.002726836,0.009951789
ATAC_UBE3D,-0.00091342634,-0.002195106,-0.0013761553,0.39414644,-0.0058202385,0.14103237,-0.0074867513,-0.003928487,0.36778557,-0.004890913,-0.0027487054,-0.003569166,-0.0013856097,0.006143961,-0.002726836,0.009951789
ATAC_UBTF,-0.00091342634,-0.002195106,-0.0013761553,0.39414644,-0.0058202385,0.14103237,-0.0074867513,-0.003928487,0.36778557,-0.004890913,-0.0027487054,-0.003569166,-0.0013856097,0.006143961,-0.002726836,0.009951789
ATAC_UBXN2A,-0.00091342634,-0.002195106,-0.0013761553,0.39414644,-0.0058202385,0.14103237,-0.0074867513,-0.003928487,0.36778557,-0.004890913,-0.0027487054,-0.003569166,-0.0013856097,0.006143961,-0.002726836,0.009951789
ATAC_UCKL1,-0.00091342634,-0.002195106,-0.0013761553,0.39414644,-0.0058202385,0.14103237,-0.0074867513,-0.003928487,0.36778557,-0.004890913,-0.0027487054,-0.003569166,-0.0013856097,0.006143961,-0.002726836,0.009951789
ATAC_UCN,-0.00091342634,-0.002195106,-0.0013761553,0.39414644,-0.0058202385,0.14103237,-0.0074867513,-0.003928487,0.36778557,-0.004890913,-0.0027487054,-0.003569166,-0.0013856097,0.006143961,-0.002726836,0.009951789
ATAC_UCN2,0.01529941,-0.0029777747,-0.002779127,0.12968703,-0.0081769675,0.064344466,-0.006527795,-0.0014904777,0.49352762,-0.0029705588,-0.0032849973,-0.0012937884,-0.0011492718,-0.00037872704,0.013717353,0.05942204
ATAC_UCP1,-0.00091342634,-0.002195106,-0.0013761553,0.39414644,-0.0058202385,0.14103237,-0.0074867513,-0.003928487,0.36778557,-0.004890913,-0.0027487054,-0.003569166,-0.0013856097,0.006143961,-0.002726836,0.009951789
ATAC_UFL1-AS1,-0.00091342634,-0.002195106,-0.0013761553,0.39414644,-0.0058202385,0.14103237,-0.0074867513,-0.003928487,0.36778557,-0.004890913,-0.0027487054,-0.003569166,-0.0013856097,0.006143961,-0.002726836,0.009951789
ATAC_ULBP1,-0.00091342634,-0.002195106,-0.0013761553,0.39414644,-0.0058202385,0.14103237,-0.0074867513,-0.003928487,0.36778557,-0.004890913,-0.0027487054,-0.003569166,-0.0013856097,0.006143961,-0.002726836,0.009951789
ATAC_ULBP2,-0.00091342634,-0.002195106,-0.0013761553,0.39414644,-0.0058202385,0.14103237,-0.0074867513,-0.003928487,0.36778557,-0.004890913,-0.0027487054,-0.003569166,-0.0013856097,0.006143961,-0.002726836,0.009951789
ATAC_ULK3,-0.00091342634,-0.002195106,-0.0013761553,0.39414644,-0.0058202385,0.14103237,-0.0074867513,-0.003928487,0.36778557,-0.004890913,-0.0027487054,-0.003569166,-0.0013856097,0.006143961,-0.002726836,0.009951789
ATAC_ULK4,-0.00091342634,-0.002195106,-0.0013761553,0.39414644,-0.0058202385,0.14103237,-0.0074867513,-0.003928487,0.36778557,-0.004890913,-0.0027487054,-0.003569166,-0.0013856097,0.006143961,-0.002726836,0.009951789
ATAC_UNC13A,-0.00091342634,-0.002195106,-0.0013761553,0.39414644,-0.0058202385,0.14103237,-0.0074867513,-0.003928487,0.36778557,-0.004890913,-0.0027487054,-0.003569166,-0.0013856097,0.006143961,-0.002726836,0.009951789
ATAC_UNC5B-AS1,-0.00091049826,-0.0022058145,-0.0013627874,0.39363855,-0.005806047,0.14219266,-0.0074937646,-0.00393507,0.36650893,-0.004880987,-0.0027573556,-0.003571102,-0.0013939275,0.0068475045,-0.0027215001,0.008486409
ATAC_UNKL,-0.00091342634,-0.002195106,-0.0013761553,0.39414644,-0.0058202385,0.14103237,-0.0074867513,-0.003928487,0.36778557,-0.004890913,-0.0027487054,-0.003569166,-0.0013856097,0.006143961,-0.002726836,0.009951789
ATAC_UPK2,-0.00091342634,-0.002195106,-0.0013761553,0.39414644,-0.0058202385,0.14103237,-0.0074867513,-0.003928487,0.36778557,-0.004890913,-0.0027487054,-0.003569166,-0.0013856097,0.006143961,-0.002726836,0.009951789
ATAC_UPP2,-0.00085414713,-0.0028470706,-0.0010776472,0.3802095,-0.005081443,0.08463459,-0.008045658,-0.003355476,0.3203487,-0.0051636873,-0.0025701951,-0.0033352464,-0.0006648624,0.096147224,-0.002831853,0.009752307
ATAC_URGCP,-0.00091342634,-0.002195106,-0.0013761553,0.39414644,-0.0058202385,0.14103237,-0.0074867513,-0.003928487,0.36778557,-0.004890913,-0.0027487054,-0.003569166,-0.0013856097,0.006143961,-0.002726836,0.009951789
ATAC_USH1G,-0.00091342634,-0.002195106,-0.0013761553,0.39414644,-0.0058202385,0.14103237,-0.0074867513,-0.003928487,0.36778557,-0.004890913,-0.0027487054,-0.003569166,-0.0013856097,0.006143961,-0.002726836,0.009951789
ATAC_USP11,-0.00085921306,-0.0028514194,-0.0010761732,0.37998796,-0.0050867763,0.08471882,-0.008042119,-0.003351063,0.31982675,-0.0051620514,-0.0025768164,-0.003328623,-0.0006605238,0.09671359,-0.0028322886,0.009930063
ATAC_USP2-AS1,-0.00091342634,-0.002195106,-0.0013761553,0.39414644,-0.0058202385,0.14103237,-0.0074867513,-0.003928487,0.36778557,-0.004890913,-0.0027487054,-0.003569166,-0.0013856097,0.006143961,-0.002726836,0.009951789
ATAC_USP20,-0.00091342634,-0.002195106,-0.0013761553,0.39414644,-0.0058202385,0.14103237,-0.0074867513,-0.003928487,0.36778557,-0.004890913,-0.0027487054,-0.003569166,-0.0013856097,0.006143961,-0.002726836,0.009951789
ATAC_USP28,-0.00091342634,-0.002195106,-0.0013761553,0.39414644,-0.0058202385,0.14103237,-0.0074867513,-0.003928487,0.36778557,-0.004890913,-0.0027487054,-0.003569166,-0.0013856097,0.006143961,-0.002726836,0.009951789
ATAC_USP44,-0.00091342634,-0.002195106,-0.0013761553,0.39414644,-0.0058202385,0.14103237,-0.0074867513,-0.003928487,0.36778557,-0.004890913,-0.0027487054,-0.003569166,-0.0013856097,0.006143961,-0.002726836,0.009951789
ATAC_USP45,0.01529941,-0.0029777747,-0.002779127,0.12968703,-0.0081769675,0.064344466,-0.006527795,-0.0014904777,0.49352762,-0.0029705588,-0.0032849973,-0.0012937884,-0.0011492718,-0.00037872704,0.013717353,0.05942204
ATAC_USP53,-0.00091342634,-0.002195106,-0.0013761553,0.39414644,-0.0058202385,0.14103237,-0.0074867513,-0.003928487,0.36778557,-0.004890913,-0.0027487054,-0.003569166,-0.0013856097,0.006143961,-0.002726836,0.009951789
ATAC_UST,-0.00091342634,-0.002195106,-0.0013761553,0.39414644,-0.0058202385,0.14103237,-0.0074867513,-0.003928487,0.36778557,-0.004890913,-0.0027487054,-0.003569166,-0.0013856097,0.006143961,-0.002726836,0.009951789
ATAC_VAMP1,-0.0009083604,-0.002190757,-0.0013776293,0.394368,-0.005814905,0.14094813,-0.007490289,-0.0039329003,0.36830753,-0.00489255,-0.0027420842,-0.0035757893,-0.0013899484,0.0055775978,-0.0027264,0.009774033
ATAC_VANGL2,-0.00091862923,-0.002184325,-0.0013677159,0.39408308,-0.005820053,0.14102049,-0.007497943,-0.003925711,0.3681443,-0.004899566,-0.0027374309,-0.0035677014,-0.001379017,0.0056503154,-0.0027175313,0.008917589
ATAC_VCAN,-0.00091342634,-0.002195106,-0.0013761553,0.39414644,-0.0058202385,0.14103237,-0.0074867513,-0.003928487,0.36778557,-0.004890913,-0.0027487054,-0.003569166,-0.0013856097,0.006143961,-0.002726836,0.009951789
ATAC_VEGFC,-0.00091342634,-0.002195106,-0.0013761553,0.39414644,-0.0058202385,0.14103237,-0.0074867513,-0.003928487,0.36778557,-0.004890913,-0.0027487054,-0.003569166,-0.0013856097,0.006143961,-0.002726836,0.009951789
ATAC_VGLL3,-0.00091049826,-0.0022058145,-0.0013627874,0.39363855,-0.005806047,0.14219266,-0.0074937646,-0.00393507,0.36650893,-0.004880987,-0.0027573556,-0.003571102,-0.0013939275,0.0068475045,-0.0027215001,0.008486409
ATAC_VIPR2,-0.00091342634,-0.002195106,-0.0013761553,0.39414644,-0.0058202385,0.14103237,-0.0074867513,-0.003928487,0.36778557,-0.004890913,-0.0027487054,-0.003569166,-0.0013856097,0.006143961,-0.002726836,0.009951789
ATAC_VPS13A-AS1,-0.0009171345,-0.0021914886,-0.001366813,0.39571536,-0.0058276546,0.14039606,-0.0075002355,-0.0039171497,0.3675185,-0.0048805997,-0.0027620888,-0.0035575293,-0.0013832868,0.007452149,-0.002720686,0.01061042
ATAC_VPS33B-DT,-0.00091342634,-0.002195106,-0.0013761553,0.39414644,-0.0058202385,0.14103237,-0.0074867513,-0.003928487,0.36778557,-0.004890913,-0.0027487054,-0.003569166,-0.0013856097,0.006143961,-0.002726836,0.009951789
ATAC_VXN,-0.00091342634,-0.002195106,-0.0013761553,0.39414644,-0.0058202385,0.14103237,-0.0074867513,-0.003928487,0.36778557,-0.004890913,-0.0027487054,-0.003569166,-0.0013856097,0.006143961,-0.002726836,0.009951789
ATAC_WAKMAR2,-0.00091342634,-0.002195106,-0.0013761553,0.39414644,-0.0058202385,0.14103237,-0.0074867513,-0.003928487,0.36778557,-0.004890913,-0.0027487054,-0.003569166,-0.0013856097,0.006143961,-0.002726836,0.009951789
ATAC_WARS2-AS1,-0.00091342634,-0.002195106,-0.0013761553,0.39414644,-0.0058202385,0.14103237,-0.0074867513,-0.003928487,0.36778557,-0.004890913,-0.0027487054,-0.003569166,-0.0013856097,0.006143961,-0.002726836,0.009951789
ATAC_WASF3,-0.00091342634,-0.002195106,-0.0013761553,0.39414644,-0.0058202385,0.14103237,-0.0074867513,-0.003928487,0.36778557,-0.004890913,-0.0027487054,-0.003569166,-0.0013856097,0.006143961,-0.002726836,0.009951789
ATAC_WDR12,-0.00091342634,-0.002195106,-0.0013761553,0.39414644,-0.0058202385,0.14103237,-0.0074867513,-0.003928487,0.36778557,-0.004890913,-0.0027487054,-0.003569166,-0.0013856097,0.006143961,-0.002726836,0.009951789
ATAC_WDR27,-0.00091342634,-0.002195106,-0.0013761553,0.39414644,-0.0058202385,0.14103237,-0.0074867513,-0.003928487,0.36778557,-0.004890913,-0.0027487054,-0.003569166,-0.0013856097,0.006143961,-0.002726836,0.009951789
ATAC_WDR44,-0.00091342634,-0.002195106,-0.0013761553,0.39414644,-0.0058202385,0.14103237,-0.0074867513,-0.003928487,0.36778557,-0.004890913,-0.0027487054,-0.003569166,-0.0013856097,0.006143961,-0.002726836,0.009951789
ATAC_WDR54,-0.00091342634,-0.002195106,-0.0013761553,0.39414644,-0.0058202385,0.14103237,-0.0074867513,-0.003928487,0.36778557,-0.004890913,-0.0027487054,-0.003569166,-0.0013856097,0.006143961,-0.002726836,0.009951789
ATAC_WDR74,-0.00091342634,-0.002195106,-0.0013761553,0.39414644,-0.0058202385,0.14103237,-0.0074867513,-0.003928487,0.36778557,-0.004890913,-0.0027487054,-0.003569166,-0.0013856097,0.006143961,-0.002726836,0.009951789
ATAC_WDR76,-0.00091342634,-0.002195106,-0.0013761553,0.39414644,-0.0058202385,0.14103237,-0.0074867513,-0.003928487,0.36778557,-0.004890913,-0.0027487054,-0.003569166,-0.0013856097,0.006143961,-0.002726836,0.009951789
ATAC_WDR86,-0.00091342634,-0.002195106,-0.0013761553,0.39414644,-0.0058202385,0.14103237,-0.0074867513,-0.003928487,0.36778557,-0.004890913,-0.0027487054,-0.003569166,-0.0013856097,0.006143961,-0.002726836,0.009951789
ATAC_WEE2-AS1,-0.00091342634,-0.002195106,-0.0013761553,0.39414644,-0.0058202385,0.14103237,-0.0074867513,-0.003928487,0.36778557,-0.004890913,-0.0027487054,-0.003569166,-0.0013856097,0.006143961,-0.002726836,0.009951789
ATAC_WFDC3,-0.00091342634,-0.002195106,-0.0013761553,0.39414644,-0.0058202385,0.14103237,-0.0074867513,-0.003928487,0.36778557,-0.004890913,-0.0027487054,-0.003569166,-0.0013856097,0.006143961,-0.002726836,0.009951789
ATAC_WIF1,-0.0009335447,-0.0021758785,-0.0013949298,0.3960004,-0.0058335555,0.14248018,-0.007496143,-0.003922221,0.36949682,-0.004910254,-0.0027642637,-0.0035727876,-0.0013787244,0.0051339306,-0.0027433294,0.008543003
ATAC_WNT10B,-0.00091342634,-0.002195106,-0.0013761553,0.39414644,-0.0058202385,0.14103237,-0.0074867513,-0.003928487,0.36778557,-0.004890913,-0.0027487054,-0.003569166,-0.0013856097,0.006143961,-0.002726836,0.009951789
ATAC_WNT11,-0.00091342634,-0.002195106,-0.0013761553,0.39414644,-0.0058202385,0.14103237,-0.0074867513,-0.003928487,0.36778557,-0.004890913,-0.0027487054,-0.003569166,-0.0013856097,0.006143961,-0.002726836,0.009951789
ATAC_WNT3A,-0.00091342634,-0.002195106,-0.0013761553,0.39414644,-0.0058202385,0.14103237,-0.0074867513,-0.003928487,0.36778557,-0.004890913,-0.0027487054,-0.003569166,-0.0013856097,0.006143961,-0.002726836,0.009951789
ATAC_WRN,-0.00091342634,-0.002195106,-0.0013761553,0.39414644,-0.0058202385,0.14103237,-0.0074867513,-0.003928487,0.36778557,-0.004890913,-0.0027487054,-0.003569166,-0.0013856097,0.006143961,-0.002726836,0.009951789
ATAC_WWC2-AS2,-0.00091342634,-0.002195106,-0.0013761553,0.39414644,-0.0058202385,0.14103237,-0.0074867513,-0.003928487,0.36778557,-0.004890913,-0.0027487054,-0.003569166,-0.0013856097,0.006143961,-0.002726836,0.009951789
ATAC_XCL1,-0.00091342634,-0.002195106,-0.0013761553,0.39414644,-0.0058202385,0.14103237,-0.0074867513,-0.003928487,0.36778557,-0.004890913,-0.0027487054,-0.003569166,-0.0013856097,0.006143961,-0.002726836,0.009951789
ATAC_XCL2,-0.00091342634,-0.002195106,-0.0013761553,0.39414644,-0.0058202385,0.14103237,-0.0074867513,-0.003928487,0.36778557,-0.004890913,-0.0027487054,-0.003569166,-0.0013856097,0.006143961,-0.002726836,0.009951789
ATAC_XKR5,-0.00091342634,-0.002195106,-0.0013761553,0.39414644,-0.0058202385,0.14103237,-0.0074867513,-0.003928487,0.36778557,-0.004890913,-0.0027487054,-0.003569166,-0.0013856097,0.006143961,-0.002726836,0.009951789
ATAC_XKR6,-0.00091342634,-0.002195106,-0.0013761553,0.39414644,-0.0058202385,0.14103237,-0.0074867513,-0.003928487,0.36778557,-0.004890913,-0.0027487054,-0.003569166,-0.0013856097,0.006143961,-0.002726836,0.009951789
ATAC_XRCC2,-0.00089599687,-0.0021817165,-0.0013640422,0.3956078,-0.005809909,0.14328994,-0.0074903523,-0.0039212154,0.36577544,-0.0048855417,-0.0027356779,-0.0035886306,-0.0013670613,0.0050398745,-0.0027420844,0.008148123
ATAC_XRRA1,-0.00091342634,-0.002195106,-0.0013761553,0.39414644,-0.0058202385,0.14103237,-0.0074867513,-0.003928487,0.36778557,-0.004890913,-0.0027487054,-0.003569166,-0.0013856097,0.006143961,-0.002726836,0.009951789
ATAC_YES1,-0.00092175114,-0.0021947843,-0.0013837354,0.3932873,-0.0058269226,0.1408555,-0.007479291,-0.0039353026,0.36891723,-0.0048954575,-0.0027480249,-0.003571731,-0.0013917967,0.007374119,-0.0027148186,0.010953164
ATAC_YPEL1,-0.00091342634,-0.002195106,-0.0013761553,0.39414644,-0.0058202385,0.14103237,-0.0074867513,-0.003928487,0.36778557,-0.004890913,-0.0027487054,-0.003569166,-0.0013856097,0.006143961,-0.002726836,0.009951789
ATAC_ZAP70,-0.00091342634,-0.002195106,-0.0013761553,0.39414644,-0.0058202385,0.14103237,-0.0074867513,-0.003928487,0.36778557,-0.004890913,-0.0027487054,-0.003569166,-0.0013856097,0.006143961,-0.002726836,0.009951789
ATAC_ZAR1L,-0.000914207,-0.0021984258,-0.0013765057,0.39461032,-0.0058250693,0.14080408,-0.0074897753,-0.0039233183,0.3682507,-0.0048899953,-0.0027510324,-0.003567925,-0.0013869992,0.0059067793,-0.0027256778,0.010150332
ATAC_ZBP1,-0.0009134078,-0.002183831,-0.0013612428,0.39281052,-0.0058277994,0.14094803,-0.007489105,-0.0039303284,0.36706734,-0.0049125603,-0.0027355647,-0.0035742377,-0.0013735435,0.0056673326,-0.0027116942,0.009461749
ATAC_ZBTB10,-0.00091342634,-0.002195106,-0.0013761553,0.39414644,-0.0058202385,0.14103237,-0.0074867513,-0.003928487,0.36778557,-0.004890913,-0.0027487054,-0.003569166,-0.0013856097,0.006143961,-0.002726836,0.009951789
ATAC_ZBTB16,-0.00091342634,-0.002195106,-0.0013761553,0.39414644,-0.0058202385,0.14103237,-0.0074867513,-0.003928487,0.36778557,-0.004890913,-0.0027487054,-0.003569166,-0.0013856097,0.006143961,-0.002726836,0.009951789
ATAC_ZBTB25,-0.00091342634,-0.002195106,-0.0013761553,0.39414644,-0.0058202385,0.14103237,-0.0074867513,-0.003928487,0.36778557,-0.004890913,-0.0027487054,-0.003569166,-0.0013856097,0.006143961,-0.002726836,0.009951789
ATAC_ZBTB44-DT,-0.00091342634,-0.002195106,-0.0013761553,0.39414644,-0.0058202385,0.14103237,-0.0074867513,-0.003928487,0.36778557,-0.004890913,-0.0027487054,-0.003569166,-0.0013856097,0.006143961,-0.002726836,0.009951789
ATAC_ZBTB8B,-0.00091342634,-0.002195106,-0.0013761553,0.39414644,-0.0058202385,0.14103237,-0.0074867513,-0.003928487,0.36778557,-0.004890913,-0.0027487054,-0.003569166,-0.0013856097,0.006143961,-0.002726836,0.009951789
ATAC_ZC3H12D,-0.00091342634,-0.002195106,-0.0013761553,0.39414644,-0.0058202385,0.14103237,-0.0074867513,-0.003928487,0.36778557,-0.004890913,-0.0027487054,-0.003569166,-0.0013856097,0.006143961,-0.002726836,0.009951789
ATAC_ZC3H8,-0.0014318001,-0.0022786153,-0.0018577307,0.45017463,-0.0062076687,0.14975047,-0.0076045166,-0.0033568603,0.33233684,-0.0046963654,-0.0023686404,-0.0032848548,-0.0010774499,-0.00040442185,-0.0030894058,-0.0005346208
ATAC_ZC4H2,-0.00091342634,-0.002195106,-0.0013761553,0.39414644,-0.0058202385,0.14103237,-0.0074867513,-0.003928487,0.36778557,-0.004890913,-0.0027487054,-0.003569166,-0.0013856097,0.006143961,-0.002726836,0.009951789
ATAC_ZCCHC18,-0.00091342634,-0.002195106,-0.0013761553,0.39414644,-0.0058202385,0.14103237,-0.0074867513,-0.003928487,0.36778557,-0.004890913,-0.0027487054,-0.003569166,-0.0013856097,0.006143961,-0.002726836,0.009951789
ATAC_ZCCHC2,-0.00091342634,-0.002195106,-0.0013761553,0.39414644,-0.0058202385,0.14103237,-0.0074867513,-0.003928487,0.36778557,-0.004890913,-0.0027487054,-0.003569166,-0.0013856097,0.006143961,-0.002726836,0.009951789
ATAC_ZDBF2,-0.00091342634,-0.002195106,-0.0013761553,0.39414644,-0.0058202385,0.14103237,-0.0074867513,-0.003928487,0.36778557,-0.004890913,-0.0027487054,-0.003569166,-0.0013856097,0.006143961,-0.002726836,0.009951789
ATAC_ZFP37,-0.00091342634,-0.002195106,-0.0013761553,0.39414644,-0.0058202385,0.14103237,-0.0074867513,-0.003928487,0.36778557,-0.004890913,-0.0027487054,-0.003569166,-0.0013856097,0.006143961,-0.002726836,0.009951789
ATAC_ZFP57,-0.00091342634,-0.002195106,-0.0013761553,0.39414644,-0.0058202385,0.14103237,-0.0074867513,-0.003928487,0.36778557,-0.004890913,-0.0027487054,-0.003569166,-0.0013856097,0.006143961,-0.002726836,0.009951789
ATAC_ZFP90,-0.00091342634,-0.002195106,-0.0013761553,0.39414644,-0.0058202385,0.14103237,-0.0074867513,-0.003928487,0.36778557,-0.004890913,-0.0027487054,-0.003569166,-0.0013856097,0.006143961,-0.002726836,0.009951789
ATAC_ZFPM1,-0.00091342634,-0.002195106,-0.0013761553,0.39414644,-0.0058202385,0.14103237,-0.0074867513,-0.003928487,0.36778557,-0.004890913,-0.0027487054,-0.003569166,-0.0013856097,0.006143961,-0.002726836,0.009951789
ATAC_ZFR2,-0.00091342634,-0.002195106,-0.0013761553,0.39414644,-0.0058202385,0.14103237,-0.0074867513,-0.003928487,0.36778557,-0.004890913,-0.0027487054,-0.003569166,-0.0013856097,0.006143961,-0.002726836,0.009951789
ATAC_ZFX-AS1,-0.00091342634,-0.002195106,-0.0013761553,0.39414644,-0.0058202385,0.14103237,-0.0074867513,-0.003928487,0.36778557,-0.004890913,-0.0027487054,-0.003569166,-0.0013856097,0.006143961,-0.002726836,0.009951789
ATAC_ZFYVE28,-0.00091342634,-0.002195106,-0.0013761553,0.39414644,-0.0058202385,0.14103237,-0.0074867513,-0.003928487,0.36778557,-0.004890913,-0.0027487054,-0.003569166,-0.0013856097,0.006143961,-0.002726836,0.009951789
ATAC_ZFYVE9,-0.00091342634,-0.002195106,-0.0013761553,0.39414644,-0.0058202385,0.14103237,-0.0074867513,-0.003928487,0.36778557,-0.004890913,-0.0027487054,-0.003569166,-0.0013856097,0.006143961,-0.002726836,0.009951789
ATAC_ZKSCAN2-DT,-0.00092175114,-0.0021947843,-0.0013837354,0.3932873,-0.0058269226,0.1408555,-0.007479291,-0.0039353026,0.36891723,-0.0048954575,-0.0027480249,-0.003571731,-0.0013917967,0.007374119,-0.0027148186,0.010953164
ATAC_ZMAT1,-0.00092175114,-0.0021947843,-0.0013837354,0.3932873,-0.0058269226,0.1408555,-0.007479291,-0.0039353026,0.36891723,-0.0048954575,-0.0027480249,-0.003571731,-0.0013917967,0.007374119,-0.0027148186,0.010953164
ATAC_ZMAT4,-0.00091342634,-0.002195106,-0.0013761553,0.39414644,-0.0058202385,0.14103237,-0.0074867513,-0.003928487,0.36778557,-0.004890913,-0.0027487054,-0.003569166,-0.0013856097,0.006143961,-0.002726836,0.009951789
ATAC_ZMIZ2,-0.00091342634,-0.002195106,-0.0013761553,0.39414644,-0.0058202385,0.14103237,-0.0074867513,-0.003928487,0.36778557,-0.004890913,-0.0027487054,-0.003569166,-0.0013856097,0.006143961,-0.002726836,0.009951789
ATAC_ZMYND10-AS1,-0.00091342634,-0.002195106,-0.0013761553,0.39414644,-0.0058202385,0.14103237,-0.0074867513,-0.003928487,0.36778557,-0.004890913,-0.0027487054,-0.003569166,-0.0013856097,0.006143961,-0.002726836,0.009951789
ATAC_ZMYND12,-0.00091342634,-0.002195106,-0.0013761553,0.39414644,-0.0058202385,0.14103237,-0.0074867513,-0.003928487,0.36778557,-0.004890913,-0.0027487054,-0.003569166,-0.0013856097,0.006143961,-0.002726836,0.009951789
ATAC_ZMYND8,-0.00091342634,-0.002195106,-0.0013761553,0.39414644,-0.0058202385,0.14103237,-0.0074867513,-0.003928487,0.36778557,-0.004890913,-0.0027487054,-0.003569166,-0.0013856097,0.006143961,-0.002726836,0.009951789
ATAC_ZNF101,-0.00091342634,-0.002195106,-0.0013761553,0.39414644,-0.0058202385,0.14103237,-0.0074867513,-0.003928487,0.36778557,-0.004890913,-0.0027487054,-0.003569166,-0.0013856097,0.006143961,-0.002726836,0.009951789
ATAC_ZNF107,-0.00091342634,-0.002195106,-0.0013761553,0.39414644,-0.0058202385,0.14103237,-0.0074867513,-0.003928487,0.36778557,-0.004890913,-0.0027487054,-0.003569166,-0.0013856097,0.006143961,-0.002726836,0.009951789
ATAC_ZNF138,-0.00091342634,-0.002195106,-0.0013761553,0.39414644,-0.0058202385,0.14103237,-0.0074867513,-0.003928487,0.36778557,-0.004890913,-0.0027487054,-0.003569166,-0.0013856097,0.006143961,-0.002726836,0.009951789
ATAC_ZNF14,-0.00091342634,-0.002195106,-0.0013761553,0.39414644,-0.0058202385,0.14103237,-0.0074867513,-0.003928487,0.36778557,-0.004890913,-0.0027487054,-0.003569166,-0.0013856097,0.006143961,-0.002726836,0.009951789
ATAC_ZNF143,-0.0009134316,-0.0021951061,-0.0013761601,0.3941459,-0.0058202487,0.14103328,-0.007486755,-0.003928487,0.36778578,-0.004890906,-0.002748698,-0.0035691732,-0.0013856145,0.0061440207,-0.0027268294,0.009951342
ATAC_ZNF213,-0.00091635366,-0.0021881687,-0.0013664626,0.39525148,-0.0058228243,0.14062434,-0.0074972115,-0.0039223186,0.3670534,-0.004881518,-0.0027597616,-0.0035587703,-0.0013818975,0.0076893307,-0.002721844,0.010411877
ATAC_ZNF221,-0.0008068117,-0.0024243607,-0.0006480862,0.40347397,-0.0054449267,0.21855581,-0.006522894,-0.003586409,0.33322683,-0.0041442597,-0.0022412648,-0.0033418403,-0.0012516238,-0.0005681758,-0.0018777698,0.009755332
ATAC_ZNF25-DT,-0.00091635366,-0.0021881687,-0.0013664626,0.39525148,-0.0058228243,0.14062434,-0.0074972115,-0.0039223186,0.3670534,-0.004881518,-0.0027597616,-0.0035587703,-0.0013818975,0.0076893307,-0.002721844,0.010411877
ATAC_ZNF253,-0.0009083604,-0.002190757,-0.0013776293,0.394368,-0.005814905,0.14094813,-0.007490289,-0.0039329003,0.36830753,-0.00489255,-0.0027420842,-0.0035757893,-0.0013899484,0.0055775978,-0.0027264,0.009774033
ATAC_ZNF254,-0.00091342634,-0.002195106,-0.0013761553,0.39414644,-0.0058202385,0.14103237,-0.0074867513,-0.003928487,0.36778557,-0.004890913,-0.0027487054,-0.003569166,-0.0013856097,0.006143961,-0.002726836,0.009951789
ATAC_ZNF257,-0.00091342634,-0.002195106,-0.0013761553,0.39414644,-0.0058202385,0.14103237,-0.0074867513,-0.003928487,0.36778557,-0.004890913,-0.0027487054,-0.003569166,-0.0013856097,0.006143961,-0.002726836,0.009951789
ATAC_ZNF266,-0.00091342634,-0.002195106,-0.0013761553,0.39414644,-0.0058202385,0.14103237,-0.0074867513,-0.003928487,0.36778557,-0.004890913,-0.0027487054,-0.003569166,-0.0013856097,0.006143961,-0.002726836,0.009951789
ATAC_ZNF32,-0.00091342634,-0.002195106,-0.0013761553,0.39414644,-0.0058202385,0.14103237,-0.0074867513,-0.003928487,0.36778557,-0.004890913,-0.0027487054,-0.003569166,-0.0013856097,0.006143961,-0.002726836,0.009951789
ATAC_ZNF329,-0.00091342634,-0.002195106,-0.0013761553,0.39414644,-0.0058202385,0.14103237,-0.0074867513,-0.003928487,0.36778557,-0.004890913,-0.0027487054,-0.003569166,-0.0013856097,0.006143961,-0.002726836,0.009951789
ATAC_ZNF335,-0.00091342634,-0.002195106,-0.0013761553,0.39414644,-0.0058202385,0.14103237,-0.0074867513,-0.003928487,0.36778557,-0.004890913,-0.0027487054,-0.003569166,-0.0013856097,0.006143961,-0.002726836,0.009951789
ATAC_ZNF337,-0.00091342634,-0.002195106,-0.0013761553,0.39414644,-0.0058202385,0.14103237,-0.0074867513,-0.003928487,0.36778557,-0.004890913,-0.0027487054,-0.003569166,-0.0013856097,0.006143961,-0.002726836,0.009951789
ATAC_ZNF337-AS1,-0.00091342634,-0.002195106,-0.0013761553,0.39414644,-0.0058202385,0.14103237,-0.0074867513,-0.003928487,0.36778557,-0.004890913,-0.0027487054,-0.003569166,-0.0013856097,0.006143961,-0.002726836,0.009951789
ATAC_ZNF365,-0.00091342634,-0.002195106,-0.0013761553,0.39414644,-0.0058202385,0.14103237,-0.0074867513,-0.003928487,0.36778557,-0.004890913,-0.0027487054,-0.003569166,-0.0013856097,0.006143961,-0.002726836,0.009951789
ATAC_ZNF367,-0.00085921306,-0.0028514194,-0.0010761732,0.37998796,-0.0050867763,0.08471882,-0.008042119,-0.003351063,0.31982675,-0.0051620514,-0.0025768164,-0.003328623,-0.0006605238,0.09671359,-0.0028322886,0.009930063
ATAC_ZNF416,-0.00091342634,-0.002195106,-0.0013761553,0.39414644,-0.0058202385,0.14103237,-0.0074867513,-0.003928487,0.36778557,-0.004890913,-0.0027487054,-0.003569166,-0.0013856097,0.006143961,-0.002726836,0.009951789
ATAC_ZNF425,-0.00091342634,-0.002195106,-0.0013761553,0.39414644,-0.0058202385,0.14103237,-0.0074867513,-0.003928487,0.36778557,-0.004890913,-0.0027487054,-0.003569166,-0.0013856097,0.006143961,-0.002726836,0.009951789
ATAC_ZNF439,-0.00091342634,-0.002195106,-0.0013761553,0.39414644,-0.0058202385,0.14103237,-0.0074867513,-0.003928487,0.36778557,-0.004890913,-0.0027487054,-0.003569166,-0.0013856097,0.006143961,-0.002726836,0.009951789
ATAC_ZNF446,-0.00091342634,-0.002195106,-0.0013761553,0.39414644,-0.0058202385,0.14103237,-0.0074867513,-0.003928487,0.36778557,-0.004890913,-0.0027487054,-0.003569166,-0.0013856097,0.006143961,-0.002726836,0.009951789
ATAC_ZNF483,-0.00091342634,-0.002195106,-0.0013761553,0.39414644,-0.0058202385,0.14103237,-0.0074867513,-0.003928487,0.36778557,-0.004890913,-0.0027487054,-0.003569166,-0.0013856097,0.006143961,-0.002726836,0.009951789
ATAC_ZNF490,-0.00091342634,-0.002195106,-0.0013761553,0.39414644,-0.0058202385,0.14103237,-0.0074867513,-0.003928487,0.36778557,-0.004890913,-0.0027487054,-0.003569166,-0.0013856097,0.006143961,-0.002726836,0.009951789
ATAC_ZNF507,-0.00091342634,-0.002195106,-0.0013761553,0.39414644,-0.0058202385,0.14103237,-0.0074867513,-0.003928487,0.36778557,-0.004890913,-0.0027487054,-0.003569166,-0.0013856097,0.006143961,-0.002726836,0.009951789
ATAC_ZNF513,-0.00091342634,-0.002195106,-0.0013761553,0.39414644,-0.0058202385,0.14103237,-0.0074867513,-0.003928487,0.36778557,-0.004890913,-0.0027487054,-0.003569166,-0.0013856097,0.006143961,-0.002726836,0.009951789
ATAC_ZNF527,-0.00091342634,-0.002195106,-0.0013761553,0.39414644,-0.0058202385,0.14103237,-0.0074867513,-0.003928487,0.36778557,-0.004890913,-0.0027487054,-0.003569166,-0.0013856097,0.006143961,-0.002726836,0.009951789
ATAC_ZNF528-AS1,-0.00091342634,-0.002195106,-0.0013761553,0.39414644,-0.0058202385,0.14103237,-0.0074867513,-0.003928487,0.36778557,-0.004890913,-0.0027487054,-0.003569166,-0.0013856097,0.006143961,-0.002726836,0.009951789
ATAC_ZNF529,-0.00091342634,-0.002195106,-0.0013761553,0.39414644,-0.0058202385,0.14103237,-0.0074867513,-0.003928487,0.36778557,-0.004890913,-0.0027487054,-0.003569166,-0.0013856097,0.006143961,-0.002726836,0.009951789
ATAC_ZNF529-AS1,-0.00091342634,-0.002195106,-0.0013761553,0.39414644,-0.0058202385,0.14103237,-0.0074867513,-0.003928487,0.36778557,-0.004890913,-0.0027487054,-0.003569166,-0.0013856097,0.006143961,-0.002726836,0.009951789
ATAC_ZNF552,-0.00091342634,-0.002195106,-0.0013761553,0.39414644,-0.0058202385,0.14103237,-0.0074867513,-0.003928487,0.36778557,-0.004890913,-0.0027487054,-0.003569166,-0.0013856097,0.006143961,-0.002726836,0.009951789
ATAC_ZNF558,-0.00091342634,-0.002195106,-0.0013761553,0.39414644,-0.0058202385,0.14103237,-0.0074867513,-0.003928487,0.36778557,-0.004890913,-0.0027487054,-0.003569166,-0.0013856097,0.006143961,-0.002726836,0.009951789
ATAC_ZNF563,-0.00091342634,-0.002195106,-0.0013761553,0.39414644,-0.0058202385,0.14103237,-0.0074867513,-0.003928487,0.36778557,-0.004890913,-0.0027487054,-0.003569166,-0.0013856097,0.006143961,-0.002726836,0.009951789
ATAC_ZNF572,-0.00091342634,-0.002195106,-0.0013761553,0.39414644,-0.0058202385,0.14103237,-0.0074867513,-0.003928487,0.36778557,-0.004890913,-0.0027487054,-0.003569166,-0.0013856097,0.006143961,-0.002726836,0.009951789
ATAC_ZNF573,-0.00091342634,-0.002195106,-0.0013761553,0.39414644,-0.0058202385,0.14103237,-0.0074867513,-0.003928487,0.36778557,-0.004890913,-0.0027487054,-0.003569166,-0.0013856097,0.006143961,-0.002726836,0.009951789
ATAC_ZNF584,-0.00091342634,-0.002195106,-0.0013761553,0.39414644,-0.0058202385,0.14103237,-0.0074867513,-0.003928487,0.36778557,-0.004890913,-0.0027487054,-0.003569166,-0.0013856097,0.006143961,-0.002726836,0.009951789
ATAC_ZNF585B,-0.00091342634,-0.002195106,-0.0013761553,0.39414644,-0.0058202385,0.14103237,-0.0074867513,-0.003928487,0.36778557,-0.004890913,-0.0027487054,-0.003569166,-0.0013856097,0.006143961,-0.002726836,0.009951789
ATAC_ZNF600,-0.00091342634,-0.002195106,-0.0013761553,0.39414644,-0.0058202385,0.14103237,-0.0074867513,-0.003928487,0.36778557,-0.004890913,-0.0027487054,-0.003569166,-0.0013856097,0.006143961,-0.002726836,0.009951789
ATAC_ZNF611,-0.00091342634,-0.002195106,-0.0013761553,0.39414644,-0.0058202385,0.14103237,-0.0074867513,-0.003928487,0.36778557,-0.004890913,-0.0027487054,-0.003569166,-0.0013856097,0.006143961,-0.002726836,0.009951789
ATAC_ZNF626,-5.6579036e-05,-0.00028068255,-0.0013211253,0.5283586,-0.0043613594,0.10326435,-0.005304129,-0.0023585195,0.32367596,-0.003354221,-0.002653861,-0.0035238382,-0.0006161558,-0.00013301474,-0.004195477,-0.0013739844
ATAC_ZNF66,-0.000914207,-0.0021984258,-0.0013765057,0.39461032,-0.0058250693,0.14080408,-0.0074897753,-0.0039233183,0.3682507,-0.0048899953,-0.0027510324,-0.003567925,-0.0013869992,0.0059067793,-0.0027256778,0.010150332
ATAC_ZNF675,-0.00091342634,-0.002195106,-0.0013761553,0.39414644,-0.0058202385,0.14103237,-0.0074867513,-0.003928487,0.36778557,-0.004890913,-0.0027487054,-0.003569166,-0.0013856097,0.006143961,-0.002726836,0.009951789
ATAC_ZNF682,-0.00091342634,-0.002195106,-0.0013761553,0.39414644,-0.0058202385,0.14103237,-0.0074867513,-0.003928487,0.36778557,-0.004890913,-0.0027487054,-0.003569166,-0.0013856097,0.006143961,-0.002726836,0.009951789
ATAC_ZNF687-AS1,-0.00091342634,-0.002195106,-0.0013761553,0.39414644,-0.0058202385,0.14103237,-0.0074867513,-0.003928487,0.36778557,-0.004890913,-0.0027487054,-0.003569166,-0.0013856097,0.006143961,-0.002726836,0.009951789
ATAC_ZNF699,-0.00091342634,-0.002195106,-0.0013761553,0.39414644,-0.0058202385,0.14103237,-0.0074867513,-0.003928487,0.36778557,-0.004890913,-0.0027487054,-0.003569166,-0.0013856097,0.006143961,-0.002726836,0.009951789
ATAC_ZNF704,-0.00091342634,-0.002195106,-0.0013761553,0.39414644,-0.0058202385,0.14103237,-0.0074867513,-0.003928487,0.36778557,-0.004890913,-0.0027487054,-0.003569166,-0.0013856097,0.006143961,-0.002726836,0.009951789
ATAC_ZNF721,-0.00091819797,-0.0021889585,-0.0013668583,0.39434472,-0.005821185,0.14086138,-0.0074942205,-0.0039296374,0.36836207,-0.0048930002,-0.0027494691,-0.0035737788,-0.0013920319,0.0061419643,-0.0027187946,0.009251136
ATAC_ZNF724,-0.00091342634,-0.002195106,-0.0013761553,0.39414644,-0.0058202385,0.14103237,-0.0074867513,-0.003928487,0.36778557,-0.004890913,-0.0027487054,-0.003569166,-0.0013856097,0.006143961,-0.002726836,0.009951789
ATAC_ZNF732,-0.00091342634,-0.002195106,-0.0013761553,0.39414644,-0.0058202385,0.14103237,-0.0074867513,-0.003928487,0.36778557,-0.004890913,-0.0027487054,-0.003569166,-0.0013856097,0.006143961,-0.002726836,0.009951789
ATAC_ZNF737,-0.00091342634,-0.002195106,-0.0013761553,0.39414644,-0.0058202385,0.14103237,-0.0074867513,-0.003928487,0.36778557,-0.004890913,-0.0027487054,-0.003569166,-0.0013856097,0.006143961,-0.002726836,0.009951789
ATAC_ZNF75A,-0.00091342634,-0.002195106,-0.0013761553,0.39414644,-0.0058202385,0.14103237,-0.0074867513,-0.003928487,0.36778557,-0.004890913,-0.0027487054,-0.003569166,-0.0013856097,0.006143961,-0.002726836,0.009951789
ATAC_ZNF771,-0.00091342634,-0.002195106,-0.0013761553,0.39414644,-0.0058202385,0.14103237,-0.0074867513,-0.003928487,0.36778557,-0.004890913,-0.0027487054,-0.003569166,-0.0013856097,0.006143961,-0.002726836,0.009951789
ATAC_ZNF780B,-0.00091342634,-0.002195106,-0.0013761553,0.39414644,-0.0058202385,0.14103237,-0.0074867513,-0.003928487,0.36778557,-0.004890913,-0.0027487054,-0.003569166,-0.0013856097,0.006143961,-0.002726836,0.009951789
ATAC_ZNF786,-0.00091342634,-0.002195106,-0.0013761553,0.39414644,-0.0058202385,0.14103237,-0.0074867513,-0.003928487,0.36778557,-0.004890913,-0.0027487054,-0.003569166,-0.0013856097,0.006143961,-0.002726836,0.009951789
ATAC_ZNF808,-0.00091342634,-0.002195106,-0.0013761553,0.39414644,-0.0058202385,0.14103237,-0.0074867513,-0.003928487,0.36778557,-0.004890913,-0.0027487054,-0.003569166,-0.0013856097,0.006143961,-0.002726836,0.009951789
ATAC_ZNF821,-0.00091276143,-0.0022047418,-0.001371651,0.3952939,-0.005808187,0.14232913,-0.0074750525,-0.0039420263,0.36733,-0.004885167,-0.0027369792,-0.0035663354,-0.0013890138,0.005412314,-0.0027191022,0.009295601
ATAC_ZNF827,-0.00091378647,-0.0021970277,-0.0013782722,0.39412314,-0.005820528,0.14106952,-0.0074844663,-0.0039293924,0.36785668,-0.004888715,-0.0027467292,-0.0035714072,-0.0013842476,0.0061832257,-0.0027291193,0.009709898
ATAC_ZNF83,-0.000914207,-0.0021984258,-0.0013765057,0.39461032,-0.0058250693,0.14080408,-0.0074897753,-0.0039233183,0.3682507,-0.0048899953,-0.0027510324,-0.003567925,-0.0013869992,0.0059067793,-0.0027256778,0.010150332
ATAC_ZNF830,-0.00091342634,-0.002195106,-0.0013761553,0.39414644,-0.0058202385,0.14103237,-0.0074867513,-0.003928487,0.36778557,-0.004890913,-0.0027487054,-0.003569166,-0.0013856097,0.006143961,-0.002726836,0.009951789
ATAC_ZNF831,-0.00091342634,-0.002195106,-0.0013761553,0.39414644,-0.0058202385,0.14103237,-0.0074867513,-0.003928487,0.36778557,-0.004890913,-0.0027487054,-0.003569166,-0.0013856097,0.006143961,-0.002726836,0.009951789
ATAC_ZNF839,-8.493587e-05,-0.0014338746,-0.0021850078,0.43879998,-0.005083292,0.16834609,-0.007060528,-0.0036700724,0.389877,-0.005477016,-0.0026135796,-0.0033854311,-0.0004413837,-0.0004099697,-0.0020384577,-0.0006102113
ATAC_ZNF845,-0.0008068117,-0.0024243607,-0.0006480862,0.40347397,-0.0054449267,0.21855581,-0.006522894,-0.003586409,0.33322683,-0.0041442597,-0.0022412648,-0.0033418403,-0.0012516238,-0.0005681758,-0.0018777698,0.009755332
ATAC_ZNF85,-0.00091635366,-0.0021881687,-0.0013664626,0.39525148,-0.0058228243,0.14062434,-0.0074972115,-0.0039223186,0.3670534,-0.004881518,-0.0027597616,-0.0035587703,-0.0013818975,0.0076893307,-0.002721844,0.010411877
ATAC_ZNF853,-0.00091342634,-0.002195106,-0.0013761553,0.39414644,-0.0058202385,0.14103237,-0.0074867513,-0.003928487,0.36778557,-0.004890913,-0.0027487054,-0.003569166,-0.0013856097,0.006143961,-0.002726836,0.009951789
ATAC_ZNF91,-0.00091342634,-0.002195106,-0.0013761553,0.39414644,-0.0058202385,0.14103237,-0.0074867513,-0.003928487,0.36778557,-0.004890913,-0.0027487054,-0.003569166,-0.0013856097,0.006143961,-0.002726836,0.009951789
ATAC_ZNHIT6,-0.0009335447,-0.0021758785,-0.0013949298,0.3960004,-0.0058335555,0.14248018,-0.007496143,-0.003922221,0.36949682,-0.004910254,-0.0027642637,-0.0035727876,-0.0013787244,0.0051339306,-0.0027433294,0.008543003
ATAC_ZPBP,-0.00091342634,-0.002195106,-0.0013761553,0.39414644,-0.0058202385,0.14103237,-0.0074867513,-0.003928487,0.36778557,-0.004890913,-0.0027487054,-0.003569166,-0.0013856097,0.006143961,-0.002726836,0.009951789
ATAC_ZSWIM3,-0.00091342634,-0.002195106,-0.0013761553,0.39414644,-0.0058202385,0.14103237,-0.0074867513,-0.003928487,0.36778557,-0.004890913,-0.0027487054,-0.003569166,-0.0013856097,0.006143961,-0.002726836,0.009951789
ATAC_ZSWIM5,-0.00091342634,-0.002195106,-0.0013761553,0.39414644,-0.0058202385,0.14103237,-0.0074867513,-0.003928487,0.36778557,-0.004890913,-0.0027487054,-0.003569166,-0.0013856097,0.006143961,-0.002726836,0.009951789
ATAC_ZWILCH,-0.00091342634,-0.002195106,-0.0013761553,0.39414644,-0.0058202385,0.14103237,-0.0074867513,-0.003928487,0.36778557,-0.004890913,-0.0027487054,-0.003569166,-0.0013856097,0.006143961,-0.002726836,0.009951789
ATAC_ZXDB,-0.00091342634,-0.002195106,-0.0013761553,0.39414644,-0.0058202385,0.14103237,-0.0074867513,-0.003928487,0.36778557,-0.004890913,-0.0027487054,-0.003569166,-0.0013856097,0.006143961,-0.002726836,0.009951789
