,0,1,2,3,4,5,6,7,8,9,10,11,12,13,14,15
A2M,-0.0010877977,0.17144857,0.1876833,-0.0037049602,0.100572705,-0.006372791,0.138077,-0.0038450004,-0.0021608365,-0.0012187964,-4.3637752e-05,0.3198309,-0.0024792808,-0.005549662,-0.0030374709,-0.008838554
ABCA3,-0.0010877977,0.17144857,0.1876833,-0.0037049602,0.100572705,-0.006372791,0.138077,-0.0038450004,-0.0021608365,-0.0012187964,-4.3637752e-05,0.3198309,-0.0024792808,-0.005549662,-0.0030374709,-0.008838554
ABCA5,-0.0010877977,0.17144857,0.1876833,-0.0037049602,0.100572705,-0.006372791,0.138077,-0.0038450004,-0.0021608365,-0.0012187964,-4.3637752e-05,0.3198309,-0.0024792808,-0.005549662,-0.0030374709,-0.008838554
ABCC10,-0.0010877977,0.17144857,0.1876833,-0.0037049602,0.100572705,-0.006372791,0.138077,-0.0038450004,-0.0021608365,-0.0012187964,-4.3637752e-05,0.3198309,-0.0024792808,-0.005549662,-0.0030374709,-0.008838554
ABCD2,-0.0010877977,0.17144857,0.1876833,-0.0037049602,0.100572705,-0.006372791,0.138077,-0.0038450004,-0.0021608365,-0.0012187964,-4.3637752e-05,0.3198309,-0.0024792808,-0.005549662,-0.0030374709,-0.008838554
ABCG1,-0.0010921574,0.17122777,0.18717916,-0.0037018275,0.100231886,-0.006369981,0.13741207,-0.0038436772,-0.0021610826,-0.0012123802,-4.996702e-05,0.3197165,-0.002474861,-0.005556675,-0.0030345058,-0.008831642
ABCG2,-0.001098377,0.1712539,0.18849437,-0.00369753,0.09999989,-0.006368004,0.13725416,-0.0038489501,-0.002165888,-0.0012127643,-4.37656e-05,0.31934452,-0.0024807504,-0.0055478546,-0.0030459722,-0.008841534
ABHD17A,-0.0010877977,0.17144857,0.1876833,-0.0037049602,0.100572705,-0.006372791,0.138077,-0.0038450004,-0.0021608365,-0.0012187964,-4.3637752e-05,0.3198309,-0.0024792808,-0.005549662,-0.0030374709,-0.008838554
ACAD11,-0.0010877977,0.17144857,0.1876833,-0.0037049602,0.100572705,-0.006372791,0.138077,-0.0038450004,-0.0021608365,-0.0012187964,-4.3637752e-05,0.3198309,-0.0024792808,-0.005549662,-0.0030374709,-0.008838554
ACBD7,-0.0010860863,0.1710268,0.18784754,-0.003701256,0.101284705,-0.0063759047,0.13832788,-0.003836179,-0.0021499465,-0.0012161382,-5.2752046e-05,0.319309,-0.0024700572,-0.005540353,-0.0030260198,-0.008839308
ACOT6,-0.0010877977,0.17144857,0.1876833,-0.0037049602,0.100572705,-0.006372791,0.138077,-0.0038450004,-0.0021608365,-0.0012187964,-4.3637752e-05,0.3198309,-0.0024792808,-0.005549662,-0.0030374709,-0.008838554
ACP7,-0.0010877977,0.17144857,0.1876833,-0.0037049602,0.100572705,-0.006372791,0.138077,-0.0038450004,-0.0021608365,-0.0012187964,-4.3637752e-05,0.3198309,-0.0024792808,-0.005549662,-0.0030374709,-0.008838554
ACTA2-AS1,-0.0010877977,0.17144857,0.1876833,-0.0037049602,0.100572705,-0.006372791,0.138077,-0.0038450004,-0.0021608365,-0.0012187964,-4.3637752e-05,0.3198309,-0.0024792808,-0.005549662,-0.0030374709,-0.008838554
ACVR1C,-0.0010877977,0.17144857,0.1876833,-0.0037049602,0.100572705,-0.006372791,0.138077,-0.0038450004,-0.0021608365,-0.0012187964,-4.3637752e-05,0.3198309,-0.0024792808,-0.005549662,-0.0030374709,-0.008838554
ACVR2B-AS1,-0.0010877977,0.17144857,0.1876833,-0.0037049602,0.100572705,-0.006372791,0.138077,-0.0038450004,-0.0021608365,-0.0012187964,-4.3637752e-05,0.3198309,-0.0024792808,-0.005549662,-0.0030374709,-0.008838554
ADAM12,-0.0011537647,0.16816655,0.1970344,-0.003797574,0.09833139,-0.0063705854,0.122163825,-0.0039042453,-0.0022116425,-0.0011011281,0.00419046,0.32505834,-0.002397596,-0.005446845,-0.0031328867,-0.0088060945
ADAM22,-0.0010877977,0.17144857,0.1876833,-0.0037049602,0.100572705,-0.006372791,0.138077,-0.0038450004,-0.0021608365,-0.0012187964,-4.3637752e-05,0.3198309,-0.0024792808,-0.005549662,-0.0030374709,-0.008838554
ADAM23,-0.0010877977,0.17144857,0.1876833,-0.0037049602,0.100572705,-0.006372791,0.138077,-0.0038450004,-0.0021608365,-0.0012187964,-4.3637752e-05,0.3198309,-0.0024792808,-0.005549662,-0.0030374709,-0.008838554
ADAM28,-0.0010877977,0.17144857,0.1876833,-0.0037049602,0.100572705,-0.006372791,0.138077,-0.0038450004,-0.0021608365,-0.0012187964,-4.3637752e-05,0.3198309,-0.0024792808,-0.005549662,-0.0030374709,-0.008838554
ADAM8,-0.00093042135,0.2348218,0.23366047,-0.0033318293,0.056905776,-0.0067872885,0.060367078,-0.0033510828,-0.0021420114,-0.0019415858,-0.0003128761,0.2628999,-0.0030468786,-0.005736252,-0.0021482417,-0.007875979
ADAMTS1,-0.0010877977,0.17144857,0.1876833,-0.0037049602,0.100572705,-0.006372791,0.138077,-0.0038450004,-0.0021608365,-0.0012187964,-4.3637752e-05,0.3198309,-0.0024792808,-0.005549662,-0.0030374709,-0.008838554
ADAMTS10,-0.0010877977,0.17144857,0.1876833,-0.0037049602,0.100572705,-0.006372791,0.138077,-0.0038450004,-0.0021608365,-0.0012187964,-4.3637752e-05,0.3198309,-0.0024792808,-0.005549662,-0.0030374709,-0.008838554
ADAMTS14,-0.0010877977,0.17144857,0.1876833,-0.0037049602,0.100572705,-0.006372791,0.138077,-0.0038450004,-0.0021608365,-0.0012187964,-4.3637752e-05,0.3198309,-0.0024792808,-0.005549662,-0.0030374709,-0.008838554
ADAMTS17,-0.0010877977,0.17144857,0.1876833,-0.0037049602,0.100572705,-0.006372791,0.138077,-0.0038450004,-0.0021608365,-0.0012187964,-4.3637752e-05,0.3198309,-0.0024792808,-0.005549662,-0.0030374709,-0.008838554
ADAMTS3,-0.0010877977,0.17144857,0.1876833,-0.0037049602,0.100572705,-0.006372791,0.138077,-0.0038450004,-0.0021608365,-0.0012187964,-4.3637752e-05,0.3198309,-0.0024792808,-0.005549662,-0.0030374709,-0.008838554
ADAMTS6,-0.0010921574,0.17122777,0.18717916,-0.0037018275,0.100231886,-0.006369981,0.13741207,-0.0038436772,-0.0021610826,-0.0012123802,-4.996702e-05,0.3197165,-0.002474861,-0.005556675,-0.0030345058,-0.008831642
ADGRF1,-0.0010877977,0.17144857,0.1876833,-0.0037049602,0.100572705,-0.006372791,0.138077,-0.0038450004,-0.0021608365,-0.0012187964,-4.3637752e-05,0.3198309,-0.0024792808,-0.005549662,-0.0030374709,-0.008838554
ADGRF2,-0.0010877977,0.17144857,0.1876833,-0.0037049602,0.100572705,-0.006372791,0.138077,-0.0038450004,-0.0021608365,-0.0012187964,-4.3637752e-05,0.3198309,-0.0024792808,-0.005549662,-0.0030374709,-0.008838554
ADGRG1,-0.0010877977,0.17144857,0.1876833,-0.0037049602,0.100572705,-0.006372791,0.138077,-0.0038450004,-0.0021608365,-0.0012187964,-4.3637752e-05,0.3198309,-0.0024792808,-0.005549662,-0.0030374709,-0.008838554
ADGRG5,-0.0010877977,0.17144857,0.1876833,-0.0037049602,0.100572705,-0.006372791,0.138077,-0.0038450004,-0.0021608365,-0.0012187964,-4.3637752e-05,0.3198309,-0.0024792808,-0.005549662,-0.0030374709,-0.008838554
ADIRF,-0.0010877977,0.17144857,0.1876833,-0.0037049602,0.100572705,-0.006372791,0.138077,-0.0038450004,-0.0021608365,-0.0012187964,-4.3637752e-05,0.3198309,-0.0024792808,-0.005549662,-0.0030374709,-0.008838554
ADRA1D,-0.0010877977,0.17144857,0.1876833,-0.0037049602,0.100572705,-0.006372791,0.138077,-0.0038450004,-0.0021608365,-0.0012187964,-4.3637752e-05,0.3198309,-0.0024792808,-0.005549662,-0.0030374709,-0.008838554
ADRB2,-0.0010877977,0.17144857,0.1876833,-0.0037049602,0.100572705,-0.006372791,0.138077,-0.0038450004,-0.0021608365,-0.0012187964,-4.3637752e-05,0.3198309,-0.0024792808,-0.005549662,-0.0030374709,-0.008838554
AEBP2,-0.0021615177,0.14144996,0.11857672,-0.0031773937,0.15636832,-0.0053869495,0.036642246,-0.0029794173,-0.0026040338,-0.0018611003,-0.00025664805,0.37024134,-0.002145187,-0.005571729,-0.0016876009,-0.007338565
AGBL2,-0.002159127,0.14206107,0.1183898,-0.0031720083,0.15560421,-0.005376658,0.035934858,-0.0029756117,-0.0025952947,-0.0018542282,-0.0002603948,0.3695302,-0.0021468198,-0.0055822977,-0.001692791,-0.0073422207
AGBL3,-0.0010877977,0.17144857,0.1876833,-0.0037049602,0.100572705,-0.006372791,0.138077,-0.0038450004,-0.0021608365,-0.0012187964,-4.3637752e-05,0.3198309,-0.0024792808,-0.005549662,-0.0030374709,-0.008838554
AGFG2,-0.0010877977,0.17144857,0.1876833,-0.0037049602,0.100572705,-0.006372791,0.138077,-0.0038450004,-0.0021608365,-0.0012187964,-4.3637752e-05,0.3198309,-0.0024792808,-0.005549662,-0.0030374709,-0.008838554
AJM1,-0.0010877977,0.17144857,0.1876833,-0.0037049602,0.100572705,-0.006372791,0.138077,-0.0038450004,-0.0021608365,-0.0012187964,-4.3637752e-05,0.3198309,-0.0024792808,-0.005549662,-0.0030374709,-0.008838554
AK1,-0.0010877977,0.17144857,0.1876833,-0.0037049602,0.100572705,-0.006372791,0.138077,-0.0038450004,-0.0021608365,-0.0012187964,-4.3637752e-05,0.3198309,-0.0024792808,-0.005549662,-0.0030374709,-0.008838554
AK5,-0.0010877977,0.17144857,0.1876833,-0.0037049602,0.100572705,-0.006372791,0.138077,-0.0038450004,-0.0021608365,-0.0012187964,-4.3637752e-05,0.3198309,-0.0024792808,-0.005549662,-0.0030374709,-0.008838554
AK7,-0.001085407,0.17205968,0.18749638,-0.003699575,0.09980859,-0.0063624983,0.13736963,-0.0038411943,-0.002152097,-0.0012119242,-4.73845e-05,0.31911975,-0.0024809137,-0.005560232,-0.0030426607,-0.00884221
AK9,-0.0010877977,0.17144857,0.1876833,-0.0037049602,0.100572705,-0.006372791,0.138077,-0.0038450004,-0.0021608365,-0.0012187964,-4.3637752e-05,0.3198309,-0.0024792808,-0.005549662,-0.0030374709,-0.008838554
AKAP5,-0.0010024444,0.17006364,0.18294825,-0.0037166297,0.10341251,-0.006436741,0.12899476,-0.003912468,-0.0020923126,-0.0013135492,-8.793011e-05,0.3149426,-0.0023648706,-0.0056077414,-0.003103253,-0.008811112
AKTIP,-0.0010877977,0.17144857,0.1876833,-0.0037049602,0.100572705,-0.006372791,0.138077,-0.0038450004,-0.0021608365,-0.0012187964,-4.3637752e-05,0.3198309,-0.0024792808,-0.005549662,-0.0030374709,-0.008838554
ALOX5AP,-0.0010877977,0.17144857,0.1876833,-0.0037049602,0.100572705,-0.006372791,0.138077,-0.0038450004,-0.0021608365,-0.0012187964,-4.3637752e-05,0.3198309,-0.0024792808,-0.005549662,-0.0030374709,-0.008838554
AMIGO1,-0.0010877977,0.17144857,0.1876833,-0.0037049602,0.100572705,-0.006372791,0.138077,-0.0038450004,-0.0021608365,-0.0012187964,-4.3637752e-05,0.3198309,-0.0024792808,-0.005549662,-0.0030374709,-0.008838554
AMT,-0.0010877977,0.17144857,0.1876833,-0.0037049602,0.100572705,-0.006372791,0.138077,-0.0038450004,-0.0021608365,-0.0012187964,-4.3637752e-05,0.3198309,-0.0024792808,-0.005549662,-0.0030374709,-0.008838554
ANGPTL6,-0.0010877977,0.17144857,0.1876833,-0.0037049602,0.100572705,-0.006372791,0.138077,-0.0038450004,-0.0021608365,-0.0012187964,-4.3637752e-05,0.3198309,-0.0024792808,-0.005549662,-0.0030374709,-0.008838554
ANK1,-0.0010877977,0.17144857,0.1876833,-0.0037049602,0.100572705,-0.006372791,0.138077,-0.0038450004,-0.0021608365,-0.0012187964,-4.3637752e-05,0.3198309,-0.0024792808,-0.005549662,-0.0030374709,-0.008838554
ANK3,-0.0010877977,0.17144857,0.1876833,-0.0037049602,0.100572705,-0.006372791,0.138077,-0.0038450004,-0.0021608365,-0.0012187964,-4.3637752e-05,0.3198309,-0.0024792808,-0.005549662,-0.0030374709,-0.008838554
ANKAR,-0.001087727,0.1714377,0.1876375,-0.0037046217,0.10054491,-0.0063724616,0.13807371,-0.0038452481,-0.0021604009,-0.0012189316,-4.3976754e-05,0.31983286,-0.002478898,-0.005549348,-0.0030372092,-0.008838146
ANKRD26,-0.0010877977,0.17144857,0.1876833,-0.0037049602,0.100572705,-0.006372791,0.138077,-0.0038450004,-0.0021608365,-0.0012187964,-4.3637752e-05,0.3198309,-0.0024792808,-0.005549662,-0.0030374709,-0.008838554
ANKRD29,-0.0010877977,0.17144857,0.1876833,-0.0037049602,0.100572705,-0.006372791,0.138077,-0.0038450004,-0.0021608365,-0.0012187964,-4.3637752e-05,0.3198309,-0.0024792808,-0.005549662,-0.0030374709,-0.008838554
ANKRD31,-0.001507132,0.18077923,0.09198336,-0.0031377012,0.113401845,-0.006761426,0.07194908,-0.0030462826,-0.0031032118,-0.0022621867,-0.00018653348,0.23050334,-0.0028791283,-0.005205046,-0.0033815864,-0.008723939
ANKRD36,-0.001098377,0.1712539,0.18849437,-0.00369753,0.09999989,-0.006368004,0.13725416,-0.0038489501,-0.002165888,-0.0012127643,-4.37656e-05,0.31934452,-0.0024807504,-0.0055478546,-0.0030459722,-0.008841534
ANKRD36B,-0.0010921574,0.17122777,0.18717916,-0.0037018275,0.100231886,-0.006369981,0.13741207,-0.0038436772,-0.0021610826,-0.0012123802,-4.996702e-05,0.3197165,-0.002474861,-0.005556675,-0.0030345058,-0.008831642
ANKRD36C,-0.0010877977,0.17144857,0.1876833,-0.0037049602,0.100572705,-0.006372791,0.138077,-0.0038450004,-0.0021608365,-0.0012187964,-4.3637752e-05,0.3198309,-0.0024792808,-0.005549662,-0.0030374709,-0.008838554
ANKRD39,-0.0021615177,0.14144996,0.11857672,-0.0031773937,0.15636832,-0.0053869495,0.036642246,-0.0029794173,-0.0026040338,-0.0018611003,-0.00025664805,0.37024134,-0.002145187,-0.005571729,-0.0016876009,-0.007338565
ANO10,-0.0010877977,0.17144857,0.1876833,-0.0037049602,0.100572705,-0.006372791,0.138077,-0.0038450004,-0.0021608365,-0.0012187964,-4.3637752e-05,0.3198309,-0.0024792808,-0.005549662,-0.0030374709,-0.008838554
ANTXRL,-0.0010860863,0.1710268,0.18784754,-0.003701256,0.101284705,-0.0063759047,0.13832788,-0.003836179,-0.0021499465,-0.0012161382,-5.2752046e-05,0.319309,-0.0024700572,-0.005540353,-0.0030260198,-0.008839308
AP1G2,-0.0010877977,0.17144857,0.1876833,-0.0037049602,0.100572705,-0.006372791,0.138077,-0.0038450004,-0.0021608365,-0.0012187964,-4.3637752e-05,0.3198309,-0.0024792808,-0.005549662,-0.0030374709,-0.008838554
AP3B2,-0.0010877977,0.17144857,0.1876833,-0.0037049602,0.100572705,-0.006372791,0.138077,-0.0038450004,-0.0021608365,-0.0012187964,-4.3637752e-05,0.3198309,-0.0024792808,-0.005549662,-0.0030374709,-0.008838554
AP5Z1,-0.0010877977,0.17144857,0.1876833,-0.0037049602,0.100572705,-0.006372791,0.138077,-0.0038450004,-0.0021608365,-0.0012187964,-4.3637752e-05,0.3198309,-0.0024792808,-0.005549662,-0.0030374709,-0.008838554
APBB2,-0.0010877977,0.17144857,0.1876833,-0.0037049602,0.100572705,-0.006372791,0.138077,-0.0038450004,-0.0021608365,-0.0012187964,-4.3637752e-05,0.3198309,-0.0024792808,-0.005549662,-0.0030374709,-0.008838554
APOB,0.03431277,0.040421046,0.23776652,-0.0037278633,0.05029433,-0.005605338,0.24547558,-0.005074939,-0.0031404165,-0.00063511956,-0.0006497684,0.35081488,-0.0024347692,-0.005445791,-0.0030489166,-0.0073359087
APOBEC4,-0.0010877977,0.17144857,0.1876833,-0.0037049602,0.100572705,-0.006372791,0.138077,-0.0038450004,-0.0021608365,-0.0012187964,-4.3637752e-05,0.3198309,-0.0024792808,-0.005549662,-0.0030374709,-0.008838554
AQP3,-0.0010893948,0.17170428,0.18781026,-0.0037042182,0.10051927,-0.006372964,0.13823396,-0.003843957,-0.0021635708,-0.0012192575,-4.2905507e-05,0.31986904,-0.0024813018,-0.005548335,-0.0030379116,-0.008838243
AREG,-0.0010877977,0.17144857,0.1876833,-0.0037049602,0.100572705,-0.006372791,0.138077,-0.0038450004,-0.0021608365,-0.0012187964,-4.3637752e-05,0.3198309,-0.0024792808,-0.005549662,-0.0030374709,-0.008838554
ARF4-AS1,-0.0010877977,0.17144857,0.1876833,-0.0037049602,0.100572705,-0.006372791,0.138077,-0.0038450004,-0.0021608365,-0.0012187964,-4.3637752e-05,0.3198309,-0.0024792808,-0.005549662,-0.0030374709,-0.008838554
ARHGAP10,-0.0010921574,0.17122777,0.18717916,-0.0037018275,0.100231886,-0.006369981,0.13741207,-0.0038436772,-0.0021610826,-0.0012123802,-4.996702e-05,0.3197165,-0.002474861,-0.005556675,-0.0030345058,-0.008831642
ARHGAP24,-0.001415606,0.13767102,0.22393946,-0.0036318623,0.08875791,-0.0060442677,0.12835969,-0.003429686,-0.0018784519,-0.0009765511,-1.9599645e-05,0.3178013,-0.002464551,-0.0058472594,-0.003147152,-0.009011823
ARHGAP33,-0.0010877977,0.17144857,0.1876833,-0.0037049602,0.100572705,-0.006372791,0.138077,-0.0038450004,-0.0021608365,-0.0012187964,-4.3637752e-05,0.3198309,-0.0024792808,-0.005549662,-0.0030374709,-0.008838554
ARHGAP35,-0.0010866908,0.17141344,0.18764763,-0.0037059127,0.100545496,-0.0063722543,0.13789329,-0.0038468975,-0.0021582644,-0.0012180605,-4.4480857e-05,0.3197527,-0.0024808592,-0.0055512474,-0.0030392453,-0.008838414
ARHGAP39,-0.0010877977,0.17144857,0.1876833,-0.0037049602,0.100572705,-0.006372791,0.138077,-0.0038450004,-0.0021608365,-0.0012187964,-4.3637752e-05,0.3198309,-0.0024792808,-0.005549662,-0.0030374709,-0.008838554
ARHGAP5,-0.0010877977,0.17144857,0.1876833,-0.0037049602,0.100572705,-0.006372791,0.138077,-0.0038450004,-0.0021608365,-0.0012187964,-4.3637752e-05,0.3198309,-0.0024792808,-0.005549662,-0.0030374709,-0.008838554
ARHGAP8,-0.0010877977,0.17144857,0.1876833,-0.0037049602,0.100572705,-0.006372791,0.138077,-0.0038450004,-0.0021608365,-0.0012187964,-4.3637752e-05,0.3198309,-0.0024792808,-0.005549662,-0.0030374709,-0.008838554
ARHGEF10,-0.0002692328,0.27971274,0.22195147,-0.0037043164,0.082768336,-0.0067989584,0.22432944,-0.004607583,-0.0010071482,-0.001748669,0.025050335,0.2262759,-0.0034180966,-0.0048718187,-0.002874353,-0.007857948
ARHGEF12,-0.0010087709,0.1689938,0.18310411,-0.0037119465,0.10461819,-0.0064370716,0.12895915,-0.00390555,-0.0020991147,-0.0013152703,-9.14064e-05,0.31548157,-0.0023695433,-0.00561105,-0.003098632,-0.00880173
ARHGEF25,-0.0011537647,0.16816655,0.1970344,-0.003797574,0.09833139,-0.0063705854,0.122163825,-0.0039042453,-0.0022116425,-0.0011011281,0.00419046,0.32505834,-0.002397596,-0.005446845,-0.0031328867,-0.0088060945
ARIH2OS,-0.0010877977,0.17144857,0.1876833,-0.0037049602,0.100572705,-0.006372791,0.138077,-0.0038450004,-0.0021608365,-0.0012187964,-4.3637752e-05,0.3198309,-0.0024792808,-0.005549662,-0.0030374709,-0.008838554
ARL4D,-0.0010877977,0.17144857,0.1876833,-0.0037049602,0.100572705,-0.006372791,0.138077,-0.0038450004,-0.0021608365,-0.0012187964,-4.3637752e-05,0.3198309,-0.0024792808,-0.005549662,-0.0030374709,-0.008838554
ARRDC3,-0.0010877977,0.17144857,0.1876833,-0.0037049602,0.100572705,-0.006372791,0.138077,-0.0038450004,-0.0021608365,-0.0012187964,-4.3637752e-05,0.3198309,-0.0024792808,-0.005549662,-0.0030374709,-0.008838554
ARSJ,-0.0010877977,0.17144857,0.1876833,-0.0037049602,0.100572705,-0.006372791,0.138077,-0.0038450004,-0.0021608365,-0.0012187964,-4.3637752e-05,0.3198309,-0.0024792808,-0.005549662,-0.0030374709,-0.008838554
ART5,-0.0010877977,0.17144857,0.1876833,-0.0037049602,0.100572705,-0.006372791,0.138077,-0.0038450004,-0.0021608365,-0.0012187964,-4.3637752e-05,0.3198309,-0.0024792808,-0.005549662,-0.0030374709,-0.008838554
ASIC1,-0.0010877977,0.17144857,0.1876833,-0.0037049602,0.100572705,-0.006372791,0.138077,-0.0038450004,-0.0021608365,-0.0012187964,-4.3637752e-05,0.3198309,-0.0024792808,-0.005549662,-0.0030374709,-0.008838554
ASXL1,0.03431277,0.040421046,0.23776652,-0.0037278633,0.05029433,-0.005605338,0.24547558,-0.005074939,-0.0031404165,-0.00063511956,-0.0006497684,0.35081488,-0.0024347692,-0.005445791,-0.0030489166,-0.0073359087
ATAD3B,-0.0010877977,0.17144857,0.1876833,-0.0037049602,0.100572705,-0.006372791,0.138077,-0.0038450004,-0.0021608365,-0.0012187964,-4.3637752e-05,0.3198309,-0.0024792808,-0.005549662,-0.0030374709,-0.008838554
ATF7IP2,-0.0010877977,0.17144857,0.1876833,-0.0037049602,0.100572705,-0.006372791,0.138077,-0.0038450004,-0.0021608365,-0.0012187964,-4.3637752e-05,0.3198309,-0.0024792808,-0.005549662,-0.0030374709,-0.008838554
ATG16L1,-0.0010877977,0.17144857,0.1876833,-0.0037049602,0.100572705,-0.006372791,0.138077,-0.0038450004,-0.0021608365,-0.0012187964,-4.3637752e-05,0.3198309,-0.0024792808,-0.005549662,-0.0030374709,-0.008838554
ATG4D,-0.0010877977,0.17144857,0.1876833,-0.0037049602,0.100572705,-0.006372791,0.138077,-0.0038450004,-0.0021608365,-0.0012187964,-4.3637752e-05,0.3198309,-0.0024792808,-0.005549662,-0.0030374709,-0.008838554
ATN1,-0.0010877977,0.17144857,0.1876833,-0.0037049602,0.100572705,-0.006372791,0.138077,-0.0038450004,-0.0021608365,-0.0012187964,-4.3637752e-05,0.3198309,-0.0024792808,-0.005549662,-0.0030374709,-0.008838554
ATP1A3,-0.0010877977,0.17144857,0.1876833,-0.0037049602,0.100572705,-0.006372791,0.138077,-0.0038450004,-0.0021608365,-0.0012187964,-4.3637752e-05,0.3198309,-0.0024792808,-0.005549662,-0.0030374709,-0.008838554
ATP1B2,-0.0010877977,0.17144857,0.1876833,-0.0037049602,0.100572705,-0.006372791,0.138077,-0.0038450004,-0.0021608365,-0.0012187964,-4.3637752e-05,0.3198309,-0.0024792808,-0.005549662,-0.0030374709,-0.008838554
ATP2A3,-0.0010877977,0.17144857,0.1876833,-0.0037049602,0.100572705,-0.006372791,0.138077,-0.0038450004,-0.0021608365,-0.0012187964,-4.3637752e-05,0.3198309,-0.0024792808,-0.005549662,-0.0030374709,-0.008838554
ATP6V1H,-0.0010877977,0.17144857,0.1876833,-0.0037049602,0.100572705,-0.006372791,0.138077,-0.0038450004,-0.0021608365,-0.0012187964,-4.3637752e-05,0.3198309,-0.0024792808,-0.005549662,-0.0030374709,-0.008838554
ATP8B2,-0.0010877977,0.17144857,0.1876833,-0.0037049602,0.100572705,-0.006372791,0.138077,-0.0038450004,-0.0021608365,-0.0012187964,-4.3637752e-05,0.3198309,-0.0024792808,-0.005549662,-0.0030374709,-0.008838554
ATP9A,-0.0010877977,0.17144857,0.1876833,-0.0037049602,0.100572705,-0.006372791,0.138077,-0.0038450004,-0.0021608365,-0.0012187964,-4.3637752e-05,0.3198309,-0.0024792808,-0.005549662,-0.0030374709,-0.008838554
ATXN2-AS,-0.0010877977,0.17144857,0.1876833,-0.0037049602,0.100572705,-0.006372791,0.138077,-0.0038450004,-0.0021608365,-0.0012187964,-4.3637752e-05,0.3198309,-0.0024792808,-0.005549662,-0.0030374709,-0.008838554
ATXN7L3B,-0.0010888542,0.17235915,0.18812059,-0.0036913478,0.100623675,-0.006379894,0.13929024,-0.003855944,-0.0021685609,-0.0012154165,-5.6066958e-05,0.31897217,-0.002493243,-0.005536244,-0.0030284035,-0.0088438485
AVP,-0.0010877977,0.17144857,0.1876833,-0.0037049602,0.100572705,-0.006372791,0.138077,-0.0038450004,-0.0021608365,-0.0012187964,-4.3637752e-05,0.3198309,-0.0024792808,-0.005549662,-0.0030374709,-0.008838554
AXDND1,-0.0010860863,0.1710268,0.18784754,-0.003701256,0.101284705,-0.0063759047,0.13832788,-0.003836179,-0.0021499465,-0.0012161382,-5.2752046e-05,0.319309,-0.0024700572,-0.005540353,-0.0030260198,-0.008839308
AXIN1,-0.0010877977,0.17144857,0.1876833,-0.0037049602,0.100572705,-0.006372791,0.138077,-0.0038450004,-0.0021608365,-0.0012187964,-4.3637752e-05,0.3198309,-0.0024792808,-0.005549662,-0.0030374709,-0.008838554
AXL,-0.0010877977,0.17144857,0.1876833,-0.0037049602,0.100572705,-0.006372791,0.138077,-0.0038450004,-0.0021608365,-0.0012187964,-4.3637752e-05,0.3198309,-0.0024792808,-0.005549662,-0.0030374709,-0.008838554
B3GLCT,-0.0010877977,0.17144857,0.1876833,-0.0037049602,0.100572705,-0.006372791,0.138077,-0.0038450004,-0.0021608365,-0.0012187964,-4.3637752e-05,0.3198309,-0.0024792808,-0.005549662,-0.0030374709,-0.008838554
B4GALNT3,-0.00086878025,0.13297671,0.1953061,-0.0037054007,0.09132304,-0.0061247097,0.1678289,-0.0037718385,-0.0017242831,-0.0013315682,-0.00016426771,0.31021953,-0.0023178183,-0.005418307,-0.0034319286,-0.008577738
B4GALNT4,-0.0010877977,0.17144857,0.1876833,-0.0037049602,0.100572705,-0.006372791,0.138077,-0.0038450004,-0.0021608365,-0.0012187964,-4.3637752e-05,0.3198309,-0.0024792808,-0.005549662,-0.0030374709,-0.008838554
BAIAP3,-0.0010877977,0.17144857,0.1876833,-0.0037049602,0.100572705,-0.006372791,0.138077,-0.0038450004,-0.0021608365,-0.0012187964,-4.3637752e-05,0.3198309,-0.0024792808,-0.005549662,-0.0030374709,-0.008838554
BAMBI,-0.0010877977,0.17144857,0.1876833,-0.0037049602,0.100572705,-0.006372791,0.138077,-0.0038450004,-0.0021608365,-0.0012187964,-4.3637752e-05,0.3198309,-0.0024792808,-0.005549662,-0.0030374709,-0.008838554
BATF,-0.0010874098,0.17153645,0.18767183,-0.0037058864,0.10062483,-0.0063739764,0.13831125,-0.0038473355,-0.0021597885,-0.0012195876,-4.4169872e-05,0.3199346,-0.0024794196,-0.0055504427,-0.003037872,-0.008840399
BAZ1B,-0.0010856953,0.17129393,0.18773861,-0.0037053262,0.10075045,-0.006372735,0.13824686,-0.0038431557,-0.00216225,-0.0012167731,-4.5306533e-05,0.31982026,-0.0024798694,-0.0055504977,-0.0030383659,-0.008836006
BCAS4,-0.0010877977,0.17144857,0.1876833,-0.0037049602,0.100572705,-0.006372791,0.138077,-0.0038450004,-0.0021608365,-0.0012187964,-4.3637752e-05,0.3198309,-0.0024792808,-0.005549662,-0.0030374709,-0.008838554
BCKDHB,-0.001087727,0.1714377,0.1876375,-0.0037046217,0.10054491,-0.0063724616,0.13807371,-0.0038452481,-0.0021604009,-0.0012189316,-4.3976754e-05,0.31983286,-0.002478898,-0.005549348,-0.0030372092,-0.008838146
BCL2L13,-0.0010877977,0.17144857,0.1876833,-0.0037049602,0.100572705,-0.006372791,0.138077,-0.0038450004,-0.0021608365,-0.0012187964,-4.3637752e-05,0.3198309,-0.0024792808,-0.005549662,-0.0030374709,-0.008838554
BCL6B,-0.0010877977,0.17144857,0.1876833,-0.0037049602,0.100572705,-0.006372791,0.138077,-0.0038450004,-0.0021608365,-0.0012187964,-4.3637752e-05,0.3198309,-0.0024792808,-0.005549662,-0.0030374709,-0.008838554
BDP1,-0.0010877977,0.17144857,0.1876833,-0.0037049602,0.100572705,-0.006372791,0.138077,-0.0038450004,-0.0021608365,-0.0012187964,-4.3637752e-05,0.3198309,-0.0024792808,-0.005549662,-0.0030374709,-0.008838554
BEND5,-0.0010877977,0.17144857,0.1876833,-0.0037049602,0.100572705,-0.006372791,0.138077,-0.0038450004,-0.0021608365,-0.0012187964,-4.3637752e-05,0.3198309,-0.0024792808,-0.005549662,-0.0030374709,-0.008838554
BET1,-0.0010877977,0.17144857,0.1876833,-0.0037049602,0.100572705,-0.006372791,0.138077,-0.0038450004,-0.0021608365,-0.0012187964,-4.3637752e-05,0.3198309,-0.0024792808,-0.005549662,-0.0030374709,-0.008838554
BEX2,-0.0010877977,0.17144857,0.1876833,-0.0037049602,0.100572705,-0.006372791,0.138077,-0.0038450004,-0.0021608365,-0.0012187964,-4.3637752e-05,0.3198309,-0.0024792808,-0.005549662,-0.0030374709,-0.008838554
BEX3,-0.0010877977,0.17144857,0.1876833,-0.0037049602,0.100572705,-0.006372791,0.138077,-0.0038450004,-0.0021608365,-0.0012187964,-4.3637752e-05,0.3198309,-0.0024792808,-0.005549662,-0.0030374709,-0.008838554
BHLHE40-AS1,-0.0010877977,0.17144857,0.1876833,-0.0037049602,0.100572705,-0.006372791,0.138077,-0.0038450004,-0.0021608365,-0.0012187964,-4.3637752e-05,0.3198309,-0.0024792808,-0.005549662,-0.0030374709,-0.008838554
BICDL1,-0.0010877977,0.17144857,0.1876833,-0.0037049602,0.100572705,-0.006372791,0.138077,-0.0038450004,-0.0021608365,-0.0012187964,-4.3637752e-05,0.3198309,-0.0024792808,-0.005549662,-0.0030374709,-0.008838554
BICDL2,-0.0010877977,0.17144857,0.1876833,-0.0037049602,0.100572705,-0.006372791,0.138077,-0.0038450004,-0.0021608365,-0.0012187964,-4.3637752e-05,0.3198309,-0.0024792808,-0.005549662,-0.0030374709,-0.008838554
BIN1,-0.0010877977,0.17144857,0.1876833,-0.0037049602,0.100572705,-0.006372791,0.138077,-0.0038450004,-0.0021608365,-0.0012187964,-4.3637752e-05,0.3198309,-0.0024792808,-0.005549662,-0.0030374709,-0.008838554
BIRC7,-0.0010877977,0.17144857,0.1876833,-0.0037049602,0.100572705,-0.006372791,0.138077,-0.0038450004,-0.0021608365,-0.0012187964,-4.3637752e-05,0.3198309,-0.0024792808,-0.005549662,-0.0030374709,-0.008838554
BLNK,-0.0010877977,0.17144857,0.1876833,-0.0037049602,0.100572705,-0.006372791,0.138077,-0.0038450004,-0.0021608365,-0.0012187964,-4.3637752e-05,0.3198309,-0.0024792808,-0.005549662,-0.0030374709,-0.008838554
BMP2,-0.0010877977,0.17144857,0.1876833,-0.0037049602,0.100572705,-0.006372791,0.138077,-0.0038450004,-0.0021608365,-0.0012187964,-4.3637752e-05,0.3198309,-0.0024792808,-0.005549662,-0.0030374709,-0.008838554
BMP3,-0.0010877977,0.17144857,0.1876833,-0.0037049602,0.100572705,-0.006372791,0.138077,-0.0038450004,-0.0021608365,-0.0012187964,-4.3637752e-05,0.3198309,-0.0024792808,-0.005549662,-0.0030374709,-0.008838554
BMPER,-0.0010877977,0.17144857,0.1876833,-0.0037049602,0.100572705,-0.006372791,0.138077,-0.0038450004,-0.0021608365,-0.0012187964,-4.3637752e-05,0.3198309,-0.0024792808,-0.005549662,-0.0030374709,-0.008838554
BMPR1B-DT,-0.0010877977,0.17144857,0.1876833,-0.0037049602,0.100572705,-0.006372791,0.138077,-0.0038450004,-0.0021608365,-0.0012187964,-4.3637752e-05,0.3198309,-0.0024792808,-0.005549662,-0.0030374709,-0.008838554
BNC2,-0.000867569,0.13285597,0.19536187,-0.0037046766,0.09126695,-0.00612509,0.16782296,-0.003771271,-0.0017249733,-0.0013325928,-0.00016374676,0.31025317,-0.0023182547,-0.0054190033,-0.003430809,-0.008578447
BPGM,-0.0010877977,0.17144857,0.1876833,-0.0037049602,0.100572705,-0.006372791,0.138077,-0.0038450004,-0.0021608365,-0.0012187964,-4.3637752e-05,0.3198309,-0.0024792808,-0.005549662,-0.0030374709,-0.008838554
BRDT,-0.0010877977,0.17144857,0.1876833,-0.0037049602,0.100572705,-0.006372791,0.138077,-0.0038450004,-0.0021608365,-0.0012187964,-4.3637752e-05,0.3198309,-0.0024792808,-0.005549662,-0.0030374709,-0.008838554
BRF1,-0.0010877977,0.17144857,0.1876833,-0.0037049602,0.100572705,-0.006372791,0.138077,-0.0038450004,-0.0021608365,-0.0012187964,-4.3637752e-05,0.3198309,-0.0024792808,-0.005549662,-0.0030374709,-0.008838554
BRIX1,-0.0010877977,0.17144857,0.1876833,-0.0037049602,0.100572705,-0.006372791,0.138077,-0.0038450004,-0.0021608365,-0.0012187964,-4.3637752e-05,0.3198309,-0.0024792808,-0.005549662,-0.0030374709,-0.008838554
BRPF1,-0.0010877977,0.17144857,0.1876833,-0.0037049602,0.100572705,-0.006372791,0.138077,-0.0038450004,-0.0021608365,-0.0012187964,-4.3637752e-05,0.3198309,-0.0024792808,-0.005549662,-0.0030374709,-0.008838554
BSX,-0.0010877977,0.17144857,0.1876833,-0.0037049602,0.100572705,-0.006372791,0.138077,-0.0038450004,-0.0021608365,-0.0012187964,-4.3637752e-05,0.3198309,-0.0024792808,-0.005549662,-0.0030374709,-0.008838554
BTBD17,-0.0010877977,0.17144857,0.1876833,-0.0037049602,0.100572705,-0.006372791,0.138077,-0.0038450004,-0.0021608365,-0.0012187964,-4.3637752e-05,0.3198309,-0.0024792808,-0.005549662,-0.0030374709,-0.008838554
BTBD6,-0.0010877977,0.17144857,0.1876833,-0.0037049602,0.100572705,-0.006372791,0.138077,-0.0038450004,-0.0021608365,-0.0012187964,-4.3637752e-05,0.3198309,-0.0024792808,-0.005549662,-0.0030374709,-0.008838554
BTBD8,-0.0010877977,0.17144857,0.1876833,-0.0037049602,0.100572705,-0.006372791,0.138077,-0.0038450004,-0.0021608365,-0.0012187964,-4.3637752e-05,0.3198309,-0.0024792808,-0.005549662,-0.0030374709,-0.008838554
BTG3-AS1,0.03431277,0.040421046,0.23776652,-0.0037278633,0.05029433,-0.005605338,0.24547558,-0.005074939,-0.0031404165,-0.00063511956,-0.0006497684,0.35081488,-0.0024347692,-0.005445791,-0.0030489166,-0.0073359087
BTN3A1,-0.0010877977,0.17144857,0.1876833,-0.0037049602,0.100572705,-0.006372791,0.138077,-0.0038450004,-0.0021608365,-0.0012187964,-4.3637752e-05,0.3198309,-0.0024792808,-0.005549662,-0.0030374709,-0.008838554
BTRC,-0.0010865488,0.17175163,0.18747623,-0.0037047737,0.10026294,-0.0063729724,0.13824922,-0.003848189,-0.0021626852,-0.0012217545,-4.1193365e-05,0.32011133,-0.0024821549,-0.00554896,-0.0030339363,-0.008839902
C10orf95,-0.0010877977,0.17144857,0.1876833,-0.0037049602,0.100572705,-0.006372791,0.138077,-0.0038450004,-0.0021608365,-0.0012187964,-4.3637752e-05,0.3198309,-0.0024792808,-0.005549662,-0.0030374709,-0.008838554
C11orf52,-0.0010877977,0.17144857,0.1876833,-0.0037049602,0.100572705,-0.006372791,0.138077,-0.0038450004,-0.0021608365,-0.0012187964,-4.3637752e-05,0.3198309,-0.0024792808,-0.005549662,-0.0030374709,-0.008838554
C11orf65,-0.0010877977,0.17144857,0.1876833,-0.0037049602,0.100572705,-0.006372791,0.138077,-0.0038450004,-0.0021608365,-0.0012187964,-4.3637752e-05,0.3198309,-0.0024792808,-0.005549662,-0.0030374709,-0.008838554
C12orf42,-0.0010877977,0.17144857,0.1876833,-0.0037049602,0.100572705,-0.006372791,0.138077,-0.0038450004,-0.0021608365,-0.0012187964,-4.3637752e-05,0.3198309,-0.0024792808,-0.005549662,-0.0030374709,-0.008838554
C15orf61,-0.0010877977,0.17144857,0.1876833,-0.0037049602,0.100572705,-0.006372791,0.138077,-0.0038450004,-0.0021608365,-0.0012187964,-4.3637752e-05,0.3198309,-0.0024792808,-0.005549662,-0.0030374709,-0.008838554
C17orf80,-0.0010877977,0.17144857,0.1876833,-0.0037049602,0.100572705,-0.006372791,0.138077,-0.0038450004,-0.0021608365,-0.0012187964,-4.3637752e-05,0.3198309,-0.0024792808,-0.005549662,-0.0030374709,-0.008838554
C17orf99,-0.0010877977,0.17144857,0.1876833,-0.0037049602,0.100572705,-0.006372791,0.138077,-0.0038450004,-0.0021608365,-0.0012187964,-4.3637752e-05,0.3198309,-0.0024792808,-0.005549662,-0.0030374709,-0.008838554
C19orf25,-0.0010877977,0.17144857,0.1876833,-0.0037049602,0.100572705,-0.006372791,0.138077,-0.0038450004,-0.0021608365,-0.0012187964,-4.3637752e-05,0.3198309,-0.0024792808,-0.005549662,-0.0030374709,-0.008838554
C19orf84,-0.0010877977,0.17144857,0.1876833,-0.0037049602,0.100572705,-0.006372791,0.138077,-0.0038450004,-0.0021608365,-0.0012187964,-4.3637752e-05,0.3198309,-0.0024792808,-0.005549662,-0.0030374709,-0.008838554
C1QL4,-0.0010877977,0.17144857,0.1876833,-0.0037049602,0.100572705,-0.006372791,0.138077,-0.0038450004,-0.0021608365,-0.0012187964,-4.3637752e-05,0.3198309,-0.0024792808,-0.005549662,-0.0030374709,-0.008838554
C1QTNF12,-0.0010877977,0.17144857,0.1876833,-0.0037049602,0.100572705,-0.006372791,0.138077,-0.0038450004,-0.0021608365,-0.0012187964,-4.3637752e-05,0.3198309,-0.0024792808,-0.005549662,-0.0030374709,-0.008838554
C1orf141,-0.0010977697,0.1736672,0.18679185,-0.003702291,0.10252433,-0.0063623767,0.13697329,-0.003855637,-0.0021820106,-0.0012091416,-5.6904402e-05,0.32209125,-0.0024625286,-0.005526911,-0.0030260407,-0.00883111
C1orf159,-0.0010877977,0.17144857,0.1876833,-0.0037049602,0.100572705,-0.006372791,0.138077,-0.0038450004,-0.0021608365,-0.0012187964,-4.3637752e-05,0.3198309,-0.0024792808,-0.005549662,-0.0030374709,-0.008838554
C1orf35,-0.0010869089,0.17134966,0.18782078,-0.0036940794,0.100582406,-0.006382549,0.13769183,-0.0038530873,-0.0021651604,-0.0012235153,-5.4287164e-05,0.32054484,-0.0024698982,-0.005544982,-0.0030479955,-0.008847117
C2CD4B,-0.0010877977,0.17144857,0.1876833,-0.0037049602,0.100572705,-0.006372791,0.138077,-0.0038450004,-0.0021608365,-0.0012187964,-4.3637752e-05,0.3198309,-0.0024792808,-0.005549662,-0.0030374709,-0.008838554
C3orf52,-0.0010877977,0.17144857,0.1876833,-0.0037049602,0.100572705,-0.006372791,0.138077,-0.0038450004,-0.0021608365,-0.0012187964,-4.3637752e-05,0.3198309,-0.0024792808,-0.005549662,-0.0030374709,-0.008838554
C4BPA,-0.0010877977,0.17144857,0.1876833,-0.0037049602,0.100572705,-0.006372791,0.138077,-0.0038450004,-0.0021608365,-0.0012187964,-4.3637752e-05,0.3198309,-0.0024792808,-0.005549662,-0.0030374709,-0.008838554
C5orf67,-0.0010877977,0.17144857,0.1876833,-0.0037049602,0.100572705,-0.006372791,0.138077,-0.0038450004,-0.0021608365,-0.0012187964,-4.3637752e-05,0.3198309,-0.0024792808,-0.005549662,-0.0030374709,-0.008838554
C6orf141,-0.0010877977,0.17144857,0.1876833,-0.0037049602,0.100572705,-0.006372791,0.138077,-0.0038450004,-0.0021608365,-0.0012187964,-4.3637752e-05,0.3198309,-0.0024792808,-0.005549662,-0.0030374709,-0.008838554
C7orf31,-0.0010877977,0.17144857,0.1876833,-0.0037049602,0.100572705,-0.006372791,0.138077,-0.0038450004,-0.0021608365,-0.0012187964,-4.3637752e-05,0.3198309,-0.0024792808,-0.005549662,-0.0030374709,-0.008838554
CA6,-0.0010877977,0.17144857,0.1876833,-0.0037049602,0.100572705,-0.006372791,0.138077,-0.0038450004,-0.0021608365,-0.0012187964,-4.3637752e-05,0.3198309,-0.0024792808,-0.005549662,-0.0030374709,-0.008838554
CACNA1C-AS1,-0.0010877977,0.17144857,0.1876833,-0.0037049602,0.100572705,-0.006372791,0.138077,-0.0038450004,-0.0021608365,-0.0012187964,-4.3637752e-05,0.3198309,-0.0024792808,-0.005549662,-0.0030374709,-0.008838554
CACNA1H,-0.001415606,0.13767102,0.22393946,-0.0036318623,0.08875791,-0.0060442677,0.12835969,-0.003429686,-0.0018784519,-0.0009765511,-1.9599645e-05,0.3178013,-0.002464551,-0.0058472594,-0.003147152,-0.009011823
CACNA2D2,-0.0010877977,0.17144857,0.1876833,-0.0037049602,0.100572705,-0.006372791,0.138077,-0.0038450004,-0.0021608365,-0.0012187964,-4.3637752e-05,0.3198309,-0.0024792808,-0.005549662,-0.0030374709,-0.008838554
CADM1,-0.0010877977,0.17144857,0.1876833,-0.0037049602,0.100572705,-0.006372791,0.138077,-0.0038450004,-0.0021608365,-0.0012187964,-4.3637752e-05,0.3198309,-0.0024792808,-0.005549662,-0.0030374709,-0.008838554
CADM2,-0.0010827201,0.17221534,0.18773453,-0.0037098299,0.09967679,-0.006372278,0.1379404,-0.0038487294,-0.0021521854,-0.001214117,-4.2605698e-05,0.3190115,-0.0024717343,-0.005547055,-0.003045626,-0.0088465875
CALB2,-0.0010877977,0.17144857,0.1876833,-0.0037049602,0.100572705,-0.006372791,0.138077,-0.0038450004,-0.0021608365,-0.0012187964,-4.3637752e-05,0.3198309,-0.0024792808,-0.005549662,-0.0030374709,-0.008838554
CAMTA1-DT,-0.0010877977,0.17144857,0.1876833,-0.0037049602,0.100572705,-0.006372791,0.138077,-0.0038450004,-0.0021608365,-0.0012187964,-4.3637752e-05,0.3198309,-0.0024792808,-0.005549662,-0.0030374709,-0.008838554
CAPN12,-0.0010877977,0.17144857,0.1876833,-0.0037049602,0.100572705,-0.006372791,0.138077,-0.0038450004,-0.0021608365,-0.0012187964,-4.3637752e-05,0.3198309,-0.0024792808,-0.005549662,-0.0030374709,-0.008838554
CAPRIN2,-0.0010877977,0.17144857,0.1876833,-0.0037049602,0.100572705,-0.006372791,0.138077,-0.0038450004,-0.0021608365,-0.0012187964,-4.3637752e-05,0.3198309,-0.0024792808,-0.005549662,-0.0030374709,-0.008838554
CARMIL2,-0.0010877977,0.17144857,0.1876833,-0.0037049602,0.100572705,-0.006372791,0.138077,-0.0038450004,-0.0021608365,-0.0012187964,-4.3637752e-05,0.3198309,-0.0024792808,-0.005549662,-0.0030374709,-0.008838554
CARNS1,-0.0010877977,0.17144857,0.1876833,-0.0037049602,0.100572705,-0.006372791,0.138077,-0.0038450004,-0.0021608365,-0.0012187964,-4.3637752e-05,0.3198309,-0.0024792808,-0.005549662,-0.0030374709,-0.008838554
CASKIN1,-0.0010877977,0.17144857,0.1876833,-0.0037049602,0.100572705,-0.006372791,0.138077,-0.0038450004,-0.0021608365,-0.0012187964,-4.3637752e-05,0.3198309,-0.0024792808,-0.005549662,-0.0030374709,-0.008838554
CASP8,-0.0010877977,0.17144857,0.1876833,-0.0037049602,0.100572705,-0.006372791,0.138077,-0.0038450004,-0.0021608365,-0.0012187964,-4.3637752e-05,0.3198309,-0.0024792808,-0.005549662,-0.0030374709,-0.008838554
CASP8AP2,-0.0010866908,0.17141344,0.18764763,-0.0037059127,0.100545496,-0.0063722543,0.13789329,-0.0038468975,-0.0021582644,-0.0012180605,-4.4480857e-05,0.3197527,-0.0024808592,-0.0055512474,-0.0030392453,-0.008838414
CBFB,-0.0010877977,0.17144857,0.1876833,-0.0037049602,0.100572705,-0.006372791,0.138077,-0.0038450004,-0.0021608365,-0.0012187964,-4.3637752e-05,0.3198309,-0.0024792808,-0.005549662,-0.0030374709,-0.008838554
CBX4,-0.0010877977,0.17144857,0.1876833,-0.0037049602,0.100572705,-0.006372791,0.138077,-0.0038450004,-0.0021608365,-0.0012187964,-4.3637752e-05,0.3198309,-0.0024792808,-0.005549662,-0.0030374709,-0.008838554
CCDC134,-0.0010865488,0.17175163,0.18747623,-0.0037047737,0.10026294,-0.0063729724,0.13824922,-0.003848189,-0.0021626852,-0.0012217545,-4.1193365e-05,0.32011133,-0.0024821549,-0.00554896,-0.0030339363,-0.008839902
CCDC141,-0.0010877977,0.17144857,0.1876833,-0.0037049602,0.100572705,-0.006372791,0.138077,-0.0038450004,-0.0021608365,-0.0012187964,-4.3637752e-05,0.3198309,-0.0024792808,-0.005549662,-0.0030374709,-0.008838554
CCDC15-DT,-0.0010977697,0.1736672,0.18679185,-0.003702291,0.10252433,-0.0063623767,0.13697329,-0.003855637,-0.0021820106,-0.0012091416,-5.6904402e-05,0.32209125,-0.0024625286,-0.005526911,-0.0030260407,-0.00883111
CCDC158,-0.0010877977,0.17144857,0.1876833,-0.0037049602,0.100572705,-0.006372791,0.138077,-0.0038450004,-0.0021608365,-0.0012187964,-4.3637752e-05,0.3198309,-0.0024792808,-0.005549662,-0.0030374709,-0.008838554
CCDC171,-0.0010877977,0.17144857,0.1876833,-0.0037049602,0.100572705,-0.006372791,0.138077,-0.0038450004,-0.0021608365,-0.0012187964,-4.3637752e-05,0.3198309,-0.0024792808,-0.005549662,-0.0030374709,-0.008838554
CCDC34,-0.0010877977,0.17144857,0.1876833,-0.0037049602,0.100572705,-0.006372791,0.138077,-0.0038450004,-0.0021608365,-0.0012187964,-4.3637752e-05,0.3198309,-0.0024792808,-0.005549662,-0.0030374709,-0.008838554
CCDC42,-0.00086878025,0.13297671,0.1953061,-0.0037054007,0.09132304,-0.0061247097,0.1678289,-0.0037718385,-0.0017242831,-0.0013315682,-0.00016426771,0.31021953,-0.0023178183,-0.005418307,-0.0034319286,-0.008577738
CCDC62,-0.0010877977,0.17144857,0.1876833,-0.0037049602,0.100572705,-0.006372791,0.138077,-0.0038450004,-0.0021608365,-0.0012187964,-4.3637752e-05,0.3198309,-0.0024792808,-0.005549662,-0.0030374709,-0.008838554
CCER2,-0.00011686932,0.21234399,-0.000684219,-0.0013312389,0.19531605,-0.0043193633,0.10960975,-0.0021090708,-0.0007568144,0.02000834,0.084288016,0.14366643,-0.0013693768,-0.0031120458,-0.0015400419,-0.005758263
CCKBR,-0.0010877977,0.17144857,0.1876833,-0.0037049602,0.100572705,-0.006372791,0.138077,-0.0038450004,-0.0021608365,-0.0012187964,-4.3637752e-05,0.3198309,-0.0024792808,-0.005549662,-0.0030374709,-0.008838554
CCL22,-0.0010877977,0.17144857,0.1876833,-0.0037049602,0.100572705,-0.006372791,0.138077,-0.0038450004,-0.0021608365,-0.0012187964,-4.3637752e-05,0.3198309,-0.0024792808,-0.005549662,-0.0030374709,-0.008838554
CCL3,-0.0010865865,0.17132783,0.18773906,-0.0037042361,0.10051662,-0.006373171,0.13807106,-0.003844433,-0.0021615266,-0.0012198209,-4.311681e-05,0.31986457,-0.0024797171,-0.005550358,-0.0030363512,-0.008839263
CCL4,-0.0010877977,0.17144857,0.1876833,-0.0037049602,0.100572705,-0.006372791,0.138077,-0.0038450004,-0.0021608365,-0.0012187964,-4.3637752e-05,0.3198309,-0.0024792808,-0.005549662,-0.0030374709,-0.008838554
CCL4L2,-0.0010877977,0.17144857,0.1876833,-0.0037049602,0.100572705,-0.006372791,0.138077,-0.0038450004,-0.0021608365,-0.0012187964,-4.3637752e-05,0.3198309,-0.0024792808,-0.005549662,-0.0030374709,-0.008838554
CCL5,-0.0010877977,0.17144857,0.1876833,-0.0037049602,0.100572705,-0.006372791,0.138077,-0.0038450004,-0.0021608365,-0.0012187964,-4.3637752e-05,0.3198309,-0.0024792808,-0.005549662,-0.0030374709,-0.008838554
CCND2,-0.0010877977,0.17144857,0.1876833,-0.0037049602,0.100572705,-0.006372791,0.138077,-0.0038450004,-0.0021608365,-0.0012187964,-4.3637752e-05,0.3198309,-0.0024792808,-0.005549662,-0.0030374709,-0.008838554
CCNI2,-0.0010877977,0.17144857,0.1876833,-0.0037049602,0.100572705,-0.006372791,0.138077,-0.0038450004,-0.0021608365,-0.0012187964,-4.3637752e-05,0.3198309,-0.0024792808,-0.005549662,-0.0030374709,-0.008838554
CCR6,-0.0010827201,0.17221534,0.18773453,-0.0037098299,0.09967679,-0.006372278,0.1379404,-0.0038487294,-0.0021521854,-0.001214117,-4.2605698e-05,0.3190115,-0.0024717343,-0.005547055,-0.003045626,-0.0088465875
CCSER1,-0.0010969418,0.17386837,0.186642,-0.003703575,0.10233776,-0.0063628964,0.13679184,-0.0038559227,-0.0021831368,-0.0012095846,-5.780205e-05,0.32201672,-0.0024608704,-0.005529159,-0.0030272629,-0.008832156
CD160,-0.0010877977,0.17144857,0.1876833,-0.0037049602,0.100572705,-0.006372791,0.138077,-0.0038450004,-0.0021608365,-0.0012187964,-4.3637752e-05,0.3198309,-0.0024792808,-0.005549662,-0.0030374709,-0.008838554
CD200R1L,-0.0010877977,0.17144857,0.1876833,-0.0037049602,0.100572705,-0.006372791,0.138077,-0.0038450004,-0.0021608365,-0.0012187964,-4.3637752e-05,0.3198309,-0.0024792808,-0.005549662,-0.0030374709,-0.008838554
CD226,-0.0010877977,0.17144857,0.1876833,-0.0037049602,0.100572705,-0.006372791,0.138077,-0.0038450004,-0.0021608365,-0.0012187964,-4.3637752e-05,0.3198309,-0.0024792808,-0.005549662,-0.0030374709,-0.008838554
CD28,-0.0010877977,0.17144857,0.1876833,-0.0037049602,0.100572705,-0.006372791,0.138077,-0.0038450004,-0.0021608365,-0.0012187964,-4.3637752e-05,0.3198309,-0.0024792808,-0.005549662,-0.0030374709,-0.008838554
CD320,-0.0010877977,0.17144857,0.1876833,-0.0037049602,0.100572705,-0.006372791,0.138077,-0.0038450004,-0.0021608365,-0.0012187964,-4.3637752e-05,0.3198309,-0.0024792808,-0.005549662,-0.0030374709,-0.008838554
CD38,-0.0010877977,0.17144857,0.1876833,-0.0037049602,0.100572705,-0.006372791,0.138077,-0.0038450004,-0.0021608365,-0.0012187964,-4.3637752e-05,0.3198309,-0.0024792808,-0.005549662,-0.0030374709,-0.008838554
CD40LG,-0.001085407,0.17205968,0.18749638,-0.003699575,0.09980859,-0.0063624983,0.13736963,-0.0038411943,-0.002152097,-0.0012119242,-4.73845e-05,0.31911975,-0.0024809137,-0.005560232,-0.0030426607,-0.00884221
CD5L,-0.0010877977,0.17144857,0.1876833,-0.0037049602,0.100572705,-0.006372791,0.138077,-0.0038450004,-0.0021608365,-0.0012187964,-4.3637752e-05,0.3198309,-0.0024792808,-0.005549662,-0.0030374709,-0.008838554
CD7,-0.0010877977,0.17144857,0.1876833,-0.0037049602,0.100572705,-0.006372791,0.138077,-0.0038450004,-0.0021608365,-0.0012187964,-4.3637752e-05,0.3198309,-0.0024792808,-0.005549662,-0.0030374709,-0.008838554
CD79A,-0.000969918,0.19252154,0.14411108,-0.003343508,0.065803945,-0.006128726,0.045009013,-0.0042504813,-0.0015904757,-0.0017235641,0.020330593,0.33744806,-0.0015573568,-0.004440171,-0.002421792,-0.007847975
CD8A,-0.0010877977,0.17144857,0.1876833,-0.0037049602,0.100572705,-0.006372791,0.138077,-0.0038450004,-0.0021608365,-0.0012187964,-4.3637752e-05,0.3198309,-0.0024792808,-0.005549662,-0.0030374709,-0.008838554
CDC14B,-0.0010877977,0.17144857,0.1876833,-0.0037049602,0.100572705,-0.006372791,0.138077,-0.0038450004,-0.0021608365,-0.0012187964,-4.3637752e-05,0.3198309,-0.0024792808,-0.005549662,-0.0030374709,-0.008838554
CDC25C,-0.0010877977,0.17144857,0.1876833,-0.0037049602,0.100572705,-0.006372791,0.138077,-0.0038450004,-0.0021608365,-0.0012187964,-4.3637752e-05,0.3198309,-0.0024792808,-0.005549662,-0.0030374709,-0.008838554
CDC42-AS1,-0.0010877977,0.17144857,0.1876833,-0.0037049602,0.100572705,-0.006372791,0.138077,-0.0038450004,-0.0021608365,-0.0012187964,-4.3637752e-05,0.3198309,-0.0024792808,-0.005549662,-0.0030374709,-0.008838554
CDH2,-0.0010921574,0.17122777,0.18717916,-0.0037018275,0.100231886,-0.006369981,0.13741207,-0.0038436772,-0.0021610826,-0.0012123802,-4.996702e-05,0.3197165,-0.002474861,-0.005556675,-0.0030345058,-0.008831642
CDHR1,-0.001087727,0.1714377,0.1876375,-0.0037046217,0.10054491,-0.0063724616,0.13807371,-0.0038452481,-0.0021604009,-0.0012189316,-4.3976754e-05,0.31983286,-0.002478898,-0.005549348,-0.0030372092,-0.008838146
CDHR3,-0.0010977697,0.1736672,0.18679185,-0.003702291,0.10252433,-0.0063623767,0.13697329,-0.003855637,-0.0021820106,-0.0012091416,-5.6904402e-05,0.32209125,-0.0024625286,-0.005526911,-0.0030260407,-0.00883111
CDK5RAP2,-0.0010877977,0.17144857,0.1876833,-0.0037049602,0.100572705,-0.006372791,0.138077,-0.0038450004,-0.0021608365,-0.0012187964,-4.3637752e-05,0.3198309,-0.0024792808,-0.005549662,-0.0030374709,-0.008838554
CDK9,-0.0010877977,0.17144857,0.1876833,-0.0037049602,0.100572705,-0.006372791,0.138077,-0.0038450004,-0.0021608365,-0.0012187964,-4.3637752e-05,0.3198309,-0.0024792808,-0.005549662,-0.0030374709,-0.008838554
CDKN1C,-0.0010877977,0.17144857,0.1876833,-0.0037049602,0.100572705,-0.006372791,0.138077,-0.0038450004,-0.0021608365,-0.0012187964,-4.3637752e-05,0.3198309,-0.0024792808,-0.005549662,-0.0030374709,-0.008838554
CDO1,-0.0010877977,0.17144857,0.1876833,-0.0037049602,0.100572705,-0.006372791,0.138077,-0.0038450004,-0.0021608365,-0.0012187964,-4.3637752e-05,0.3198309,-0.0024792808,-0.005549662,-0.0030374709,-0.008838554
CEACAM21,-0.001089381,0.171263,0.18739955,-0.0037050454,0.100506864,-0.006373759,0.13777393,-0.0038477725,-0.0021629855,-0.001217528,-4.0855408e-05,0.32003343,-0.002479988,-0.0055524837,-0.0030372138,-0.008838606
CEBPD,-0.0010874097,0.17153646,0.18767191,-0.0037058871,0.1006248,-0.006373977,0.13831127,-0.0038473362,-0.0021597883,-0.0012195877,-4.417017e-05,0.3199346,-0.0024794203,-0.005550443,-0.003037873,-0.0088404
CELF5,-0.0010877977,0.17144857,0.1876833,-0.0037049602,0.100572705,-0.006372791,0.138077,-0.0038450004,-0.0021608365,-0.0012187964,-4.3637752e-05,0.3198309,-0.0024792808,-0.005549662,-0.0030374709,-0.008838554
CENPM,-0.0010877977,0.17144857,0.1876833,-0.0037049602,0.100572705,-0.006372791,0.138077,-0.0038450004,-0.0021608365,-0.0012187964,-4.3637752e-05,0.3198309,-0.0024792808,-0.005549662,-0.0030374709,-0.008838554
CENPV,-0.0010877977,0.17144857,0.1876833,-0.0037049602,0.100572705,-0.006372791,0.138077,-0.0038450004,-0.0021608365,-0.0012187964,-4.3637752e-05,0.3198309,-0.0024792808,-0.005549662,-0.0030374709,-0.008838554
CEP126,-0.0010877977,0.17144857,0.1876833,-0.0037049602,0.100572705,-0.006372791,0.138077,-0.0038450004,-0.0021608365,-0.0012187964,-4.3637752e-05,0.3198309,-0.0024792808,-0.005549662,-0.0030374709,-0.008838554
CEP128,-0.0010877977,0.17144857,0.1876833,-0.0037049602,0.100572705,-0.006372791,0.138077,-0.0038450004,-0.0021608365,-0.0012187964,-4.3637752e-05,0.3198309,-0.0024792808,-0.005549662,-0.0030374709,-0.008838554
CEP19,-0.0010856953,0.17129393,0.18773861,-0.0037053262,0.10075045,-0.006372735,0.13824686,-0.0038431557,-0.00216225,-0.0012167731,-4.5306533e-05,0.31982026,-0.0024798694,-0.0055504977,-0.0030383659,-0.008836006
CEP295,-0.0010877977,0.17144857,0.1876833,-0.0037049602,0.100572705,-0.006372791,0.138077,-0.0038450004,-0.0021608365,-0.0012187964,-4.3637752e-05,0.3198309,-0.0024792808,-0.005549662,-0.0030374709,-0.008838554
CEP70,-0.0010877977,0.17144857,0.1876833,-0.0037049602,0.100572705,-0.006372791,0.138077,-0.0038450004,-0.0021608365,-0.0012187964,-4.3637752e-05,0.3198309,-0.0024792808,-0.005549662,-0.0030374709,-0.008838554
CEP97,-0.0010877977,0.17144857,0.1876833,-0.0037049602,0.100572705,-0.006372791,0.138077,-0.0038450004,-0.0021608365,-0.0012187964,-4.3637752e-05,0.3198309,-0.0024792808,-0.005549662,-0.0030374709,-0.008838554
CERCAM,-0.0010877977,0.17144857,0.1876833,-0.0037049602,0.100572705,-0.006372791,0.138077,-0.0038450004,-0.0021608365,-0.0012187964,-4.3637752e-05,0.3198309,-0.0024792808,-0.005549662,-0.0030374709,-0.008838554
CERNA1,-0.0010877977,0.17144857,0.1876833,-0.0037049602,0.100572705,-0.006372791,0.138077,-0.0038450004,-0.0021608365,-0.0012187964,-4.3637752e-05,0.3198309,-0.0024792808,-0.005549662,-0.0030374709,-0.008838554
CFAP36,-0.0010877977,0.17144857,0.1876833,-0.0037049602,0.100572705,-0.006372791,0.138077,-0.0038450004,-0.0021608365,-0.0012187964,-4.3637752e-05,0.3198309,-0.0024792808,-0.005549662,-0.0030374709,-0.008838554
CFAP44,-0.0010877977,0.17144857,0.1876833,-0.0037049602,0.100572705,-0.006372791,0.138077,-0.0038450004,-0.0021608365,-0.0012187964,-4.3637752e-05,0.3198309,-0.0024792808,-0.005549662,-0.0030374709,-0.008838554
CFAP61,-0.0010877977,0.17144857,0.1876833,-0.0037049602,0.100572705,-0.006372791,0.138077,-0.0038450004,-0.0021608365,-0.0012187964,-4.3637752e-05,0.3198309,-0.0024792808,-0.005549662,-0.0030374709,-0.008838554
CFAP70,-0.0018349403,0.14700168,0.1282395,-0.0030646038,0.10158705,-0.006432904,0.062231764,-0.002630968,-0.0028208273,-0.002019941,-0.00016249537,0.22847374,-0.0028643985,-0.005502644,-0.0034912676,-0.008897208
CFAP74,-0.0010877977,0.17144857,0.1876833,-0.0037049602,0.100572705,-0.006372791,0.138077,-0.0038450004,-0.0021608365,-0.0012187964,-4.3637752e-05,0.3198309,-0.0024792808,-0.005549662,-0.0030374709,-0.008838554
CFAP97,-0.0010877977,0.17144857,0.1876833,-0.0037049602,0.100572705,-0.006372791,0.138077,-0.0038450004,-0.0021608365,-0.0012187964,-4.3637752e-05,0.3198309,-0.0024792808,-0.005549662,-0.0030374709,-0.008838554
CFAP97D2,-0.0010865488,0.17175163,0.18747623,-0.0037047737,0.10026294,-0.0063729724,0.13824922,-0.003848189,-0.0021626852,-0.0012217545,-4.1193365e-05,0.32011133,-0.0024821549,-0.00554896,-0.0030339363,-0.008839902
CFB,-0.0021615177,0.14144996,0.11857672,-0.0031773937,0.15636832,-0.0053869495,0.036642246,-0.0029794173,-0.0026040338,-0.0018611003,-0.00025664805,0.37024134,-0.002145187,-0.005571729,-0.0016876009,-0.007338565
CHAC1,-0.0010877977,0.17144857,0.1876833,-0.0037049602,0.100572705,-0.006372791,0.138077,-0.0038450004,-0.0021608365,-0.0012187964,-4.3637752e-05,0.3198309,-0.0024792808,-0.005549662,-0.0030374709,-0.008838554
CHD7,-0.0010877977,0.17144857,0.1876833,-0.0037049602,0.100572705,-0.006372791,0.138077,-0.0038450004,-0.0021608365,-0.0012187964,-4.3637752e-05,0.3198309,-0.0024792808,-0.005549662,-0.0030374709,-0.008838554
CHI3L2,-0.0010877977,0.17144857,0.1876833,-0.0037049602,0.100572705,-0.006372791,0.138077,-0.0038450004,-0.0021608365,-0.0012187964,-4.3637752e-05,0.3198309,-0.0024792808,-0.005549662,-0.0030374709,-0.008838554
CHODL,-0.0010877977,0.17144857,0.1876833,-0.0037049602,0.100572705,-0.006372791,0.138077,-0.0038450004,-0.0021608365,-0.0012187964,-4.3637752e-05,0.3198309,-0.0024792808,-0.005549662,-0.0030374709,-0.008838554
CHRNA1,-0.00086878025,0.13297671,0.1953061,-0.0037054007,0.09132304,-0.0061247097,0.1678289,-0.0037718385,-0.0017242831,-0.0013315682,-0.00016426771,0.31021953,-0.0023178183,-0.005418307,-0.0034319286,-0.008577738
CHRNA9,-0.0010877977,0.17144857,0.1876833,-0.0037049602,0.100572705,-0.006372791,0.138077,-0.0038450004,-0.0021608365,-0.0012187964,-4.3637752e-05,0.3198309,-0.0024792808,-0.005549662,-0.0030374709,-0.008838554
CHST10,-0.0010877977,0.17144857,0.1876833,-0.0037049602,0.100572705,-0.006372791,0.138077,-0.0038450004,-0.0021608365,-0.0012187964,-4.3637752e-05,0.3198309,-0.0024792808,-0.005549662,-0.0030374709,-0.008838554
CHST12,-0.0010877977,0.17144857,0.1876833,-0.0037049602,0.100572705,-0.006372791,0.138077,-0.0038450004,-0.0021608365,-0.0012187964,-4.3637752e-05,0.3198309,-0.0024792808,-0.005549662,-0.0030374709,-0.008838554
CHTF18,-0.0010877977,0.17144857,0.1876833,-0.0037049602,0.100572705,-0.006372791,0.138077,-0.0038450004,-0.0021608365,-0.0012187964,-4.3637752e-05,0.3198309,-0.0024792808,-0.005549662,-0.0030374709,-0.008838554
CISH,-0.0010877977,0.17144857,0.1876833,-0.0037049602,0.100572705,-0.006372791,0.138077,-0.0038450004,-0.0021608365,-0.0012187964,-4.3637752e-05,0.3198309,-0.0024792808,-0.005549662,-0.0030374709,-0.008838554
CKAP2L,-0.0010860863,0.1710268,0.18784754,-0.003701256,0.101284705,-0.0063759047,0.13832788,-0.003836179,-0.0021499465,-0.0012161382,-5.2752046e-05,0.319309,-0.0024700572,-0.005540353,-0.0030260198,-0.008839308
CKMT2,-0.0010877977,0.17144857,0.1876833,-0.0037049602,0.100572705,-0.006372791,0.138077,-0.0038450004,-0.0021608365,-0.0012187964,-4.3637752e-05,0.3198309,-0.0024792808,-0.005549662,-0.0030374709,-0.008838554
CLDN16,-0.0002692328,0.27971274,0.22195147,-0.0037043164,0.082768336,-0.0067989584,0.22432944,-0.004607583,-0.0010071482,-0.001748669,0.025050335,0.2262759,-0.0034180966,-0.0048718187,-0.002874353,-0.007857948
CLDN23,-0.0010877977,0.17144857,0.1876833,-0.0037049602,0.100572705,-0.006372791,0.138077,-0.0038450004,-0.0021608365,-0.0012187964,-4.3637752e-05,0.3198309,-0.0024792808,-0.005549662,-0.0030374709,-0.008838554
CLEC2L,-0.0024040863,0.1415207,0.17432056,-0.003298131,0.127027,-0.004778313,0.2203616,-0.0031392372,-0.002130174,-5.4818538e-05,0.09923667,0.44896266,-0.0011292415,-0.0056587597,-0.0022980506,-0.008635947
CLIC3,-0.0010877977,0.17144857,0.1876833,-0.0037049602,0.100572705,-0.006372791,0.138077,-0.0038450004,-0.0021608365,-0.0012187964,-4.3637752e-05,0.3198309,-0.0024792808,-0.005549662,-0.0030374709,-0.008838554
CLIC6,-0.0010877977,0.17144857,0.1876833,-0.0037049602,0.100572705,-0.006372791,0.138077,-0.0038450004,-0.0021608365,-0.0012187964,-4.3637752e-05,0.3198309,-0.0024792808,-0.005549662,-0.0030374709,-0.008838554
CLSTN1,-0.0010087709,0.1689938,0.18310411,-0.0037119465,0.10461819,-0.0064370716,0.12895915,-0.00390555,-0.0020991147,-0.0013152703,-9.14064e-05,0.31548157,-0.0023695433,-0.00561105,-0.003098632,-0.00880173
CLU,-0.0010877977,0.17144857,0.1876833,-0.0037049602,0.100572705,-0.006372791,0.138077,-0.0038450004,-0.0021608365,-0.0012187964,-4.3637752e-05,0.3198309,-0.0024792808,-0.005549662,-0.0030374709,-0.008838554
CLUAP1,-0.0010877977,0.17144857,0.1876833,-0.0037049602,0.100572705,-0.006372791,0.138077,-0.0038450004,-0.0021608365,-0.0012187964,-4.3637752e-05,0.3198309,-0.0024792808,-0.005549662,-0.0030374709,-0.008838554
CLYBL,-0.0010877977,0.17144857,0.1876833,-0.0037049602,0.100572705,-0.006372791,0.138077,-0.0038450004,-0.0021608365,-0.0012187964,-4.3637752e-05,0.3198309,-0.0024792808,-0.005549662,-0.0030374709,-0.008838554
CMSS1,-0.0010877977,0.17144857,0.1876833,-0.0037049602,0.100572705,-0.006372791,0.138077,-0.0038450004,-0.0021608365,-0.0012187964,-4.3637752e-05,0.3198309,-0.0024792808,-0.005549662,-0.0030374709,-0.008838554
CNIH3,-0.0010811331,0.17205052,0.18685202,-0.0037082273,0.099840365,-0.006370664,0.13902177,-0.003842663,-0.0021578562,-0.0012161349,-4.6101508e-05,0.31900162,-0.002481484,-0.0055462644,-0.0030400231,-0.00882722
CNR2,-0.0010877977,0.17144857,0.1876833,-0.0037049602,0.100572705,-0.006372791,0.138077,-0.0038450004,-0.0021608365,-0.0012187964,-4.3637752e-05,0.3198309,-0.0024792808,-0.005549662,-0.0030374709,-0.008838554
COG6,-0.0010877977,0.17144857,0.1876833,-0.0037049602,0.100572705,-0.006372791,0.138077,-0.0038450004,-0.0021608365,-0.0012187964,-4.3637752e-05,0.3198309,-0.0024792808,-0.005549662,-0.0030374709,-0.008838554
COIL,-0.0010877977,0.17144857,0.1876833,-0.0037049602,0.100572705,-0.006372791,0.138077,-0.0038450004,-0.0021608365,-0.0012187964,-4.3637752e-05,0.3198309,-0.0024792808,-0.005549662,-0.0030374709,-0.008838554
COL12A1,-0.0010877977,0.17144857,0.1876833,-0.0037049602,0.100572705,-0.006372791,0.138077,-0.0038450004,-0.0021608365,-0.0012187964,-4.3637752e-05,0.3198309,-0.0024792808,-0.005549662,-0.0030374709,-0.008838554
COLGALT2,-0.001507132,0.18077923,0.09198336,-0.0031377012,0.113401845,-0.006761426,0.07194908,-0.0030462826,-0.0031032118,-0.0022621867,-0.00018653348,0.23050334,-0.0028791283,-0.005205046,-0.0033815864,-0.008723939
COLQ,-0.0010860863,0.1710268,0.18784754,-0.003701256,0.101284705,-0.0063759047,0.13832788,-0.003836179,-0.0021499465,-0.0012161382,-5.2752046e-05,0.319309,-0.0024700572,-0.005540353,-0.0030260198,-0.008839308
COMP,-0.0010877977,0.17144857,0.1876833,-0.0037049602,0.100572705,-0.006372791,0.138077,-0.0038450004,-0.0021608365,-0.0012187964,-4.3637752e-05,0.3198309,-0.0024792808,-0.005549662,-0.0030374709,-0.008838554
CORO2A,-0.0010877977,0.17144857,0.1876833,-0.0037049602,0.100572705,-0.006372791,0.138077,-0.0038450004,-0.0021608365,-0.0012187964,-4.3637752e-05,0.3198309,-0.0024792808,-0.005549662,-0.0030374709,-0.008838554
CPLX2,0.03439556,0.040622212,0.23761664,-0.0037291471,0.050107766,-0.005605858,0.24529412,-0.0050752247,-0.0031415422,-0.00063556246,-0.0006506661,0.3507403,-0.002433111,-0.0054480396,-0.0030501392,-0.007336955
CPLX3,-0.0010877977,0.17144857,0.1876833,-0.0037049602,0.100572705,-0.006372791,0.138077,-0.0038450004,-0.0021608365,-0.0012187964,-4.3637752e-05,0.3198309,-0.0024792808,-0.005549662,-0.0030374709,-0.008838554
CPNE5,-0.0010877977,0.17144857,0.1876833,-0.0037049602,0.100572705,-0.006372791,0.138077,-0.0038450004,-0.0021608365,-0.0012187964,-4.3637752e-05,0.3198309,-0.0024792808,-0.005549662,-0.0030374709,-0.008838554
CPNE6,-0.0010877977,0.17144857,0.1876833,-0.0037049602,0.100572705,-0.006372791,0.138077,-0.0038450004,-0.0021608365,-0.0012187964,-4.3637752e-05,0.3198309,-0.0024792808,-0.005549662,-0.0030374709,-0.008838554
CPT1B,-0.001089381,0.171263,0.18739955,-0.0037050454,0.100506864,-0.006373759,0.13777393,-0.0038477725,-0.0021629855,-0.001217528,-4.0855408e-05,0.32003343,-0.002479988,-0.0055524837,-0.0030372138,-0.008838606
CPVL,-0.0010877977,0.17144857,0.1876833,-0.0037049602,0.100572705,-0.006372791,0.138077,-0.0038450004,-0.0021608365,-0.0012187964,-4.3637752e-05,0.3198309,-0.0024792808,-0.005549662,-0.0030374709,-0.008838554
CR2,-0.0010877977,0.17144857,0.1876833,-0.0037049602,0.100572705,-0.006372791,0.138077,-0.0038450004,-0.0021608365,-0.0012187964,-4.3637752e-05,0.3198309,-0.0024792808,-0.005549662,-0.0030374709,-0.008838554
CRADD,-0.0010877977,0.17144857,0.1876833,-0.0037049602,0.100572705,-0.006372791,0.138077,-0.0038450004,-0.0021608365,-0.0012187964,-4.3637752e-05,0.3198309,-0.0024792808,-0.005549662,-0.0030374709,-0.008838554
CREB5,-0.0010877977,0.17144857,0.1876833,-0.0037049602,0.100572705,-0.006372791,0.138077,-0.0038450004,-0.0021608365,-0.0012187964,-4.3637752e-05,0.3198309,-0.0024792808,-0.005549662,-0.0030374709,-0.008838554
CRHR1,-0.0010877977,0.17144857,0.1876833,-0.0037049602,0.100572705,-0.006372791,0.138077,-0.0038450004,-0.0021608365,-0.0012187964,-4.3637752e-05,0.3198309,-0.0024792808,-0.005549662,-0.0030374709,-0.008838554
CRIM1-DT,-0.0010869089,0.17134966,0.18782078,-0.0036940794,0.100582406,-0.006382549,0.13769183,-0.0038530873,-0.0021651604,-0.0012235153,-5.4287164e-05,0.32054484,-0.0024698982,-0.005544982,-0.0030479955,-0.008847117
CRIP2,-0.0010877977,0.17144857,0.1876833,-0.0037049602,0.100572705,-0.006372791,0.138077,-0.0038450004,-0.0021608365,-0.0012187964,-4.3637752e-05,0.3198309,-0.0024792808,-0.005549662,-0.0030374709,-0.008838554
CRISPLD1,-0.0010877977,0.17144857,0.1876833,-0.0037049602,0.100572705,-0.006372791,0.138077,-0.0038450004,-0.0021608365,-0.0012187964,-4.3637752e-05,0.3198309,-0.0024792808,-0.005549662,-0.0030374709,-0.008838554
CRTAM,-0.00011696454,0.21236098,-0.000683652,-0.0013314402,0.19532958,-0.0043197754,0.10959868,-0.0021093998,-0.00075667707,0.020049915,0.08433579,0.1437149,-0.0013695519,-0.0031119208,-0.0015400738,-0.005757833
CRTC1,-0.0010877977,0.17144857,0.1876833,-0.0037049602,0.100572705,-0.006372791,0.138077,-0.0038450004,-0.0021608365,-0.0012187964,-4.3637752e-05,0.3198309,-0.0024792808,-0.005549662,-0.0030374709,-0.008838554
CRYBB1,-0.0010877977,0.17144857,0.1876833,-0.0037049602,0.100572705,-0.006372791,0.138077,-0.0038450004,-0.0021608365,-0.0012187964,-4.3637752e-05,0.3198309,-0.0024792808,-0.005549662,-0.0030374709,-0.008838554
CSF3R,-0.001507132,0.18077923,0.09198336,-0.0031377012,0.113401845,-0.006761426,0.07194908,-0.0030462826,-0.0031032118,-0.0022621867,-0.00018653348,0.23050334,-0.0028791283,-0.005205046,-0.0033815864,-0.008723939
CSRNP2,-0.0010877977,0.17144857,0.1876833,-0.0037049602,0.100572705,-0.006372791,0.138077,-0.0038450004,-0.0021608365,-0.0012187964,-4.3637752e-05,0.3198309,-0.0024792808,-0.005549662,-0.0030374709,-0.008838554
CST7,-0.0010893948,0.17170428,0.18781026,-0.0037042182,0.10051927,-0.006372964,0.13823396,-0.003843957,-0.0021635708,-0.0012192575,-4.2905507e-05,0.31986904,-0.0024813018,-0.005548335,-0.0030379116,-0.008838243
CSTF3-DT,-0.0010854688,0.1711931,0.18703876,-0.0036925934,0.10176022,-0.0063687433,0.13710022,-0.0038363712,-0.00216816,-0.0012107297,-5.571574e-05,0.31890267,-0.002474257,-0.00555305,-0.0030352746,-0.00882335
CT70,-0.0010877977,0.17144857,0.1876833,-0.0037049602,0.100572705,-0.006372791,0.138077,-0.0038450004,-0.0021608365,-0.0012187964,-4.3637752e-05,0.3198309,-0.0024792808,-0.005549662,-0.0030374709,-0.008838554
CTH,-0.0010877977,0.17144857,0.1876833,-0.0037049602,0.100572705,-0.006372791,0.138077,-0.0038450004,-0.0021608365,-0.0012187964,-4.3637752e-05,0.3198309,-0.0024792808,-0.005549662,-0.0030374709,-0.008838554
CTLA4,-0.0010854688,0.1711931,0.18703876,-0.0036925934,0.10176022,-0.0063687433,0.13710022,-0.0038363712,-0.00216816,-0.0012107297,-5.571574e-05,0.31890267,-0.002474257,-0.00555305,-0.0030352746,-0.00882335
CTNND2,-0.0010877977,0.17144857,0.1876833,-0.0037049602,0.100572705,-0.006372791,0.138077,-0.0038450004,-0.0021608365,-0.0012187964,-4.3637752e-05,0.3198309,-0.0024792808,-0.005549662,-0.0030374709,-0.008838554
CTRB1,-0.00086878025,0.13297671,0.1953061,-0.0037054007,0.09132304,-0.0061247097,0.1678289,-0.0037718385,-0.0017242831,-0.0013315682,-0.00016426771,0.31021953,-0.0023178183,-0.005418307,-0.0034319286,-0.008577738
CTSW,-0.0010877977,0.17144857,0.1876833,-0.0037049602,0.100572705,-0.006372791,0.138077,-0.0038450004,-0.0021608365,-0.0012187964,-4.3637752e-05,0.3198309,-0.0024792808,-0.005549662,-0.0030374709,-0.008838554
CUBN,-0.000969918,0.19252154,0.14411108,-0.003343508,0.065803945,-0.006128726,0.045009013,-0.0042504813,-0.0015904757,-0.0017235641,0.020330593,0.33744806,-0.0015573568,-0.004440171,-0.002421792,-0.007847975
CWF19L1,-0.0010877977,0.17144857,0.1876833,-0.0037049602,0.100572705,-0.006372791,0.138077,-0.0038450004,-0.0021608365,-0.0012187964,-4.3637752e-05,0.3198309,-0.0024792808,-0.005549662,-0.0030374709,-0.008838554
CXCL10,-0.0010877977,0.17144857,0.1876833,-0.0037049602,0.100572705,-0.006372791,0.138077,-0.0038450004,-0.0021608365,-0.0012187964,-4.3637752e-05,0.3198309,-0.0024792808,-0.005549662,-0.0030374709,-0.008838554
CXCL3,-0.001085407,0.17205968,0.18749638,-0.003699575,0.09980859,-0.0063624983,0.13736963,-0.0038411943,-0.002152097,-0.0012119242,-4.73845e-05,0.31911975,-0.0024809137,-0.005560232,-0.0030426607,-0.00884221
CXCL8,-0.0010877977,0.17144857,0.1876833,-0.0037049602,0.100572705,-0.006372791,0.138077,-0.0038450004,-0.0021608365,-0.0012187964,-4.3637752e-05,0.3198309,-0.0024792808,-0.005549662,-0.0030374709,-0.008838554
CXCR5,-0.0010877977,0.17144857,0.1876833,-0.0037049602,0.100572705,-0.006372791,0.138077,-0.0038450004,-0.0021608365,-0.0012187964,-4.3637752e-05,0.3198309,-0.0024792808,-0.005549662,-0.0030374709,-0.008838554
CXXC4,-0.0010856953,0.17129393,0.18773861,-0.0037053262,0.10075045,-0.006372735,0.13824686,-0.0038431557,-0.00216225,-0.0012167731,-4.5306533e-05,0.31982026,-0.0024798694,-0.0055504977,-0.0030383659,-0.008836006
CYB561D1,-0.0010877977,0.17144857,0.1876833,-0.0037049602,0.100572705,-0.006372791,0.138077,-0.0038450004,-0.0021608365,-0.0012187964,-4.3637752e-05,0.3198309,-0.0024792808,-0.005549662,-0.0030374709,-0.008838554
CYP4F22,-0.0010877977,0.17144857,0.1876833,-0.0037049602,0.100572705,-0.006372791,0.138077,-0.0038450004,-0.0021608365,-0.0012187964,-4.3637752e-05,0.3198309,-0.0024792808,-0.005549662,-0.0030374709,-0.008838554
CYP51A1-AS1,-0.001085407,0.17205968,0.18749638,-0.003699575,0.09980859,-0.0063624983,0.13736963,-0.0038411943,-0.002152097,-0.0012119242,-4.73845e-05,0.31911975,-0.0024809137,-0.005560232,-0.0030426607,-0.00884221
D2HGDH,-0.0010877977,0.17144857,0.1876833,-0.0037049602,0.100572705,-0.006372791,0.138077,-0.0038450004,-0.0021608365,-0.0012187964,-4.3637752e-05,0.3198309,-0.0024792808,-0.005549662,-0.0030374709,-0.008838554
DAPK2,-0.0010877977,0.17144857,0.1876833,-0.0037049602,0.100572705,-0.006372791,0.138077,-0.0038450004,-0.0021608365,-0.0012187964,-4.3637752e-05,0.3198309,-0.0024792808,-0.005549662,-0.0030374709,-0.008838554
DBN1,-0.0010877977,0.17144857,0.1876833,-0.0037049602,0.100572705,-0.006372791,0.138077,-0.0038450004,-0.0021608365,-0.0012187964,-4.3637752e-05,0.3198309,-0.0024792808,-0.005549662,-0.0030374709,-0.008838554
DCAF10,-0.0010877977,0.17144857,0.1876833,-0.0037049602,0.100572705,-0.006372791,0.138077,-0.0038450004,-0.0021608365,-0.0012187964,-4.3637752e-05,0.3198309,-0.0024792808,-0.005549662,-0.0030374709,-0.008838554
DCAKD,-0.0010877977,0.17144857,0.1876833,-0.0037049602,0.100572705,-0.006372791,0.138077,-0.0038450004,-0.0021608365,-0.0012187964,-4.3637752e-05,0.3198309,-0.0024792808,-0.005549662,-0.0030374709,-0.008838554
DCDC2,-0.0011671075,0.14843172,0.16338821,-0.003698116,0.07114078,-0.0063557927,0.11208819,-0.003480601,-0.0025679201,-0.0016585044,0.035571404,0.33928636,-0.0019252391,-0.0054985806,-0.003232858,-0.009082847
DCLK3,-0.0010877977,0.17144857,0.1876833,-0.0037049602,0.100572705,-0.006372791,0.138077,-0.0038450004,-0.0021608365,-0.0012187964,-4.3637752e-05,0.3198309,-0.0024792808,-0.005549662,-0.0030374709,-0.008838554
DDB2,-0.0010877977,0.17144857,0.1876833,-0.0037049602,0.100572705,-0.006372791,0.138077,-0.0038450004,-0.0021608365,-0.0012187964,-4.3637752e-05,0.3198309,-0.0024792808,-0.005549662,-0.0030374709,-0.008838554
DDX50,-0.0010877977,0.17144857,0.1876833,-0.0037049602,0.100572705,-0.006372791,0.138077,-0.0038450004,-0.0021608365,-0.0012187964,-4.3637752e-05,0.3198309,-0.0024792808,-0.005549662,-0.0030374709,-0.008838554
DENND1C,-0.0010827201,0.17221534,0.18773453,-0.0037098299,0.09967679,-0.006372278,0.1379404,-0.0038487294,-0.0021521854,-0.001214117,-4.2605698e-05,0.3190115,-0.0024717343,-0.005547055,-0.003045626,-0.0088465875
DENND2C,-0.0010877977,0.17144857,0.1876833,-0.0037049602,0.100572705,-0.006372791,0.138077,-0.0038450004,-0.0021608365,-0.0012187964,-4.3637752e-05,0.3198309,-0.0024792808,-0.005549662,-0.0030374709,-0.008838554
DENND2D,-0.0010877977,0.17144857,0.1876833,-0.0037049602,0.100572705,-0.006372791,0.138077,-0.0038450004,-0.0021608365,-0.0012187964,-4.3637752e-05,0.3198309,-0.0024792808,-0.005549662,-0.0030374709,-0.008838554
DENND6A-DT,-0.00011696454,0.21236098,-0.000683652,-0.0013314402,0.19532958,-0.0043197754,0.10959868,-0.0021093998,-0.00075667707,0.020049915,0.08433579,0.1437149,-0.0013695519,-0.0031119208,-0.0015400738,-0.005757833
DGCR8,-0.0010877977,0.17144857,0.1876833,-0.0037049602,0.100572705,-0.006372791,0.138077,-0.0038450004,-0.0021608365,-0.0012187964,-4.3637752e-05,0.3198309,-0.0024792808,-0.005549662,-0.0030374709,-0.008838554
DGKH,-0.0010877977,0.17144857,0.1876833,-0.0037049602,0.100572705,-0.006372791,0.138077,-0.0038450004,-0.0021608365,-0.0012187964,-4.3637752e-05,0.3198309,-0.0024792808,-0.005549662,-0.0030374709,-0.008838554
DHDH,-0.0010877977,0.17144857,0.1876833,-0.0037049602,0.100572705,-0.006372791,0.138077,-0.0038450004,-0.0021608365,-0.0012187964,-4.3637752e-05,0.3198309,-0.0024792808,-0.005549662,-0.0030374709,-0.008838554
DHH,-0.0010877977,0.17144857,0.1876833,-0.0037049602,0.100572705,-0.006372791,0.138077,-0.0038450004,-0.0021608365,-0.0012187964,-4.3637752e-05,0.3198309,-0.0024792808,-0.005549662,-0.0030374709,-0.008838554
DHX16,-0.0010877977,0.17144857,0.1876833,-0.0037049602,0.100572705,-0.006372791,0.138077,-0.0038450004,-0.0021608365,-0.0012187964,-4.3637752e-05,0.3198309,-0.0024792808,-0.005549662,-0.0030374709,-0.008838554
DHX30,-0.0010877977,0.17144857,0.1876833,-0.0037049602,0.100572705,-0.006372791,0.138077,-0.0038450004,-0.0021608365,-0.0012187964,-4.3637752e-05,0.3198309,-0.0024792808,-0.005549662,-0.0030374709,-0.008838554
DIAPH3,-0.0010877977,0.17144857,0.1876833,-0.0037049602,0.100572705,-0.006372791,0.138077,-0.0038450004,-0.0021608365,-0.0012187964,-4.3637752e-05,0.3198309,-0.0024792808,-0.005549662,-0.0030374709,-0.008838554
DIP2C,-0.0010877977,0.17144857,0.1876833,-0.0037049602,0.100572705,-0.006372791,0.138077,-0.0038450004,-0.0021608365,-0.0012187964,-4.3637752e-05,0.3198309,-0.0024792808,-0.005549662,-0.0030374709,-0.008838554
DIRC3,-0.0010865488,0.17175163,0.18747623,-0.0037047737,0.10026294,-0.0063729724,0.13824922,-0.003848189,-0.0021626852,-0.0012217545,-4.1193365e-05,0.32011133,-0.0024821549,-0.00554896,-0.0030339363,-0.008839902
DISP1,-0.0010877977,0.17144857,0.1876833,-0.0037049602,0.100572705,-0.006372791,0.138077,-0.0038450004,-0.0021608365,-0.0012187964,-4.3637752e-05,0.3198309,-0.0024792808,-0.005549662,-0.0030374709,-0.008838554
DISP3,-0.001089381,0.171263,0.18739955,-0.0037050454,0.100506864,-0.006373759,0.13777393,-0.0038477725,-0.0021629855,-0.001217528,-4.0855408e-05,0.32003343,-0.002479988,-0.0055524837,-0.0030372138,-0.008838606
DLEU7,-0.0010877977,0.17144857,0.1876833,-0.0037049602,0.100572705,-0.006372791,0.138077,-0.0038450004,-0.0021608365,-0.0012187964,-4.3637752e-05,0.3198309,-0.0024792808,-0.005549662,-0.0030374709,-0.008838554
DLG1-AS1,-0.0010877977,0.17144857,0.1876833,-0.0037049602,0.100572705,-0.006372791,0.138077,-0.0038450004,-0.0021608365,-0.0012187964,-4.3637752e-05,0.3198309,-0.0024792808,-0.005549662,-0.0030374709,-0.008838554
DLGAP1-AS1,-0.0010877977,0.17144857,0.1876833,-0.0037049602,0.100572705,-0.006372791,0.138077,-0.0038450004,-0.0021608365,-0.0012187964,-4.3637752e-05,0.3198309,-0.0024792808,-0.005549662,-0.0030374709,-0.008838554
DLL3,-0.0010877977,0.17144857,0.1876833,-0.0037049602,0.100572705,-0.006372791,0.138077,-0.0038450004,-0.0021608365,-0.0012187964,-4.3637752e-05,0.3198309,-0.0024792808,-0.005549662,-0.0030374709,-0.008838554
DLX2-DT,-0.0010097312,0.21180494,0.20936538,-0.0033249848,0.027473852,-0.0067702904,0.034378264,-0.0029866833,-0.002549095,-0.002381294,0.008647561,0.28235537,-0.002492837,-0.0056851706,-0.0023436286,-0.008120273
DNAAF2,-0.0010877977,0.17144857,0.1876833,-0.0037049602,0.100572705,-0.006372791,0.138077,-0.0038450004,-0.0021608365,-0.0012187964,-4.3637752e-05,0.3198309,-0.0024792808,-0.005549662,-0.0030374709,-0.008838554
DNAH5,-0.0010877977,0.17144857,0.1876833,-0.0037049602,0.100572705,-0.006372791,0.138077,-0.0038450004,-0.0021608365,-0.0012187964,-4.3637752e-05,0.3198309,-0.0024792808,-0.005549662,-0.0030374709,-0.008838554
DNAH6,-0.0010869697,0.17164974,0.18753345,-0.003706244,0.100386135,-0.00637331,0.13789554,-0.003845286,-0.0021619624,-0.0012192393,-4.4535398e-05,0.31975633,-0.0024776226,-0.0055519105,-0.003038693,-0.0088396
DNAH7,-0.0010877977,0.17144857,0.1876833,-0.0037049602,0.100572705,-0.006372791,0.138077,-0.0038450004,-0.0021608365,-0.0012187964,-4.3637752e-05,0.3198309,-0.0024792808,-0.005549662,-0.0030374709,-0.008838554
DNAJC18,-0.00011696454,0.21236098,-0.000683652,-0.0013314402,0.19532958,-0.0043197754,0.10959868,-0.0021093998,-0.00075667707,0.020049915,0.08433579,0.1437149,-0.0013695519,-0.0031119208,-0.0015400738,-0.005757833
DNAJC22,-0.00015135299,0.30078572,0.17837925,-0.0033428643,0.04799958,-0.0065548937,0.1312615,-0.0050130635,-0.0004367873,-0.0022534372,0.049744703,0.24389307,-0.0024961724,-0.0037623278,-0.0022586738,-0.0068673687
DNAJC24,-0.0010877977,0.17144857,0.1876833,-0.0037049602,0.100572705,-0.006372791,0.138077,-0.0038450004,-0.0021608365,-0.0012187964,-4.3637752e-05,0.3198309,-0.0024792808,-0.005549662,-0.0030374709,-0.008838554
DNAJC28,-0.0010877977,0.17144857,0.1876833,-0.0037049602,0.100572705,-0.006372791,0.138077,-0.0038450004,-0.0021608365,-0.0012187964,-4.3637752e-05,0.3198309,-0.0024792808,-0.005549662,-0.0030374709,-0.008838554
DNAJC3-DT,-0.0010877977,0.17144857,0.1876833,-0.0037049602,0.100572705,-0.006372791,0.138077,-0.0038450004,-0.0021608365,-0.0012187964,-4.3637752e-05,0.3198309,-0.0024792808,-0.005549662,-0.0030374709,-0.008838554
DNAJC6,-0.0010877977,0.17144857,0.1876833,-0.0037049602,0.100572705,-0.006372791,0.138077,-0.0038450004,-0.0021608365,-0.0012187964,-4.3637752e-05,0.3198309,-0.0024792808,-0.005549662,-0.0030374709,-0.008838554
DNMT3A,-0.0010827201,0.17221534,0.18773453,-0.0037098299,0.09967679,-0.006372278,0.1379404,-0.0038487294,-0.0021521854,-0.001214117,-4.2605698e-05,0.3190115,-0.0024717343,-0.005547055,-0.003045626,-0.0088465875
DPEP1,-0.0010877977,0.17144857,0.1876833,-0.0037049602,0.100572705,-0.006372791,0.138077,-0.0038450004,-0.0021608365,-0.0012187964,-4.3637752e-05,0.3198309,-0.0024792808,-0.005549662,-0.0030374709,-0.008838554
DPH7,-0.0010877977,0.17144857,0.1876833,-0.0037049602,0.100572705,-0.006372791,0.138077,-0.0038450004,-0.0021608365,-0.0012187964,-4.3637752e-05,0.3198309,-0.0024792808,-0.005549662,-0.0030374709,-0.008838554
DRC7,-0.0010877977,0.17144857,0.1876833,-0.0037049602,0.100572705,-0.006372791,0.138077,-0.0038450004,-0.0021608365,-0.0012187964,-4.3637752e-05,0.3198309,-0.0024792808,-0.005549662,-0.0030374709,-0.008838554
DSCAML1,-0.0010877977,0.17144857,0.1876833,-0.0037049602,0.100572705,-0.006372791,0.138077,-0.0038450004,-0.0021608365,-0.0012187964,-4.3637752e-05,0.3198309,-0.0024792808,-0.005549662,-0.0030374709,-0.008838554
DTD1,-0.0010877977,0.17144857,0.1876833,-0.0037049602,0.100572705,-0.006372791,0.138077,-0.0038450004,-0.0021608365,-0.0012187964,-4.3637752e-05,0.3198309,-0.0024792808,-0.005549662,-0.0030374709,-0.008838554
DTHD1,-0.0010877977,0.17144857,0.1876833,-0.0037049602,0.100572705,-0.006372791,0.138077,-0.0038450004,-0.0021608365,-0.0012187964,-4.3637752e-05,0.3198309,-0.0024792808,-0.005549662,-0.0030374709,-0.008838554
DTNB,-0.0010877977,0.17144857,0.1876833,-0.0037049602,0.100572705,-0.006372791,0.138077,-0.0038450004,-0.0021608365,-0.0012187964,-4.3637752e-05,0.3198309,-0.0024792808,-0.005549662,-0.0030374709,-0.008838554
DTX3,-0.0010877977,0.17144857,0.1876833,-0.0037049602,0.100572705,-0.006372791,0.138077,-0.0038450004,-0.0021608365,-0.0012187964,-4.3637752e-05,0.3198309,-0.0024792808,-0.005549662,-0.0030374709,-0.008838554
DUSP16,-0.0010877977,0.17144857,0.1876833,-0.0037049602,0.100572705,-0.006372791,0.138077,-0.0038450004,-0.0021608365,-0.0012187964,-4.3637752e-05,0.3198309,-0.0024792808,-0.005549662,-0.0030374709,-0.008838554
DUSP19,-0.0010877977,0.17144857,0.1876833,-0.0037049602,0.100572705,-0.006372791,0.138077,-0.0038450004,-0.0021608365,-0.0012187964,-4.3637752e-05,0.3198309,-0.0024792808,-0.005549662,-0.0030374709,-0.008838554
DVL1,-0.0010877977,0.17144857,0.1876833,-0.0037049602,0.100572705,-0.006372791,0.138077,-0.0038450004,-0.0021608365,-0.0012187964,-4.3637752e-05,0.3198309,-0.0024792808,-0.005549662,-0.0030374709,-0.008838554
DYNC2H1,-0.0010877977,0.17144857,0.1876833,-0.0037049602,0.100572705,-0.006372791,0.138077,-0.0038450004,-0.0021608365,-0.0012187964,-4.3637752e-05,0.3198309,-0.0024792808,-0.005549662,-0.0030374709,-0.008838554
DYNLRB2,-0.0010877977,0.17144857,0.1876833,-0.0037049602,0.100572705,-0.006372791,0.138077,-0.0038450004,-0.0021608365,-0.0012187964,-4.3637752e-05,0.3198309,-0.0024792808,-0.005549662,-0.0030374709,-0.008838554
DZIP3,-0.0010097312,0.21180494,0.20936538,-0.0033249848,0.027473852,-0.0067702904,0.034378264,-0.0029866833,-0.002549095,-0.002381294,0.008647561,0.28235537,-0.002492837,-0.0056851706,-0.0023436286,-0.008120273
E4F1,-0.0010877977,0.17144857,0.1876833,-0.0037049602,0.100572705,-0.006372791,0.138077,-0.0038450004,-0.0021608365,-0.0012187964,-4.3637752e-05,0.3198309,-0.0024792808,-0.005549662,-0.0030374709,-0.008838554
EBF1,-0.0014710149,0.13857952,0.21831895,-0.0035582571,0.08937295,-0.005966396,0.11107494,-0.0033066166,-0.002027055,-0.000884789,0.0024917722,0.3168136,-0.0024564906,-0.0057647014,-0.003008231,-0.008877059
EBF2,-0.0010856953,0.17129393,0.18773861,-0.0037053262,0.10075045,-0.006372735,0.13824686,-0.0038431557,-0.00216225,-0.0012167731,-4.5306533e-05,0.31982026,-0.0024798694,-0.0055504977,-0.0030383659,-0.008836006
EBF3,-0.0008141388,0.25615048,0.19021522,-0.002969635,0.02208358,-0.006543397,-0.00032543956,-0.00375552,-0.0015743851,-0.002446815,-6.5200176e-05,0.28055522,-0.0021269752,-0.0046254345,-0.0015330034,-0.00688509
EDA,-0.0010854688,0.1711931,0.18703876,-0.0036925934,0.10176022,-0.0063687433,0.13710022,-0.0038363712,-0.00216816,-0.0012107297,-5.571574e-05,0.31890267,-0.002474257,-0.00555305,-0.0030352746,-0.00882335
EDAR,-0.0010877025,0.17143157,0.18762662,-0.0037047588,0.100559175,-0.006372378,0.13808808,-0.0038446714,-0.0021609736,-0.0012192121,-4.4115484e-05,0.31978244,-0.0024791057,-0.005549787,-0.003037439,-0.008838984
EDN2,-0.0010877977,0.17144857,0.1876833,-0.0037049602,0.100572705,-0.006372791,0.138077,-0.0038450004,-0.0021608365,-0.0012187964,-4.3637752e-05,0.3198309,-0.0024792808,-0.005549662,-0.0030374709,-0.008838554
EEF1AKMT1,-0.001010259,0.16879123,0.18276365,-0.0037118304,0.10453882,-0.006437627,0.12866715,-0.0039079934,-0.002101401,-0.0013144177,-8.910194e-05,0.31563562,-0.0023700753,-0.0056139966,-0.0030983435,-0.008802212
EFHD1,-0.0010877977,0.17144857,0.1876833,-0.0037049602,0.100572705,-0.006372791,0.138077,-0.0038450004,-0.0021608365,-0.0012187964,-4.3637752e-05,0.3198309,-0.0024792808,-0.005549662,-0.0030374709,-0.008838554
EFNA5,-0.0010877977,0.17144857,0.1876833,-0.0037049602,0.100572705,-0.006372791,0.138077,-0.0038450004,-0.0021608365,-0.0012187964,-4.3637752e-05,0.3198309,-0.0024792808,-0.005549662,-0.0030374709,-0.008838554
EIF1B-AS1,-0.0010877977,0.17144857,0.1876833,-0.0037049602,0.100572705,-0.006372791,0.138077,-0.0038450004,-0.0021608365,-0.0012187964,-4.3637752e-05,0.3198309,-0.0024792808,-0.005549662,-0.0030374709,-0.008838554
EIF2AK3-DT,-0.0014172031,0.13792673,0.22406642,-0.0036311203,0.088704474,-0.006044442,0.12851664,-0.0034286429,-0.0018811863,-0.0009770122,-1.8867402e-05,0.31783944,-0.0024665715,-0.005845933,-0.0031475928,-0.009011513
EIF3J-DT,-0.0011671075,0.14843172,0.16338821,-0.003698116,0.07114078,-0.0063557927,0.11208819,-0.003480601,-0.0025679201,-0.0016585044,0.035571404,0.33928636,-0.0019252391,-0.0054985806,-0.003232858,-0.009082847
ELOVL2-AS1,-0.0010869697,0.17164974,0.18753345,-0.003706244,0.100386135,-0.00637331,0.13789554,-0.003845286,-0.0021619624,-0.0012192393,-4.4535398e-05,0.31975633,-0.0024776226,-0.0055519105,-0.003038693,-0.0088396
ELP1,-0.0010877977,0.17144857,0.1876833,-0.0037049602,0.100572705,-0.006372791,0.138077,-0.0038450004,-0.0021608365,-0.0012187964,-4.3637752e-05,0.3198309,-0.0024792808,-0.005549662,-0.0030374709,-0.008838554
EML2,-0.0010877977,0.17144857,0.1876833,-0.0037049602,0.100572705,-0.006372791,0.138077,-0.0038450004,-0.0021608365,-0.0012187964,-4.3637752e-05,0.3198309,-0.0024792808,-0.005549662,-0.0030374709,-0.008838554
EML5,-0.0010877977,0.17144857,0.1876833,-0.0037049602,0.100572705,-0.006372791,0.138077,-0.0038450004,-0.0021608365,-0.0012187964,-4.3637752e-05,0.3198309,-0.0024792808,-0.005549662,-0.0030374709,-0.008838554
ENGASE,-0.0010877977,0.17144857,0.1876833,-0.0037049602,0.100572705,-0.006372791,0.138077,-0.0038450004,-0.0021608365,-0.0012187964,-4.3637752e-05,0.3198309,-0.0024792808,-0.005549662,-0.0030374709,-0.008838554
ENO1-AS1,-0.0010877977,0.17144857,0.1876833,-0.0037049602,0.100572705,-0.006372791,0.138077,-0.0038450004,-0.0021608365,-0.0012187964,-4.3637752e-05,0.3198309,-0.0024792808,-0.005549662,-0.0030374709,-0.008838554
ENO2,-0.0010877977,0.17144857,0.1876833,-0.0037049602,0.100572705,-0.006372791,0.138077,-0.0038450004,-0.0021608365,-0.0012187964,-4.3637752e-05,0.3198309,-0.0024792808,-0.005549662,-0.0030374709,-0.008838554
ENOSF1,-0.0010877977,0.17144857,0.1876833,-0.0037049602,0.100572705,-0.006372791,0.138077,-0.0038450004,-0.0021608365,-0.0012187964,-4.3637752e-05,0.3198309,-0.0024792808,-0.005549662,-0.0030374709,-0.008838554
ENPP1,-0.0010877977,0.17144857,0.1876833,-0.0037049602,0.100572705,-0.006372791,0.138077,-0.0038450004,-0.0021608365,-0.0012187964,-4.3637752e-05,0.3198309,-0.0024792808,-0.005549662,-0.0030374709,-0.008838554
EOMES,-0.0010874098,0.17153645,0.18767183,-0.0037058864,0.10062483,-0.0063739764,0.13831125,-0.0038473355,-0.0021597885,-0.0012195876,-4.4169872e-05,0.3199346,-0.0024794196,-0.0055504427,-0.003037872,-0.008840399
EPB41L5,-0.0010869697,0.17164974,0.18753345,-0.003706244,0.100386135,-0.00637331,0.13789554,-0.003845286,-0.0021619624,-0.0012192393,-4.4535398e-05,0.31975633,-0.0024776226,-0.0055519105,-0.003038693,-0.0088396
EPHA1-AS1,-0.0010877977,0.17144857,0.1876833,-0.0037049602,0.100572705,-0.006372791,0.138077,-0.0038450004,-0.0021608365,-0.0012187964,-4.3637752e-05,0.3198309,-0.0024792808,-0.005549662,-0.0030374709,-0.008838554
EPHA4,-0.0010877977,0.17144857,0.1876833,-0.0037049602,0.100572705,-0.006372791,0.138077,-0.0038450004,-0.0021608365,-0.0012187964,-4.3637752e-05,0.3198309,-0.0024792808,-0.005549662,-0.0030374709,-0.008838554
EPHA6,-0.0010869697,0.17164974,0.18753345,-0.003706244,0.100386135,-0.00637331,0.13789554,-0.003845286,-0.0021619624,-0.0012192393,-4.4535398e-05,0.31975633,-0.0024776226,-0.0055519105,-0.003038693,-0.0088396
EPHA7,-0.0014147171,0.13757211,0.22407691,-0.0036209822,0.08876761,-0.006054027,0.12797451,-0.0034377729,-0.001882776,-0.00098127,-3.0249059e-05,0.31851524,-0.002455168,-0.00584258,-0.0031576767,-0.009020386
EPHX2,-0.0010877977,0.17144857,0.1876833,-0.0037049602,0.100572705,-0.006372791,0.138077,-0.0038450004,-0.0021608365,-0.0012187964,-4.3637752e-05,0.3198309,-0.0024792808,-0.005549662,-0.0030374709,-0.008838554
ERAP2,-0.0002692328,0.27971274,0.22195147,-0.0037043164,0.082768336,-0.0067989584,0.22432944,-0.004607583,-0.0010071482,-0.001748669,0.025050335,0.2262759,-0.0034180966,-0.0048718187,-0.002874353,-0.007857948
ERBB2,-0.0010877977,0.17144857,0.1876833,-0.0037049602,0.100572705,-0.006372791,0.138077,-0.0038450004,-0.0021608365,-0.0012187964,-4.3637752e-05,0.3198309,-0.0024792808,-0.005549662,-0.0030374709,-0.008838554
ERCC5,-0.0010893948,0.17170428,0.18781026,-0.0037042182,0.10051927,-0.006372964,0.13823396,-0.003843957,-0.0021635708,-0.0012192575,-4.2905507e-05,0.31986904,-0.0024813018,-0.005548335,-0.0030379116,-0.008838243
ERCC6L,-0.0010876319,0.1714207,0.18758078,-0.0037044203,0.10053138,-0.0063720495,0.13808478,-0.0038449191,-0.002160538,-0.0012193474,-4.4454486e-05,0.3197844,-0.002478723,-0.005549473,-0.0030371773,-0.008838576
EREG,-0.0010971281,0.17155696,0.18828727,-0.0036973427,0.099690124,-0.0063681863,0.13742638,-0.0038521388,-0.0021677366,-0.0012157225,-4.132122e-05,0.31962496,-0.0024836245,-0.005547153,-0.003042438,-0.008842882
ERFE,-0.0010877977,0.17144857,0.1876833,-0.0037049602,0.100572705,-0.006372791,0.138077,-0.0038450004,-0.0021608365,-0.0012187964,-4.3637752e-05,0.3198309,-0.0024792808,-0.005549662,-0.0030374709,-0.008838554
ERICH6-AS1,-0.0010856953,0.17129393,0.18773861,-0.0037053262,0.10075045,-0.006372735,0.13824686,-0.0038431557,-0.00216225,-0.0012167731,-4.5306533e-05,0.31982026,-0.0024798694,-0.0055504977,-0.0030383659,-0.008836006
ERLEC1,-0.0014151006,0.13777208,0.22412173,-0.0036314863,0.088882215,-0.006044386,0.12868649,-0.0034267982,-0.0018826,-0.000974989,-2.0536183e-05,0.3178288,-0.00246716,-0.0058467695,-0.0031484878,-0.0090089645
ERP27,-0.0010866908,0.17141344,0.18764763,-0.0037059127,0.100545496,-0.0063722543,0.13789329,-0.0038468975,-0.0021582644,-0.0012180605,-4.4480857e-05,0.3197527,-0.0024808592,-0.0055512474,-0.0030392453,-0.008838414
ESR2,-0.001143487,0.17636335,0.22079252,-0.0034743452,0.086586624,-0.0059171915,0.1365009,-0.0034934806,-0.0023484635,-0.0005312468,0.004582107,0.30690837,-0.0029870942,-0.0053025186,-0.0024617058,-0.008254553
ETFBKMT,-0.000969918,0.19252154,0.14411108,-0.003343508,0.065803945,-0.006128726,0.045009013,-0.0042504813,-0.0015904757,-0.0017235641,0.020330593,0.33744806,-0.0015573568,-0.004440171,-0.002421792,-0.007847975
ETNPPL,-0.0010877977,0.17144857,0.1876833,-0.0037049602,0.100572705,-0.006372791,0.138077,-0.0038450004,-0.0021608365,-0.0012187964,-4.3637752e-05,0.3198309,-0.0024792808,-0.005549662,-0.0030374709,-0.008838554
EVA1C,-0.0010921574,0.17122777,0.18717916,-0.0037018275,0.100231886,-0.006369981,0.13741207,-0.0038436772,-0.0021610826,-0.0012123802,-4.996702e-05,0.3197165,-0.002474861,-0.005556675,-0.0030345058,-0.008831642
EWSAT1,-0.0010877977,0.17144857,0.1876833,-0.0037049602,0.100572705,-0.006372791,0.138077,-0.0038450004,-0.0021608365,-0.0012187964,-4.3637752e-05,0.3198309,-0.0024792808,-0.005549662,-0.0030374709,-0.008838554
EXPH5,-0.0010877977,0.17144857,0.1876833,-0.0037049602,0.100572705,-0.006372791,0.138077,-0.0038450004,-0.0021608365,-0.0012187964,-4.3637752e-05,0.3198309,-0.0024792808,-0.005549662,-0.0030374709,-0.008838554
EZR-AS1,-0.0010877977,0.17144857,0.1876833,-0.0037049602,0.100572705,-0.006372791,0.138077,-0.0038450004,-0.0021608365,-0.0012187964,-4.3637752e-05,0.3198309,-0.0024792808,-0.005549662,-0.0030374709,-0.008838554
F12,-0.0010877977,0.17144857,0.1876833,-0.0037049602,0.100572705,-0.006372791,0.138077,-0.0038450004,-0.0021608365,-0.0012187964,-4.3637752e-05,0.3198309,-0.0024792808,-0.005549662,-0.0030374709,-0.008838554
F2R,-0.0010877977,0.17144857,0.1876833,-0.0037049602,0.100572705,-0.006372791,0.138077,-0.0038450004,-0.0021608365,-0.0012187964,-4.3637752e-05,0.3198309,-0.0024792808,-0.005549662,-0.0030374709,-0.008838554
FAAH2,-0.001087727,0.1714377,0.1876375,-0.0037046217,0.10054491,-0.0063724616,0.13807371,-0.0038452481,-0.0021604009,-0.0012189316,-4.3976754e-05,0.31983286,-0.002478898,-0.005549348,-0.0030372092,-0.008838146
FAAP100,-0.0010877977,0.17144857,0.1876833,-0.0037049602,0.100572705,-0.006372791,0.138077,-0.0038450004,-0.0021608365,-0.0012187964,-4.3637752e-05,0.3198309,-0.0024792808,-0.005549662,-0.0030374709,-0.008838554
FAAP24,-0.0010877977,0.17144857,0.1876833,-0.0037049602,0.100572705,-0.006372791,0.138077,-0.0038450004,-0.0021608365,-0.0012187964,-4.3637752e-05,0.3198309,-0.0024792808,-0.005549662,-0.0030374709,-0.008838554
FABP12,-0.0010877977,0.17144857,0.1876833,-0.0037049602,0.100572705,-0.006372791,0.138077,-0.0038450004,-0.0021608365,-0.0012187964,-4.3637752e-05,0.3198309,-0.0024792808,-0.005549662,-0.0030374709,-0.008838554
FADS3,-0.0010877977,0.17144857,0.1876833,-0.0037049602,0.100572705,-0.006372791,0.138077,-0.0038450004,-0.0021608365,-0.0012187964,-4.3637752e-05,0.3198309,-0.0024792808,-0.005549662,-0.0030374709,-0.008838554
FAHD2B,-0.0010877977,0.17144857,0.1876833,-0.0037049602,0.100572705,-0.006372791,0.138077,-0.0038450004,-0.0021608365,-0.0012187964,-4.3637752e-05,0.3198309,-0.0024792808,-0.005549662,-0.0030374709,-0.008838554
FALEC,-0.0010877977,0.17144857,0.1876833,-0.0037049602,0.100572705,-0.006372791,0.138077,-0.0038450004,-0.0021608365,-0.0012187964,-4.3637752e-05,0.3198309,-0.0024792808,-0.005549662,-0.0030374709,-0.008838554
FAM110D,-0.0010877977,0.17144857,0.1876833,-0.0037049602,0.100572705,-0.006372791,0.138077,-0.0038450004,-0.0021608365,-0.0012187964,-4.3637752e-05,0.3198309,-0.0024792808,-0.005549662,-0.0030374709,-0.008838554
FAM161B,-0.0024040863,0.1415207,0.17432056,-0.003298131,0.127027,-0.004778313,0.2203616,-0.0031392372,-0.002130174,-5.4818538e-05,0.09923667,0.44896266,-0.0011292415,-0.0056587597,-0.0022980506,-0.008635947
FAM166B,-0.0010877977,0.17144857,0.1876833,-0.0037049602,0.100572705,-0.006372791,0.138077,-0.0038450004,-0.0021608365,-0.0012187964,-4.3637752e-05,0.3198309,-0.0024792808,-0.005549662,-0.0030374709,-0.008838554
FAM166C,-0.0010877977,0.17144857,0.1876833,-0.0037049602,0.100572705,-0.006372791,0.138077,-0.0038450004,-0.0021608365,-0.0012187964,-4.3637752e-05,0.3198309,-0.0024792808,-0.005549662,-0.0030374709,-0.008838554
FAM170B,-0.0010877977,0.17144857,0.1876833,-0.0037049602,0.100572705,-0.006372791,0.138077,-0.0038450004,-0.0021608365,-0.0012187964,-4.3637752e-05,0.3198309,-0.0024792808,-0.005549662,-0.0030374709,-0.008838554
FAM182A,-0.0010877977,0.17144857,0.1876833,-0.0037049602,0.100572705,-0.006372791,0.138077,-0.0038450004,-0.0021608365,-0.0012187964,-4.3637752e-05,0.3198309,-0.0024792808,-0.005549662,-0.0030374709,-0.008838554
FAM184A,-0.0010877977,0.17144857,0.1876833,-0.0037049602,0.100572705,-0.006372791,0.138077,-0.0038450004,-0.0021608365,-0.0012187964,-4.3637752e-05,0.3198309,-0.0024792808,-0.005549662,-0.0030374709,-0.008838554
FAM185A,-0.0010877977,0.17144857,0.1876833,-0.0037049602,0.100572705,-0.006372791,0.138077,-0.0038450004,-0.0021608365,-0.0012187964,-4.3637752e-05,0.3198309,-0.0024792808,-0.005549662,-0.0030374709,-0.008838554
FAM222B,-0.0010877977,0.17144857,0.1876833,-0.0037049602,0.100572705,-0.006372791,0.138077,-0.0038450004,-0.0021608365,-0.0012187964,-4.3637752e-05,0.3198309,-0.0024792808,-0.005549662,-0.0030374709,-0.008838554
FAM227B,-0.0010877977,0.17144857,0.1876833,-0.0037049602,0.100572705,-0.006372791,0.138077,-0.0038450004,-0.0021608365,-0.0012187964,-4.3637752e-05,0.3198309,-0.0024792808,-0.005549662,-0.0030374709,-0.008838554
FAM43A,-0.00011696454,0.21236098,-0.000683652,-0.0013314402,0.19532958,-0.0043197754,0.10959868,-0.0021093998,-0.00075667707,0.020049915,0.08433579,0.1437149,-0.0013695519,-0.0031119208,-0.0015400738,-0.005757833
FAM83D,-0.000969918,0.19252154,0.14411108,-0.003343508,0.065803945,-0.006128726,0.045009013,-0.0042504813,-0.0015904757,-0.0017235641,0.020330593,0.33744806,-0.0015573568,-0.004440171,-0.002421792,-0.007847975
FAM86B2,-0.0010877977,0.17144857,0.1876833,-0.0037049602,0.100572705,-0.006372791,0.138077,-0.0038450004,-0.0021608365,-0.0012187964,-4.3637752e-05,0.3198309,-0.0024792808,-0.005549662,-0.0030374709,-0.008838554
FANK1,-0.0002692328,0.27971274,0.22195147,-0.0037043164,0.082768336,-0.0067989584,0.22432944,-0.004607583,-0.0010071482,-0.001748669,0.025050335,0.2262759,-0.0034180966,-0.0048718187,-0.002874353,-0.007857948
FASLG,-0.0010877977,0.17144857,0.1876833,-0.0037049602,0.100572705,-0.006372791,0.138077,-0.0038450004,-0.0021608365,-0.0012187964,-4.3637752e-05,0.3198309,-0.0024792808,-0.005549662,-0.0030374709,-0.008838554
FAT4,-0.00011696454,0.21236098,-0.000683652,-0.0013314402,0.19532958,-0.0043197754,0.10959868,-0.0021093998,-0.00075667707,0.020049915,0.08433579,0.1437149,-0.0013695519,-0.0031119208,-0.0015400738,-0.005757833
FBF1,-0.0010877977,0.17144857,0.1876833,-0.0037049602,0.100572705,-0.006372791,0.138077,-0.0038450004,-0.0021608365,-0.0012187964,-4.3637752e-05,0.3198309,-0.0024792808,-0.005549662,-0.0030374709,-0.008838554
FBXO16,-0.0010877977,0.17144857,0.1876833,-0.0037049602,0.100572705,-0.006372791,0.138077,-0.0038450004,-0.0021608365,-0.0012187964,-4.3637752e-05,0.3198309,-0.0024792808,-0.005549662,-0.0030374709,-0.008838554
FBXO32,-0.0010877977,0.17144857,0.1876833,-0.0037049602,0.100572705,-0.006372791,0.138077,-0.0038450004,-0.0021608365,-0.0012187964,-4.3637752e-05,0.3198309,-0.0024792808,-0.005549662,-0.0030374709,-0.008838554
FBXW4,-0.0010877977,0.17144857,0.1876833,-0.0037049602,0.100572705,-0.006372791,0.138077,-0.0038450004,-0.0021608365,-0.0012187964,-4.3637752e-05,0.3198309,-0.0024792808,-0.005549662,-0.0030374709,-0.008838554
FBXW5,-0.001087727,0.1714377,0.1876375,-0.0037046217,0.10054491,-0.0063724616,0.13807371,-0.0038452481,-0.0021604009,-0.0012189316,-4.3976754e-05,0.31983286,-0.002478898,-0.005549348,-0.0030372092,-0.008838146
FCER1A,-0.0010877977,0.17144857,0.1876833,-0.0037049602,0.100572705,-0.006372791,0.138077,-0.0038450004,-0.0021608365,-0.0012187964,-4.3637752e-05,0.3198309,-0.0024792808,-0.005549662,-0.0030374709,-0.008838554
FCER2,-0.001098377,0.1712539,0.18849437,-0.00369753,0.09999989,-0.006368004,0.13725416,-0.0038489501,-0.002165888,-0.0012127643,-4.37656e-05,0.31934452,-0.0024807504,-0.0055478546,-0.0030459722,-0.008841534
FCF1,-0.0010877977,0.17144857,0.1876833,-0.0037049602,0.100572705,-0.006372791,0.138077,-0.0038450004,-0.0021608365,-0.0012187964,-4.3637752e-05,0.3198309,-0.0024792808,-0.005549662,-0.0030374709,-0.008838554
FCGR3A,-0.0010877977,0.17144857,0.1876833,-0.0037049602,0.100572705,-0.006372791,0.138077,-0.0038450004,-0.0021608365,-0.0012187964,-4.3637752e-05,0.3198309,-0.0024792808,-0.005549662,-0.0030374709,-0.008838554
FCMR,-0.00033519982,0.27643073,0.23130257,-0.0037969302,0.080527015,-0.006796753,0.20841627,-0.0046668276,-0.0010579542,-0.0016310005,0.033604562,0.23150332,-0.0033364117,-0.0047690016,-0.0029697688,-0.007825489
FCN1,-0.0010877977,0.17144857,0.1876833,-0.0037049602,0.100572705,-0.006372791,0.138077,-0.0038450004,-0.0021608365,-0.0012187964,-4.3637752e-05,0.3198309,-0.0024792808,-0.005549662,-0.0030374709,-0.008838554
FCRL1,0.03431277,0.040421046,0.23776652,-0.0037278633,0.05029433,-0.005605338,0.24547558,-0.005074939,-0.0031404165,-0.00063511956,-0.0006497684,0.35081488,-0.0024347692,-0.005445791,-0.0030489166,-0.0073359087
FCRL3,-0.0010877977,0.17144857,0.1876833,-0.0037049602,0.100572705,-0.006372791,0.138077,-0.0038450004,-0.0021608365,-0.0012187964,-4.3637752e-05,0.3198309,-0.0024792808,-0.005549662,-0.0030374709,-0.008838554
FCRL6,-0.00011696454,0.21236098,-0.000683652,-0.0013314402,0.19532958,-0.0043197754,0.10959868,-0.0021093998,-0.00075667707,0.020049915,0.08433579,0.1437149,-0.0013695519,-0.0031119208,-0.0015400738,-0.005757833
FGF5,-0.0010877977,0.17144857,0.1876833,-0.0037049602,0.100572705,-0.006372791,0.138077,-0.0038450004,-0.0021608365,-0.0012187964,-4.3637752e-05,0.3198309,-0.0024792808,-0.005549662,-0.0030374709,-0.008838554
FGF9,-0.0010977697,0.1736672,0.18679185,-0.003702291,0.10252433,-0.0063623767,0.13697329,-0.003855637,-0.0021820106,-0.0012091416,-5.6904402e-05,0.32209125,-0.0024625286,-0.005526911,-0.0030260407,-0.00883111
FGFBP2,-0.0010877977,0.17144857,0.1876833,-0.0037049602,0.100572705,-0.006372791,0.138077,-0.0038450004,-0.0021608365,-0.0012187964,-4.3637752e-05,0.3198309,-0.0024792808,-0.005549662,-0.0030374709,-0.008838554
FGFBP3,-0.00093042135,0.2348218,0.23366047,-0.0033318293,0.056905776,-0.0067872885,0.060367078,-0.0033510828,-0.0021420114,-0.0019415858,-0.0003128761,0.2628999,-0.0030468786,-0.005736252,-0.0021482417,-0.007875979
FHIT,-0.0010877977,0.17144857,0.1876833,-0.0037049602,0.100572705,-0.006372791,0.138077,-0.0038450004,-0.0021608365,-0.0012187964,-4.3637752e-05,0.3198309,-0.0024792808,-0.005549662,-0.0030374709,-0.008838554
FIBCD1,-0.0010827201,0.17221534,0.18773453,-0.0037098299,0.09967679,-0.006372278,0.1379404,-0.0038487294,-0.0021521854,-0.001214117,-4.2605698e-05,0.3190115,-0.0024717343,-0.005547055,-0.003045626,-0.0088465875
FILIP1L,-0.0010877977,0.17144857,0.1876833,-0.0037049602,0.100572705,-0.006372791,0.138077,-0.0038450004,-0.0021608365,-0.0012187964,-4.3637752e-05,0.3198309,-0.0024792808,-0.005549662,-0.0030374709,-0.008838554
FKBP11,-0.0010877977,0.17144857,0.1876833,-0.0037049602,0.100572705,-0.006372791,0.138077,-0.0038450004,-0.0021608365,-0.0012187964,-4.3637752e-05,0.3198309,-0.0024792808,-0.005549662,-0.0030374709,-0.008838554
FLG-AS1,-0.0010877977,0.17144857,0.1876833,-0.0037049602,0.100572705,-0.006372791,0.138077,-0.0038450004,-0.0021608365,-0.0012187964,-4.3637752e-05,0.3198309,-0.0024792808,-0.005549662,-0.0030374709,-0.008838554
FLNB,-0.0010877977,0.17144857,0.1876833,-0.0037049602,0.100572705,-0.006372791,0.138077,-0.0038450004,-0.0021608365,-0.0012187964,-4.3637752e-05,0.3198309,-0.0024792808,-0.005549662,-0.0030374709,-0.008838554
FLNC-AS1,-0.0010087709,0.1689938,0.18310411,-0.0037119465,0.10461819,-0.0064370716,0.12895915,-0.00390555,-0.0020991147,-0.0013152703,-9.14064e-05,0.31548157,-0.0023695433,-0.00561105,-0.003098632,-0.00880173
FLT3LG,-0.0010877977,0.17144857,0.1876833,-0.0037049602,0.100572705,-0.006372791,0.138077,-0.0038450004,-0.0021608365,-0.0012187964,-4.3637752e-05,0.3198309,-0.0024792808,-0.005549662,-0.0030374709,-0.008838554
FLT4,-0.0010877977,0.17144857,0.1876833,-0.0037049602,0.100572705,-0.006372791,0.138077,-0.0038450004,-0.0021608365,-0.0012187964,-4.3637752e-05,0.3198309,-0.0024792808,-0.005549662,-0.0030374709,-0.008838554
FLYWCH1,-0.0010877977,0.17144857,0.1876833,-0.0037049602,0.100572705,-0.006372791,0.138077,-0.0038450004,-0.0021608365,-0.0012187964,-4.3637752e-05,0.3198309,-0.0024792808,-0.005549662,-0.0030374709,-0.008838554
FMR1-AS1,-0.0010877977,0.17144857,0.1876833,-0.0037049602,0.100572705,-0.006372791,0.138077,-0.0038450004,-0.0021608365,-0.0012187964,-4.3637752e-05,0.3198309,-0.0024792808,-0.005549662,-0.0030374709,-0.008838554
FOCAD,-0.0010877977,0.17144857,0.1876833,-0.0037049602,0.100572705,-0.006372791,0.138077,-0.0038450004,-0.0021608365,-0.0012187964,-4.3637752e-05,0.3198309,-0.0024792808,-0.005549662,-0.0030374709,-0.008838554
FOXB1,-0.0010893948,0.17170428,0.18781026,-0.0037042182,0.10051927,-0.006372964,0.13823396,-0.003843957,-0.0021635708,-0.0012192575,-4.2905507e-05,0.31986904,-0.0024813018,-0.005548335,-0.0030379116,-0.008838243
FOXC1,-0.0010877977,0.17144857,0.1876833,-0.0037049602,0.100572705,-0.006372791,0.138077,-0.0038450004,-0.0021608365,-0.0012187964,-4.3637752e-05,0.3198309,-0.0024792808,-0.005549662,-0.0030374709,-0.008838554
FOXD2,-0.0010877977,0.17144857,0.1876833,-0.0037049602,0.100572705,-0.006372791,0.138077,-0.0038450004,-0.0021608365,-0.0012187964,-4.3637752e-05,0.3198309,-0.0024792808,-0.005549662,-0.0030374709,-0.008838554
FOXJ1,-0.0010877977,0.17144857,0.1876833,-0.0037049602,0.100572705,-0.006372791,0.138077,-0.0038450004,-0.0021608365,-0.0012187964,-4.3637752e-05,0.3198309,-0.0024792808,-0.005549662,-0.0030374709,-0.008838554
FOXP4-AS1,-0.0010877977,0.17144857,0.1876833,-0.0037049602,0.100572705,-0.006372791,0.138077,-0.0038450004,-0.0021608365,-0.0012187964,-4.3637752e-05,0.3198309,-0.0024792808,-0.005549662,-0.0030374709,-0.008838554
FOXRED2,-0.0010877977,0.17144857,0.1876833,-0.0037049602,0.100572705,-0.006372791,0.138077,-0.0038450004,-0.0021608365,-0.0012187964,-4.3637752e-05,0.3198309,-0.0024792808,-0.005549662,-0.0030374709,-0.008838554
FRG1-DT,-0.0010877977,0.17144857,0.1876833,-0.0037049602,0.100572705,-0.006372791,0.138077,-0.0038450004,-0.0021608365,-0.0012187964,-4.3637752e-05,0.3198309,-0.0024792808,-0.005549662,-0.0030374709,-0.008838554
FRMD6-AS2,-0.0010812284,0.17206752,0.1869087,-0.0037084287,0.099853896,-0.0063710767,0.1390107,-0.003842992,-0.002157719,-0.0012157192,-4.562378e-05,0.31905007,-0.0024816594,-0.0055461396,-0.003040055,-0.008826789
FXYD1,-0.0010877977,0.17144857,0.1876833,-0.0037049602,0.100572705,-0.006372791,0.138077,-0.0038450004,-0.0021608365,-0.0012187964,-4.3637752e-05,0.3198309,-0.0024792808,-0.005549662,-0.0030374709,-0.008838554
FZD4-DT,-0.0010904513,0.17261486,0.18824755,-0.0036906058,0.10057024,-0.006380067,0.1394472,-0.0038549008,-0.0021712952,-0.0012158777,-5.5334716e-05,0.3190103,-0.0024952635,-0.005534917,-0.0030288443,-0.008843538
G0S2,-0.0024040863,0.1415207,0.17432056,-0.003298131,0.127027,-0.004778313,0.2203616,-0.0031392372,-0.002130174,-5.4818538e-05,0.09923667,0.44896266,-0.0011292415,-0.0056587597,-0.0022980506,-0.008635947
GAB2,-0.0010877977,0.17144857,0.1876833,-0.0037049602,0.100572705,-0.006372791,0.138077,-0.0038450004,-0.0021608365,-0.0012187964,-4.3637752e-05,0.3198309,-0.0024792808,-0.005549662,-0.0030374709,-0.008838554
GABPB2,-0.0010854688,0.1711931,0.18703876,-0.0036925934,0.10176022,-0.0063687433,0.13710022,-0.0038363712,-0.00216816,-0.0012107297,-5.571574e-05,0.31890267,-0.002474257,-0.00555305,-0.0030352746,-0.00882335
GADD45A,-0.0010877977,0.17144857,0.1876833,-0.0037049602,0.100572705,-0.006372791,0.138077,-0.0038450004,-0.0021608365,-0.0012187964,-4.3637752e-05,0.3198309,-0.0024792808,-0.005549662,-0.0030374709,-0.008838554
GALM,-0.0010087709,0.1689938,0.18310411,-0.0037119465,0.10461819,-0.0064370716,0.12895915,-0.00390555,-0.0020991147,-0.0013152703,-9.14064e-05,0.31548157,-0.0023695433,-0.00561105,-0.003098632,-0.00880173
GALNT12,-0.0010877977,0.17144857,0.1876833,-0.0037049602,0.100572705,-0.006372791,0.138077,-0.0038450004,-0.0021608365,-0.0012187964,-4.3637752e-05,0.3198309,-0.0024792808,-0.005549662,-0.0030374709,-0.008838554
GALNTL5,-0.0010877977,0.17144857,0.1876833,-0.0037049602,0.100572705,-0.006372791,0.138077,-0.0038450004,-0.0021608365,-0.0012187964,-4.3637752e-05,0.3198309,-0.0024792808,-0.005549662,-0.0030374709,-0.008838554
GALNTL6,-0.0010877977,0.17144857,0.1876833,-0.0037049602,0.100572705,-0.006372791,0.138077,-0.0038450004,-0.0021608365,-0.0012187964,-4.3637752e-05,0.3198309,-0.0024792808,-0.005549662,-0.0030374709,-0.008838554
GAS2,-0.0010877977,0.17144857,0.1876833,-0.0037049602,0.100572705,-0.006372791,0.138077,-0.0038450004,-0.0021608365,-0.0012187964,-4.3637752e-05,0.3198309,-0.0024792808,-0.005549662,-0.0030374709,-0.008838554
GAS8,-0.0010877977,0.17144857,0.1876833,-0.0037049602,0.100572705,-0.006372791,0.138077,-0.0038450004,-0.0021608365,-0.0012187964,-4.3637752e-05,0.3198309,-0.0024792808,-0.005549662,-0.0030374709,-0.008838554
GASK1A,-0.0010877977,0.17144857,0.1876833,-0.0037049602,0.100572705,-0.006372791,0.138077,-0.0038450004,-0.0021608365,-0.0012187964,-4.3637752e-05,0.3198309,-0.0024792808,-0.005549662,-0.0030374709,-0.008838554
GATA3,-0.0010989447,0.170275,0.18617772,-0.0036987315,0.10132145,-0.00636034,0.13676205,-0.0038254948,-0.0021830476,-0.0012104681,-3.3855737e-05,0.3203113,-0.0024607794,-0.0055489438,-0.0030384616,-0.008833202
GBP5,-0.0010877977,0.17144857,0.1876833,-0.0037049602,0.100572705,-0.006372791,0.138077,-0.0038450004,-0.0021608365,-0.0012187964,-4.3637752e-05,0.3198309,-0.0024792808,-0.005549662,-0.0030374709,-0.008838554
GBX1,-0.0010877977,0.17144857,0.1876833,-0.0037049602,0.100572705,-0.006372791,0.138077,-0.0038450004,-0.0021608365,-0.0012187964,-4.3637752e-05,0.3198309,-0.0024792808,-0.005549662,-0.0030374709,-0.008838554
GCG,-0.00093042135,0.2348218,0.23366047,-0.0033318293,0.056905776,-0.0067872885,0.060367078,-0.0033510828,-0.0021420114,-0.0019415858,-0.0003128761,0.2628999,-0.0030468786,-0.005736252,-0.0021482417,-0.007875979
GCK,-0.0010877977,0.17144857,0.1876833,-0.0037049602,0.100572705,-0.006372791,0.138077,-0.0038450004,-0.0021608365,-0.0012187964,-4.3637752e-05,0.3198309,-0.0024792808,-0.005549662,-0.0030374709,-0.008838554
GCNT4,-0.0010860863,0.1710268,0.18784754,-0.003701256,0.101284705,-0.0063759047,0.13832788,-0.003836179,-0.0021499465,-0.0012161382,-5.2752046e-05,0.319309,-0.0024700572,-0.005540353,-0.0030260198,-0.008839308
GDF15,-0.0010877977,0.17144857,0.1876833,-0.0037049602,0.100572705,-0.006372791,0.138077,-0.0038450004,-0.0021608365,-0.0012187964,-4.3637752e-05,0.3198309,-0.0024792808,-0.005549662,-0.0030374709,-0.008838554
GDPD5,-0.0010877977,0.17144857,0.1876833,-0.0037049602,0.100572705,-0.006372791,0.138077,-0.0038450004,-0.0021608365,-0.0012187964,-4.3637752e-05,0.3198309,-0.0024792808,-0.005549662,-0.0030374709,-0.008838554
GEM,-0.0024040863,0.1415207,0.17432056,-0.003298131,0.127027,-0.004778313,0.2203616,-0.0031392372,-0.002130174,-5.4818538e-05,0.09923667,0.44896266,-0.0011292415,-0.0056587597,-0.0022980506,-0.008635947
GFOD1-AS1,-0.0010877977,0.17144857,0.1876833,-0.0037049602,0.100572705,-0.006372791,0.138077,-0.0038450004,-0.0021608365,-0.0012187964,-4.3637752e-05,0.3198309,-0.0024792808,-0.005549662,-0.0030374709,-0.008838554
GFPT2,-0.0024040863,0.1415207,0.17432056,-0.003298131,0.127027,-0.004778313,0.2203616,-0.0031392372,-0.002130174,-5.4818538e-05,0.09923667,0.44896266,-0.0011292415,-0.0056587597,-0.0022980506,-0.008635947
GFRA3,-0.0010877977,0.17144857,0.1876833,-0.0037049602,0.100572705,-0.006372791,0.138077,-0.0038450004,-0.0021608365,-0.0012187964,-4.3637752e-05,0.3198309,-0.0024792808,-0.005549662,-0.0030374709,-0.008838554
GIMAP5,-0.0010877977,0.17144857,0.1876833,-0.0037049602,0.100572705,-0.006372791,0.138077,-0.0038450004,-0.0021608365,-0.0012187964,-4.3637752e-05,0.3198309,-0.0024792808,-0.005549662,-0.0030374709,-0.008838554
GIPR,-0.0010877977,0.17144857,0.1876833,-0.0037049602,0.100572705,-0.006372791,0.138077,-0.0038450004,-0.0021608365,-0.0012187964,-4.3637752e-05,0.3198309,-0.0024792808,-0.005549662,-0.0030374709,-0.008838554
GJA3,-0.0010877025,0.17143157,0.18762662,-0.0037047588,0.100559175,-0.006372378,0.13808808,-0.0038446714,-0.0021609736,-0.0012192121,-4.4115484e-05,0.31978244,-0.0024791057,-0.005549787,-0.003037439,-0.008838984
GJC3,-0.0010877977,0.17144857,0.1876833,-0.0037049602,0.100572705,-0.006372791,0.138077,-0.0038450004,-0.0021608365,-0.0012187964,-4.3637752e-05,0.3198309,-0.0024792808,-0.005549662,-0.0030374709,-0.008838554
GLB1L3,-0.0010877977,0.17144857,0.1876833,-0.0037049602,0.100572705,-0.006372791,0.138077,-0.0038450004,-0.0021608365,-0.0012187964,-4.3637752e-05,0.3198309,-0.0024792808,-0.005549662,-0.0030374709,-0.008838554
GLI4,-0.0010877977,0.17144857,0.1876833,-0.0037049602,0.100572705,-0.006372791,0.138077,-0.0038450004,-0.0021608365,-0.0012187964,-4.3637752e-05,0.3198309,-0.0024792808,-0.005549662,-0.0030374709,-0.008838554
GLIPR1L2,-0.0010877977,0.17144857,0.1876833,-0.0037049602,0.100572705,-0.006372791,0.138077,-0.0038450004,-0.0021608365,-0.0012187964,-4.3637752e-05,0.3198309,-0.0024792808,-0.005549662,-0.0030374709,-0.008838554
GNAL,-0.0010877977,0.17144857,0.1876833,-0.0037049602,0.100572705,-0.006372791,0.138077,-0.0038450004,-0.0021608365,-0.0012187964,-4.3637752e-05,0.3198309,-0.0024792808,-0.005549662,-0.0030374709,-0.008838554
GNAS-AS1,-0.0010877977,0.17144857,0.1876833,-0.0037049602,0.100572705,-0.006372791,0.138077,-0.0038450004,-0.0021608365,-0.0012187964,-4.3637752e-05,0.3198309,-0.0024792808,-0.005549662,-0.0030374709,-0.008838554
GNG11,-0.0010877977,0.17144857,0.1876833,-0.0037049602,0.100572705,-0.006372791,0.138077,-0.0038450004,-0.0021608365,-0.0012187964,-4.3637752e-05,0.3198309,-0.0024792808,-0.005549662,-0.0030374709,-0.008838554
GNG3,-0.0010877977,0.17144857,0.1876833,-0.0037049602,0.100572705,-0.006372791,0.138077,-0.0038450004,-0.0021608365,-0.0012187964,-4.3637752e-05,0.3198309,-0.0024792808,-0.005549662,-0.0030374709,-0.008838554
GNG7,-0.0010856247,0.17128305,0.1876928,-0.0037049877,0.10072265,-0.0063724057,0.13824356,-0.0038434034,-0.0021618146,-0.0012169083,-4.5645535e-05,0.31982222,-0.0024794866,-0.0055501843,-0.0030381042,-0.008835598
GNMT,-0.0010877977,0.17144857,0.1876833,-0.0037049602,0.100572705,-0.006372791,0.138077,-0.0038450004,-0.0021608365,-0.0012187964,-4.3637752e-05,0.3198309,-0.0024792808,-0.005549662,-0.0030374709,-0.008838554
GOLGA8A,-0.0010877977,0.17144857,0.1876833,-0.0037049602,0.100572705,-0.006372791,0.138077,-0.0038450004,-0.0021608365,-0.0012187964,-4.3637752e-05,0.3198309,-0.0024792808,-0.005549662,-0.0030374709,-0.008838554
GOLGA8B,-0.0010877977,0.17144857,0.1876833,-0.0037049602,0.100572705,-0.006372791,0.138077,-0.0038450004,-0.0021608365,-0.0012187964,-4.3637752e-05,0.3198309,-0.0024792808,-0.005549662,-0.0030374709,-0.008838554
GORAB-AS1,-0.0010877977,0.17144857,0.1876833,-0.0037049602,0.100572705,-0.006372791,0.138077,-0.0038450004,-0.0021608365,-0.0012187964,-4.3637752e-05,0.3198309,-0.0024792808,-0.005549662,-0.0030374709,-0.008838554
GP1BB,-0.0010877977,0.17144857,0.1876833,-0.0037049602,0.100572705,-0.006372791,0.138077,-0.0038450004,-0.0021608365,-0.0012187964,-4.3637752e-05,0.3198309,-0.0024792808,-0.005549662,-0.0030374709,-0.008838554
GP5,-0.0010877977,0.17144857,0.1876833,-0.0037049602,0.100572705,-0.006372791,0.138077,-0.0038450004,-0.0021608365,-0.0012187964,-4.3637752e-05,0.3198309,-0.0024792808,-0.005549662,-0.0030374709,-0.008838554
GPHN,-0.0010877977,0.17144857,0.1876833,-0.0037049602,0.100572705,-0.006372791,0.138077,-0.0038450004,-0.0021608365,-0.0012187964,-4.3637752e-05,0.3198309,-0.0024792808,-0.005549662,-0.0030374709,-0.008838554
GPM6A,-0.001415606,0.13767102,0.22393946,-0.0036318623,0.08875791,-0.0060442677,0.12835969,-0.003429686,-0.0018784519,-0.0009765511,-1.9599645e-05,0.3178013,-0.002464551,-0.0058472594,-0.003147152,-0.009011823
GPR17,-0.0010877977,0.17144857,0.1876833,-0.0037049602,0.100572705,-0.006372791,0.138077,-0.0038450004,-0.0021608365,-0.0012187964,-4.3637752e-05,0.3198309,-0.0024792808,-0.005549662,-0.0030374709,-0.008838554
GPR171,-0.001098377,0.1712539,0.18849437,-0.00369753,0.09999989,-0.006368004,0.13725416,-0.0038489501,-0.002165888,-0.0012127643,-4.37656e-05,0.31934452,-0.0024807504,-0.0055478546,-0.0030459722,-0.008841534
GPR174,-0.0010877977,0.17144857,0.1876833,-0.0037049602,0.100572705,-0.006372791,0.138077,-0.0038450004,-0.0021608365,-0.0012187964,-4.3637752e-05,0.3198309,-0.0024792808,-0.005549662,-0.0030374709,-0.008838554
GPR63,-0.0010877977,0.17144857,0.1876833,-0.0037049602,0.100572705,-0.006372791,0.138077,-0.0038450004,-0.0021608365,-0.0012187964,-4.3637752e-05,0.3198309,-0.0024792808,-0.005549662,-0.0030374709,-0.008838554
GPR65,-0.0024040863,0.1415207,0.17432056,-0.003298131,0.127027,-0.004778313,0.2203616,-0.0031392372,-0.002130174,-5.4818538e-05,0.09923667,0.44896266,-0.0011292415,-0.0056587597,-0.0022980506,-0.008635947
GPR87,-0.0010877977,0.17144857,0.1876833,-0.0037049602,0.100572705,-0.006372791,0.138077,-0.0038450004,-0.0021608365,-0.0012187964,-4.3637752e-05,0.3198309,-0.0024792808,-0.005549662,-0.0030374709,-0.008838554
GPR88,-0.0010877977,0.17144857,0.1876833,-0.0037049602,0.100572705,-0.006372791,0.138077,-0.0038450004,-0.0021608365,-0.0012187964,-4.3637752e-05,0.3198309,-0.0024792808,-0.005549662,-0.0030374709,-0.008838554
GPRACR,-0.0010877977,0.17144857,0.1876833,-0.0037049602,0.100572705,-0.006372791,0.138077,-0.0038450004,-0.0021608365,-0.0012187964,-4.3637752e-05,0.3198309,-0.0024792808,-0.005549662,-0.0030374709,-0.008838554
GRAP2,-0.0010877977,0.17144857,0.1876833,-0.0037049602,0.100572705,-0.006372791,0.138077,-0.0038450004,-0.0021608365,-0.0012187964,-4.3637752e-05,0.3198309,-0.0024792808,-0.005549662,-0.0030374709,-0.008838554
GREM2,-0.0010877977,0.17144857,0.1876833,-0.0037049602,0.100572705,-0.006372791,0.138077,-0.0038450004,-0.0021608365,-0.0012187964,-4.3637752e-05,0.3198309,-0.0024792808,-0.005549662,-0.0030374709,-0.008838554
GRIA4,-0.0010877977,0.17144857,0.1876833,-0.0037049602,0.100572705,-0.006372791,0.138077,-0.0038450004,-0.0021608365,-0.0012187964,-4.3637752e-05,0.3198309,-0.0024792808,-0.005549662,-0.0030374709,-0.008838554
GRIK4,-0.0010877977,0.17144857,0.1876833,-0.0037049602,0.100572705,-0.006372791,0.138077,-0.0038450004,-0.0021608365,-0.0012187964,-4.3637752e-05,0.3198309,-0.0024792808,-0.005549662,-0.0030374709,-0.008838554
GSG1,-0.0010877977,0.17144857,0.1876833,-0.0037049602,0.100572705,-0.006372791,0.138077,-0.0038450004,-0.0021608365,-0.0012187964,-4.3637752e-05,0.3198309,-0.0024792808,-0.005549662,-0.0030374709,-0.008838554
GSTM3,-0.0010877977,0.17144857,0.1876833,-0.0037049602,0.100572705,-0.006372791,0.138077,-0.0038450004,-0.0021608365,-0.0012187964,-4.3637752e-05,0.3198309,-0.0024792808,-0.005549662,-0.0030374709,-0.008838554
GTDC1,-0.0010877977,0.17144857,0.1876833,-0.0037049602,0.100572705,-0.006372791,0.138077,-0.0038450004,-0.0021608365,-0.0012187964,-4.3637752e-05,0.3198309,-0.0024792808,-0.005549662,-0.0030374709,-0.008838554
GTF2H3,-0.0010877977,0.17144857,0.1876833,-0.0037049602,0.100572705,-0.006372791,0.138077,-0.0038450004,-0.0021608365,-0.0012187964,-4.3637752e-05,0.3198309,-0.0024792808,-0.005549662,-0.0030374709,-0.008838554
GTF3A,-0.0010877977,0.17144857,0.1876833,-0.0037049602,0.100572705,-0.006372791,0.138077,-0.0038450004,-0.0021608365,-0.0012187964,-4.3637752e-05,0.3198309,-0.0024792808,-0.005549662,-0.0030374709,-0.008838554
GTPBP8,-0.0010877977,0.17144857,0.1876833,-0.0037049602,0.100572705,-0.006372791,0.138077,-0.0038450004,-0.0021608365,-0.0012187964,-4.3637752e-05,0.3198309,-0.0024792808,-0.005549662,-0.0030374709,-0.008838554
GXYLT2,-0.0010877977,0.17144857,0.1876833,-0.0037049602,0.100572705,-0.006372791,0.138077,-0.0038450004,-0.0021608365,-0.0012187964,-4.3637752e-05,0.3198309,-0.0024792808,-0.005549662,-0.0030374709,-0.008838554
GYPC,-0.0010877977,0.17144857,0.1876833,-0.0037049602,0.100572705,-0.006372791,0.138077,-0.0038450004,-0.0021608365,-0.0012187964,-4.3637752e-05,0.3198309,-0.0024792808,-0.005549662,-0.0030374709,-0.008838554
GZMA,-0.0010877977,0.17144857,0.1876833,-0.0037049602,0.100572705,-0.006372791,0.138077,-0.0038450004,-0.0021608365,-0.0012187964,-4.3637752e-05,0.3198309,-0.0024792808,-0.005549662,-0.0030374709,-0.008838554
GZMB,-0.0010900806,0.171732,0.18682222,-0.0037029253,0.09973555,-0.0063706827,0.1374028,-0.0038471515,-0.0021640572,-0.0012157814,-4.842028e-05,0.31992242,-0.002476077,-0.0055582216,-0.0030321938,-0.008834035
GZMH,-0.0010877025,0.17143157,0.18762662,-0.0037047588,0.100559175,-0.006372378,0.13808808,-0.0038446714,-0.0021609736,-0.0012192121,-4.4115484e-05,0.31978244,-0.0024791057,-0.005549787,-0.003037439,-0.008838984
GZMK,-0.0010877977,0.17144857,0.1876833,-0.0037049602,0.100572705,-0.006372791,0.138077,-0.0038450004,-0.0021608365,-0.0012187964,-4.3637752e-05,0.3198309,-0.0024792808,-0.005549662,-0.0030374709,-0.008838554
GZMM,-0.001507132,0.18077923,0.09198336,-0.0031377012,0.113401845,-0.006761426,0.07194908,-0.0030462826,-0.0031032118,-0.0022621867,-0.00018653348,0.23050334,-0.0028791283,-0.005205046,-0.0033815864,-0.008723939
HABP4,-0.001089381,0.171263,0.18739955,-0.0037050454,0.100506864,-0.006373759,0.13777393,-0.0038477725,-0.0021629855,-0.001217528,-4.0855408e-05,0.32003343,-0.002479988,-0.0055524837,-0.0030372138,-0.008838606
HAPLN3,-0.0010877977,0.17144857,0.1876833,-0.0037049602,0.100572705,-0.006372791,0.138077,-0.0038450004,-0.0021608365,-0.0012187964,-4.3637752e-05,0.3198309,-0.0024792808,-0.005549662,-0.0030374709,-0.008838554
HARBI1,-0.0010877977,0.17144857,0.1876833,-0.0037049602,0.100572705,-0.006372791,0.138077,-0.0038450004,-0.0021608365,-0.0012187964,-4.3637752e-05,0.3198309,-0.0024792808,-0.005549662,-0.0030374709,-0.008838554
HAS2-AS1,-0.0010877977,0.17144857,0.1876833,-0.0037049602,0.100572705,-0.006372791,0.138077,-0.0038450004,-0.0021608365,-0.0012187964,-4.3637752e-05,0.3198309,-0.0024792808,-0.005549662,-0.0030374709,-0.008838554
HBQ1,-0.00011696454,0.21236098,-0.000683652,-0.0013314402,0.19532958,-0.0043197754,0.10959868,-0.0021093998,-0.00075667707,0.020049915,0.08433579,0.1437149,-0.0013695519,-0.0031119208,-0.0015400738,-0.005757833
HCG14,-0.0010865865,0.17132783,0.18773906,-0.0037042361,0.10051662,-0.006373171,0.13807106,-0.003844433,-0.0021615266,-0.0012198209,-4.311681e-05,0.31986457,-0.0024797171,-0.005550358,-0.0030363512,-0.008839263
HCG25,-0.0008116529,0.25579584,0.19022574,-0.0029594968,0.022146717,-0.006552982,-0.00033086084,-0.00376465,-0.0015759747,-0.002451073,-7.6581986e-05,0.281231,-0.0021155716,-0.0046220813,-0.0015430873,-0.0068939645
HCG27,-0.0010877977,0.17144857,0.1876833,-0.0037049602,0.100572705,-0.006372791,0.138077,-0.0038450004,-0.0021608365,-0.0012187964,-4.3637752e-05,0.3198309,-0.0024792808,-0.005549662,-0.0030374709,-0.008838554
HCP5,-0.0010877977,0.17144857,0.1876833,-0.0037049602,0.100572705,-0.006372791,0.138077,-0.0038450004,-0.0021608365,-0.0012187964,-4.3637752e-05,0.3198309,-0.0024792808,-0.005549662,-0.0030374709,-0.008838554
HCRT,-0.0010877977,0.17144857,0.1876833,-0.0037049602,0.100572705,-0.006372791,0.138077,-0.0038450004,-0.0021608365,-0.0012187964,-4.3637752e-05,0.3198309,-0.0024792808,-0.005549662,-0.0030374709,-0.008838554
HDAC11-AS1,-0.0010877977,0.17144857,0.1876833,-0.0037049602,0.100572705,-0.006372791,0.138077,-0.0038450004,-0.0021608365,-0.0012187964,-4.3637752e-05,0.3198309,-0.0024792808,-0.005549662,-0.0030374709,-0.008838554
HDAC8,-0.0010087709,0.1689938,0.18310411,-0.0037119465,0.10461819,-0.0064370716,0.12895915,-0.00390555,-0.0020991147,-0.0013152703,-9.14064e-05,0.31548157,-0.0023695433,-0.00561105,-0.003098632,-0.00880173
HDAC9,-0.0010877977,0.17144857,0.1876833,-0.0037049602,0.100572705,-0.006372791,0.138077,-0.0038450004,-0.0021608365,-0.0012187964,-4.3637752e-05,0.3198309,-0.0024792808,-0.005549662,-0.0030374709,-0.008838554
HDHD3,-0.0010877977,0.17144857,0.1876833,-0.0037049602,0.100572705,-0.006372791,0.138077,-0.0038450004,-0.0021608365,-0.0012187964,-4.3637752e-05,0.3198309,-0.0024792808,-0.005549662,-0.0030374709,-0.008838554
HEG1,-0.0010877977,0.17144857,0.1876833,-0.0037049602,0.100572705,-0.006372791,0.138077,-0.0038450004,-0.0021608365,-0.0012187964,-4.3637752e-05,0.3198309,-0.0024792808,-0.005549662,-0.0030374709,-0.008838554
HELB,-0.0010977697,0.1736672,0.18679185,-0.003702291,0.10252433,-0.0063623767,0.13697329,-0.003855637,-0.0021820106,-0.0012091416,-5.6904402e-05,0.32209125,-0.0024625286,-0.005526911,-0.0030260407,-0.00883111
HELLS,-0.0010877977,0.17144857,0.1876833,-0.0037049602,0.100572705,-0.006372791,0.138077,-0.0038450004,-0.0021608365,-0.0012187964,-4.3637752e-05,0.3198309,-0.0024792808,-0.005549662,-0.0030374709,-0.008838554
HEMK1,-0.0010877977,0.17144857,0.1876833,-0.0037049602,0.100572705,-0.006372791,0.138077,-0.0038450004,-0.0021608365,-0.0012187964,-4.3637752e-05,0.3198309,-0.0024792808,-0.005549662,-0.0030374709,-0.008838554
HERC2,-0.0010193503,0.16879915,0.18391515,-0.0037045162,0.104045376,-0.0064322846,0.1281363,-0.0039095003,-0.0021041662,-0.0013092384,-9.1534406e-05,0.31499523,-0.0023710127,-0.0056092427,-0.0031071338,-0.008804711
HERC5,-0.0010877977,0.17144857,0.1876833,-0.0037049602,0.100572705,-0.006372791,0.138077,-0.0038450004,-0.0021608365,-0.0012187964,-4.3637752e-05,0.3198309,-0.0024792808,-0.005549662,-0.0030374709,-0.008838554
HERC6,-0.00086878025,0.13297671,0.1953061,-0.0037054007,0.09132304,-0.0061247097,0.1678289,-0.0037718385,-0.0017242831,-0.0013315682,-0.00016426771,0.31021953,-0.0023178183,-0.005418307,-0.0034319286,-0.008577738
HES2,-0.00086878025,0.13297671,0.1953061,-0.0037054007,0.09132304,-0.0061247097,0.1678289,-0.0037718385,-0.0017242831,-0.0013315682,-0.00016426771,0.31021953,-0.0023178183,-0.005418307,-0.0034319286,-0.008577738
HES7,0.04610075,0.06149403,0.19419433,-0.0033664112,0.015525594,-0.005361273,0.15240763,-0.0054804194,-0.002570056,-0.0011398874,-0.00040282487,0.36843204,-0.0015128452,-0.0043363003,-0.002433238,-0.00634533
HEXIM1,-0.0010877977,0.17144857,0.1876833,-0.0037049602,0.100572705,-0.006372791,0.138077,-0.0038450004,-0.0021608365,-0.0012187964,-4.3637752e-05,0.3198309,-0.0024792808,-0.005549662,-0.0030374709,-0.008838554
HHAT,-0.0010877977,0.17144857,0.1876833,-0.0037049602,0.100572705,-0.006372791,0.138077,-0.0038450004,-0.0021608365,-0.0012187964,-4.3637752e-05,0.3198309,-0.0024792808,-0.005549662,-0.0030374709,-0.008838554
HIBADH,-0.0010877977,0.17144857,0.1876833,-0.0037049602,0.100572705,-0.006372791,0.138077,-0.0038450004,-0.0021608365,-0.0012187964,-4.3637752e-05,0.3198309,-0.0024792808,-0.005549662,-0.0030374709,-0.008838554
HIF1A-AS1,-0.0010877977,0.17144857,0.1876833,-0.0037049602,0.100572705,-0.006372791,0.138077,-0.0038450004,-0.0021608365,-0.0012187964,-4.3637752e-05,0.3198309,-0.0024792808,-0.005549662,-0.0030374709,-0.008838554
HIGD2B,-0.0010877977,0.17144857,0.1876833,-0.0037049602,0.100572705,-0.006372791,0.138077,-0.0038450004,-0.0021608365,-0.0012187964,-4.3637752e-05,0.3198309,-0.0024792808,-0.005549662,-0.0030374709,-0.008838554
HIP1,-0.0010865488,0.17175163,0.18747623,-0.0037047737,0.10026294,-0.0063729724,0.13824922,-0.003848189,-0.0021626852,-0.0012217545,-4.1193365e-05,0.32011133,-0.0024821549,-0.00554896,-0.0030339363,-0.008839902
HIP1R,-0.0010877977,0.17144857,0.1876833,-0.0037049602,0.100572705,-0.006372791,0.138077,-0.0038450004,-0.0021608365,-0.0012187964,-4.3637752e-05,0.3198309,-0.0024792808,-0.005549662,-0.0030374709,-0.008838554
HIPK1-AS1,-0.0010877977,0.17144857,0.1876833,-0.0037049602,0.100572705,-0.006372791,0.138077,-0.0038450004,-0.0021608365,-0.0012187964,-4.3637752e-05,0.3198309,-0.0024792808,-0.005549662,-0.0030374709,-0.008838554
HIVEP3,-0.0010877977,0.17144857,0.1876833,-0.0037049602,0.100572705,-0.006372791,0.138077,-0.0038450004,-0.0021608365,-0.0012187964,-4.3637752e-05,0.3198309,-0.0024792808,-0.005549662,-0.0030374709,-0.008838554
HKDC1,-0.0010877977,0.17144857,0.1876833,-0.0037049602,0.100572705,-0.006372791,0.138077,-0.0038450004,-0.0021608365,-0.0012187964,-4.3637752e-05,0.3198309,-0.0024792808,-0.005549662,-0.0030374709,-0.008838554
HLA-DQA1,-0.0010877977,0.17144857,0.1876833,-0.0037049602,0.100572705,-0.006372791,0.138077,-0.0038450004,-0.0021608365,-0.0012187964,-4.3637752e-05,0.3198309,-0.0024792808,-0.005549662,-0.0030374709,-0.008838554
HLA-DQB1,-0.0010877977,0.17144857,0.1876833,-0.0037049602,0.100572705,-0.006372791,0.138077,-0.0038450004,-0.0021608365,-0.0012187964,-4.3637752e-05,0.3198309,-0.0024792808,-0.005549662,-0.0030374709,-0.008838554
HLCS,-0.001087727,0.1714377,0.1876375,-0.0037046217,0.10054491,-0.0063724616,0.13807371,-0.0038452481,-0.0021604009,-0.0012189316,-4.3976754e-05,0.31983286,-0.002478898,-0.005549348,-0.0030372092,-0.008838146
HLTF-AS1,-0.0010877977,0.17144857,0.1876833,-0.0037049602,0.100572705,-0.006372791,0.138077,-0.0038450004,-0.0021608365,-0.0012187964,-4.3637752e-05,0.3198309,-0.0024792808,-0.005549662,-0.0030374709,-0.008838554
HMCES,-0.0010869089,0.17134966,0.18782078,-0.0036940794,0.100582406,-0.006382549,0.13769183,-0.0038530873,-0.0021651604,-0.0012235153,-5.4287164e-05,0.32054484,-0.0024698982,-0.005544982,-0.0030479955,-0.008847117
HMGA1P4,-0.0010877977,0.17144857,0.1876833,-0.0037049602,0.100572705,-0.006372791,0.138077,-0.0038450004,-0.0021608365,-0.0012187964,-4.3637752e-05,0.3198309,-0.0024792808,-0.005549662,-0.0030374709,-0.008838554
HMOX2,-0.0010877977,0.17144857,0.1876833,-0.0037049602,0.100572705,-0.006372791,0.138077,-0.0038450004,-0.0021608365,-0.0012187964,-4.3637752e-05,0.3198309,-0.0024792808,-0.005549662,-0.0030374709,-0.008838554
HOMER1,-0.0010877977,0.17144857,0.1876833,-0.0037049602,0.100572705,-0.006372791,0.138077,-0.0038450004,-0.0021608365,-0.0012187964,-4.3637752e-05,0.3198309,-0.0024792808,-0.005549662,-0.0030374709,-0.008838554
HOOK2,0.03431277,0.040421046,0.23776652,-0.0037278633,0.05029433,-0.005605338,0.24547558,-0.005074939,-0.0031404165,-0.00063511956,-0.0006497684,0.35081488,-0.0024347692,-0.005445791,-0.0030489166,-0.0073359087
HOPX,-0.0010877977,0.17144857,0.1876833,-0.0037049602,0.100572705,-0.006372791,0.138077,-0.0038450004,-0.0021608365,-0.0012187964,-4.3637752e-05,0.3198309,-0.0024792808,-0.005549662,-0.0030374709,-0.008838554
HOXA13,-0.0010865865,0.17132783,0.18773906,-0.0037042361,0.10051662,-0.006373171,0.13807106,-0.003844433,-0.0021615266,-0.0012198209,-4.311681e-05,0.31986457,-0.0024797171,-0.005550358,-0.0030363512,-0.008839263
HOXB-AS1,-0.0010877977,0.17144857,0.1876833,-0.0037049602,0.100572705,-0.006372791,0.138077,-0.0038450004,-0.0021608365,-0.0012187964,-4.3637752e-05,0.3198309,-0.0024792808,-0.005549662,-0.0030374709,-0.008838554
HOXB-AS3,-0.0010877977,0.17144857,0.1876833,-0.0037049602,0.100572705,-0.006372791,0.138077,-0.0038450004,-0.0021608365,-0.0012187964,-4.3637752e-05,0.3198309,-0.0024792808,-0.005549662,-0.0030374709,-0.008838554
HOXB9,-0.0010877977,0.17144857,0.1876833,-0.0037049602,0.100572705,-0.006372791,0.138077,-0.0038450004,-0.0021608365,-0.0012187964,-4.3637752e-05,0.3198309,-0.0024792808,-0.005549662,-0.0030374709,-0.008838554
HOXC12,-0.0010877977,0.17144857,0.1876833,-0.0037049602,0.100572705,-0.006372791,0.138077,-0.0038450004,-0.0021608365,-0.0012187964,-4.3637752e-05,0.3198309,-0.0024792808,-0.005549662,-0.0030374709,-0.008838554
HOXC4,-0.0010877977,0.17144857,0.1876833,-0.0037049602,0.100572705,-0.006372791,0.138077,-0.0038450004,-0.0021608365,-0.0012187964,-4.3637752e-05,0.3198309,-0.0024792808,-0.005549662,-0.0030374709,-0.008838554
HPN,-0.0010877977,0.17144857,0.1876833,-0.0037049602,0.100572705,-0.006372791,0.138077,-0.0038450004,-0.0021608365,-0.0012187964,-4.3637752e-05,0.3198309,-0.0024792808,-0.005549662,-0.0030374709,-0.008838554
HS3ST3B1,-0.0010877977,0.17144857,0.1876833,-0.0037049602,0.100572705,-0.006372791,0.138077,-0.0038450004,-0.0021608365,-0.0012187964,-4.3637752e-05,0.3198309,-0.0024792808,-0.005549662,-0.0030374709,-0.008838554
HSBP1L1,-0.0010888542,0.17235915,0.18812059,-0.0036913478,0.100623675,-0.006379894,0.13929024,-0.003855944,-0.0021685609,-0.0012154165,-5.6066958e-05,0.31897217,-0.002493243,-0.005536244,-0.0030284035,-0.0088438485
HSF5,-0.0010877977,0.17144857,0.1876833,-0.0037049602,0.100572705,-0.006372791,0.138077,-0.0038450004,-0.0021608365,-0.0012187964,-4.3637752e-05,0.3198309,-0.0024792808,-0.005549662,-0.0030374709,-0.008838554
HSH2D,-0.0010877977,0.17144857,0.1876833,-0.0037049602,0.100572705,-0.006372791,0.138077,-0.0038450004,-0.0021608365,-0.0012187964,-4.3637752e-05,0.3198309,-0.0024792808,-0.005549662,-0.0030374709,-0.008838554
HSPB1,-0.0010877977,0.17144857,0.1876833,-0.0037049602,0.100572705,-0.006372791,0.138077,-0.0038450004,-0.0021608365,-0.0012187964,-4.3637752e-05,0.3198309,-0.0024792808,-0.005549662,-0.0030374709,-0.008838554
HTR2A,-0.0010877977,0.17144857,0.1876833,-0.0037049602,0.100572705,-0.006372791,0.138077,-0.0038450004,-0.0021608365,-0.0012187964,-4.3637752e-05,0.3198309,-0.0024792808,-0.005549662,-0.0030374709,-0.008838554
HTRA3,-0.0010877977,0.17144857,0.1876833,-0.0037049602,0.100572705,-0.006372791,0.138077,-0.0038450004,-0.0021608365,-0.0012187964,-4.3637752e-05,0.3198309,-0.0024792808,-0.005549662,-0.0030374709,-0.008838554
IBA57-DT,-0.0010877977,0.17144857,0.1876833,-0.0037049602,0.100572705,-0.006372791,0.138077,-0.0038450004,-0.0021608365,-0.0012187964,-4.3637752e-05,0.3198309,-0.0024792808,-0.005549662,-0.0030374709,-0.008838554
ICE1,-0.0010877977,0.17144857,0.1876833,-0.0037049602,0.100572705,-0.006372791,0.138077,-0.0038450004,-0.0021608365,-0.0012187964,-4.3637752e-05,0.3198309,-0.0024792808,-0.005549662,-0.0030374709,-0.008838554
ICOS,-0.0010877977,0.17144857,0.1876833,-0.0037049602,0.100572705,-0.006372791,0.138077,-0.0038450004,-0.0021608365,-0.0012187964,-4.3637752e-05,0.3198309,-0.0024792808,-0.005549662,-0.0030374709,-0.008838554
ID3,-0.0010877977,0.17144857,0.1876833,-0.0037049602,0.100572705,-0.006372791,0.138077,-0.0038450004,-0.0021608365,-0.0012187964,-4.3637752e-05,0.3198309,-0.0024792808,-0.005549662,-0.0030374709,-0.008838554
IER5L,-0.0010877977,0.17144857,0.1876833,-0.0037049602,0.100572705,-0.006372791,0.138077,-0.0038450004,-0.0021608365,-0.0012187964,-4.3637752e-05,0.3198309,-0.0024792808,-0.005549662,-0.0030374709,-0.008838554
IFFO2,-0.0010865865,0.17132783,0.18773906,-0.0037042361,0.10051662,-0.006373171,0.13807106,-0.003844433,-0.0021615266,-0.0012198209,-4.311681e-05,0.31986457,-0.0024797171,-0.005550358,-0.0030363512,-0.008839263
IFI6,-0.0010877977,0.17144857,0.1876833,-0.0037049602,0.100572705,-0.006372791,0.138077,-0.0038450004,-0.0021608365,-0.0012187964,-4.3637752e-05,0.3198309,-0.0024792808,-0.005549662,-0.0030374709,-0.008838554
IFIT2,-0.0010877977,0.17144857,0.1876833,-0.0037049602,0.100572705,-0.006372791,0.138077,-0.0038450004,-0.0021608365,-0.0012187964,-4.3637752e-05,0.3198309,-0.0024792808,-0.005549662,-0.0030374709,-0.008838554
IFNG,-0.0010877977,0.17144857,0.1876833,-0.0037049602,0.100572705,-0.006372791,0.138077,-0.0038450004,-0.0021608365,-0.0012187964,-4.3637752e-05,0.3198309,-0.0024792808,-0.005549662,-0.0030374709,-0.008838554
IFNG-AS1,-0.0010877977,0.17144857,0.1876833,-0.0037049602,0.100572705,-0.006372791,0.138077,-0.0038450004,-0.0021608365,-0.0012187964,-4.3637752e-05,0.3198309,-0.0024792808,-0.005549662,-0.0030374709,-0.008838554
IFNL1,-0.0010877977,0.17144857,0.1876833,-0.0037049602,0.100572705,-0.006372791,0.138077,-0.0038450004,-0.0021608365,-0.0012187964,-4.3637752e-05,0.3198309,-0.0024792808,-0.005549662,-0.0030374709,-0.008838554
IFT122,-0.0010877977,0.17144857,0.1876833,-0.0037049602,0.100572705,-0.006372791,0.138077,-0.0038450004,-0.0021608365,-0.0012187964,-4.3637752e-05,0.3198309,-0.0024792808,-0.005549662,-0.0030374709,-0.008838554
IFT46,-0.0010877025,0.17143157,0.18762662,-0.0037047588,0.100559175,-0.006372378,0.13808808,-0.0038446714,-0.0021609736,-0.0012192121,-4.4115484e-05,0.31978244,-0.0024791057,-0.005549787,-0.003037439,-0.008838984
IFT88,-0.0010877977,0.17144857,0.1876833,-0.0037049602,0.100572705,-0.006372791,0.138077,-0.0038450004,-0.0021608365,-0.0012187964,-4.3637752e-05,0.3198309,-0.0024792808,-0.005549662,-0.0030374709,-0.008838554
IGHA1,-0.0010877977,0.17144857,0.1876833,-0.0037049602,0.100572705,-0.006372791,0.138077,-0.0038450004,-0.0021608365,-0.0012187964,-4.3637752e-05,0.3198309,-0.0024792808,-0.005549662,-0.0030374709,-0.008838554
IGHA2,-0.001089381,0.171263,0.18739955,-0.0037050454,0.100506864,-0.006373759,0.13777393,-0.0038477725,-0.0021629855,-0.001217528,-4.0855408e-05,0.32003343,-0.002479988,-0.0055524837,-0.0030372138,-0.008838606
IGHG2,-0.000971515,0.19277725,0.14423804,-0.003342766,0.06575051,-0.0061288993,0.045165967,-0.0042494377,-0.00159321,-0.0017240252,0.020403817,0.3374862,-0.0015593775,-0.0044388445,-0.0024222326,-0.007847665
IGHV1-3,-0.0010877977,0.17144857,0.1876833,-0.0037049602,0.100572705,-0.006372791,0.138077,-0.0038450004,-0.0021608365,-0.0012187964,-4.3637752e-05,0.3198309,-0.0024792808,-0.005549662,-0.0030374709,-0.008838554
IGHV2-70,-0.0010877977,0.17144857,0.1876833,-0.0037049602,0.100572705,-0.006372791,0.138077,-0.0038450004,-0.0021608365,-0.0012187964,-4.3637752e-05,0.3198309,-0.0024792808,-0.005549662,-0.0030374709,-0.008838554
IGHV3-43,-0.0010877977,0.17144857,0.1876833,-0.0037049602,0.100572705,-0.006372791,0.138077,-0.0038450004,-0.0021608365,-0.0012187964,-4.3637752e-05,0.3198309,-0.0024792808,-0.005549662,-0.0030374709,-0.008838554
IGHV5-51,-0.0010877977,0.17144857,0.1876833,-0.0037049602,0.100572705,-0.006372791,0.138077,-0.0038450004,-0.0021608365,-0.0012187964,-4.3637752e-05,0.3198309,-0.0024792808,-0.005549662,-0.0030374709,-0.008838554
IGKC,-0.0010877977,0.17144857,0.1876833,-0.0037049602,0.100572705,-0.006372791,0.138077,-0.0038450004,-0.0021608365,-0.0012187964,-4.3637752e-05,0.3198309,-0.0024792808,-0.005549662,-0.0030374709,-0.008838554
IGLON5,-0.0010877977,0.17144857,0.1876833,-0.0037049602,0.100572705,-0.006372791,0.138077,-0.0038450004,-0.0021608365,-0.0012187964,-4.3637752e-05,0.3198309,-0.0024792808,-0.005549662,-0.0030374709,-0.008838554
IGLV1-40,-0.0010877977,0.17144857,0.1876833,-0.0037049602,0.100572705,-0.006372791,0.138077,-0.0038450004,-0.0021608365,-0.0012187964,-4.3637752e-05,0.3198309,-0.0024792808,-0.005549662,-0.0030374709,-0.008838554
IGLV1-44,-0.0010877977,0.17144857,0.1876833,-0.0037049602,0.100572705,-0.006372791,0.138077,-0.0038450004,-0.0021608365,-0.0012187964,-4.3637752e-05,0.3198309,-0.0024792808,-0.005549662,-0.0030374709,-0.008838554
IGLV1-51,-0.0010888542,0.17235915,0.18812059,-0.0036913478,0.100623675,-0.006379894,0.13929024,-0.003855944,-0.0021685609,-0.0012154165,-5.6066958e-05,0.31897217,-0.002493243,-0.005536244,-0.0030284035,-0.0088438485
IGLV2-14,-0.0010877977,0.17144857,0.1876833,-0.0037049602,0.100572705,-0.006372791,0.138077,-0.0038450004,-0.0021608365,-0.0012187964,-4.3637752e-05,0.3198309,-0.0024792808,-0.005549662,-0.0030374709,-0.008838554
IGLV3-10,-0.0010877977,0.17144857,0.1876833,-0.0037049602,0.100572705,-0.006372791,0.138077,-0.0038450004,-0.0021608365,-0.0012187964,-4.3637752e-05,0.3198309,-0.0024792808,-0.005549662,-0.0030374709,-0.008838554
IGLV3-9,-0.0010877977,0.17144857,0.1876833,-0.0037049602,0.100572705,-0.006372791,0.138077,-0.0038450004,-0.0021608365,-0.0012187964,-4.3637752e-05,0.3198309,-0.0024792808,-0.005549662,-0.0030374709,-0.008838554
IGLV7-43,-0.0010877977,0.17144857,0.1876833,-0.0037049602,0.100572705,-0.006372791,0.138077,-0.0038450004,-0.0021608365,-0.0012187964,-4.3637752e-05,0.3198309,-0.0024792808,-0.005549662,-0.0030374709,-0.008838554
IGLV9-49,-0.0010877977,0.17144857,0.1876833,-0.0037049602,0.100572705,-0.006372791,0.138077,-0.0038450004,-0.0021608365,-0.0012187964,-4.3637752e-05,0.3198309,-0.0024792808,-0.005549662,-0.0030374709,-0.008838554
IGSF21-AS1,-0.0010877977,0.17144857,0.1876833,-0.0037049602,0.100572705,-0.006372791,0.138077,-0.0038450004,-0.0021608365,-0.0012187964,-4.3637752e-05,0.3198309,-0.0024792808,-0.005549662,-0.0030374709,-0.008838554
IGSF9B,-0.0010877977,0.17144857,0.1876833,-0.0037049602,0.100572705,-0.006372791,0.138077,-0.0038450004,-0.0021608365,-0.0012187964,-4.3637752e-05,0.3198309,-0.0024792808,-0.005549662,-0.0030374709,-0.008838554
IKZF2,-0.0010888542,0.17235915,0.18812059,-0.0036913478,0.100623675,-0.006379894,0.13929024,-0.003855944,-0.0021685609,-0.0012154165,-5.6066958e-05,0.31897217,-0.002493243,-0.005536244,-0.0030284035,-0.0088438485
IKZF3,-0.0010877977,0.17144857,0.1876833,-0.0037049602,0.100572705,-0.006372791,0.138077,-0.0038450004,-0.0021608365,-0.0012187964,-4.3637752e-05,0.3198309,-0.0024792808,-0.005549662,-0.0030374709,-0.008838554
IL11,-0.0010877977,0.17144857,0.1876833,-0.0037049602,0.100572705,-0.006372791,0.138077,-0.0038450004,-0.0021608365,-0.0012187964,-4.3637752e-05,0.3198309,-0.0024792808,-0.005549662,-0.0030374709,-0.008838554
IL11RA,-0.00086878025,0.13297671,0.1953061,-0.0037054007,0.09132304,-0.0061247097,0.1678289,-0.0037718385,-0.0017242831,-0.0013315682,-0.00016426771,0.31021953,-0.0023178183,-0.005418307,-0.0034319286,-0.008577738
IL12RB2,-0.0010977697,0.1736672,0.18679185,-0.003702291,0.10252433,-0.0063623767,0.13697329,-0.003855637,-0.0021820106,-0.0012091416,-5.6904402e-05,0.32209125,-0.0024625286,-0.005526911,-0.0030260407,-0.00883111
IL17D,-0.0010877977,0.17144857,0.1876833,-0.0037049602,0.100572705,-0.006372791,0.138077,-0.0038450004,-0.0021608365,-0.0012187964,-4.3637752e-05,0.3198309,-0.0024792808,-0.005549662,-0.0030374709,-0.008838554
IL18RAP,-0.0010877977,0.17144857,0.1876833,-0.0037049602,0.100572705,-0.006372791,0.138077,-0.0038450004,-0.0021608365,-0.0012187964,-4.3637752e-05,0.3198309,-0.0024792808,-0.005549662,-0.0030374709,-0.008838554
IL19,-0.0010877977,0.17144857,0.1876833,-0.0037049602,0.100572705,-0.006372791,0.138077,-0.0038450004,-0.0021608365,-0.0012187964,-4.3637752e-05,0.3198309,-0.0024792808,-0.005549662,-0.0030374709,-0.008838554
IL1B,-0.0010877977,0.17144857,0.1876833,-0.0037049602,0.100572705,-0.006372791,0.138077,-0.0038450004,-0.0021608365,-0.0012187964,-4.3637752e-05,0.3198309,-0.0024792808,-0.005549662,-0.0030374709,-0.008838554
IL2,-0.0010877977,0.17144857,0.1876833,-0.0037049602,0.100572705,-0.006372791,0.138077,-0.0038450004,-0.0021608365,-0.0012187964,-4.3637752e-05,0.3198309,-0.0024792808,-0.005549662,-0.0030374709,-0.008838554
IL21R,-0.0010877977,0.17144857,0.1876833,-0.0037049602,0.100572705,-0.006372791,0.138077,-0.0038450004,-0.0021608365,-0.0012187964,-4.3637752e-05,0.3198309,-0.0024792808,-0.005549662,-0.0030374709,-0.008838554
IL2RA,-0.0010877977,0.17144857,0.1876833,-0.0037049602,0.100572705,-0.006372791,0.138077,-0.0038450004,-0.0021608365,-0.0012187964,-4.3637752e-05,0.3198309,-0.0024792808,-0.005549662,-0.0030374709,-0.008838554
IL2RB,-0.0010827201,0.17221534,0.18773453,-0.0037098299,0.09967679,-0.006372278,0.1379404,-0.0038487294,-0.0021521854,-0.001214117,-4.2605698e-05,0.3190115,-0.0024717343,-0.005547055,-0.003045626,-0.0088465875
IL6,-0.0010877977,0.17144857,0.1876833,-0.0037049602,0.100572705,-0.006372791,0.138077,-0.0038450004,-0.0021608365,-0.0012187964,-4.3637752e-05,0.3198309,-0.0024792808,-0.005549662,-0.0030374709,-0.008838554
IL6R-AS1,-0.0010877977,0.17144857,0.1876833,-0.0037049602,0.100572705,-0.006372791,0.138077,-0.0038450004,-0.0021608365,-0.0012187964,-4.3637752e-05,0.3198309,-0.0024792808,-0.005549662,-0.0030374709,-0.008838554
ILF3-DT,-0.0002692328,0.27971274,0.22195147,-0.0037043164,0.082768336,-0.0067989584,0.22432944,-0.004607583,-0.0010071482,-0.001748669,0.025050335,0.2262759,-0.0034180966,-0.0048718187,-0.002874353,-0.007857948
ING1,-0.0010877977,0.17144857,0.1876833,-0.0037049602,0.100572705,-0.006372791,0.138077,-0.0038450004,-0.0021608365,-0.0012187964,-4.3637752e-05,0.3198309,-0.0024792808,-0.005549662,-0.0030374709,-0.008838554
INPP5E,-0.0011537647,0.16816655,0.1970344,-0.003797574,0.09833139,-0.0063705854,0.122163825,-0.0039042453,-0.0022116425,-0.0011011281,0.00419046,0.32505834,-0.002397596,-0.005446845,-0.0031328867,-0.0088060945
INSM2,-0.0010877977,0.17144857,0.1876833,-0.0037049602,0.100572705,-0.006372791,0.138077,-0.0038450004,-0.0021608365,-0.0012187964,-4.3637752e-05,0.3198309,-0.0024792808,-0.005549662,-0.0030374709,-0.008838554
INTS1,-0.0010877977,0.17144857,0.1876833,-0.0037049602,0.100572705,-0.006372791,0.138077,-0.0038450004,-0.0021608365,-0.0012187964,-4.3637752e-05,0.3198309,-0.0024792808,-0.005549662,-0.0030374709,-0.008838554
INTS11,-0.0010865956,0.17139643,0.18759094,-0.0037057113,0.100531965,-0.0063718427,0.13790436,-0.0038465683,-0.0021584018,-0.0012184762,-4.495859e-05,0.31970423,-0.002480684,-0.0055513727,-0.0030392134,-0.0088388445
INTS4,-0.0008687096,0.13296583,0.1952603,-0.0037050622,0.09129524,-0.0061243805,0.16782561,-0.0037720862,-0.0017238475,-0.0013317036,-0.00016460687,0.3102215,-0.0023174356,-0.005417993,-0.003431667,-0.00857733
INTS6L-AS1,-0.0010877977,0.17144857,0.1876833,-0.0037049602,0.100572705,-0.006372791,0.138077,-0.0038450004,-0.0021608365,-0.0012187964,-4.3637752e-05,0.3198309,-0.0024792808,-0.005549662,-0.0030374709,-0.008838554
INVS,-0.0010877977,0.17144857,0.1876833,-0.0037049602,0.100572705,-0.006372791,0.138077,-0.0038450004,-0.0021608365,-0.0012187964,-4.3637752e-05,0.3198309,-0.0024792808,-0.005549662,-0.0030374709,-0.008838554
IPP,-0.0010877977,0.17144857,0.1876833,-0.0037049602,0.100572705,-0.006372791,0.138077,-0.0038450004,-0.0021608365,-0.0012187964,-4.3637752e-05,0.3198309,-0.0024792808,-0.005549662,-0.0030374709,-0.008838554
IQCB1,-0.0010877977,0.17144857,0.1876833,-0.0037049602,0.100572705,-0.006372791,0.138077,-0.0038450004,-0.0021608365,-0.0012187964,-4.3637752e-05,0.3198309,-0.0024792808,-0.005549662,-0.0030374709,-0.008838554
IQCC,-0.0010877977,0.17144857,0.1876833,-0.0037049602,0.100572705,-0.006372791,0.138077,-0.0038450004,-0.0021608365,-0.0012187964,-4.3637752e-05,0.3198309,-0.0024792808,-0.005549662,-0.0030374709,-0.008838554
IRGM,-0.0010877025,0.17143157,0.18762662,-0.0037047588,0.100559175,-0.006372378,0.13808808,-0.0038446714,-0.0021609736,-0.0012192121,-4.4115484e-05,0.31978244,-0.0024791057,-0.005549787,-0.003037439,-0.008838984
ISM1,-0.0010877977,0.17144857,0.1876833,-0.0037049602,0.100572705,-0.006372791,0.138077,-0.0038450004,-0.0021608365,-0.0012187964,-4.3637752e-05,0.3198309,-0.0024792808,-0.005549662,-0.0030374709,-0.008838554
ITGA10,-0.0010877977,0.17144857,0.1876833,-0.0037049602,0.100572705,-0.006372791,0.138077,-0.0038450004,-0.0021608365,-0.0012187964,-4.3637752e-05,0.3198309,-0.0024792808,-0.005549662,-0.0030374709,-0.008838554
ITGA2B,-0.0010877977,0.17144857,0.1876833,-0.0037049602,0.100572705,-0.006372791,0.138077,-0.0038450004,-0.0021608365,-0.0012187964,-4.3637752e-05,0.3198309,-0.0024792808,-0.005549662,-0.0030374709,-0.008838554
ITGA6,-0.0010877977,0.17144857,0.1876833,-0.0037049602,0.100572705,-0.006372791,0.138077,-0.0038450004,-0.0021608365,-0.0012187964,-4.3637752e-05,0.3198309,-0.0024792808,-0.005549662,-0.0030374709,-0.008838554
ITGAD,-0.0010877977,0.17144857,0.1876833,-0.0037049602,0.100572705,-0.006372791,0.138077,-0.0038450004,-0.0021608365,-0.0012187964,-4.3637752e-05,0.3198309,-0.0024792808,-0.005549662,-0.0030374709,-0.008838554
ITGB1BP2,-0.0010877977,0.17144857,0.1876833,-0.0037049602,0.100572705,-0.006372791,0.138077,-0.0038450004,-0.0021608365,-0.0012187964,-4.3637752e-05,0.3198309,-0.0024792808,-0.005549662,-0.0030374709,-0.008838554
ITGB2-AS1,-0.0010866908,0.17141344,0.18764763,-0.0037059127,0.100545496,-0.0063722543,0.13789329,-0.0038468975,-0.0021582644,-0.0012180605,-4.4480857e-05,0.3197527,-0.0024808592,-0.0055512474,-0.0030392453,-0.008838414
ITPR3,-0.0010877977,0.17144857,0.1876833,-0.0037049602,0.100572705,-0.006372791,0.138077,-0.0038450004,-0.0021608365,-0.0012187964,-4.3637752e-05,0.3198309,-0.0024792808,-0.005549662,-0.0030374709,-0.008838554
ITPRIPL1,-0.0010853363,0.1720488,0.18745057,-0.0036992363,0.09978078,-0.00636217,0.13736632,-0.003841442,-0.0021516616,-0.0012120595,-4.77235e-05,0.31912172,-0.0024805309,-0.0055599175,-0.0030423992,-0.008841801
JADE2,-0.0010877977,0.17144857,0.1876833,-0.0037049602,0.100572705,-0.006372791,0.138077,-0.0038450004,-0.0021608365,-0.0012187964,-4.3637752e-05,0.3198309,-0.0024792808,-0.005549662,-0.0030374709,-0.008838554
JAKMIP2,-0.0010877977,0.17144857,0.1876833,-0.0037049602,0.100572705,-0.006372791,0.138077,-0.0038450004,-0.0021608365,-0.0012187964,-4.3637752e-05,0.3198309,-0.0024792808,-0.005549662,-0.0030374709,-0.008838554
JAM2,-0.0010877977,0.17144857,0.1876833,-0.0037049602,0.100572705,-0.006372791,0.138077,-0.0038450004,-0.0021608365,-0.0012187964,-4.3637752e-05,0.3198309,-0.0024792808,-0.005549662,-0.0030374709,-0.008838554
JAM3,-0.0010877977,0.17144857,0.1876833,-0.0037049602,0.100572705,-0.006372791,0.138077,-0.0038450004,-0.0021608365,-0.0012187964,-4.3637752e-05,0.3198309,-0.0024792808,-0.005549662,-0.0030374709,-0.008838554
JAZF1-AS1,-0.0010877977,0.17144857,0.1876833,-0.0037049602,0.100572705,-0.006372791,0.138077,-0.0038450004,-0.0021608365,-0.0012187964,-4.3637752e-05,0.3198309,-0.0024792808,-0.005549662,-0.0030374709,-0.008838554
JPX,-0.001087727,0.1714377,0.1876375,-0.0037046217,0.10054491,-0.0063724616,0.13807371,-0.0038452481,-0.0021604009,-0.0012189316,-4.3976754e-05,0.31983286,-0.002478898,-0.005549348,-0.0030372092,-0.008838146
KALRN,-0.0010977697,0.1736672,0.18679185,-0.003702291,0.10252433,-0.0063623767,0.13697329,-0.003855637,-0.0021820106,-0.0012091416,-5.6904402e-05,0.32209125,-0.0024625286,-0.005526911,-0.0030260407,-0.00883111
KANK1,-0.0010877977,0.17144857,0.1876833,-0.0037049602,0.100572705,-0.006372791,0.138077,-0.0038450004,-0.0021608365,-0.0012187964,-4.3637752e-05,0.3198309,-0.0024792808,-0.005549662,-0.0030374709,-0.008838554
KANK3,-0.0010877977,0.17144857,0.1876833,-0.0037049602,0.100572705,-0.006372791,0.138077,-0.0038450004,-0.0021608365,-0.0012187964,-4.3637752e-05,0.3198309,-0.0024792808,-0.005549662,-0.0030374709,-0.008838554
KANSL1-AS1,-0.0010877977,0.17144857,0.1876833,-0.0037049602,0.100572705,-0.006372791,0.138077,-0.0038450004,-0.0021608365,-0.0012187964,-4.3637752e-05,0.3198309,-0.0024792808,-0.005549662,-0.0030374709,-0.008838554
KANTR,-0.0010877977,0.17144857,0.1876833,-0.0037049602,0.100572705,-0.006372791,0.138077,-0.0038450004,-0.0021608365,-0.0012187964,-4.3637752e-05,0.3198309,-0.0024792808,-0.005549662,-0.0030374709,-0.008838554
KAT2A,-0.0010877977,0.17144857,0.1876833,-0.0037049602,0.100572705,-0.006372791,0.138077,-0.0038450004,-0.0021608365,-0.0012187964,-4.3637752e-05,0.3198309,-0.0024792808,-0.005549662,-0.0030374709,-0.008838554
KATNBL1,-0.001087727,0.1714377,0.1876375,-0.0037046217,0.10054491,-0.0063724616,0.13807371,-0.0038452481,-0.0021604009,-0.0012189316,-4.3976754e-05,0.31983286,-0.002478898,-0.005549348,-0.0030372092,-0.008838146
KAZALD1,-0.0010877025,0.17143157,0.18762662,-0.0037047588,0.100559175,-0.006372378,0.13808808,-0.0038446714,-0.0021609736,-0.0012192121,-4.4115484e-05,0.31978244,-0.0024791057,-0.005549787,-0.003037439,-0.008838984
KCNA3,-0.0010921574,0.17122777,0.18717916,-0.0037018275,0.100231886,-0.006369981,0.13741207,-0.0038436772,-0.0021610826,-0.0012123802,-4.996702e-05,0.3197165,-0.002474861,-0.005556675,-0.0030345058,-0.008831642
KCNE2,-0.0010877977,0.17144857,0.1876833,-0.0037049602,0.100572705,-0.006372791,0.138077,-0.0038450004,-0.0021608365,-0.0012187964,-4.3637752e-05,0.3198309,-0.0024792808,-0.005549662,-0.0030374709,-0.008838554
KCNG1,-0.0010877977,0.17144857,0.1876833,-0.0037049602,0.100572705,-0.006372791,0.138077,-0.0038450004,-0.0021608365,-0.0012187964,-4.3637752e-05,0.3198309,-0.0024792808,-0.005549662,-0.0030374709,-0.008838554
KCNH6,-0.001507132,0.18077923,0.09198336,-0.0031377012,0.113401845,-0.006761426,0.07194908,-0.0030462826,-0.0031032118,-0.0022621867,-0.00018653348,0.23050334,-0.0028791283,-0.005205046,-0.0033815864,-0.008723939
KCNN1,-0.001087727,0.1714377,0.1876375,-0.0037046217,0.10054491,-0.0063724616,0.13807371,-0.0038452481,-0.0021604009,-0.0012189316,-4.3976754e-05,0.31983286,-0.002478898,-0.005549348,-0.0030372092,-0.008838146
KDM2B-DT,-0.0010877977,0.17144857,0.1876833,-0.0037049602,0.100572705,-0.006372791,0.138077,-0.0038450004,-0.0021608365,-0.0012187964,-4.3637752e-05,0.3198309,-0.0024792808,-0.005549662,-0.0030374709,-0.008838554
KHDC1,-0.0010877977,0.17144857,0.1876833,-0.0037049602,0.100572705,-0.006372791,0.138077,-0.0038450004,-0.0021608365,-0.0012187964,-4.3637752e-05,0.3198309,-0.0024792808,-0.005549662,-0.0030374709,-0.008838554
KHDRBS2,-0.0010877977,0.17144857,0.1876833,-0.0037049602,0.100572705,-0.006372791,0.138077,-0.0038450004,-0.0021608365,-0.0012187964,-4.3637752e-05,0.3198309,-0.0024792808,-0.005549662,-0.0030374709,-0.008838554
KIAA0040,-0.0010877977,0.17144857,0.1876833,-0.0037049602,0.100572705,-0.006372791,0.138077,-0.0038450004,-0.0021608365,-0.0012187964,-4.3637752e-05,0.3198309,-0.0024792808,-0.005549662,-0.0030374709,-0.008838554
KIAA1671,-0.0010877025,0.17143157,0.18762662,-0.0037047588,0.100559175,-0.006372378,0.13808808,-0.0038446714,-0.0021609736,-0.0012192121,-4.4115484e-05,0.31978244,-0.0024791057,-0.005549787,-0.003037439,-0.008838984
KIF12,-0.0010977697,0.1736672,0.18679185,-0.003702291,0.10252433,-0.0063623767,0.13697329,-0.003855637,-0.0021820106,-0.0012091416,-5.6904402e-05,0.32209125,-0.0024625286,-0.005526911,-0.0030260407,-0.00883111
KIF21A,-0.0010877977,0.17144857,0.1876833,-0.0037049602,0.100572705,-0.006372791,0.138077,-0.0038450004,-0.0021608365,-0.0012187964,-4.3637752e-05,0.3198309,-0.0024792808,-0.005549662,-0.0030374709,-0.008838554
KIF21B,-0.0010877977,0.17144857,0.1876833,-0.0037049602,0.100572705,-0.006372791,0.138077,-0.0038450004,-0.0021608365,-0.0012187964,-4.3637752e-05,0.3198309,-0.0024792808,-0.005549662,-0.0030374709,-0.008838554
KIF2A,-0.0010877977,0.17144857,0.1876833,-0.0037049602,0.100572705,-0.006372791,0.138077,-0.0038450004,-0.0021608365,-0.0012187964,-4.3637752e-05,0.3198309,-0.0024792808,-0.005549662,-0.0030374709,-0.008838554
KIF3A,-0.0010877977,0.17144857,0.1876833,-0.0037049602,0.100572705,-0.006372791,0.138077,-0.0038450004,-0.0021608365,-0.0012187964,-4.3637752e-05,0.3198309,-0.0024792808,-0.005549662,-0.0030374709,-0.008838554
KIF5C,-0.0010877977,0.17144857,0.1876833,-0.0037049602,0.100572705,-0.006372791,0.138077,-0.0038450004,-0.0021608365,-0.0012187964,-4.3637752e-05,0.3198309,-0.0024792808,-0.005549662,-0.0030374709,-0.008838554
KIN,-0.0010856953,0.17129393,0.18773861,-0.0037053262,0.10075045,-0.006372735,0.13824686,-0.0038431557,-0.00216225,-0.0012167731,-4.5306533e-05,0.31982026,-0.0024798694,-0.0055504977,-0.0030383659,-0.008836006
KIR2DL1,-0.0010877977,0.17144857,0.1876833,-0.0037049602,0.100572705,-0.006372791,0.138077,-0.0038450004,-0.0021608365,-0.0012187964,-4.3637752e-05,0.3198309,-0.0024792808,-0.005549662,-0.0030374709,-0.008838554
KIR2DL4,-0.0010877977,0.17144857,0.1876833,-0.0037049602,0.100572705,-0.006372791,0.138077,-0.0038450004,-0.0021608365,-0.0012187964,-4.3637752e-05,0.3198309,-0.0024792808,-0.005549662,-0.0030374709,-0.008838554
KIR3DL1,-0.0010877977,0.17144857,0.1876833,-0.0037049602,0.100572705,-0.006372791,0.138077,-0.0038450004,-0.0021608365,-0.0012187964,-4.3637752e-05,0.3198309,-0.0024792808,-0.005549662,-0.0030374709,-0.008838554
KIR3DL2,-0.0010888542,0.17235915,0.18812059,-0.0036913478,0.100623675,-0.006379894,0.13929024,-0.003855944,-0.0021685609,-0.0012154165,-5.6066958e-05,0.31897217,-0.002493243,-0.005536244,-0.0030284035,-0.0088438485
KIZ,-0.0010877977,0.17144857,0.1876833,-0.0037049602,0.100572705,-0.006372791,0.138077,-0.0038450004,-0.0021608365,-0.0012187964,-4.3637752e-05,0.3198309,-0.0024792808,-0.005549662,-0.0030374709,-0.008838554
KLF3-AS1,-0.0010877977,0.17144857,0.1876833,-0.0037049602,0.100572705,-0.006372791,0.138077,-0.0038450004,-0.0021608365,-0.0012187964,-4.3637752e-05,0.3198309,-0.0024792808,-0.005549662,-0.0030374709,-0.008838554
KLHDC1,-0.0011671075,0.14843172,0.16338821,-0.003698116,0.07114078,-0.0063557927,0.11208819,-0.003480601,-0.0025679201,-0.0016585044,0.035571404,0.33928636,-0.0019252391,-0.0054985806,-0.003232858,-0.009082847
KLHDC10,-0.0010877977,0.17144857,0.1876833,-0.0037049602,0.100572705,-0.006372791,0.138077,-0.0038450004,-0.0021608365,-0.0012187964,-4.3637752e-05,0.3198309,-0.0024792808,-0.005549662,-0.0030374709,-0.008838554
KLHDC4,-0.0002692328,0.27971274,0.22195147,-0.0037043164,0.082768336,-0.0067989584,0.22432944,-0.004607583,-0.0010071482,-0.001748669,0.025050335,0.2262759,-0.0034180966,-0.0048718187,-0.002874353,-0.007857948
KLHL11,-0.0010877977,0.17144857,0.1876833,-0.0037049602,0.100572705,-0.006372791,0.138077,-0.0038450004,-0.0021608365,-0.0012187964,-4.3637752e-05,0.3198309,-0.0024792808,-0.005549662,-0.0030374709,-0.008838554
KLHL29,-0.0010877977,0.17144857,0.1876833,-0.0037049602,0.100572705,-0.006372791,0.138077,-0.0038450004,-0.0021608365,-0.0012187964,-4.3637752e-05,0.3198309,-0.0024792808,-0.005549662,-0.0030374709,-0.008838554
KLHL32,-0.0010877977,0.17144857,0.1876833,-0.0037049602,0.100572705,-0.006372791,0.138077,-0.0038450004,-0.0021608365,-0.0012187964,-4.3637752e-05,0.3198309,-0.0024792808,-0.005549662,-0.0030374709,-0.008838554
KLRB1,-0.0010877977,0.17144857,0.1876833,-0.0037049602,0.100572705,-0.006372791,0.138077,-0.0038450004,-0.0021608365,-0.0012187964,-4.3637752e-05,0.3198309,-0.0024792808,-0.005549662,-0.0030374709,-0.008838554
KLRC1,-0.0010877977,0.17144857,0.1876833,-0.0037049602,0.100572705,-0.006372791,0.138077,-0.0038450004,-0.0021608365,-0.0012187964,-4.3637752e-05,0.3198309,-0.0024792808,-0.005549662,-0.0030374709,-0.008838554
KLRF1,-0.0010869089,0.17134966,0.18782078,-0.0036940794,0.100582406,-0.006382549,0.13769183,-0.0038530873,-0.0021651604,-0.0012235153,-5.4287164e-05,0.32054484,-0.0024698982,-0.005544982,-0.0030479955,-0.008847117
KLRG1,-0.0010877977,0.17144857,0.1876833,-0.0037049602,0.100572705,-0.006372791,0.138077,-0.0038450004,-0.0021608365,-0.0012187964,-4.3637752e-05,0.3198309,-0.0024792808,-0.005549662,-0.0030374709,-0.008838554
KLRK1,-0.0010877977,0.17144857,0.1876833,-0.0037049602,0.100572705,-0.006372791,0.138077,-0.0038450004,-0.0021608365,-0.0012187964,-4.3637752e-05,0.3198309,-0.0024792808,-0.005549662,-0.0030374709,-0.008838554
KNOP1,-0.0010856953,0.17129393,0.18773861,-0.0037053262,0.10075045,-0.006372735,0.13824686,-0.0038431557,-0.00216225,-0.0012167731,-4.5306533e-05,0.31982026,-0.0024798694,-0.0055504977,-0.0030383659,-0.008836006
KPNA2,-0.0010877977,0.17144857,0.1876833,-0.0037049602,0.100572705,-0.006372791,0.138077,-0.0038450004,-0.0021608365,-0.0012187964,-4.3637752e-05,0.3198309,-0.0024792808,-0.005549662,-0.0030374709,-0.008838554
KPNA5,-0.0010877977,0.17144857,0.1876833,-0.0037049602,0.100572705,-0.006372791,0.138077,-0.0038450004,-0.0021608365,-0.0012187964,-4.3637752e-05,0.3198309,-0.0024792808,-0.005549662,-0.0030374709,-0.008838554
KRBA2,-0.0010877977,0.17144857,0.1876833,-0.0037049602,0.100572705,-0.006372791,0.138077,-0.0038450004,-0.0021608365,-0.0012187964,-4.3637752e-05,0.3198309,-0.0024792808,-0.005549662,-0.0030374709,-0.008838554
KRI1,-0.0010877977,0.17144857,0.1876833,-0.0037049602,0.100572705,-0.006372791,0.138077,-0.0038450004,-0.0021608365,-0.0012187964,-4.3637752e-05,0.3198309,-0.0024792808,-0.005549662,-0.0030374709,-0.008838554
KRT33A,-0.0007957102,0.13055684,0.19034974,-0.0037085128,0.09497427,-0.0061863544,0.15820307,-0.0038300222,-0.0016655418,-0.0014220873,-0.00021763369,0.30579394,-0.0022056815,-0.005485382,-0.0034905656,-0.008533691
KRT73-AS1,-0.0010877977,0.17144857,0.1876833,-0.0037049602,0.100572705,-0.006372791,0.138077,-0.0038450004,-0.0021608365,-0.0012187964,-4.3637752e-05,0.3198309,-0.0024792808,-0.005549662,-0.0030374709,-0.008838554
KRT74,0.03431277,0.040421046,0.23776652,-0.0037278633,0.05029433,-0.005605338,0.24547558,-0.005074939,-0.0031404165,-0.00063511956,-0.0006497684,0.35081488,-0.0024347692,-0.005445791,-0.0030489166,-0.0073359087
KRT80,-0.0010877977,0.17144857,0.1876833,-0.0037049602,0.100572705,-0.006372791,0.138077,-0.0038450004,-0.0021608365,-0.0012187964,-4.3637752e-05,0.3198309,-0.0024792808,-0.005549662,-0.0030374709,-0.008838554
KRTDAP,-0.0010877977,0.17144857,0.1876833,-0.0037049602,0.100572705,-0.006372791,0.138077,-0.0038450004,-0.0021608365,-0.0012187964,-4.3637752e-05,0.3198309,-0.0024792808,-0.005549662,-0.0030374709,-0.008838554
L2HGDH,-0.0010877977,0.17144857,0.1876833,-0.0037049602,0.100572705,-0.006372791,0.138077,-0.0038450004,-0.0021608365,-0.0012187964,-4.3637752e-05,0.3198309,-0.0024792808,-0.005549662,-0.0030374709,-0.008838554
LAG3,-0.0010877977,0.17144857,0.1876833,-0.0037049602,0.100572705,-0.006372791,0.138077,-0.0038450004,-0.0021608365,-0.0012187964,-4.3637752e-05,0.3198309,-0.0024792808,-0.005549662,-0.0030374709,-0.008838554
LAIR2,-0.0010827201,0.17221534,0.18773453,-0.0037098299,0.09967679,-0.006372278,0.1379404,-0.0038487294,-0.0021521854,-0.001214117,-4.2605698e-05,0.3190115,-0.0024717343,-0.005547055,-0.003045626,-0.0088465875
LAMA3,-0.0010877977,0.17144857,0.1876833,-0.0037049602,0.100572705,-0.006372791,0.138077,-0.0038450004,-0.0021608365,-0.0012187964,-4.3637752e-05,0.3198309,-0.0024792808,-0.005549662,-0.0030374709,-0.008838554
LAMP3,-0.0010877977,0.17144857,0.1876833,-0.0037049602,0.100572705,-0.006372791,0.138077,-0.0038450004,-0.0021608365,-0.0012187964,-4.3637752e-05,0.3198309,-0.0024792808,-0.005549662,-0.0030374709,-0.008838554
LANCL1,-0.0010877977,0.17144857,0.1876833,-0.0037049602,0.100572705,-0.006372791,0.138077,-0.0038450004,-0.0021608365,-0.0012187964,-4.3637752e-05,0.3198309,-0.0024792808,-0.005549662,-0.0030374709,-0.008838554
LANCL3,-0.0010877977,0.17144857,0.1876833,-0.0037049602,0.100572705,-0.006372791,0.138077,-0.0038450004,-0.0021608365,-0.0012187964,-4.3637752e-05,0.3198309,-0.0024792808,-0.005549662,-0.0030374709,-0.008838554
LAT,-0.0010877977,0.17144857,0.1876833,-0.0037049602,0.100572705,-0.006372791,0.138077,-0.0038450004,-0.0021608365,-0.0012187964,-4.3637752e-05,0.3198309,-0.0024792808,-0.005549662,-0.0030374709,-0.008838554
LAX1,-0.0010856247,0.17128305,0.1876928,-0.0037049877,0.10072265,-0.0063724057,0.13824356,-0.0038434034,-0.0021618146,-0.0012169083,-4.5645535e-05,0.31982222,-0.0024794866,-0.0055501843,-0.0030381042,-0.008835598
LCK,-0.0021615177,0.14144996,0.11857672,-0.0031773937,0.15636832,-0.0053869495,0.036642246,-0.0029794173,-0.0026040338,-0.0018611003,-0.00025664805,0.37024134,-0.002145187,-0.005571729,-0.0016876009,-0.007338565
LCLAT1,-0.001089381,0.171263,0.18739955,-0.0037050454,0.100506864,-0.006373759,0.13777393,-0.0038477725,-0.0021629855,-0.001217528,-4.0855408e-05,0.32003343,-0.002479988,-0.0055524837,-0.0030372138,-0.008838606
LDAH,-0.0010877977,0.17144857,0.1876833,-0.0037049602,0.100572705,-0.006372791,0.138077,-0.0038450004,-0.0021608365,-0.0012187964,-4.3637752e-05,0.3198309,-0.0024792808,-0.005549662,-0.0030374709,-0.008838554
LDB2,-0.0010877977,0.17144857,0.1876833,-0.0037049602,0.100572705,-0.006372791,0.138077,-0.0038450004,-0.0021608365,-0.0012187964,-4.3637752e-05,0.3198309,-0.0024792808,-0.005549662,-0.0030374709,-0.008838554
LDHC,-0.000969918,0.19252154,0.14411108,-0.003343508,0.065803945,-0.006128726,0.045009013,-0.0042504813,-0.0015904757,-0.0017235641,0.020330593,0.33744806,-0.0015573568,-0.004440171,-0.002421792,-0.007847975
LDLRAP1,-0.0010877977,0.17144857,0.1876833,-0.0037049602,0.100572705,-0.006372791,0.138077,-0.0038450004,-0.0021608365,-0.0012187964,-4.3637752e-05,0.3198309,-0.0024792808,-0.005549662,-0.0030374709,-0.008838554
LEF1-AS1,-0.0011537647,0.16816655,0.1970344,-0.003797574,0.09833139,-0.0063705854,0.122163825,-0.0039042453,-0.0022116425,-0.0011011281,0.00419046,0.32505834,-0.002397596,-0.005446845,-0.0031328867,-0.0088060945
LEFTY2,-0.0010877977,0.17144857,0.1876833,-0.0037049602,0.100572705,-0.006372791,0.138077,-0.0038450004,-0.0021608365,-0.0012187964,-4.3637752e-05,0.3198309,-0.0024792808,-0.005549662,-0.0030374709,-0.008838554
LEMD3,-0.0010877977,0.17144857,0.1876833,-0.0037049602,0.100572705,-0.006372791,0.138077,-0.0038450004,-0.0021608365,-0.0012187964,-4.3637752e-05,0.3198309,-0.0024792808,-0.005549662,-0.0030374709,-0.008838554
LETM2,-0.0010877977,0.17144857,0.1876833,-0.0037049602,0.100572705,-0.006372791,0.138077,-0.0038450004,-0.0021608365,-0.0012187964,-4.3637752e-05,0.3198309,-0.0024792808,-0.005549662,-0.0030374709,-0.008838554
LEXM,-0.0010877977,0.17144857,0.1876833,-0.0037049602,0.100572705,-0.006372791,0.138077,-0.0038450004,-0.0021608365,-0.0012187964,-4.3637752e-05,0.3198309,-0.0024792808,-0.005549662,-0.0030374709,-0.008838554
LGALS8-AS1,-0.0010812284,0.17206752,0.1869087,-0.0037084287,0.099853896,-0.0063710767,0.1390107,-0.003842992,-0.002157719,-0.0012157192,-4.562378e-05,0.31905007,-0.0024816594,-0.0055461396,-0.003040055,-0.008826789
LGALS9B,-0.0010877977,0.17144857,0.1876833,-0.0037049602,0.100572705,-0.006372791,0.138077,-0.0038450004,-0.0021608365,-0.0012187964,-4.3637752e-05,0.3198309,-0.0024792808,-0.005549662,-0.0030374709,-0.008838554
LGR6,-0.0010877977,0.17144857,0.1876833,-0.0037049602,0.100572705,-0.006372791,0.138077,-0.0038450004,-0.0021608365,-0.0012187964,-4.3637752e-05,0.3198309,-0.0024792808,-0.005549662,-0.0030374709,-0.008838554
LHFPL1,-0.0009295934,0.23502296,0.23351063,-0.0033331136,0.05671921,-0.0067878077,0.060185615,-0.0033513682,-0.0021431374,-0.0019420288,-0.00031377375,0.26282537,-0.0030452204,-0.0057385,-0.0021494639,-0.007877026
LHX1-DT,-0.0010877977,0.17144857,0.1876833,-0.0037049602,0.100572705,-0.006372791,0.138077,-0.0038450004,-0.0021608365,-0.0012187964,-4.3637752e-05,0.3198309,-0.0024792808,-0.005549662,-0.0030374709,-0.008838554
LIM2,-0.0010877977,0.17144857,0.1876833,-0.0037049602,0.100572705,-0.006372791,0.138077,-0.0038450004,-0.0021608365,-0.0012187964,-4.3637752e-05,0.3198309,-0.0024792808,-0.005549662,-0.0030374709,-0.008838554
LIMA1,-0.0010877977,0.17144857,0.1876833,-0.0037049602,0.100572705,-0.006372791,0.138077,-0.0038450004,-0.0021608365,-0.0012187964,-4.3637752e-05,0.3198309,-0.0024792808,-0.005549662,-0.0030374709,-0.008838554
LIME1,-0.0010854688,0.1711931,0.18703876,-0.0036925934,0.10176022,-0.0063687433,0.13710022,-0.0038363712,-0.00216816,-0.0012107297,-5.571574e-05,0.31890267,-0.002474257,-0.00555305,-0.0030352746,-0.00882335
LIN7B,-0.0010877977,0.17144857,0.1876833,-0.0037049602,0.100572705,-0.006372791,0.138077,-0.0038450004,-0.0021608365,-0.0012187964,-4.3637752e-05,0.3198309,-0.0024792808,-0.005549662,-0.0030374709,-0.008838554
LINC00092,-0.0024028372,0.14182375,0.17411347,-0.0032979446,0.12671724,-0.0047784946,0.22053382,-0.003142426,-0.002132023,-5.7776717e-05,0.099481106,0.4492431,-0.0011321158,-0.0056580584,-0.0022945162,-0.008637294
LINC00237,-0.0010877977,0.17144857,0.1876833,-0.0037049602,0.100572705,-0.006372791,0.138077,-0.0038450004,-0.0021608365,-0.0012187964,-4.3637752e-05,0.3198309,-0.0024792808,-0.005549662,-0.0030374709,-0.008838554
LINC00240,-0.0010827201,0.17221534,0.18773453,-0.0037098299,0.09967679,-0.006372278,0.1379404,-0.0038487294,-0.0021521854,-0.001214117,-4.2605698e-05,0.3190115,-0.0024717343,-0.005547055,-0.003045626,-0.0088465875
LINC00243,-0.0010877977,0.17144857,0.1876833,-0.0037049602,0.100572705,-0.006372791,0.138077,-0.0038450004,-0.0021608365,-0.0012187964,-4.3637752e-05,0.3198309,-0.0024792808,-0.005549662,-0.0030374709,-0.008838554
LINC00299,-0.0010877977,0.17144857,0.1876833,-0.0037049602,0.100572705,-0.006372791,0.138077,-0.0038450004,-0.0021608365,-0.0012187964,-4.3637752e-05,0.3198309,-0.0024792808,-0.005549662,-0.0030374709,-0.008838554
LINC00323,-0.0010877977,0.17144857,0.1876833,-0.0037049602,0.100572705,-0.006372791,0.138077,-0.0038450004,-0.0021608365,-0.0012187964,-4.3637752e-05,0.3198309,-0.0024792808,-0.005549662,-0.0030374709,-0.008838554
LINC00390,-0.0010877977,0.17144857,0.1876833,-0.0037049602,0.100572705,-0.006372791,0.138077,-0.0038450004,-0.0021608365,-0.0012187964,-4.3637752e-05,0.3198309,-0.0024792808,-0.005549662,-0.0030374709,-0.008838554
LINC00402,-0.0010877977,0.17144857,0.1876833,-0.0037049602,0.100572705,-0.006372791,0.138077,-0.0038450004,-0.0021608365,-0.0012187964,-4.3637752e-05,0.3198309,-0.0024792808,-0.005549662,-0.0030374709,-0.008838554
LINC00461,-0.0010877977,0.17144857,0.1876833,-0.0037049602,0.100572705,-0.006372791,0.138077,-0.0038450004,-0.0021608365,-0.0012187964,-4.3637752e-05,0.3198309,-0.0024792808,-0.005549662,-0.0030374709,-0.008838554
LINC00469,-0.0010877977,0.17144857,0.1876833,-0.0037049602,0.100572705,-0.006372791,0.138077,-0.0038450004,-0.0021608365,-0.0012187964,-4.3637752e-05,0.3198309,-0.0024792808,-0.005549662,-0.0030374709,-0.008838554
LINC00471,-0.0010877977,0.17144857,0.1876833,-0.0037049602,0.100572705,-0.006372791,0.138077,-0.0038450004,-0.0021608365,-0.0012187964,-4.3637752e-05,0.3198309,-0.0024792808,-0.005549662,-0.0030374709,-0.008838554
LINC00502,-0.0010877977,0.17144857,0.1876833,-0.0037049602,0.100572705,-0.006372791,0.138077,-0.0038450004,-0.0021608365,-0.0012187964,-4.3637752e-05,0.3198309,-0.0024792808,-0.005549662,-0.0030374709,-0.008838554
LINC00551,-0.0011537647,0.16816655,0.1970344,-0.003797574,0.09833139,-0.0063705854,0.122163825,-0.0039042453,-0.0022116425,-0.0011011281,0.00419046,0.32505834,-0.002397596,-0.005446845,-0.0031328867,-0.0088060945
LINC00554,-0.0010877977,0.17144857,0.1876833,-0.0037049602,0.100572705,-0.006372791,0.138077,-0.0038450004,-0.0021608365,-0.0012187964,-4.3637752e-05,0.3198309,-0.0024792808,-0.005549662,-0.0030374709,-0.008838554
LINC00563,-0.0010877977,0.17144857,0.1876833,-0.0037049602,0.100572705,-0.006372791,0.138077,-0.0038450004,-0.0021608365,-0.0012187964,-4.3637752e-05,0.3198309,-0.0024792808,-0.005549662,-0.0030374709,-0.008838554
LINC00582,-0.00093042135,0.2348218,0.23366047,-0.0033318293,0.056905776,-0.0067872885,0.060367078,-0.0033510828,-0.0021420114,-0.0019415858,-0.0003128761,0.2628999,-0.0030468786,-0.005736252,-0.0021482417,-0.007875979
LINC00612,-0.0010921574,0.17122777,0.18717916,-0.0037018275,0.100231886,-0.006369981,0.13741207,-0.0038436772,-0.0021610826,-0.0012123802,-4.996702e-05,0.3197165,-0.002474861,-0.005556675,-0.0030345058,-0.008831642
LINC00623,-0.0010881224,0.17235938,0.18760298,-0.003678239,0.10175776,-0.00637602,0.13847041,-0.0038462717,-0.002178619,-0.0012078114,-6.74127e-05,0.3180821,-0.0024902397,-0.005538306,-0.0030266482,-0.008828334
LINC00649,-0.0010877977,0.17144857,0.1876833,-0.0037049602,0.100572705,-0.006372791,0.138077,-0.0038450004,-0.0021608365,-0.0012187964,-4.3637752e-05,0.3198309,-0.0024792808,-0.005549662,-0.0030374709,-0.008838554
LINC00652,-0.0010877977,0.17144857,0.1876833,-0.0037049602,0.100572705,-0.006372791,0.138077,-0.0038450004,-0.0021608365,-0.0012187964,-4.3637752e-05,0.3198309,-0.0024792808,-0.005549662,-0.0030374709,-0.008838554
LINC00661,-0.0010877977,0.17144857,0.1876833,-0.0037049602,0.100572705,-0.006372791,0.138077,-0.0038450004,-0.0021608365,-0.0012187964,-4.3637752e-05,0.3198309,-0.0024792808,-0.005549662,-0.0030374709,-0.008838554
LINC00685,-0.0010877977,0.17144857,0.1876833,-0.0037049602,0.100572705,-0.006372791,0.138077,-0.0038450004,-0.0021608365,-0.0012187964,-4.3637752e-05,0.3198309,-0.0024792808,-0.005549662,-0.0030374709,-0.008838554
LINC00850,-0.0010877977,0.17144857,0.1876833,-0.0037049602,0.100572705,-0.006372791,0.138077,-0.0038450004,-0.0021608365,-0.0012187964,-4.3637752e-05,0.3198309,-0.0024792808,-0.005549662,-0.0030374709,-0.008838554
LINC00867,-0.0010877977,0.17144857,0.1876833,-0.0037049602,0.100572705,-0.006372791,0.138077,-0.0038450004,-0.0021608365,-0.0012187964,-4.3637752e-05,0.3198309,-0.0024792808,-0.005549662,-0.0030374709,-0.008838554
LINC00882,-0.0010877977,0.17144857,0.1876833,-0.0037049602,0.100572705,-0.006372791,0.138077,-0.0038450004,-0.0021608365,-0.0012187964,-4.3637752e-05,0.3198309,-0.0024792808,-0.005549662,-0.0030374709,-0.008838554
LINC00926,-0.0010877977,0.17144857,0.1876833,-0.0037049602,0.100572705,-0.006372791,0.138077,-0.0038450004,-0.0021608365,-0.0012187964,-4.3637752e-05,0.3198309,-0.0024792808,-0.005549662,-0.0030374709,-0.008838554
LINC00944,-0.0010877977,0.17144857,0.1876833,-0.0037049602,0.100572705,-0.006372791,0.138077,-0.0038450004,-0.0021608365,-0.0012187964,-4.3637752e-05,0.3198309,-0.0024792808,-0.005549662,-0.0030374709,-0.008838554
LINC00970,-0.0010877977,0.17144857,0.1876833,-0.0037049602,0.100572705,-0.006372791,0.138077,-0.0038450004,-0.0021608365,-0.0012187964,-4.3637752e-05,0.3198309,-0.0024792808,-0.005549662,-0.0030374709,-0.008838554
LINC01004,-0.0010877977,0.17144857,0.1876833,-0.0037049602,0.100572705,-0.006372791,0.138077,-0.0038450004,-0.0021608365,-0.0012187964,-4.3637752e-05,0.3198309,-0.0024792808,-0.005549662,-0.0030374709,-0.008838554
LINC01033,-0.0010865865,0.17132783,0.18773906,-0.0037042361,0.10051662,-0.006373171,0.13807106,-0.003844433,-0.0021615266,-0.0012198209,-4.311681e-05,0.31986457,-0.0024797171,-0.005550358,-0.0030363512,-0.008839263
LINC01063,-0.0010877977,0.17144857,0.1876833,-0.0037049602,0.100572705,-0.006372791,0.138077,-0.0038450004,-0.0021608365,-0.0012187964,-4.3637752e-05,0.3198309,-0.0024792808,-0.005549662,-0.0030374709,-0.008838554
LINC01077,-0.0010877977,0.17144857,0.1876833,-0.0037049602,0.100572705,-0.006372791,0.138077,-0.0038450004,-0.0021608365,-0.0012187964,-4.3637752e-05,0.3198309,-0.0024792808,-0.005549662,-0.0030374709,-0.008838554
LINC01135,-0.0010877977,0.17144857,0.1876833,-0.0037049602,0.100572705,-0.006372791,0.138077,-0.0038450004,-0.0021608365,-0.0012187964,-4.3637752e-05,0.3198309,-0.0024792808,-0.005549662,-0.0030374709,-0.008838554
LINC01151,-0.0010926921,0.17443399,0.18684308,-0.003707161,0.101628415,-0.0063618645,0.1368367,-0.0038593658,-0.00217336,-0.0012044624,-5.587235e-05,0.32127184,-0.0024549821,-0.0055243038,-0.0030341959,-0.008839144
LINC01232,-0.0010877977,0.17144857,0.1876833,-0.0037049602,0.100572705,-0.006372791,0.138077,-0.0038450004,-0.0021608365,-0.0012187964,-4.3637752e-05,0.3198309,-0.0024792808,-0.005549662,-0.0030374709,-0.008838554
LINC01237,-0.0023990087,0.14228746,0.17437176,-0.003303001,0.12613109,-0.0047778003,0.220225,-0.003142966,-0.0021215233,-5.013928e-05,0.099339865,0.44814324,-0.0011216949,-0.005656153,-0.002306206,-0.008643981
LINC01278,-0.0010877977,0.17144857,0.1876833,-0.0037049602,0.100572705,-0.006372791,0.138077,-0.0038450004,-0.0021608365,-0.0012187964,-4.3637752e-05,0.3198309,-0.0024792808,-0.005549662,-0.0030374709,-0.008838554
LINC01315,-0.000969918,0.19252154,0.14411108,-0.003343508,0.065803945,-0.006128726,0.045009013,-0.0042504813,-0.0015904757,-0.0017235641,0.020330593,0.33744806,-0.0015573568,-0.004440171,-0.002421792,-0.007847975
LINC01381,-0.0010877977,0.17144857,0.1876833,-0.0037049602,0.100572705,-0.006372791,0.138077,-0.0038450004,-0.0021608365,-0.0012187964,-4.3637752e-05,0.3198309,-0.0024792808,-0.005549662,-0.0030374709,-0.008838554
LINC01413,-0.0010877977,0.17144857,0.1876833,-0.0037049602,0.100572705,-0.006372791,0.138077,-0.0038450004,-0.0021608365,-0.0012187964,-4.3637752e-05,0.3198309,-0.0024792808,-0.005549662,-0.0030374709,-0.008838554
LINC01426,-0.0010877977,0.17144857,0.1876833,-0.0037049602,0.100572705,-0.006372791,0.138077,-0.0038450004,-0.0021608365,-0.0012187964,-4.3637752e-05,0.3198309,-0.0024792808,-0.005549662,-0.0030374709,-0.008838554
LINC01431,-0.0010877977,0.17144857,0.1876833,-0.0037049602,0.100572705,-0.006372791,0.138077,-0.0038450004,-0.0021608365,-0.0012187964,-4.3637752e-05,0.3198309,-0.0024792808,-0.005549662,-0.0030374709,-0.008838554
LINC01524,-0.001164344,0.1679719,0.19784544,-0.0037901436,0.097758576,-0.0063657993,0.121340975,-0.003908195,-0.002216694,-0.0010950961,0.0041776597,0.32457197,-0.002399065,-0.005445038,-0.0031413883,-0.008809076
LINC01550,-0.001507132,0.18077923,0.09198336,-0.0031377012,0.113401845,-0.006761426,0.07194908,-0.0030462826,-0.0031032118,-0.0022621867,-0.00018653348,0.23050334,-0.0028791283,-0.005205046,-0.0033815864,-0.008723939
LINC01585,-0.00215644,0.14221673,0.11862795,-0.0031822633,0.1554724,-0.0053864378,0.03650564,-0.0029831466,-0.0025953832,-0.0018564212,-0.000255616,0.36942196,-0.0021376403,-0.005569122,-0.001695756,-0.0073465994
LINC01588,-0.001085407,0.17205968,0.18749638,-0.003699575,0.09980859,-0.0063624983,0.13736963,-0.0038411943,-0.002152097,-0.0012119242,-4.73845e-05,0.31911975,-0.0024809137,-0.005560232,-0.0030426607,-0.00884221
LINC01679,-0.0010877977,0.17144857,0.1876833,-0.0037049602,0.100572705,-0.006372791,0.138077,-0.0038450004,-0.0021608365,-0.0012187964,-4.3637752e-05,0.3198309,-0.0024792808,-0.005549662,-0.0030374709,-0.008838554
LINC01695,-0.0010877977,0.17144857,0.1876833,-0.0037049602,0.100572705,-0.006372791,0.138077,-0.0038450004,-0.0021608365,-0.0012187964,-4.3637752e-05,0.3198309,-0.0024792808,-0.005549662,-0.0030374709,-0.008838554
LINC01716,-0.0010877977,0.17144857,0.1876833,-0.0037049602,0.100572705,-0.006372791,0.138077,-0.0038450004,-0.0021608365,-0.0012187964,-4.3637752e-05,0.3198309,-0.0024792808,-0.005549662,-0.0030374709,-0.008838554
LINC01725,-0.0010877977,0.17144857,0.1876833,-0.0037049602,0.100572705,-0.006372791,0.138077,-0.0038450004,-0.0021608365,-0.0012187964,-4.3637752e-05,0.3198309,-0.0024792808,-0.005549662,-0.0030374709,-0.008838554
LINC01727,-0.0010877977,0.17144857,0.1876833,-0.0037049602,0.100572705,-0.006372791,0.138077,-0.0038450004,-0.0021608365,-0.0012187964,-4.3637752e-05,0.3198309,-0.0024792808,-0.005549662,-0.0030374709,-0.008838554
LINC01764,-0.0010877977,0.17144857,0.1876833,-0.0037049602,0.100572705,-0.006372791,0.138077,-0.0038450004,-0.0021608365,-0.0012187964,-4.3637752e-05,0.3198309,-0.0024792808,-0.005549662,-0.0030374709,-0.008838554
LINC01765,0.03431277,0.040421046,0.23776652,-0.0037278633,0.05029433,-0.005605338,0.24547558,-0.005074939,-0.0031404165,-0.00063511956,-0.0006497684,0.35081488,-0.0024347692,-0.005445791,-0.0030489166,-0.0073359087
LINC01775,-0.0010877025,0.17143157,0.18762662,-0.0037047588,0.100559175,-0.006372378,0.13808808,-0.0038446714,-0.0021609736,-0.0012192121,-4.4115484e-05,0.31978244,-0.0024791057,-0.005549787,-0.003037439,-0.008838984
LINC01778,-0.0010877977,0.17144857,0.1876833,-0.0037049602,0.100572705,-0.006372791,0.138077,-0.0038450004,-0.0021608365,-0.0012187964,-4.3637752e-05,0.3198309,-0.0024792808,-0.005549662,-0.0030374709,-0.008838554
LINC01780,-0.001087727,0.1714377,0.1876375,-0.0037046217,0.10054491,-0.0063724616,0.13807371,-0.0038452481,-0.0021604009,-0.0012189316,-4.3976754e-05,0.31983286,-0.002478898,-0.005549348,-0.0030372092,-0.008838146
LINC01792,-0.0010888542,0.17235915,0.18812059,-0.0036913478,0.100623675,-0.006379894,0.13929024,-0.003855944,-0.0021685609,-0.0012154165,-5.6066958e-05,0.31897217,-0.002493243,-0.005536244,-0.0030284035,-0.0088438485
LINC01805,-0.0010877977,0.17144857,0.1876833,-0.0037049602,0.100572705,-0.006372791,0.138077,-0.0038450004,-0.0021608365,-0.0012187964,-4.3637752e-05,0.3198309,-0.0024792808,-0.005549662,-0.0030374709,-0.008838554
LINC01816,-0.0010877977,0.17144857,0.1876833,-0.0037049602,0.100572705,-0.006372791,0.138077,-0.0038450004,-0.0021608365,-0.0012187964,-4.3637752e-05,0.3198309,-0.0024792808,-0.005549662,-0.0030374709,-0.008838554
LINC01825,-0.0010877977,0.17144857,0.1876833,-0.0037049602,0.100572705,-0.006372791,0.138077,-0.0038450004,-0.0021608365,-0.0012187964,-4.3637752e-05,0.3198309,-0.0024792808,-0.005549662,-0.0030374709,-0.008838554
LINC01829,-0.0010877977,0.17144857,0.1876833,-0.0037049602,0.100572705,-0.006372791,0.138077,-0.0038450004,-0.0021608365,-0.0012187964,-4.3637752e-05,0.3198309,-0.0024792808,-0.005549662,-0.0030374709,-0.008838554
LINC01841,-0.0010877977,0.17144857,0.1876833,-0.0037049602,0.100572705,-0.006372791,0.138077,-0.0038450004,-0.0021608365,-0.0012187964,-4.3637752e-05,0.3198309,-0.0024792808,-0.005549662,-0.0030374709,-0.008838554
LINC01843,-0.0010877977,0.17144857,0.1876833,-0.0037049602,0.100572705,-0.006372791,0.138077,-0.0038450004,-0.0021608365,-0.0012187964,-4.3637752e-05,0.3198309,-0.0024792808,-0.005549662,-0.0030374709,-0.008838554
LINC01857,-0.0010877977,0.17144857,0.1876833,-0.0037049602,0.100572705,-0.006372791,0.138077,-0.0038450004,-0.0021608365,-0.0012187964,-4.3637752e-05,0.3198309,-0.0024792808,-0.005549662,-0.0030374709,-0.008838554
LINC01865,0.03431277,0.040421046,0.23776652,-0.0037278633,0.05029433,-0.005605338,0.24547558,-0.005074939,-0.0031404165,-0.00063511956,-0.0006497684,0.35081488,-0.0024347692,-0.005445791,-0.0030489166,-0.0073359087
LINC01870,-0.0010860863,0.1710268,0.18784754,-0.003701256,0.101284705,-0.0063759047,0.13832788,-0.003836179,-0.0021499465,-0.0012161382,-5.2752046e-05,0.319309,-0.0024700572,-0.005540353,-0.0030260198,-0.008839308
LINC01871,-0.0010877977,0.17144857,0.1876833,-0.0037049602,0.100572705,-0.006372791,0.138077,-0.0038450004,-0.0021608365,-0.0012187964,-4.3637752e-05,0.3198309,-0.0024792808,-0.005549662,-0.0030374709,-0.008838554
LINC01872,-0.0010877977,0.17144857,0.1876833,-0.0037049602,0.100572705,-0.006372791,0.138077,-0.0038450004,-0.0021608365,-0.0012187964,-4.3637752e-05,0.3198309,-0.0024792808,-0.005549662,-0.0030374709,-0.008838554
LINC01876,-0.0010877977,0.17144857,0.1876833,-0.0037049602,0.100572705,-0.006372791,0.138077,-0.0038450004,-0.0021608365,-0.0012187964,-4.3637752e-05,0.3198309,-0.0024792808,-0.005549662,-0.0030374709,-0.008838554
LINC01887,-0.0010877977,0.17144857,0.1876833,-0.0037049602,0.100572705,-0.006372791,0.138077,-0.0038450004,-0.0021608365,-0.0012187964,-4.3637752e-05,0.3198309,-0.0024792808,-0.005549662,-0.0030374709,-0.008838554
LINC01891,-0.0010827201,0.17221534,0.18773453,-0.0037098299,0.09967679,-0.006372278,0.1379404,-0.0038487294,-0.0021521854,-0.001214117,-4.2605698e-05,0.3190115,-0.0024717343,-0.005547055,-0.003045626,-0.0088465875
LINC01895,-0.0010877977,0.17144857,0.1876833,-0.0037049602,0.100572705,-0.006372791,0.138077,-0.0038450004,-0.0021608365,-0.0012187964,-4.3637752e-05,0.3198309,-0.0024792808,-0.005549662,-0.0030374709,-0.008838554
LINC01964,-0.0010877977,0.17144857,0.1876833,-0.0037049602,0.100572705,-0.006372791,0.138077,-0.0038450004,-0.0021608365,-0.0012187964,-4.3637752e-05,0.3198309,-0.0024792808,-0.005549662,-0.0030374709,-0.008838554
LINC01970,-0.0010877977,0.17144857,0.1876833,-0.0037049602,0.100572705,-0.006372791,0.138077,-0.0038450004,-0.0021608365,-0.0012187964,-4.3637752e-05,0.3198309,-0.0024792808,-0.005549662,-0.0030374709,-0.008838554
LINC01973,-0.0010877977,0.17144857,0.1876833,-0.0037049602,0.100572705,-0.006372791,0.138077,-0.0038450004,-0.0021608365,-0.0012187964,-4.3637752e-05,0.3198309,-0.0024792808,-0.005549662,-0.0030374709,-0.008838554
LINC01983,-0.0010877977,0.17144857,0.1876833,-0.0037049602,0.100572705,-0.006372791,0.138077,-0.0038450004,-0.0021608365,-0.0012187964,-4.3637752e-05,0.3198309,-0.0024792808,-0.005549662,-0.0030374709,-0.008838554
LINC01985,-0.0010877977,0.17144857,0.1876833,-0.0037049602,0.100572705,-0.006372791,0.138077,-0.0038450004,-0.0021608365,-0.0012187964,-4.3637752e-05,0.3198309,-0.0024792808,-0.005549662,-0.0030374709,-0.008838554
LINC01986,-0.0010877977,0.17144857,0.1876833,-0.0037049602,0.100572705,-0.006372791,0.138077,-0.0038450004,-0.0021608365,-0.0012187964,-4.3637752e-05,0.3198309,-0.0024792808,-0.005549662,-0.0030374709,-0.008838554
LINC01991,-0.0011537647,0.16816655,0.1970344,-0.003797574,0.09833139,-0.0063705854,0.122163825,-0.0039042453,-0.0022116425,-0.0011011281,0.00419046,0.32505834,-0.002397596,-0.005446845,-0.0031328867,-0.0088060945
LINC02022,-0.0010877977,0.17144857,0.1876833,-0.0037049602,0.100572705,-0.006372791,0.138077,-0.0038450004,-0.0021608365,-0.0012187964,-4.3637752e-05,0.3198309,-0.0024792808,-0.005549662,-0.0030374709,-0.008838554
LINC02029,-0.0010854688,0.1711931,0.18703876,-0.0036925934,0.10176022,-0.0063687433,0.13710022,-0.0038363712,-0.00216816,-0.0012107297,-5.571574e-05,0.31890267,-0.002474257,-0.00555305,-0.0030352746,-0.00882335
LINC02042,-0.0010877977,0.17144857,0.1876833,-0.0037049602,0.100572705,-0.006372791,0.138077,-0.0038450004,-0.0021608365,-0.0012187964,-4.3637752e-05,0.3198309,-0.0024792808,-0.005549662,-0.0030374709,-0.008838554
LINC02084,-0.0010877977,0.17144857,0.1876833,-0.0037049602,0.100572705,-0.006372791,0.138077,-0.0038450004,-0.0021608365,-0.0012187964,-4.3637752e-05,0.3198309,-0.0024792808,-0.005549662,-0.0030374709,-0.008838554
LINC02125,-0.0010877977,0.17144857,0.1876833,-0.0037049602,0.100572705,-0.006372791,0.138077,-0.0038450004,-0.0021608365,-0.0012187964,-4.3637752e-05,0.3198309,-0.0024792808,-0.005549662,-0.0030374709,-0.008838554
LINC02129,-0.0002692328,0.27971274,0.22195147,-0.0037043164,0.082768336,-0.0067989584,0.22432944,-0.004607583,-0.0010071482,-0.001748669,0.025050335,0.2262759,-0.0034180966,-0.0048718187,-0.002874353,-0.007857948
LINC02132,-0.0010877977,0.17144857,0.1876833,-0.0037049602,0.100572705,-0.006372791,0.138077,-0.0038450004,-0.0021608365,-0.0012187964,-4.3637752e-05,0.3198309,-0.0024792808,-0.005549662,-0.0030374709,-0.008838554
LINC02136,-0.0010877977,0.17144857,0.1876833,-0.0037049602,0.100572705,-0.006372791,0.138077,-0.0038450004,-0.0021608365,-0.0012187964,-4.3637752e-05,0.3198309,-0.0024792808,-0.005549662,-0.0030374709,-0.008838554
LINC02175,-0.0002692328,0.27971274,0.22195147,-0.0037043164,0.082768336,-0.0067989584,0.22432944,-0.004607583,-0.0010071482,-0.001748669,0.025050335,0.2262759,-0.0034180966,-0.0048718187,-0.002874353,-0.007857948
LINC02197,-0.0010877977,0.17144857,0.1876833,-0.0037049602,0.100572705,-0.006372791,0.138077,-0.0038450004,-0.0021608365,-0.0012187964,-4.3637752e-05,0.3198309,-0.0024792808,-0.005549662,-0.0030374709,-0.008838554
LINC02265,-0.0010877977,0.17144857,0.1876833,-0.0037049602,0.100572705,-0.006372791,0.138077,-0.0038450004,-0.0021608365,-0.0012187964,-4.3637752e-05,0.3198309,-0.0024792808,-0.005549662,-0.0030374709,-0.008838554
LINC02273,-0.0010877977,0.17144857,0.1876833,-0.0037049602,0.100572705,-0.006372791,0.138077,-0.0038450004,-0.0021608365,-0.0012187964,-4.3637752e-05,0.3198309,-0.0024792808,-0.005549662,-0.0030374709,-0.008838554
LINC02288,-0.0010877977,0.17144857,0.1876833,-0.0037049602,0.100572705,-0.006372791,0.138077,-0.0038450004,-0.0021608365,-0.0012187964,-4.3637752e-05,0.3198309,-0.0024792808,-0.005549662,-0.0030374709,-0.008838554
LINC02299,-0.0010877977,0.17144857,0.1876833,-0.0037049602,0.100572705,-0.006372791,0.138077,-0.0038450004,-0.0021608365,-0.0012187964,-4.3637752e-05,0.3198309,-0.0024792808,-0.005549662,-0.0030374709,-0.008838554
LINC02320,-0.0010877977,0.17144857,0.1876833,-0.0037049602,0.100572705,-0.006372791,0.138077,-0.0038450004,-0.0021608365,-0.0012187964,-4.3637752e-05,0.3198309,-0.0024792808,-0.005549662,-0.0030374709,-0.008838554
LINC02321,-0.0010977697,0.1736672,0.18679185,-0.003702291,0.10252433,-0.0063623767,0.13697329,-0.003855637,-0.0021820106,-0.0012091416,-5.6904402e-05,0.32209125,-0.0024625286,-0.005526911,-0.0030260407,-0.00883111
LINC02323,-0.0010877977,0.17144857,0.1876833,-0.0037049602,0.100572705,-0.006372791,0.138077,-0.0038450004,-0.0021608365,-0.0012187964,-4.3637752e-05,0.3198309,-0.0024792808,-0.005549662,-0.0030374709,-0.008838554
LINC02336,-0.0010877977,0.17144857,0.1876833,-0.0037049602,0.100572705,-0.006372791,0.138077,-0.0038450004,-0.0021608365,-0.0012187964,-4.3637752e-05,0.3198309,-0.0024792808,-0.005549662,-0.0030374709,-0.008838554
LINC02399,0.03431277,0.040421046,0.23776652,-0.0037278633,0.05029433,-0.005605338,0.24547558,-0.005074939,-0.0031404165,-0.00063511956,-0.0006497684,0.35081488,-0.0024347692,-0.005445791,-0.0030489166,-0.0073359087
LINC02404,-0.0011671075,0.14843172,0.16338821,-0.003698116,0.07114078,-0.0063557927,0.11208819,-0.003480601,-0.0025679201,-0.0016585044,0.035571404,0.33928636,-0.0019252391,-0.0054985806,-0.003232858,-0.009082847
LINC02426,-0.0010877977,0.17144857,0.1876833,-0.0037049602,0.100572705,-0.006372791,0.138077,-0.0038450004,-0.0021608365,-0.0012187964,-4.3637752e-05,0.3198309,-0.0024792808,-0.005549662,-0.0030374709,-0.008838554
LINC02442,-0.0010877977,0.17144857,0.1876833,-0.0037049602,0.100572705,-0.006372791,0.138077,-0.0038450004,-0.0021608365,-0.0012187964,-4.3637752e-05,0.3198309,-0.0024792808,-0.005549662,-0.0030374709,-0.008838554
LINC02446,-0.0011671075,0.14843172,0.16338821,-0.003698116,0.07114078,-0.0063557927,0.11208819,-0.003480601,-0.0025679201,-0.0016585044,0.035571404,0.33928636,-0.0019252391,-0.0054985806,-0.003232858,-0.009082847
LINC02447,-0.0010877977,0.17144857,0.1876833,-0.0037049602,0.100572705,-0.006372791,0.138077,-0.0038450004,-0.0021608365,-0.0012187964,-4.3637752e-05,0.3198309,-0.0024792808,-0.005549662,-0.0030374709,-0.008838554
LINC02452,-0.0010877977,0.17144857,0.1876833,-0.0037049602,0.100572705,-0.006372791,0.138077,-0.0038450004,-0.0021608365,-0.0012187964,-4.3637752e-05,0.3198309,-0.0024792808,-0.005549662,-0.0030374709,-0.008838554
LINC02455,-0.0010877977,0.17144857,0.1876833,-0.0037049602,0.100572705,-0.006372791,0.138077,-0.0038450004,-0.0021608365,-0.0012187964,-4.3637752e-05,0.3198309,-0.0024792808,-0.005549662,-0.0030374709,-0.008838554
LINC02520,-0.000969918,0.19252154,0.14411108,-0.003343508,0.065803945,-0.006128726,0.045009013,-0.0042504813,-0.0015904757,-0.0017235641,0.020330593,0.33744806,-0.0015573568,-0.004440171,-0.002421792,-0.007847975
LINC02558,-0.0010877977,0.17144857,0.1876833,-0.0037049602,0.100572705,-0.006372791,0.138077,-0.0038450004,-0.0021608365,-0.0012187964,-4.3637752e-05,0.3198309,-0.0024792808,-0.005549662,-0.0030374709,-0.008838554
LINC02561,-0.0010888542,0.17235915,0.18812059,-0.0036913478,0.100623675,-0.006379894,0.13929024,-0.003855944,-0.0021685609,-0.0012154165,-5.6066958e-05,0.31897217,-0.002493243,-0.005536244,-0.0030284035,-0.0088438485
LINC02569,-0.002401984,0.14136605,0.17437588,-0.003298497,0.12720475,-0.004778257,0.22053146,-0.0031373922,-0.0021315878,-5.279526e-05,0.09906979,0.44895202,-0.0011298301,-0.005659596,-0.0022989458,-0.008633399
LINC02580,-0.0010869089,0.17134966,0.18782078,-0.0036940794,0.100582406,-0.006382549,0.13769183,-0.0038530873,-0.0021651604,-0.0012235153,-5.4287164e-05,0.32054484,-0.0024698982,-0.005544982,-0.0030479955,-0.008847117
LINC02685,-0.000969918,0.19252154,0.14411108,-0.003343508,0.065803945,-0.006128726,0.045009013,-0.0042504813,-0.0015904757,-0.0017235641,0.020330593,0.33744806,-0.0015573568,-0.004440171,-0.002421792,-0.007847975
LINC02694,-0.00086878025,0.13297671,0.1953061,-0.0037054007,0.09132304,-0.0061247097,0.1678289,-0.0037718385,-0.0017242831,-0.0013315682,-0.00016426771,0.31021953,-0.0023178183,-0.005418307,-0.0034319286,-0.008577738
LINC02695,-0.0010877977,0.17144857,0.1876833,-0.0037049602,0.100572705,-0.006372791,0.138077,-0.0038450004,-0.0021608365,-0.0012187964,-4.3637752e-05,0.3198309,-0.0024792808,-0.005549662,-0.0030374709,-0.008838554
LINC02696,-0.0010877977,0.17144857,0.1876833,-0.0037049602,0.100572705,-0.006372791,0.138077,-0.0038450004,-0.0021608365,-0.0012187964,-4.3637752e-05,0.3198309,-0.0024792808,-0.005549662,-0.0030374709,-0.008838554
LINC02725,-0.0010877977,0.17144857,0.1876833,-0.0037049602,0.100572705,-0.006372791,0.138077,-0.0038450004,-0.0021608365,-0.0012187964,-4.3637752e-05,0.3198309,-0.0024792808,-0.005549662,-0.0030374709,-0.008838554
LINC02730,-0.0010877977,0.17144857,0.1876833,-0.0037049602,0.100572705,-0.006372791,0.138077,-0.0038450004,-0.0021608365,-0.0012187964,-4.3637752e-05,0.3198309,-0.0024792808,-0.005549662,-0.0030374709,-0.008838554
LINC02761,-0.0010877977,0.17144857,0.1876833,-0.0037049602,0.100572705,-0.006372791,0.138077,-0.0038450004,-0.0021608365,-0.0012187964,-4.3637752e-05,0.3198309,-0.0024792808,-0.005549662,-0.0030374709,-0.008838554
LINC02768,-0.0010877977,0.17144857,0.1876833,-0.0037049602,0.100572705,-0.006372791,0.138077,-0.0038450004,-0.0021608365,-0.0012187964,-4.3637752e-05,0.3198309,-0.0024792808,-0.005549662,-0.0030374709,-0.008838554
LINC02774,-0.0010888542,0.17235915,0.18812059,-0.0036913478,0.100623675,-0.006379894,0.13929024,-0.003855944,-0.0021685609,-0.0012154165,-5.6066958e-05,0.31897217,-0.002493243,-0.005536244,-0.0030284035,-0.0088438485
LINC02828,-0.0010877977,0.17144857,0.1876833,-0.0037049602,0.100572705,-0.006372791,0.138077,-0.0038450004,-0.0021608365,-0.0012187964,-4.3637752e-05,0.3198309,-0.0024792808,-0.005549662,-0.0030374709,-0.008838554
LINC02851,-0.0010877977,0.17144857,0.1876833,-0.0037049602,0.100572705,-0.006372791,0.138077,-0.0038450004,-0.0021608365,-0.0012187964,-4.3637752e-05,0.3198309,-0.0024792808,-0.005549662,-0.0030374709,-0.008838554
LINGO2,0.03431277,0.040421046,0.23776652,-0.0037278633,0.05029433,-0.005605338,0.24547558,-0.005074939,-0.0031404165,-0.00063511956,-0.0006497684,0.35081488,-0.0024347692,-0.005445791,-0.0030489166,-0.0073359087
LINGO4,-0.0010877977,0.17144857,0.1876833,-0.0037049602,0.100572705,-0.006372791,0.138077,-0.0038450004,-0.0021608365,-0.0012187964,-4.3637752e-05,0.3198309,-0.0024792808,-0.005549662,-0.0030374709,-0.008838554
LIPC,-0.0010877977,0.17144857,0.1876833,-0.0037049602,0.100572705,-0.006372791,0.138077,-0.0038450004,-0.0021608365,-0.0012187964,-4.3637752e-05,0.3198309,-0.0024792808,-0.005549662,-0.0030374709,-0.008838554
LIX1-AS1,-0.0010877977,0.17144857,0.1876833,-0.0037049602,0.100572705,-0.006372791,0.138077,-0.0038450004,-0.0021608365,-0.0012187964,-4.3637752e-05,0.3198309,-0.0024792808,-0.005549662,-0.0030374709,-0.008838554
LLGL2,-0.0010877977,0.17144857,0.1876833,-0.0037049602,0.100572705,-0.006372791,0.138077,-0.0038450004,-0.0021608365,-0.0012187964,-4.3637752e-05,0.3198309,-0.0024792808,-0.005549662,-0.0030374709,-0.008838554
LMTK3,-0.0010877977,0.17144857,0.1876833,-0.0037049602,0.100572705,-0.006372791,0.138077,-0.0038450004,-0.0021608365,-0.0012187964,-4.3637752e-05,0.3198309,-0.0024792808,-0.005549662,-0.0030374709,-0.008838554
LNCTAM34A,-0.0010877977,0.17144857,0.1876833,-0.0037049602,0.100572705,-0.006372791,0.138077,-0.0038450004,-0.0021608365,-0.0012187964,-4.3637752e-05,0.3198309,-0.0024792808,-0.005549662,-0.0030374709,-0.008838554
LPAR3,0.010716096,0.30461413,0.27555144,-0.003331626,0.029851727,-0.0069653755,0.17637144,-0.0040405034,-0.00055176957,-0.0025842306,-0.00013936505,0.15973353,-0.003824232,-0.004927054,-0.0023795816,-0.0066345567
LPGAT1-AS1,-0.0010877977,0.17144857,0.1876833,-0.0037049602,0.100572705,-0.006372791,0.138077,-0.0038450004,-0.0021608365,-0.0012187964,-4.3637752e-05,0.3198309,-0.0024792808,-0.005549662,-0.0030374709,-0.008838554
LRAT,-0.0010877977,0.17144857,0.1876833,-0.0037049602,0.100572705,-0.006372791,0.138077,-0.0038450004,-0.0021608365,-0.0012187964,-4.3637752e-05,0.3198309,-0.0024792808,-0.005549662,-0.0030374709,-0.008838554
LRFN2,-0.0010877977,0.17144857,0.1876833,-0.0037049602,0.100572705,-0.006372791,0.138077,-0.0038450004,-0.0021608365,-0.0012187964,-4.3637752e-05,0.3198309,-0.0024792808,-0.005549662,-0.0030374709,-0.008838554
LRIF1,-0.0010877977,0.17144857,0.1876833,-0.0037049602,0.100572705,-0.006372791,0.138077,-0.0038450004,-0.0021608365,-0.0012187964,-4.3637752e-05,0.3198309,-0.0024792808,-0.005549662,-0.0030374709,-0.008838554
LRIG1,-0.0010877977,0.17144857,0.1876833,-0.0037049602,0.100572705,-0.006372791,0.138077,-0.0038450004,-0.0021608365,-0.0012187964,-4.3637752e-05,0.3198309,-0.0024792808,-0.005549662,-0.0030374709,-0.008838554
LRMDA,-0.0010877977,0.17144857,0.1876833,-0.0037049602,0.100572705,-0.006372791,0.138077,-0.0038450004,-0.0021608365,-0.0012187964,-4.3637752e-05,0.3198309,-0.0024792808,-0.005549662,-0.0030374709,-0.008838554
LRP1B,-0.0010869089,0.17134966,0.18782078,-0.0036940794,0.100582406,-0.006382549,0.13769183,-0.0038530873,-0.0021651604,-0.0012235153,-5.4287164e-05,0.32054484,-0.0024698982,-0.005544982,-0.0030479955,-0.008847117
LRP2,-0.0010877977,0.17144857,0.1876833,-0.0037049602,0.100572705,-0.006372791,0.138077,-0.0038450004,-0.0021608365,-0.0012187964,-4.3637752e-05,0.3198309,-0.0024792808,-0.005549662,-0.0030374709,-0.008838554
LRP5,-0.0010877977,0.17144857,0.1876833,-0.0037049602,0.100572705,-0.006372791,0.138077,-0.0038450004,-0.0021608365,-0.0012187964,-4.3637752e-05,0.3198309,-0.0024792808,-0.005549662,-0.0030374709,-0.008838554
LRP6,-0.00093042135,0.2348218,0.23366047,-0.0033318293,0.056905776,-0.0067872885,0.060367078,-0.0033510828,-0.0021420114,-0.0019415858,-0.0003128761,0.2628999,-0.0030468786,-0.005736252,-0.0021482417,-0.007875979
LRRC14B,-0.0010877025,0.17143157,0.18762662,-0.0037047588,0.100559175,-0.006372378,0.13808808,-0.0038446714,-0.0021609736,-0.0012192121,-4.4115484e-05,0.31978244,-0.0024791057,-0.005549787,-0.003037439,-0.008838984
LRRC63,-0.0010877977,0.17144857,0.1876833,-0.0037049602,0.100572705,-0.006372791,0.138077,-0.0038450004,-0.0021608365,-0.0012187964,-4.3637752e-05,0.3198309,-0.0024792808,-0.005549662,-0.0030374709,-0.008838554
LRRC9,-0.0010877977,0.17144857,0.1876833,-0.0037049602,0.100572705,-0.006372791,0.138077,-0.0038450004,-0.0021608365,-0.0012187964,-4.3637752e-05,0.3198309,-0.0024792808,-0.005549662,-0.0030374709,-0.008838554
LRRCC1,-0.0010877977,0.17144857,0.1876833,-0.0037049602,0.100572705,-0.006372791,0.138077,-0.0038450004,-0.0021608365,-0.0012187964,-4.3637752e-05,0.3198309,-0.0024792808,-0.005549662,-0.0030374709,-0.008838554
LRRIQ3,-0.0010877977,0.17144857,0.1876833,-0.0037049602,0.100572705,-0.006372791,0.138077,-0.0038450004,-0.0021608365,-0.0012187964,-4.3637752e-05,0.3198309,-0.0024792808,-0.005549662,-0.0030374709,-0.008838554
LRRN1,-0.001089381,0.171263,0.18739955,-0.0037050454,0.100506864,-0.006373759,0.13777393,-0.0038477725,-0.0021629855,-0.001217528,-4.0855408e-05,0.32003343,-0.002479988,-0.0055524837,-0.0030372138,-0.008838606
LRRN3,-0.0010881322,0.17156605,0.18719245,-0.0037048582,0.1001971,-0.006373941,0.13794614,-0.0038509609,-0.0021648342,-0.0012204861,-3.841102e-05,0.32031387,-0.0024828622,-0.0055517815,-0.0030336797,-0.008839954
LRTM1,-0.00092931447,0.23478666,0.2336248,-0.0033327816,0.056878567,-0.006786752,0.06018337,-0.0033529797,-0.0021394396,-0.0019408499,-0.0003137192,0.2628217,-0.0030484567,-0.005737838,-0.0021500161,-0.007875839
LSR,-0.0010877977,0.17144857,0.1876833,-0.0037049602,0.100572705,-0.006372791,0.138077,-0.0038450004,-0.0021608365,-0.0012187964,-4.3637752e-05,0.3198309,-0.0024792808,-0.005549662,-0.0030374709,-0.008838554
LTBP1,-0.0010877977,0.17144857,0.1876833,-0.0037049602,0.100572705,-0.006372791,0.138077,-0.0038450004,-0.0021608365,-0.0012187964,-4.3637752e-05,0.3198309,-0.0024792808,-0.005549662,-0.0030374709,-0.008838554
LTBP3,-0.0010877977,0.17144857,0.1876833,-0.0037049602,0.100572705,-0.006372791,0.138077,-0.0038450004,-0.0021608365,-0.0012187964,-4.3637752e-05,0.3198309,-0.0024792808,-0.005549662,-0.0030374709,-0.008838554
LTBP4,-0.0024040863,0.1415207,0.17432056,-0.003298131,0.127027,-0.004778313,0.2203616,-0.0031392372,-0.002130174,-5.4818538e-05,0.09923667,0.44896266,-0.0011292415,-0.0056587597,-0.0022980506,-0.008635947
LURAP1,-0.0010877977,0.17144857,0.1876833,-0.0037049602,0.100572705,-0.006372791,0.138077,-0.0038450004,-0.0021608365,-0.0012187964,-4.3637752e-05,0.3198309,-0.0024792808,-0.005549662,-0.0030374709,-0.008838554
LY6E-DT,-0.0010877977,0.17144857,0.1876833,-0.0037049602,0.100572705,-0.006372791,0.138077,-0.0038450004,-0.0021608365,-0.0012187964,-4.3637752e-05,0.3198309,-0.0024792808,-0.005549662,-0.0030374709,-0.008838554
LY9,-0.0010877977,0.17144857,0.1876833,-0.0037049602,0.100572705,-0.006372791,0.138077,-0.0038450004,-0.0021608365,-0.0012187964,-4.3637752e-05,0.3198309,-0.0024792808,-0.005549662,-0.0030374709,-0.008838554
LZTS1,-0.0010877977,0.17144857,0.1876833,-0.0037049602,0.100572705,-0.006372791,0.138077,-0.0038450004,-0.0021608365,-0.0012187964,-4.3637752e-05,0.3198309,-0.0024792808,-0.005549662,-0.0030374709,-0.008838554
MADCAM1,-0.0010877977,0.17144857,0.1876833,-0.0037049602,0.100572705,-0.006372791,0.138077,-0.0038450004,-0.0021608365,-0.0012187964,-4.3637752e-05,0.3198309,-0.0024792808,-0.005549662,-0.0030374709,-0.008838554
MAF,-0.00108741,0.17153645,0.18767188,-0.0037058864,0.10062482,-0.0063739764,0.13831127,-0.0038473355,-0.0021597885,-0.0012195877,-4.4169872e-05,0.3199346,-0.00247942,-0.005550443,-0.0030378725,-0.008840399
MAFA,-0.0010087709,0.1689938,0.18310411,-0.0037119465,0.10461819,-0.0064370716,0.12895915,-0.00390555,-0.0020991147,-0.0013152703,-9.14064e-05,0.31548157,-0.0023695433,-0.00561105,-0.003098632,-0.00880173
MAGED1,-0.0010877977,0.17144857,0.1876833,-0.0037049602,0.100572705,-0.006372791,0.138077,-0.0038450004,-0.0021608365,-0.0012187964,-4.3637752e-05,0.3198309,-0.0024792808,-0.005549662,-0.0030374709,-0.008838554
MAGI3,-0.0010877977,0.17144857,0.1876833,-0.0037049602,0.100572705,-0.006372791,0.138077,-0.0038450004,-0.0021608365,-0.0012187964,-4.3637752e-05,0.3198309,-0.0024792808,-0.005549662,-0.0030374709,-0.008838554
MAGIX,-0.0010877977,0.17144857,0.1876833,-0.0037049602,0.100572705,-0.006372791,0.138077,-0.0038450004,-0.0021608365,-0.0012187964,-4.3637752e-05,0.3198309,-0.0024792808,-0.005549662,-0.0030374709,-0.008838554
MAL,-0.0010877977,0.17144857,0.1876833,-0.0037049602,0.100572705,-0.006372791,0.138077,-0.0038450004,-0.0021608365,-0.0012187964,-4.3637752e-05,0.3198309,-0.0024792808,-0.005549662,-0.0030374709,-0.008838554
MAML3,-0.0010877977,0.17144857,0.1876833,-0.0037049602,0.100572705,-0.006372791,0.138077,-0.0038450004,-0.0021608365,-0.0012187964,-4.3637752e-05,0.3198309,-0.0024792808,-0.005549662,-0.0030374709,-0.008838554
MAMLD1,-0.0010877977,0.17144857,0.1876833,-0.0037049602,0.100572705,-0.006372791,0.138077,-0.0038450004,-0.0021608365,-0.0012187964,-4.3637752e-05,0.3198309,-0.0024792808,-0.005549662,-0.0030374709,-0.008838554
MAMSTR,-0.0010877977,0.17144857,0.1876833,-0.0037049602,0.100572705,-0.006372791,0.138077,-0.0038450004,-0.0021608365,-0.0012187964,-4.3637752e-05,0.3198309,-0.0024792808,-0.005549662,-0.0030374709,-0.008838554
MAN1B1-DT,-0.0010877977,0.17144857,0.1876833,-0.0037049602,0.100572705,-0.006372791,0.138077,-0.0038450004,-0.0021608365,-0.0012187964,-4.3637752e-05,0.3198309,-0.0024792808,-0.005549662,-0.0030374709,-0.008838554
MAN1C1,-0.0010877977,0.17144857,0.1876833,-0.0037049602,0.100572705,-0.006372791,0.138077,-0.0038450004,-0.0021608365,-0.0012187964,-4.3637752e-05,0.3198309,-0.0024792808,-0.005549662,-0.0030374709,-0.008838554
MANEAL,-0.0010877977,0.17144857,0.1876833,-0.0037049602,0.100572705,-0.006372791,0.138077,-0.0038450004,-0.0021608365,-0.0012187964,-4.3637752e-05,0.3198309,-0.0024792808,-0.005549662,-0.0030374709,-0.008838554
MAP1LC3A,-0.0010877977,0.17144857,0.1876833,-0.0037049602,0.100572705,-0.006372791,0.138077,-0.0038450004,-0.0021608365,-0.0012187964,-4.3637752e-05,0.3198309,-0.0024792808,-0.005549662,-0.0030374709,-0.008838554
MAP2K6,-0.0010877977,0.17144857,0.1876833,-0.0037049602,0.100572705,-0.006372791,0.138077,-0.0038450004,-0.0021608365,-0.0012187964,-4.3637752e-05,0.3198309,-0.0024792808,-0.005549662,-0.0030374709,-0.008838554
MAP3K14,-0.00096982275,0.19250455,0.1440544,-0.0033433067,0.065790415,-0.0061283135,0.045020077,-0.004250152,-0.001590613,-0.0017239798,0.02028282,0.3373996,-0.0015571816,-0.004440296,-0.00242176,-0.007848405
MAP4K1,-0.0010877977,0.17144857,0.1876833,-0.0037049602,0.100572705,-0.006372791,0.138077,-0.0038450004,-0.0021608365,-0.0012187964,-4.3637752e-05,0.3198309,-0.0024792808,-0.005549662,-0.0030374709,-0.008838554
MAP4K2,-0.0010877977,0.17144857,0.1876833,-0.0037049602,0.100572705,-0.006372791,0.138077,-0.0038450004,-0.0021608365,-0.0012187964,-4.3637752e-05,0.3198309,-0.0024792808,-0.005549662,-0.0030374709,-0.008838554
MAP4K5,-0.0010877977,0.17144857,0.1876833,-0.0037049602,0.100572705,-0.006372791,0.138077,-0.0038450004,-0.0021608365,-0.0012187964,-4.3637752e-05,0.3198309,-0.0024792808,-0.005549662,-0.0030374709,-0.008838554
MAP9,-0.0010877977,0.17144857,0.1876833,-0.0037049602,0.100572705,-0.006372791,0.138077,-0.0038450004,-0.0021608365,-0.0012187964,-4.3637752e-05,0.3198309,-0.0024792808,-0.005549662,-0.0030374709,-0.008838554
MAPK12,-0.0010877977,0.17144857,0.1876833,-0.0037049602,0.100572705,-0.006372791,0.138077,-0.0038450004,-0.0021608365,-0.0012187964,-4.3637752e-05,0.3198309,-0.0024792808,-0.005549662,-0.0030374709,-0.008838554
MAPK4,-0.001507132,0.18077923,0.09198336,-0.0031377012,0.113401845,-0.006761426,0.07194908,-0.0030462826,-0.0031032118,-0.0022621867,-0.00018653348,0.23050334,-0.0028791283,-0.005205046,-0.0033815864,-0.008723939
MAST1,-0.0010877977,0.17144857,0.1876833,-0.0037049602,0.100572705,-0.006372791,0.138077,-0.0038450004,-0.0021608365,-0.0012187964,-4.3637752e-05,0.3198309,-0.0024792808,-0.005549662,-0.0030374709,-0.008838554
MAST4,-0.000969918,0.19252154,0.14411108,-0.003343508,0.065803945,-0.006128726,0.045009013,-0.0042504813,-0.0015904757,-0.0017235641,0.020330593,0.33744806,-0.0015573568,-0.004440171,-0.002421792,-0.007847975
MAST4-AS1,-0.000969918,0.19252154,0.14411108,-0.003343508,0.065803945,-0.006128726,0.045009013,-0.0042504813,-0.0015904757,-0.0017235641,0.020330593,0.33744806,-0.0015573568,-0.004440171,-0.002421792,-0.007847975
MATK,-0.0010877977,0.17144857,0.1876833,-0.0037049602,0.100572705,-0.006372791,0.138077,-0.0038450004,-0.0021608365,-0.0012187964,-4.3637752e-05,0.3198309,-0.0024792808,-0.005549662,-0.0030374709,-0.008838554
MATN1,-0.0010869697,0.17164974,0.18753345,-0.003706244,0.100386135,-0.00637331,0.13789554,-0.003845286,-0.0021619624,-0.0012192393,-4.4535398e-05,0.31975633,-0.0024776226,-0.0055519105,-0.003038693,-0.0088396
MBNL3,-0.0010877977,0.17144857,0.1876833,-0.0037049602,0.100572705,-0.006372791,0.138077,-0.0038450004,-0.0021608365,-0.0012187964,-4.3637752e-05,0.3198309,-0.0024792808,-0.005549662,-0.0030374709,-0.008838554
MC1R,-0.001415606,0.13767102,0.22393946,-0.0036318623,0.08875791,-0.0060442677,0.12835969,-0.003429686,-0.0018784519,-0.0009765511,-1.9599645e-05,0.3178013,-0.002464551,-0.0058472594,-0.003147152,-0.009011823
MCF2L,-0.0010877977,0.17144857,0.1876833,-0.0037049602,0.100572705,-0.006372791,0.138077,-0.0038450004,-0.0021608365,-0.0012187964,-4.3637752e-05,0.3198309,-0.0024792808,-0.005549662,-0.0030374709,-0.008838554
MCF2L-AS1,-0.0010877977,0.17144857,0.1876833,-0.0037049602,0.100572705,-0.006372791,0.138077,-0.0038450004,-0.0021608365,-0.0012187964,-4.3637752e-05,0.3198309,-0.0024792808,-0.005549662,-0.0030374709,-0.008838554
MCM8-AS1,-0.0010877977,0.17144857,0.1876833,-0.0037049602,0.100572705,-0.006372791,0.138077,-0.0038450004,-0.0021608365,-0.0012187964,-4.3637752e-05,0.3198309,-0.0024792808,-0.005549662,-0.0030374709,-0.008838554
MCOLN2,-0.00011696454,0.21236098,-0.000683652,-0.0013314402,0.19532958,-0.0043197754,0.10959868,-0.0021093998,-0.00075667707,0.020049915,0.08433579,0.1437149,-0.0013695519,-0.0031119208,-0.0015400738,-0.005757833
MCTP1,0.03431277,0.040421046,0.23776652,-0.0037278633,0.05029433,-0.005605338,0.24547558,-0.005074939,-0.0031404165,-0.00063511956,-0.0006497684,0.35081488,-0.0024347692,-0.005445791,-0.0030489166,-0.0073359087
MCTP2,-0.0011671075,0.14843172,0.16338821,-0.003698116,0.07114078,-0.0063557927,0.11208819,-0.003480601,-0.0025679201,-0.0016585044,0.035571404,0.33928636,-0.0019252391,-0.0054985806,-0.003232858,-0.009082847
MDFI,-0.0010877977,0.17144857,0.1876833,-0.0037049602,0.100572705,-0.006372791,0.138077,-0.0038450004,-0.0021608365,-0.0012187964,-4.3637752e-05,0.3198309,-0.0024792808,-0.005549662,-0.0030374709,-0.008838554
MDH1B,-0.0010921574,0.17122777,0.18717916,-0.0037018275,0.100231886,-0.006369981,0.13741207,-0.0038436772,-0.0021610826,-0.0012123802,-4.996702e-05,0.3197165,-0.002474861,-0.005556675,-0.0030345058,-0.008831642
MDP1,-0.0010877977,0.17144857,0.1876833,-0.0037049602,0.100572705,-0.006372791,0.138077,-0.0038450004,-0.0021608365,-0.0012187964,-4.3637752e-05,0.3198309,-0.0024792808,-0.005549662,-0.0030374709,-0.008838554
MEAK7,-0.0010877977,0.17144857,0.1876833,-0.0037049602,0.100572705,-0.006372791,0.138077,-0.0038450004,-0.0021608365,-0.0012187964,-4.3637752e-05,0.3198309,-0.0024792808,-0.005549662,-0.0030374709,-0.008838554
MED7,-0.0010877977,0.17144857,0.1876833,-0.0037049602,0.100572705,-0.006372791,0.138077,-0.0038450004,-0.0021608365,-0.0012187964,-4.3637752e-05,0.3198309,-0.0024792808,-0.005549662,-0.0030374709,-0.008838554
MEGF6,-0.0010866908,0.17141344,0.18764763,-0.0037059127,0.100545496,-0.0063722543,0.13789329,-0.0038468975,-0.0021582644,-0.0012180605,-4.4480857e-05,0.3197527,-0.0024808592,-0.0055512474,-0.0030392453,-0.008838414
MEIG1,-0.0010877977,0.17144857,0.1876833,-0.0037049602,0.100572705,-0.006372791,0.138077,-0.0038450004,-0.0021608365,-0.0012187964,-4.3637752e-05,0.3198309,-0.0024792808,-0.005549662,-0.0030374709,-0.008838554
MELK,-0.0010827201,0.17221534,0.18773453,-0.0037098299,0.09967679,-0.006372278,0.1379404,-0.0038487294,-0.0021521854,-0.001214117,-4.2605698e-05,0.3190115,-0.0024717343,-0.005547055,-0.003045626,-0.0088465875
METTL23,-0.0010877977,0.17144857,0.1876833,-0.0037049602,0.100572705,-0.006372791,0.138077,-0.0038450004,-0.0021608365,-0.0012187964,-4.3637752e-05,0.3198309,-0.0024792808,-0.005549662,-0.0030374709,-0.008838554
MEX3A,-0.0010877977,0.17144857,0.1876833,-0.0037049602,0.100572705,-0.006372791,0.138077,-0.0038450004,-0.0021608365,-0.0012187964,-4.3637752e-05,0.3198309,-0.0024792808,-0.005549662,-0.0030374709,-0.008838554
MFSD6,-0.0010877977,0.17144857,0.1876833,-0.0037049602,0.100572705,-0.006372791,0.138077,-0.0038450004,-0.0021608365,-0.0012187964,-4.3637752e-05,0.3198309,-0.0024792808,-0.005549662,-0.0030374709,-0.008838554
MGA,-0.0010877977,0.17144857,0.1876833,-0.0037049602,0.100572705,-0.006372791,0.138077,-0.0038450004,-0.0021608365,-0.0012187964,-4.3637752e-05,0.3198309,-0.0024792808,-0.005549662,-0.0030374709,-0.008838554
MGAT4A,-0.0010877977,0.17144857,0.1876833,-0.0037049602,0.100572705,-0.006372791,0.138077,-0.0038450004,-0.0021608365,-0.0012187964,-4.3637752e-05,0.3198309,-0.0024792808,-0.005549662,-0.0030374709,-0.008838554
MGAT5B,-0.0002692328,0.27971274,0.22195147,-0.0037043164,0.082768336,-0.0067989584,0.22432944,-0.004607583,-0.0010071482,-0.001748669,0.025050335,0.2262759,-0.0034180966,-0.0048718187,-0.002874353,-0.007857948
MIA2,-0.0010877977,0.17144857,0.1876833,-0.0037049602,0.100572705,-0.006372791,0.138077,-0.0038450004,-0.0021608365,-0.0012187964,-4.3637752e-05,0.3198309,-0.0024792808,-0.005549662,-0.0030374709,-0.008838554
MIAT,-0.0010877977,0.17144857,0.1876833,-0.0037049602,0.100572705,-0.006372791,0.138077,-0.0038450004,-0.0021608365,-0.0012187964,-4.3637752e-05,0.3198309,-0.0024792808,-0.005549662,-0.0030374709,-0.008838554
MIB2,-0.0010856953,0.17129393,0.18773861,-0.0037053262,0.10075045,-0.006372735,0.13824686,-0.0038431557,-0.00216225,-0.0012167731,-4.5306533e-05,0.31982026,-0.0024798694,-0.0055504977,-0.0030383659,-0.008836006
MICAL3,-0.0010877977,0.17144857,0.1876833,-0.0037049602,0.100572705,-0.006372791,0.138077,-0.0038450004,-0.0021608365,-0.0012187964,-4.3637752e-05,0.3198309,-0.0024792808,-0.005549662,-0.0030374709,-0.008838554
MICU3,-0.0010860863,0.1710268,0.18784754,-0.003701256,0.101284705,-0.0063759047,0.13832788,-0.003836179,-0.0021499465,-0.0012161382,-5.2752046e-05,0.319309,-0.0024700572,-0.005540353,-0.0030260198,-0.008839308
MINCR,-0.0010877977,0.17144857,0.1876833,-0.0037049602,0.100572705,-0.006372791,0.138077,-0.0038450004,-0.0021608365,-0.0012187964,-4.3637752e-05,0.3198309,-0.0024792808,-0.005549662,-0.0030374709,-0.008838554
MINDY4,-0.0010877977,0.17144857,0.1876833,-0.0037049602,0.100572705,-0.006372791,0.138077,-0.0038450004,-0.0021608365,-0.0012187964,-4.3637752e-05,0.3198309,-0.0024792808,-0.005549662,-0.0030374709,-0.008838554
MINK1,-0.0010877977,0.17144857,0.1876833,-0.0037049602,0.100572705,-0.006372791,0.138077,-0.0038450004,-0.0021608365,-0.0012187964,-4.3637752e-05,0.3198309,-0.0024792808,-0.005549662,-0.0030374709,-0.008838554
MIR181A2HG,-0.0010877977,0.17144857,0.1876833,-0.0037049602,0.100572705,-0.006372791,0.138077,-0.0038450004,-0.0021608365,-0.0012187964,-4.3637752e-05,0.3198309,-0.0024792808,-0.005549662,-0.0030374709,-0.008838554
MIR194-2HG,-0.0010877977,0.17144857,0.1876833,-0.0037049602,0.100572705,-0.006372791,0.138077,-0.0038450004,-0.0021608365,-0.0012187964,-4.3637752e-05,0.3198309,-0.0024792808,-0.005549662,-0.0030374709,-0.008838554
MIR31HG,-0.0010877977,0.17144857,0.1876833,-0.0037049602,0.100572705,-0.006372791,0.138077,-0.0038450004,-0.0021608365,-0.0012187964,-4.3637752e-05,0.3198309,-0.0024792808,-0.005549662,-0.0030374709,-0.008838554
MIR3663HG,-0.00011696454,0.21236098,-0.000683652,-0.0013314402,0.19532958,-0.0043197754,0.10959868,-0.0021093998,-0.00075667707,0.020049915,0.08433579,0.1437149,-0.0013695519,-0.0031119208,-0.0015400738,-0.005757833
MIR3936HG,-0.0010877977,0.17144857,0.1876833,-0.0037049602,0.100572705,-0.006372791,0.138077,-0.0038450004,-0.0021608365,-0.0012187964,-4.3637752e-05,0.3198309,-0.0024792808,-0.005549662,-0.0030374709,-0.008838554
MIR663AHG,-0.0010877977,0.17144857,0.1876833,-0.0037049602,0.100572705,-0.006372791,0.138077,-0.0038450004,-0.0021608365,-0.0012187964,-4.3637752e-05,0.3198309,-0.0024792808,-0.005549662,-0.0030374709,-0.008838554
MIR762HG,-0.0010087709,0.1689938,0.18310411,-0.0037119465,0.10461819,-0.0064370716,0.12895915,-0.00390555,-0.0020991147,-0.0013152703,-9.14064e-05,0.31548157,-0.0023695433,-0.00561105,-0.003098632,-0.00880173
MIS12,-0.0010087709,0.1689938,0.18310411,-0.0037119465,0.10461819,-0.0064370716,0.12895915,-0.00390555,-0.0020991147,-0.0013152703,-9.14064e-05,0.31548157,-0.0023695433,-0.00561105,-0.003098632,-0.00880173
MLC1,-0.0010877977,0.17144857,0.1876833,-0.0037049602,0.100572705,-0.006372791,0.138077,-0.0038450004,-0.0021608365,-0.0012187964,-4.3637752e-05,0.3198309,-0.0024792808,-0.005549662,-0.0030374709,-0.008838554
MLLT11,-0.0010977697,0.1736672,0.18679185,-0.003702291,0.10252433,-0.0063623767,0.13697329,-0.003855637,-0.0021820106,-0.0012091416,-5.6904402e-05,0.32209125,-0.0024625286,-0.005526911,-0.0030260407,-0.00883111
MLLT3,-0.0010087709,0.1689938,0.18310411,-0.0037119465,0.10461819,-0.0064370716,0.12895915,-0.00390555,-0.0020991147,-0.0013152703,-9.14064e-05,0.31548157,-0.0023695433,-0.00561105,-0.003098632,-0.00880173
MMP23B,-0.0010877977,0.17144857,0.1876833,-0.0037049602,0.100572705,-0.006372791,0.138077,-0.0038450004,-0.0021608365,-0.0012187964,-4.3637752e-05,0.3198309,-0.0024792808,-0.005549662,-0.0030374709,-0.008838554
MMP25-AS1,-0.0010877977,0.17144857,0.1876833,-0.0037049602,0.100572705,-0.006372791,0.138077,-0.0038450004,-0.0021608365,-0.0012187964,-4.3637752e-05,0.3198309,-0.0024792808,-0.005549662,-0.0030374709,-0.008838554
MMRN2,-0.0010877977,0.17144857,0.1876833,-0.0037049602,0.100572705,-0.006372791,0.138077,-0.0038450004,-0.0021608365,-0.0012187964,-4.3637752e-05,0.3198309,-0.0024792808,-0.005549662,-0.0030374709,-0.008838554
MNDA,-0.0010877977,0.17144857,0.1876833,-0.0037049602,0.100572705,-0.006372791,0.138077,-0.0038450004,-0.0021608365,-0.0012187964,-4.3637752e-05,0.3198309,-0.0024792808,-0.005549662,-0.0030374709,-0.008838554
MNX1-AS1,-0.0010877977,0.17144857,0.1876833,-0.0037049602,0.100572705,-0.006372791,0.138077,-0.0038450004,-0.0021608365,-0.0012187964,-4.3637752e-05,0.3198309,-0.0024792808,-0.005549662,-0.0030374709,-0.008838554
MOCOS,-0.0010865488,0.17175163,0.18747623,-0.0037047737,0.10026294,-0.0063729724,0.13824922,-0.003848189,-0.0021626852,-0.0012217545,-4.1193365e-05,0.32011133,-0.0024821549,-0.00554896,-0.0030339363,-0.008839902
MOGAT3,-0.0011671075,0.14843172,0.16338821,-0.003698116,0.07114078,-0.0063557927,0.11208819,-0.003480601,-0.0025679201,-0.0016585044,0.035571404,0.33928636,-0.0019252391,-0.0054985806,-0.003232858,-0.009082847
MORC2-AS1,-0.0010877025,0.17143157,0.18762662,-0.0037047588,0.100559175,-0.006372378,0.13808808,-0.0038446714,-0.0021609736,-0.0012192121,-4.4115484e-05,0.31978244,-0.0024791057,-0.005549787,-0.003037439,-0.008838984
MORN3,-0.0010877977,0.17144857,0.1876833,-0.0037049602,0.100572705,-0.006372791,0.138077,-0.0038450004,-0.0021608365,-0.0012187964,-4.3637752e-05,0.3198309,-0.0024792808,-0.005549662,-0.0030374709,-0.008838554
MOSMO,-0.0010877977,0.17144857,0.1876833,-0.0037049602,0.100572705,-0.006372791,0.138077,-0.0038450004,-0.0021608365,-0.0012187964,-4.3637752e-05,0.3198309,-0.0024792808,-0.005549662,-0.0030374709,-0.008838554
MPHOSPH9,-0.0011671075,0.14843172,0.16338821,-0.003698116,0.07114078,-0.0063557927,0.11208819,-0.003480601,-0.0025679201,-0.0016585044,0.035571404,0.33928636,-0.0019252391,-0.0054985806,-0.003232858,-0.009082847
MPZL3,-0.0010877977,0.17144857,0.1876833,-0.0037049602,0.100572705,-0.006372791,0.138077,-0.0038450004,-0.0021608365,-0.0012187964,-4.3637752e-05,0.3198309,-0.0024792808,-0.005549662,-0.0030374709,-0.008838554
MRPL1,-0.0010877977,0.17144857,0.1876833,-0.0037049602,0.100572705,-0.006372791,0.138077,-0.0038450004,-0.0021608365,-0.0012187964,-4.3637752e-05,0.3198309,-0.0024792808,-0.005549662,-0.0030374709,-0.008838554
MRPL10,-0.0010877977,0.17144857,0.1876833,-0.0037049602,0.100572705,-0.006372791,0.138077,-0.0038450004,-0.0021608365,-0.0012187964,-4.3637752e-05,0.3198309,-0.0024792808,-0.005549662,-0.0030374709,-0.008838554
MRPS31,-0.0010877977,0.17144857,0.1876833,-0.0037049602,0.100572705,-0.006372791,0.138077,-0.0038450004,-0.0021608365,-0.0012187964,-4.3637752e-05,0.3198309,-0.0024792808,-0.005549662,-0.0030374709,-0.008838554
MRTFB,-0.0010877977,0.17144857,0.1876833,-0.0037049602,0.100572705,-0.006372791,0.138077,-0.0038450004,-0.0021608365,-0.0012187964,-4.3637752e-05,0.3198309,-0.0024792808,-0.005549662,-0.0030374709,-0.008838554
MS4A1,-0.0010877977,0.17144857,0.1876833,-0.0037049602,0.100572705,-0.006372791,0.138077,-0.0038450004,-0.0021608365,-0.0012187964,-4.3637752e-05,0.3198309,-0.0024792808,-0.005549662,-0.0030374709,-0.008838554
MSANTD3,-0.0010877977,0.17144857,0.1876833,-0.0037049602,0.100572705,-0.006372791,0.138077,-0.0038450004,-0.0021608365,-0.0012187964,-4.3637752e-05,0.3198309,-0.0024792808,-0.005549662,-0.0030374709,-0.008838554
MSC-AS1,-0.0010877977,0.17144857,0.1876833,-0.0037049602,0.100572705,-0.006372791,0.138077,-0.0038450004,-0.0021608365,-0.0012187964,-4.3637752e-05,0.3198309,-0.0024792808,-0.005549662,-0.0030374709,-0.008838554
MSTO1,-0.0011537647,0.16816655,0.1970344,-0.003797574,0.09833139,-0.0063705854,0.122163825,-0.0039042453,-0.0022116425,-0.0011011281,0.00419046,0.32505834,-0.002397596,-0.005446845,-0.0031328867,-0.0088060945
MTA3,-0.0010869697,0.17164974,0.18753345,-0.003706244,0.100386135,-0.00637331,0.13789554,-0.003845286,-0.0021619624,-0.0012192393,-4.4535398e-05,0.31975633,-0.0024776226,-0.0055519105,-0.003038693,-0.0088396
MTERF1,-0.001089381,0.171263,0.18739955,-0.0037050454,0.100506864,-0.006373759,0.13777393,-0.0038477725,-0.0021629855,-0.001217528,-4.0855408e-05,0.32003343,-0.002479988,-0.0055524837,-0.0030372138,-0.008838606
MTFMT,-0.0010877977,0.17144857,0.1876833,-0.0037049602,0.100572705,-0.006372791,0.138077,-0.0038450004,-0.0021608365,-0.0012187964,-4.3637752e-05,0.3198309,-0.0024792808,-0.005549662,-0.0030374709,-0.008838554
MTFP1,-0.0010921574,0.17122777,0.18717916,-0.0037018275,0.100231886,-0.006369981,0.13741207,-0.0038436772,-0.0021610826,-0.0012123802,-4.996702e-05,0.3197165,-0.002474861,-0.005556675,-0.0030345058,-0.008831642
MTHFD2,-0.0010877977,0.17144857,0.1876833,-0.0037049602,0.100572705,-0.006372791,0.138077,-0.0038450004,-0.0021608365,-0.0012187964,-4.3637752e-05,0.3198309,-0.0024792808,-0.005549662,-0.0030374709,-0.008838554
MTMR2,-0.0010877977,0.17144857,0.1876833,-0.0037049602,0.100572705,-0.006372791,0.138077,-0.0038450004,-0.0021608365,-0.0012187964,-4.3637752e-05,0.3198309,-0.0024792808,-0.005549662,-0.0030374709,-0.008838554
MTMR8,-0.0002692328,0.27971274,0.22195147,-0.0037043164,0.082768336,-0.0067989584,0.22432944,-0.004607583,-0.0010071482,-0.001748669,0.025050335,0.2262759,-0.0034180966,-0.0048718187,-0.002874353,-0.007857948
MTSS1,-0.0010877977,0.17144857,0.1876833,-0.0037049602,0.100572705,-0.006372791,0.138077,-0.0038450004,-0.0021608365,-0.0012187964,-4.3637752e-05,0.3198309,-0.0024792808,-0.005549662,-0.0030374709,-0.008838554
MUC17,-0.0010877977,0.17144857,0.1876833,-0.0037049602,0.100572705,-0.006372791,0.138077,-0.0038450004,-0.0021608365,-0.0012187964,-4.3637752e-05,0.3198309,-0.0024792808,-0.005549662,-0.0030374709,-0.008838554
MUS81,-0.0010877977,0.17144857,0.1876833,-0.0037049602,0.100572705,-0.006372791,0.138077,-0.0038450004,-0.0021608365,-0.0012187964,-4.3637752e-05,0.3198309,-0.0024792808,-0.005549662,-0.0030374709,-0.008838554
MUTYH,-0.0010877977,0.17144857,0.1876833,-0.0037049602,0.100572705,-0.006372791,0.138077,-0.0038450004,-0.0021608365,-0.0012187964,-4.3637752e-05,0.3198309,-0.0024792808,-0.005549662,-0.0030374709,-0.008838554
MYBL1,-0.0010877977,0.17144857,0.1876833,-0.0037049602,0.100572705,-0.006372791,0.138077,-0.0038450004,-0.0021608365,-0.0012187964,-4.3637752e-05,0.3198309,-0.0024792808,-0.005549662,-0.0030374709,-0.008838554
MYO1D,-0.0010877977,0.17144857,0.1876833,-0.0037049602,0.100572705,-0.006372791,0.138077,-0.0038450004,-0.0021608365,-0.0012187964,-4.3637752e-05,0.3198309,-0.0024792808,-0.005549662,-0.0030374709,-0.008838554
MYO5B,-0.0010877977,0.17144857,0.1876833,-0.0037049602,0.100572705,-0.006372791,0.138077,-0.0038450004,-0.0021608365,-0.0012187964,-4.3637752e-05,0.3198309,-0.0024792808,-0.005549662,-0.0030374709,-0.008838554
MYO6,-0.0010877977,0.17144857,0.1876833,-0.0037049602,0.100572705,-0.006372791,0.138077,-0.0038450004,-0.0021608365,-0.0012187964,-4.3637752e-05,0.3198309,-0.0024792808,-0.005549662,-0.0030374709,-0.008838554
MYRF,-0.001507132,0.18077923,0.09198336,-0.0031377012,0.113401845,-0.006761426,0.07194908,-0.0030462826,-0.0031032118,-0.0022621867,-0.00018653348,0.23050334,-0.0028791283,-0.005205046,-0.0033815864,-0.008723939
MZB1,-0.0010877977,0.17144857,0.1876833,-0.0037049602,0.100572705,-0.006372791,0.138077,-0.0038450004,-0.0021608365,-0.0012187964,-4.3637752e-05,0.3198309,-0.0024792808,-0.005549662,-0.0030374709,-0.008838554
NAP1L2,-0.0010877977,0.17144857,0.1876833,-0.0037049602,0.100572705,-0.006372791,0.138077,-0.0038450004,-0.0021608365,-0.0012187964,-4.3637752e-05,0.3198309,-0.0024792808,-0.005549662,-0.0030374709,-0.008838554
NARS2,-0.0010827201,0.17221534,0.18773453,-0.0037098299,0.09967679,-0.006372278,0.1379404,-0.0038487294,-0.0021521854,-0.001214117,-4.2605698e-05,0.3190115,-0.0024717343,-0.005547055,-0.003045626,-0.0088465875
NAV3,-0.0010877977,0.17144857,0.1876833,-0.0037049602,0.100572705,-0.006372791,0.138077,-0.0038450004,-0.0021608365,-0.0012187964,-4.3637752e-05,0.3198309,-0.0024792808,-0.005549662,-0.0030374709,-0.008838554
NBDY,-0.0010877977,0.17144857,0.1876833,-0.0037049602,0.100572705,-0.006372791,0.138077,-0.0038450004,-0.0021608365,-0.0012187964,-4.3637752e-05,0.3198309,-0.0024792808,-0.005549662,-0.0030374709,-0.008838554
NBEA,-0.0010877977,0.17144857,0.1876833,-0.0037049602,0.100572705,-0.006372791,0.138077,-0.0038450004,-0.0021608365,-0.0012187964,-4.3637752e-05,0.3198309,-0.0024792808,-0.005549662,-0.0030374709,-0.008838554
NBEAL2,-0.0010877977,0.17144857,0.1876833,-0.0037049602,0.100572705,-0.006372791,0.138077,-0.0038450004,-0.0021608365,-0.0012187964,-4.3637752e-05,0.3198309,-0.0024792808,-0.005549662,-0.0030374709,-0.008838554
NCALD,-0.0010877977,0.17144857,0.1876833,-0.0037049602,0.100572705,-0.006372791,0.138077,-0.0038450004,-0.0021608365,-0.0012187964,-4.3637752e-05,0.3198309,-0.0024792808,-0.005549662,-0.0030374709,-0.008838554
NCAM1,-0.0010877977,0.17144857,0.1876833,-0.0037049602,0.100572705,-0.006372791,0.138077,-0.0038450004,-0.0021608365,-0.0012187964,-4.3637752e-05,0.3198309,-0.0024792808,-0.005549662,-0.0030374709,-0.008838554
NCAM2,-0.00011696454,0.21236098,-0.000683652,-0.0013314402,0.19532958,-0.0043197754,0.10959868,-0.0021093998,-0.00075667707,0.020049915,0.08433579,0.1437149,-0.0013695519,-0.0031119208,-0.0015400738,-0.005757833
NCAPG2,-0.0010877977,0.17144857,0.1876833,-0.0037049602,0.100572705,-0.006372791,0.138077,-0.0038450004,-0.0021608365,-0.0012187964,-4.3637752e-05,0.3198309,-0.0024792808,-0.005549662,-0.0030374709,-0.008838554
NCK1-DT,-0.0010877977,0.17144857,0.1876833,-0.0037049602,0.100572705,-0.006372791,0.138077,-0.0038450004,-0.0021608365,-0.0012187964,-4.3637752e-05,0.3198309,-0.0024792808,-0.005549662,-0.0030374709,-0.008838554
NCR1,-0.0010877977,0.17144857,0.1876833,-0.0037049602,0.100572705,-0.006372791,0.138077,-0.0038450004,-0.0021608365,-0.0012187964,-4.3637752e-05,0.3198309,-0.0024792808,-0.005549662,-0.0030374709,-0.008838554
NCR2,-0.0010865865,0.17132783,0.18773906,-0.0037042361,0.10051662,-0.006373171,0.13807106,-0.003844433,-0.0021615266,-0.0012198209,-4.311681e-05,0.31986457,-0.0024797171,-0.005550358,-0.0030363512,-0.008839263
NCR3,-0.0010877977,0.17144857,0.1876833,-0.0037049602,0.100572705,-0.006372791,0.138077,-0.0038450004,-0.0021608365,-0.0012187964,-4.3637752e-05,0.3198309,-0.0024792808,-0.005549662,-0.0030374709,-0.008838554
NDC1,-0.0010877977,0.17144857,0.1876833,-0.0037049602,0.100572705,-0.006372791,0.138077,-0.0038450004,-0.0021608365,-0.0012187964,-4.3637752e-05,0.3198309,-0.0024792808,-0.005549662,-0.0030374709,-0.008838554
NDE1,-0.0010812284,0.17206752,0.1869087,-0.0037084287,0.099853896,-0.0063710767,0.1390107,-0.003842992,-0.002157719,-0.0012157192,-4.562378e-05,0.31905007,-0.0024816594,-0.0055461396,-0.003040055,-0.008826789
NDFIP2-AS1,-0.0010877977,0.17144857,0.1876833,-0.0037049602,0.100572705,-0.006372791,0.138077,-0.0038450004,-0.0021608365,-0.0012187964,-4.3637752e-05,0.3198309,-0.0024792808,-0.005549662,-0.0030374709,-0.008838554
NDST1-AS1,-0.0010877977,0.17144857,0.1876833,-0.0037049602,0.100572705,-0.006372791,0.138077,-0.0038450004,-0.0021608365,-0.0012187964,-4.3637752e-05,0.3198309,-0.0024792808,-0.005549662,-0.0030374709,-0.008838554
NDUFB2-AS1,-0.0010877977,0.17144857,0.1876833,-0.0037049602,0.100572705,-0.006372791,0.138077,-0.0038450004,-0.0021608365,-0.0012187964,-4.3637752e-05,0.3198309,-0.0024792808,-0.005549662,-0.0030374709,-0.008838554
NDUFV2-AS1,-0.0010877977,0.17144857,0.1876833,-0.0037049602,0.100572705,-0.006372791,0.138077,-0.0038450004,-0.0021608365,-0.0012187964,-4.3637752e-05,0.3198309,-0.0024792808,-0.005549662,-0.0030374709,-0.008838554
NECTIN4,-0.0010877977,0.17144857,0.1876833,-0.0037049602,0.100572705,-0.006372791,0.138077,-0.0038450004,-0.0021608365,-0.0012187964,-4.3637752e-05,0.3198309,-0.0024792808,-0.005549662,-0.0030374709,-0.008838554
NEIL1,-0.0010877977,0.17144857,0.1876833,-0.0037049602,0.100572705,-0.006372791,0.138077,-0.0038450004,-0.0021608365,-0.0012187964,-4.3637752e-05,0.3198309,-0.0024792808,-0.005549662,-0.0030374709,-0.008838554
NEO1,-0.0010877977,0.17144857,0.1876833,-0.0037049602,0.100572705,-0.006372791,0.138077,-0.0038450004,-0.0021608365,-0.0012187964,-4.3637752e-05,0.3198309,-0.0024792808,-0.005549662,-0.0030374709,-0.008838554
NEURL4,-0.0010877977,0.17144857,0.1876833,-0.0037049602,0.100572705,-0.006372791,0.138077,-0.0038450004,-0.0021608365,-0.0012187964,-4.3637752e-05,0.3198309,-0.0024792808,-0.005549662,-0.0030374709,-0.008838554
NEUROG3,-0.0010877977,0.17144857,0.1876833,-0.0037049602,0.100572705,-0.006372791,0.138077,-0.0038450004,-0.0021608365,-0.0012187964,-4.3637752e-05,0.3198309,-0.0024792808,-0.005549662,-0.0030374709,-0.008838554
NEXMIF,-0.0010877977,0.17144857,0.1876833,-0.0037049602,0.100572705,-0.006372791,0.138077,-0.0038450004,-0.0021608365,-0.0012187964,-4.3637752e-05,0.3198309,-0.0024792808,-0.005549662,-0.0030374709,-0.008838554
NFATC1,-0.0010874097,0.17153645,0.18767183,-0.0037058864,0.10062483,-0.0063739764,0.13831124,-0.0038473355,-0.0021597887,-0.0012195874,-4.417002e-05,0.3199346,-0.0024794196,-0.0055504427,-0.0030378723,-0.008840399
NFIA,-0.0010877977,0.17144857,0.1876833,-0.0037049602,0.100572705,-0.006372791,0.138077,-0.0038450004,-0.0021608365,-0.0012187964,-4.3637752e-05,0.3198309,-0.0024792808,-0.005549662,-0.0030374709,-0.008838554
NGFR,-0.0010888542,0.17235915,0.18812059,-0.0036913478,0.100623675,-0.006379894,0.13929024,-0.003855944,-0.0021685609,-0.0012154165,-5.6066958e-05,0.31897217,-0.002493243,-0.005536244,-0.0030284035,-0.0088438485
NHLRC1,-0.0010877977,0.17144857,0.1876833,-0.0037049602,0.100572705,-0.006372791,0.138077,-0.0038450004,-0.0021608365,-0.0012187964,-4.3637752e-05,0.3198309,-0.0024792808,-0.005549662,-0.0030374709,-0.008838554
NIBAN1,-0.0010877977,0.17144857,0.1876833,-0.0037049602,0.100572705,-0.006372791,0.138077,-0.0038450004,-0.0021608365,-0.0012187964,-4.3637752e-05,0.3198309,-0.0024792808,-0.005549662,-0.0030374709,-0.008838554
NIBAN3,-0.0010877977,0.17144857,0.1876833,-0.0037049602,0.100572705,-0.006372791,0.138077,-0.0038450004,-0.0021608365,-0.0012187964,-4.3637752e-05,0.3198309,-0.0024792808,-0.005549662,-0.0030374709,-0.008838554
NIFK-AS1,-0.0010877977,0.17144857,0.1876833,-0.0037049602,0.100572705,-0.006372791,0.138077,-0.0038450004,-0.0021608365,-0.0012187964,-4.3637752e-05,0.3198309,-0.0024792808,-0.005549662,-0.0030374709,-0.008838554
NIPA1,-0.0010877977,0.17144857,0.1876833,-0.0037049602,0.100572705,-0.006372791,0.138077,-0.0038450004,-0.0021608365,-0.0012187964,-4.3637752e-05,0.3198309,-0.0024792808,-0.005549662,-0.0030374709,-0.008838554
NIPAL3,-0.0010812284,0.17206752,0.1869087,-0.0037084287,0.099853896,-0.0063710767,0.1390107,-0.003842992,-0.002157719,-0.0012157192,-4.562378e-05,0.31905007,-0.0024816594,-0.0055461396,-0.003040055,-0.008826789
NKAIN2,-0.0010877977,0.17144857,0.1876833,-0.0037049602,0.100572705,-0.006372791,0.138077,-0.0038450004,-0.0021608365,-0.0012187964,-4.3637752e-05,0.3198309,-0.0024792808,-0.005549662,-0.0030374709,-0.008838554
NKD1,-0.0010877977,0.17144857,0.1876833,-0.0037049602,0.100572705,-0.006372791,0.138077,-0.0038450004,-0.0021608365,-0.0012187964,-4.3637752e-05,0.3198309,-0.0024792808,-0.005549662,-0.0030374709,-0.008838554
NKG7,-0.0010877977,0.17144857,0.1876833,-0.0037049602,0.100572705,-0.006372791,0.138077,-0.0038450004,-0.0021608365,-0.0012187964,-4.3637752e-05,0.3198309,-0.0024792808,-0.005549662,-0.0030374709,-0.008838554
NKX6-3,-0.0010877977,0.17144857,0.1876833,-0.0037049602,0.100572705,-0.006372791,0.138077,-0.0038450004,-0.0021608365,-0.0012187964,-4.3637752e-05,0.3198309,-0.0024792808,-0.005549662,-0.0030374709,-0.008838554
NLRC3,-0.0010877977,0.17144857,0.1876833,-0.0037049602,0.100572705,-0.006372791,0.138077,-0.0038450004,-0.0021608365,-0.0012187964,-4.3637752e-05,0.3198309,-0.0024792808,-0.005549662,-0.0030374709,-0.008838554
NLRP2,-0.0010877977,0.17144857,0.1876833,-0.0037049602,0.100572705,-0.006372791,0.138077,-0.0038450004,-0.0021608365,-0.0012187964,-4.3637752e-05,0.3198309,-0.0024792808,-0.005549662,-0.0030374709,-0.008838554
NLRP7,-0.0010877977,0.17144857,0.1876833,-0.0037049602,0.100572705,-0.006372791,0.138077,-0.0038450004,-0.0021608365,-0.0012187964,-4.3637752e-05,0.3198309,-0.0024792808,-0.005549662,-0.0030374709,-0.008838554
NME7,-0.0010877977,0.17144857,0.1876833,-0.0037049602,0.100572705,-0.006372791,0.138077,-0.0038450004,-0.0021608365,-0.0012187964,-4.3637752e-05,0.3198309,-0.0024792808,-0.005549662,-0.0030374709,-0.008838554
NMT2,-0.0010812284,0.17206752,0.1869087,-0.0037084287,0.099853896,-0.0063710767,0.1390107,-0.003842992,-0.002157719,-0.0012157192,-4.562378e-05,0.31905007,-0.0024816594,-0.0055461396,-0.003040055,-0.008826789
NMUR1,-0.0010877977,0.17144857,0.1876833,-0.0037049602,0.100572705,-0.006372791,0.138077,-0.0038450004,-0.0021608365,-0.0012187964,-4.3637752e-05,0.3198309,-0.0024792808,-0.005549662,-0.0030374709,-0.008838554
NOG,-0.0010877977,0.17144857,0.1876833,-0.0037049602,0.100572705,-0.006372791,0.138077,-0.0038450004,-0.0021608365,-0.0012187964,-4.3637752e-05,0.3198309,-0.0024792808,-0.005549662,-0.0030374709,-0.008838554
NOL4L,-0.0010877977,0.17144857,0.1876833,-0.0037049602,0.100572705,-0.006372791,0.138077,-0.0038450004,-0.0021608365,-0.0012187964,-4.3637752e-05,0.3198309,-0.0024792808,-0.005549662,-0.0030374709,-0.008838554
NOL8,-0.0010877977,0.17144857,0.1876833,-0.0037049602,0.100572705,-0.006372791,0.138077,-0.0038450004,-0.0021608365,-0.0012187964,-4.3637752e-05,0.3198309,-0.0024792808,-0.005549662,-0.0030374709,-0.008838554
NOTCH2NLB,-0.0010877025,0.17143157,0.18762662,-0.0037047588,0.100559175,-0.006372378,0.13808808,-0.0038446714,-0.0021609736,-0.0012192121,-4.4115484e-05,0.31978244,-0.0024791057,-0.005549787,-0.003037439,-0.008838984
NPAS1,-0.0010877977,0.17144857,0.1876833,-0.0037049602,0.100572705,-0.006372791,0.138077,-0.0038450004,-0.0021608365,-0.0012187964,-4.3637752e-05,0.3198309,-0.0024792808,-0.005549662,-0.0030374709,-0.008838554
NPAT,-0.0010877977,0.17144857,0.1876833,-0.0037049602,0.100572705,-0.006372791,0.138077,-0.0038450004,-0.0021608365,-0.0012187964,-4.3637752e-05,0.3198309,-0.0024792808,-0.005549662,-0.0030374709,-0.008838554
NPEPL1,-0.0010877977,0.17144857,0.1876833,-0.0037049602,0.100572705,-0.006372791,0.138077,-0.0038450004,-0.0021608365,-0.0012187964,-4.3637752e-05,0.3198309,-0.0024792808,-0.005549662,-0.0030374709,-0.008838554
NPHP1,-0.001085407,0.17205968,0.18749638,-0.003699575,0.09980859,-0.0063624983,0.13736963,-0.0038411943,-0.002152097,-0.0012119242,-4.73845e-05,0.31911975,-0.0024809137,-0.005560232,-0.0030426607,-0.00884221
NPIPB4,-0.0010877977,0.17144857,0.1876833,-0.0037049602,0.100572705,-0.006372791,0.138077,-0.0038450004,-0.0021608365,-0.0012187964,-4.3637752e-05,0.3198309,-0.0024792808,-0.005549662,-0.0030374709,-0.008838554
NPR1,-0.0010877977,0.17144857,0.1876833,-0.0037049602,0.100572705,-0.006372791,0.138077,-0.0038450004,-0.0021608365,-0.0012187964,-4.3637752e-05,0.3198309,-0.0024792808,-0.005549662,-0.0030374709,-0.008838554
NPR2,-0.0010877977,0.17144857,0.1876833,-0.0037049602,0.100572705,-0.006372791,0.138077,-0.0038450004,-0.0021608365,-0.0012187964,-4.3637752e-05,0.3198309,-0.0024792808,-0.005549662,-0.0030374709,-0.008838554
NPRL2,-0.0010827201,0.17221534,0.18773453,-0.0037098299,0.09967679,-0.006372278,0.1379404,-0.0038487294,-0.0021521854,-0.001214117,-4.2605698e-05,0.3190115,-0.0024717343,-0.005547055,-0.003045626,-0.0088465875
NPTX2,-0.0010877977,0.17144857,0.1876833,-0.0037049602,0.100572705,-0.006372791,0.138077,-0.0038450004,-0.0021608365,-0.0012187964,-4.3637752e-05,0.3198309,-0.0024792808,-0.005549662,-0.0030374709,-0.008838554
NPTXR,-0.001415606,0.13767102,0.22393946,-0.0036318623,0.08875791,-0.0060442677,0.12835969,-0.003429686,-0.0018784519,-0.0009765511,-1.9599645e-05,0.3178013,-0.002464551,-0.0058472594,-0.003147152,-0.009011823
NR3C2,-0.0010877977,0.17144857,0.1876833,-0.0037049602,0.100572705,-0.006372791,0.138077,-0.0038450004,-0.0021608365,-0.0012187964,-4.3637752e-05,0.3198309,-0.0024792808,-0.005549662,-0.0030374709,-0.008838554
NRCAM,-0.00093042135,0.2348218,0.23366047,-0.0033318293,0.056905776,-0.0067872885,0.060367078,-0.0033510828,-0.0021420114,-0.0019415858,-0.0003128761,0.2628999,-0.0030468786,-0.005736252,-0.0021482417,-0.007875979
NRG2,-0.0010854688,0.1711931,0.18703876,-0.0036925934,0.10176022,-0.0063687433,0.13710022,-0.0038363712,-0.00216816,-0.0012107297,-5.571574e-05,0.31890267,-0.002474257,-0.00555305,-0.0030352746,-0.00882335
NRN1L,-0.0010877977,0.17144857,0.1876833,-0.0037049602,0.100572705,-0.006372791,0.138077,-0.0038450004,-0.0021608365,-0.0012187964,-4.3637752e-05,0.3198309,-0.0024792808,-0.005549662,-0.0030374709,-0.008838554
NRTN,-0.00086878025,0.13297671,0.1953061,-0.0037054007,0.09132304,-0.0061247097,0.1678289,-0.0037718385,-0.0017242831,-0.0013315682,-0.00016426771,0.31021953,-0.0023178183,-0.005418307,-0.0034319286,-0.008577738
NSD2,-0.00011696454,0.21236098,-0.000683652,-0.0013314402,0.19532958,-0.0043197754,0.10959868,-0.0021093998,-0.00075667707,0.020049915,0.08433579,0.1437149,-0.0013695519,-0.0031119208,-0.0015400738,-0.005757833
NSUN6,-0.0010877977,0.17144857,0.1876833,-0.0037049602,0.100572705,-0.006372791,0.138077,-0.0038450004,-0.0021608365,-0.0012187964,-4.3637752e-05,0.3198309,-0.0024792808,-0.005549662,-0.0030374709,-0.008838554
NT5M,-0.0010877977,0.17144857,0.1876833,-0.0037049602,0.100572705,-0.006372791,0.138077,-0.0038450004,-0.0021608365,-0.0012187964,-4.3637752e-05,0.3198309,-0.0024792808,-0.005549662,-0.0030374709,-0.008838554
NTNG1,-0.0010877977,0.17144857,0.1876833,-0.0037049602,0.100572705,-0.006372791,0.138077,-0.0038450004,-0.0021608365,-0.0012187964,-4.3637752e-05,0.3198309,-0.0024792808,-0.005549662,-0.0030374709,-0.008838554
NTRK1,-0.0010877977,0.17144857,0.1876833,-0.0037049602,0.100572705,-0.006372791,0.138077,-0.0038450004,-0.0021608365,-0.0012187964,-4.3637752e-05,0.3198309,-0.0024792808,-0.005549662,-0.0030374709,-0.008838554
NTRK2,-0.0010877977,0.17144857,0.1876833,-0.0037049602,0.100572705,-0.006372791,0.138077,-0.0038450004,-0.0021608365,-0.0012187964,-4.3637752e-05,0.3198309,-0.0024792808,-0.005549662,-0.0030374709,-0.008838554
NUAK1,-0.0010877977,0.17144857,0.1876833,-0.0037049602,0.100572705,-0.006372791,0.138077,-0.0038450004,-0.0021608365,-0.0012187964,-4.3637752e-05,0.3198309,-0.0024792808,-0.005549662,-0.0030374709,-0.008838554
NUP205,-0.0010877977,0.17144857,0.1876833,-0.0037049602,0.100572705,-0.006372791,0.138077,-0.0038450004,-0.0021608365,-0.0012187964,-4.3637752e-05,0.3198309,-0.0024792808,-0.005549662,-0.0030374709,-0.008838554
NUP210L,-0.0010877977,0.17144857,0.1876833,-0.0037049602,0.100572705,-0.006372791,0.138077,-0.0038450004,-0.0021608365,-0.0012187964,-4.3637752e-05,0.3198309,-0.0024792808,-0.005549662,-0.0030374709,-0.008838554
NVL,-0.001413277,0.13741556,0.2232949,-0.0036194955,0.08994543,-0.0060402206,0.1273829,-0.0034210568,-0.0018857756,-0.0009684845,-3.167763e-05,0.31687307,-0.0024595272,-0.005850649,-0.003144956,-0.008996619
NYAP1,-0.0010856953,0.17129393,0.18773861,-0.0037053262,0.10075045,-0.006372735,0.13824686,-0.0038431557,-0.00216225,-0.0012167731,-4.5306533e-05,0.31982026,-0.0024798694,-0.0055504977,-0.0030383659,-0.008836006
OAT,-0.0010893948,0.17170428,0.18781026,-0.0037042182,0.10051927,-0.006372964,0.13823396,-0.003843957,-0.0021635708,-0.0012192575,-4.2905507e-05,0.31986904,-0.0024813018,-0.005548335,-0.0030379116,-0.008838243
OBSCN-AS1,-0.0010877977,0.17144857,0.1876833,-0.0037049602,0.100572705,-0.006372791,0.138077,-0.0038450004,-0.0021608365,-0.0012187964,-4.3637752e-05,0.3198309,-0.0024792808,-0.005549662,-0.0030374709,-0.008838554
OCA2,-0.0010865865,0.17132783,0.18773906,-0.0037042361,0.10051662,-0.006373171,0.13807106,-0.003844433,-0.0021615266,-0.0012198209,-4.311681e-05,0.31986457,-0.0024797171,-0.005550358,-0.0030363512,-0.008839263
OCIAD2,-0.001415606,0.13767102,0.22393946,-0.0036318623,0.08875791,-0.0060442677,0.12835969,-0.003429686,-0.0018784519,-0.0009765511,-1.9599645e-05,0.3178013,-0.002464551,-0.0058472594,-0.003147152,-0.009011823
OGDHL,-0.0010877977,0.17144857,0.1876833,-0.0037049602,0.100572705,-0.006372791,0.138077,-0.0038450004,-0.0021608365,-0.0012187964,-4.3637752e-05,0.3198309,-0.0024792808,-0.005549662,-0.0030374709,-0.008838554
OLMALINC,-0.0010877977,0.17144857,0.1876833,-0.0037049602,0.100572705,-0.006372791,0.138077,-0.0038450004,-0.0021608365,-0.0012187964,-4.3637752e-05,0.3198309,-0.0024792808,-0.005549662,-0.0030374709,-0.008838554
ONECUT1,-0.0010874098,0.17153645,0.18767183,-0.0037058864,0.10062483,-0.0063739764,0.13831125,-0.0038473355,-0.0021597885,-0.0012195876,-4.4169872e-05,0.3199346,-0.0024794196,-0.0055504427,-0.003037872,-0.008840399
OPTN,-0.0011671075,0.14843172,0.16338821,-0.003698116,0.07114078,-0.0063557927,0.11208819,-0.003480601,-0.0025679201,-0.0016585044,0.035571404,0.33928636,-0.0019252391,-0.0054985806,-0.003232858,-0.009082847
OR2AG2,-0.0010877977,0.17144857,0.1876833,-0.0037049602,0.100572705,-0.006372791,0.138077,-0.0038450004,-0.0021608365,-0.0012187964,-4.3637752e-05,0.3198309,-0.0024792808,-0.005549662,-0.0030374709,-0.008838554
ORC2,-0.0010877977,0.17144857,0.1876833,-0.0037049602,0.100572705,-0.006372791,0.138077,-0.0038450004,-0.0021608365,-0.0012187964,-4.3637752e-05,0.3198309,-0.0024792808,-0.005549662,-0.0030374709,-0.008838554
ORM2,-0.001087727,0.1714377,0.1876375,-0.0037046217,0.10054491,-0.0063724616,0.13807371,-0.0038452481,-0.0021604009,-0.0012189316,-4.3976754e-05,0.31983286,-0.002478898,-0.005549348,-0.0030372092,-0.008838146
OSBPL3,-0.0010877977,0.17144857,0.1876833,-0.0037049602,0.100572705,-0.006372791,0.138077,-0.0038450004,-0.0021608365,-0.0012187964,-4.3637752e-05,0.3198309,-0.0024792808,-0.005549662,-0.0030374709,-0.008838554
OSBPL7,-0.0010877977,0.17144857,0.1876833,-0.0037049602,0.100572705,-0.006372791,0.138077,-0.0038450004,-0.0021608365,-0.0012187964,-4.3637752e-05,0.3198309,-0.0024792808,-0.005549662,-0.0030374709,-0.008838554
OSER1-DT,-0.0010977697,0.1736672,0.18679185,-0.003702291,0.10252433,-0.0063623767,0.13697329,-0.003855637,-0.0021820106,-0.0012091416,-5.6904402e-05,0.32209125,-0.0024625286,-0.005526911,-0.0030260407,-0.00883111
OTUD6B-AS1,-0.0010877977,0.17144857,0.1876833,-0.0037049602,0.100572705,-0.006372791,0.138077,-0.0038450004,-0.0021608365,-0.0012187964,-4.3637752e-05,0.3198309,-0.0024792808,-0.005549662,-0.0030374709,-0.008838554
OTUD7B,-0.0010877977,0.17144857,0.1876833,-0.0037049602,0.100572705,-0.006372791,0.138077,-0.0038450004,-0.0021608365,-0.0012187964,-4.3637752e-05,0.3198309,-0.0024792808,-0.005549662,-0.0030374709,-0.008838554
OVCH1-AS1,-0.0010877977,0.17144857,0.1876833,-0.0037049602,0.100572705,-0.006372791,0.138077,-0.0038450004,-0.0021608365,-0.0012187964,-4.3637752e-05,0.3198309,-0.0024792808,-0.005549662,-0.0030374709,-0.008838554
OVOL3,-0.0011537647,0.16816655,0.1970344,-0.003797574,0.09833139,-0.0063705854,0.122163825,-0.0039042453,-0.0022116425,-0.0011011281,0.00419046,0.32505834,-0.002397596,-0.005446845,-0.0031328867,-0.0088060945
P2RY10,-0.0010877977,0.17144857,0.1876833,-0.0037049602,0.100572705,-0.006372791,0.138077,-0.0038450004,-0.0021608365,-0.0012187964,-4.3637752e-05,0.3198309,-0.0024792808,-0.005549662,-0.0030374709,-0.008838554
P2RY11,-0.0010877977,0.17144857,0.1876833,-0.0037049602,0.100572705,-0.006372791,0.138077,-0.0038450004,-0.0021608365,-0.0012187964,-4.3637752e-05,0.3198309,-0.0024792808,-0.005549662,-0.0030374709,-0.008838554
P3H2-AS1,-0.0011537647,0.16816655,0.1970344,-0.003797574,0.09833139,-0.0063705854,0.122163825,-0.0039042453,-0.0022116425,-0.0011011281,0.00419046,0.32505834,-0.002397596,-0.005446845,-0.0031328867,-0.0088060945
P3H4,-0.0010877977,0.17144857,0.1876833,-0.0037049602,0.100572705,-0.006372791,0.138077,-0.0038450004,-0.0021608365,-0.0012187964,-4.3637752e-05,0.3198309,-0.0024792808,-0.005549662,-0.0030374709,-0.008838554
PAFAH2,-0.0010877977,0.17144857,0.1876833,-0.0037049602,0.100572705,-0.006372791,0.138077,-0.0038450004,-0.0021608365,-0.0012187964,-4.3637752e-05,0.3198309,-0.0024792808,-0.005549662,-0.0030374709,-0.008838554
PAM,-0.0010877977,0.17144857,0.1876833,-0.0037049602,0.100572705,-0.006372791,0.138077,-0.0038450004,-0.0021608365,-0.0012187964,-4.3637752e-05,0.3198309,-0.0024792808,-0.005549662,-0.0030374709,-0.008838554
PANX3,-0.0010877977,0.17144857,0.1876833,-0.0037049602,0.100572705,-0.006372791,0.138077,-0.0038450004,-0.0021608365,-0.0012187964,-4.3637752e-05,0.3198309,-0.0024792808,-0.005549662,-0.0030374709,-0.008838554
PAPOLB,-0.0010888542,0.17235915,0.18812059,-0.0036913478,0.100623675,-0.006379894,0.13929024,-0.003855944,-0.0021685609,-0.0012154165,-5.6066958e-05,0.31897217,-0.002493243,-0.005536244,-0.0030284035,-0.0088438485
PARD6B,-0.0010877977,0.17144857,0.1876833,-0.0037049602,0.100572705,-0.006372791,0.138077,-0.0038450004,-0.0021608365,-0.0012187964,-4.3637752e-05,0.3198309,-0.0024792808,-0.005549662,-0.0030374709,-0.008838554
PARN,-0.001087727,0.1714377,0.1876375,-0.0037046217,0.10054491,-0.0063724616,0.13807371,-0.0038452481,-0.0021604009,-0.0012189316,-4.3976754e-05,0.31983286,-0.002478898,-0.005549348,-0.0030372092,-0.008838146
PARP15,-0.0010877977,0.17144857,0.1876833,-0.0037049602,0.100572705,-0.006372791,0.138077,-0.0038450004,-0.0021608365,-0.0012187964,-4.3637752e-05,0.3198309,-0.0024792808,-0.005549662,-0.0030374709,-0.008838554
PARP16,-0.0010877977,0.17144857,0.1876833,-0.0037049602,0.100572705,-0.006372791,0.138077,-0.0038450004,-0.0021608365,-0.0012187964,-4.3637752e-05,0.3198309,-0.0024792808,-0.005549662,-0.0030374709,-0.008838554
PATL2,-0.0010877977,0.17144857,0.1876833,-0.0037049602,0.100572705,-0.006372791,0.138077,-0.0038450004,-0.0021608365,-0.0012187964,-4.3637752e-05,0.3198309,-0.0024792808,-0.005549662,-0.0030374709,-0.008838554
PAUPAR,-0.00093042135,0.2348218,0.23366047,-0.0033318293,0.056905776,-0.0067872885,0.060367078,-0.0033510828,-0.0021420114,-0.0019415858,-0.0003128761,0.2628999,-0.0030468786,-0.005736252,-0.0021482417,-0.007875979
PAX5,-0.0009694283,0.15933816,0.17225678,-0.0036045008,0.09901191,-0.0063698366,0.10575097,-0.0037239823,-0.002202194,-0.0013964719,-8.883312e-05,0.29632705,-0.0023397945,-0.005503602,-0.0031320457,-0.008658611
PAXX,-0.0010877977,0.17144857,0.1876833,-0.0037049602,0.100572705,-0.006372791,0.138077,-0.0038450004,-0.0021608365,-0.0012187964,-4.3637752e-05,0.3198309,-0.0024792808,-0.005549662,-0.0030374709,-0.008838554
PBX4,-0.0010877977,0.17144857,0.1876833,-0.0037049602,0.100572705,-0.006372791,0.138077,-0.0038450004,-0.0021608365,-0.0012187964,-4.3637752e-05,0.3198309,-0.0024792808,-0.005549662,-0.0030374709,-0.008838554
PCAT1,-0.0010877977,0.17144857,0.1876833,-0.0037049602,0.100572705,-0.006372791,0.138077,-0.0038450004,-0.0021608365,-0.0012187964,-4.3637752e-05,0.3198309,-0.0024792808,-0.005549662,-0.0030374709,-0.008838554
PCBP4,-0.0010877977,0.17144857,0.1876833,-0.0037049602,0.100572705,-0.006372791,0.138077,-0.0038450004,-0.0021608365,-0.0012187964,-4.3637752e-05,0.3198309,-0.0024792808,-0.005549662,-0.0030374709,-0.008838554
PCDH19,-0.0010866908,0.17141344,0.18764763,-0.0037059127,0.100545496,-0.0063722543,0.13789329,-0.0038468975,-0.0021582644,-0.0012180605,-4.4480857e-05,0.3197527,-0.0024808592,-0.0055512474,-0.0030392453,-0.008838414
PCDH9,-0.0010877977,0.17144857,0.1876833,-0.0037049602,0.100572705,-0.006372791,0.138077,-0.0038450004,-0.0021608365,-0.0012187964,-4.3637752e-05,0.3198309,-0.0024792808,-0.005549662,-0.0030374709,-0.008838554
PCDHGA10,-0.0010877977,0.17144857,0.1876833,-0.0037049602,0.100572705,-0.006372791,0.138077,-0.0038450004,-0.0021608365,-0.0012187964,-4.3637752e-05,0.3198309,-0.0024792808,-0.005549662,-0.0030374709,-0.008838554
PCDHGB2,-0.0010877977,0.17144857,0.1876833,-0.0037049602,0.100572705,-0.006372791,0.138077,-0.0038450004,-0.0021608365,-0.0012187964,-4.3637752e-05,0.3198309,-0.0024792808,-0.005549662,-0.0030374709,-0.008838554
PCDHGC3,-0.000969918,0.19252154,0.14411108,-0.003343508,0.065803945,-0.006128726,0.045009013,-0.0042504813,-0.0015904757,-0.0017235641,0.020330593,0.33744806,-0.0015573568,-0.004440171,-0.002421792,-0.007847975
PCNT,-0.0010877977,0.17144857,0.1876833,-0.0037049602,0.100572705,-0.006372791,0.138077,-0.0038450004,-0.0021608365,-0.0012187964,-4.3637752e-05,0.3198309,-0.0024792808,-0.005549662,-0.0030374709,-0.008838554
PCNX3,-0.0010877977,0.17144857,0.1876833,-0.0037049602,0.100572705,-0.006372791,0.138077,-0.0038450004,-0.0021608365,-0.0012187964,-4.3637752e-05,0.3198309,-0.0024792808,-0.005549662,-0.0030374709,-0.008838554
PCOTH,-0.0010877977,0.17144857,0.1876833,-0.0037049602,0.100572705,-0.006372791,0.138077,-0.0038450004,-0.0021608365,-0.0012187964,-4.3637752e-05,0.3198309,-0.0024792808,-0.005549662,-0.0030374709,-0.008838554
PDCD1,-0.0010877977,0.17144857,0.1876833,-0.0037049602,0.100572705,-0.006372791,0.138077,-0.0038450004,-0.0021608365,-0.0012187964,-4.3637752e-05,0.3198309,-0.0024792808,-0.005549662,-0.0030374709,-0.008838554
PDE4D,-0.0010877977,0.17144857,0.1876833,-0.0037049602,0.100572705,-0.006372791,0.138077,-0.0038450004,-0.0021608365,-0.0012187964,-4.3637752e-05,0.3198309,-0.0024792808,-0.005549662,-0.0030374709,-0.008838554
PDE5A,-0.0010877977,0.17144857,0.1876833,-0.0037049602,0.100572705,-0.006372791,0.138077,-0.0038450004,-0.0021608365,-0.0012187964,-4.3637752e-05,0.3198309,-0.0024792808,-0.005549662,-0.0030374709,-0.008838554
PDE9A,-0.0010877977,0.17144857,0.1876833,-0.0037049602,0.100572705,-0.006372791,0.138077,-0.0038450004,-0.0021608365,-0.0012187964,-4.3637752e-05,0.3198309,-0.0024792808,-0.005549662,-0.0030374709,-0.008838554
PDGFD,-0.001087727,0.1714377,0.1876375,-0.0037046217,0.10054491,-0.0063724616,0.13807371,-0.0038452481,-0.0021604009,-0.0012189316,-4.3976754e-05,0.31983286,-0.002478898,-0.005549348,-0.0030372092,-0.008838146
PDZD4,-0.0010877977,0.17144857,0.1876833,-0.0037049602,0.100572705,-0.006372791,0.138077,-0.0038450004,-0.0021608365,-0.0012187964,-4.3637752e-05,0.3198309,-0.0024792808,-0.005549662,-0.0030374709,-0.008838554
PDZK1IP1,-0.0010877977,0.17144857,0.1876833,-0.0037049602,0.100572705,-0.006372791,0.138077,-0.0038450004,-0.0021608365,-0.0012187964,-4.3637752e-05,0.3198309,-0.0024792808,-0.005549662,-0.0030374709,-0.008838554
PECR,-0.0010877977,0.17144857,0.1876833,-0.0037049602,0.100572705,-0.006372791,0.138077,-0.0038450004,-0.0021608365,-0.0012187964,-4.3637752e-05,0.3198309,-0.0024792808,-0.005549662,-0.0030374709,-0.008838554
PERP,-0.0010877977,0.17144857,0.1876833,-0.0037049602,0.100572705,-0.006372791,0.138077,-0.0038450004,-0.0021608365,-0.0012187964,-4.3637752e-05,0.3198309,-0.0024792808,-0.005549662,-0.0030374709,-0.008838554
PEX12,-0.0010877977,0.17144857,0.1876833,-0.0037049602,0.100572705,-0.006372791,0.138077,-0.0038450004,-0.0021608365,-0.0012187964,-4.3637752e-05,0.3198309,-0.0024792808,-0.005549662,-0.0030374709,-0.008838554
PFKFB1,-0.0010877977,0.17144857,0.1876833,-0.0037049602,0.100572705,-0.006372791,0.138077,-0.0038450004,-0.0021608365,-0.0012187964,-4.3637752e-05,0.3198309,-0.0024792808,-0.005549662,-0.0030374709,-0.008838554
PFKP,-0.0010877977,0.17144857,0.1876833,-0.0037049602,0.100572705,-0.006372791,0.138077,-0.0038450004,-0.0021608365,-0.0012187964,-4.3637752e-05,0.3198309,-0.0024792808,-0.005549662,-0.0030374709,-0.008838554
PGAP1,-0.001415606,0.13767102,0.22393946,-0.0036318623,0.08875791,-0.0060442677,0.12835969,-0.003429686,-0.0018784519,-0.0009765511,-1.9599645e-05,0.3178013,-0.002464551,-0.0058472594,-0.003147152,-0.009011823
PGBD4,-0.0010877977,0.17144857,0.1876833,-0.0037049602,0.100572705,-0.006372791,0.138077,-0.0038450004,-0.0021608365,-0.0012187964,-4.3637752e-05,0.3198309,-0.0024792808,-0.005549662,-0.0030374709,-0.008838554
PGGHG,-0.0010877977,0.17144857,0.1876833,-0.0037049602,0.100572705,-0.006372791,0.138077,-0.0038450004,-0.0021608365,-0.0012187964,-4.3637752e-05,0.3198309,-0.0024792808,-0.005549662,-0.0030374709,-0.008838554
PGM2L1,-0.0010877977,0.17144857,0.1876833,-0.0037049602,0.100572705,-0.006372791,0.138077,-0.0038450004,-0.0021608365,-0.0012187964,-4.3637752e-05,0.3198309,-0.0024792808,-0.005549662,-0.0030374709,-0.008838554
PGM5P4-AS1,-0.0010877977,0.17144857,0.1876833,-0.0037049602,0.100572705,-0.006372791,0.138077,-0.0038450004,-0.0021608365,-0.0012187964,-4.3637752e-05,0.3198309,-0.0024792808,-0.005549662,-0.0030374709,-0.008838554
PHC1,-0.0010856953,0.17129393,0.18773861,-0.0037053262,0.10075045,-0.006372735,0.13824686,-0.0038431557,-0.00216225,-0.0012167731,-4.5306533e-05,0.31982026,-0.0024798694,-0.0055504977,-0.0030383659,-0.008836006
PHF1,-0.0010877977,0.17144857,0.1876833,-0.0037049602,0.100572705,-0.006372791,0.138077,-0.0038450004,-0.0021608365,-0.0012187964,-4.3637752e-05,0.3198309,-0.0024792808,-0.005549662,-0.0030374709,-0.008838554
PHF7,-0.001507132,0.18077923,0.09198336,-0.0031377012,0.113401845,-0.006761426,0.07194908,-0.0030462826,-0.0031032118,-0.0022621867,-0.00018653348,0.23050334,-0.0028791283,-0.005205046,-0.0033815864,-0.008723939
PHLDA3,-0.0010877977,0.17144857,0.1876833,-0.0037049602,0.100572705,-0.006372791,0.138077,-0.0038450004,-0.0021608365,-0.0012187964,-4.3637752e-05,0.3198309,-0.0024792808,-0.005549662,-0.0030374709,-0.008838554
PHLDB3,-0.0010877977,0.17144857,0.1876833,-0.0037049602,0.100572705,-0.006372791,0.138077,-0.0038450004,-0.0021608365,-0.0012187964,-4.3637752e-05,0.3198309,-0.0024792808,-0.005549662,-0.0030374709,-0.008838554
PHOX2A,-0.0010877977,0.17144857,0.1876833,-0.0037049602,0.100572705,-0.006372791,0.138077,-0.0038450004,-0.0021608365,-0.0012187964,-4.3637752e-05,0.3198309,-0.0024792808,-0.005549662,-0.0030374709,-0.008838554
PHYH,-0.0010877977,0.17144857,0.1876833,-0.0037049602,0.100572705,-0.006372791,0.138077,-0.0038450004,-0.0021608365,-0.0012187964,-4.3637752e-05,0.3198309,-0.0024792808,-0.005549662,-0.0030374709,-0.008838554
PHYHIPL,-0.0010877977,0.17144857,0.1876833,-0.0037049602,0.100572705,-0.006372791,0.138077,-0.0038450004,-0.0021608365,-0.0012187964,-4.3637752e-05,0.3198309,-0.0024792808,-0.005549662,-0.0030374709,-0.008838554
PICART1,-0.0010877977,0.17144857,0.1876833,-0.0037049602,0.100572705,-0.006372791,0.138077,-0.0038450004,-0.0021608365,-0.0012187964,-4.3637752e-05,0.3198309,-0.0024792808,-0.005549662,-0.0030374709,-0.008838554
PID1,-0.0010877977,0.17144857,0.1876833,-0.0037049602,0.100572705,-0.006372791,0.138077,-0.0038450004,-0.0021608365,-0.0012187964,-4.3637752e-05,0.3198309,-0.0024792808,-0.005549662,-0.0030374709,-0.008838554
PIF1,-0.00011696454,0.21236098,-0.000683652,-0.0013314402,0.19532958,-0.0043197754,0.10959868,-0.0021093998,-0.00075667707,0.020049915,0.08433579,0.1437149,-0.0013695519,-0.0031119208,-0.0015400738,-0.005757833
PIGK,-0.0010877977,0.17144857,0.1876833,-0.0037049602,0.100572705,-0.006372791,0.138077,-0.0038450004,-0.0021608365,-0.0012187964,-4.3637752e-05,0.3198309,-0.0024792808,-0.005549662,-0.0030374709,-0.008838554
PIGL,-0.0010877977,0.17144857,0.1876833,-0.0037049602,0.100572705,-0.006372791,0.138077,-0.0038450004,-0.0021608365,-0.0012187964,-4.3637752e-05,0.3198309,-0.0024792808,-0.005549662,-0.0030374709,-0.008838554
PITPNM2,-0.0010877977,0.17144857,0.1876833,-0.0037049602,0.100572705,-0.006372791,0.138077,-0.0038450004,-0.0021608365,-0.0012187964,-4.3637752e-05,0.3198309,-0.0024792808,-0.005549662,-0.0030374709,-0.008838554
PKD1,-0.0010854688,0.1711931,0.18703876,-0.0036925934,0.10176022,-0.0063687433,0.13710022,-0.0038363712,-0.00216816,-0.0012107297,-5.571574e-05,0.31890267,-0.002474257,-0.00555305,-0.0030352746,-0.00882335
PKIA,-0.0002692328,0.27971274,0.22195147,-0.0037043164,0.082768336,-0.0067989584,0.22432944,-0.004607583,-0.0010071482,-0.001748669,0.025050335,0.2262759,-0.0034180966,-0.0048718187,-0.002874353,-0.007857948
PLA2G4E-AS1,-0.0010877977,0.17144857,0.1876833,-0.0037049602,0.100572705,-0.006372791,0.138077,-0.0038450004,-0.0021608365,-0.0012187964,-4.3637752e-05,0.3198309,-0.0024792808,-0.005549662,-0.0030374709,-0.008838554
PLA2G6,-0.0010909782,0.1715187,0.18752651,-0.0037043027,0.10045343,-0.0063739326,0.1379309,-0.003846729,-0.0021657199,-0.0012179891,-4.0123163e-05,0.32007158,-0.002482009,-0.005551157,-0.0030376548,-0.008838295
PLAAT2,-0.0010877977,0.17144857,0.1876833,-0.0037049602,0.100572705,-0.006372791,0.138077,-0.0038450004,-0.0021608365,-0.0012187964,-4.3637752e-05,0.3198309,-0.0024792808,-0.005549662,-0.0030374709,-0.008838554
PLAC1,-0.0010877977,0.17144857,0.1876833,-0.0037049602,0.100572705,-0.006372791,0.138077,-0.0038450004,-0.0021608365,-0.0012187964,-4.3637752e-05,0.3198309,-0.0024792808,-0.005549662,-0.0030374709,-0.008838554
PLAUR,-0.0010877025,0.17143157,0.18762662,-0.0037047588,0.100559175,-0.006372378,0.13808808,-0.0038446714,-0.0021609736,-0.0012192121,-4.4115484e-05,0.31978244,-0.0024791057,-0.005549787,-0.003037439,-0.008838984
PLCG1,-0.0010877977,0.17144857,0.1876833,-0.0037049602,0.100572705,-0.006372791,0.138077,-0.0038450004,-0.0021608365,-0.0012187964,-4.3637752e-05,0.3198309,-0.0024792808,-0.005549662,-0.0030374709,-0.008838554
PLCL1,-0.0010877977,0.17144857,0.1876833,-0.0037049602,0.100572705,-0.006372791,0.138077,-0.0038450004,-0.0021608365,-0.0012187964,-4.3637752e-05,0.3198309,-0.0024792808,-0.005549662,-0.0030374709,-0.008838554
PLCXD2,-0.0010877977,0.17144857,0.1876833,-0.0037049602,0.100572705,-0.006372791,0.138077,-0.0038450004,-0.0021608365,-0.0012187964,-4.3637752e-05,0.3198309,-0.0024792808,-0.005549662,-0.0030374709,-0.008838554
PLD5,-0.0010877977,0.17144857,0.1876833,-0.0037049602,0.100572705,-0.006372791,0.138077,-0.0038450004,-0.0021608365,-0.0012187964,-4.3637752e-05,0.3198309,-0.0024792808,-0.005549662,-0.0030374709,-0.008838554
PLEKHA1,-0.0010877977,0.17144857,0.1876833,-0.0037049602,0.100572705,-0.006372791,0.138077,-0.0038450004,-0.0021608365,-0.0012187964,-4.3637752e-05,0.3198309,-0.0024792808,-0.005549662,-0.0030374709,-0.008838554
PLEKHA5,-0.0010877977,0.17144857,0.1876833,-0.0037049602,0.100572705,-0.006372791,0.138077,-0.0038450004,-0.0021608365,-0.0012187964,-4.3637752e-05,0.3198309,-0.0024792808,-0.005549662,-0.0030374709,-0.008838554
PLEKHF1,-0.0010877977,0.17144857,0.1876833,-0.0037049602,0.100572705,-0.006372791,0.138077,-0.0038450004,-0.0021608365,-0.0012187964,-4.3637752e-05,0.3198309,-0.0024792808,-0.005549662,-0.0030374709,-0.008838554
PLEKHG1,-0.0010877977,0.17144857,0.1876833,-0.0037049602,0.100572705,-0.006372791,0.138077,-0.0038450004,-0.0021608365,-0.0012187964,-4.3637752e-05,0.3198309,-0.0024792808,-0.005549662,-0.0030374709,-0.008838554
PLGRKT,-0.0010877977,0.17144857,0.1876833,-0.0037049602,0.100572705,-0.006372791,0.138077,-0.0038450004,-0.0021608365,-0.0012187964,-4.3637752e-05,0.3198309,-0.0024792808,-0.005549662,-0.0030374709,-0.008838554
PLPP1,-0.0010877977,0.17144857,0.1876833,-0.0037049602,0.100572705,-0.006372791,0.138077,-0.0038450004,-0.0021608365,-0.0012187964,-4.3637752e-05,0.3198309,-0.0024792808,-0.005549662,-0.0030374709,-0.008838554
PLPPR3,-0.0010812284,0.17206752,0.1869087,-0.0037084287,0.099853896,-0.0063710767,0.1390107,-0.003842992,-0.002157719,-0.0012157192,-4.562378e-05,0.31905007,-0.0024816594,-0.0055461396,-0.003040055,-0.008826789
PLXDC1,-0.0010877977,0.17144857,0.1876833,-0.0037049602,0.100572705,-0.006372791,0.138077,-0.0038450004,-0.0021608365,-0.0012187964,-4.3637752e-05,0.3198309,-0.0024792808,-0.005549662,-0.0030374709,-0.008838554
PLXDC2,-0.0010877977,0.17144857,0.1876833,-0.0037049602,0.100572705,-0.006372791,0.138077,-0.0038450004,-0.0021608365,-0.0012187964,-4.3637752e-05,0.3198309,-0.0024792808,-0.005549662,-0.0030374709,-0.008838554
PLXNA3,-0.0010877977,0.17144857,0.1876833,-0.0037049602,0.100572705,-0.006372791,0.138077,-0.0038450004,-0.0021608365,-0.0012187964,-4.3637752e-05,0.3198309,-0.0024792808,-0.005549662,-0.0030374709,-0.008838554
PM20D1,-0.0010877977,0.17144857,0.1876833,-0.0037049602,0.100572705,-0.006372791,0.138077,-0.0038450004,-0.0021608365,-0.0012187964,-4.3637752e-05,0.3198309,-0.0024792808,-0.005549662,-0.0030374709,-0.008838554
PMS1,-0.0010877977,0.17144857,0.1876833,-0.0037049602,0.100572705,-0.006372791,0.138077,-0.0038450004,-0.0021608365,-0.0012187964,-4.3637752e-05,0.3198309,-0.0024792808,-0.005549662,-0.0030374709,-0.008838554
PNMT,-0.0010877977,0.17144857,0.1876833,-0.0037049602,0.100572705,-0.006372791,0.138077,-0.0038450004,-0.0021608365,-0.0012187964,-4.3637752e-05,0.3198309,-0.0024792808,-0.005549662,-0.0030374709,-0.008838554
PNPLA2,-0.0010877977,0.17144857,0.1876833,-0.0037049602,0.100572705,-0.006372791,0.138077,-0.0038450004,-0.0021608365,-0.0012187964,-4.3637752e-05,0.3198309,-0.0024792808,-0.005549662,-0.0030374709,-0.008838554
PNPLA3,0.03387679,0.04020024,0.23726238,-0.0037247306,0.04995351,-0.0056025283,0.24481063,-0.005073616,-0.0031406626,-0.00062870345,-0.00065609766,0.3507005,-0.0024303496,-0.0054528043,-0.0030459517,-0.0073289964
POC5,-0.0010877977,0.17144857,0.1876833,-0.0037049602,0.100572705,-0.006372791,0.138077,-0.0038450004,-0.0021608365,-0.0012187964,-4.3637752e-05,0.3198309,-0.0024792808,-0.005549662,-0.0030374709,-0.008838554
POLR3E,-0.0010877977,0.17144857,0.1876833,-0.0037049602,0.100572705,-0.006372791,0.138077,-0.0038450004,-0.0021608365,-0.0012187964,-4.3637752e-05,0.3198309,-0.0024792808,-0.005549662,-0.0030374709,-0.008838554
POMT1,-0.0010877977,0.17144857,0.1876833,-0.0037049602,0.100572705,-0.006372791,0.138077,-0.0038450004,-0.0021608365,-0.0012187964,-4.3637752e-05,0.3198309,-0.0024792808,-0.005549662,-0.0030374709,-0.008838554
POT1-AS1,-0.001098377,0.1712539,0.18849437,-0.00369753,0.09999989,-0.006368004,0.13725416,-0.0038489501,-0.002165888,-0.0012127643,-4.37656e-05,0.31934452,-0.0024807504,-0.0055478546,-0.0030459722,-0.008841534
POU3F1,-0.0010877977,0.17144857,0.1876833,-0.0037049602,0.100572705,-0.006372791,0.138077,-0.0038450004,-0.0021608365,-0.0012187964,-4.3637752e-05,0.3198309,-0.0024792808,-0.005549662,-0.0030374709,-0.008838554
POU6F1,-0.0010877977,0.17144857,0.1876833,-0.0037049602,0.100572705,-0.006372791,0.138077,-0.0038450004,-0.0021608365,-0.0012187964,-4.3637752e-05,0.3198309,-0.0024792808,-0.005549662,-0.0030374709,-0.008838554
PPIAL4G,-0.0010877977,0.17144857,0.1876833,-0.0037049602,0.100572705,-0.006372791,0.138077,-0.0038450004,-0.0021608365,-0.0012187964,-4.3637752e-05,0.3198309,-0.0024792808,-0.005549662,-0.0030374709,-0.008838554
PPM1E,-0.0021615177,0.14144996,0.11857672,-0.0031773937,0.15636832,-0.0053869495,0.036642246,-0.0029794173,-0.0026040338,-0.0018611003,-0.00025664805,0.37024134,-0.002145187,-0.005571729,-0.0016876009,-0.007338565
PPM1K-DT,-0.0010877977,0.17144857,0.1876833,-0.0037049602,0.100572705,-0.006372791,0.138077,-0.0038450004,-0.0021608365,-0.0012187964,-4.3637752e-05,0.3198309,-0.0024792808,-0.005549662,-0.0030374709,-0.008838554
PPP1R10,-0.0010877977,0.17144857,0.1876833,-0.0037049602,0.100572705,-0.006372791,0.138077,-0.0038450004,-0.0021608365,-0.0012187964,-4.3637752e-05,0.3198309,-0.0024792808,-0.005549662,-0.0030374709,-0.008838554
PPP1R12A-AS1,-0.0010877977,0.17144857,0.1876833,-0.0037049602,0.100572705,-0.006372791,0.138077,-0.0038450004,-0.0021608365,-0.0012187964,-4.3637752e-05,0.3198309,-0.0024792808,-0.005549662,-0.0030374709,-0.008838554
PPP1R14B-AS1,-0.0010877977,0.17144857,0.1876833,-0.0037049602,0.100572705,-0.006372791,0.138077,-0.0038450004,-0.0021608365,-0.0012187964,-4.3637752e-05,0.3198309,-0.0024792808,-0.005549662,-0.0030374709,-0.008838554
PPP1R36,-0.0010856953,0.17129393,0.18773861,-0.0037053262,0.10075045,-0.006372735,0.13824686,-0.0038431557,-0.00216225,-0.0012167731,-4.5306533e-05,0.31982026,-0.0024798694,-0.0055504977,-0.0030383659,-0.008836006
PPP1R9A,-0.0010877977,0.17144857,0.1876833,-0.0037049602,0.100572705,-0.006372791,0.138077,-0.0038450004,-0.0021608365,-0.0012187964,-4.3637752e-05,0.3198309,-0.0024792808,-0.005549662,-0.0030374709,-0.008838554
PPP2R3B,-0.0010877977,0.17144857,0.1876833,-0.0037049602,0.100572705,-0.006372791,0.138077,-0.0038450004,-0.0021608365,-0.0012187964,-4.3637752e-05,0.3198309,-0.0024792808,-0.005549662,-0.0030374709,-0.008838554
PPP4R1-AS1,-0.0010827201,0.17221534,0.18773453,-0.0037098299,0.09967679,-0.006372278,0.1379404,-0.0038487294,-0.0021521854,-0.001214117,-4.2605698e-05,0.3190115,-0.0024717343,-0.005547055,-0.003045626,-0.0088465875
PRAG1,-0.0010877977,0.17144857,0.1876833,-0.0037049602,0.100572705,-0.006372791,0.138077,-0.0038450004,-0.0021608365,-0.0012187964,-4.3637752e-05,0.3198309,-0.0024792808,-0.005549662,-0.0030374709,-0.008838554
PRAME,-0.001089381,0.171263,0.18739955,-0.0037050454,0.100506864,-0.006373759,0.13777393,-0.0038477725,-0.0021629855,-0.001217528,-4.0855408e-05,0.32003343,-0.002479988,-0.0055524837,-0.0030372138,-0.008838606
PRDM1,-0.00031414902,0.15344746,-0.000746173,-0.0014144004,0.1562407,-0.004111435,0.05662278,-0.001469286,-0.0014280565,-0.00015640154,0.09202943,0.15648365,-0.0009307425,-0.0033345756,-0.0018182036,-0.00616849
PREPL,-0.0010877977,0.17144857,0.1876833,-0.0037049602,0.100572705,-0.006372791,0.138077,-0.0038450004,-0.0021608365,-0.0012187964,-4.3637752e-05,0.3198309,-0.0024792808,-0.005549662,-0.0030374709,-0.008838554
PREX2,-0.0010877977,0.17144857,0.1876833,-0.0037049602,0.100572705,-0.006372791,0.138077,-0.0038450004,-0.0021608365,-0.0012187964,-4.3637752e-05,0.3198309,-0.0024792808,-0.005549662,-0.0030374709,-0.008838554
PRF1,-0.0010877977,0.17144857,0.1876833,-0.0037049602,0.100572705,-0.006372791,0.138077,-0.0038450004,-0.0021608365,-0.0012187964,-4.3637752e-05,0.3198309,-0.0024792808,-0.005549662,-0.0030374709,-0.008838554
PRICKLE4,-0.0010877977,0.17144857,0.1876833,-0.0037049602,0.100572705,-0.006372791,0.138077,-0.0038450004,-0.0021608365,-0.0012187964,-4.3637752e-05,0.3198309,-0.0024792808,-0.005549662,-0.0030374709,-0.008838554
PRIM2,-0.0010877977,0.17144857,0.1876833,-0.0037049602,0.100572705,-0.006372791,0.138077,-0.0038450004,-0.0021608365,-0.0012187964,-4.3637752e-05,0.3198309,-0.0024792808,-0.005549662,-0.0030374709,-0.008838554
PRKAR1B,-0.001415606,0.13767102,0.22393946,-0.0036318623,0.08875791,-0.0060442677,0.12835969,-0.003429686,-0.0018784519,-0.0009765511,-1.9599645e-05,0.3178013,-0.002464551,-0.0058472594,-0.003147152,-0.009011823
PRKCA-AS1,-0.0010877977,0.17144857,0.1876833,-0.0037049602,0.100572705,-0.006372791,0.138077,-0.0038450004,-0.0021608365,-0.0012187964,-4.3637752e-05,0.3198309,-0.0024792808,-0.005549662,-0.0030374709,-0.008838554
PRKCG,-0.0010877977,0.17144857,0.1876833,-0.0037049602,0.100572705,-0.006372791,0.138077,-0.0038450004,-0.0021608365,-0.0012187964,-4.3637752e-05,0.3198309,-0.0024792808,-0.005549662,-0.0030374709,-0.008838554
PRKCQ-AS1,-0.001098377,0.1712539,0.18849437,-0.00369753,0.09999989,-0.006368004,0.13725416,-0.0038489501,-0.002165888,-0.0012127643,-4.37656e-05,0.31934452,-0.0024807504,-0.0055478546,-0.0030459722,-0.008841534
PRKD2,-0.0010877977,0.17144857,0.1876833,-0.0037049602,0.100572705,-0.006372791,0.138077,-0.0038450004,-0.0021608365,-0.0012187964,-4.3637752e-05,0.3198309,-0.0024792808,-0.005549662,-0.0030374709,-0.008838554
PRKN,-0.0010877977,0.17144857,0.1876833,-0.0037049602,0.100572705,-0.006372791,0.138077,-0.0038450004,-0.0021608365,-0.0012187964,-4.3637752e-05,0.3198309,-0.0024792808,-0.005549662,-0.0030374709,-0.008838554
PRKRIP1,-0.0010877977,0.17144857,0.1876833,-0.0037049602,0.100572705,-0.006372791,0.138077,-0.0038450004,-0.0021608365,-0.0012187964,-4.3637752e-05,0.3198309,-0.0024792808,-0.005549662,-0.0030374709,-0.008838554
PRKX,-0.0010877977,0.17144857,0.1876833,-0.0037049602,0.100572705,-0.006372791,0.138077,-0.0038450004,-0.0021608365,-0.0012187964,-4.3637752e-05,0.3198309,-0.0024792808,-0.005549662,-0.0030374709,-0.008838554
PRORP,-0.0010877025,0.17143157,0.18762662,-0.0037047588,0.100559175,-0.006372378,0.13808808,-0.0038446714,-0.0021609736,-0.0012192121,-4.4115484e-05,0.31978244,-0.0024791057,-0.005549787,-0.003037439,-0.008838984
PROS1,-0.0010877977,0.17144857,0.1876833,-0.0037049602,0.100572705,-0.006372791,0.138077,-0.0038450004,-0.0021608365,-0.0012187964,-4.3637752e-05,0.3198309,-0.0024792808,-0.005549662,-0.0030374709,-0.008838554
PROX2,-0.0010877977,0.17144857,0.1876833,-0.0037049602,0.100572705,-0.006372791,0.138077,-0.0038450004,-0.0021608365,-0.0012187964,-4.3637752e-05,0.3198309,-0.0024792808,-0.005549662,-0.0030374709,-0.008838554
PRR3,-0.001087727,0.1714377,0.1876375,-0.0037046217,0.10054491,-0.0063724616,0.13807371,-0.0038452481,-0.0021604009,-0.0012189316,-4.3976754e-05,0.31983286,-0.002478898,-0.005549348,-0.0030372092,-0.008838146
PRR5,-0.0010877977,0.17144857,0.1876833,-0.0037049602,0.100572705,-0.006372791,0.138077,-0.0038450004,-0.0021608365,-0.0012187964,-4.3637752e-05,0.3198309,-0.0024792808,-0.005549662,-0.0030374709,-0.008838554
PRR5L,-0.001098377,0.1712539,0.18849437,-0.00369753,0.09999989,-0.006368004,0.13725416,-0.0038489501,-0.002165888,-0.0012127643,-4.37656e-05,0.31934452,-0.0024807504,-0.0055478546,-0.0030459722,-0.008841534
PRRG2,-0.0010888542,0.17235915,0.18812059,-0.0036913478,0.100623675,-0.006379894,0.13929024,-0.003855944,-0.0021685609,-0.0012154165,-5.6066958e-05,0.31897217,-0.002493243,-0.005536244,-0.0030284035,-0.0088438485
PRRT2,-0.0010877977,0.17144857,0.1876833,-0.0037049602,0.100572705,-0.006372791,0.138077,-0.0038450004,-0.0021608365,-0.0012187964,-4.3637752e-05,0.3198309,-0.0024792808,-0.005549662,-0.0030374709,-0.008838554
PRRT4,-0.0010877977,0.17144857,0.1876833,-0.0037049602,0.100572705,-0.006372791,0.138077,-0.0038450004,-0.0021608365,-0.0012187964,-4.3637752e-05,0.3198309,-0.0024792808,-0.005549662,-0.0030374709,-0.008838554
PRSS22,-0.0010856953,0.17129393,0.18773861,-0.0037053262,0.10075045,-0.006372735,0.13824686,-0.0038431557,-0.00216225,-0.0012167731,-4.5306533e-05,0.31982026,-0.0024798694,-0.0055504977,-0.0030383659,-0.008836006
PRSS35,-0.0010921574,0.17122777,0.18717916,-0.0037018275,0.100231886,-0.006369981,0.13741207,-0.0038436772,-0.0021610826,-0.0012123802,-4.996702e-05,0.3197165,-0.002474861,-0.005556675,-0.0030345058,-0.008831642
PRSS38,-0.0010877977,0.17144857,0.1876833,-0.0037049602,0.100572705,-0.006372791,0.138077,-0.0038450004,-0.0021608365,-0.0012187964,-4.3637752e-05,0.3198309,-0.0024792808,-0.005549662,-0.0030374709,-0.008838554
PRTG,-0.0010877977,0.17144857,0.1876833,-0.0037049602,0.100572705,-0.006372791,0.138077,-0.0038450004,-0.0021608365,-0.0012187964,-4.3637752e-05,0.3198309,-0.0024792808,-0.005549662,-0.0030374709,-0.008838554
PSD2-AS1,-0.0010893948,0.17170428,0.18781026,-0.0037042182,0.10051927,-0.006372964,0.13823396,-0.003843957,-0.0021635708,-0.0012192575,-4.2905507e-05,0.31986904,-0.0024813018,-0.005548335,-0.0030379116,-0.008838243
PSD4,-0.0010877977,0.17144857,0.1876833,-0.0037049602,0.100572705,-0.006372791,0.138077,-0.0038450004,-0.0021608365,-0.0012187964,-4.3637752e-05,0.3198309,-0.0024792808,-0.005549662,-0.0030374709,-0.008838554
PSMD5,-0.0002692328,0.27971274,0.22195147,-0.0037043164,0.082768336,-0.0067989584,0.22432944,-0.004607583,-0.0010071482,-0.001748669,0.025050335,0.2262759,-0.0034180966,-0.0048718187,-0.002874353,-0.007857948
PSORS1C1,-0.0010877977,0.17144857,0.1876833,-0.0037049602,0.100572705,-0.006372791,0.138077,-0.0038450004,-0.0021608365,-0.0012187964,-4.3637752e-05,0.3198309,-0.0024792808,-0.005549662,-0.0030374709,-0.008838554
PTCH1,-0.0010977697,0.1736672,0.18679185,-0.003702291,0.10252433,-0.0063623767,0.13697329,-0.003855637,-0.0021820106,-0.0012091416,-5.6904402e-05,0.32209125,-0.0024625286,-0.005526911,-0.0030260407,-0.00883111
PTCH2,-0.0010877977,0.17144857,0.1876833,-0.0037049602,0.100572705,-0.006372791,0.138077,-0.0038450004,-0.0021608365,-0.0012187964,-4.3637752e-05,0.3198309,-0.0024792808,-0.005549662,-0.0030374709,-0.008838554
PTGDR,-0.00011696454,0.21236098,-0.000683652,-0.0013314402,0.19532958,-0.0043197754,0.10959868,-0.0021093998,-0.00075667707,0.020049915,0.08433579,0.1437149,-0.0013695519,-0.0031119208,-0.0015400738,-0.005757833
PTGDS,-0.0010877977,0.17144857,0.1876833,-0.0037049602,0.100572705,-0.006372791,0.138077,-0.0038450004,-0.0021608365,-0.0012187964,-4.3637752e-05,0.3198309,-0.0024792808,-0.005549662,-0.0030374709,-0.008838554
PTH2,-0.0010877977,0.17144857,0.1876833,-0.0037049602,0.100572705,-0.006372791,0.138077,-0.0038450004,-0.0021608365,-0.0012187964,-4.3637752e-05,0.3198309,-0.0024792808,-0.005549662,-0.0030374709,-0.008838554
PTOV1-AS1,-0.0010877977,0.17144857,0.1876833,-0.0037049602,0.100572705,-0.006372791,0.138077,-0.0038450004,-0.0021608365,-0.0012187964,-4.3637752e-05,0.3198309,-0.0024792808,-0.005549662,-0.0030374709,-0.008838554
PTPN12,-0.0010854688,0.1711931,0.18703876,-0.0036925934,0.10176022,-0.0063687433,0.13710022,-0.0038363712,-0.00216816,-0.0012107297,-5.571574e-05,0.31890267,-0.002474257,-0.00555305,-0.0030352746,-0.00882335
PTPN22,-0.0010877977,0.17144857,0.1876833,-0.0037049602,0.100572705,-0.006372791,0.138077,-0.0038450004,-0.0021608365,-0.0012187964,-4.3637752e-05,0.3198309,-0.0024792808,-0.005549662,-0.0030374709,-0.008838554
PTPN7,-0.0010877977,0.17144857,0.1876833,-0.0037049602,0.100572705,-0.006372791,0.138077,-0.0038450004,-0.0021608365,-0.0012187964,-4.3637752e-05,0.3198309,-0.0024792808,-0.005549662,-0.0030374709,-0.008838554
PTPRG,-0.0010877977,0.17144857,0.1876833,-0.0037049602,0.100572705,-0.006372791,0.138077,-0.0038450004,-0.0021608365,-0.0012187964,-4.3637752e-05,0.3198309,-0.0024792808,-0.005549662,-0.0030374709,-0.008838554
PTPRK,-0.0010893948,0.17170428,0.18781026,-0.0037042182,0.10051927,-0.006372964,0.13823396,-0.003843957,-0.0021635708,-0.0012192575,-4.2905507e-05,0.31986904,-0.0024813018,-0.005548335,-0.0030379116,-0.008838243
PTPRM,-0.0010877977,0.17144857,0.1876833,-0.0037049602,0.100572705,-0.006372791,0.138077,-0.0038450004,-0.0021608365,-0.0012187964,-4.3637752e-05,0.3198309,-0.0024792808,-0.005549662,-0.0030374709,-0.008838554
PURA,-0.0010877977,0.17144857,0.1876833,-0.0037049602,0.100572705,-0.006372791,0.138077,-0.0038450004,-0.0021608365,-0.0012187964,-4.3637752e-05,0.3198309,-0.0024792808,-0.005549662,-0.0030374709,-0.008838554
PWWP3A,-0.001085407,0.17205968,0.18749638,-0.003699575,0.09980859,-0.0063624983,0.13736963,-0.0038411943,-0.002152097,-0.0012119242,-4.73845e-05,0.31911975,-0.0024809137,-0.005560232,-0.0030426607,-0.00884221
PYHIN1,-0.0010877977,0.17144857,0.1876833,-0.0037049602,0.100572705,-0.006372791,0.138077,-0.0038450004,-0.0021608365,-0.0012187964,-4.3637752e-05,0.3198309,-0.0024792808,-0.005549662,-0.0030374709,-0.008838554
RAB11FIP3,-0.0010877977,0.17144857,0.1876833,-0.0037049602,0.100572705,-0.006372791,0.138077,-0.0038450004,-0.0021608365,-0.0012187964,-4.3637752e-05,0.3198309,-0.0024792808,-0.005549662,-0.0030374709,-0.008838554
RAB17,-0.0010877977,0.17144857,0.1876833,-0.0037049602,0.100572705,-0.006372791,0.138077,-0.0038450004,-0.0021608365,-0.0012187964,-4.3637752e-05,0.3198309,-0.0024792808,-0.005549662,-0.0030374709,-0.008838554
RAB26,-0.0010877977,0.17144857,0.1876833,-0.0037049602,0.100572705,-0.006372791,0.138077,-0.0038450004,-0.0021608365,-0.0012187964,-4.3637752e-05,0.3198309,-0.0024792808,-0.005549662,-0.0030374709,-0.008838554
RAB27B,-0.0010877977,0.17144857,0.1876833,-0.0037049602,0.100572705,-0.006372791,0.138077,-0.0038450004,-0.0021608365,-0.0012187964,-4.3637752e-05,0.3198309,-0.0024792808,-0.005549662,-0.0030374709,-0.008838554
RAB30-DT,-0.0010877025,0.17143157,0.18762662,-0.0037047588,0.100559175,-0.006372378,0.13808808,-0.0038446714,-0.0021609736,-0.0012192121,-4.4115484e-05,0.31978244,-0.0024791057,-0.005549787,-0.003037439,-0.008838984
RAB3IL1,-0.0010877977,0.17144857,0.1876833,-0.0037049602,0.100572705,-0.006372791,0.138077,-0.0038450004,-0.0021608365,-0.0012187964,-4.3637752e-05,0.3198309,-0.0024792808,-0.005549662,-0.0030374709,-0.008838554
RAB9B,-0.000969918,0.19252154,0.14411108,-0.003343508,0.065803945,-0.006128726,0.045009013,-0.0042504813,-0.0015904757,-0.0017235641,0.020330593,0.33744806,-0.0015573568,-0.004440171,-0.002421792,-0.007847975
RABEP2,-0.0010877977,0.17144857,0.1876833,-0.0037049602,0.100572705,-0.006372791,0.138077,-0.0038450004,-0.0021608365,-0.0012187964,-4.3637752e-05,0.3198309,-0.0024792808,-0.005549662,-0.0030374709,-0.008838554
RABEPK,-0.0010877977,0.17144857,0.1876833,-0.0037049602,0.100572705,-0.006372791,0.138077,-0.0038450004,-0.0021608365,-0.0012187964,-4.3637752e-05,0.3198309,-0.0024792808,-0.005549662,-0.0030374709,-0.008838554
RABGAP1L-DT,-0.0010812284,0.17206752,0.1869087,-0.0037084287,0.099853896,-0.0063710767,0.1390107,-0.003842992,-0.002157719,-0.0012157192,-4.562378e-05,0.31905007,-0.0024816594,-0.0055461396,-0.003040055,-0.008826789
RAC3,-0.0010877977,0.17144857,0.1876833,-0.0037049602,0.100572705,-0.006372791,0.138077,-0.0038450004,-0.0021608365,-0.0012187964,-4.3637752e-05,0.3198309,-0.0024792808,-0.005549662,-0.0030374709,-0.008838554
RAD23B,-0.0010877977,0.17144857,0.1876833,-0.0037049602,0.100572705,-0.006372791,0.138077,-0.0038450004,-0.0021608365,-0.0012187964,-4.3637752e-05,0.3198309,-0.0024792808,-0.005549662,-0.0030374709,-0.008838554
RAD51-AS1,-0.0010877977,0.17144857,0.1876833,-0.0037049602,0.100572705,-0.006372791,0.138077,-0.0038450004,-0.0021608365,-0.0012187964,-4.3637752e-05,0.3198309,-0.0024792808,-0.005549662,-0.0030374709,-0.008838554
RAD9A,-0.0010877977,0.17144857,0.1876833,-0.0037049602,0.100572705,-0.006372791,0.138077,-0.0038450004,-0.0021608365,-0.0012187964,-4.3637752e-05,0.3198309,-0.0024792808,-0.005549662,-0.0030374709,-0.008838554
RADIL,-0.0010827201,0.17221534,0.18773453,-0.0037098299,0.09967679,-0.006372278,0.1379404,-0.0038487294,-0.0021521854,-0.001214117,-4.2605698e-05,0.3190115,-0.0024717343,-0.005547055,-0.003045626,-0.0088465875
RADX,-0.001413277,0.13741556,0.2232949,-0.0036194955,0.08994543,-0.0060402206,0.1273829,-0.0034210568,-0.0018857756,-0.0009684845,-3.167763e-05,0.31687307,-0.0024595272,-0.005850649,-0.003144956,-0.008996619
RALGDS,-0.0010877977,0.17144857,0.1876833,-0.0037049602,0.100572705,-0.006372791,0.138077,-0.0038450004,-0.0021608365,-0.0012187964,-4.3637752e-05,0.3198309,-0.0024792808,-0.005549662,-0.0030374709,-0.008838554
RALY-AS1,-0.0010877977,0.17144857,0.1876833,-0.0037049602,0.100572705,-0.006372791,0.138077,-0.0038450004,-0.0021608365,-0.0012187964,-4.3637752e-05,0.3198309,-0.0024792808,-0.005549662,-0.0030374709,-0.008838554
RAMP1,-0.0010747379,0.16571179,0.19245519,-0.0038045608,0.10237688,-0.006434866,0.113045976,-0.0039647953,-0.0021499207,-0.0011976018,-5.8642026e-06,0.320709,-0.0022878582,-0.0055082333,-0.003194048,-0.008769271
RASAL3,-0.0010877977,0.17144857,0.1876833,-0.0037049602,0.100572705,-0.006372791,0.138077,-0.0038450004,-0.0021608365,-0.0012187964,-4.3637752e-05,0.3198309,-0.0024792808,-0.005549662,-0.0030374709,-0.008838554
RASGEF1A,-0.0010877977,0.17144857,0.1876833,-0.0037049602,0.100572705,-0.006372791,0.138077,-0.0038450004,-0.0021608365,-0.0012187964,-4.3637752e-05,0.3198309,-0.0024792808,-0.005549662,-0.0030374709,-0.008838554
RASGRF2,-0.0010877977,0.17144857,0.1876833,-0.0037049602,0.100572705,-0.006372791,0.138077,-0.0038450004,-0.0021608365,-0.0012187964,-4.3637752e-05,0.3198309,-0.0024792808,-0.005549662,-0.0030374709,-0.008838554
RASIP1,-0.0010877977,0.17144857,0.1876833,-0.0037049602,0.100572705,-0.006372791,0.138077,-0.0038450004,-0.0021608365,-0.0012187964,-4.3637752e-05,0.3198309,-0.0024792808,-0.005549662,-0.0030374709,-0.008838554
RASL11B,-0.0010877977,0.17144857,0.1876833,-0.0037049602,0.100572705,-0.006372791,0.138077,-0.0038450004,-0.0021608365,-0.0012187964,-4.3637752e-05,0.3198309,-0.0024792808,-0.005549662,-0.0030374709,-0.008838554
RASSF1-AS1,-0.0010877977,0.17144857,0.1876833,-0.0037049602,0.100572705,-0.006372791,0.138077,-0.0038450004,-0.0021608365,-0.0012187964,-4.3637752e-05,0.3198309,-0.0024792808,-0.005549662,-0.0030374709,-0.008838554
RB1-DT,-0.0010877977,0.17144857,0.1876833,-0.0037049602,0.100572705,-0.006372791,0.138077,-0.0038450004,-0.0021608365,-0.0012187964,-4.3637752e-05,0.3198309,-0.0024792808,-0.005549662,-0.0030374709,-0.008838554
RBIS,-0.0010877977,0.17144857,0.1876833,-0.0037049602,0.100572705,-0.006372791,0.138077,-0.0038450004,-0.0021608365,-0.0012187964,-4.3637752e-05,0.3198309,-0.0024792808,-0.005549662,-0.0030374709,-0.008838554
RBL1,-0.0010877977,0.17144857,0.1876833,-0.0037049602,0.100572705,-0.006372791,0.138077,-0.0038450004,-0.0021608365,-0.0012187964,-4.3637752e-05,0.3198309,-0.0024792808,-0.005549662,-0.0030374709,-0.008838554
RBM38,-0.0010877977,0.17144857,0.1876833,-0.0037049602,0.100572705,-0.006372791,0.138077,-0.0038450004,-0.0021608365,-0.0012187964,-4.3637752e-05,0.3198309,-0.0024792808,-0.005549662,-0.0030374709,-0.008838554
RBM48,-0.0010877977,0.17144857,0.1876833,-0.0037049602,0.100572705,-0.006372791,0.138077,-0.0038450004,-0.0021608365,-0.0012187964,-4.3637752e-05,0.3198309,-0.0024792808,-0.005549662,-0.0030374709,-0.008838554
RBP4,-0.0010893948,0.17170428,0.18781026,-0.0037042182,0.10051927,-0.006372964,0.13823396,-0.003843957,-0.0021635708,-0.0012192575,-4.2905507e-05,0.31986904,-0.0024813018,-0.005548335,-0.0030379116,-0.008838243
RCAN3,-0.0010812284,0.17206752,0.1869087,-0.0037084287,0.099853896,-0.0063710767,0.1390107,-0.003842992,-0.002157719,-0.0012157192,-4.562378e-05,0.31905007,-0.0024816594,-0.0055461396,-0.003040055,-0.008826789
RCAN3AS,-0.0010877977,0.17144857,0.1876833,-0.0037049602,0.100572705,-0.006372791,0.138077,-0.0038450004,-0.0021608365,-0.0012187964,-4.3637752e-05,0.3198309,-0.0024792808,-0.005549662,-0.0030374709,-0.008838554
RDH12,-0.0010877977,0.17144857,0.1876833,-0.0037049602,0.100572705,-0.006372791,0.138077,-0.0038450004,-0.0021608365,-0.0012187964,-4.3637752e-05,0.3198309,-0.0024792808,-0.005549662,-0.0030374709,-0.008838554
REST,-0.001082326,0.17230412,0.18772312,-0.0037107621,0.09972784,-0.0063734637,0.13817447,-0.0038510691,-0.0021511274,-0.0012149028,-4.3136773e-05,0.3191142,-0.0024718638,-0.005547833,-0.0030460374,-0.008848444
REXO1,-0.0010877977,0.17144857,0.1876833,-0.0037049602,0.100572705,-0.006372791,0.138077,-0.0038450004,-0.0021608365,-0.0012187964,-4.3637752e-05,0.3198309,-0.0024792808,-0.005549662,-0.0030374709,-0.008838554
REXO4,-0.0010921574,0.17122777,0.18717916,-0.0037018275,0.100231886,-0.006369981,0.13741207,-0.0038436772,-0.0021610826,-0.0012123802,-4.996702e-05,0.3197165,-0.002474861,-0.005556675,-0.0030345058,-0.008831642
RGL2,-0.0010877977,0.17144857,0.1876833,-0.0037049602,0.100572705,-0.006372791,0.138077,-0.0038450004,-0.0021608365,-0.0012187964,-4.3637752e-05,0.3198309,-0.0024792808,-0.005549662,-0.0030374709,-0.008838554
RGS1,-0.0010877977,0.17144857,0.1876833,-0.0037049602,0.100572705,-0.006372791,0.138077,-0.0038450004,-0.0021608365,-0.0012187964,-4.3637752e-05,0.3198309,-0.0024792808,-0.005549662,-0.0030374709,-0.008838554
RGS10,-0.0010888542,0.17235915,0.18812059,-0.0036913478,0.100623675,-0.006379894,0.13929024,-0.003855944,-0.0021685609,-0.0012154165,-5.6066958e-05,0.31897217,-0.002493243,-0.005536244,-0.0030284035,-0.0088438485
RGS16,-0.0010877977,0.17144857,0.1876833,-0.0037049602,0.100572705,-0.006372791,0.138077,-0.0038450004,-0.0021608365,-0.0012187964,-4.3637752e-05,0.3198309,-0.0024792808,-0.005549662,-0.0030374709,-0.008838554
RGS3,-0.000969918,0.19252154,0.14411108,-0.003343508,0.065803945,-0.006128726,0.045009013,-0.0042504813,-0.0015904757,-0.0017235641,0.020330593,0.33744806,-0.0015573568,-0.004440171,-0.002421792,-0.007847975
RGS6,-0.0010854688,0.1711931,0.18703876,-0.0036925934,0.10176022,-0.0063687433,0.13710022,-0.0038363712,-0.00216816,-0.0012107297,-5.571574e-05,0.31890267,-0.002474257,-0.00555305,-0.0030352746,-0.00882335
RGS7,-0.0010877977,0.17144857,0.1876833,-0.0037049602,0.100572705,-0.006372791,0.138077,-0.0038450004,-0.0021608365,-0.0012187964,-4.3637752e-05,0.3198309,-0.0024792808,-0.005549662,-0.0030374709,-0.008838554
RGS9,-0.0010827201,0.17221534,0.18773453,-0.0037098299,0.09967679,-0.006372278,0.1379404,-0.0038487294,-0.0021521854,-0.001214117,-4.2605698e-05,0.3190115,-0.0024717343,-0.005547055,-0.003045626,-0.0088465875
RHBDD1,-0.0010877977,0.17144857,0.1876833,-0.0037049602,0.100572705,-0.006372791,0.138077,-0.0038450004,-0.0021608365,-0.0012187964,-4.3637752e-05,0.3198309,-0.0024792808,-0.005549662,-0.0030374709,-0.008838554
RHCE,-0.0010877977,0.17144857,0.1876833,-0.0037049602,0.100572705,-0.006372791,0.138077,-0.0038450004,-0.0021608365,-0.0012187964,-4.3637752e-05,0.3198309,-0.0024792808,-0.005549662,-0.0030374709,-0.008838554
RHO,-0.0010877977,0.17144857,0.1876833,-0.0037049602,0.100572705,-0.006372791,0.138077,-0.0038450004,-0.0021608365,-0.0012187964,-4.3637752e-05,0.3198309,-0.0024792808,-0.005549662,-0.0030374709,-0.008838554
RHOT2,-0.0010921574,0.17122777,0.18717916,-0.0037018275,0.100231886,-0.006369981,0.13741207,-0.0038436772,-0.0021610826,-0.0012123802,-4.996702e-05,0.3197165,-0.002474861,-0.005556675,-0.0030345058,-0.008831642
RHOXF1,-0.0010877977,0.17144857,0.1876833,-0.0037049602,0.100572705,-0.006372791,0.138077,-0.0038450004,-0.0021608365,-0.0012187964,-4.3637752e-05,0.3198309,-0.0024792808,-0.005549662,-0.0030374709,-0.008838554
RHPN1-AS1,-0.0010877977,0.17144857,0.1876833,-0.0037049602,0.100572705,-0.006372791,0.138077,-0.0038450004,-0.0021608365,-0.0012187964,-4.3637752e-05,0.3198309,-0.0024792808,-0.005549662,-0.0030374709,-0.008838554
RIF1,-0.0010877977,0.17144857,0.1876833,-0.0037049602,0.100572705,-0.006372791,0.138077,-0.0038450004,-0.0021608365,-0.0012187964,-4.3637752e-05,0.3198309,-0.0024792808,-0.005549662,-0.0030374709,-0.008838554
RILPL1,-0.0010877977,0.17144857,0.1876833,-0.0037049602,0.100572705,-0.006372791,0.138077,-0.0038450004,-0.0021608365,-0.0012187964,-4.3637752e-05,0.3198309,-0.0024792808,-0.005549662,-0.0030374709,-0.008838554
RIMKLB,-0.0010877977,0.17144857,0.1876833,-0.0037049602,0.100572705,-0.006372791,0.138077,-0.0038450004,-0.0021608365,-0.0012187964,-4.3637752e-05,0.3198309,-0.0024792808,-0.005549662,-0.0030374709,-0.008838554
RN7SL832P,-0.0010877977,0.17144857,0.1876833,-0.0037049602,0.100572705,-0.006372791,0.138077,-0.0038450004,-0.0021608365,-0.0012187964,-4.3637752e-05,0.3198309,-0.0024792808,-0.005549662,-0.0030374709,-0.008838554
RNASE11,-0.0010869697,0.17164974,0.18753345,-0.003706244,0.100386135,-0.00637331,0.13789554,-0.003845286,-0.0021619624,-0.0012192393,-4.4535398e-05,0.31975633,-0.0024776226,-0.0055519105,-0.003038693,-0.0088396
RNASEH2A,-0.0010877977,0.17144857,0.1876833,-0.0037049602,0.100572705,-0.006372791,0.138077,-0.0038450004,-0.0021608365,-0.0012187964,-4.3637752e-05,0.3198309,-0.0024792808,-0.005549662,-0.0030374709,-0.008838554
RNF113A,-0.0010877977,0.17144857,0.1876833,-0.0037049602,0.100572705,-0.006372791,0.138077,-0.0038450004,-0.0021608365,-0.0012187964,-4.3637752e-05,0.3198309,-0.0024792808,-0.005549662,-0.0030374709,-0.008838554
RNF115,-0.0010865488,0.17175163,0.18747623,-0.0037047737,0.10026294,-0.0063729724,0.13824922,-0.003848189,-0.0021626852,-0.0012217545,-4.1193365e-05,0.32011133,-0.0024821549,-0.00554896,-0.0030339363,-0.008839902
RNF125,-0.0010877977,0.17144857,0.1876833,-0.0037049602,0.100572705,-0.006372791,0.138077,-0.0038450004,-0.0021608365,-0.0012187964,-4.3637752e-05,0.3198309,-0.0024792808,-0.005549662,-0.0030374709,-0.008838554
RNF126,-0.0010869089,0.17134966,0.18782078,-0.0036940794,0.100582406,-0.006382549,0.13769183,-0.0038530873,-0.0021651604,-0.0012235153,-5.4287164e-05,0.32054484,-0.0024698982,-0.005544982,-0.0030479955,-0.008847117
RNF144A,-0.0010877977,0.17144857,0.1876833,-0.0037049602,0.100572705,-0.006372791,0.138077,-0.0038450004,-0.0021608365,-0.0012187964,-4.3637752e-05,0.3198309,-0.0024792808,-0.005549662,-0.0030374709,-0.008838554
RNF157,-0.001089381,0.171263,0.18739955,-0.0037050454,0.100506864,-0.006373759,0.13777393,-0.0038477725,-0.0021629855,-0.001217528,-4.0855408e-05,0.32003343,-0.002479988,-0.0055524837,-0.0030372138,-0.008838606
RNF165,-0.0010877977,0.17144857,0.1876833,-0.0037049602,0.100572705,-0.006372791,0.138077,-0.0038450004,-0.0021608365,-0.0012187964,-4.3637752e-05,0.3198309,-0.0024792808,-0.005549662,-0.0030374709,-0.008838554
RNF169,-0.0010877977,0.17144857,0.1876833,-0.0037049602,0.100572705,-0.006372791,0.138077,-0.0038450004,-0.0021608365,-0.0012187964,-4.3637752e-05,0.3198309,-0.0024792808,-0.005549662,-0.0030374709,-0.008838554
RNF34,-0.0010877977,0.17144857,0.1876833,-0.0037049602,0.100572705,-0.006372791,0.138077,-0.0038450004,-0.0021608365,-0.0012187964,-4.3637752e-05,0.3198309,-0.0024792808,-0.005549662,-0.0030374709,-0.008838554
RNF43,-0.0010877977,0.17144857,0.1876833,-0.0037049602,0.100572705,-0.006372791,0.138077,-0.0038450004,-0.0021608365,-0.0012187964,-4.3637752e-05,0.3198309,-0.0024792808,-0.005549662,-0.0030374709,-0.008838554
RNFT1-DT,-0.0010877977,0.17144857,0.1876833,-0.0037049602,0.100572705,-0.006372791,0.138077,-0.0038450004,-0.0021608365,-0.0012187964,-4.3637752e-05,0.3198309,-0.0024792808,-0.005549662,-0.0030374709,-0.008838554
RNLS,-0.0010812284,0.17206752,0.1869087,-0.0037084287,0.099853896,-0.0063710767,0.1390107,-0.003842992,-0.002157719,-0.0012157192,-4.562378e-05,0.31905007,-0.0024816594,-0.0055461396,-0.003040055,-0.008826789
ROBO3,-0.0010877977,0.17144857,0.1876833,-0.0037049602,0.100572705,-0.006372791,0.138077,-0.0038450004,-0.0021608365,-0.0012187964,-4.3637752e-05,0.3198309,-0.0024792808,-0.005549662,-0.0030374709,-0.008838554
ROR2,-0.0010877977,0.17144857,0.1876833,-0.0037049602,0.100572705,-0.006372791,0.138077,-0.0038450004,-0.0021608365,-0.0012187964,-4.3637752e-05,0.3198309,-0.0024792808,-0.005549662,-0.0030374709,-0.008838554
RORA-AS1,-0.0010877977,0.17144857,0.1876833,-0.0037049602,0.100572705,-0.006372791,0.138077,-0.0038450004,-0.0021608365,-0.0012187964,-4.3637752e-05,0.3198309,-0.0024792808,-0.005549662,-0.0030374709,-0.008838554
RP1L1,-0.0010877977,0.17144857,0.1876833,-0.0037049602,0.100572705,-0.006372791,0.138077,-0.0038450004,-0.0021608365,-0.0012187964,-4.3637752e-05,0.3198309,-0.0024792808,-0.005549662,-0.0030374709,-0.008838554
RPGRIP1L,-0.0010877977,0.17144857,0.1876833,-0.0037049602,0.100572705,-0.006372791,0.138077,-0.0038450004,-0.0021608365,-0.0012187964,-4.3637752e-05,0.3198309,-0.0024792808,-0.005549662,-0.0030374709,-0.008838554
RPH3AL,-0.000969918,0.19252154,0.14411108,-0.003343508,0.065803945,-0.006128726,0.045009013,-0.0042504813,-0.0015904757,-0.0017235641,0.020330593,0.33744806,-0.0015573568,-0.004440171,-0.002421792,-0.007847975
RRM2,0.03431277,0.040421046,0.23776652,-0.0037278633,0.05029433,-0.005605338,0.24547558,-0.005074939,-0.0031404165,-0.00063511956,-0.0006497684,0.35081488,-0.0024347692,-0.005445791,-0.0030489166,-0.0073359087
RSPH14,-0.0010877977,0.17144857,0.1876833,-0.0037049602,0.100572705,-0.006372791,0.138077,-0.0038450004,-0.0021608365,-0.0012187964,-4.3637752e-05,0.3198309,-0.0024792808,-0.005549662,-0.0030374709,-0.008838554
RTKN2,-0.0010877977,0.17144857,0.1876833,-0.0037049602,0.100572705,-0.006372791,0.138077,-0.0038450004,-0.0021608365,-0.0012187964,-4.3637752e-05,0.3198309,-0.0024792808,-0.005549662,-0.0030374709,-0.008838554
RTN4RL2,-0.001085407,0.17205968,0.18749638,-0.003699575,0.09980859,-0.0063624983,0.13736963,-0.0038411943,-0.002152097,-0.0012119242,-4.73845e-05,0.31911975,-0.0024809137,-0.005560232,-0.0030426607,-0.00884221
RTP5,-0.0010877977,0.17144857,0.1876833,-0.0037049602,0.100572705,-0.006372791,0.138077,-0.0038450004,-0.0021608365,-0.0012187964,-4.3637752e-05,0.3198309,-0.0024792808,-0.005549662,-0.0030374709,-0.008838554
RTTN,-0.0010877977,0.17144857,0.1876833,-0.0037049602,0.100572705,-0.006372791,0.138077,-0.0038450004,-0.0021608365,-0.0012187964,-4.3637752e-05,0.3198309,-0.0024792808,-0.005549662,-0.0030374709,-0.008838554
RUBCNL,-0.0010877977,0.17144857,0.1876833,-0.0037049602,0.100572705,-0.006372791,0.138077,-0.0038450004,-0.0021608365,-0.0012187964,-4.3637752e-05,0.3198309,-0.0024792808,-0.005549662,-0.0030374709,-0.008838554
RUNX2,-0.0010874097,0.17153645,0.18767183,-0.0037058864,0.10062483,-0.0063739764,0.13831124,-0.0038473355,-0.0021597887,-0.0012195874,-4.417002e-05,0.3199346,-0.0024794196,-0.0055504427,-0.0030378723,-0.008840399
RWDD1,-0.0010877977,0.17144857,0.1876833,-0.0037049602,0.100572705,-0.006372791,0.138077,-0.0038450004,-0.0021608365,-0.0012187964,-4.3637752e-05,0.3198309,-0.0024792808,-0.005549662,-0.0030374709,-0.008838554
S100A12,-0.0010877977,0.17144857,0.1876833,-0.0037049602,0.100572705,-0.006372791,0.138077,-0.0038450004,-0.0021608365,-0.0012187964,-4.3637752e-05,0.3198309,-0.0024792808,-0.005549662,-0.0030374709,-0.008838554
S100B,-0.0010877977,0.17144857,0.1876833,-0.0037049602,0.100572705,-0.006372791,0.138077,-0.0038450004,-0.0021608365,-0.0012187964,-4.3637752e-05,0.3198309,-0.0024792808,-0.005549662,-0.0030374709,-0.008838554
S1PR1,-0.0010877977,0.17144857,0.1876833,-0.0037049602,0.100572705,-0.006372791,0.138077,-0.0038450004,-0.0021608365,-0.0012187964,-4.3637752e-05,0.3198309,-0.0024792808,-0.005549662,-0.0030374709,-0.008838554
S1PR5,-0.0010812284,0.17206752,0.1869087,-0.0037084287,0.099853896,-0.0063710767,0.1390107,-0.003842992,-0.002157719,-0.0012157192,-4.562378e-05,0.31905007,-0.0024816594,-0.0055461396,-0.003040055,-0.008826789
SAMD11,-0.0010877977,0.17144857,0.1876833,-0.0037049602,0.100572705,-0.006372791,0.138077,-0.0038450004,-0.0021608365,-0.0012187964,-4.3637752e-05,0.3198309,-0.0024792808,-0.005549662,-0.0030374709,-0.008838554
SARS2,-0.0010837574,0.17077132,0.18720298,-0.003688889,0.10247222,-0.0063718567,0.1373511,-0.0038275497,-0.00215727,-0.0012080717,-6.4830034e-05,0.31838077,-0.0024650334,-0.005543742,-0.003023824,-0.0088241035
SBF1,-0.0010877977,0.17144857,0.1876833,-0.0037049602,0.100572705,-0.006372791,0.138077,-0.0038450004,-0.0021608365,-0.0012187964,-4.3637752e-05,0.3198309,-0.0024792808,-0.005549662,-0.0030374709,-0.008838554
SCAI,-0.0010877977,0.17144857,0.1876833,-0.0037049602,0.100572705,-0.006372791,0.138077,-0.0038450004,-0.0021608365,-0.0012187964,-4.3637752e-05,0.3198309,-0.0024792808,-0.005549662,-0.0030374709,-0.008838554
SCFD2,-0.0010827201,0.17221534,0.18773453,-0.0037098299,0.09967679,-0.006372278,0.1379404,-0.0038487294,-0.0021521854,-0.001214117,-4.2605698e-05,0.3190115,-0.0024717343,-0.005547055,-0.003045626,-0.0088465875
SCLY,-0.0010877977,0.17144857,0.1876833,-0.0037049602,0.100572705,-0.006372791,0.138077,-0.0038450004,-0.0021608365,-0.0012187964,-4.3637752e-05,0.3198309,-0.0024792808,-0.005549662,-0.0030374709,-0.008838554
SCN2A,-0.0010877977,0.17144857,0.1876833,-0.0037049602,0.100572705,-0.006372791,0.138077,-0.0038450004,-0.0021608365,-0.0012187964,-4.3637752e-05,0.3198309,-0.0024792808,-0.005549662,-0.0030374709,-0.008838554
SCN5A,-0.0010877977,0.17144857,0.1876833,-0.0037049602,0.100572705,-0.006372791,0.138077,-0.0038450004,-0.0021608365,-0.0012187964,-4.3637752e-05,0.3198309,-0.0024792808,-0.005549662,-0.0030374709,-0.008838554
SCOC-AS1,-0.0010877977,0.17144857,0.1876833,-0.0037049602,0.100572705,-0.006372791,0.138077,-0.0038450004,-0.0021608365,-0.0012187964,-4.3637752e-05,0.3198309,-0.0024792808,-0.005549662,-0.0030374709,-0.008838554
SCUBE1,-0.00093042135,0.2348218,0.23366047,-0.0033318293,0.056905776,-0.0067872885,0.060367078,-0.0033510828,-0.0021420114,-0.0019415858,-0.0003128761,0.2628999,-0.0030468786,-0.005736252,-0.0021482417,-0.007875979
SDCBP2,-0.0010892996,0.17168728,0.18775357,-0.0037040168,0.10050574,-0.006372552,0.13824503,-0.0038436283,-0.002163708,-0.0012196733,-4.338324e-05,0.31982058,-0.0024811265,-0.0055484604,-0.0030378797,-0.008838674
SDK2,-0.0010877977,0.17144857,0.1876833,-0.0037049602,0.100572705,-0.006372791,0.138077,-0.0038450004,-0.0021608365,-0.0012187964,-4.3637752e-05,0.3198309,-0.0024792808,-0.005549662,-0.0030374709,-0.008838554
SDR42E2,-0.0010877977,0.17144857,0.1876833,-0.0037049602,0.100572705,-0.006372791,0.138077,-0.0038450004,-0.0021608365,-0.0012187964,-4.3637752e-05,0.3198309,-0.0024792808,-0.005549662,-0.0030374709,-0.008838554
SEC14L2,-0.0010877977,0.17144857,0.1876833,-0.0037049602,0.100572705,-0.006372791,0.138077,-0.0038450004,-0.0021608365,-0.0012187964,-4.3637752e-05,0.3198309,-0.0024792808,-0.005549662,-0.0030374709,-0.008838554
SEC14L5,-0.0010877977,0.17144857,0.1876833,-0.0037049602,0.100572705,-0.006372791,0.138077,-0.0038450004,-0.0021608365,-0.0012187964,-4.3637752e-05,0.3198309,-0.0024792808,-0.005549662,-0.0030374709,-0.008838554
SEC23A-AS1,-0.0010877977,0.17144857,0.1876833,-0.0037049602,0.100572705,-0.006372791,0.138077,-0.0038450004,-0.0021608365,-0.0012187964,-4.3637752e-05,0.3198309,-0.0024792808,-0.005549662,-0.0030374709,-0.008838554
SEC31B,-0.0010877977,0.17144857,0.1876833,-0.0037049602,0.100572705,-0.006372791,0.138077,-0.0038450004,-0.0021608365,-0.0012187964,-4.3637752e-05,0.3198309,-0.0024792808,-0.005549662,-0.0030374709,-0.008838554
SELP,-0.0010877977,0.17144857,0.1876833,-0.0037049602,0.100572705,-0.006372791,0.138077,-0.0038450004,-0.0021608365,-0.0012187964,-4.3637752e-05,0.3198309,-0.0024792808,-0.005549662,-0.0030374709,-0.008838554
SEMA3D,-0.0010977697,0.1736672,0.18679185,-0.003702291,0.10252433,-0.0063623767,0.13697329,-0.003855637,-0.0021820106,-0.0012091416,-5.6904402e-05,0.32209125,-0.0024625286,-0.005526911,-0.0030260407,-0.00883111
SEMA4C,-0.0010877977,0.17144857,0.1876833,-0.0037049602,0.100572705,-0.006372791,0.138077,-0.0038450004,-0.0021608365,-0.0012187964,-4.3637752e-05,0.3198309,-0.0024792808,-0.005549662,-0.0030374709,-0.008838554
SEMA6C,-0.0010877977,0.17144857,0.1876833,-0.0037049602,0.100572705,-0.006372791,0.138077,-0.0038450004,-0.0021608365,-0.0012187964,-4.3637752e-05,0.3198309,-0.0024792808,-0.005549662,-0.0030374709,-0.008838554
SEPTIN4-AS1,-0.0010865865,0.17132783,0.18773906,-0.0037042361,0.10051662,-0.006373171,0.13807106,-0.003844433,-0.0021615266,-0.0012198209,-4.311681e-05,0.31986457,-0.0024797171,-0.005550358,-0.0030363512,-0.008839263
SERPINA1,-0.0010877977,0.17144857,0.1876833,-0.0037049602,0.100572705,-0.006372791,0.138077,-0.0038450004,-0.0021608365,-0.0012187964,-4.3637752e-05,0.3198309,-0.0024792808,-0.005549662,-0.0030374709,-0.008838554
SERPINB9,-0.0010877977,0.17144857,0.1876833,-0.0037049602,0.100572705,-0.006372791,0.138077,-0.0038450004,-0.0021608365,-0.0012187964,-4.3637752e-05,0.3198309,-0.0024792808,-0.005549662,-0.0030374709,-0.008838554
SERPINB9P1,-0.0010877977,0.17144857,0.1876833,-0.0037049602,0.100572705,-0.006372791,0.138077,-0.0038450004,-0.0021608365,-0.0012187964,-4.3637752e-05,0.3198309,-0.0024792808,-0.005549662,-0.0030374709,-0.008838554
SERPINE1,-0.0010877977,0.17144857,0.1876833,-0.0037049602,0.100572705,-0.006372791,0.138077,-0.0038450004,-0.0021608365,-0.0012187964,-4.3637752e-05,0.3198309,-0.0024792808,-0.005549662,-0.0030374709,-0.008838554
SERPINE2,-0.0010877977,0.17144857,0.1876833,-0.0037049602,0.100572705,-0.006372791,0.138077,-0.0038450004,-0.0021608365,-0.0012187964,-4.3637752e-05,0.3198309,-0.0024792808,-0.005549662,-0.0030374709,-0.008838554
SERTAD1,-0.0010877977,0.17144857,0.1876833,-0.0037049602,0.100572705,-0.006372791,0.138077,-0.0038450004,-0.0021608365,-0.0012187964,-4.3637752e-05,0.3198309,-0.0024792808,-0.005549662,-0.0030374709,-0.008838554
SFI1,-0.0002692328,0.27971274,0.22195147,-0.0037043164,0.082768336,-0.0067989584,0.22432944,-0.004607583,-0.0010071482,-0.001748669,0.025050335,0.2262759,-0.0034180966,-0.0048718187,-0.002874353,-0.007857948
SFMBT1,-0.0021615177,0.14144996,0.11857672,-0.0031773937,0.15636832,-0.0053869495,0.036642246,-0.0029794173,-0.0026040338,-0.0018611003,-0.00025664805,0.37024134,-0.002145187,-0.005571729,-0.0016876009,-0.007338565
SFXN1,-0.0010877977,0.17144857,0.1876833,-0.0037049602,0.100572705,-0.006372791,0.138077,-0.0038450004,-0.0021608365,-0.0012187964,-4.3637752e-05,0.3198309,-0.0024792808,-0.005549662,-0.0030374709,-0.008838554
SGF29,-0.0010877977,0.17144857,0.1876833,-0.0037049602,0.100572705,-0.006372791,0.138077,-0.0038450004,-0.0021608365,-0.0012187964,-4.3637752e-05,0.3198309,-0.0024792808,-0.005549662,-0.0030374709,-0.008838554
SGO2,-0.0010877977,0.17144857,0.1876833,-0.0037049602,0.100572705,-0.006372791,0.138077,-0.0038450004,-0.0021608365,-0.0012187964,-4.3637752e-05,0.3198309,-0.0024792808,-0.005549662,-0.0030374709,-0.008838554
SGSM1,-0.0010888542,0.17235915,0.18812059,-0.0036913478,0.100623675,-0.006379894,0.13929024,-0.003855944,-0.0021685609,-0.0012154165,-5.6066958e-05,0.31897217,-0.002493243,-0.005536244,-0.0030284035,-0.0088438485
SH2D1B,-0.0010877977,0.17144857,0.1876833,-0.0037049602,0.100572705,-0.006372791,0.138077,-0.0038450004,-0.0021608365,-0.0012187964,-4.3637752e-05,0.3198309,-0.0024792808,-0.005549662,-0.0030374709,-0.008838554
SH2D2A,-0.0010877977,0.17144857,0.1876833,-0.0037049602,0.100572705,-0.006372791,0.138077,-0.0038450004,-0.0021608365,-0.0012187964,-4.3637752e-05,0.3198309,-0.0024792808,-0.005549662,-0.0030374709,-0.008838554
SH2D3A,-0.0010877977,0.17144857,0.1876833,-0.0037049602,0.100572705,-0.006372791,0.138077,-0.0038450004,-0.0021608365,-0.0012187964,-4.3637752e-05,0.3198309,-0.0024792808,-0.005549662,-0.0030374709,-0.008838554
SH3BGRL2,-0.0010869089,0.17134966,0.18782078,-0.0036940794,0.100582406,-0.006382549,0.13769183,-0.0038530873,-0.0021651604,-0.0012235153,-5.4287164e-05,0.32054484,-0.0024698982,-0.005544982,-0.0030479955,-0.008847117
SH3YL1,-0.0010877977,0.17144857,0.1876833,-0.0037049602,0.100572705,-0.006372791,0.138077,-0.0038450004,-0.0021608365,-0.0012187964,-4.3637752e-05,0.3198309,-0.0024792808,-0.005549662,-0.0030374709,-0.008838554
SHBG,-0.0010877977,0.17144857,0.1876833,-0.0037049602,0.100572705,-0.006372791,0.138077,-0.0038450004,-0.0021608365,-0.0012187964,-4.3637752e-05,0.3198309,-0.0024792808,-0.005549662,-0.0030374709,-0.008838554
SHISA2,-0.0010877977,0.17144857,0.1876833,-0.0037049602,0.100572705,-0.006372791,0.138077,-0.0038450004,-0.0021608365,-0.0012187964,-4.3637752e-05,0.3198309,-0.0024792808,-0.005549662,-0.0030374709,-0.008838554
SHISA7,-0.0010877977,0.17144857,0.1876833,-0.0037049602,0.100572705,-0.006372791,0.138077,-0.0038450004,-0.0021608365,-0.0012187964,-4.3637752e-05,0.3198309,-0.0024792808,-0.005549662,-0.0030374709,-0.008838554
SHISAL2A,-0.0010877977,0.17144857,0.1876833,-0.0037049602,0.100572705,-0.006372791,0.138077,-0.0038450004,-0.0021608365,-0.0012187964,-4.3637752e-05,0.3198309,-0.0024792808,-0.005549662,-0.0030374709,-0.008838554
SHLD1,-0.0010812284,0.17206752,0.1869087,-0.0037084287,0.099853896,-0.0063710767,0.1390107,-0.003842992,-0.002157719,-0.0012157192,-4.562378e-05,0.31905007,-0.0024816594,-0.0055461396,-0.003040055,-0.008826789
SHOX2,-0.0010877977,0.17144857,0.1876833,-0.0037049602,0.100572705,-0.006372791,0.138077,-0.0038450004,-0.0021608365,-0.0012187964,-4.3637752e-05,0.3198309,-0.0024792808,-0.005549662,-0.0030374709,-0.008838554
SHPRH,-0.0010921574,0.17122777,0.18717916,-0.0037018275,0.100231886,-0.006369981,0.13741207,-0.0038436772,-0.0021610826,-0.0012123802,-4.996702e-05,0.3197165,-0.002474861,-0.005556675,-0.0030345058,-0.008831642
SIAH2-AS1,-0.0010877977,0.17144857,0.1876833,-0.0037049602,0.100572705,-0.006372791,0.138077,-0.0038450004,-0.0021608365,-0.0012187964,-4.3637752e-05,0.3198309,-0.0024792808,-0.005549662,-0.0030374709,-0.008838554
SIDT1,-0.0010877977,0.17144857,0.1876833,-0.0037049602,0.100572705,-0.006372791,0.138077,-0.0038450004,-0.0021608365,-0.0012187964,-4.3637752e-05,0.3198309,-0.0024792808,-0.005549662,-0.0030374709,-0.008838554
SIGIRR,-0.0010869089,0.17134966,0.18782078,-0.0036940794,0.100582406,-0.006382549,0.13769183,-0.0038530873,-0.0021651604,-0.0012235153,-5.4287164e-05,0.32054484,-0.0024698982,-0.005544982,-0.0030479955,-0.008847117
SIRPG,-0.0010877977,0.17144857,0.1876833,-0.0037049602,0.100572705,-0.006372791,0.138077,-0.0038450004,-0.0021608365,-0.0012187964,-4.3637752e-05,0.3198309,-0.0024792808,-0.005549662,-0.0030374709,-0.008838554
SIRT1,-0.0010877025,0.17143157,0.18762662,-0.0037047588,0.100559175,-0.006372378,0.13808808,-0.0038446714,-0.0021609736,-0.0012192121,-4.4115484e-05,0.31978244,-0.0024791057,-0.005549787,-0.003037439,-0.008838984
SIRT2,-0.0010877977,0.17144857,0.1876833,-0.0037049602,0.100572705,-0.006372791,0.138077,-0.0038450004,-0.0021608365,-0.0012187964,-4.3637752e-05,0.3198309,-0.0024792808,-0.005549662,-0.0030374709,-0.008838554
SIX1,-0.0010877977,0.17144857,0.1876833,-0.0037049602,0.100572705,-0.006372791,0.138077,-0.0038450004,-0.0021608365,-0.0012187964,-4.3637752e-05,0.3198309,-0.0024792808,-0.005549662,-0.0030374709,-0.008838554
SIX3-AS1,-0.0010812284,0.17206752,0.1869087,-0.0037084287,0.099853896,-0.0063710767,0.1390107,-0.003842992,-0.002157719,-0.0012157192,-4.562378e-05,0.31905007,-0.0024816594,-0.0055461396,-0.003040055,-0.008826789
SIX5,-0.0010874098,0.17153645,0.18767183,-0.0037058864,0.10062483,-0.0063739764,0.13831125,-0.0038473355,-0.0021597885,-0.0012195876,-4.4169872e-05,0.3199346,-0.0024794196,-0.0055504427,-0.003037872,-0.008840399
SKIDA1,-0.0010921574,0.17122777,0.18717916,-0.0037018275,0.100231886,-0.006369981,0.13741207,-0.0038436772,-0.0021610826,-0.0012123802,-4.996702e-05,0.3197165,-0.002474861,-0.005556675,-0.0030345058,-0.008831642
SLA2,-0.0010877977,0.17144857,0.1876833,-0.0037049602,0.100572705,-0.006372791,0.138077,-0.0038450004,-0.0021608365,-0.0012187964,-4.3637752e-05,0.3198309,-0.0024792808,-0.005549662,-0.0030374709,-0.008838554
SLAIN1,-0.0010877977,0.17144857,0.1876833,-0.0037049602,0.100572705,-0.006372791,0.138077,-0.0038450004,-0.0021608365,-0.0012187964,-4.3637752e-05,0.3198309,-0.0024792808,-0.005549662,-0.0030374709,-0.008838554
SLAMF6,-0.0010877977,0.17144857,0.1876833,-0.0037049602,0.100572705,-0.006372791,0.138077,-0.0038450004,-0.0021608365,-0.0012187964,-4.3637752e-05,0.3198309,-0.0024792808,-0.005549662,-0.0030374709,-0.008838554
SLAMF7,-0.0010877977,0.17144857,0.1876833,-0.0037049602,0.100572705,-0.006372791,0.138077,-0.0038450004,-0.0021608365,-0.0012187964,-4.3637752e-05,0.3198309,-0.0024792808,-0.005549662,-0.0030374709,-0.008838554
SLC14A1,-0.0010877977,0.17144857,0.1876833,-0.0037049602,0.100572705,-0.006372791,0.138077,-0.0038450004,-0.0021608365,-0.0012187964,-4.3637752e-05,0.3198309,-0.0024792808,-0.005549662,-0.0030374709,-0.008838554
SLC14A2,-0.0010877977,0.17144857,0.1876833,-0.0037049602,0.100572705,-0.006372791,0.138077,-0.0038450004,-0.0021608365,-0.0012187964,-4.3637752e-05,0.3198309,-0.0024792808,-0.005549662,-0.0030374709,-0.008838554
SLC16A1-AS1,-0.0010877977,0.17144857,0.1876833,-0.0037049602,0.100572705,-0.006372791,0.138077,-0.0038450004,-0.0021608365,-0.0012187964,-4.3637752e-05,0.3198309,-0.0024792808,-0.005549662,-0.0030374709,-0.008838554
SLC16A10,-0.0010877977,0.17144857,0.1876833,-0.0037049602,0.100572705,-0.006372791,0.138077,-0.0038450004,-0.0021608365,-0.0012187964,-4.3637752e-05,0.3198309,-0.0024792808,-0.005549662,-0.0030374709,-0.008838554
SLC16A11,-0.0010877977,0.17144857,0.1876833,-0.0037049602,0.100572705,-0.006372791,0.138077,-0.0038450004,-0.0021608365,-0.0012187964,-4.3637752e-05,0.3198309,-0.0024792808,-0.005549662,-0.0030374709,-0.008838554
SLC16A13,-0.0010877977,0.17144857,0.1876833,-0.0037049602,0.100572705,-0.006372791,0.138077,-0.0038450004,-0.0021608365,-0.0012187964,-4.3637752e-05,0.3198309,-0.0024792808,-0.005549662,-0.0030374709,-0.008838554
SLC17A3,-0.0010877977,0.17144857,0.1876833,-0.0037049602,0.100572705,-0.006372791,0.138077,-0.0038450004,-0.0021608365,-0.0012187964,-4.3637752e-05,0.3198309,-0.0024792808,-0.005549662,-0.0030374709,-0.008838554
SLC1A1,-0.0010877977,0.17144857,0.1876833,-0.0037049602,0.100572705,-0.006372791,0.138077,-0.0038450004,-0.0021608365,-0.0012187964,-4.3637752e-05,0.3198309,-0.0024792808,-0.005549662,-0.0030374709,-0.008838554
SLC22A23,-0.0010877977,0.17144857,0.1876833,-0.0037049602,0.100572705,-0.006372791,0.138077,-0.0038450004,-0.0021608365,-0.0012187964,-4.3637752e-05,0.3198309,-0.0024792808,-0.005549662,-0.0030374709,-0.008838554
SLC24A3,-0.0010877977,0.17144857,0.1876833,-0.0037049602,0.100572705,-0.006372791,0.138077,-0.0038450004,-0.0021608365,-0.0012187964,-4.3637752e-05,0.3198309,-0.0024792808,-0.005549662,-0.0030374709,-0.008838554
SLC25A4,-0.0010877977,0.17144857,0.1876833,-0.0037049602,0.100572705,-0.006372791,0.138077,-0.0038450004,-0.0021608365,-0.0012187964,-4.3637752e-05,0.3198309,-0.0024792808,-0.005549662,-0.0030374709,-0.008838554
SLC25A42,-0.0010877977,0.17144857,0.1876833,-0.0037049602,0.100572705,-0.006372791,0.138077,-0.0038450004,-0.0021608365,-0.0012187964,-4.3637752e-05,0.3198309,-0.0024792808,-0.005549662,-0.0030374709,-0.008838554
SLC25A45,-0.0010869697,0.17164974,0.18753345,-0.003706244,0.100386135,-0.00637331,0.13789554,-0.003845286,-0.0021619624,-0.0012192393,-4.4535398e-05,0.31975633,-0.0024776226,-0.0055519105,-0.003038693,-0.0088396
SLC25A5-AS1,-0.0010877977,0.17144857,0.1876833,-0.0037049602,0.100572705,-0.006372791,0.138077,-0.0038450004,-0.0021608365,-0.0012187964,-4.3637752e-05,0.3198309,-0.0024792808,-0.005549662,-0.0030374709,-0.008838554
SLC26A11,-0.0010877977,0.17144857,0.1876833,-0.0037049602,0.100572705,-0.006372791,0.138077,-0.0038450004,-0.0021608365,-0.0012187964,-4.3637752e-05,0.3198309,-0.0024792808,-0.005549662,-0.0030374709,-0.008838554
SLC2A14,-0.001085407,0.17205968,0.18749638,-0.003699575,0.09980859,-0.0063624983,0.13736963,-0.0038411943,-0.002152097,-0.0012119242,-4.73845e-05,0.31911975,-0.0024809137,-0.005560232,-0.0030426607,-0.00884221
SLC2A4RG,-0.0010877977,0.17144857,0.1876833,-0.0037049602,0.100572705,-0.006372791,0.138077,-0.0038450004,-0.0021608365,-0.0012187964,-4.3637752e-05,0.3198309,-0.0024792808,-0.005549662,-0.0030374709,-0.008838554
SLC30A5,-0.0010877977,0.17144857,0.1876833,-0.0037049602,0.100572705,-0.006372791,0.138077,-0.0038450004,-0.0021608365,-0.0012187964,-4.3637752e-05,0.3198309,-0.0024792808,-0.005549662,-0.0030374709,-0.008838554
SLC35D1,-0.0024040863,0.1415207,0.17432056,-0.003298131,0.127027,-0.004778313,0.2203616,-0.0031392372,-0.002130174,-5.4818538e-05,0.09923667,0.44896266,-0.0011292415,-0.0056587597,-0.0022980506,-0.008635947
SLC35G3,-0.0010877977,0.17144857,0.1876833,-0.0037049602,0.100572705,-0.006372791,0.138077,-0.0038450004,-0.0021608365,-0.0012187964,-4.3637752e-05,0.3198309,-0.0024792808,-0.005549662,-0.0030374709,-0.008838554
SLC37A3,-0.001098377,0.1712539,0.18849437,-0.00369753,0.09999989,-0.006368004,0.13725416,-0.0038489501,-0.002165888,-0.0012127643,-4.37656e-05,0.31934452,-0.0024807504,-0.0055478546,-0.0030459722,-0.008841534
SLC37A4,-0.0010877977,0.17144857,0.1876833,-0.0037049602,0.100572705,-0.006372791,0.138077,-0.0038450004,-0.0021608365,-0.0012187964,-4.3637752e-05,0.3198309,-0.0024792808,-0.005549662,-0.0030374709,-0.008838554
SLC39A10,-0.0010877977,0.17144857,0.1876833,-0.0037049602,0.100572705,-0.006372791,0.138077,-0.0038450004,-0.0021608365,-0.0012187964,-4.3637752e-05,0.3198309,-0.0024792808,-0.005549662,-0.0030374709,-0.008838554
SLC41A1,-0.0010897667,0.17183888,0.18699224,-0.0036964428,0.09946777,-0.006359689,0.13670468,-0.0038398716,-0.002152343,-0.0012055081,-5.3713768e-05,0.31900537,-0.002476494,-0.005567245,-0.0030396956,-0.008835297
SLC44A2,-0.0010877977,0.17144857,0.1876833,-0.0037049602,0.100572705,-0.006372791,0.138077,-0.0038450004,-0.0021608365,-0.0012187964,-4.3637752e-05,0.3198309,-0.0024792808,-0.005549662,-0.0030374709,-0.008838554
SLC45A4,-0.0010877977,0.17144857,0.1876833,-0.0037049602,0.100572705,-0.006372791,0.138077,-0.0038450004,-0.0021608365,-0.0012187964,-4.3637752e-05,0.3198309,-0.0024792808,-0.005549662,-0.0030374709,-0.008838554
SLC4A10,-0.0010877977,0.17144857,0.1876833,-0.0037049602,0.100572705,-0.006372791,0.138077,-0.0038450004,-0.0021608365,-0.0012187964,-4.3637752e-05,0.3198309,-0.0024792808,-0.005549662,-0.0030374709,-0.008838554
SLC4A11,-0.0010877977,0.17144857,0.1876833,-0.0037049602,0.100572705,-0.006372791,0.138077,-0.0038450004,-0.0021608365,-0.0012187964,-4.3637752e-05,0.3198309,-0.0024792808,-0.005549662,-0.0030374709,-0.008838554
SLC5A4-AS1,-0.0010877977,0.17144857,0.1876833,-0.0037049602,0.100572705,-0.006372791,0.138077,-0.0038450004,-0.0021608365,-0.0012187964,-4.3637752e-05,0.3198309,-0.0024792808,-0.005549662,-0.0030374709,-0.008838554
SLC6A20,-0.0010877977,0.17144857,0.1876833,-0.0037049602,0.100572705,-0.006372791,0.138077,-0.0038450004,-0.0021608365,-0.0012187964,-4.3637752e-05,0.3198309,-0.0024792808,-0.005549662,-0.0030374709,-0.008838554
SLC7A5,-0.00086878025,0.13297671,0.1953061,-0.0037054007,0.09132304,-0.0061247097,0.1678289,-0.0037718385,-0.0017242831,-0.0013315682,-0.00016426771,0.31021953,-0.0023178183,-0.005418307,-0.0034319286,-0.008577738
SLC7A6,-0.0010877977,0.17144857,0.1876833,-0.0037049602,0.100572705,-0.006372791,0.138077,-0.0038450004,-0.0021608365,-0.0012187964,-4.3637752e-05,0.3198309,-0.0024792808,-0.005549662,-0.0030374709,-0.008838554
SLCO4A1,-0.0010877977,0.17144857,0.1876833,-0.0037049602,0.100572705,-0.006372791,0.138077,-0.0038450004,-0.0021608365,-0.0012187964,-4.3637752e-05,0.3198309,-0.0024792808,-0.005549662,-0.0030374709,-0.008838554
SLF1,-0.0010877977,0.17144857,0.1876833,-0.0037049602,0.100572705,-0.006372791,0.138077,-0.0038450004,-0.0021608365,-0.0012187964,-4.3637752e-05,0.3198309,-0.0024792808,-0.005549662,-0.0030374709,-0.008838554
SLF2,-0.001085407,0.17205968,0.18749638,-0.003699575,0.09980859,-0.0063624983,0.13736963,-0.0038411943,-0.002152097,-0.0012119242,-4.73845e-05,0.31911975,-0.0024809137,-0.005560232,-0.0030426607,-0.00884221
SLFN12L,-0.0010877977,0.17144857,0.1876833,-0.0037049602,0.100572705,-0.006372791,0.138077,-0.0038450004,-0.0021608365,-0.0012187964,-4.3637752e-05,0.3198309,-0.0024792808,-0.005549662,-0.0030374709,-0.008838554
SLFN13,-0.0010877977,0.17144857,0.1876833,-0.0037049602,0.100572705,-0.006372791,0.138077,-0.0038450004,-0.0021608365,-0.0012187964,-4.3637752e-05,0.3198309,-0.0024792808,-0.005549662,-0.0030374709,-0.008838554
SLFN5,-0.0010877977,0.17144857,0.1876833,-0.0037049602,0.100572705,-0.006372791,0.138077,-0.0038450004,-0.0021608365,-0.0012187964,-4.3637752e-05,0.3198309,-0.0024792808,-0.005549662,-0.0030374709,-0.008838554
SMAD7,-0.0010877977,0.17144857,0.1876833,-0.0037049602,0.100572705,-0.006372791,0.138077,-0.0038450004,-0.0021608365,-0.0012187964,-4.3637752e-05,0.3198309,-0.0024792808,-0.005549662,-0.0030374709,-0.008838554
SMARCA1,-0.0010877977,0.17144857,0.1876833,-0.0037049602,0.100572705,-0.006372791,0.138077,-0.0038450004,-0.0021608365,-0.0012187964,-4.3637752e-05,0.3198309,-0.0024792808,-0.005549662,-0.0030374709,-0.008838554
SMARCA5-AS1,0.03431277,0.040421046,0.23776652,-0.0037278633,0.05029433,-0.005605338,0.24547558,-0.005074939,-0.0031404165,-0.00063511956,-0.0006497684,0.35081488,-0.0024347692,-0.005445791,-0.0030489166,-0.0073359087
SMIM19,-0.0010877977,0.17144857,0.1876833,-0.0037049602,0.100572705,-0.006372791,0.138077,-0.0038450004,-0.0021608365,-0.0012187964,-4.3637752e-05,0.3198309,-0.0024792808,-0.005549662,-0.0030374709,-0.008838554
SMIM6,-0.0010865488,0.17175163,0.18747623,-0.0037047737,0.10026294,-0.0063729724,0.13824922,-0.003848189,-0.0021626852,-0.0012217545,-4.1193365e-05,0.32011133,-0.0024821549,-0.00554896,-0.0030339363,-0.008839902
SNAI3-AS1,-0.0010877977,0.17144857,0.1876833,-0.0037049602,0.100572705,-0.006372791,0.138077,-0.0038450004,-0.0021608365,-0.0012187964,-4.3637752e-05,0.3198309,-0.0024792808,-0.005549662,-0.0030374709,-0.008838554
SNAP47-AS1,-0.001507132,0.18077923,0.09198336,-0.0031377012,0.113401845,-0.006761426,0.07194908,-0.0030462826,-0.0031032118,-0.0022621867,-0.00018653348,0.23050334,-0.0028791283,-0.005205046,-0.0033815864,-0.008723939
SNED1,-0.0010866908,0.17141344,0.18764763,-0.0037059127,0.100545496,-0.0063722543,0.13789329,-0.0038468975,-0.0021582644,-0.0012180605,-4.4480857e-05,0.3197527,-0.0024808592,-0.0055512474,-0.0030392453,-0.008838414
SNHG18,-0.0010877977,0.17144857,0.1876833,-0.0037049602,0.100572705,-0.006372791,0.138077,-0.0038450004,-0.0021608365,-0.0012187964,-4.3637752e-05,0.3198309,-0.0024792808,-0.005549662,-0.0030374709,-0.008838554
SNHG22,-0.0010877977,0.17144857,0.1876833,-0.0037049602,0.100572705,-0.006372791,0.138077,-0.0038450004,-0.0021608365,-0.0012187964,-4.3637752e-05,0.3198309,-0.0024792808,-0.005549662,-0.0030374709,-0.008838554
SNTA1,-0.0010865488,0.17175163,0.18747623,-0.0037047737,0.10026294,-0.0063729724,0.13824922,-0.003848189,-0.0021626852,-0.0012217545,-4.1193365e-05,0.32011133,-0.0024821549,-0.00554896,-0.0030339363,-0.008839902
SNTB2,-0.0010812284,0.17206752,0.1869087,-0.0037084287,0.099853896,-0.0063710767,0.1390107,-0.003842992,-0.002157719,-0.0012157192,-4.562378e-05,0.31905007,-0.0024816594,-0.0055461396,-0.003040055,-0.008826789
SNX25,-0.0010877977,0.17144857,0.1876833,-0.0037049602,0.100572705,-0.006372791,0.138077,-0.0038450004,-0.0021608365,-0.0012187964,-4.3637752e-05,0.3198309,-0.0024792808,-0.005549662,-0.0030374709,-0.008838554
SNX32,-0.0010877977,0.17144857,0.1876833,-0.0037049602,0.100572705,-0.006372791,0.138077,-0.0038450004,-0.0021608365,-0.0012187964,-4.3637752e-05,0.3198309,-0.0024792808,-0.005549662,-0.0030374709,-0.008838554
SOCS1,-0.0010877977,0.17144857,0.1876833,-0.0037049602,0.100572705,-0.006372791,0.138077,-0.0038450004,-0.0021608365,-0.0012187964,-4.3637752e-05,0.3198309,-0.0024792808,-0.005549662,-0.0030374709,-0.008838554
SORCS2,-0.0010877977,0.17144857,0.1876833,-0.0037049602,0.100572705,-0.006372791,0.138077,-0.0038450004,-0.0021608365,-0.0012187964,-4.3637752e-05,0.3198309,-0.0024792808,-0.005549662,-0.0030374709,-0.008838554
SOX13,-0.0012018051,0.1649994,0.18173935,-0.0036591499,0.10425388,-0.006292595,0.12297035,-0.003672774,-0.0022954284,-0.001106041,0.0023227483,0.3212368,-0.0023881015,-0.0055703423,-0.0030277346,-0.008860937
SOX2-OT,-0.0010877977,0.17144857,0.1876833,-0.0037049602,0.100572705,-0.006372791,0.138077,-0.0038450004,-0.0021608365,-0.0012187964,-4.3637752e-05,0.3198309,-0.0024792808,-0.005549662,-0.0030374709,-0.008838554
SOX4,-0.0010979899,0.17134178,0.18848296,-0.0036984556,0.10005197,-0.0063691894,0.13748834,-0.0038512854,-0.0021648407,-0.001213555,-4.4297874e-05,0.31944823,-0.0024808892,-0.0055486355,-0.0030463743,-0.00884338
SOX5,-0.0010877977,0.17144857,0.1876833,-0.0037049602,0.100572705,-0.006372791,0.138077,-0.0038450004,-0.0021608365,-0.0012187964,-4.3637752e-05,0.3198309,-0.0024792808,-0.005549662,-0.0030374709,-0.008838554
SOX6,-0.0013069364,0.14329948,0.13748072,-0.0030262864,0.08487148,-0.005431808,0.079375654,-0.0027305393,-0.002592681,-0.0011116045,0.0013274401,0.28376186,-0.0021300276,-0.0053432584,-0.0023300962,-0.008164674
SP140,-0.0002692328,0.27971274,0.22195147,-0.0037043164,0.082768336,-0.0067989584,0.22432944,-0.004607583,-0.0010071482,-0.001748669,0.025050335,0.2262759,-0.0034180966,-0.0048718187,-0.002874353,-0.007857948
SP4,-0.0010850811,0.17128101,0.18702735,-0.003693521,0.10181224,-0.0063699293,0.13733456,-0.0038387072,-0.0021671115,-0.0012115219,-5.6246816e-05,0.3190065,-0.0024743965,-0.0055538313,-0.0030356764,-0.008825196
SP6,-0.00011696454,0.21236098,-0.000683652,-0.0013314402,0.19532958,-0.0043197754,0.10959868,-0.0021093998,-0.00075667707,0.020049915,0.08433579,0.1437149,-0.0013695519,-0.0031119208,-0.0015400738,-0.005757833
SPA17,-0.0010877977,0.17144857,0.1876833,-0.0037049602,0.100572705,-0.006372791,0.138077,-0.0038450004,-0.0021608365,-0.0012187964,-4.3637752e-05,0.3198309,-0.0024792808,-0.005549662,-0.0030374709,-0.008838554
SPAG16-DT,-0.0010877977,0.17144857,0.1876833,-0.0037049602,0.100572705,-0.006372791,0.138077,-0.0038450004,-0.0021608365,-0.0012187964,-4.3637752e-05,0.3198309,-0.0024792808,-0.005549662,-0.0030374709,-0.008838554
SPAG5-AS1,-0.0010877977,0.17144857,0.1876833,-0.0037049602,0.100572705,-0.006372791,0.138077,-0.0038450004,-0.0021608365,-0.0012187964,-4.3637752e-05,0.3198309,-0.0024792808,-0.005549662,-0.0030374709,-0.008838554
SPAG6,-0.0011537647,0.16816655,0.1970344,-0.003797574,0.09833139,-0.0063705854,0.122163825,-0.0039042453,-0.0022116425,-0.0011011281,0.00419046,0.32505834,-0.002397596,-0.005446845,-0.0031328867,-0.0088060945
SPATA12,-0.0010877977,0.17144857,0.1876833,-0.0037049602,0.100572705,-0.006372791,0.138077,-0.0038450004,-0.0021608365,-0.0012187964,-4.3637752e-05,0.3198309,-0.0024792808,-0.005549662,-0.0030374709,-0.008838554
SPATA32,-0.001415606,0.13767102,0.22393946,-0.0036318623,0.08875791,-0.0060442677,0.12835969,-0.003429686,-0.0018784519,-0.0009765511,-1.9599645e-05,0.3178013,-0.002464551,-0.0058472594,-0.003147152,-0.009011823
SPATA33,-0.0010877977,0.17144857,0.1876833,-0.0037049602,0.100572705,-0.006372791,0.138077,-0.0038450004,-0.0021608365,-0.0012187964,-4.3637752e-05,0.3198309,-0.0024792808,-0.005549662,-0.0030374709,-0.008838554
SPATA5,-0.0010877977,0.17144857,0.1876833,-0.0037049602,0.100572705,-0.006372791,0.138077,-0.0038450004,-0.0021608365,-0.0012187964,-4.3637752e-05,0.3198309,-0.0024792808,-0.005549662,-0.0030374709,-0.008838554
SPEF2,-0.0010877977,0.17144857,0.1876833,-0.0037049602,0.100572705,-0.006372791,0.138077,-0.0038450004,-0.0021608365,-0.0012187964,-4.3637752e-05,0.3198309,-0.0024792808,-0.005549662,-0.0030374709,-0.008838554
SPIB,-0.0024696204,0.1244706,0.16457109,-0.0031696516,0.123894215,-0.004513522,0.20498307,-0.00286724,-0.0022269168,-1.5696585e-05,0.10474028,0.44443578,-0.00096404314,-0.005570506,-0.0022413877,-0.008412201
SPINK2,-0.0010877977,0.17144857,0.1876833,-0.0037049602,0.100572705,-0.006372791,0.138077,-0.0038450004,-0.0021608365,-0.0012187964,-4.3637752e-05,0.3198309,-0.0024792808,-0.005549662,-0.0030374709,-0.008838554
SPIRE2,-0.001098377,0.1712539,0.18849437,-0.00369753,0.09999989,-0.006368004,0.13725416,-0.0038489501,-0.002165888,-0.0012127643,-4.37656e-05,0.31934452,-0.0024807504,-0.0055478546,-0.0030459722,-0.008841534
SPON1,-0.0010877977,0.17144857,0.1876833,-0.0037049602,0.100572705,-0.006372791,0.138077,-0.0038450004,-0.0021608365,-0.0012187964,-4.3637752e-05,0.3198309,-0.0024792808,-0.005549662,-0.0030374709,-0.008838554
SPON2,-0.0010877977,0.17144857,0.1876833,-0.0037049602,0.100572705,-0.006372791,0.138077,-0.0038450004,-0.0021608365,-0.0012187964,-4.3637752e-05,0.3198309,-0.0024792808,-0.005549662,-0.0030374709,-0.008838554
SPP1,-0.0010877977,0.17144857,0.1876833,-0.0037049602,0.100572705,-0.006372791,0.138077,-0.0038450004,-0.0021608365,-0.0012187964,-4.3637752e-05,0.3198309,-0.0024792808,-0.005549662,-0.0030374709,-0.008838554
SPRY2,-0.0010888542,0.17235915,0.18812059,-0.0036913478,0.100623675,-0.006379894,0.13929024,-0.003855944,-0.0021685609,-0.0012154165,-5.6066958e-05,0.31897217,-0.002493243,-0.005536244,-0.0030284035,-0.0088438485
SPRY4-AS1,-0.0010877977,0.17144857,0.1876833,-0.0037049602,0.100572705,-0.006372791,0.138077,-0.0038450004,-0.0021608365,-0.0012187964,-4.3637752e-05,0.3198309,-0.0024792808,-0.005549662,-0.0030374709,-0.008838554
SPTBN1,-0.0010877977,0.17144857,0.1876833,-0.0037049602,0.100572705,-0.006372791,0.138077,-0.0038450004,-0.0021608365,-0.0012187964,-4.3637752e-05,0.3198309,-0.0024792808,-0.005549662,-0.0030374709,-0.008838554
SPTBN5,-0.001089381,0.171263,0.18739955,-0.0037050454,0.100506864,-0.006373759,0.13777393,-0.0038477725,-0.0021629855,-0.001217528,-4.0855408e-05,0.32003343,-0.002479988,-0.0055524837,-0.0030372138,-0.008838606
SPTSSB,-0.0010893948,0.17170428,0.18781026,-0.0037042182,0.10051927,-0.006372964,0.13823396,-0.003843957,-0.0021635708,-0.0012192575,-4.2905507e-05,0.31986904,-0.0024813018,-0.005548335,-0.0030379116,-0.008838243
SRBD1,-0.0010877977,0.17144857,0.1876833,-0.0037049602,0.100572705,-0.006372791,0.138077,-0.0038450004,-0.0021608365,-0.0012187964,-4.3637752e-05,0.3198309,-0.0024792808,-0.005549662,-0.0030374709,-0.008838554
SREBF2-AS1,-0.0010856953,0.17129393,0.18773861,-0.0037053262,0.10075045,-0.006372735,0.13824686,-0.0038431557,-0.00216225,-0.0012167731,-4.5306533e-05,0.31982026,-0.0024798694,-0.0055504977,-0.0030383659,-0.008836006
SRGAP3-AS4,-0.0010877977,0.17144857,0.1876833,-0.0037049602,0.100572705,-0.006372791,0.138077,-0.0038450004,-0.0021608365,-0.0012187964,-4.3637752e-05,0.3198309,-0.0024792808,-0.005549662,-0.0030374709,-0.008838554
SS18L2,-0.0010877977,0.17144857,0.1876833,-0.0037049602,0.100572705,-0.006372791,0.138077,-0.0038450004,-0.0021608365,-0.0012187964,-4.3637752e-05,0.3198309,-0.0024792808,-0.005549662,-0.0030374709,-0.008838554
ST3GAL3,-0.0010877977,0.17144857,0.1876833,-0.0037049602,0.100572705,-0.006372791,0.138077,-0.0038450004,-0.0021608365,-0.0012187964,-4.3637752e-05,0.3198309,-0.0024792808,-0.005549662,-0.0030374709,-0.008838554
ST3GAL6-AS1,-0.0010877977,0.17144857,0.1876833,-0.0037049602,0.100572705,-0.006372791,0.138077,-0.0038450004,-0.0021608365,-0.0012187964,-4.3637752e-05,0.3198309,-0.0024792808,-0.005549662,-0.0030374709,-0.008838554
ST8SIA1,-0.001098377,0.1712539,0.18849437,-0.00369753,0.09999989,-0.006368004,0.13725416,-0.0038489501,-0.002165888,-0.0012127643,-4.37656e-05,0.31934452,-0.0024807504,-0.0055478546,-0.0030459722,-0.008841534
ST8SIA6,-0.0010877977,0.17144857,0.1876833,-0.0037049602,0.100572705,-0.006372791,0.138077,-0.0038450004,-0.0021608365,-0.0012187964,-4.3637752e-05,0.3198309,-0.0024792808,-0.005549662,-0.0030374709,-0.008838554
STAC2,-0.0010877977,0.17144857,0.1876833,-0.0037049602,0.100572705,-0.006372791,0.138077,-0.0038450004,-0.0021608365,-0.0012187964,-4.3637752e-05,0.3198309,-0.0024792808,-0.005549662,-0.0030374709,-0.008838554
STAMBPL1,-0.0010893948,0.17170428,0.18781026,-0.0037042182,0.10051927,-0.006372964,0.13823396,-0.003843957,-0.0021635708,-0.0012192575,-4.2905507e-05,0.31986904,-0.0024813018,-0.005548335,-0.0030379116,-0.008838243
STAP1,-0.0010877977,0.17144857,0.1876833,-0.0037049602,0.100572705,-0.006372791,0.138077,-0.0038450004,-0.0021608365,-0.0012187964,-4.3637752e-05,0.3198309,-0.0024792808,-0.005549662,-0.0030374709,-0.008838554
STARD9,-0.0010877977,0.17144857,0.1876833,-0.0037049602,0.100572705,-0.006372791,0.138077,-0.0038450004,-0.0021608365,-0.0012187964,-4.3637752e-05,0.3198309,-0.0024792808,-0.005549662,-0.0030374709,-0.008838554
STAT5B,-0.0008818362,0.16928154,0.19491439,-0.0037722806,0.09171559,-0.0063823345,0.14098802,-0.0040910067,-0.0020454957,-0.001098571,-3.820911e-05,0.3040884,-0.0025646796,-0.005238404,-0.0032284467,-0.008655514
STEAP1B,-0.0010877977,0.17144857,0.1876833,-0.0037049602,0.100572705,-0.006372791,0.138077,-0.0038450004,-0.0021608365,-0.0012187964,-4.3637752e-05,0.3198309,-0.0024792808,-0.005549662,-0.0030374709,-0.008838554
STMN3,-0.0010877977,0.17144857,0.1876833,-0.0037049602,0.100572705,-0.006372791,0.138077,-0.0038450004,-0.0021608365,-0.0012187964,-4.3637752e-05,0.3198309,-0.0024792808,-0.005549662,-0.0030374709,-0.008838554
STON1-GTF2A1L,-0.0010877977,0.17144857,0.1876833,-0.0037049602,0.100572705,-0.006372791,0.138077,-0.0038450004,-0.0021608365,-0.0012187964,-4.3637752e-05,0.3198309,-0.0024792808,-0.005549662,-0.0030374709,-0.008838554
STPG1,-0.0010812284,0.17206752,0.1869087,-0.0037084287,0.099853896,-0.0063710767,0.1390107,-0.003842992,-0.002157719,-0.0012157192,-4.562378e-05,0.31905007,-0.0024816594,-0.0055461396,-0.003040055,-0.008826789
STPG2,-0.0010877977,0.17144857,0.1876833,-0.0037049602,0.100572705,-0.006372791,0.138077,-0.0038450004,-0.0021608365,-0.0012187964,-4.3637752e-05,0.3198309,-0.0024792808,-0.005549662,-0.0030374709,-0.008838554
STPG3-AS1,-0.0010865488,0.17175163,0.18747623,-0.0037047737,0.10026294,-0.0063729724,0.13824922,-0.003848189,-0.0021626852,-0.0012217545,-4.1193365e-05,0.32011133,-0.0024821549,-0.00554896,-0.0030339363,-0.008839902
STRBP,-0.0010877977,0.17144857,0.1876833,-0.0037049602,0.100572705,-0.006372791,0.138077,-0.0038450004,-0.0021608365,-0.0012187964,-4.3637752e-05,0.3198309,-0.0024792808,-0.005549662,-0.0030374709,-0.008838554
STX18-AS1,-0.0010877977,0.17144857,0.1876833,-0.0037049602,0.100572705,-0.006372791,0.138077,-0.0038450004,-0.0021608365,-0.0012187964,-4.3637752e-05,0.3198309,-0.0024792808,-0.005549662,-0.0030374709,-0.008838554
STX1A,-0.0010877977,0.17144857,0.1876833,-0.0037049602,0.100572705,-0.006372791,0.138077,-0.0038450004,-0.0021608365,-0.0012187964,-4.3637752e-05,0.3198309,-0.0024792808,-0.005549662,-0.0030374709,-0.008838554
STXBP5L,-0.0010877977,0.17144857,0.1876833,-0.0037049602,0.100572705,-0.006372791,0.138077,-0.0038450004,-0.0021608365,-0.0012187964,-4.3637752e-05,0.3198309,-0.0024792808,-0.005549662,-0.0030374709,-0.008838554
SUGCT,-0.0010856953,0.17129393,0.18773861,-0.0037053262,0.10075045,-0.006372735,0.13824686,-0.0038431557,-0.00216225,-0.0012167731,-4.5306533e-05,0.31982026,-0.0024798694,-0.0055504977,-0.0030383659,-0.008836006
SULF2,-0.0010877977,0.17144857,0.1876833,-0.0037049602,0.100572705,-0.006372791,0.138077,-0.0038450004,-0.0021608365,-0.0012187964,-4.3637752e-05,0.3198309,-0.0024792808,-0.005549662,-0.0030374709,-0.008838554
SULT6B1,-0.0010877977,0.17144857,0.1876833,-0.0037049602,0.100572705,-0.006372791,0.138077,-0.0038450004,-0.0021608365,-0.0012187964,-4.3637752e-05,0.3198309,-0.0024792808,-0.005549662,-0.0030374709,-0.008838554
SUPT3H,-0.0010812284,0.17206752,0.1869087,-0.0037084287,0.099853896,-0.0063710767,0.1390107,-0.003842992,-0.002157719,-0.0012157192,-4.562378e-05,0.31905007,-0.0024816594,-0.0055461396,-0.003040055,-0.008826789
SUPT7L,-0.0010877977,0.17144857,0.1876833,-0.0037049602,0.100572705,-0.006372791,0.138077,-0.0038450004,-0.0021608365,-0.0012187964,-4.3637752e-05,0.3198309,-0.0024792808,-0.005549662,-0.0030374709,-0.008838554
SUSD4,-0.0010877977,0.17144857,0.1876833,-0.0037049602,0.100572705,-0.006372791,0.138077,-0.0038450004,-0.0021608365,-0.0012187964,-4.3637752e-05,0.3198309,-0.0024792808,-0.005549662,-0.0030374709,-0.008838554
SVEP1,-0.0010877977,0.17144857,0.1876833,-0.0037049602,0.100572705,-0.006372791,0.138077,-0.0038450004,-0.0021608365,-0.0012187964,-4.3637752e-05,0.3198309,-0.0024792808,-0.005549662,-0.0030374709,-0.008838554
SVIP,-0.0010877977,0.17144857,0.1876833,-0.0037049602,0.100572705,-0.006372791,0.138077,-0.0038450004,-0.0021608365,-0.0012187964,-4.3637752e-05,0.3198309,-0.0024792808,-0.005549662,-0.0030374709,-0.008838554
SYDE2,-0.0010877977,0.17144857,0.1876833,-0.0037049602,0.100572705,-0.006372791,0.138077,-0.0038450004,-0.0021608365,-0.0012187964,-4.3637752e-05,0.3198309,-0.0024792808,-0.005549662,-0.0030374709,-0.008838554
SYN2,-0.0010866908,0.17141344,0.18764763,-0.0037059127,0.100545496,-0.0063722543,0.13789329,-0.0038468975,-0.0021582644,-0.0012180605,-4.4480857e-05,0.3197527,-0.0024808592,-0.0055512474,-0.0030392453,-0.008838414
SYNE1,-0.0010877977,0.17144857,0.1876833,-0.0037049602,0.100572705,-0.006372791,0.138077,-0.0038450004,-0.0021608365,-0.0012187964,-4.3637752e-05,0.3198309,-0.0024792808,-0.005549662,-0.0030374709,-0.008838554
SYNGAP1,-0.0010968809,0.1735683,0.18692933,-0.0036914104,0.10253403,-0.0063721356,0.13658813,-0.0038637237,-0.0021863347,-0.0012138605,-6.755382e-05,0.32280517,-0.002453146,-0.0055222306,-0.0030365654,-0.008839673
SYNJ2,-0.0010877977,0.17144857,0.1876833,-0.0037049602,0.100572705,-0.006372791,0.138077,-0.0038450004,-0.0021608365,-0.0012187964,-4.3637752e-05,0.3198309,-0.0024792808,-0.005549662,-0.0030374709,-0.008838554
SYT1,-0.0010877977,0.17144857,0.1876833,-0.0037049602,0.100572705,-0.006372791,0.138077,-0.0038450004,-0.0021608365,-0.0012187964,-4.3637752e-05,0.3198309,-0.0024792808,-0.005549662,-0.0030374709,-0.008838554
SYT5,-0.0010877977,0.17144857,0.1876833,-0.0037049602,0.100572705,-0.006372791,0.138077,-0.0038450004,-0.0021608365,-0.0012187964,-4.3637752e-05,0.3198309,-0.0024792808,-0.005549662,-0.0030374709,-0.008838554
SYT7,-0.001085407,0.17205968,0.18749638,-0.003699575,0.09980859,-0.0063624983,0.13736963,-0.0038411943,-0.002152097,-0.0012119242,-4.73845e-05,0.31911975,-0.0024809137,-0.005560232,-0.0030426607,-0.00884221
SYTL2,-0.0010893948,0.17170428,0.18781026,-0.0037042182,0.10051927,-0.006372964,0.13823396,-0.003843957,-0.0021635708,-0.0012192575,-4.2905507e-05,0.31986904,-0.0024813018,-0.005548335,-0.0030379116,-0.008838243
TAC3,-0.0010877977,0.17144857,0.1876833,-0.0037049602,0.100572705,-0.006372791,0.138077,-0.0038450004,-0.0021608365,-0.0012187964,-4.3637752e-05,0.3198309,-0.0024792808,-0.005549662,-0.0030374709,-0.008838554
TAF11,-0.0010877977,0.17144857,0.1876833,-0.0037049602,0.100572705,-0.006372791,0.138077,-0.0038450004,-0.0021608365,-0.0012187964,-4.3637752e-05,0.3198309,-0.0024792808,-0.005549662,-0.0030374709,-0.008838554
TAF1A-AS1,-0.0010877977,0.17144857,0.1876833,-0.0037049602,0.100572705,-0.006372791,0.138077,-0.0038450004,-0.0021608365,-0.0012187964,-4.3637752e-05,0.3198309,-0.0024792808,-0.005549662,-0.0030374709,-0.008838554
TAF1C,-0.0010877977,0.17144857,0.1876833,-0.0037049602,0.100572705,-0.006372791,0.138077,-0.0038450004,-0.0021608365,-0.0012187964,-4.3637752e-05,0.3198309,-0.0024792808,-0.005549662,-0.0030374709,-0.008838554
TAF3,-0.001507132,0.18077923,0.09198336,-0.0031377012,0.113401845,-0.006761426,0.07194908,-0.0030462826,-0.0031032118,-0.0022621867,-0.00018653348,0.23050334,-0.0028791283,-0.005205046,-0.0033815864,-0.008723939
TANC1,-0.0010877977,0.17144857,0.1876833,-0.0037049602,0.100572705,-0.006372791,0.138077,-0.0038450004,-0.0021608365,-0.0012187964,-4.3637752e-05,0.3198309,-0.0024792808,-0.005549662,-0.0030374709,-0.008838554
TBC1D16,-0.0010877977,0.17144857,0.1876833,-0.0037049602,0.100572705,-0.006372791,0.138077,-0.0038450004,-0.0021608365,-0.0012187964,-4.3637752e-05,0.3198309,-0.0024792808,-0.005549662,-0.0030374709,-0.008838554
TBC1D17,-0.0010877977,0.17144857,0.1876833,-0.0037049602,0.100572705,-0.006372791,0.138077,-0.0038450004,-0.0021608365,-0.0012187964,-4.3637752e-05,0.3198309,-0.0024792808,-0.005549662,-0.0030374709,-0.008838554
TBC1D31,-0.0010877977,0.17144857,0.1876833,-0.0037049602,0.100572705,-0.006372791,0.138077,-0.0038450004,-0.0021608365,-0.0012187964,-4.3637752e-05,0.3198309,-0.0024792808,-0.005549662,-0.0030374709,-0.008838554
TBC1D32,-0.0010877977,0.17144857,0.1876833,-0.0037049602,0.100572705,-0.006372791,0.138077,-0.0038450004,-0.0021608365,-0.0012187964,-4.3637752e-05,0.3198309,-0.0024792808,-0.005549662,-0.0030374709,-0.008838554
TBC1D4,-0.0010877977,0.17144857,0.1876833,-0.0037049602,0.100572705,-0.006372791,0.138077,-0.0038450004,-0.0021608365,-0.0012187964,-4.3637752e-05,0.3198309,-0.0024792808,-0.005549662,-0.0030374709,-0.008838554
TBC1D8-AS1,-0.0021615177,0.14144996,0.11857672,-0.0031773937,0.15636832,-0.0053869495,0.036642246,-0.0029794173,-0.0026040338,-0.0018611003,-0.00025664805,0.37024134,-0.002145187,-0.005571729,-0.0016876009,-0.007338565
TBCCD1,-0.0010877977,0.17144857,0.1876833,-0.0037049602,0.100572705,-0.006372791,0.138077,-0.0038450004,-0.0021608365,-0.0012187964,-4.3637752e-05,0.3198309,-0.0024792808,-0.005549662,-0.0030374709,-0.008838554
TBCE,-0.0010869089,0.17134966,0.18782078,-0.0036940794,0.100582406,-0.006382549,0.13769183,-0.0038530873,-0.0021651604,-0.0012235153,-5.4287164e-05,0.32054484,-0.0024698982,-0.005544982,-0.0030479955,-0.008847117
TBKBP1,-0.00093042135,0.2348218,0.23366047,-0.0033318293,0.056905776,-0.0067872885,0.060367078,-0.0033510828,-0.0021420114,-0.0019415858,-0.0003128761,0.2628999,-0.0030468786,-0.005736252,-0.0021482417,-0.007875979
TBX10,-0.0010877977,0.17144857,0.1876833,-0.0037049602,0.100572705,-0.006372791,0.138077,-0.0038450004,-0.0021608365,-0.0012187964,-4.3637752e-05,0.3198309,-0.0024792808,-0.005549662,-0.0030374709,-0.008838554
TBX20,-0.0009480898,0.109959856,0.17101102,-0.0036985565,0.06189112,-0.0061077117,0.14184009,-0.0034074392,-0.0021313664,-0.0017712762,0.0235084,0.32967502,-0.0017637765,-0.005367226,-0.0036273159,-0.008822032
TBX21,-0.0010874098,0.17153645,0.18767183,-0.0037058864,0.10062483,-0.0063739764,0.13831125,-0.0038473355,-0.0021597885,-0.0012195876,-4.4169872e-05,0.3199346,-0.0024794196,-0.0055504427,-0.003037872,-0.008840399
TCEAL9,-0.0010877977,0.17144857,0.1876833,-0.0037049602,0.100572705,-0.006372791,0.138077,-0.0038450004,-0.0021608365,-0.0012187964,-4.3637752e-05,0.3198309,-0.0024792808,-0.005549662,-0.0030374709,-0.008838554
TCF15,-0.0010877977,0.17144857,0.1876833,-0.0037049602,0.100572705,-0.006372791,0.138077,-0.0038450004,-0.0021608365,-0.0012187964,-4.3637752e-05,0.3198309,-0.0024792808,-0.005549662,-0.0030374709,-0.008838554
TCF19,-0.0010877977,0.17144857,0.1876833,-0.0037049602,0.100572705,-0.006372791,0.138077,-0.0038450004,-0.0021608365,-0.0012187964,-4.3637752e-05,0.3198309,-0.0024792808,-0.005549662,-0.0030374709,-0.008838554
TCF20,-0.0010877977,0.17144857,0.1876833,-0.0037049602,0.100572705,-0.006372791,0.138077,-0.0038450004,-0.0021608365,-0.0012187964,-4.3637752e-05,0.3198309,-0.0024792808,-0.005549662,-0.0030374709,-0.008838554
TCF7L1,-0.0010877977,0.17144857,0.1876833,-0.0037049602,0.100572705,-0.006372791,0.138077,-0.0038450004,-0.0021608365,-0.0012187964,-4.3637752e-05,0.3198309,-0.0024792808,-0.005549662,-0.0030374709,-0.008838554
TCL1A,-0.0010877977,0.17144857,0.1876833,-0.0037049602,0.100572705,-0.006372791,0.138077,-0.0038450004,-0.0021608365,-0.0012187964,-4.3637752e-05,0.3198309,-0.0024792808,-0.005549662,-0.0030374709,-0.008838554
TCTA,-0.0010877977,0.17144857,0.1876833,-0.0037049602,0.100572705,-0.006372791,0.138077,-0.0038450004,-0.0021608365,-0.0012187964,-4.3637752e-05,0.3198309,-0.0024792808,-0.005549662,-0.0030374709,-0.008838554
TCTN2,-0.0010877977,0.17144857,0.1876833,-0.0037049602,0.100572705,-0.006372791,0.138077,-0.0038450004,-0.0021608365,-0.0012187964,-4.3637752e-05,0.3198309,-0.0024792808,-0.005549662,-0.0030374709,-0.008838554
TDRD1,-0.0010877977,0.17144857,0.1876833,-0.0037049602,0.100572705,-0.006372791,0.138077,-0.0038450004,-0.0021608365,-0.0012187964,-4.3637752e-05,0.3198309,-0.0024792808,-0.005549662,-0.0030374709,-0.008838554
TECR,-0.0010865865,0.17132783,0.18773906,-0.0037042361,0.10051662,-0.006373171,0.13807106,-0.003844433,-0.0021615266,-0.0012198209,-4.311681e-05,0.31986457,-0.0024797171,-0.005550358,-0.0030363512,-0.008839263
TENM1,-0.0020041412,0.20482318,0.1645539,-0.0028042626,0.112701386,-0.005801448,-0.00041067673,-0.0024854997,-0.002585209,-0.00258389,-0.0005258864,0.31331038,-0.002712785,-0.0057583186,-0.00079837174,-0.0063759903
TENM2,-0.0011647894,0.14827584,0.16340826,-0.003698344,0.07105748,-0.0063556377,0.111898534,-0.0034819308,-0.0025660386,-0.0016587932,0.035539187,0.3392418,-0.0019272537,-0.0055008624,-0.0032335129,-0.009083416
TET1,-0.0009742777,0.19230074,0.14360695,-0.0033403758,0.065463126,-0.0061259163,0.044344064,-0.004249158,-0.0015907219,-0.0017171481,0.019697666,0.33733368,-0.0015529369,-0.004447184,-0.0024188268,-0.007841063
TEX14,-0.0010877977,0.17144857,0.1876833,-0.0037049602,0.100572705,-0.006372791,0.138077,-0.0038450004,-0.0021608365,-0.0012187964,-4.3637752e-05,0.3198309,-0.0024792808,-0.005549662,-0.0030374709,-0.008838554
TEX53,-0.0010877977,0.17144857,0.1876833,-0.0037049602,0.100572705,-0.006372791,0.138077,-0.0038450004,-0.0021608365,-0.0012187964,-4.3637752e-05,0.3198309,-0.0024792808,-0.005549662,-0.0030374709,-0.008838554
TEX55,-0.0024040863,0.1415207,0.17432056,-0.003298131,0.127027,-0.004778313,0.2203616,-0.0031392372,-0.002130174,-5.4818538e-05,0.09923667,0.44896266,-0.0011292415,-0.0056587597,-0.0022980506,-0.008635947
TFAP2A-AS1,-0.0010877977,0.17144857,0.1876833,-0.0037049602,0.100572705,-0.006372791,0.138077,-0.0038450004,-0.0021608365,-0.0012187964,-4.3637752e-05,0.3198309,-0.0024792808,-0.005549662,-0.0030374709,-0.008838554
TFCP2,-0.0010877977,0.17144857,0.1876833,-0.0037049602,0.100572705,-0.006372791,0.138077,-0.0038450004,-0.0021608365,-0.0012187964,-4.3637752e-05,0.3198309,-0.0024792808,-0.005549662,-0.0030374709,-0.008838554
TFDP2,-0.0010877977,0.17144857,0.1876833,-0.0037049602,0.100572705,-0.006372791,0.138077,-0.0038450004,-0.0021608365,-0.0012187964,-4.3637752e-05,0.3198309,-0.0024792808,-0.005549662,-0.0030374709,-0.008838554
TFR2,-0.0010893948,0.17170428,0.18781026,-0.0037042182,0.10051927,-0.006372964,0.13823396,-0.003843957,-0.0021635708,-0.0012192575,-4.2905507e-05,0.31986904,-0.0024813018,-0.005548335,-0.0030379116,-0.008838243
TGFB3,-0.0010877977,0.17144857,0.1876833,-0.0037049602,0.100572705,-0.006372791,0.138077,-0.0038450004,-0.0021608365,-0.0012187964,-4.3637752e-05,0.3198309,-0.0024792808,-0.005549662,-0.0030374709,-0.008838554
THBS1,-0.001507132,0.18077923,0.09198336,-0.0031377012,0.113401845,-0.006761426,0.07194908,-0.0030462826,-0.0031032118,-0.0022621867,-0.00018653348,0.23050334,-0.0028791283,-0.005205046,-0.0033815864,-0.008723939
THEGL,-0.001507132,0.18077923,0.09198336,-0.0031377012,0.113401845,-0.006761426,0.07194908,-0.0030462826,-0.0031032118,-0.0022621867,-0.00018653348,0.23050334,-0.0028791283,-0.005205046,-0.0033815864,-0.008723939
THEM4,-0.0010865865,0.17132783,0.18773906,-0.0037042361,0.10051662,-0.006373171,0.13807106,-0.003844433,-0.0021615266,-0.0012198209,-4.311681e-05,0.31986457,-0.0024797171,-0.005550358,-0.0030363512,-0.008839263
THORLNC,-0.0010877977,0.17144857,0.1876833,-0.0037049602,0.100572705,-0.006372791,0.138077,-0.0038450004,-0.0021608365,-0.0012187964,-4.3637752e-05,0.3198309,-0.0024792808,-0.005549662,-0.0030374709,-0.008838554
THSD8,-0.0010877977,0.17144857,0.1876833,-0.0037049602,0.100572705,-0.006372791,0.138077,-0.0038450004,-0.0021608365,-0.0012187964,-4.3637752e-05,0.3198309,-0.0024792808,-0.005549662,-0.0030374709,-0.008838554
TIGD2,-0.0010877977,0.17144857,0.1876833,-0.0037049602,0.100572705,-0.006372791,0.138077,-0.0038450004,-0.0021608365,-0.0012187964,-4.3637752e-05,0.3198309,-0.0024792808,-0.005549662,-0.0030374709,-0.008838554
TIGD4,-0.0010877977,0.17144857,0.1876833,-0.0037049602,0.100572705,-0.006372791,0.138077,-0.0038450004,-0.0021608365,-0.0012187964,-4.3637752e-05,0.3198309,-0.0024792808,-0.005549662,-0.0030374709,-0.008838554
TIMP3,-0.0010856953,0.17129393,0.18773861,-0.0037053262,0.10075045,-0.006372735,0.13824686,-0.0038431557,-0.00216225,-0.0012167731,-4.5306533e-05,0.31982026,-0.0024798694,-0.0055504977,-0.0030383659,-0.008836006
TLCD1,-0.0010877977,0.17144857,0.1876833,-0.0037049602,0.100572705,-0.006372791,0.138077,-0.0038450004,-0.0021608365,-0.0012187964,-4.3637752e-05,0.3198309,-0.0024792808,-0.005549662,-0.0030374709,-0.008838554
TLCD5,-0.0010877977,0.17144857,0.1876833,-0.0037049602,0.100572705,-0.006372791,0.138077,-0.0038450004,-0.0021608365,-0.0012187964,-4.3637752e-05,0.3198309,-0.0024792808,-0.005549662,-0.0030374709,-0.008838554
TLE1,-0.0010869089,0.17134966,0.18782078,-0.0036940794,0.100582406,-0.006382549,0.13769183,-0.0038530873,-0.0021651604,-0.0012235153,-5.4287164e-05,0.32054484,-0.0024698982,-0.005544982,-0.0030479955,-0.008847117
TLN2,-0.0024040863,0.1415207,0.17432056,-0.003298131,0.127027,-0.004778313,0.2203616,-0.0031392372,-0.002130174,-5.4818538e-05,0.09923667,0.44896266,-0.0011292415,-0.0056587597,-0.0022980506,-0.008635947
TM4SF19-AS1,-0.0010877977,0.17144857,0.1876833,-0.0037049602,0.100572705,-0.006372791,0.138077,-0.0038450004,-0.0021608365,-0.0012187964,-4.3637752e-05,0.3198309,-0.0024792808,-0.005549662,-0.0030374709,-0.008838554
TMC6,-0.0010877977,0.17144857,0.1876833,-0.0037049602,0.100572705,-0.006372791,0.138077,-0.0038450004,-0.0021608365,-0.0012187964,-4.3637752e-05,0.3198309,-0.0024792808,-0.005549662,-0.0030374709,-0.008838554
TMCC2,-0.001089381,0.171263,0.18739955,-0.0037050454,0.100506864,-0.006373759,0.13777393,-0.0038477725,-0.0021629855,-0.001217528,-4.0855408e-05,0.32003343,-0.002479988,-0.0055524837,-0.0030372138,-0.008838606
TMEM107,-0.0010877977,0.17144857,0.1876833,-0.0037049602,0.100572705,-0.006372791,0.138077,-0.0038450004,-0.0021608365,-0.0012187964,-4.3637752e-05,0.3198309,-0.0024792808,-0.005549662,-0.0030374709,-0.008838554
TMEM117,-0.0010877977,0.17144857,0.1876833,-0.0037049602,0.100572705,-0.006372791,0.138077,-0.0038450004,-0.0021608365,-0.0012187964,-4.3637752e-05,0.3198309,-0.0024792808,-0.005549662,-0.0030374709,-0.008838554
TMEM151B,-0.001087727,0.1714377,0.1876375,-0.0037046217,0.10054491,-0.0063724616,0.13807371,-0.0038452481,-0.0021604009,-0.0012189316,-4.3976754e-05,0.31983286,-0.002478898,-0.005549348,-0.0030372092,-0.008838146
TMEM156,-0.0010877977,0.17144857,0.1876833,-0.0037049602,0.100572705,-0.006372791,0.138077,-0.0038450004,-0.0021608365,-0.0012187964,-4.3637752e-05,0.3198309,-0.0024792808,-0.005549662,-0.0030374709,-0.008838554
TMEM169,-0.0010860863,0.1710268,0.18784754,-0.003701256,0.101284705,-0.0063759047,0.13832788,-0.003836179,-0.0021499465,-0.0012161382,-5.2752046e-05,0.319309,-0.0024700572,-0.005540353,-0.0030260198,-0.008839308
TMEM177,-0.0010877977,0.17144857,0.1876833,-0.0037049602,0.100572705,-0.006372791,0.138077,-0.0038450004,-0.0021608365,-0.0012187964,-4.3637752e-05,0.3198309,-0.0024792808,-0.005549662,-0.0030374709,-0.008838554
TMEM181,-0.001098377,0.1712539,0.18849437,-0.00369753,0.09999989,-0.006368004,0.13725416,-0.0038489501,-0.002165888,-0.0012127643,-4.37656e-05,0.31934452,-0.0024807504,-0.0055478546,-0.0030459722,-0.008841534
TMEM182,-0.00011696454,0.21236098,-0.000683652,-0.0013314402,0.19532958,-0.0043197754,0.10959868,-0.0021093998,-0.00075667707,0.020049915,0.08433579,0.1437149,-0.0013695519,-0.0031119208,-0.0015400738,-0.005757833
TMEM223,-0.0010877977,0.17144857,0.1876833,-0.0037049602,0.100572705,-0.006372791,0.138077,-0.0038450004,-0.0021608365,-0.0012187964,-4.3637752e-05,0.3198309,-0.0024792808,-0.005549662,-0.0030374709,-0.008838554
TMEM225B,-0.0010877977,0.17144857,0.1876833,-0.0037049602,0.100572705,-0.006372791,0.138077,-0.0038450004,-0.0021608365,-0.0012187964,-4.3637752e-05,0.3198309,-0.0024792808,-0.005549662,-0.0030374709,-0.008838554
TMEM238,-0.0010877977,0.17144857,0.1876833,-0.0037049602,0.100572705,-0.006372791,0.138077,-0.0038450004,-0.0021608365,-0.0012187964,-4.3637752e-05,0.3198309,-0.0024792808,-0.005549662,-0.0030374709,-0.008838554
TMEM239,-0.0010877977,0.17144857,0.1876833,-0.0037049602,0.100572705,-0.006372791,0.138077,-0.0038450004,-0.0021608365,-0.0012187964,-4.3637752e-05,0.3198309,-0.0024792808,-0.005549662,-0.0030374709,-0.008838554
TMEM245,-0.0014138946,0.13724925,0.22410367,-0.0036281585,0.08946992,-0.0060473816,0.12861057,-0.0034208645,-0.0018675622,-0.00097389304,-2.8713941e-05,0.3172794,-0.0024553274,-0.0058379513,-0.003135701,-0.009012577
TMEM272,-0.0010877977,0.17144857,0.1876833,-0.0037049602,0.100572705,-0.006372791,0.138077,-0.0038450004,-0.0021608365,-0.0012187964,-4.3637752e-05,0.3198309,-0.0024792808,-0.005549662,-0.0030374709,-0.008838554
TMEM41B,-0.00086878025,0.13297671,0.1953061,-0.0037054007,0.09132304,-0.0061247097,0.1678289,-0.0037718385,-0.0017242831,-0.0013315682,-0.00016426771,0.31021953,-0.0023178183,-0.005418307,-0.0034319286,-0.008577738
TMEM45B,-0.0010877977,0.17144857,0.1876833,-0.0037049602,0.100572705,-0.006372791,0.138077,-0.0038450004,-0.0021608365,-0.0012187964,-4.3637752e-05,0.3198309,-0.0024792808,-0.005549662,-0.0030374709,-0.008838554
TMEM65,-0.00086878025,0.13297671,0.1953061,-0.0037054007,0.09132304,-0.0061247097,0.1678289,-0.0037718385,-0.0017242831,-0.0013315682,-0.00016426771,0.31021953,-0.0023178183,-0.005418307,-0.0034319286,-0.008577738
TMEM67,-0.0010877977,0.17144857,0.1876833,-0.0037049602,0.100572705,-0.006372791,0.138077,-0.0038450004,-0.0021608365,-0.0012187964,-4.3637752e-05,0.3198309,-0.0024792808,-0.005549662,-0.0030374709,-0.008838554
TMEM95,-0.0010877977,0.17144857,0.1876833,-0.0037049602,0.100572705,-0.006372791,0.138077,-0.0038450004,-0.0021608365,-0.0012187964,-4.3637752e-05,0.3198309,-0.0024792808,-0.005549662,-0.0030374709,-0.008838554
TMEM98,-0.0010877977,0.17144857,0.1876833,-0.0037049602,0.100572705,-0.006372791,0.138077,-0.0038450004,-0.0021608365,-0.0012187964,-4.3637752e-05,0.3198309,-0.0024792808,-0.005549662,-0.0030374709,-0.008838554
TMIGD2,-0.0010877977,0.17144857,0.1876833,-0.0037049602,0.100572705,-0.006372791,0.138077,-0.0038450004,-0.0021608365,-0.0012187964,-4.3637752e-05,0.3198309,-0.0024792808,-0.005549662,-0.0030374709,-0.008838554
TMPRSS13,-0.001415606,0.13767102,0.22393946,-0.0036318623,0.08875791,-0.0060442677,0.12835969,-0.003429686,-0.0018784519,-0.0009765511,-1.9599645e-05,0.3178013,-0.002464551,-0.0058472594,-0.003147152,-0.009011823
TMUB1,-0.0010812284,0.17206752,0.1869087,-0.0037084287,0.099853896,-0.0063710767,0.1390107,-0.003842992,-0.002157719,-0.0012157192,-4.562378e-05,0.31905007,-0.0024816594,-0.0055461396,-0.003040055,-0.008826789
TNF,-0.0010877977,0.17144857,0.1876833,-0.0037049602,0.100572705,-0.006372791,0.138077,-0.0038450004,-0.0021608365,-0.0012187964,-4.3637752e-05,0.3198309,-0.0024792808,-0.005549662,-0.0030374709,-0.008838554
TNFAIP6,-0.0010877977,0.17144857,0.1876833,-0.0037049602,0.100572705,-0.006372791,0.138077,-0.0038450004,-0.0021608365,-0.0012187964,-4.3637752e-05,0.3198309,-0.0024792808,-0.005549662,-0.0030374709,-0.008838554
TNFRSF10D,-0.0010877977,0.17144857,0.1876833,-0.0037049602,0.100572705,-0.006372791,0.138077,-0.0038450004,-0.0021608365,-0.0012187964,-4.3637752e-05,0.3198309,-0.0024792808,-0.005549662,-0.0030374709,-0.008838554
TNFRSF11A,-0.0010877977,0.17144857,0.1876833,-0.0037049602,0.100572705,-0.006372791,0.138077,-0.0038450004,-0.0021608365,-0.0012187964,-4.3637752e-05,0.3198309,-0.0024792808,-0.005549662,-0.0030374709,-0.008838554
TNFRSF13C,-0.0010877977,0.17144857,0.1876833,-0.0037049602,0.100572705,-0.006372791,0.138077,-0.0038450004,-0.0021608365,-0.0012187964,-4.3637752e-05,0.3198309,-0.0024792808,-0.005549662,-0.0030374709,-0.008838554
TNFRSF17,-0.0010877977,0.17144857,0.1876833,-0.0037049602,0.100572705,-0.006372791,0.138077,-0.0038450004,-0.0021608365,-0.0012187964,-4.3637752e-05,0.3198309,-0.0024792808,-0.005549662,-0.0030374709,-0.008838554
TNFRSF18,-0.0010877977,0.17144857,0.1876833,-0.0037049602,0.100572705,-0.006372791,0.138077,-0.0038450004,-0.0021608365,-0.0012187964,-4.3637752e-05,0.3198309,-0.0024792808,-0.005549662,-0.0030374709,-0.008838554
TNFRSF25,-0.0010877977,0.17144857,0.1876833,-0.0037049602,0.100572705,-0.006372791,0.138077,-0.0038450004,-0.0021608365,-0.0012187964,-4.3637752e-05,0.3198309,-0.0024792808,-0.005549662,-0.0030374709,-0.008838554
TNFRSF4,-0.0010877977,0.17144857,0.1876833,-0.0037049602,0.100572705,-0.006372791,0.138077,-0.0038450004,-0.0021608365,-0.0012187964,-4.3637752e-05,0.3198309,-0.0024792808,-0.005549662,-0.0030374709,-0.008838554
TNIP3,-0.0010921574,0.17122777,0.18717916,-0.0037018275,0.100231886,-0.006369981,0.13741207,-0.0038436772,-0.0021610826,-0.0012123802,-4.996702e-05,0.3197165,-0.002474861,-0.005556675,-0.0030345058,-0.008831642
TNNC1,-0.0010877977,0.17144857,0.1876833,-0.0037049602,0.100572705,-0.006372791,0.138077,-0.0038450004,-0.0021608365,-0.0012187964,-4.3637752e-05,0.3198309,-0.0024792808,-0.005549662,-0.0030374709,-0.008838554
TNXB,-0.0010877977,0.17144857,0.1876833,-0.0037049602,0.100572705,-0.006372791,0.138077,-0.0038450004,-0.0021608365,-0.0012187964,-4.3637752e-05,0.3198309,-0.0024792808,-0.005549662,-0.0030374709,-0.008838554
TOB1-AS1,-0.0010877977,0.17144857,0.1876833,-0.0037049602,0.100572705,-0.006372791,0.138077,-0.0038450004,-0.0021608365,-0.0012187964,-4.3637752e-05,0.3198309,-0.0024792808,-0.005549662,-0.0030374709,-0.008838554
TOGARAM2,-0.0010877977,0.17144857,0.1876833,-0.0037049602,0.100572705,-0.006372791,0.138077,-0.0038450004,-0.0021608365,-0.0012187964,-4.3637752e-05,0.3198309,-0.0024792808,-0.005549662,-0.0030374709,-0.008838554
TP53I13,-0.0010877977,0.17144857,0.1876833,-0.0037049602,0.100572705,-0.006372791,0.138077,-0.0038450004,-0.0021608365,-0.0012187964,-4.3637752e-05,0.3198309,-0.0024792808,-0.005549662,-0.0030374709,-0.008838554
TP53TG1,-0.0010877977,0.17144857,0.1876833,-0.0037049602,0.100572705,-0.006372791,0.138077,-0.0038450004,-0.0021608365,-0.0012187964,-4.3637752e-05,0.3198309,-0.0024792808,-0.005549662,-0.0030374709,-0.008838554
TPD52,-0.0010893948,0.17170428,0.18781026,-0.0037042182,0.10051927,-0.006372964,0.13823396,-0.003843957,-0.0021635708,-0.0012192575,-4.2905507e-05,0.31986904,-0.0024813018,-0.005548335,-0.0030379116,-0.008838243
TPST1,-0.0010877977,0.17144857,0.1876833,-0.0037049602,0.100572705,-0.006372791,0.138077,-0.0038450004,-0.0021608365,-0.0012187964,-4.3637752e-05,0.3198309,-0.0024792808,-0.005549662,-0.0030374709,-0.008838554
TPT1-AS1,-0.0011671075,0.14843172,0.16338821,-0.003698116,0.07114078,-0.0063557927,0.11208819,-0.003480601,-0.0025679201,-0.0016585044,0.035571404,0.33928636,-0.0019252391,-0.0054985806,-0.003232858,-0.009082847
TRABD2A,-0.0010877977,0.17144857,0.1876833,-0.0037049602,0.100572705,-0.006372791,0.138077,-0.0038450004,-0.0021608365,-0.0012187964,-4.3637752e-05,0.3198309,-0.0024792808,-0.005549662,-0.0030374709,-0.008838554
TRAF1,-0.0010877977,0.17144857,0.1876833,-0.0037049602,0.100572705,-0.006372791,0.138077,-0.0038450004,-0.0021608365,-0.0012187964,-4.3637752e-05,0.3198309,-0.0024792808,-0.005549662,-0.0030374709,-0.008838554
TRAF5,-0.0010877977,0.17144857,0.1876833,-0.0037049602,0.100572705,-0.006372791,0.138077,-0.0038450004,-0.0021608365,-0.0012187964,-4.3637752e-05,0.3198309,-0.0024792808,-0.005549662,-0.0030374709,-0.008838554
TRAJ14,-0.0010087709,0.1689938,0.18310411,-0.0037119465,0.10461819,-0.0064370716,0.12895915,-0.00390555,-0.0020991147,-0.0013152703,-9.14064e-05,0.31548157,-0.0023695433,-0.00561105,-0.003098632,-0.00880173
TRAJ33,-0.0010877977,0.17144857,0.1876833,-0.0037049602,0.100572705,-0.006372791,0.138077,-0.0038450004,-0.0021608365,-0.0012187964,-4.3637752e-05,0.3198309,-0.0024792808,-0.005549662,-0.0030374709,-0.008838554
TRAJ44,-0.0010877977,0.17144857,0.1876833,-0.0037049602,0.100572705,-0.006372791,0.138077,-0.0038450004,-0.0021608365,-0.0012187964,-4.3637752e-05,0.3198309,-0.0024792808,-0.005549662,-0.0030374709,-0.008838554
TRAJ48,-0.0010877977,0.17144857,0.1876833,-0.0037049602,0.100572705,-0.006372791,0.138077,-0.0038450004,-0.0021608365,-0.0012187964,-4.3637752e-05,0.3198309,-0.0024792808,-0.005549662,-0.0030374709,-0.008838554
TRAK2,-0.0010877977,0.17144857,0.1876833,-0.0037049602,0.100572705,-0.006372791,0.138077,-0.0038450004,-0.0021608365,-0.0012187964,-4.3637752e-05,0.3198309,-0.0024792808,-0.005549662,-0.0030374709,-0.008838554
TRANK1,-0.0010877977,0.17144857,0.1876833,-0.0037049602,0.100572705,-0.006372791,0.138077,-0.0038450004,-0.0021608365,-0.0012187964,-4.3637752e-05,0.3198309,-0.0024792808,-0.005549662,-0.0030374709,-0.008838554
TRAP1,-0.0010877977,0.17144857,0.1876833,-0.0037049602,0.100572705,-0.006372791,0.138077,-0.0038450004,-0.0021608365,-0.0012187964,-4.3637752e-05,0.3198309,-0.0024792808,-0.005549662,-0.0030374709,-0.008838554
TRAT1,-0.0010877977,0.17144857,0.1876833,-0.0037049602,0.100572705,-0.006372791,0.138077,-0.0038450004,-0.0021608365,-0.0012187964,-4.3637752e-05,0.3198309,-0.0024792808,-0.005549662,-0.0030374709,-0.008838554
TRAV1-2,-0.0010877977,0.17144857,0.1876833,-0.0037049602,0.100572705,-0.006372791,0.138077,-0.0038450004,-0.0021608365,-0.0012187964,-4.3637752e-05,0.3198309,-0.0024792808,-0.005549662,-0.0030374709,-0.008838554
TRAV18,-0.0010877977,0.17144857,0.1876833,-0.0037049602,0.100572705,-0.006372791,0.138077,-0.0038450004,-0.0021608365,-0.0012187964,-4.3637752e-05,0.3198309,-0.0024792808,-0.005549662,-0.0030374709,-0.008838554
TRAV19,-0.0021615177,0.14144996,0.11857672,-0.0031773937,0.15636832,-0.0053869495,0.036642246,-0.0029794173,-0.0026040338,-0.0018611003,-0.00025664805,0.37024134,-0.002145187,-0.005571729,-0.0016876009,-0.007338565
TRAV22,-0.0010877977,0.17144857,0.1876833,-0.0037049602,0.100572705,-0.006372791,0.138077,-0.0038450004,-0.0021608365,-0.0012187964,-4.3637752e-05,0.3198309,-0.0024792808,-0.005549662,-0.0030374709,-0.008838554
TRAV25,-0.0010877977,0.17144857,0.1876833,-0.0037049602,0.100572705,-0.006372791,0.138077,-0.0038450004,-0.0021608365,-0.0012187964,-4.3637752e-05,0.3198309,-0.0024792808,-0.005549662,-0.0030374709,-0.008838554
TRAV26-1,-0.0010087709,0.1689938,0.18310411,-0.0037119465,0.10461819,-0.0064370716,0.12895915,-0.00390555,-0.0020991147,-0.0013152703,-9.14064e-05,0.31548157,-0.0023695433,-0.00561105,-0.003098632,-0.00880173
TRAV6,-0.0010877977,0.17144857,0.1876833,-0.0037049602,0.100572705,-0.006372791,0.138077,-0.0038450004,-0.0021608365,-0.0012187964,-4.3637752e-05,0.3198309,-0.0024792808,-0.005549662,-0.0030374709,-0.008838554
TRAV8-2,-0.0010877977,0.17144857,0.1876833,-0.0037049602,0.100572705,-0.006372791,0.138077,-0.0038450004,-0.0021608365,-0.0012187964,-4.3637752e-05,0.3198309,-0.0024792808,-0.005549662,-0.0030374709,-0.008838554
TRAV8-6,-0.0010877977,0.17144857,0.1876833,-0.0037049602,0.100572705,-0.006372791,0.138077,-0.0038450004,-0.0021608365,-0.0012187964,-4.3637752e-05,0.3198309,-0.0024792808,-0.005549662,-0.0030374709,-0.008838554
TRAV9-2,-0.0010877977,0.17144857,0.1876833,-0.0037049602,0.100572705,-0.006372791,0.138077,-0.0038450004,-0.0021608365,-0.0012187964,-4.3637752e-05,0.3198309,-0.0024792808,-0.005549662,-0.0030374709,-0.008838554
TRBJ1-4,-0.0010877977,0.17144857,0.1876833,-0.0037049602,0.100572705,-0.006372791,0.138077,-0.0038450004,-0.0021608365,-0.0012187964,-4.3637752e-05,0.3198309,-0.0024792808,-0.005549662,-0.0030374709,-0.008838554
TRBV11-3,-0.0010877977,0.17144857,0.1876833,-0.0037049602,0.100572705,-0.006372791,0.138077,-0.0038450004,-0.0021608365,-0.0012187964,-4.3637752e-05,0.3198309,-0.0024792808,-0.005549662,-0.0030374709,-0.008838554
TRBV13,-0.0010877977,0.17144857,0.1876833,-0.0037049602,0.100572705,-0.006372791,0.138077,-0.0038450004,-0.0021608365,-0.0012187964,-4.3637752e-05,0.3198309,-0.0024792808,-0.005549662,-0.0030374709,-0.008838554
TRBV21-1,-0.0010877977,0.17144857,0.1876833,-0.0037049602,0.100572705,-0.006372791,0.138077,-0.0038450004,-0.0021608365,-0.0012187964,-4.3637752e-05,0.3198309,-0.0024792808,-0.005549662,-0.0030374709,-0.008838554
TRBV23-1,-0.0010860863,0.1710268,0.18784754,-0.003701256,0.101284705,-0.0063759047,0.13832788,-0.003836179,-0.0021499465,-0.0012161382,-5.2752046e-05,0.319309,-0.0024700572,-0.005540353,-0.0030260198,-0.008839308
TRDC,-0.0010877977,0.17144857,0.1876833,-0.0037049602,0.100572705,-0.006372791,0.138077,-0.0038450004,-0.0021608365,-0.0012187964,-4.3637752e-05,0.3198309,-0.0024792808,-0.005549662,-0.0030374709,-0.008838554
TRDJ1,-0.0010869089,0.17134966,0.18782078,-0.0036940794,0.100582406,-0.006382549,0.13769183,-0.0038530873,-0.0021651604,-0.0012235153,-5.4287164e-05,0.32054484,-0.0024698982,-0.005544982,-0.0030479955,-0.008847117
TRDV1,-0.0010877977,0.17144857,0.1876833,-0.0037049602,0.100572705,-0.006372791,0.138077,-0.0038450004,-0.0021608365,-0.0012187964,-4.3637752e-05,0.3198309,-0.0024792808,-0.005549662,-0.0030374709,-0.008838554
TRDV2,-0.0010827201,0.17221534,0.18773453,-0.0037098299,0.09967679,-0.006372278,0.1379404,-0.0038487294,-0.0021521854,-0.001214117,-4.2605698e-05,0.3190115,-0.0024717343,-0.005547055,-0.003045626,-0.0088465875
TRGC1,-0.0010877977,0.17144857,0.1876833,-0.0037049602,0.100572705,-0.006372791,0.138077,-0.0038450004,-0.0021608365,-0.0012187964,-4.3637752e-05,0.3198309,-0.0024792808,-0.005549662,-0.0030374709,-0.008838554
TRGC2,-0.0010877977,0.17144857,0.1876833,-0.0037049602,0.100572705,-0.006372791,0.138077,-0.0038450004,-0.0021608365,-0.0012187964,-4.3637752e-05,0.3198309,-0.0024792808,-0.005549662,-0.0030374709,-0.008838554
TRGJP1,-0.00086878025,0.13297671,0.1953061,-0.0037054007,0.09132304,-0.0061247097,0.1678289,-0.0037718385,-0.0017242831,-0.0013315682,-0.00016426771,0.31021953,-0.0023178183,-0.005418307,-0.0034319286,-0.008577738
TRGV10,-0.0021615177,0.14144996,0.11857672,-0.0031773937,0.15636832,-0.0053869495,0.036642246,-0.0029794173,-0.0026040338,-0.0018611003,-0.00025664805,0.37024134,-0.002145187,-0.005571729,-0.0016876009,-0.007338565
TRGV2,-0.0010877977,0.17144857,0.1876833,-0.0037049602,0.100572705,-0.006372791,0.138077,-0.0038450004,-0.0021608365,-0.0012187964,-4.3637752e-05,0.3198309,-0.0024792808,-0.005549662,-0.0030374709,-0.008838554
TRGV8,-0.0010877977,0.17144857,0.1876833,-0.0037049602,0.100572705,-0.006372791,0.138077,-0.0038450004,-0.0021608365,-0.0012187964,-4.3637752e-05,0.3198309,-0.0024792808,-0.005549662,-0.0030374709,-0.008838554
TRGV9,-0.0010877977,0.17144857,0.1876833,-0.0037049602,0.100572705,-0.006372791,0.138077,-0.0038450004,-0.0021608365,-0.0012187964,-4.3637752e-05,0.3198309,-0.0024792808,-0.005549662,-0.0030374709,-0.008838554
TRIM14,-0.001507132,0.18077923,0.09198336,-0.0031377012,0.113401845,-0.006761426,0.07194908,-0.0030462826,-0.0031032118,-0.0022621867,-0.00018653348,0.23050334,-0.0028791283,-0.005205046,-0.0033815864,-0.008723939
TRIM23,0.03431277,0.040421046,0.23776652,-0.0037278633,0.05029433,-0.005605338,0.24547558,-0.005074939,-0.0031404165,-0.00063511956,-0.0006497684,0.35081488,-0.0024347692,-0.005445791,-0.0030489166,-0.0073359087
TRIM69,-0.0010877977,0.17144857,0.1876833,-0.0037049602,0.100572705,-0.006372791,0.138077,-0.0038450004,-0.0021608365,-0.0012187964,-4.3637752e-05,0.3198309,-0.0024792808,-0.005549662,-0.0030374709,-0.008838554
TRIP11,-0.0010877977,0.17144857,0.1876833,-0.0037049602,0.100572705,-0.006372791,0.138077,-0.0038450004,-0.0021608365,-0.0012187964,-4.3637752e-05,0.3198309,-0.0024792808,-0.005549662,-0.0030374709,-0.008838554
TRMT11,0.03431277,0.040421046,0.23776652,-0.0037278633,0.05029433,-0.005605338,0.24547558,-0.005074939,-0.0031404165,-0.00063511956,-0.0006497684,0.35081488,-0.0024347692,-0.005445791,-0.0030489166,-0.0073359087
TRMT13,-0.0010877977,0.17144857,0.1876833,-0.0037049602,0.100572705,-0.006372791,0.138077,-0.0038450004,-0.0021608365,-0.0012187964,-4.3637752e-05,0.3198309,-0.0024792808,-0.005549662,-0.0030374709,-0.008838554
TRNAU1AP,-0.0010877977,0.17144857,0.1876833,-0.0037049602,0.100572705,-0.006372791,0.138077,-0.0038450004,-0.0021608365,-0.0012187964,-4.3637752e-05,0.3198309,-0.0024792808,-0.005549662,-0.0030374709,-0.008838554
TRO,-0.0010877977,0.17144857,0.1876833,-0.0037049602,0.100572705,-0.006372791,0.138077,-0.0038450004,-0.0021608365,-0.0012187964,-4.3637752e-05,0.3198309,-0.0024792808,-0.005549662,-0.0030374709,-0.008838554
TRPC1,-0.0010877977,0.17144857,0.1876833,-0.0037049602,0.100572705,-0.006372791,0.138077,-0.0038450004,-0.0021608365,-0.0012187964,-4.3637752e-05,0.3198309,-0.0024792808,-0.005549662,-0.0030374709,-0.008838554
TRPM6,-0.0010877977,0.17144857,0.1876833,-0.0037049602,0.100572705,-0.006372791,0.138077,-0.0038450004,-0.0021608365,-0.0012187964,-4.3637752e-05,0.3198309,-0.0024792808,-0.005549662,-0.0030374709,-0.008838554
TSACC,-0.0010877977,0.17144857,0.1876833,-0.0037049602,0.100572705,-0.006372791,0.138077,-0.0038450004,-0.0021608365,-0.0012187964,-4.3637752e-05,0.3198309,-0.0024792808,-0.005549662,-0.0030374709,-0.008838554
TSC22D1-AS1,-0.0010877977,0.17144857,0.1876833,-0.0037049602,0.100572705,-0.006372791,0.138077,-0.0038450004,-0.0021608365,-0.0012187964,-4.3637752e-05,0.3198309,-0.0024792808,-0.005549662,-0.0030374709,-0.008838554
TSEN54,-0.0010877977,0.17144857,0.1876833,-0.0037049602,0.100572705,-0.006372791,0.138077,-0.0038450004,-0.0021608365,-0.0012187964,-4.3637752e-05,0.3198309,-0.0024792808,-0.005549662,-0.0030374709,-0.008838554
TSGA10,-0.0010877977,0.17144857,0.1876833,-0.0037049602,0.100572705,-0.006372791,0.138077,-0.0038450004,-0.0021608365,-0.0012187964,-4.3637752e-05,0.3198309,-0.0024792808,-0.005549662,-0.0030374709,-0.008838554
TSHZ2,-0.0010877977,0.17144857,0.1876833,-0.0037049602,0.100572705,-0.006372791,0.138077,-0.0038450004,-0.0021608365,-0.0012187964,-4.3637752e-05,0.3198309,-0.0024792808,-0.005549662,-0.0030374709,-0.008838554
TSPAN18,-0.0010877977,0.17144857,0.1876833,-0.0037049602,0.100572705,-0.006372791,0.138077,-0.0038450004,-0.0021608365,-0.0012187964,-4.3637752e-05,0.3198309,-0.0024792808,-0.005549662,-0.0030374709,-0.008838554
TSPOAP1,-0.0010877977,0.17144857,0.1876833,-0.0037049602,0.100572705,-0.006372791,0.138077,-0.0038450004,-0.0021608365,-0.0012187964,-4.3637752e-05,0.3198309,-0.0024792808,-0.005549662,-0.0030374709,-0.008838554
TSPOAP1-AS1,-0.0010877977,0.17144857,0.1876833,-0.0037049602,0.100572705,-0.006372791,0.138077,-0.0038450004,-0.0021608365,-0.0012187964,-4.3637752e-05,0.3198309,-0.0024792808,-0.005549662,-0.0030374709,-0.008838554
TSPYL2,-0.0010877977,0.17144857,0.1876833,-0.0037049602,0.100572705,-0.006372791,0.138077,-0.0038450004,-0.0021608365,-0.0012187964,-4.3637752e-05,0.3198309,-0.0024792808,-0.005549662,-0.0030374709,-0.008838554
TSTD1,-0.0010877977,0.17144857,0.1876833,-0.0037049602,0.100572705,-0.006372791,0.138077,-0.0038450004,-0.0021608365,-0.0012187964,-4.3637752e-05,0.3198309,-0.0024792808,-0.005549662,-0.0030374709,-0.008838554
TTC16,-0.0010877977,0.17144857,0.1876833,-0.0037049602,0.100572705,-0.006372791,0.138077,-0.0038450004,-0.0021608365,-0.0012187964,-4.3637752e-05,0.3198309,-0.0024792808,-0.005549662,-0.0030374709,-0.008838554
TTC27,-0.0010877977,0.17144857,0.1876833,-0.0037049602,0.100572705,-0.006372791,0.138077,-0.0038450004,-0.0021608365,-0.0012187964,-4.3637752e-05,0.3198309,-0.0024792808,-0.005549662,-0.0030374709,-0.008838554
TTC28,-0.0010865488,0.17175163,0.18747623,-0.0037047737,0.10026294,-0.0063729724,0.13824922,-0.003848189,-0.0021626852,-0.0012217545,-4.1193365e-05,0.32011133,-0.0024821549,-0.00554896,-0.0030339363,-0.008839902
TTC28-AS1,-0.0024040863,0.1415207,0.17432056,-0.003298131,0.127027,-0.004778313,0.2203616,-0.0031392372,-0.002130174,-5.4818538e-05,0.09923667,0.44896266,-0.0011292415,-0.0056587597,-0.0022980506,-0.008635947
TTC38,-0.0010877977,0.17144857,0.1876833,-0.0037049602,0.100572705,-0.006372791,0.138077,-0.0038450004,-0.0021608365,-0.0012187964,-4.3637752e-05,0.3198309,-0.0024792808,-0.005549662,-0.0030374709,-0.008838554
TTC39B,-0.0024040863,0.1415207,0.17432056,-0.003298131,0.127027,-0.004778313,0.2203616,-0.0031392372,-0.002130174,-5.4818538e-05,0.09923667,0.44896266,-0.0011292415,-0.0056587597,-0.0022980506,-0.008635947
TTF1,-0.0010877977,0.17144857,0.1876833,-0.0037049602,0.100572705,-0.006372791,0.138077,-0.0038450004,-0.0021608365,-0.0012187964,-4.3637752e-05,0.3198309,-0.0024792808,-0.005549662,-0.0030374709,-0.008838554
TTLL6,-0.0010877977,0.17144857,0.1876833,-0.0037049602,0.100572705,-0.006372791,0.138077,-0.0038450004,-0.0021608365,-0.0012187964,-4.3637752e-05,0.3198309,-0.0024792808,-0.005549662,-0.0030374709,-0.008838554
TTR,-0.0010866908,0.17141344,0.18764763,-0.0037059127,0.100545496,-0.0063722543,0.13789329,-0.0038468975,-0.0021582644,-0.0012180605,-4.4480857e-05,0.3197527,-0.0024808592,-0.0055512474,-0.0030392453,-0.008838414
TUBA1C,-0.0010877977,0.17144857,0.1876833,-0.0037049602,0.100572705,-0.006372791,0.138077,-0.0038450004,-0.0021608365,-0.0012187964,-4.3637752e-05,0.3198309,-0.0024792808,-0.005549662,-0.0030374709,-0.008838554
TUBA4B,-0.0010893948,0.17170428,0.18781026,-0.0037042182,0.10051927,-0.006372964,0.13823396,-0.003843957,-0.0021635708,-0.0012192575,-4.2905507e-05,0.31986904,-0.0024813018,-0.005548335,-0.0030379116,-0.008838243
TUBD1,-0.0010877977,0.17144857,0.1876833,-0.0037049602,0.100572705,-0.006372791,0.138077,-0.0038450004,-0.0021608365,-0.0012187964,-4.3637752e-05,0.3198309,-0.0024792808,-0.005549662,-0.0030374709,-0.008838554
TUBGCP5,-0.0010921574,0.17122777,0.18717916,-0.0037018275,0.100231886,-0.006369981,0.13741207,-0.0038436772,-0.0021610826,-0.0012123802,-4.996702e-05,0.3197165,-0.002474861,-0.005556675,-0.0030345058,-0.008831642
TUBGCP6,-0.0010869697,0.17164974,0.18753345,-0.003706244,0.100386135,-0.00637331,0.13789554,-0.003845286,-0.0021619624,-0.0012192393,-4.4535398e-05,0.31975633,-0.0024776226,-0.0055519105,-0.003038693,-0.0088396
TXK,-0.0021614223,0.14143296,0.11852004,-0.003177192,0.15635478,-0.005386538,0.03665331,-0.0029790883,-0.0026041712,-0.0018615159,-0.0002571258,0.3701929,-0.002145012,-0.0055718534,-0.001687569,-0.0073389956
UBAP2,-0.0010877977,0.17144857,0.1876833,-0.0037049602,0.100572705,-0.006372791,0.138077,-0.0038450004,-0.0021608365,-0.0012187964,-4.3637752e-05,0.3198309,-0.0024792808,-0.005549662,-0.0030374709,-0.008838554
UBASH3A,-0.0010877977,0.17144857,0.1876833,-0.0037049602,0.100572705,-0.006372791,0.138077,-0.0038450004,-0.0021608365,-0.0012187964,-4.3637752e-05,0.3198309,-0.0024792808,-0.005549662,-0.0030374709,-0.008838554
UBE2C,-0.0010877977,0.17144857,0.1876833,-0.0037049602,0.100572705,-0.006372791,0.138077,-0.0038450004,-0.0021608365,-0.0012187964,-4.3637752e-05,0.3198309,-0.0024792808,-0.005549662,-0.0030374709,-0.008838554
UBE2D3-AS1,-0.0010087709,0.1689938,0.18310411,-0.0037119465,0.10461819,-0.0064370716,0.12895915,-0.00390555,-0.0020991147,-0.0013152703,-9.14064e-05,0.31548157,-0.0023695433,-0.00561105,-0.003098632,-0.00880173
UBE3D,-0.0010877977,0.17144857,0.1876833,-0.0037049602,0.100572705,-0.006372791,0.138077,-0.0038450004,-0.0021608365,-0.0012187964,-4.3637752e-05,0.3198309,-0.0024792808,-0.005549662,-0.0030374709,-0.008838554
UBTF,-0.0010877977,0.17144857,0.1876833,-0.0037049602,0.100572705,-0.006372791,0.138077,-0.0038450004,-0.0021608365,-0.0012187964,-4.3637752e-05,0.3198309,-0.0024792808,-0.005549662,-0.0030374709,-0.008838554
UBXN2A,-0.0010877977,0.17144857,0.1876833,-0.0037049602,0.100572705,-0.006372791,0.138077,-0.0038450004,-0.0021608365,-0.0012187964,-4.3637752e-05,0.3198309,-0.0024792808,-0.005549662,-0.0030374709,-0.008838554
UCKL1,-0.0010877977,0.17144857,0.1876833,-0.0037049602,0.100572705,-0.006372791,0.138077,-0.0038450004,-0.0021608365,-0.0012187964,-4.3637752e-05,0.3198309,-0.0024792808,-0.005549662,-0.0030374709,-0.008838554
UCN,-0.0014255779,0.13988967,0.22304802,-0.0036291932,0.09070954,-0.0060338546,0.12725598,-0.0034403228,-0.0018996263,-0.0009668963,-3.2866297e-05,0.32006165,-0.0024477988,-0.0058245086,-0.003135722,-0.009004379
UCN2,-0.0010877977,0.17144857,0.1876833,-0.0037049602,0.100572705,-0.006372791,0.138077,-0.0038450004,-0.0021608365,-0.0012187964,-4.3637752e-05,0.3198309,-0.0024792808,-0.005549662,-0.0030374709,-0.008838554
UCP1,-0.0010877977,0.17144857,0.1876833,-0.0037049602,0.100572705,-0.006372791,0.138077,-0.0038450004,-0.0021608365,-0.0012187964,-4.3637752e-05,0.3198309,-0.0024792808,-0.005549662,-0.0030374709,-0.008838554
UFL1-AS1,-0.0010877977,0.17144857,0.1876833,-0.0037049602,0.100572705,-0.006372791,0.138077,-0.0038450004,-0.0021608365,-0.0012187964,-4.3637752e-05,0.3198309,-0.0024792808,-0.005549662,-0.0030374709,-0.008838554
ULBP1,-0.0011537647,0.16816655,0.1970344,-0.003797574,0.09833139,-0.0063705854,0.122163825,-0.0039042453,-0.0022116425,-0.0011011281,0.00419046,0.32505834,-0.002397596,-0.005446845,-0.0031328867,-0.0088060945
ULBP2,-0.0010877977,0.17144857,0.1876833,-0.0037049602,0.100572705,-0.006372791,0.138077,-0.0038450004,-0.0021608365,-0.0012187964,-4.3637752e-05,0.3198309,-0.0024792808,-0.005549662,-0.0030374709,-0.008838554
ULK3,-0.0010877977,0.17144857,0.1876833,-0.0037049602,0.100572705,-0.006372791,0.138077,-0.0038450004,-0.0021608365,-0.0012187964,-4.3637752e-05,0.3198309,-0.0024792808,-0.005549662,-0.0030374709,-0.008838554
ULK4,-0.0010865488,0.17175163,0.18747623,-0.0037047737,0.10026294,-0.0063729724,0.13824922,-0.003848189,-0.0021626852,-0.0012217545,-4.1193365e-05,0.32011133,-0.0024821549,-0.00554896,-0.0030339363,-0.008839902
UNC13A,-0.0010877977,0.17144857,0.1876833,-0.0037049602,0.100572705,-0.006372791,0.138077,-0.0038450004,-0.0021608365,-0.0012187964,-4.3637752e-05,0.3198309,-0.0024792808,-0.005549662,-0.0030374709,-0.008838554
UNC5B-AS1,-0.0010977697,0.1736672,0.18679185,-0.003702291,0.10252433,-0.0063623767,0.13697329,-0.003855637,-0.0021820106,-0.0012091416,-5.6904402e-05,0.32209125,-0.0024625286,-0.005526911,-0.0030260407,-0.00883111
UNKL,-0.0010877977,0.17144857,0.1876833,-0.0037049602,0.100572705,-0.006372791,0.138077,-0.0038450004,-0.0021608365,-0.0012187964,-4.3637752e-05,0.3198309,-0.0024792808,-0.005549662,-0.0030374709,-0.008838554
UPK2,-0.0010877977,0.17144857,0.1876833,-0.0037049602,0.100572705,-0.006372791,0.138077,-0.0038450004,-0.0021608365,-0.0012187964,-4.3637752e-05,0.3198309,-0.0024792808,-0.005549662,-0.0030374709,-0.008838554
UPP2,-0.0010877977,0.17144857,0.1876833,-0.0037049602,0.100572705,-0.006372791,0.138077,-0.0038450004,-0.0021608365,-0.0012187964,-4.3637752e-05,0.3198309,-0.0024792808,-0.005549662,-0.0030374709,-0.008838554
URGCP,-0.0010877977,0.17144857,0.1876833,-0.0037049602,0.100572705,-0.006372791,0.138077,-0.0038450004,-0.0021608365,-0.0012187964,-4.3637752e-05,0.3198309,-0.0024792808,-0.005549662,-0.0030374709,-0.008838554
USH1G,-0.0010877977,0.17144857,0.1876833,-0.0037049602,0.100572705,-0.006372791,0.138077,-0.0038450004,-0.0021608365,-0.0012187964,-4.3637752e-05,0.3198309,-0.0024792808,-0.005549662,-0.0030374709,-0.008838554
USP11,-0.0010856953,0.17129393,0.18773861,-0.0037053262,0.10075045,-0.006372735,0.13824686,-0.0038431557,-0.00216225,-0.0012167731,-4.5306533e-05,0.31982026,-0.0024798694,-0.0055504977,-0.0030383659,-0.008836006
USP2-AS1,-0.0010877977,0.17144857,0.1876833,-0.0037049602,0.100572705,-0.006372791,0.138077,-0.0038450004,-0.0021608365,-0.0012187964,-4.3637752e-05,0.3198309,-0.0024792808,-0.005549662,-0.0030374709,-0.008838554
USP20,-0.0024040863,0.1415207,0.17432056,-0.003298131,0.127027,-0.004778313,0.2203616,-0.0031392372,-0.002130174,-5.4818538e-05,0.09923667,0.44896266,-0.0011292415,-0.0056587597,-0.0022980506,-0.008635947
USP28,-0.0010877977,0.17144857,0.1876833,-0.0037049602,0.100572705,-0.006372791,0.138077,-0.0038450004,-0.0021608365,-0.0012187964,-4.3637752e-05,0.3198309,-0.0024792808,-0.005549662,-0.0030374709,-0.008838554
USP44,-0.0010877977,0.17144857,0.1876833,-0.0037049602,0.100572705,-0.006372791,0.138077,-0.0038450004,-0.0021608365,-0.0012187964,-4.3637752e-05,0.3198309,-0.0024792808,-0.005549662,-0.0030374709,-0.008838554
USP45,-0.0010877977,0.17144857,0.1876833,-0.0037049602,0.100572705,-0.006372791,0.138077,-0.0038450004,-0.0021608365,-0.0012187964,-4.3637752e-05,0.3198309,-0.0024792808,-0.005549662,-0.0030374709,-0.008838554
USP53,-0.00093042135,0.2348218,0.23366047,-0.0033318293,0.056905776,-0.0067872885,0.060367078,-0.0033510828,-0.0021420114,-0.0019415858,-0.0003128761,0.2628999,-0.0030468786,-0.005736252,-0.0021482417,-0.007875979
UST,-0.0010877977,0.17144857,0.1876833,-0.0037049602,0.100572705,-0.006372791,0.138077,-0.0038450004,-0.0021608365,-0.0012187964,-4.3637752e-05,0.3198309,-0.0024792808,-0.005549662,-0.0030374709,-0.008838554
VAMP1,-0.0010877977,0.17144857,0.1876833,-0.0037049602,0.100572705,-0.006372791,0.138077,-0.0038450004,-0.0021608365,-0.0012187964,-4.3637752e-05,0.3198309,-0.0024792808,-0.005549662,-0.0030374709,-0.008838554
VANGL2,-0.00093042135,0.2348218,0.23366047,-0.0033318293,0.056905776,-0.0067872885,0.060367078,-0.0033510828,-0.0021420114,-0.0019415858,-0.0003128761,0.2628999,-0.0030468786,-0.005736252,-0.0021482417,-0.007875979
VCAN,-0.0010921574,0.17122777,0.18717916,-0.0037018275,0.100231886,-0.006369981,0.13741207,-0.0038436772,-0.0021610826,-0.0012123802,-4.996702e-05,0.3197165,-0.002474861,-0.005556675,-0.0030345058,-0.008831642
VEGFC,-0.0010877977,0.17144857,0.1876833,-0.0037049602,0.100572705,-0.006372791,0.138077,-0.0038450004,-0.0021608365,-0.0012187964,-4.3637752e-05,0.3198309,-0.0024792808,-0.005549662,-0.0030374709,-0.008838554
VGLL3,-0.0010877977,0.17144857,0.1876833,-0.0037049602,0.100572705,-0.006372791,0.138077,-0.0038450004,-0.0021608365,-0.0012187964,-4.3637752e-05,0.3198309,-0.0024792808,-0.005549662,-0.0030374709,-0.008838554
VIPR2,-0.0010877977,0.17144857,0.1876833,-0.0037049602,0.100572705,-0.006372791,0.138077,-0.0038450004,-0.0021608365,-0.0012187964,-4.3637752e-05,0.3198309,-0.0024792808,-0.005549662,-0.0030374709,-0.008838554
VPS13A-AS1,-0.0010877977,0.17144857,0.1876833,-0.0037049602,0.100572705,-0.006372791,0.138077,-0.0038450004,-0.0021608365,-0.0012187964,-4.3637752e-05,0.3198309,-0.0024792808,-0.005549662,-0.0030374709,-0.008838554
VPS33B-DT,-0.0010877977,0.17144857,0.1876833,-0.0037049602,0.100572705,-0.006372791,0.138077,-0.0038450004,-0.0021608365,-0.0012187964,-4.3637752e-05,0.3198309,-0.0024792808,-0.005549662,-0.0030374709,-0.008838554
VXN,-0.0010877977,0.17144857,0.1876833,-0.0037049602,0.100572705,-0.006372791,0.138077,-0.0038450004,-0.0021608365,-0.0012187964,-4.3637752e-05,0.3198309,-0.0024792808,-0.005549662,-0.0030374709,-0.008838554
WAKMAR2,-0.0010877977,0.17144857,0.1876833,-0.0037049602,0.100572705,-0.006372791,0.138077,-0.0038450004,-0.0021608365,-0.0012187964,-4.3637752e-05,0.3198309,-0.0024792808,-0.005549662,-0.0030374709,-0.008838554
WARS2-AS1,-0.0010877977,0.17144857,0.1876833,-0.0037049602,0.100572705,-0.006372791,0.138077,-0.0038450004,-0.0021608365,-0.0012187964,-4.3637752e-05,0.3198309,-0.0024792808,-0.005549662,-0.0030374709,-0.008838554
WASF3,-0.0010865488,0.17175163,0.18747623,-0.0037047737,0.10026294,-0.0063729724,0.13824922,-0.003848189,-0.0021626852,-0.0012217545,-4.1193365e-05,0.32011133,-0.0024821549,-0.00554896,-0.0030339363,-0.008839902
WDR12,-0.0010877977,0.17144857,0.1876833,-0.0037049602,0.100572705,-0.006372791,0.138077,-0.0038450004,-0.0021608365,-0.0012187964,-4.3637752e-05,0.3198309,-0.0024792808,-0.005549662,-0.0030374709,-0.008838554
WDR27,-0.0010877977,0.17144857,0.1876833,-0.0037049602,0.100572705,-0.006372791,0.138077,-0.0038450004,-0.0021608365,-0.0012187964,-4.3637752e-05,0.3198309,-0.0024792808,-0.005549662,-0.0030374709,-0.008838554
WDR44,-0.0010877977,0.17144857,0.1876833,-0.0037049602,0.100572705,-0.006372791,0.138077,-0.0038450004,-0.0021608365,-0.0012187964,-4.3637752e-05,0.3198309,-0.0024792808,-0.005549662,-0.0030374709,-0.008838554
WDR54,-0.0010877977,0.17144857,0.1876833,-0.0037049602,0.100572705,-0.006372791,0.138077,-0.0038450004,-0.0021608365,-0.0012187964,-4.3637752e-05,0.3198309,-0.0024792808,-0.005549662,-0.0030374709,-0.008838554
WDR74,-0.0010869089,0.17134966,0.18782078,-0.0036940794,0.100582406,-0.006382549,0.13769183,-0.0038530873,-0.0021651604,-0.0012235153,-5.4287164e-05,0.32054484,-0.0024698982,-0.005544982,-0.0030479955,-0.008847117
WDR76,-0.0010877977,0.17144857,0.1876833,-0.0037049602,0.100572705,-0.006372791,0.138077,-0.0038450004,-0.0021608365,-0.0012187964,-4.3637752e-05,0.3198309,-0.0024792808,-0.005549662,-0.0030374709,-0.008838554
WDR86,-0.0010877977,0.17144857,0.1876833,-0.0037049602,0.100572705,-0.006372791,0.138077,-0.0038450004,-0.0021608365,-0.0012187964,-4.3637752e-05,0.3198309,-0.0024792808,-0.005549662,-0.0030374709,-0.008838554
WEE2-AS1,-0.0010877977,0.17144857,0.1876833,-0.0037049602,0.100572705,-0.006372791,0.138077,-0.0038450004,-0.0021608365,-0.0012187964,-4.3637752e-05,0.3198309,-0.0024792808,-0.005549662,-0.0030374709,-0.008838554
WFDC3,-0.0010877977,0.17144857,0.1876833,-0.0037049602,0.100572705,-0.006372791,0.138077,-0.0038450004,-0.0021608365,-0.0012187964,-4.3637752e-05,0.3198309,-0.0024792808,-0.005549662,-0.0030374709,-0.008838554
WIF1,-0.0010869697,0.17164974,0.18753345,-0.003706244,0.100386135,-0.00637331,0.13789554,-0.003845286,-0.0021619624,-0.0012192393,-4.4535398e-05,0.31975633,-0.0024776226,-0.0055519105,-0.003038693,-0.0088396
WNT10B,-0.0010877977,0.17144857,0.1876833,-0.0037049602,0.100572705,-0.006372791,0.138077,-0.0038450004,-0.0021608365,-0.0012187964,-4.3637752e-05,0.3198309,-0.0024792808,-0.005549662,-0.0030374709,-0.008838554
WNT11,-0.0010877977,0.17144857,0.1876833,-0.0037049602,0.100572705,-0.006372791,0.138077,-0.0038450004,-0.0021608365,-0.0012187964,-4.3637752e-05,0.3198309,-0.0024792808,-0.005549662,-0.0030374709,-0.008838554
WNT3A,-0.0010921574,0.17122777,0.18717916,-0.0037018275,0.100231886,-0.006369981,0.13741207,-0.0038436772,-0.0021610826,-0.0012123802,-4.996702e-05,0.3197165,-0.002474861,-0.005556675,-0.0030345058,-0.008831642
WRN,-0.0010877977,0.17144857,0.1876833,-0.0037049602,0.100572705,-0.006372791,0.138077,-0.0038450004,-0.0021608365,-0.0012187964,-4.3637752e-05,0.3198309,-0.0024792808,-0.005549662,-0.0030374709,-0.008838554
WWC2-AS2,-0.0010877977,0.17144857,0.1876833,-0.0037049602,0.100572705,-0.006372791,0.138077,-0.0038450004,-0.0021608365,-0.0012187964,-4.3637752e-05,0.3198309,-0.0024792808,-0.005549662,-0.0030374709,-0.008838554
XCL1,-0.0010877977,0.17144857,0.1876833,-0.0037049602,0.100572705,-0.006372791,0.138077,-0.0038450004,-0.0021608365,-0.0012187964,-4.3637752e-05,0.3198309,-0.0024792808,-0.005549662,-0.0030374709,-0.008838554
XCL2,-0.0010877977,0.17144857,0.1876833,-0.0037049602,0.100572705,-0.006372791,0.138077,-0.0038450004,-0.0021608365,-0.0012187964,-4.3637752e-05,0.3198309,-0.0024792808,-0.005549662,-0.0030374709,-0.008838554
XKR5,-0.0010877977,0.17144857,0.1876833,-0.0037049602,0.100572705,-0.006372791,0.138077,-0.0038450004,-0.0021608365,-0.0012187964,-4.3637752e-05,0.3198309,-0.0024792808,-0.005549662,-0.0030374709,-0.008838554
XKR6,-0.0010877977,0.17144857,0.1876833,-0.0037049602,0.100572705,-0.006372791,0.138077,-0.0038450004,-0.0021608365,-0.0012187964,-4.3637752e-05,0.3198309,-0.0024792808,-0.005549662,-0.0030374709,-0.008838554
XRCC2,-0.0010877977,0.17144857,0.1876833,-0.0037049602,0.100572705,-0.006372791,0.138077,-0.0038450004,-0.0021608365,-0.0012187964,-4.3637752e-05,0.3198309,-0.0024792808,-0.005549662,-0.0030374709,-0.008838554
XRRA1,-0.001089381,0.171263,0.18739955,-0.0037050454,0.100506864,-0.006373759,0.13777393,-0.0038477725,-0.0021629855,-0.001217528,-4.0855408e-05,0.32003343,-0.002479988,-0.0055524837,-0.0030372138,-0.008838606
YES1,-0.001087727,0.1714377,0.1876375,-0.0037046217,0.10054491,-0.0063724616,0.13807371,-0.0038452481,-0.0021604009,-0.0012189316,-4.3976754e-05,0.31983286,-0.002478898,-0.005549348,-0.0030372092,-0.008838146
YPEL1,-0.0010877977,0.17144857,0.1876833,-0.0037049602,0.100572705,-0.006372791,0.138077,-0.0038450004,-0.0021608365,-0.0012187964,-4.3637752e-05,0.3198309,-0.0024792808,-0.005549662,-0.0030374709,-0.008838554
ZAP70,-0.0010877977,0.17144857,0.1876833,-0.0037049602,0.100572705,-0.006372791,0.138077,-0.0038450004,-0.0021608365,-0.0012187964,-4.3637752e-05,0.3198309,-0.0024792808,-0.005549662,-0.0030374709,-0.008838554
ZAR1L,-0.0010877977,0.17144857,0.1876833,-0.0037049602,0.100572705,-0.006372791,0.138077,-0.0038450004,-0.0021608365,-0.0012187964,-4.3637752e-05,0.3198309,-0.0024792808,-0.005549662,-0.0030374709,-0.008838554
ZBP1,-0.0010877977,0.17144857,0.1876833,-0.0037049602,0.100572705,-0.006372791,0.138077,-0.0038450004,-0.0021608365,-0.0012187964,-4.3637752e-05,0.3198309,-0.0024792808,-0.005549662,-0.0030374709,-0.008838554
ZBTB10,-0.0010877977,0.17144857,0.1876833,-0.0037049602,0.100572705,-0.006372791,0.138077,-0.0038450004,-0.0021608365,-0.0012187964,-4.3637752e-05,0.3198309,-0.0024792808,-0.005549662,-0.0030374709,-0.008838554
ZBTB16,-0.0010877977,0.17144857,0.1876833,-0.0037049602,0.100572705,-0.006372791,0.138077,-0.0038450004,-0.0021608365,-0.0012187964,-4.3637752e-05,0.3198309,-0.0024792808,-0.005549662,-0.0030374709,-0.008838554
ZBTB25,-0.0010877977,0.17144857,0.1876833,-0.0037049602,0.100572705,-0.006372791,0.138077,-0.0038450004,-0.0021608365,-0.0012187964,-4.3637752e-05,0.3198309,-0.0024792808,-0.005549662,-0.0030374709,-0.008838554
ZBTB44-DT,-0.0010877977,0.17144857,0.1876833,-0.0037049602,0.100572705,-0.006372791,0.138077,-0.0038450004,-0.0021608365,-0.0012187964,-4.3637752e-05,0.3198309,-0.0024792808,-0.005549662,-0.0030374709,-0.008838554
ZBTB8B,-0.0010866908,0.17141344,0.18764763,-0.0037059127,0.100545496,-0.0063722543,0.13789329,-0.0038468975,-0.0021582644,-0.0012180605,-4.4480857e-05,0.3197527,-0.0024808592,-0.0055512474,-0.0030392453,-0.008838414
ZC3H12D,-0.0010877977,0.17144857,0.1876833,-0.0037049602,0.100572705,-0.006372791,0.138077,-0.0038450004,-0.0021608365,-0.0012187964,-4.3637752e-05,0.3198309,-0.0024792808,-0.005549662,-0.0030374709,-0.008838554
ZC3H8,-0.001085407,0.17205968,0.18749638,-0.003699575,0.09980859,-0.0063624983,0.13736963,-0.0038411943,-0.002152097,-0.0012119242,-4.73845e-05,0.31911975,-0.0024809137,-0.005560232,-0.0030426607,-0.00884221
ZC4H2,-0.0010877977,0.17144857,0.1876833,-0.0037049602,0.100572705,-0.006372791,0.138077,-0.0038450004,-0.0021608365,-0.0012187964,-4.3637752e-05,0.3198309,-0.0024792808,-0.005549662,-0.0030374709,-0.008838554
ZCCHC18,-0.0010877977,0.17144857,0.1876833,-0.0037049602,0.100572705,-0.006372791,0.138077,-0.0038450004,-0.0021608365,-0.0012187964,-4.3637752e-05,0.3198309,-0.0024792808,-0.005549662,-0.0030374709,-0.008838554
ZCCHC2,-0.001507132,0.18077923,0.09198336,-0.0031377012,0.113401845,-0.006761426,0.07194908,-0.0030462826,-0.0031032118,-0.0022621867,-0.00018653348,0.23050334,-0.0028791283,-0.005205046,-0.0033815864,-0.008723939
ZDBF2,-0.0010877977,0.17144857,0.1876833,-0.0037049602,0.100572705,-0.006372791,0.138077,-0.0038450004,-0.0021608365,-0.0012187964,-4.3637752e-05,0.3198309,-0.0024792808,-0.005549662,-0.0030374709,-0.008838554
ZFP37,-0.0010877977,0.17144857,0.1876833,-0.0037049602,0.100572705,-0.006372791,0.138077,-0.0038450004,-0.0021608365,-0.0012187964,-4.3637752e-05,0.3198309,-0.0024792808,-0.005549662,-0.0030374709,-0.008838554
ZFP57,-0.0010877977,0.17144857,0.1876833,-0.0037049602,0.100572705,-0.006372791,0.138077,-0.0038450004,-0.0021608365,-0.0012187964,-4.3637752e-05,0.3198309,-0.0024792808,-0.005549662,-0.0030374709,-0.008838554
ZFP90,-0.0010877977,0.17144857,0.1876833,-0.0037049602,0.100572705,-0.006372791,0.138077,-0.0038450004,-0.0021608365,-0.0012187964,-4.3637752e-05,0.3198309,-0.0024792808,-0.005549662,-0.0030374709,-0.008838554
ZFPM1,-0.0010877977,0.17144857,0.1876833,-0.0037049602,0.100572705,-0.006372791,0.138077,-0.0038450004,-0.0021608365,-0.0012187964,-4.3637752e-05,0.3198309,-0.0024792808,-0.005549662,-0.0030374709,-0.008838554
ZFR2,-0.0010877977,0.17144857,0.1876833,-0.0037049602,0.100572705,-0.006372791,0.138077,-0.0038450004,-0.0021608365,-0.0012187964,-4.3637752e-05,0.3198309,-0.0024792808,-0.005549662,-0.0030374709,-0.008838554
ZFX-AS1,-0.0010856953,0.17129393,0.18773861,-0.0037053262,0.10075045,-0.006372735,0.13824686,-0.0038431557,-0.00216225,-0.0012167731,-4.5306533e-05,0.31982026,-0.0024798694,-0.0055504977,-0.0030383659,-0.008836006
ZFYVE28,-0.0010877977,0.17144857,0.1876833,-0.0037049602,0.100572705,-0.006372791,0.138077,-0.0038450004,-0.0021608365,-0.0012187964,-4.3637752e-05,0.3198309,-0.0024792808,-0.005549662,-0.0030374709,-0.008838554
ZFYVE9,-0.0010877977,0.17144857,0.1876833,-0.0037049602,0.100572705,-0.006372791,0.138077,-0.0038450004,-0.0021608365,-0.0012187964,-4.3637752e-05,0.3198309,-0.0024792808,-0.005549662,-0.0030374709,-0.008838554
ZKSCAN2-DT,-0.0010877977,0.17144857,0.1876833,-0.0037049602,0.100572705,-0.006372791,0.138077,-0.0038450004,-0.0021608365,-0.0012187964,-4.3637752e-05,0.3198309,-0.0024792808,-0.005549662,-0.0030374709,-0.008838554
ZMAT1,-0.0010877977,0.17144857,0.1876833,-0.0037049602,0.100572705,-0.006372791,0.138077,-0.0038450004,-0.0021608365,-0.0012187964,-4.3637752e-05,0.3198309,-0.0024792808,-0.005549662,-0.0030374709,-0.008838554
ZMAT4,-0.0010877977,0.17144857,0.1876833,-0.0037049602,0.100572705,-0.006372791,0.138077,-0.0038450004,-0.0021608365,-0.0012187964,-4.3637752e-05,0.3198309,-0.0024792808,-0.005549662,-0.0030374709,-0.008838554
ZMIZ2,-0.0010877977,0.17144857,0.1876833,-0.0037049602,0.100572705,-0.006372791,0.138077,-0.0038450004,-0.0021608365,-0.0012187964,-4.3637752e-05,0.3198309,-0.0024792808,-0.005549662,-0.0030374709,-0.008838554
ZMYND10-AS1,-0.0010869089,0.17134966,0.18782078,-0.0036940794,0.100582406,-0.006382549,0.13769183,-0.0038530873,-0.0021651604,-0.0012235153,-5.4287164e-05,0.32054484,-0.0024698982,-0.005544982,-0.0030479955,-0.008847117
ZMYND12,-0.00093042135,0.2348218,0.23366047,-0.0033318293,0.056905776,-0.0067872885,0.060367078,-0.0033510828,-0.0021420114,-0.0019415858,-0.0003128761,0.2628999,-0.0030468786,-0.005736252,-0.0021482417,-0.007875979
ZMYND8,-0.0010877977,0.17144857,0.1876833,-0.0037049602,0.100572705,-0.006372791,0.138077,-0.0038450004,-0.0021608365,-0.0012187964,-4.3637752e-05,0.3198309,-0.0024792808,-0.005549662,-0.0030374709,-0.008838554
ZNF101,-0.0010877977,0.17144857,0.1876833,-0.0037049602,0.100572705,-0.006372791,0.138077,-0.0038450004,-0.0021608365,-0.0012187964,-4.3637752e-05,0.3198309,-0.0024792808,-0.005549662,-0.0030374709,-0.008838554
ZNF107,-0.00011696454,0.21236098,-0.000683652,-0.0013314402,0.19532958,-0.0043197754,0.10959868,-0.0021093998,-0.00075667707,0.020049915,0.08433579,0.1437149,-0.0013695519,-0.0031119208,-0.0015400738,-0.005757833
ZNF138,-0.0010877977,0.17144857,0.1876833,-0.0037049602,0.100572705,-0.006372791,0.138077,-0.0038450004,-0.0021608365,-0.0012187964,-4.3637752e-05,0.3198309,-0.0024792808,-0.005549662,-0.0030374709,-0.008838554
ZNF14,-0.0010854688,0.1711931,0.18703876,-0.0036925934,0.10176022,-0.0063687433,0.13710022,-0.0038363712,-0.00216816,-0.0012107297,-5.571574e-05,0.31890267,-0.002474257,-0.00555305,-0.0030352746,-0.00882335
ZNF143,-0.0014158248,0.13769637,0.22399507,-0.0036326533,0.08878817,-0.006044846,0.12857595,-0.0034312527,-0.0018768817,-0.0009768937,-2.008736e-05,0.31790125,-0.0024646625,-0.0058485926,-0.0031477567,-0.009013989
ZNF213,-0.0010877977,0.17144857,0.1876833,-0.0037049602,0.100572705,-0.006372791,0.138077,-0.0038450004,-0.0021608365,-0.0012187964,-4.3637752e-05,0.3198309,-0.0024792808,-0.005549662,-0.0030374709,-0.008838554
ZNF221,-0.0010877977,0.17144857,0.1876833,-0.0037049602,0.100572705,-0.006372791,0.138077,-0.0038450004,-0.0021608365,-0.0012187964,-4.3637752e-05,0.3198309,-0.0024792808,-0.005549662,-0.0030374709,-0.008838554
ZNF25-DT,-0.0010877977,0.17144857,0.1876833,-0.0037049602,0.100572705,-0.006372791,0.138077,-0.0038450004,-0.0021608365,-0.0012187964,-4.3637752e-05,0.3198309,-0.0024792808,-0.005549662,-0.0030374709,-0.008838554
ZNF253,-0.0010877977,0.17144857,0.1876833,-0.0037049602,0.100572705,-0.006372791,0.138077,-0.0038450004,-0.0021608365,-0.0012187964,-4.3637752e-05,0.3198309,-0.0024792808,-0.005549662,-0.0030374709,-0.008838554
ZNF254,-0.0010877977,0.17144857,0.1876833,-0.0037049602,0.100572705,-0.006372791,0.138077,-0.0038450004,-0.0021608365,-0.0012187964,-4.3637752e-05,0.3198309,-0.0024792808,-0.005549662,-0.0030374709,-0.008838554
ZNF257,-0.0010877977,0.17144857,0.1876833,-0.0037049602,0.100572705,-0.006372791,0.138077,-0.0038450004,-0.0021608365,-0.0012187964,-4.3637752e-05,0.3198309,-0.0024792808,-0.005549662,-0.0030374709,-0.008838554
ZNF266,-0.0010877977,0.17144857,0.1876833,-0.0037049602,0.100572705,-0.006372791,0.138077,-0.0038450004,-0.0021608365,-0.0012187964,-4.3637752e-05,0.3198309,-0.0024792808,-0.005549662,-0.0030374709,-0.008838554
ZNF32,-0.001507132,0.18077923,0.09198336,-0.0031377012,0.113401845,-0.006761426,0.07194908,-0.0030462826,-0.0031032118,-0.0022621867,-0.00018653348,0.23050334,-0.0028791283,-0.005205046,-0.0033815864,-0.008723939
ZNF329,-0.0010993531,0.17348163,0.1865081,-0.0037023758,0.10245849,-0.0063633453,0.13667023,-0.003858409,-0.0021841598,-0.0012078732,-5.4122058e-05,0.3222938,-0.0024632358,-0.0055297324,-0.003025784,-0.008831162
ZNF335,-0.0010877977,0.17144857,0.1876833,-0.0037049602,0.100572705,-0.006372791,0.138077,-0.0038450004,-0.0021608365,-0.0012187964,-4.3637752e-05,0.3198309,-0.0024792808,-0.005549662,-0.0030374709,-0.008838554
ZNF337,-0.0010877977,0.17144857,0.1876833,-0.0037049602,0.100572705,-0.006372791,0.138077,-0.0038450004,-0.0021608365,-0.0012187964,-4.3637752e-05,0.3198309,-0.0024792808,-0.005549662,-0.0030374709,-0.008838554
ZNF337-AS1,-0.001089381,0.171263,0.18739955,-0.0037050454,0.100506864,-0.006373759,0.13777393,-0.0038477725,-0.0021629855,-0.001217528,-4.0855408e-05,0.32003343,-0.002479988,-0.0055524837,-0.0030372138,-0.008838606
ZNF365,-0.0010877977,0.17144857,0.1876833,-0.0037049602,0.100572705,-0.006372791,0.138077,-0.0038450004,-0.0021608365,-0.0012187964,-4.3637752e-05,0.3198309,-0.0024792808,-0.005549662,-0.0030374709,-0.008838554
ZNF367,-0.0010877977,0.17144857,0.1876833,-0.0037049602,0.100572705,-0.006372791,0.138077,-0.0038450004,-0.0021608365,-0.0012187964,-4.3637752e-05,0.3198309,-0.0024792808,-0.005549662,-0.0030374709,-0.008838554
ZNF416,-0.0010877977,0.17144857,0.1876833,-0.0037049602,0.100572705,-0.006372791,0.138077,-0.0038450004,-0.0021608365,-0.0012187964,-4.3637752e-05,0.3198309,-0.0024792808,-0.005549662,-0.0030374709,-0.008838554
ZNF425,-0.0010877977,0.17144857,0.1876833,-0.0037049602,0.100572705,-0.006372791,0.138077,-0.0038450004,-0.0021608365,-0.0012187964,-4.3637752e-05,0.3198309,-0.0024792808,-0.005549662,-0.0030374709,-0.008838554
ZNF439,-0.0010877977,0.17144857,0.1876833,-0.0037049602,0.100572705,-0.006372791,0.138077,-0.0038450004,-0.0021608365,-0.0012187964,-4.3637752e-05,0.3198309,-0.0024792808,-0.005549662,-0.0030374709,-0.008838554
ZNF446,-0.0010877977,0.17144857,0.1876833,-0.0037049602,0.100572705,-0.006372791,0.138077,-0.0038450004,-0.0021608365,-0.0012187964,-4.3637752e-05,0.3198309,-0.0024792808,-0.005549662,-0.0030374709,-0.008838554
ZNF483,-0.0010877977,0.17144857,0.1876833,-0.0037049602,0.100572705,-0.006372791,0.138077,-0.0038450004,-0.0021608365,-0.0012187964,-4.3637752e-05,0.3198309,-0.0024792808,-0.005549662,-0.0030374709,-0.008838554
ZNF490,-0.0010877977,0.17144857,0.1876833,-0.0037049602,0.100572705,-0.006372791,0.138077,-0.0038450004,-0.0021608365,-0.0012187964,-4.3637752e-05,0.3198309,-0.0024792808,-0.005549662,-0.0030374709,-0.008838554
ZNF507,-0.0010856953,0.17129393,0.18773861,-0.0037053262,0.10075045,-0.006372735,0.13824686,-0.0038431557,-0.00216225,-0.0012167731,-4.5306533e-05,0.31982026,-0.0024798694,-0.0055504977,-0.0030383659,-0.008836006
ZNF513,-0.001507132,0.18077923,0.09198336,-0.0031377012,0.113401845,-0.006761426,0.07194908,-0.0030462826,-0.0031032118,-0.0022621867,-0.00018653348,0.23050334,-0.0028791283,-0.005205046,-0.0033815864,-0.008723939
ZNF527,-0.0010877977,0.17144857,0.1876833,-0.0037049602,0.100572705,-0.006372791,0.138077,-0.0038450004,-0.0021608365,-0.0012187964,-4.3637752e-05,0.3198309,-0.0024792808,-0.005549662,-0.0030374709,-0.008838554
ZNF528-AS1,-0.0010877977,0.17144857,0.1876833,-0.0037049602,0.100572705,-0.006372791,0.138077,-0.0038450004,-0.0021608365,-0.0012187964,-4.3637752e-05,0.3198309,-0.0024792808,-0.005549662,-0.0030374709,-0.008838554
ZNF529,-0.00092831894,0.23466715,0.23371579,-0.003332195,0.057083517,-0.0067872326,0.06053693,-0.003349238,-0.002143425,-0.0019395625,-0.0003145449,0.26288927,-0.0030474672,-0.005737088,-0.0021491365,-0.007873431
ZNF529-AS1,-0.0010869089,0.17134966,0.18782078,-0.0036940794,0.100582406,-0.006382549,0.13769183,-0.0038530873,-0.0021651604,-0.0012235153,-5.4287164e-05,0.32054484,-0.0024698982,-0.005544982,-0.0030479955,-0.008847117
ZNF552,-0.0010877977,0.17144857,0.1876833,-0.0037049602,0.100572705,-0.006372791,0.138077,-0.0038450004,-0.0021608365,-0.0012187964,-4.3637752e-05,0.3198309,-0.0024792808,-0.005549662,-0.0030374709,-0.008838554
ZNF558,-0.0010812284,0.17206752,0.1869087,-0.0037084287,0.099853896,-0.0063710767,0.1390107,-0.003842992,-0.002157719,-0.0012157192,-4.562378e-05,0.31905007,-0.0024816594,-0.0055461396,-0.003040055,-0.008826789
ZNF563,-0.0010877977,0.17144857,0.1876833,-0.0037049602,0.100572705,-0.006372791,0.138077,-0.0038450004,-0.0021608365,-0.0012187964,-4.3637752e-05,0.3198309,-0.0024792808,-0.005549662,-0.0030374709,-0.008838554
ZNF572,-0.0010877977,0.17144857,0.1876833,-0.0037049602,0.100572705,-0.006372791,0.138077,-0.0038450004,-0.0021608365,-0.0012187964,-4.3637752e-05,0.3198309,-0.0024792808,-0.005549662,-0.0030374709,-0.008838554
ZNF573,-0.0010877977,0.17144857,0.1876833,-0.0037049602,0.100572705,-0.006372791,0.138077,-0.0038450004,-0.0021608365,-0.0012187964,-4.3637752e-05,0.3198309,-0.0024792808,-0.005549662,-0.0030374709,-0.008838554
ZNF584,-0.0010877977,0.17144857,0.1876833,-0.0037049602,0.100572705,-0.006372791,0.138077,-0.0038450004,-0.0021608365,-0.0012187964,-4.3637752e-05,0.3198309,-0.0024792808,-0.005549662,-0.0030374709,-0.008838554
ZNF585B,-0.001415606,0.13767102,0.22393946,-0.0036318623,0.08875791,-0.0060442677,0.12835969,-0.003429686,-0.0018784519,-0.0009765511,-1.9599645e-05,0.3178013,-0.002464551,-0.0058472594,-0.003147152,-0.009011823
ZNF600,-0.0010877977,0.17144857,0.1876833,-0.0037049602,0.100572705,-0.006372791,0.138077,-0.0038450004,-0.0021608365,-0.0012187964,-4.3637752e-05,0.3198309,-0.0024792808,-0.005549662,-0.0030374709,-0.008838554
ZNF611,-0.0010877977,0.17144857,0.1876833,-0.0037049602,0.100572705,-0.006372791,0.138077,-0.0038450004,-0.0021608365,-0.0012187964,-4.3637752e-05,0.3198309,-0.0024792808,-0.005549662,-0.0030374709,-0.008838554
ZNF626,-0.0010827201,0.17221534,0.18773453,-0.0037098299,0.09967679,-0.006372278,0.1379404,-0.0038487294,-0.0021521854,-0.001214117,-4.2605698e-05,0.3190115,-0.0024717343,-0.005547055,-0.003045626,-0.0088465875
ZNF66,-0.0010877977,0.17144857,0.1876833,-0.0037049602,0.100572705,-0.006372791,0.138077,-0.0038450004,-0.0021608365,-0.0012187964,-4.3637752e-05,0.3198309,-0.0024792808,-0.005549662,-0.0030374709,-0.008838554
ZNF675,-0.0011671075,0.14843172,0.16338821,-0.003698116,0.07114078,-0.0063557927,0.11208819,-0.003480601,-0.0025679201,-0.0016585044,0.035571404,0.33928636,-0.0019252391,-0.0054985806,-0.003232858,-0.009082847
ZNF682,-0.0010877977,0.17144857,0.1876833,-0.0037049602,0.100572705,-0.006372791,0.138077,-0.0038450004,-0.0021608365,-0.0012187964,-4.3637752e-05,0.3198309,-0.0024792808,-0.005549662,-0.0030374709,-0.008838554
ZNF687-AS1,-0.0021602686,0.14175302,0.118369624,-0.003177207,0.15605855,-0.005387132,0.03681446,-0.0029826062,-0.002605883,-0.0018640584,-0.00025420368,0.37052178,-0.0021480613,-0.005571027,-0.0016840666,-0.0073399125
ZNF699,-0.0010877977,0.17144857,0.1876833,-0.0037049602,0.100572705,-0.006372791,0.138077,-0.0038450004,-0.0021608365,-0.0012187964,-4.3637752e-05,0.3198309,-0.0024792808,-0.005549662,-0.0030374709,-0.008838554
ZNF704,-0.001088506,0.17160536,0.18794774,-0.0036933373,0.10052897,-0.0063827233,0.1378488,-0.0038520442,-0.0021678947,-0.0012239765,-5.355507e-05,0.320583,-0.0024719187,-0.0055436553,-0.0030484363,-0.008846806
ZNF721,-0.0010492277,0.16950469,0.11981602,-0.0033366638,0.036372047,-0.006111728,0.019020196,-0.0038860815,-0.001997559,-0.0021632726,0.060265765,0.35690352,-0.0010033149,-0.0043890895,-0.0026171792,-0.008092269
ZNF724,-0.0010877977,0.17144857,0.1876833,-0.0037049602,0.100572705,-0.006372791,0.138077,-0.0038450004,-0.0021608365,-0.0012187964,-4.3637752e-05,0.3198309,-0.0024792808,-0.005549662,-0.0030374709,-0.008838554
ZNF732,-0.0010893948,0.17170428,0.18781026,-0.0037042182,0.10051927,-0.006372964,0.13823396,-0.003843957,-0.0021635708,-0.0012192575,-4.2905507e-05,0.31986904,-0.0024813018,-0.005548335,-0.0030379116,-0.008838243
ZNF737,-0.0010866908,0.17141344,0.18764763,-0.0037059127,0.100545496,-0.0063722543,0.13789329,-0.0038468975,-0.0021582644,-0.0012180605,-4.4480857e-05,0.3197527,-0.0024808592,-0.0055512474,-0.0030392453,-0.008838414
ZNF75A,-0.0010877977,0.17144857,0.1876833,-0.0037049602,0.100572705,-0.006372791,0.138077,-0.0038450004,-0.0021608365,-0.0012187964,-4.3637752e-05,0.3198309,-0.0024792808,-0.005549662,-0.0030374709,-0.008838554
ZNF771,-0.0010854688,0.1711931,0.18703876,-0.0036925934,0.10176022,-0.0063687433,0.13710022,-0.0038363712,-0.00216816,-0.0012107297,-5.571574e-05,0.31890267,-0.002474257,-0.00555305,-0.0030352746,-0.00882335
ZNF780B,-0.0010877977,0.17144857,0.1876833,-0.0037049602,0.100572705,-0.006372791,0.138077,-0.0038450004,-0.0021608365,-0.0012187964,-4.3637752e-05,0.3198309,-0.0024792808,-0.005549662,-0.0030374709,-0.008838554
ZNF786,-0.0010877977,0.17144857,0.1876833,-0.0037049602,0.100572705,-0.006372791,0.138077,-0.0038450004,-0.0021608365,-0.0012187964,-4.3637752e-05,0.3198309,-0.0024792808,-0.005549662,-0.0030374709,-0.008838554
ZNF808,0.034319833,0.040410176,0.23772071,-0.0037275248,0.050266527,-0.005605009,0.24547228,-0.0050751865,-0.003139981,-0.0006352549,-0.0006501074,0.35081685,-0.0024343866,-0.0054454766,-0.0030486553,-0.0073355003
ZNF821,-0.00086878025,0.13297671,0.1953061,-0.0037054007,0.09132304,-0.0061247097,0.1678289,-0.0037718385,-0.0017242831,-0.0013315682,-0.00016426771,0.31021953,-0.0023178183,-0.005418307,-0.0034319286,-0.008577738
ZNF827,-0.0010877977,0.17144857,0.1876833,-0.0037049602,0.100572705,-0.006372791,0.138077,-0.0038450004,-0.0021608365,-0.0012187964,-4.3637752e-05,0.3198309,-0.0024792808,-0.005549662,-0.0030374709,-0.008838554
ZNF83,-0.0010877977,0.17144857,0.1876833,-0.0037049602,0.100572705,-0.006372791,0.138077,-0.0038450004,-0.0021608365,-0.0012187964,-4.3637752e-05,0.3198309,-0.0024792808,-0.005549662,-0.0030374709,-0.008838554
ZNF830,-0.0010877977,0.17144857,0.1876833,-0.0037049602,0.100572705,-0.006372791,0.138077,-0.0038450004,-0.0021608365,-0.0012187964,-4.3637752e-05,0.3198309,-0.0024792808,-0.005549662,-0.0030374709,-0.008838554
ZNF831,-0.0010877977,0.17144857,0.1876833,-0.0037049602,0.100572705,-0.006372791,0.138077,-0.0038450004,-0.0021608365,-0.0012187964,-4.3637752e-05,0.3198309,-0.0024792808,-0.005549662,-0.0030374709,-0.008838554
ZNF839,-0.0011537647,0.16816655,0.1970344,-0.003797574,0.09833139,-0.0063705854,0.122163825,-0.0039042453,-0.0022116425,-0.0011011281,0.00419046,0.32505834,-0.002397596,-0.005446845,-0.0031328867,-0.0088060945
ZNF845,-0.0010877977,0.17144857,0.1876833,-0.0037049602,0.100572705,-0.006372791,0.138077,-0.0038450004,-0.0021608365,-0.0012187964,-4.3637752e-05,0.3198309,-0.0024792808,-0.005549662,-0.0030374709,-0.008838554
ZNF85,-0.0010877977,0.17144857,0.1876833,-0.0037049602,0.100572705,-0.006372791,0.138077,-0.0038450004,-0.0021608365,-0.0012187964,-4.3637752e-05,0.3198309,-0.0024792808,-0.005549662,-0.0030374709,-0.008838554
ZNF853,-0.0010877977,0.17144857,0.1876833,-0.0037049602,0.100572705,-0.006372791,0.138077,-0.0038450004,-0.0021608365,-0.0012187964,-4.3637752e-05,0.3198309,-0.0024792808,-0.005549662,-0.0030374709,-0.008838554
ZNF91,-0.0010877977,0.17144857,0.1876833,-0.0037049602,0.100572705,-0.006372791,0.138077,-0.0038450004,-0.0021608365,-0.0012187964,-4.3637752e-05,0.3198309,-0.0024792808,-0.005549662,-0.0030374709,-0.008838554
ZNHIT6,-0.0010827201,0.17221534,0.18773453,-0.0037098299,0.09967679,-0.006372278,0.1379404,-0.0038487294,-0.0021521854,-0.001214117,-4.2605698e-05,0.3190115,-0.0024717343,-0.005547055,-0.003045626,-0.0088465875
ZPBP,0.13160634,0.081178814,-0.00018226683,-0.0013547089,0.14522892,-0.0035522669,0.21716711,-0.0033374934,-0.0017376707,0.07861993,0.023555845,0.17468822,-0.0013256288,-0.003008886,-0.0015524148,-0.00425264
ZSWIM3,-0.0010877977,0.17144857,0.1876833,-0.0037049602,0.100572705,-0.006372791,0.138077,-0.0038450004,-0.0021608365,-0.0012187964,-4.3637752e-05,0.3198309,-0.0024792808,-0.005549662,-0.0030374709,-0.008838554
ZSWIM5,-0.0010877977,0.17144857,0.1876833,-0.0037049602,0.100572705,-0.006372791,0.138077,-0.0038450004,-0.0021608365,-0.0012187964,-4.3637752e-05,0.3198309,-0.0024792808,-0.005549662,-0.0030374709,-0.008838554
ZWILCH,-0.0010877977,0.17144857,0.1876833,-0.0037049602,0.100572705,-0.006372791,0.138077,-0.0038450004,-0.0021608365,-0.0012187964,-4.3637752e-05,0.3198309,-0.0024792808,-0.005549662,-0.0030374709,-0.008838554
ZXDB,-0.0010877977,0.17144857,0.1876833,-0.0037049602,0.100572705,-0.006372791,0.138077,-0.0038450004,-0.0021608365,-0.0012187964,-4.3637752e-05,0.3198309,-0.0024792808,-0.005549662,-0.0030374709,-0.008838554
ATAC_A2M,0.03431277,0.040421046,0.23776652,-0.0037278633,0.05029433,-0.005605338,0.24547558,-0.005074939,-0.0031404165,-0.00063511956,-0.0006497684,0.35081488,-0.0024347692,-0.005445791,-0.0030489166,-0.0073359087
ATAC_ABCA3,-0.0010877977,0.17144857,0.1876833,-0.0037049602,0.100572705,-0.006372791,0.138077,-0.0038450004,-0.0021608365,-0.0012187964,-4.3637752e-05,0.3198309,-0.0024792808,-0.005549662,-0.0030374709,-0.008838554
ATAC_ABCA5,-0.0010877977,0.17144857,0.1876833,-0.0037049602,0.100572705,-0.006372791,0.138077,-0.0038450004,-0.0021608365,-0.0012187964,-4.3637752e-05,0.3198309,-0.0024792808,-0.005549662,-0.0030374709,-0.008838554
ATAC_ABCC10,-0.0010869089,0.17134966,0.18782078,-0.0036940794,0.100582406,-0.006382549,0.13769183,-0.0038530873,-0.0021651604,-0.0012235153,-5.4287164e-05,0.32054484,-0.0024698982,-0.005544982,-0.0030479955,-0.008847117
ATAC_ABCD2,-0.0010877977,0.17144857,0.1876833,-0.0037049602,0.100572705,-0.006372791,0.138077,-0.0038450004,-0.0021608365,-0.0012187964,-4.3637752e-05,0.3198309,-0.0024792808,-0.005549662,-0.0030374709,-0.008838554
ATAC_ABCG1,-0.0010877977,0.17144857,0.1876833,-0.0037049602,0.100572705,-0.006372791,0.138077,-0.0038450004,-0.0021608365,-0.0012187964,-4.3637752e-05,0.3198309,-0.0024792808,-0.005549662,-0.0030374709,-0.008838554
ATAC_ABCG2,-0.0010877977,0.17144857,0.1876833,-0.0037049602,0.100572705,-0.006372791,0.138077,-0.0038450004,-0.0021608365,-0.0012187964,-4.3637752e-05,0.3198309,-0.0024792808,-0.005549662,-0.0030374709,-0.008838554
ATAC_ABHD17A,-0.0010877977,0.17144857,0.1876833,-0.0037049602,0.100572705,-0.006372791,0.138077,-0.0038450004,-0.0021608365,-0.0012187964,-4.3637752e-05,0.3198309,-0.0024792808,-0.005549662,-0.0030374709,-0.008838554
ATAC_ACAD11,-0.002401984,0.14136605,0.17437588,-0.003298497,0.12720475,-0.004778257,0.22053146,-0.0031373922,-0.0021315878,-5.279526e-05,0.09906979,0.44895202,-0.0011298301,-0.005659596,-0.0022989458,-0.008633399
ATAC_ACBD7,-0.0010877977,0.17144857,0.1876833,-0.0037049602,0.100572705,-0.006372791,0.138077,-0.0038450004,-0.0021608365,-0.0012187964,-4.3637752e-05,0.3198309,-0.0024792808,-0.005549662,-0.0030374709,-0.008838554
ATAC_ACOT6,-0.0010877977,0.17144857,0.1876833,-0.0037049602,0.100572705,-0.006372791,0.138077,-0.0038450004,-0.0021608365,-0.0012187964,-4.3637752e-05,0.3198309,-0.0024792808,-0.005549662,-0.0030374709,-0.008838554
ATAC_ACP7,-0.0010877977,0.17144857,0.1876833,-0.0037049602,0.100572705,-0.006372791,0.138077,-0.0038450004,-0.0021608365,-0.0012187964,-4.3637752e-05,0.3198309,-0.0024792808,-0.005549662,-0.0030374709,-0.008838554
ATAC_ACTA2-AS1,-0.0010877977,0.17144857,0.1876833,-0.0037049602,0.100572705,-0.006372791,0.138077,-0.0038450004,-0.0021608365,-0.0012187964,-4.3637752e-05,0.3198309,-0.0024792808,-0.005549662,-0.0030374709,-0.008838554
ATAC_ACVR1C,-0.0010877977,0.17144857,0.1876833,-0.0037049602,0.100572705,-0.006372791,0.138077,-0.0038450004,-0.0021608365,-0.0012187964,-4.3637752e-05,0.3198309,-0.0024792808,-0.005549662,-0.0030374709,-0.008838554
ATAC_ACVR2B-AS1,-0.0010877977,0.17144857,0.1876833,-0.0037049602,0.100572705,-0.006372791,0.138077,-0.0038450004,-0.0021608365,-0.0012187964,-4.3637752e-05,0.3198309,-0.0024792808,-0.005549662,-0.0030374709,-0.008838554
ATAC_ADAM12,-0.0010877977,0.17144857,0.1876833,-0.0037049602,0.100572705,-0.006372791,0.138077,-0.0038450004,-0.0021608365,-0.0012187964,-4.3637752e-05,0.3198309,-0.0024792808,-0.005549662,-0.0030374709,-0.008838554
ATAC_ADAM22,-0.0010877977,0.17144857,0.1876833,-0.0037049602,0.100572705,-0.006372791,0.138077,-0.0038450004,-0.0021608365,-0.0012187964,-4.3637752e-05,0.3198309,-0.0024792808,-0.005549662,-0.0030374709,-0.008838554
ATAC_ADAM23,-0.0010877977,0.17144857,0.1876833,-0.0037049602,0.100572705,-0.006372791,0.138077,-0.0038450004,-0.0021608365,-0.0012187964,-4.3637752e-05,0.3198309,-0.0024792808,-0.005549662,-0.0030374709,-0.008838554
ATAC_ADAM28,-0.0010888542,0.17235915,0.18812059,-0.0036913478,0.100623675,-0.006379894,0.13929024,-0.003855944,-0.0021685609,-0.0012154165,-5.6066958e-05,0.31897217,-0.002493243,-0.005536244,-0.0030284035,-0.0088438485
ATAC_ADAM8,-0.0010877977,0.17144857,0.1876833,-0.0037049602,0.100572705,-0.006372791,0.138077,-0.0038450004,-0.0021608365,-0.0012187964,-4.3637752e-05,0.3198309,-0.0024792808,-0.005549662,-0.0030374709,-0.008838554
ATAC_ADAMTS1,-0.0010877977,0.17144857,0.1876833,-0.0037049602,0.100572705,-0.006372791,0.138077,-0.0038450004,-0.0021608365,-0.0012187964,-4.3637752e-05,0.3198309,-0.0024792808,-0.005549662,-0.0030374709,-0.008838554
ATAC_ADAMTS10,-0.0010877977,0.17144857,0.1876833,-0.0037049602,0.100572705,-0.006372791,0.138077,-0.0038450004,-0.0021608365,-0.0012187964,-4.3637752e-05,0.3198309,-0.0024792808,-0.005549662,-0.0030374709,-0.008838554
ATAC_ADAMTS14,-0.0010877977,0.17144857,0.1876833,-0.0037049602,0.100572705,-0.006372791,0.138077,-0.0038450004,-0.0021608365,-0.0012187964,-4.3637752e-05,0.3198309,-0.0024792808,-0.005549662,-0.0030374709,-0.008838554
ATAC_ADAMTS17,-0.0010865488,0.17175163,0.18747623,-0.0037047737,0.10026294,-0.0063729724,0.13824922,-0.003848189,-0.0021626852,-0.0012217545,-4.1193365e-05,0.32011133,-0.0024821549,-0.00554896,-0.0030339363,-0.008839902
ATAC_ADAMTS3,-0.0010877977,0.17144857,0.1876833,-0.0037049602,0.100572705,-0.006372791,0.138077,-0.0038450004,-0.0021608365,-0.0012187964,-4.3637752e-05,0.3198309,-0.0024792808,-0.005549662,-0.0030374709,-0.008838554
ATAC_ADAMTS6,-0.0010977697,0.1736672,0.18679185,-0.003702291,0.10252433,-0.0063623767,0.13697329,-0.003855637,-0.0021820106,-0.0012091416,-5.6904402e-05,0.32209125,-0.0024625286,-0.005526911,-0.0030260407,-0.00883111
ATAC_ADGRF1,-0.00093042135,0.2348218,0.23366047,-0.0033318293,0.056905776,-0.0067872885,0.060367078,-0.0033510828,-0.0021420114,-0.0019415858,-0.0003128761,0.2628999,-0.0030468786,-0.005736252,-0.0021482417,-0.007875979
ATAC_ADGRF2,-0.0010877977,0.17144857,0.1876833,-0.0037049602,0.100572705,-0.006372791,0.138077,-0.0038450004,-0.0021608365,-0.0012187964,-4.3637752e-05,0.3198309,-0.0024792808,-0.005549662,-0.0030374709,-0.008838554
ATAC_ADGRG1,-0.0010854688,0.1711931,0.18703876,-0.0036925934,0.10176022,-0.0063687433,0.13710022,-0.0038363712,-0.00216816,-0.0012107297,-5.571574e-05,0.31890267,-0.002474257,-0.00555305,-0.0030352746,-0.00882335
ATAC_ADGRG5,-0.0010877977,0.17144857,0.1876833,-0.0037049602,0.100572705,-0.006372791,0.138077,-0.0038450004,-0.0021608365,-0.0012187964,-4.3637752e-05,0.3198309,-0.0024792808,-0.005549662,-0.0030374709,-0.008838554
ATAC_ADIRF,-0.0010877977,0.17144857,0.1876833,-0.0037049602,0.100572705,-0.006372791,0.138077,-0.0038450004,-0.0021608365,-0.0012187964,-4.3637752e-05,0.3198309,-0.0024792808,-0.005549662,-0.0030374709,-0.008838554
ATAC_ADRA1D,-0.0010877977,0.17144857,0.1876833,-0.0037049602,0.100572705,-0.006372791,0.138077,-0.0038450004,-0.0021608365,-0.0012187964,-4.3637752e-05,0.3198309,-0.0024792808,-0.005549662,-0.0030374709,-0.008838554
ATAC_ADRB2,-0.0010877977,0.17144857,0.1876833,-0.0037049602,0.100572705,-0.006372791,0.138077,-0.0038450004,-0.0021608365,-0.0012187964,-4.3637752e-05,0.3198309,-0.0024792808,-0.005549662,-0.0030374709,-0.008838554
ATAC_AEBP2,-0.0021604109,0.14141482,0.11854105,-0.003178346,0.1563411,-0.005386414,0.03645853,-0.0029813147,-0.0026014622,-0.0018603645,-0.00025749116,0.37016314,-0.0021467654,-0.005573314,-0.0016893753,-0.0073384247
ATAC_AGBL2,-0.0010877977,0.17144857,0.1876833,-0.0037049602,0.100572705,-0.006372791,0.138077,-0.0038450004,-0.0021608365,-0.0012187964,-4.3637752e-05,0.3198309,-0.0024792808,-0.005549662,-0.0030374709,-0.008838554
ATAC_AGBL3,-0.001507132,0.18077923,0.09198336,-0.0031377012,0.113401845,-0.006761426,0.07194908,-0.0030462826,-0.0031032118,-0.0022621867,-0.00018653348,0.23050334,-0.0028791283,-0.005205046,-0.0033815864,-0.008723939
ATAC_AGFG2,-0.0010877977,0.17144857,0.1876833,-0.0037049602,0.100572705,-0.006372791,0.138077,-0.0038450004,-0.0021608365,-0.0012187964,-4.3637752e-05,0.3198309,-0.0024792808,-0.005549662,-0.0030374709,-0.008838554
ATAC_AJM1,-0.0010877977,0.17144857,0.1876833,-0.0037049602,0.100572705,-0.006372791,0.138077,-0.0038450004,-0.0021608365,-0.0012187964,-4.3637752e-05,0.3198309,-0.0024792808,-0.005549662,-0.0030374709,-0.008838554
ATAC_AK1,-0.0010816132,0.1721802,0.18769886,-0.0037107824,0.09964958,-0.006371742,0.13775668,-0.0038506263,-0.0021496138,-0.0012133813,-4.3448807e-05,0.31893328,-0.0024733127,-0.00554864,-0.0030474006,-0.008846448
ATAC_AK5,-0.0010865865,0.17132783,0.18773906,-0.0037042361,0.10051662,-0.006373171,0.13807106,-0.003844433,-0.0021615266,-0.0012198209,-4.311681e-05,0.31986457,-0.0024797171,-0.005550358,-0.0030363512,-0.008839263
ATAC_AK7,-0.0010877977,0.17144857,0.1876833,-0.0037049602,0.100572705,-0.006372791,0.138077,-0.0038450004,-0.0021608365,-0.0012187964,-4.3637752e-05,0.3198309,-0.0024792808,-0.005549662,-0.0030374709,-0.008838554
ATAC_AK9,-0.0010877977,0.17144857,0.1876833,-0.0037049602,0.100572705,-0.006372791,0.138077,-0.0038450004,-0.0021608365,-0.0012187964,-4.3637752e-05,0.3198309,-0.0024792808,-0.005549662,-0.0030374709,-0.008838554
ATAC_AKAP5,-0.0010877977,0.17144857,0.1876833,-0.0037049602,0.100572705,-0.006372791,0.138077,-0.0038450004,-0.0021608365,-0.0012187964,-4.3637752e-05,0.3198309,-0.0024792808,-0.005549662,-0.0030374709,-0.008838554
ATAC_AKTIP,-0.0010877977,0.17144857,0.1876833,-0.0037049602,0.100572705,-0.006372791,0.138077,-0.0038450004,-0.0021608365,-0.0012187964,-4.3637752e-05,0.3198309,-0.0024792808,-0.005549662,-0.0030374709,-0.008838554
ATAC_ALOX5AP,-0.0010877977,0.17144857,0.1876833,-0.0037049602,0.100572705,-0.006372791,0.138077,-0.0038450004,-0.0021608365,-0.0012187964,-4.3637752e-05,0.3198309,-0.0024792808,-0.005549662,-0.0030374709,-0.008838554
ATAC_AMIGO1,-0.0010877977,0.17144857,0.1876833,-0.0037049602,0.100572705,-0.006372791,0.138077,-0.0038450004,-0.0021608365,-0.0012187964,-4.3637752e-05,0.3198309,-0.0024792808,-0.005549662,-0.0030374709,-0.008838554
ATAC_AMT,-0.0010877977,0.17144857,0.1876833,-0.0037049602,0.100572705,-0.006372791,0.138077,-0.0038450004,-0.0021608365,-0.0012187964,-4.3637752e-05,0.3198309,-0.0024792808,-0.005549662,-0.0030374709,-0.008838554
ATAC_ANGPTL6,-0.000969918,0.19252154,0.14411108,-0.003343508,0.065803945,-0.006128726,0.045009013,-0.0042504813,-0.0015904757,-0.0017235641,0.020330593,0.33744806,-0.0015573568,-0.004440171,-0.002421792,-0.007847975
ATAC_ANK1,-0.0010921574,0.17122777,0.18717916,-0.0037018275,0.100231886,-0.006369981,0.13741207,-0.0038436772,-0.0021610826,-0.0012123802,-4.996702e-05,0.3197165,-0.002474861,-0.005556675,-0.0030345058,-0.008831642
ATAC_ANK3,-0.0010877977,0.17144857,0.1876833,-0.0037049602,0.100572705,-0.006372791,0.138077,-0.0038450004,-0.0021608365,-0.0012187964,-4.3637752e-05,0.3198309,-0.0024792808,-0.005549662,-0.0030374709,-0.008838554
ATAC_ANKAR,-0.0010877977,0.17144857,0.1876833,-0.0037049602,0.100572705,-0.006372791,0.138077,-0.0038450004,-0.0021608365,-0.0012187964,-4.3637752e-05,0.3198309,-0.0024792808,-0.005549662,-0.0030374709,-0.008838554
ATAC_ANKRD26,-0.0010877977,0.17144857,0.1876833,-0.0037049602,0.100572705,-0.006372791,0.138077,-0.0038450004,-0.0021608365,-0.0012187964,-4.3637752e-05,0.3198309,-0.0024792808,-0.005549662,-0.0030374709,-0.008838554
ATAC_ANKRD29,-0.0010977697,0.1736672,0.18679185,-0.003702291,0.10252433,-0.0063623767,0.13697329,-0.003855637,-0.0021820106,-0.0012091416,-5.6904402e-05,0.32209125,-0.0024625286,-0.005526911,-0.0030260407,-0.00883111
ATAC_ANKRD31,-0.0010921574,0.17122777,0.18717916,-0.0037018275,0.100231886,-0.006369981,0.13741207,-0.0038436772,-0.0021610826,-0.0012123802,-4.996702e-05,0.3197165,-0.002474861,-0.005556675,-0.0030345058,-0.008831642
ATAC_ANKRD36,-0.0010977697,0.1736672,0.18679185,-0.003702291,0.10252433,-0.0063623767,0.13697329,-0.003855637,-0.0021820106,-0.0012091416,-5.6904402e-05,0.32209125,-0.0024625286,-0.005526911,-0.0030260407,-0.00883111
ATAC_ANKRD36B,-0.0010877977,0.17144857,0.1876833,-0.0037049602,0.100572705,-0.006372791,0.138077,-0.0038450004,-0.0021608365,-0.0012187964,-4.3637752e-05,0.3198309,-0.0024792808,-0.005549662,-0.0030374709,-0.008838554
ATAC_ANKRD36C,-0.0010877977,0.17144857,0.1876833,-0.0037049602,0.100572705,-0.006372791,0.138077,-0.0038450004,-0.0021608365,-0.0012187964,-4.3637752e-05,0.3198309,-0.0024792808,-0.005549662,-0.0030374709,-0.008838554
ATAC_ANKRD39,-0.0010877977,0.17144857,0.1876833,-0.0037049602,0.100572705,-0.006372791,0.138077,-0.0038450004,-0.0021608365,-0.0012187964,-4.3637752e-05,0.3198309,-0.0024792808,-0.005549662,-0.0030374709,-0.008838554
ATAC_ANO10,-0.0010877977,0.17144857,0.1876833,-0.0037049602,0.100572705,-0.006372791,0.138077,-0.0038450004,-0.0021608365,-0.0012187964,-4.3637752e-05,0.3198309,-0.0024792808,-0.005549662,-0.0030374709,-0.008838554
ATAC_ANTXRL,-0.0010887217,0.17093715,0.18649895,-0.0036904137,0.101392195,-0.0063653975,0.13625154,-0.0038369452,-0.0021658342,-0.0012035781,-6.288812e-05,0.3187101,-0.0024714156,-0.00556165,-0.0030340843,-0.008816297
ATAC_AP1G2,-0.0010877977,0.17144857,0.1876833,-0.0037049602,0.100572705,-0.006372791,0.138077,-0.0038450004,-0.0021608365,-0.0012187964,-4.3637752e-05,0.3198309,-0.0024792808,-0.005549662,-0.0030374709,-0.008838554
ATAC_AP3B2,-0.0010877977,0.17144857,0.1876833,-0.0037049602,0.100572705,-0.006372791,0.138077,-0.0038450004,-0.0021608365,-0.0012187964,-4.3637752e-05,0.3198309,-0.0024792808,-0.005549662,-0.0030374709,-0.008838554
ATAC_AP5Z1,-0.0010877977,0.17144857,0.1876833,-0.0037049602,0.100572705,-0.006372791,0.138077,-0.0038450004,-0.0021608365,-0.0012187964,-4.3637752e-05,0.3198309,-0.0024792808,-0.005549662,-0.0030374709,-0.008838554
ATAC_APBB2,-0.0021615177,0.14144996,0.11857672,-0.0031773937,0.15636832,-0.0053869495,0.036642246,-0.0029794173,-0.0026040338,-0.0018611003,-0.00025664805,0.37024134,-0.002145187,-0.005571729,-0.0016876009,-0.007338565
ATAC_APOB,-0.0010877025,0.17143157,0.18762662,-0.0037047588,0.100559175,-0.006372378,0.13808808,-0.0038446714,-0.0021609736,-0.0012192121,-4.4115484e-05,0.31978244,-0.0024791057,-0.005549787,-0.003037439,-0.008838984
ATAC_APOBEC4,-0.0010869697,0.17164974,0.18753345,-0.003706244,0.100386135,-0.00637331,0.13789554,-0.003845286,-0.0021619624,-0.0012192393,-4.4535398e-05,0.31975633,-0.0024776226,-0.0055519105,-0.003038693,-0.0088396
ATAC_AQP3,-0.0010877977,0.17144857,0.1876833,-0.0037049602,0.100572705,-0.006372791,0.138077,-0.0038450004,-0.0021608365,-0.0012187964,-4.3637752e-05,0.3198309,-0.0024792808,-0.005549662,-0.0030374709,-0.008838554
ATAC_AREG,-0.0010877977,0.17144857,0.1876833,-0.0037049602,0.100572705,-0.006372791,0.138077,-0.0038450004,-0.0021608365,-0.0012187964,-4.3637752e-05,0.3198309,-0.0024792808,-0.005549662,-0.0030374709,-0.008838554
ATAC_ARF4-AS1,-0.0010877977,0.17144857,0.1876833,-0.0037049602,0.100572705,-0.006372791,0.138077,-0.0038450004,-0.0021608365,-0.0012187964,-4.3637752e-05,0.3198309,-0.0024792808,-0.005549662,-0.0030374709,-0.008838554
ATAC_ARHGAP10,-0.0010877977,0.17144857,0.1876833,-0.0037049602,0.100572705,-0.006372791,0.138077,-0.0038450004,-0.0021608365,-0.0012187964,-4.3637752e-05,0.3198309,-0.0024792808,-0.005549662,-0.0030374709,-0.008838554
ATAC_ARHGAP24,-0.0010877977,0.17144857,0.1876833,-0.0037049602,0.100572705,-0.006372791,0.138077,-0.0038450004,-0.0021608365,-0.0012187964,-4.3637752e-05,0.3198309,-0.0024792808,-0.005549662,-0.0030374709,-0.008838554
ATAC_ARHGAP33,-0.001089381,0.171263,0.18739955,-0.0037050454,0.100506864,-0.006373759,0.13777393,-0.0038477725,-0.0021629855,-0.001217528,-4.0855408e-05,0.32003343,-0.002479988,-0.0055524837,-0.0030372138,-0.008838606
ATAC_ARHGAP35,-0.0010877977,0.17144857,0.1876833,-0.0037049602,0.100572705,-0.006372791,0.138077,-0.0038450004,-0.0021608365,-0.0012187964,-4.3637752e-05,0.3198309,-0.0024792808,-0.005549662,-0.0030374709,-0.008838554
ATAC_ARHGAP39,-0.0010877977,0.17144857,0.1876833,-0.0037049602,0.100572705,-0.006372791,0.138077,-0.0038450004,-0.0021608365,-0.0012187964,-4.3637752e-05,0.3198309,-0.0024792808,-0.005549662,-0.0030374709,-0.008838554
ATAC_ARHGAP5,-0.0010877977,0.17144857,0.1876833,-0.0037049602,0.100572705,-0.006372791,0.138077,-0.0038450004,-0.0021608365,-0.0012187964,-4.3637752e-05,0.3198309,-0.0024792808,-0.005549662,-0.0030374709,-0.008838554
ATAC_ARHGAP8,-0.0010877977,0.17144857,0.1876833,-0.0037049602,0.100572705,-0.006372791,0.138077,-0.0038450004,-0.0021608365,-0.0012187964,-4.3637752e-05,0.3198309,-0.0024792808,-0.005549662,-0.0030374709,-0.008838554
ATAC_ARHGEF10,-0.0010877977,0.17144857,0.1876833,-0.0037049602,0.100572705,-0.006372791,0.138077,-0.0038450004,-0.0021608365,-0.0012187964,-4.3637752e-05,0.3198309,-0.0024792808,-0.005549662,-0.0030374709,-0.008838554
ATAC_ARHGEF12,-0.0006885671,0.28904343,0.12625153,-0.0031370574,0.095597476,-0.0071875947,0.15820153,-0.0038088649,-0.0019495233,-0.0027920597,0.010760754,0.13694832,-0.003817944,-0.0045272033,-0.0032184687,-0.007743332
ATAC_ARHGEF25,-0.0010877977,0.17144857,0.1876833,-0.0037049602,0.100572705,-0.006372791,0.138077,-0.0038450004,-0.0021608365,-0.0012187964,-4.3637752e-05,0.3198309,-0.0024792808,-0.005549662,-0.0030374709,-0.008838554
ATAC_ARIH2OS,-0.0010865865,0.17132783,0.18773906,-0.0037042361,0.10051662,-0.006373171,0.13807106,-0.003844433,-0.0021615266,-0.0012198209,-4.311681e-05,0.31986457,-0.0024797171,-0.005550358,-0.0030363512,-0.008839263
ATAC_ARL4D,-0.000969918,0.19252154,0.14411108,-0.003343508,0.065803945,-0.006128726,0.045009013,-0.0042504813,-0.0015904757,-0.0017235641,0.020330593,0.33744806,-0.0015573568,-0.004440171,-0.002421792,-0.007847975
ATAC_ARRDC3,-0.0010877977,0.17144857,0.1876833,-0.0037049602,0.100572705,-0.006372791,0.138077,-0.0038450004,-0.0021608365,-0.0012187964,-4.3637752e-05,0.3198309,-0.0024792808,-0.005549662,-0.0030374709,-0.008838554
ATAC_ARSJ,-0.0010877977,0.17144857,0.1876833,-0.0037049602,0.100572705,-0.006372791,0.138077,-0.0038450004,-0.0021608365,-0.0012187964,-4.3637752e-05,0.3198309,-0.0024792808,-0.005549662,-0.0030374709,-0.008838554
ATAC_ART5,-0.001089381,0.171263,0.18739955,-0.0037050454,0.100506864,-0.006373759,0.13777393,-0.0038477725,-0.0021629855,-0.001217528,-4.0855408e-05,0.32003343,-0.002479988,-0.0055524837,-0.0030372138,-0.008838606
ATAC_ASIC1,-0.00011696454,0.21236098,-0.000683652,-0.0013314402,0.19532958,-0.0043197754,0.10959868,-0.0021093998,-0.00075667707,0.020049915,0.08433579,0.1437149,-0.0013695519,-0.0031119208,-0.0015400738,-0.005757833
ATAC_ASXL1,-0.0010877977,0.17144857,0.1876833,-0.0037049602,0.100572705,-0.006372791,0.138077,-0.0038450004,-0.0021608365,-0.0012187964,-4.3637752e-05,0.3198309,-0.0024792808,-0.005549662,-0.0030374709,-0.008838554
ATAC_ATAD3B,-0.0010877977,0.17144857,0.1876833,-0.0037049602,0.100572705,-0.006372791,0.138077,-0.0038450004,-0.0021608365,-0.0012187964,-4.3637752e-05,0.3198309,-0.0024792808,-0.005549662,-0.0030374709,-0.008838554
ATAC_ATF7IP2,-0.0010877977,0.17144857,0.1876833,-0.0037049602,0.100572705,-0.006372791,0.138077,-0.0038450004,-0.0021608365,-0.0012187964,-4.3637752e-05,0.3198309,-0.0024792808,-0.005549662,-0.0030374709,-0.008838554
ATAC_ATG16L1,-0.0010877977,0.17144857,0.1876833,-0.0037049602,0.100572705,-0.006372791,0.138077,-0.0038450004,-0.0021608365,-0.0012187964,-4.3637752e-05,0.3198309,-0.0024792808,-0.005549662,-0.0030374709,-0.008838554
ATAC_ATG4D,-0.0010877977,0.17144857,0.1876833,-0.0037049602,0.100572705,-0.006372791,0.138077,-0.0038450004,-0.0021608365,-0.0012187964,-4.3637752e-05,0.3198309,-0.0024792808,-0.005549662,-0.0030374709,-0.008838554
ATAC_ATN1,-0.0010877977,0.17144857,0.1876833,-0.0037049602,0.100572705,-0.006372791,0.138077,-0.0038450004,-0.0021608365,-0.0012187964,-4.3637752e-05,0.3198309,-0.0024792808,-0.005549662,-0.0030374709,-0.008838554
ATAC_ATP1A3,-0.0010877977,0.17144857,0.1876833,-0.0037049602,0.100572705,-0.006372791,0.138077,-0.0038450004,-0.0021608365,-0.0012187964,-4.3637752e-05,0.3198309,-0.0024792808,-0.005549662,-0.0030374709,-0.008838554
ATAC_ATP1B2,-0.0010877977,0.17144857,0.1876833,-0.0037049602,0.100572705,-0.006372791,0.138077,-0.0038450004,-0.0021608365,-0.0012187964,-4.3637752e-05,0.3198309,-0.0024792808,-0.005549662,-0.0030374709,-0.008838554
ATAC_ATP2A3,-0.0010877977,0.17144857,0.1876833,-0.0037049602,0.100572705,-0.006372791,0.138077,-0.0038450004,-0.0021608365,-0.0012187964,-4.3637752e-05,0.3198309,-0.0024792808,-0.005549662,-0.0030374709,-0.008838554
ATAC_ATP6V1H,-0.0010869089,0.17134966,0.18782078,-0.0036940794,0.100582406,-0.006382549,0.13769183,-0.0038530873,-0.0021651604,-0.0012235153,-5.4287164e-05,0.32054484,-0.0024698982,-0.005544982,-0.0030479955,-0.008847117
ATAC_ATP8B2,-0.0010877977,0.17144857,0.1876833,-0.0037049602,0.100572705,-0.006372791,0.138077,-0.0038450004,-0.0021608365,-0.0012187964,-4.3637752e-05,0.3198309,-0.0024792808,-0.005549662,-0.0030374709,-0.008838554
ATAC_ATP9A,-0.0011514357,0.16791108,0.19638987,-0.0037852072,0.09951891,-0.0063665383,0.12118704,-0.0038956162,-0.002218966,-0.0010930615,0.0029826611,0.32413012,-0.0023925721,-0.005450233,-0.0031306907,-0.008790891
ATAC_ATXN2-AS,-0.0010877977,0.17144857,0.1876833,-0.0037049602,0.100572705,-0.006372791,0.138077,-0.0038450004,-0.0021608365,-0.0012187964,-4.3637752e-05,0.3198309,-0.0024792808,-0.005549662,-0.0030374709,-0.008838554
ATAC_ATXN7L3B,-0.0010877977,0.17144857,0.1876833,-0.0037049602,0.100572705,-0.006372791,0.138077,-0.0038450004,-0.0021608365,-0.0012187964,-4.3637752e-05,0.3198309,-0.0024792808,-0.005549662,-0.0030374709,-0.008838554
ATAC_AVP,0.03431277,0.040421046,0.23776652,-0.0037278633,0.05029433,-0.005605338,0.24547558,-0.005074939,-0.0031404165,-0.00063511956,-0.0006497684,0.35081488,-0.0024347692,-0.005445791,-0.0030489166,-0.0073359087
ATAC_AXDND1,-0.0010877977,0.17144857,0.1876833,-0.0037049602,0.100572705,-0.006372791,0.138077,-0.0038450004,-0.0021608365,-0.0012187964,-4.3637752e-05,0.3198309,-0.0024792808,-0.005549662,-0.0030374709,-0.008838554
ATAC_AXIN1,-0.0010877977,0.17144857,0.1876833,-0.0037049602,0.100572705,-0.006372791,0.138077,-0.0038450004,-0.0021608365,-0.0012187964,-4.3637752e-05,0.3198309,-0.0024792808,-0.005549662,-0.0030374709,-0.008838554
ATAC_AXL,-0.0010877977,0.17144857,0.1876833,-0.0037049602,0.100572705,-0.006372791,0.138077,-0.0038450004,-0.0021608365,-0.0012187964,-4.3637752e-05,0.3198309,-0.0024792808,-0.005549662,-0.0030374709,-0.008838554
ATAC_B3GLCT,-0.0010877977,0.17144857,0.1876833,-0.0037049602,0.100572705,-0.006372791,0.138077,-0.0038450004,-0.0021608365,-0.0012187964,-4.3637752e-05,0.3198309,-0.0024792808,-0.005549662,-0.0030374709,-0.008838554
ATAC_B4GALNT3,-0.0010877977,0.17144857,0.1876833,-0.0037049602,0.100572705,-0.006372791,0.138077,-0.0038450004,-0.0021608365,-0.0012187964,-4.3637752e-05,0.3198309,-0.0024792808,-0.005549662,-0.0030374709,-0.008838554
ATAC_B4GALNT4,-0.0010877977,0.17144857,0.1876833,-0.0037049602,0.100572705,-0.006372791,0.138077,-0.0038450004,-0.0021608365,-0.0012187964,-4.3637752e-05,0.3198309,-0.0024792808,-0.005549662,-0.0030374709,-0.008838554
ATAC_BAIAP3,-0.0010877977,0.17144857,0.1876833,-0.0037049602,0.100572705,-0.006372791,0.138077,-0.0038450004,-0.0021608365,-0.0012187964,-4.3637752e-05,0.3198309,-0.0024792808,-0.005549662,-0.0030374709,-0.008838554
ATAC_BAMBI,-0.0010877977,0.17144857,0.1876833,-0.0037049602,0.100572705,-0.006372791,0.138077,-0.0038450004,-0.0021608365,-0.0012187964,-4.3637752e-05,0.3198309,-0.0024792808,-0.005549662,-0.0030374709,-0.008838554
ATAC_BATF,-0.0010877977,0.17144857,0.1876833,-0.0037049602,0.100572705,-0.006372791,0.138077,-0.0038450004,-0.0021608365,-0.0012187964,-4.3637752e-05,0.3198309,-0.0024792808,-0.005549662,-0.0030374709,-0.008838554
ATAC_BAZ1B,-0.0010877977,0.17144857,0.1876833,-0.0037049602,0.100572705,-0.006372791,0.138077,-0.0038450004,-0.0021608365,-0.0012187964,-4.3637752e-05,0.3198309,-0.0024792808,-0.005549662,-0.0030374709,-0.008838554
ATAC_BCAS4,-0.0010877977,0.17144857,0.1876833,-0.0037049602,0.100572705,-0.006372791,0.138077,-0.0038450004,-0.0021608365,-0.0012187964,-4.3637752e-05,0.3198309,-0.0024792808,-0.005549662,-0.0030374709,-0.008838554
ATAC_BCKDHB,-0.0010877977,0.17144857,0.1876833,-0.0037049602,0.100572705,-0.006372791,0.138077,-0.0038450004,-0.0021608365,-0.0012187964,-4.3637752e-05,0.3198309,-0.0024792808,-0.005549662,-0.0030374709,-0.008838554
ATAC_BCL2L13,-0.0010860863,0.1710268,0.18784754,-0.003701256,0.101284705,-0.0063759047,0.13832788,-0.003836179,-0.0021499465,-0.0012161382,-5.2752046e-05,0.319309,-0.0024700572,-0.005540353,-0.0030260198,-0.008839308
ATAC_BCL6B,-0.0010877977,0.17144857,0.1876833,-0.0037049602,0.100572705,-0.006372791,0.138077,-0.0038450004,-0.0021608365,-0.0012187964,-4.3637752e-05,0.3198309,-0.0024792808,-0.005549662,-0.0030374709,-0.008838554
ATAC_BDP1,-0.0010877977,0.17144857,0.1876833,-0.0037049602,0.100572705,-0.006372791,0.138077,-0.0038450004,-0.0021608365,-0.0012187964,-4.3637752e-05,0.3198309,-0.0024792808,-0.005549662,-0.0030374709,-0.008838554
ATAC_BEND5,-0.0010877977,0.17144857,0.1876833,-0.0037049602,0.100572705,-0.006372791,0.138077,-0.0038450004,-0.0021608365,-0.0012187964,-4.3637752e-05,0.3198309,-0.0024792808,-0.005549662,-0.0030374709,-0.008838554
ATAC_BET1,-0.0010877977,0.17144857,0.1876833,-0.0037049602,0.100572705,-0.006372791,0.138077,-0.0038450004,-0.0021608365,-0.0012187964,-4.3637752e-05,0.3198309,-0.0024792808,-0.005549662,-0.0030374709,-0.008838554
ATAC_BEX2,-0.0010877977,0.17144857,0.1876833,-0.0037049602,0.100572705,-0.006372791,0.138077,-0.0038450004,-0.0021608365,-0.0012187964,-4.3637752e-05,0.3198309,-0.0024792808,-0.005549662,-0.0030374709,-0.008838554
ATAC_BEX3,-0.0010877977,0.17144857,0.1876833,-0.0037049602,0.100572705,-0.006372791,0.138077,-0.0038450004,-0.0021608365,-0.0012187964,-4.3637752e-05,0.3198309,-0.0024792808,-0.005549662,-0.0030374709,-0.008838554
ATAC_BHLHE40-AS1,-0.0010865488,0.17175163,0.18747623,-0.0037047737,0.10026294,-0.0063729724,0.13824922,-0.003848189,-0.0021626852,-0.0012217545,-4.1193365e-05,0.32011133,-0.0024821549,-0.00554896,-0.0030339363,-0.008839902
ATAC_BICDL1,-0.001504803,0.18052375,0.09133881,-0.0031253344,0.11458936,-0.006757379,0.07097228,-0.003037653,-0.003110535,-0.0022541203,-0.00019861147,0.22957513,-0.0028741045,-0.005208435,-0.0033793906,-0.008708735
ATAC_BICDL2,-0.0010877977,0.17144857,0.1876833,-0.0037049602,0.100572705,-0.006372791,0.138077,-0.0038450004,-0.0021608365,-0.0012187964,-4.3637752e-05,0.3198309,-0.0024792808,-0.005549662,-0.0030374709,-0.008838554
ATAC_BIN1,-0.0010877977,0.17144857,0.1876833,-0.0037049602,0.100572705,-0.006372791,0.138077,-0.0038450004,-0.0021608365,-0.0012187964,-4.3637752e-05,0.3198309,-0.0024792808,-0.005549662,-0.0030374709,-0.008838554
ATAC_BIRC7,-0.0010866908,0.17141344,0.18764763,-0.0037059127,0.100545496,-0.0063722543,0.13789329,-0.0038468975,-0.0021582644,-0.0012180605,-4.4480857e-05,0.3197527,-0.0024808592,-0.0055512474,-0.0030392453,-0.008838414
ATAC_BLNK,-0.0010877977,0.17144857,0.1876833,-0.0037049602,0.100572705,-0.006372791,0.138077,-0.0038450004,-0.0021608365,-0.0012187964,-4.3637752e-05,0.3198309,-0.0024792808,-0.005549662,-0.0030374709,-0.008838554
ATAC_BMP2,-0.0010877977,0.17144857,0.1876833,-0.0037049602,0.100572705,-0.006372791,0.138077,-0.0038450004,-0.0021608365,-0.0012187964,-4.3637752e-05,0.3198309,-0.0024792808,-0.005549662,-0.0030374709,-0.008838554
ATAC_BMP3,-0.0010877977,0.17144857,0.1876833,-0.0037049602,0.100572705,-0.006372791,0.138077,-0.0038450004,-0.0021608365,-0.0012187964,-4.3637752e-05,0.3198309,-0.0024792808,-0.005549662,-0.0030374709,-0.008838554
ATAC_BMPER,-0.0010893948,0.17170428,0.18781026,-0.0037042182,0.10051927,-0.006372964,0.13823396,-0.003843957,-0.0021635708,-0.0012192575,-4.2905507e-05,0.31986904,-0.0024813018,-0.005548335,-0.0030379116,-0.008838243
ATAC_BMPR1B-DT,-0.0010877977,0.17144857,0.1876833,-0.0037049602,0.100572705,-0.006372791,0.138077,-0.0038450004,-0.0021608365,-0.0012187964,-4.3637752e-05,0.3198309,-0.0024792808,-0.005549662,-0.0030374709,-0.008838554
ATAC_BNC2,-0.0010877977,0.17144857,0.1876833,-0.0037049602,0.100572705,-0.006372791,0.138077,-0.0038450004,-0.0021608365,-0.0012187964,-4.3637752e-05,0.3198309,-0.0024792808,-0.005549662,-0.0030374709,-0.008838554
ATAC_BPGM,-0.0010877977,0.17144857,0.1876833,-0.0037049602,0.100572705,-0.006372791,0.138077,-0.0038450004,-0.0021608365,-0.0012187964,-4.3637752e-05,0.3198309,-0.0024792808,-0.005549662,-0.0030374709,-0.008838554
ATAC_BRDT,-0.0010877977,0.17144857,0.1876833,-0.0037049602,0.100572705,-0.006372791,0.138077,-0.0038450004,-0.0021608365,-0.0012187964,-4.3637752e-05,0.3198309,-0.0024792808,-0.005549662,-0.0030374709,-0.008838554
ATAC_BRF1,-0.0010865488,0.17175163,0.18747623,-0.0037047737,0.10026294,-0.0063729724,0.13824922,-0.003848189,-0.0021626852,-0.0012217545,-4.1193365e-05,0.32011133,-0.0024821549,-0.00554896,-0.0030339363,-0.008839902
ATAC_BRIX1,-0.0010877977,0.17144857,0.1876833,-0.0037049602,0.100572705,-0.006372791,0.138077,-0.0038450004,-0.0021608365,-0.0012187964,-4.3637752e-05,0.3198309,-0.0024792808,-0.005549662,-0.0030374709,-0.008838554
ATAC_BRPF1,-0.0010877977,0.17144857,0.1876833,-0.0037049602,0.100572705,-0.006372791,0.138077,-0.0038450004,-0.0021608365,-0.0012187964,-4.3637752e-05,0.3198309,-0.0024792808,-0.005549662,-0.0030374709,-0.008838554
ATAC_BSX,-0.0010877977,0.17144857,0.1876833,-0.0037049602,0.100572705,-0.006372791,0.138077,-0.0038450004,-0.0021608365,-0.0012187964,-4.3637752e-05,0.3198309,-0.0024792808,-0.005549662,-0.0030374709,-0.008838554
ATAC_BTBD17,-0.001507132,0.18077923,0.09198336,-0.0031377012,0.113401845,-0.006761426,0.07194908,-0.0030462826,-0.0031032118,-0.0022621867,-0.00018653348,0.23050334,-0.0028791283,-0.005205046,-0.0033815864,-0.008723939
ATAC_BTBD6,-0.0010877977,0.17144857,0.1876833,-0.0037049602,0.100572705,-0.006372791,0.138077,-0.0038450004,-0.0021608365,-0.0012187964,-4.3637752e-05,0.3198309,-0.0024792808,-0.005549662,-0.0030374709,-0.008838554
ATAC_BTBD8,-0.0010877977,0.17144857,0.1876833,-0.0037049602,0.100572705,-0.006372791,0.138077,-0.0038450004,-0.0021608365,-0.0012187964,-4.3637752e-05,0.3198309,-0.0024792808,-0.005549662,-0.0030374709,-0.008838554
ATAC_BTG3-AS1,-0.0010827201,0.17221534,0.18773453,-0.0037098299,0.09967679,-0.006372278,0.1379404,-0.0038487294,-0.0021521854,-0.001214117,-4.2605698e-05,0.3190115,-0.0024717343,-0.005547055,-0.003045626,-0.0088465875
ATAC_BTN3A1,-0.0010877977,0.17144857,0.1876833,-0.0037049602,0.100572705,-0.006372791,0.138077,-0.0038450004,-0.0021608365,-0.0012187964,-4.3637752e-05,0.3198309,-0.0024792808,-0.005549662,-0.0030374709,-0.008838554
ATAC_BTRC,-0.0010869089,0.17134966,0.18782078,-0.0036940794,0.100582406,-0.006382549,0.13769183,-0.0038530873,-0.0021651604,-0.0012235153,-5.4287164e-05,0.32054484,-0.0024698982,-0.005544982,-0.0030479955,-0.008847117
ATAC_C10orf95,-0.0010877977,0.17144857,0.1876833,-0.0037049602,0.100572705,-0.006372791,0.138077,-0.0038450004,-0.0021608365,-0.0012187964,-4.3637752e-05,0.3198309,-0.0024792808,-0.005549662,-0.0030374709,-0.008838554
ATAC_C11orf52,-0.0010877977,0.17144857,0.1876833,-0.0037049602,0.100572705,-0.006372791,0.138077,-0.0038450004,-0.0021608365,-0.0012187964,-4.3637752e-05,0.3198309,-0.0024792808,-0.005549662,-0.0030374709,-0.008838554
ATAC_C11orf65,-0.0010877977,0.17144857,0.1876833,-0.0037049602,0.100572705,-0.006372791,0.138077,-0.0038450004,-0.0021608365,-0.0012187964,-4.3637752e-05,0.3198309,-0.0024792808,-0.005549662,-0.0030374709,-0.008838554
ATAC_C12orf42,-0.0010877977,0.17144857,0.1876833,-0.0037049602,0.100572705,-0.006372791,0.138077,-0.0038450004,-0.0021608365,-0.0012187964,-4.3637752e-05,0.3198309,-0.0024792808,-0.005549662,-0.0030374709,-0.008838554
ATAC_C15orf61,-0.0010877977,0.17144857,0.1876833,-0.0037049602,0.100572705,-0.006372791,0.138077,-0.0038450004,-0.0021608365,-0.0012187964,-4.3637752e-05,0.3198309,-0.0024792808,-0.005549662,-0.0030374709,-0.008838554
ATAC_C17orf80,-0.0010921574,0.17122777,0.18717916,-0.0037018275,0.100231886,-0.006369981,0.13741207,-0.0038436772,-0.0021610826,-0.0012123802,-4.996702e-05,0.3197165,-0.002474861,-0.005556675,-0.0030345058,-0.008831642
ATAC_C17orf99,-0.0010877977,0.17144857,0.1876833,-0.0037049602,0.100572705,-0.006372791,0.138077,-0.0038450004,-0.0021608365,-0.0012187964,-4.3637752e-05,0.3198309,-0.0024792808,-0.005549662,-0.0030374709,-0.008838554
ATAC_C19orf25,-0.0010877977,0.17144857,0.1876833,-0.0037049602,0.100572705,-0.006372791,0.138077,-0.0038450004,-0.0021608365,-0.0012187964,-4.3637752e-05,0.3198309,-0.0024792808,-0.005549662,-0.0030374709,-0.008838554
ATAC_C19orf84,-0.0010888542,0.17235915,0.18812059,-0.0036913478,0.100623675,-0.006379894,0.13929024,-0.003855944,-0.0021685609,-0.0012154165,-5.6066958e-05,0.31897217,-0.002493243,-0.005536244,-0.0030284035,-0.0088438485
ATAC_C1QL4,-0.0010877977,0.17144857,0.1876833,-0.0037049602,0.100572705,-0.006372791,0.138077,-0.0038450004,-0.0021608365,-0.0012187964,-4.3637752e-05,0.3198309,-0.0024792808,-0.005549662,-0.0030374709,-0.008838554
ATAC_C1QTNF12,-0.0010877977,0.17144857,0.1876833,-0.0037049602,0.100572705,-0.006372791,0.138077,-0.0038450004,-0.0021608365,-0.0012187964,-4.3637752e-05,0.3198309,-0.0024792808,-0.005549662,-0.0030374709,-0.008838554
ATAC_C1orf141,-0.0010877977,0.17144857,0.1876833,-0.0037049602,0.100572705,-0.006372791,0.138077,-0.0038450004,-0.0021608365,-0.0012187964,-4.3637752e-05,0.3198309,-0.0024792808,-0.005549662,-0.0030374709,-0.008838554
ATAC_C1orf159,-0.0010856953,0.17129393,0.18773861,-0.0037053262,0.10075045,-0.006372735,0.13824686,-0.0038431557,-0.00216225,-0.0012167731,-4.5306533e-05,0.31982026,-0.0024798694,-0.0055504977,-0.0030383659,-0.008836006
ATAC_C1orf35,-0.0010854688,0.1711931,0.18703876,-0.0036925934,0.10176022,-0.0063687433,0.13710022,-0.0038363712,-0.00216816,-0.0012107297,-5.571574e-05,0.31890267,-0.002474257,-0.00555305,-0.0030352746,-0.00882335
ATAC_C2CD4B,-0.0010877977,0.17144857,0.1876833,-0.0037049602,0.100572705,-0.006372791,0.138077,-0.0038450004,-0.0021608365,-0.0012187964,-4.3637752e-05,0.3198309,-0.0024792808,-0.005549662,-0.0030374709,-0.008838554
ATAC_C3orf52,-0.0010877977,0.17144857,0.1876833,-0.0037049602,0.100572705,-0.006372791,0.138077,-0.0038450004,-0.0021608365,-0.0012187964,-4.3637752e-05,0.3198309,-0.0024792808,-0.005549662,-0.0030374709,-0.008838554
ATAC_C4BPA,-0.0010877977,0.17144857,0.1876833,-0.0037049602,0.100572705,-0.006372791,0.138077,-0.0038450004,-0.0021608365,-0.0012187964,-4.3637752e-05,0.3198309,-0.0024792808,-0.005549662,-0.0030374709,-0.008838554
ATAC_C5orf67,-0.001089381,0.171263,0.18739955,-0.0037050454,0.100506864,-0.006373759,0.13777393,-0.0038477725,-0.0021629855,-0.001217528,-4.0855408e-05,0.32003343,-0.002479988,-0.0055524837,-0.0030372138,-0.008838606
ATAC_C6orf141,-0.0010869089,0.17134966,0.18782078,-0.0036940794,0.100582406,-0.006382549,0.13769183,-0.0038530873,-0.0021651604,-0.0012235153,-5.4287164e-05,0.32054484,-0.0024698982,-0.005544982,-0.0030479955,-0.008847117
ATAC_C7orf31,-0.0010877977,0.17144857,0.1876833,-0.0037049602,0.100572705,-0.006372791,0.138077,-0.0038450004,-0.0021608365,-0.0012187964,-4.3637752e-05,0.3198309,-0.0024792808,-0.005549662,-0.0030374709,-0.008838554
ATAC_CA6,-0.00086878025,0.13297671,0.1953061,-0.0037054007,0.09132304,-0.0061247097,0.1678289,-0.0037718385,-0.0017242831,-0.0013315682,-0.00016426771,0.31021953,-0.0023178183,-0.005418307,-0.0034319286,-0.008577738
ATAC_CACNA1C-AS1,-0.0010865865,0.17132783,0.18773906,-0.0037042361,0.10051662,-0.006373171,0.13807106,-0.003844433,-0.0021615266,-0.0012198209,-4.311681e-05,0.31986457,-0.0024797171,-0.005550358,-0.0030363512,-0.008839263
ATAC_CACNA1H,-0.0010877977,0.17144857,0.1876833,-0.0037049602,0.100572705,-0.006372791,0.138077,-0.0038450004,-0.0021608365,-0.0012187964,-4.3637752e-05,0.3198309,-0.0024792808,-0.005549662,-0.0030374709,-0.008838554
ATAC_CACNA2D2,-0.0010877977,0.17144857,0.1876833,-0.0037049602,0.100572705,-0.006372791,0.138077,-0.0038450004,-0.0021608365,-0.0012187964,-4.3637752e-05,0.3198309,-0.0024792808,-0.005549662,-0.0030374709,-0.008838554
ATAC_CADM1,-0.0010856953,0.17129393,0.18773861,-0.0037053262,0.10075045,-0.006372735,0.13824686,-0.0038431557,-0.00216225,-0.0012167731,-4.5306533e-05,0.31982026,-0.0024798694,-0.0055504977,-0.0030383659,-0.008836006
ATAC_CADM2,-0.0010854688,0.1711931,0.18703876,-0.0036925934,0.10176022,-0.0063687433,0.13710022,-0.0038363712,-0.00216816,-0.0012107297,-5.571574e-05,0.31890267,-0.002474257,-0.00555305,-0.0030352746,-0.00882335
ATAC_CALB2,-0.0010877977,0.17144857,0.1876833,-0.0037049602,0.100572705,-0.006372791,0.138077,-0.0038450004,-0.0021608365,-0.0012187964,-4.3637752e-05,0.3198309,-0.0024792808,-0.005549662,-0.0030374709,-0.008838554
ATAC_CAMTA1-DT,-0.0021615177,0.14144996,0.11857672,-0.0031773937,0.15636832,-0.0053869495,0.036642246,-0.0029794173,-0.0026040338,-0.0018611003,-0.00025664805,0.37024134,-0.002145187,-0.005571729,-0.0016876009,-0.007338565
ATAC_CAPN12,-0.0010877977,0.17144857,0.1876833,-0.0037049602,0.100572705,-0.006372791,0.138077,-0.0038450004,-0.0021608365,-0.0012187964,-4.3637752e-05,0.3198309,-0.0024792808,-0.005549662,-0.0030374709,-0.008838554
ATAC_CAPRIN2,-0.0010877977,0.17144857,0.1876833,-0.0037049602,0.100572705,-0.006372791,0.138077,-0.0038450004,-0.0021608365,-0.0012187964,-4.3637752e-05,0.3198309,-0.0024792808,-0.005549662,-0.0030374709,-0.008838554
ATAC_CARMIL2,-0.0010877977,0.17144857,0.1876833,-0.0037049602,0.100572705,-0.006372791,0.138077,-0.0038450004,-0.0021608365,-0.0012187964,-4.3637752e-05,0.3198309,-0.0024792808,-0.005549662,-0.0030374709,-0.008838554
ATAC_CARNS1,-0.0010877977,0.17144857,0.1876833,-0.0037049602,0.100572705,-0.006372791,0.138077,-0.0038450004,-0.0021608365,-0.0012187964,-4.3637752e-05,0.3198309,-0.0024792808,-0.005549662,-0.0030374709,-0.008838554
ATAC_CASKIN1,-0.0010877977,0.17144857,0.1876833,-0.0037049602,0.100572705,-0.006372791,0.138077,-0.0038450004,-0.0021608365,-0.0012187964,-4.3637752e-05,0.3198309,-0.0024792808,-0.005549662,-0.0030374709,-0.008838554
ATAC_CASP8,-0.0010854688,0.1711931,0.18703876,-0.0036925934,0.10176022,-0.0063687433,0.13710022,-0.0038363712,-0.00216816,-0.0012107297,-5.571574e-05,0.31890267,-0.002474257,-0.00555305,-0.0030352746,-0.00882335
ATAC_CASP8AP2,-0.0010877977,0.17144857,0.1876833,-0.0037049602,0.100572705,-0.006372791,0.138077,-0.0038450004,-0.0021608365,-0.0012187964,-4.3637752e-05,0.3198309,-0.0024792808,-0.005549662,-0.0030374709,-0.008838554
ATAC_CBFB,-0.0010877977,0.17144857,0.1876833,-0.0037049602,0.100572705,-0.006372791,0.138077,-0.0038450004,-0.0021608365,-0.0012187964,-4.3637752e-05,0.3198309,-0.0024792808,-0.005549662,-0.0030374709,-0.008838554
ATAC_CBX4,-0.0010877977,0.17144857,0.1876833,-0.0037049602,0.100572705,-0.006372791,0.138077,-0.0038450004,-0.0021608365,-0.0012187964,-4.3637752e-05,0.3198309,-0.0024792808,-0.005549662,-0.0030374709,-0.008838554
ATAC_CCDC134,-0.0010877977,0.17144857,0.1876833,-0.0037049602,0.100572705,-0.006372791,0.138077,-0.0038450004,-0.0021608365,-0.0012187964,-4.3637752e-05,0.3198309,-0.0024792808,-0.005549662,-0.0030374709,-0.008838554
ATAC_CCDC141,-0.0010877977,0.17144857,0.1876833,-0.0037049602,0.100572705,-0.006372791,0.138077,-0.0038450004,-0.0021608365,-0.0012187964,-4.3637752e-05,0.3198309,-0.0024792808,-0.005549662,-0.0030374709,-0.008838554
ATAC_CCDC15-DT,0.03431277,0.040421046,0.23776652,-0.0037278633,0.05029433,-0.005605338,0.24547558,-0.005074939,-0.0031404165,-0.00063511956,-0.0006497684,0.35081488,-0.0024347692,-0.005445791,-0.0030489166,-0.0073359087
ATAC_CCDC158,-0.0010087709,0.1689938,0.18310411,-0.0037119465,0.10461819,-0.0064370716,0.12895915,-0.00390555,-0.0020991147,-0.0013152703,-9.14064e-05,0.31548157,-0.0023695433,-0.00561105,-0.003098632,-0.00880173
ATAC_CCDC171,-0.0010877977,0.17144857,0.1876833,-0.0037049602,0.100572705,-0.006372791,0.138077,-0.0038450004,-0.0021608365,-0.0012187964,-4.3637752e-05,0.3198309,-0.0024792808,-0.005549662,-0.0030374709,-0.008838554
ATAC_CCDC34,-0.0010877977,0.17144857,0.1876833,-0.0037049602,0.100572705,-0.006372791,0.138077,-0.0038450004,-0.0021608365,-0.0012187964,-4.3637752e-05,0.3198309,-0.0024792808,-0.005549662,-0.0030374709,-0.008838554
ATAC_CCDC42,-0.0011537647,0.16816655,0.1970344,-0.003797574,0.09833139,-0.0063705854,0.122163825,-0.0039042453,-0.0022116425,-0.0011011281,0.00419046,0.32505834,-0.002397596,-0.005446845,-0.0031328867,-0.0088060945
ATAC_CCDC62,-0.0010827201,0.17221534,0.18773453,-0.0037098299,0.09967679,-0.006372278,0.1379404,-0.0038487294,-0.0021521854,-0.001214117,-4.2605698e-05,0.3190115,-0.0024717343,-0.005547055,-0.003045626,-0.0088465875
ATAC_CCER2,-0.0010877977,0.17144857,0.1876833,-0.0037049602,0.100572705,-0.006372791,0.138077,-0.0038450004,-0.0021608365,-0.0012187964,-4.3637752e-05,0.3198309,-0.0024792808,-0.005549662,-0.0030374709,-0.008838554
ATAC_CCKBR,-0.0010865488,0.17175163,0.18747623,-0.0037047737,0.10026294,-0.0063729724,0.13824922,-0.003848189,-0.0021626852,-0.0012217545,-4.1193365e-05,0.32011133,-0.0024821549,-0.00554896,-0.0030339363,-0.008839902
ATAC_CCL22,-0.0010877977,0.17144857,0.1876833,-0.0037049602,0.100572705,-0.006372791,0.138077,-0.0038450004,-0.0021608365,-0.0012187964,-4.3637752e-05,0.3198309,-0.0024792808,-0.005549662,-0.0030374709,-0.008838554
ATAC_CCL3,-0.0010877025,0.17143157,0.18762662,-0.0037047588,0.100559175,-0.006372378,0.13808808,-0.0038446714,-0.0021609736,-0.0012192121,-4.4115484e-05,0.31978244,-0.0024791057,-0.005549787,-0.003037439,-0.008838984
ATAC_CCL4,-0.0010877977,0.17144857,0.1876833,-0.0037049602,0.100572705,-0.006372791,0.138077,-0.0038450004,-0.0021608365,-0.0012187964,-4.3637752e-05,0.3198309,-0.0024792808,-0.005549662,-0.0030374709,-0.008838554
ATAC_CCL4L2,-0.001089381,0.171263,0.18739955,-0.0037050454,0.100506864,-0.006373759,0.13777393,-0.0038477725,-0.0021629855,-0.001217528,-4.0855408e-05,0.32003343,-0.002479988,-0.0055524837,-0.0030372138,-0.008838606
ATAC_CCL5,-0.0010827201,0.17221534,0.18773453,-0.0037098299,0.09967679,-0.006372278,0.1379404,-0.0038487294,-0.0021521854,-0.001214117,-4.2605698e-05,0.3190115,-0.0024717343,-0.005547055,-0.003045626,-0.0088465875
ATAC_CCND2,-0.0010827201,0.17221534,0.18773453,-0.0037098299,0.09967679,-0.006372278,0.1379404,-0.0038487294,-0.0021521854,-0.001214117,-4.2605698e-05,0.3190115,-0.0024717343,-0.005547055,-0.003045626,-0.0088465875
ATAC_CCNI2,-0.0010877977,0.17144857,0.1876833,-0.0037049602,0.100572705,-0.006372791,0.138077,-0.0038450004,-0.0021608365,-0.0012187964,-4.3637752e-05,0.3198309,-0.0024792808,-0.005549662,-0.0030374709,-0.008838554
ATAC_CCR6,0.03431277,0.040421046,0.23776652,-0.0037278633,0.05029433,-0.005605338,0.24547558,-0.005074939,-0.0031404165,-0.00063511956,-0.0006497684,0.35081488,-0.0024347692,-0.005445791,-0.0030489166,-0.0073359087
ATAC_CCSER1,-0.0010877977,0.17144857,0.1876833,-0.0037049602,0.100572705,-0.006372791,0.138077,-0.0038450004,-0.0021608365,-0.0012187964,-4.3637752e-05,0.3198309,-0.0024792808,-0.005549662,-0.0030374709,-0.008838554
ATAC_CD160,-0.0010877977,0.17144857,0.1876833,-0.0037049602,0.100572705,-0.006372791,0.138077,-0.0038450004,-0.0021608365,-0.0012187964,-4.3637752e-05,0.3198309,-0.0024792808,-0.005549662,-0.0030374709,-0.008838554
ATAC_CD200R1L,-0.0010877977,0.17144857,0.1876833,-0.0037049602,0.100572705,-0.006372791,0.138077,-0.0038450004,-0.0021608365,-0.0012187964,-4.3637752e-05,0.3198309,-0.0024792808,-0.005549662,-0.0030374709,-0.008838554
ATAC_CD226,-0.0010877977,0.17144857,0.1876833,-0.0037049602,0.100572705,-0.006372791,0.138077,-0.0038450004,-0.0021608365,-0.0012187964,-4.3637752e-05,0.3198309,-0.0024792808,-0.005549662,-0.0030374709,-0.008838554
ATAC_CD28,-0.0010877025,0.17143157,0.18762662,-0.0037047588,0.100559175,-0.006372378,0.13808808,-0.0038446714,-0.0021609736,-0.0012192121,-4.4115484e-05,0.31978244,-0.0024791057,-0.005549787,-0.003037439,-0.008838984
ATAC_CD320,-0.0010877977,0.17144857,0.1876833,-0.0037049602,0.100572705,-0.006372791,0.138077,-0.0038450004,-0.0021608365,-0.0012187964,-4.3637752e-05,0.3198309,-0.0024792808,-0.005549662,-0.0030374709,-0.008838554
ATAC_CD38,-0.001085863,0.1716146,0.18749778,-0.0037071973,0.100358926,-0.006372774,0.13771182,-0.0038471832,-0.0021593906,-0.0012185036,-4.5378507e-05,0.31967813,-0.002479201,-0.0055534965,-0.0030404676,-0.00883946
ATAC_CD40LG,-0.001085407,0.17205968,0.18749638,-0.003699575,0.09980859,-0.0063624983,0.13736963,-0.0038411943,-0.002152097,-0.0012119242,-4.73845e-05,0.31911975,-0.0024809137,-0.005560232,-0.0030426607,-0.00884221
ATAC_CD5L,-0.0010888542,0.17235915,0.18812059,-0.0036913478,0.100623675,-0.006379894,0.13929024,-0.003855944,-0.0021685609,-0.0012154165,-5.6066958e-05,0.31897217,-0.002493243,-0.005536244,-0.0030284035,-0.0088438485
ATAC_CD7,-0.0010877977,0.17144857,0.1876833,-0.0037049602,0.100572705,-0.006372791,0.138077,-0.0038450004,-0.0021608365,-0.0012187964,-4.3637752e-05,0.3198309,-0.0024792808,-0.005549662,-0.0030374709,-0.008838554
ATAC_CD79A,-0.0010877977,0.17144857,0.1876833,-0.0037049602,0.100572705,-0.006372791,0.138077,-0.0038450004,-0.0021608365,-0.0012187964,-4.3637752e-05,0.3198309,-0.0024792808,-0.005549662,-0.0030374709,-0.008838554
ATAC_CD8A,-0.0010877977,0.17144857,0.1876833,-0.0037049602,0.100572705,-0.006372791,0.138077,-0.0038450004,-0.0021608365,-0.0012187964,-4.3637752e-05,0.3198309,-0.0024792808,-0.005549662,-0.0030374709,-0.008838554
ATAC_CDC14B,-0.0011537647,0.16816655,0.1970344,-0.003797574,0.09833139,-0.0063705854,0.122163825,-0.0039042453,-0.0022116425,-0.0011011281,0.00419046,0.32505834,-0.002397596,-0.005446845,-0.0031328867,-0.0088060945
ATAC_CDC25C,-0.0010877977,0.17144857,0.1876833,-0.0037049602,0.100572705,-0.006372791,0.138077,-0.0038450004,-0.0021608365,-0.0012187964,-4.3637752e-05,0.3198309,-0.0024792808,-0.005549662,-0.0030374709,-0.008838554
ATAC_CDC42-AS1,-0.0010877977,0.17144857,0.1876833,-0.0037049602,0.100572705,-0.006372791,0.138077,-0.0038450004,-0.0021608365,-0.0012187964,-4.3637752e-05,0.3198309,-0.0024792808,-0.005549662,-0.0030374709,-0.008838554
ATAC_CDH2,-0.0010877977,0.17144857,0.1876833,-0.0037049602,0.100572705,-0.006372791,0.138077,-0.0038450004,-0.0021608365,-0.0012187964,-4.3637752e-05,0.3198309,-0.0024792808,-0.005549662,-0.0030374709,-0.008838554
ATAC_CDHR1,-0.0010877977,0.17144857,0.1876833,-0.0037049602,0.100572705,-0.006372791,0.138077,-0.0038450004,-0.0021608365,-0.0012187964,-4.3637752e-05,0.3198309,-0.0024792808,-0.005549662,-0.0030374709,-0.008838554
ATAC_CDHR3,-0.0010877977,0.17144857,0.1876833,-0.0037049602,0.100572705,-0.006372791,0.138077,-0.0038450004,-0.0021608365,-0.0012187964,-4.3637752e-05,0.3198309,-0.0024792808,-0.005549662,-0.0030374709,-0.008838554
ATAC_CDK5RAP2,-0.0010877977,0.17144857,0.1876833,-0.0037049602,0.100572705,-0.006372791,0.138077,-0.0038450004,-0.0021608365,-0.0012187964,-4.3637752e-05,0.3198309,-0.0024792808,-0.005549662,-0.0030374709,-0.008838554
ATAC_CDK9,-0.0010877977,0.17144857,0.1876833,-0.0037049602,0.100572705,-0.006372791,0.138077,-0.0038450004,-0.0021608365,-0.0012187964,-4.3637752e-05,0.3198309,-0.0024792808,-0.005549662,-0.0030374709,-0.008838554
ATAC_CDKN1C,-0.0010877977,0.17144857,0.1876833,-0.0037049602,0.100572705,-0.006372791,0.138077,-0.0038450004,-0.0021608365,-0.0012187964,-4.3637752e-05,0.3198309,-0.0024792808,-0.005549662,-0.0030374709,-0.008838554
ATAC_CDO1,-0.0010877977,0.17144857,0.1876833,-0.0037049602,0.100572705,-0.006372791,0.138077,-0.0038450004,-0.0021608365,-0.0012187964,-4.3637752e-05,0.3198309,-0.0024792808,-0.005549662,-0.0030374709,-0.008838554
ATAC_CEACAM21,-0.001415606,0.13767102,0.22393946,-0.0036318623,0.08875791,-0.0060442677,0.12835969,-0.003429686,-0.0018784519,-0.0009765511,-1.9599645e-05,0.3178013,-0.002464551,-0.0058472594,-0.003147152,-0.009011823
ATAC_CEBPD,-0.0010877977,0.17144857,0.1876833,-0.0037049602,0.100572705,-0.006372791,0.138077,-0.0038450004,-0.0021608365,-0.0012187964,-4.3637752e-05,0.3198309,-0.0024792808,-0.005549662,-0.0030374709,-0.008838554
ATAC_CELF5,-0.0010877977,0.17144857,0.1876833,-0.0037049602,0.100572705,-0.006372791,0.138077,-0.0038450004,-0.0021608365,-0.0012187964,-4.3637752e-05,0.3198309,-0.0024792808,-0.005549662,-0.0030374709,-0.008838554
ATAC_CENPM,-0.001085407,0.17205968,0.18749638,-0.003699575,0.09980859,-0.0063624983,0.13736963,-0.0038411943,-0.002152097,-0.0012119242,-4.73845e-05,0.31911975,-0.0024809137,-0.005560232,-0.0030426607,-0.00884221
ATAC_CENPV,-0.0010877977,0.17144857,0.1876833,-0.0037049602,0.100572705,-0.006372791,0.138077,-0.0038450004,-0.0021608365,-0.0012187964,-4.3637752e-05,0.3198309,-0.0024792808,-0.005549662,-0.0030374709,-0.008838554
ATAC_CEP126,-0.0010877977,0.17144857,0.1876833,-0.0037049602,0.100572705,-0.006372791,0.138077,-0.0038450004,-0.0021608365,-0.0012187964,-4.3637752e-05,0.3198309,-0.0024792808,-0.005549662,-0.0030374709,-0.008838554
ATAC_CEP128,-0.0010877977,0.17144857,0.1876833,-0.0037049602,0.100572705,-0.006372791,0.138077,-0.0038450004,-0.0021608365,-0.0012187964,-4.3637752e-05,0.3198309,-0.0024792808,-0.005549662,-0.0030374709,-0.008838554
ATAC_CEP19,-0.0010877977,0.17144857,0.1876833,-0.0037049602,0.100572705,-0.006372791,0.138077,-0.0038450004,-0.0021608365,-0.0012187964,-4.3637752e-05,0.3198309,-0.0024792808,-0.005549662,-0.0030374709,-0.008838554
ATAC_CEP295,-0.0002692328,0.27971274,0.22195147,-0.0037043164,0.082768336,-0.0067989584,0.22432944,-0.004607583,-0.0010071482,-0.001748669,0.025050335,0.2262759,-0.0034180966,-0.0048718187,-0.002874353,-0.007857948
ATAC_CEP70,-0.0010877977,0.17144857,0.1876833,-0.0037049602,0.100572705,-0.006372791,0.138077,-0.0038450004,-0.0021608365,-0.0012187964,-4.3637752e-05,0.3198309,-0.0024792808,-0.005549662,-0.0030374709,-0.008838554
ATAC_CEP97,-0.0014155353,0.13766015,0.22389363,-0.0036315238,0.08873011,-0.006043939,0.1283564,-0.0034299337,-0.0018780165,-0.0009766864,-1.9938647e-05,0.31780326,-0.0024641682,-0.005846946,-0.0031468903,-0.009011415
ATAC_CERCAM,-0.0010877977,0.17144857,0.1876833,-0.0037049602,0.100572705,-0.006372791,0.138077,-0.0038450004,-0.0021608365,-0.0012187964,-4.3637752e-05,0.3198309,-0.0024792808,-0.005549662,-0.0030374709,-0.008838554
ATAC_CERNA1,-0.0010893948,0.17170428,0.18781026,-0.0037042182,0.10051927,-0.006372964,0.13823396,-0.003843957,-0.0021635708,-0.0012192575,-4.2905507e-05,0.31986904,-0.0024813018,-0.005548335,-0.0030379116,-0.008838243
ATAC_CFAP36,-0.0010877977,0.17144857,0.1876833,-0.0037049602,0.100572705,-0.006372791,0.138077,-0.0038450004,-0.0021608365,-0.0012187964,-4.3637752e-05,0.3198309,-0.0024792808,-0.005549662,-0.0030374709,-0.008838554
ATAC_CFAP44,-0.0010865488,0.17175163,0.18747623,-0.0037047737,0.10026294,-0.0063729724,0.13824922,-0.003848189,-0.0021626852,-0.0012217545,-4.1193365e-05,0.32011133,-0.0024821549,-0.00554896,-0.0030339363,-0.008839902
ATAC_CFAP61,-0.0010877977,0.17144857,0.1876833,-0.0037049602,0.100572705,-0.006372791,0.138077,-0.0038450004,-0.0021608365,-0.0012187964,-4.3637752e-05,0.3198309,-0.0024792808,-0.005549662,-0.0030374709,-0.008838554
ATAC_CFAP70,-0.0010877977,0.17144857,0.1876833,-0.0037049602,0.100572705,-0.006372791,0.138077,-0.0038450004,-0.0021608365,-0.0012187964,-4.3637752e-05,0.3198309,-0.0024792808,-0.005549662,-0.0030374709,-0.008838554
ATAC_CFAP74,-0.0002692328,0.27971274,0.22195147,-0.0037043164,0.082768336,-0.0067989584,0.22432944,-0.004607583,-0.0010071482,-0.001748669,0.025050335,0.2262759,-0.0034180966,-0.0048718187,-0.002874353,-0.007857948
ATAC_CFAP97,-0.0010877977,0.17144857,0.1876833,-0.0037049602,0.100572705,-0.006372791,0.138077,-0.0038450004,-0.0021608365,-0.0012187964,-4.3637752e-05,0.3198309,-0.0024792808,-0.005549662,-0.0030374709,-0.008838554
ATAC_CFAP97D2,-0.0010877977,0.17144857,0.1876833,-0.0037049602,0.100572705,-0.006372791,0.138077,-0.0038450004,-0.0021608365,-0.0012187964,-4.3637752e-05,0.3198309,-0.0024792808,-0.005549662,-0.0030374709,-0.008838554
ATAC_CFB,-0.0010877977,0.17144857,0.1876833,-0.0037049602,0.100572705,-0.006372791,0.138077,-0.0038450004,-0.0021608365,-0.0012187964,-4.3637752e-05,0.3198309,-0.0024792808,-0.005549662,-0.0030374709,-0.008838554
ATAC_CHAC1,-0.0010877977,0.17144857,0.1876833,-0.0037049602,0.100572705,-0.006372791,0.138077,-0.0038450004,-0.0021608365,-0.0012187964,-4.3637752e-05,0.3198309,-0.0024792808,-0.005549662,-0.0030374709,-0.008838554
ATAC_CHD7,-0.0010877977,0.17144857,0.1876833,-0.0037049602,0.100572705,-0.006372791,0.138077,-0.0038450004,-0.0021608365,-0.0012187964,-4.3637752e-05,0.3198309,-0.0024792808,-0.005549662,-0.0030374709,-0.008838554
ATAC_CHI3L2,-0.0010856953,0.17129393,0.18773861,-0.0037053262,0.10075045,-0.006372735,0.13824686,-0.0038431557,-0.00216225,-0.0012167731,-4.5306533e-05,0.31982026,-0.0024798694,-0.0055504977,-0.0030383659,-0.008836006
ATAC_CHODL,-0.00097989,0.1947402,0.14321966,-0.0033408392,0.06775557,-0.0061183115,0.043905314,-0.0042611174,-0.00161165,-0.0017139093,0.019003928,0.33970845,-0.0015406046,-0.0044174194,-0.0024103618,-0.007840531
ATAC_CHRNA1,-0.0010877977,0.17144857,0.1876833,-0.0037049602,0.100572705,-0.006372791,0.138077,-0.0038450004,-0.0021608365,-0.0012187964,-4.3637752e-05,0.3198309,-0.0024792808,-0.005549662,-0.0030374709,-0.008838554
ATAC_CHRNA9,-0.0010888542,0.17235915,0.18812059,-0.0036913478,0.100623675,-0.006379894,0.13929024,-0.003855944,-0.0021685609,-0.0012154165,-5.6066958e-05,0.31897217,-0.002493243,-0.005536244,-0.0030284035,-0.0088438485
ATAC_CHST10,-0.0010877977,0.17144857,0.1876833,-0.0037049602,0.100572705,-0.006372791,0.138077,-0.0038450004,-0.0021608365,-0.0012187964,-4.3637752e-05,0.3198309,-0.0024792808,-0.005549662,-0.0030374709,-0.008838554
ATAC_CHST12,-0.0010087709,0.1689938,0.18310411,-0.0037119465,0.10461819,-0.0064370716,0.12895915,-0.00390555,-0.0020991147,-0.0013152703,-9.14064e-05,0.31548157,-0.0023695433,-0.00561105,-0.003098632,-0.00880173
ATAC_CHTF18,-0.0010877977,0.17144857,0.1876833,-0.0037049602,0.100572705,-0.006372791,0.138077,-0.0038450004,-0.0021608365,-0.0012187964,-4.3637752e-05,0.3198309,-0.0024792808,-0.005549662,-0.0030374709,-0.008838554
ATAC_CISH,-0.0010877977,0.17144857,0.1876833,-0.0037049602,0.100572705,-0.006372791,0.138077,-0.0038450004,-0.0021608365,-0.0012187964,-4.3637752e-05,0.3198309,-0.0024792808,-0.005549662,-0.0030374709,-0.008838554
ATAC_CKAP2L,-0.0010070595,0.16857202,0.18326832,-0.0037082427,0.1053302,-0.006440185,0.12921004,-0.0038967286,-0.0020882247,-0.0013126123,-0.0001005207,0.31495965,-0.0023603197,-0.0056017414,-0.0030871814,-0.008802484
ATAC_CKMT2,-0.0010877977,0.17144857,0.1876833,-0.0037049602,0.100572705,-0.006372791,0.138077,-0.0038450004,-0.0021608365,-0.0012187964,-4.3637752e-05,0.3198309,-0.0024792808,-0.005549662,-0.0030374709,-0.008838554
ATAC_CLDN16,-0.0010877977,0.17144857,0.1876833,-0.0037049602,0.100572705,-0.006372791,0.138077,-0.0038450004,-0.0021608365,-0.0012187964,-4.3637752e-05,0.3198309,-0.0024792808,-0.005549662,-0.0030374709,-0.008838554
ATAC_CLDN23,-0.0010877977,0.17144857,0.1876833,-0.0037049602,0.100572705,-0.006372791,0.138077,-0.0038450004,-0.0021608365,-0.0012187964,-4.3637752e-05,0.3198309,-0.0024792808,-0.005549662,-0.0030374709,-0.008838554
ATAC_CLEC2L,-0.0010877977,0.17144857,0.1876833,-0.0037049602,0.100572705,-0.006372791,0.138077,-0.0038450004,-0.0021608365,-0.0012187964,-4.3637752e-05,0.3198309,-0.0024792808,-0.005549662,-0.0030374709,-0.008838554
ATAC_CLIC3,-0.0010877977,0.17144857,0.1876833,-0.0037049602,0.100572705,-0.006372791,0.138077,-0.0038450004,-0.0021608365,-0.0012187964,-4.3637752e-05,0.3198309,-0.0024792808,-0.005549662,-0.0030374709,-0.008838554
ATAC_CLIC6,-0.0010877977,0.17144857,0.1876833,-0.0037049602,0.100572705,-0.006372791,0.138077,-0.0038450004,-0.0021608365,-0.0012187964,-4.3637752e-05,0.3198309,-0.0024792808,-0.005549662,-0.0030374709,-0.008838554
ATAC_CLSTN1,-0.0011537647,0.16816655,0.1970344,-0.003797574,0.09833139,-0.0063705854,0.122163825,-0.0039042453,-0.0022116425,-0.0011011281,0.00419046,0.32505834,-0.002397596,-0.005446845,-0.0031328867,-0.0088060945
ATAC_CLU,-0.001415606,0.13767102,0.22393946,-0.0036318623,0.08875791,-0.0060442677,0.12835969,-0.003429686,-0.0018784519,-0.0009765511,-1.9599645e-05,0.3178013,-0.002464551,-0.0058472594,-0.003147152,-0.009011823
ATAC_CLUAP1,-0.0010877977,0.17144857,0.1876833,-0.0037049602,0.100572705,-0.006372791,0.138077,-0.0038450004,-0.0021608365,-0.0012187964,-4.3637752e-05,0.3198309,-0.0024792808,-0.005549662,-0.0030374709,-0.008838554
ATAC_CLYBL,-0.0010865488,0.17175163,0.18747623,-0.0037047737,0.10026294,-0.0063729724,0.13824922,-0.003848189,-0.0021626852,-0.0012217545,-4.1193365e-05,0.32011133,-0.0024821549,-0.00554896,-0.0030339363,-0.008839902
ATAC_CMSS1,-0.0010877977,0.17144857,0.1876833,-0.0037049602,0.100572705,-0.006372791,0.138077,-0.0038450004,-0.0021608365,-0.0012187964,-4.3637752e-05,0.3198309,-0.0024792808,-0.005549662,-0.0030374709,-0.008838554
ATAC_CNIH3,-0.0010877977,0.17144857,0.1876833,-0.0037049602,0.100572705,-0.006372791,0.138077,-0.0038450004,-0.0021608365,-0.0012187964,-4.3637752e-05,0.3198309,-0.0024792808,-0.005549662,-0.0030374709,-0.008838554
ATAC_CNR2,-0.0010877977,0.17144857,0.1876833,-0.0037049602,0.100572705,-0.006372791,0.138077,-0.0038450004,-0.0021608365,-0.0012187964,-4.3637752e-05,0.3198309,-0.0024792808,-0.005549662,-0.0030374709,-0.008838554
ATAC_COG6,-0.0010131306,0.168773,0.18259995,-0.0037088143,0.10427737,-0.006434262,0.12829421,-0.0039042272,-0.0020993608,-0.0013088542,-9.773582e-05,0.31536722,-0.0023651232,-0.0056180633,-0.003095667,-0.008794818
ATAC_COIL,-0.0010877977,0.17144857,0.1876833,-0.0037049602,0.100572705,-0.006372791,0.138077,-0.0038450004,-0.0021608365,-0.0012187964,-4.3637752e-05,0.3198309,-0.0024792808,-0.005549662,-0.0030374709,-0.008838554
ATAC_COL12A1,-0.0010877977,0.17144857,0.1876833,-0.0037049602,0.100572705,-0.006372791,0.138077,-0.0038450004,-0.0021608365,-0.0012187964,-4.3637752e-05,0.3198309,-0.0024792808,-0.005549662,-0.0030374709,-0.008838554
ATAC_COLGALT2,-0.0011678158,0.14858851,0.16365261,-0.003686493,0.071097046,-0.0063657253,0.11185997,-0.0034876447,-0.0025749784,-0.0016636846,0.034579664,0.34003842,-0.001917877,-0.005492574,-0.0032438235,-0.009091101
ATAC_COLQ,-0.001507132,0.18077923,0.09198336,-0.0031377012,0.113401845,-0.006761426,0.07194908,-0.0030462826,-0.0031032118,-0.0022621867,-0.00018653348,0.23050334,-0.0028791283,-0.005205046,-0.0033815864,-0.008723939
ATAC_COMP,-0.0010877977,0.17144857,0.1876833,-0.0037049602,0.100572705,-0.006372791,0.138077,-0.0038450004,-0.0021608365,-0.0012187964,-4.3637752e-05,0.3198309,-0.0024792808,-0.005549662,-0.0030374709,-0.008838554
ATAC_CORO2A,-0.0010877977,0.17144857,0.1876833,-0.0037049602,0.100572705,-0.006372791,0.138077,-0.0038450004,-0.0021608365,-0.0012187964,-4.3637752e-05,0.3198309,-0.0024792808,-0.005549662,-0.0030374709,-0.008838554
ATAC_CPLX2,-0.0010877977,0.17144857,0.1876833,-0.0037049602,0.100572705,-0.006372791,0.138077,-0.0038450004,-0.0021608365,-0.0012187964,-4.3637752e-05,0.3198309,-0.0024792808,-0.005549662,-0.0030374709,-0.008838554
ATAC_CPLX3,-0.0010877977,0.17144857,0.1876833,-0.0037049602,0.100572705,-0.006372791,0.138077,-0.0038450004,-0.0021608365,-0.0012187964,-4.3637752e-05,0.3198309,-0.0024792808,-0.005549662,-0.0030374709,-0.008838554
ATAC_CPNE5,-0.0010877977,0.17144857,0.1876833,-0.0037049602,0.100572705,-0.006372791,0.138077,-0.0038450004,-0.0021608365,-0.0012187964,-4.3637752e-05,0.3198309,-0.0024792808,-0.005549662,-0.0030374709,-0.008838554
ATAC_CPNE6,-0.0010877977,0.17144857,0.1876833,-0.0037049602,0.100572705,-0.006372791,0.138077,-0.0038450004,-0.0021608365,-0.0012187964,-4.3637752e-05,0.3198309,-0.0024792808,-0.005549662,-0.0030374709,-0.008838554
ATAC_CPT1B,-0.0010877977,0.17144857,0.1876833,-0.0037049602,0.100572705,-0.006372791,0.138077,-0.0038450004,-0.0021608365,-0.0012187964,-4.3637752e-05,0.3198309,-0.0024792808,-0.005549662,-0.0030374709,-0.008838554
ATAC_CPVL,-0.0010877977,0.17144857,0.1876833,-0.0037049602,0.100572705,-0.006372791,0.138077,-0.0038450004,-0.0021608365,-0.0012187964,-4.3637752e-05,0.3198309,-0.0024792808,-0.005549662,-0.0030374709,-0.008838554
ATAC_CR2,-0.0010877977,0.17144857,0.1876833,-0.0037049602,0.100572705,-0.006372791,0.138077,-0.0038450004,-0.0021608365,-0.0012187964,-4.3637752e-05,0.3198309,-0.0024792808,-0.005549662,-0.0030374709,-0.008838554
ATAC_CRADD,-0.0010877977,0.17144857,0.1876833,-0.0037049602,0.100572705,-0.006372791,0.138077,-0.0038450004,-0.0021608365,-0.0012187964,-4.3637752e-05,0.3198309,-0.0024792808,-0.005549662,-0.0030374709,-0.008838554
ATAC_CREB5,-0.0010865488,0.17175163,0.18747623,-0.0037047737,0.10026294,-0.0063729724,0.13824922,-0.003848189,-0.0021626852,-0.0012217545,-4.1193365e-05,0.32011133,-0.0024821549,-0.00554896,-0.0030339363,-0.008839902
ATAC_CRHR1,-0.0010877025,0.17143157,0.18762662,-0.0037047588,0.100559175,-0.006372378,0.13808808,-0.0038446714,-0.0021609736,-0.0012192121,-4.4115484e-05,0.31978244,-0.0024791057,-0.005549787,-0.003037439,-0.008838984
ATAC_CRIM1-DT,-0.0010877977,0.17144857,0.1876833,-0.0037049602,0.100572705,-0.006372791,0.138077,-0.0038450004,-0.0021608365,-0.0012187964,-4.3637752e-05,0.3198309,-0.0024792808,-0.005549662,-0.0030374709,-0.008838554
ATAC_CRIP2,-0.0010877977,0.17144857,0.1876833,-0.0037049602,0.100572705,-0.006372791,0.138077,-0.0038450004,-0.0021608365,-0.0012187964,-4.3637752e-05,0.3198309,-0.0024792808,-0.005549662,-0.0030374709,-0.008838554
ATAC_CRISPLD1,-0.0010877977,0.17144857,0.1876833,-0.0037049602,0.100572705,-0.006372791,0.138077,-0.0038450004,-0.0021608365,-0.0012187964,-4.3637752e-05,0.3198309,-0.0024792808,-0.005549662,-0.0030374709,-0.008838554
ATAC_CRTAM,-0.0010877977,0.17144857,0.1876833,-0.0037049602,0.100572705,-0.006372791,0.138077,-0.0038450004,-0.0021608365,-0.0012187964,-4.3637752e-05,0.3198309,-0.0024792808,-0.005549662,-0.0030374709,-0.008838554
ATAC_CRTC1,-0.0010877977,0.17144857,0.1876833,-0.0037049602,0.100572705,-0.006372791,0.138077,-0.0038450004,-0.0021608365,-0.0012187964,-4.3637752e-05,0.3198309,-0.0024792808,-0.005549662,-0.0030374709,-0.008838554
ATAC_CRYBB1,-0.0010877977,0.17144857,0.1876833,-0.0037049602,0.100572705,-0.006372791,0.138077,-0.0038450004,-0.0021608365,-0.0012187964,-4.3637752e-05,0.3198309,-0.0024792808,-0.005549662,-0.0030374709,-0.008838554
ATAC_CSF3R,-0.0010877977,0.17144857,0.1876833,-0.0037049602,0.100572705,-0.006372791,0.138077,-0.0038450004,-0.0021608365,-0.0012187964,-4.3637752e-05,0.3198309,-0.0024792808,-0.005549662,-0.0030374709,-0.008838554
ATAC_CSRNP2,-0.0010877977,0.17144857,0.1876833,-0.0037049602,0.100572705,-0.006372791,0.138077,-0.0038450004,-0.0021608365,-0.0012187964,-4.3637752e-05,0.3198309,-0.0024792808,-0.005549662,-0.0030374709,-0.008838554
ATAC_CST7,-0.0010877977,0.17144857,0.1876833,-0.0037049602,0.100572705,-0.006372791,0.138077,-0.0038450004,-0.0021608365,-0.0012187964,-4.3637752e-05,0.3198309,-0.0024792808,-0.005549662,-0.0030374709,-0.008838554
ATAC_CSTF3-DT,-0.0010877977,0.17144857,0.1876833,-0.0037049602,0.100572705,-0.006372791,0.138077,-0.0038450004,-0.0021608365,-0.0012187964,-4.3637752e-05,0.3198309,-0.0024792808,-0.005549662,-0.0030374709,-0.008838554
ATAC_CT70,-0.0010877977,0.17144857,0.1876833,-0.0037049602,0.100572705,-0.006372791,0.138077,-0.0038450004,-0.0021608365,-0.0012187964,-4.3637752e-05,0.3198309,-0.0024792808,-0.005549662,-0.0030374709,-0.008838554
ATAC_CTH,-0.0010869089,0.17134966,0.18782078,-0.0036940794,0.100582406,-0.006382549,0.13769183,-0.0038530873,-0.0021651604,-0.0012235153,-5.4287164e-05,0.32054484,-0.0024698982,-0.005544982,-0.0030479955,-0.008847117
ATAC_CTLA4,-0.0010869697,0.17164974,0.18753345,-0.003706244,0.100386135,-0.00637331,0.13789554,-0.003845286,-0.0021619624,-0.0012192393,-4.4535398e-05,0.31975633,-0.0024776226,-0.0055519105,-0.003038693,-0.0088396
ATAC_CTNND2,-0.0010877977,0.17144857,0.1876833,-0.0037049602,0.100572705,-0.006372791,0.138077,-0.0038450004,-0.0021608365,-0.0012187964,-4.3637752e-05,0.3198309,-0.0024792808,-0.005549662,-0.0030374709,-0.008838554
ATAC_CTRB1,-0.0010827201,0.17221534,0.18773453,-0.0037098299,0.09967679,-0.006372278,0.1379404,-0.0038487294,-0.0021521854,-0.001214117,-4.2605698e-05,0.3190115,-0.0024717343,-0.005547055,-0.003045626,-0.0088465875
ATAC_CTSW,-0.0010877977,0.17144857,0.1876833,-0.0037049602,0.100572705,-0.006372791,0.138077,-0.0038450004,-0.0021608365,-0.0012187964,-4.3637752e-05,0.3198309,-0.0024792808,-0.005549662,-0.0030374709,-0.008838554
ATAC_CUBN,-0.0010877977,0.17144857,0.1876833,-0.0037049602,0.100572705,-0.006372791,0.138077,-0.0038450004,-0.0021608365,-0.0012187964,-4.3637752e-05,0.3198309,-0.0024792808,-0.005549662,-0.0030374709,-0.008838554
ATAC_CWF19L1,-0.0010877977,0.17144857,0.1876833,-0.0037049602,0.100572705,-0.006372791,0.138077,-0.0038450004,-0.0021608365,-0.0012187964,-4.3637752e-05,0.3198309,-0.0024792808,-0.005549662,-0.0030374709,-0.008838554
ATAC_CXCL10,-0.0010877977,0.17144857,0.1876833,-0.0037049602,0.100572705,-0.006372791,0.138077,-0.0038450004,-0.0021608365,-0.0012187964,-4.3637752e-05,0.3198309,-0.0024792808,-0.005549662,-0.0030374709,-0.008838554
ATAC_CXCL3,-0.001089381,0.171263,0.18739955,-0.0037050454,0.100506864,-0.006373759,0.13777393,-0.0038477725,-0.0021629855,-0.001217528,-4.0855408e-05,0.32003343,-0.002479988,-0.0055524837,-0.0030372138,-0.008838606
ATAC_CXCL8,-0.0010877977,0.17144857,0.1876833,-0.0037049602,0.100572705,-0.006372791,0.138077,-0.0038450004,-0.0021608365,-0.0012187964,-4.3637752e-05,0.3198309,-0.0024792808,-0.005549662,-0.0030374709,-0.008838554
ATAC_CXCR5,-0.001087727,0.1714377,0.1876375,-0.0037046217,0.10054491,-0.0063724616,0.13807371,-0.0038452481,-0.0021604009,-0.0012189316,-4.3976754e-05,0.31983286,-0.002478898,-0.005549348,-0.0030372092,-0.008838146
ATAC_CXXC4,-0.0010087709,0.1689938,0.18310411,-0.0037119465,0.10461819,-0.0064370716,0.12895915,-0.00390555,-0.0020991147,-0.0013152703,-9.14064e-05,0.31548157,-0.0023695433,-0.00561105,-0.003098632,-0.00880173
ATAC_CYB561D1,-0.0010877977,0.17144857,0.1876833,-0.0037049602,0.100572705,-0.006372791,0.138077,-0.0038450004,-0.0021608365,-0.0012187964,-4.3637752e-05,0.3198309,-0.0024792808,-0.005549662,-0.0030374709,-0.008838554
ATAC_CYP4F22,-0.001507132,0.18077923,0.09198336,-0.0031377012,0.113401845,-0.006761426,0.07194908,-0.0030462826,-0.0031032118,-0.0022621867,-0.00018653348,0.23050334,-0.0028791283,-0.005205046,-0.0033815864,-0.008723939
ATAC_CYP51A1-AS1,-0.0010877977,0.17144857,0.1876833,-0.0037049602,0.100572705,-0.006372791,0.138077,-0.0038450004,-0.0021608365,-0.0012187964,-4.3637752e-05,0.3198309,-0.0024792808,-0.005549662,-0.0030374709,-0.008838554
ATAC_D2HGDH,-0.0010827201,0.17221534,0.18773453,-0.0037098299,0.09967679,-0.006372278,0.1379404,-0.0038487294,-0.0021521854,-0.001214117,-4.2605698e-05,0.3190115,-0.0024717343,-0.005547055,-0.003045626,-0.0088465875
ATAC_DAPK2,-0.0010877977,0.17144857,0.1876833,-0.0037049602,0.100572705,-0.006372791,0.138077,-0.0038450004,-0.0021608365,-0.0012187964,-4.3637752e-05,0.3198309,-0.0024792808,-0.005549662,-0.0030374709,-0.008838554
ATAC_DBN1,-0.0010877977,0.17144857,0.1876833,-0.0037049602,0.100572705,-0.006372791,0.138077,-0.0038450004,-0.0021608365,-0.0012187964,-4.3637752e-05,0.3198309,-0.0024792808,-0.005549662,-0.0030374709,-0.008838554
ATAC_DCAF10,-0.0010877977,0.17144857,0.1876833,-0.0037049602,0.100572705,-0.006372791,0.138077,-0.0038450004,-0.0021608365,-0.0012187964,-4.3637752e-05,0.3198309,-0.0024792808,-0.005549662,-0.0030374709,-0.008838554
ATAC_DCAKD,-0.0010877977,0.17144857,0.1876833,-0.0037049602,0.100572705,-0.006372791,0.138077,-0.0038450004,-0.0021608365,-0.0012187964,-4.3637752e-05,0.3198309,-0.0024792808,-0.005549662,-0.0030374709,-0.008838554
ATAC_DCDC2,-0.0010877977,0.17144857,0.1876833,-0.0037049602,0.100572705,-0.006372791,0.138077,-0.0038450004,-0.0021608365,-0.0012187964,-4.3637752e-05,0.3198309,-0.0024792808,-0.005549662,-0.0030374709,-0.008838554
ATAC_DCLK3,-0.0010877977,0.17144857,0.1876833,-0.0037049602,0.100572705,-0.006372791,0.138077,-0.0038450004,-0.0021608365,-0.0012187964,-4.3637752e-05,0.3198309,-0.0024792808,-0.005549662,-0.0030374709,-0.008838554
ATAC_DDB2,-0.0010877977,0.17144857,0.1876833,-0.0037049602,0.100572705,-0.006372791,0.138077,-0.0038450004,-0.0021608365,-0.0012187964,-4.3637752e-05,0.3198309,-0.0024792808,-0.005549662,-0.0030374709,-0.008838554
ATAC_DDX50,-0.0010877977,0.17144857,0.1876833,-0.0037049602,0.100572705,-0.006372791,0.138077,-0.0038450004,-0.0021608365,-0.0012187964,-4.3637752e-05,0.3198309,-0.0024792808,-0.005549662,-0.0030374709,-0.008838554
ATAC_DENND1C,-0.001098377,0.1712539,0.18849437,-0.00369753,0.09999989,-0.006368004,0.13725416,-0.0038489501,-0.002165888,-0.0012127643,-4.37656e-05,0.31934452,-0.0024807504,-0.0055478546,-0.0030459722,-0.008841534
ATAC_DENND2C,-0.0010977697,0.1736672,0.18679185,-0.003702291,0.10252433,-0.0063623767,0.13697329,-0.003855637,-0.0021820106,-0.0012091416,-5.6904402e-05,0.32209125,-0.0024625286,-0.005526911,-0.0030260407,-0.00883111
ATAC_DENND2D,-0.0010877977,0.17144857,0.1876833,-0.0037049602,0.100572705,-0.006372791,0.138077,-0.0038450004,-0.0021608365,-0.0012187964,-4.3637752e-05,0.3198309,-0.0024792808,-0.005549662,-0.0030374709,-0.008838554
ATAC_DENND6A-DT,-0.0010877977,0.17144857,0.1876833,-0.0037049602,0.100572705,-0.006372791,0.138077,-0.0038450004,-0.0021608365,-0.0012187964,-4.3637752e-05,0.3198309,-0.0024792808,-0.005549662,-0.0030374709,-0.008838554
ATAC_DGCR8,-0.0010877977,0.17144857,0.1876833,-0.0037049602,0.100572705,-0.006372791,0.138077,-0.0038450004,-0.0021608365,-0.0012187964,-4.3637752e-05,0.3198309,-0.0024792808,-0.005549662,-0.0030374709,-0.008838554
ATAC_DGKH,-0.0010877977,0.17144857,0.1876833,-0.0037049602,0.100572705,-0.006372791,0.138077,-0.0038450004,-0.0021608365,-0.0012187964,-4.3637752e-05,0.3198309,-0.0024792808,-0.005549662,-0.0030374709,-0.008838554
ATAC_DHDH,-0.0010877977,0.17144857,0.1876833,-0.0037049602,0.100572705,-0.006372791,0.138077,-0.0038450004,-0.0021608365,-0.0012187964,-4.3637752e-05,0.3198309,-0.0024792808,-0.005549662,-0.0030374709,-0.008838554
ATAC_DHH,-0.0010877977,0.17144857,0.1876833,-0.0037049602,0.100572705,-0.006372791,0.138077,-0.0038450004,-0.0021608365,-0.0012187964,-4.3637752e-05,0.3198309,-0.0024792808,-0.005549662,-0.0030374709,-0.008838554
ATAC_DHX16,-0.0011537647,0.16816655,0.1970344,-0.003797574,0.09833139,-0.0063705854,0.122163825,-0.0039042453,-0.0022116425,-0.0011011281,0.00419046,0.32505834,-0.002397596,-0.005446845,-0.0031328867,-0.0088060945
ATAC_DHX30,-0.0010877977,0.17144857,0.1876833,-0.0037049602,0.100572705,-0.006372791,0.138077,-0.0038450004,-0.0021608365,-0.0012187964,-4.3637752e-05,0.3198309,-0.0024792808,-0.005549662,-0.0030374709,-0.008838554
ATAC_DIAPH3,-0.0010877977,0.17144857,0.1876833,-0.0037049602,0.100572705,-0.006372791,0.138077,-0.0038450004,-0.0021608365,-0.0012187964,-4.3637752e-05,0.3198309,-0.0024792808,-0.005549662,-0.0030374709,-0.008838554
ATAC_DIP2C,-0.0010877977,0.17144857,0.1876833,-0.0037049602,0.100572705,-0.006372791,0.138077,-0.0038450004,-0.0021608365,-0.0012187964,-4.3637752e-05,0.3198309,-0.0024792808,-0.005549662,-0.0030374709,-0.008838554
ATAC_DIRC3,-0.0010877977,0.17144857,0.1876833,-0.0037049602,0.100572705,-0.006372791,0.138077,-0.0038450004,-0.0021608365,-0.0012187964,-4.3637752e-05,0.3198309,-0.0024792808,-0.005549662,-0.0030374709,-0.008838554
ATAC_DISP1,-0.0010877977,0.17144857,0.1876833,-0.0037049602,0.100572705,-0.006372791,0.138077,-0.0038450004,-0.0021608365,-0.0012187964,-4.3637752e-05,0.3198309,-0.0024792808,-0.005549662,-0.0030374709,-0.008838554
ATAC_DISP3,-0.0010877977,0.17144857,0.1876833,-0.0037049602,0.100572705,-0.006372791,0.138077,-0.0038450004,-0.0021608365,-0.0012187964,-4.3637752e-05,0.3198309,-0.0024792808,-0.005549662,-0.0030374709,-0.008838554
ATAC_DLEU7,-0.0010877977,0.17144857,0.1876833,-0.0037049602,0.100572705,-0.006372791,0.138077,-0.0038450004,-0.0021608365,-0.0012187964,-4.3637752e-05,0.3198309,-0.0024792808,-0.005549662,-0.0030374709,-0.008838554
ATAC_DLG1-AS1,-0.0010877977,0.17144857,0.1876833,-0.0037049602,0.100572705,-0.006372791,0.138077,-0.0038450004,-0.0021608365,-0.0012187964,-4.3637752e-05,0.3198309,-0.0024792808,-0.005549662,-0.0030374709,-0.008838554
ATAC_DLGAP1-AS1,-0.0010877977,0.17144857,0.1876833,-0.0037049602,0.100572705,-0.006372791,0.138077,-0.0038450004,-0.0021608365,-0.0012187964,-4.3637752e-05,0.3198309,-0.0024792808,-0.005549662,-0.0030374709,-0.008838554
ATAC_DLL3,-0.0010877977,0.17144857,0.1876833,-0.0037049602,0.100572705,-0.006372791,0.138077,-0.0038450004,-0.0021608365,-0.0012187964,-4.3637752e-05,0.3198309,-0.0024792808,-0.005549662,-0.0030374709,-0.008838554
ATAC_DLX2-DT,-0.0010877977,0.17144857,0.1876833,-0.0037049602,0.100572705,-0.006372791,0.138077,-0.0038450004,-0.0021608365,-0.0012187964,-4.3637752e-05,0.3198309,-0.0024792808,-0.005549662,-0.0030374709,-0.008838554
ATAC_DNAAF2,-0.0010877977,0.17144857,0.1876833,-0.0037049602,0.100572705,-0.006372791,0.138077,-0.0038450004,-0.0021608365,-0.0012187964,-4.3637752e-05,0.3198309,-0.0024792808,-0.005549662,-0.0030374709,-0.008838554
ATAC_DNAH5,-0.0010877977,0.17144857,0.1876833,-0.0037049602,0.100572705,-0.006372791,0.138077,-0.0038450004,-0.0021608365,-0.0012187964,-4.3637752e-05,0.3198309,-0.0024792808,-0.005549662,-0.0030374709,-0.008838554
ATAC_DNAH6,-0.0010877977,0.17144857,0.1876833,-0.0037049602,0.100572705,-0.006372791,0.138077,-0.0038450004,-0.0021608365,-0.0012187964,-4.3637752e-05,0.3198309,-0.0024792808,-0.005549662,-0.0030374709,-0.008838554
ATAC_DNAH7,-0.0010877977,0.17144857,0.1876833,-0.0037049602,0.100572705,-0.006372791,0.138077,-0.0038450004,-0.0021608365,-0.0012187964,-4.3637752e-05,0.3198309,-0.0024792808,-0.005549662,-0.0030374709,-0.008838554
ATAC_DNAJC18,-0.0002692328,0.27971274,0.22195147,-0.0037043164,0.082768336,-0.0067989584,0.22432944,-0.004607583,-0.0010071482,-0.001748669,0.025050335,0.2262759,-0.0034180966,-0.0048718187,-0.002874353,-0.007857948
ATAC_DNAJC22,-0.0010877977,0.17144857,0.1876833,-0.0037049602,0.100572705,-0.006372791,0.138077,-0.0038450004,-0.0021608365,-0.0012187964,-4.3637752e-05,0.3198309,-0.0024792808,-0.005549662,-0.0030374709,-0.008838554
ATAC_DNAJC24,-0.0010877977,0.17144857,0.1876833,-0.0037049602,0.100572705,-0.006372791,0.138077,-0.0038450004,-0.0021608365,-0.0012187964,-4.3637752e-05,0.3198309,-0.0024792808,-0.005549662,-0.0030374709,-0.008838554
ATAC_DNAJC28,-0.0010877977,0.17144857,0.1876833,-0.0037049602,0.100572705,-0.006372791,0.138077,-0.0038450004,-0.0021608365,-0.0012187964,-4.3637752e-05,0.3198309,-0.0024792808,-0.005549662,-0.0030374709,-0.008838554
ATAC_DNAJC3-DT,-0.0022408275,0.11843309,0.094281614,-0.0031705492,0.1269364,-0.0053699524,0.010653425,-0.0026150178,-0.0030111175,-0.0023008084,0.014270365,0.38969684,-0.0015911454,-0.005520647,-0.0018829881,-0.0075828587
ATAC_DNAJC6,-0.0010877977,0.17144857,0.1876833,-0.0037049602,0.100572705,-0.006372791,0.138077,-0.0038450004,-0.0021608365,-0.0012187964,-4.3637752e-05,0.3198309,-0.0024792808,-0.005549662,-0.0030374709,-0.008838554
ATAC_DNMT3A,-0.001507132,0.18077923,0.09198336,-0.0031377012,0.113401845,-0.006761426,0.07194908,-0.0030462826,-0.0031032118,-0.0022621867,-0.00018653348,0.23050334,-0.0028791283,-0.005205046,-0.0033815864,-0.008723939
ATAC_DPEP1,-0.0010877977,0.17144857,0.1876833,-0.0037049602,0.100572705,-0.006372791,0.138077,-0.0038450004,-0.0021608365,-0.0012187964,-4.3637752e-05,0.3198309,-0.0024792808,-0.005549662,-0.0030374709,-0.008838554
ATAC_DPH7,-0.0010877977,0.17144857,0.1876833,-0.0037049602,0.100572705,-0.006372791,0.138077,-0.0038450004,-0.0021608365,-0.0012187964,-4.3637752e-05,0.3198309,-0.0024792808,-0.005549662,-0.0030374709,-0.008838554
ATAC_DRC7,-0.0010877977,0.17144857,0.1876833,-0.0037049602,0.100572705,-0.006372791,0.138077,-0.0038450004,-0.0021608365,-0.0012187964,-4.3637752e-05,0.3198309,-0.0024792808,-0.005549662,-0.0030374709,-0.008838554
ATAC_DSCAML1,-0.0010877977,0.17144857,0.1876833,-0.0037049602,0.100572705,-0.006372791,0.138077,-0.0038450004,-0.0021608365,-0.0012187964,-4.3637752e-05,0.3198309,-0.0024792808,-0.005549662,-0.0030374709,-0.008838554
ATAC_DTD1,-0.0010893948,0.17170428,0.18781026,-0.0037042182,0.10051927,-0.006372964,0.13823396,-0.003843957,-0.0021635708,-0.0012192575,-4.2905507e-05,0.31986904,-0.0024813018,-0.005548335,-0.0030379116,-0.008838243
ATAC_DTHD1,-0.001089381,0.171263,0.18739955,-0.0037050454,0.100506864,-0.006373759,0.13777393,-0.0038477725,-0.0021629855,-0.001217528,-4.0855408e-05,0.32003343,-0.002479988,-0.0055524837,-0.0030372138,-0.008838606
ATAC_DTNB,-0.0010877977,0.17144857,0.1876833,-0.0037049602,0.100572705,-0.006372791,0.138077,-0.0038450004,-0.0021608365,-0.0012187964,-4.3637752e-05,0.3198309,-0.0024792808,-0.005549662,-0.0030374709,-0.008838554
ATAC_DTX3,-0.0010921574,0.17122777,0.18717916,-0.0037018275,0.100231886,-0.006369981,0.13741207,-0.0038436772,-0.0021610826,-0.0012123802,-4.996702e-05,0.3197165,-0.002474861,-0.005556675,-0.0030345058,-0.008831642
ATAC_DUSP16,-0.0010877977,0.17144857,0.1876833,-0.0037049602,0.100572705,-0.006372791,0.138077,-0.0038450004,-0.0021608365,-0.0012187964,-4.3637752e-05,0.3198309,-0.0024792808,-0.005549662,-0.0030374709,-0.008838554
ATAC_DUSP19,-0.0010877977,0.17144857,0.1876833,-0.0037049602,0.100572705,-0.006372791,0.138077,-0.0038450004,-0.0021608365,-0.0012187964,-4.3637752e-05,0.3198309,-0.0024792808,-0.005549662,-0.0030374709,-0.008838554
ATAC_DVL1,-0.0010877977,0.17144857,0.1876833,-0.0037049602,0.100572705,-0.006372791,0.138077,-0.0038450004,-0.0021608365,-0.0012187964,-4.3637752e-05,0.3198309,-0.0024792808,-0.005549662,-0.0030374709,-0.008838554
ATAC_DYNC2H1,-0.0002692328,0.27971274,0.22195147,-0.0037043164,0.082768336,-0.0067989584,0.22432944,-0.004607583,-0.0010071482,-0.001748669,0.025050335,0.2262759,-0.0034180966,-0.0048718187,-0.002874353,-0.007857948
ATAC_DYNLRB2,-0.0010877977,0.17144857,0.1876833,-0.0037049602,0.100572705,-0.006372791,0.138077,-0.0038450004,-0.0021608365,-0.0012187964,-4.3637752e-05,0.3198309,-0.0024792808,-0.005549662,-0.0030374709,-0.008838554
ATAC_DZIP3,-0.0010877977,0.17144857,0.1876833,-0.0037049602,0.100572705,-0.006372791,0.138077,-0.0038450004,-0.0021608365,-0.0012187964,-4.3637752e-05,0.3198309,-0.0024792808,-0.005549662,-0.0030374709,-0.008838554
ATAC_E4F1,-0.0010877977,0.17144857,0.1876833,-0.0037049602,0.100572705,-0.006372791,0.138077,-0.0038450004,-0.0021608365,-0.0012187964,-4.3637752e-05,0.3198309,-0.0024792808,-0.005549662,-0.0030374709,-0.008838554
ATAC_EBF1,-0.0010877977,0.17144857,0.1876833,-0.0037049602,0.100572705,-0.006372791,0.138077,-0.0038450004,-0.0021608365,-0.0012187964,-4.3637752e-05,0.3198309,-0.0024792808,-0.005549662,-0.0030374709,-0.008838554
ATAC_EBF2,-0.0010877977,0.17144857,0.1876833,-0.0037049602,0.100572705,-0.006372791,0.138077,-0.0038450004,-0.0021608365,-0.0012187964,-4.3637752e-05,0.3198309,-0.0024792808,-0.005549662,-0.0030374709,-0.008838554
ATAC_EBF3,-0.0010877977,0.17144857,0.1876833,-0.0037049602,0.100572705,-0.006372791,0.138077,-0.0038450004,-0.0021608365,-0.0012187964,-4.3637752e-05,0.3198309,-0.0024792808,-0.005549662,-0.0030374709,-0.008838554
ATAC_EDA,-0.0010877977,0.17144857,0.1876833,-0.0037049602,0.100572705,-0.006372791,0.138077,-0.0038450004,-0.0021608365,-0.0012187964,-4.3637752e-05,0.3198309,-0.0024792808,-0.005549662,-0.0030374709,-0.008838554
ATAC_EDAR,-0.001085407,0.17205968,0.18749638,-0.003699575,0.09980859,-0.0063624983,0.13736963,-0.0038411943,-0.002152097,-0.0012119242,-4.73845e-05,0.31911975,-0.0024809137,-0.005560232,-0.0030426607,-0.00884221
ATAC_EDN2,-0.0010877977,0.17144857,0.1876833,-0.0037049602,0.100572705,-0.006372791,0.138077,-0.0038450004,-0.0021608365,-0.0012187964,-4.3637752e-05,0.3198309,-0.0024792808,-0.005549662,-0.0030374709,-0.008838554
ATAC_EEF1AKMT1,-0.0010877977,0.17144857,0.1876833,-0.0037049602,0.100572705,-0.006372791,0.138077,-0.0038450004,-0.0021608365,-0.0012187964,-4.3637752e-05,0.3198309,-0.0024792808,-0.005549662,-0.0030374709,-0.008838554
ATAC_EFHD1,-0.0010877977,0.17144857,0.1876833,-0.0037049602,0.100572705,-0.006372791,0.138077,-0.0038450004,-0.0021608365,-0.0012187964,-4.3637752e-05,0.3198309,-0.0024792808,-0.005549662,-0.0030374709,-0.008838554
ATAC_EFNA5,-0.0010877977,0.17144857,0.1876833,-0.0037049602,0.100572705,-0.006372791,0.138077,-0.0038450004,-0.0021608365,-0.0012187964,-4.3637752e-05,0.3198309,-0.0024792808,-0.005549662,-0.0030374709,-0.008838554
ATAC_EIF1B-AS1,-0.0010877977,0.17144857,0.1876833,-0.0037049602,0.100572705,-0.006372791,0.138077,-0.0038450004,-0.0021608365,-0.0012187964,-4.3637752e-05,0.3198309,-0.0024792808,-0.005549662,-0.0030374709,-0.008838554
ATAC_EIF2AK3-DT,-0.0010877977,0.17144857,0.1876833,-0.0037049602,0.100572705,-0.006372791,0.138077,-0.0038450004,-0.0021608365,-0.0012187964,-4.3637752e-05,0.3198309,-0.0024792808,-0.005549662,-0.0030374709,-0.008838554
ATAC_EIF3J-DT,-0.0010877977,0.17144857,0.1876833,-0.0037049602,0.100572705,-0.006372791,0.138077,-0.0038450004,-0.0021608365,-0.0012187964,-4.3637752e-05,0.3198309,-0.0024792808,-0.005549662,-0.0030374709,-0.008838554
ATAC_ELOVL2-AS1,-0.0010877977,0.17144857,0.1876833,-0.0037049602,0.100572705,-0.006372791,0.138077,-0.0038450004,-0.0021608365,-0.0012187964,-4.3637752e-05,0.3198309,-0.0024792808,-0.005549662,-0.0030374709,-0.008838554
ATAC_ELP1,-0.0010877977,0.17144857,0.1876833,-0.0037049602,0.100572705,-0.006372791,0.138077,-0.0038450004,-0.0021608365,-0.0012187964,-4.3637752e-05,0.3198309,-0.0024792808,-0.005549662,-0.0030374709,-0.008838554
ATAC_EML2,-0.0010866908,0.17141344,0.18764763,-0.0037059127,0.100545496,-0.0063722543,0.13789329,-0.0038468975,-0.0021582644,-0.0012180605,-4.4480857e-05,0.3197527,-0.0024808592,-0.0055512474,-0.0030392453,-0.008838414
ATAC_EML5,-0.0010877977,0.17144857,0.1876833,-0.0037049602,0.100572705,-0.006372791,0.138077,-0.0038450004,-0.0021608365,-0.0012187964,-4.3637752e-05,0.3198309,-0.0024792808,-0.005549662,-0.0030374709,-0.008838554
ATAC_ENGASE,-0.0010877977,0.17144857,0.1876833,-0.0037049602,0.100572705,-0.006372791,0.138077,-0.0038450004,-0.0021608365,-0.0012187964,-4.3637752e-05,0.3198309,-0.0024792808,-0.005549662,-0.0030374709,-0.008838554
ATAC_ENO1-AS1,-0.0010877977,0.17144857,0.1876833,-0.0037049602,0.100572705,-0.006372791,0.138077,-0.0038450004,-0.0021608365,-0.0012187964,-4.3637752e-05,0.3198309,-0.0024792808,-0.005549662,-0.0030374709,-0.008838554
ATAC_ENO2,-0.0010877977,0.17144857,0.1876833,-0.0037049602,0.100572705,-0.006372791,0.138077,-0.0038450004,-0.0021608365,-0.0012187964,-4.3637752e-05,0.3198309,-0.0024792808,-0.005549662,-0.0030374709,-0.008838554
ATAC_ENOSF1,-0.0010877977,0.17144857,0.1876833,-0.0037049602,0.100572705,-0.006372791,0.138077,-0.0038450004,-0.0021608365,-0.0012187964,-4.3637752e-05,0.3198309,-0.0024792808,-0.005549662,-0.0030374709,-0.008838554
ATAC_ENPP1,-0.0010869697,0.17164974,0.18753345,-0.003706244,0.100386135,-0.00637331,0.13789554,-0.003845286,-0.0021619624,-0.0012192393,-4.4535398e-05,0.31975633,-0.0024776226,-0.0055519105,-0.003038693,-0.0088396
ATAC_EOMES,-0.0010877977,0.17144857,0.1876833,-0.0037049602,0.100572705,-0.006372791,0.138077,-0.0038450004,-0.0021608365,-0.0012187964,-4.3637752e-05,0.3198309,-0.0024792808,-0.005549662,-0.0030374709,-0.008838554
ATAC_EPB41L5,-0.0010877977,0.17144857,0.1876833,-0.0037049602,0.100572705,-0.006372791,0.138077,-0.0038450004,-0.0021608365,-0.0012187964,-4.3637752e-05,0.3198309,-0.0024792808,-0.005549662,-0.0030374709,-0.008838554
ATAC_EPHA1-AS1,-0.0010877977,0.17144857,0.1876833,-0.0037049602,0.100572705,-0.006372791,0.138077,-0.0038450004,-0.0021608365,-0.0012187964,-4.3637752e-05,0.3198309,-0.0024792808,-0.005549662,-0.0030374709,-0.008838554
ATAC_EPHA4,-0.0010877977,0.17144857,0.1876833,-0.0037049602,0.100572705,-0.006372791,0.138077,-0.0038450004,-0.0021608365,-0.0012187964,-4.3637752e-05,0.3198309,-0.0024792808,-0.005549662,-0.0030374709,-0.008838554
ATAC_EPHA6,-0.0010826495,0.17220446,0.18768872,-0.0037094913,0.09964899,-0.00637195,0.1379371,-0.003848977,-0.00215175,-0.0012142524,-4.294485e-05,0.31901345,-0.0024713515,-0.005546741,-0.0030453643,-0.00884618
ATAC_EPHA7,-0.0010877977,0.17144857,0.1876833,-0.0037049602,0.100572705,-0.006372791,0.138077,-0.0038450004,-0.0021608365,-0.0012187964,-4.3637752e-05,0.3198309,-0.0024792808,-0.005549662,-0.0030374709,-0.008838554
ATAC_EPHX2,-0.0010877977,0.17144857,0.1876833,-0.0037049602,0.100572705,-0.006372791,0.138077,-0.0038450004,-0.0021608365,-0.0012187964,-4.3637752e-05,0.3198309,-0.0024792808,-0.005549662,-0.0030374709,-0.008838554
ATAC_ERAP2,-0.0010877977,0.17144857,0.1876833,-0.0037049602,0.100572705,-0.006372791,0.138077,-0.0038450004,-0.0021608365,-0.0012187964,-4.3637752e-05,0.3198309,-0.0024792808,-0.005549662,-0.0030374709,-0.008838554
ATAC_ERBB2,-0.0010977697,0.1736672,0.18679185,-0.003702291,0.10252433,-0.0063623767,0.13697329,-0.003855637,-0.0021820106,-0.0012091416,-5.6904402e-05,0.32209125,-0.0024625286,-0.005526911,-0.0030260407,-0.00883111
ATAC_ERCC5,-0.0010877977,0.17144857,0.1876833,-0.0037049602,0.100572705,-0.006372791,0.138077,-0.0038450004,-0.0021608365,-0.0012187964,-4.3637752e-05,0.3198309,-0.0024792808,-0.005549662,-0.0030374709,-0.008838554
ATAC_ERCC6L,-0.0010869089,0.17134966,0.18782078,-0.0036940794,0.100582406,-0.006382549,0.13769183,-0.0038530873,-0.0021651604,-0.0012235153,-5.4287164e-05,0.32054484,-0.0024698982,-0.005544982,-0.0030479955,-0.008847117
ATAC_EREG,-0.0010877977,0.17144857,0.1876833,-0.0037049602,0.100572705,-0.006372791,0.138077,-0.0038450004,-0.0021608365,-0.0012187964,-4.3637752e-05,0.3198309,-0.0024792808,-0.005549662,-0.0030374709,-0.008838554
ATAC_ERFE,-0.0010877977,0.17144857,0.1876833,-0.0037049602,0.100572705,-0.006372791,0.138077,-0.0038450004,-0.0021608365,-0.0012187964,-4.3637752e-05,0.3198309,-0.0024792808,-0.005549662,-0.0030374709,-0.008838554
ATAC_ERICH6-AS1,-0.0010877977,0.17144857,0.1876833,-0.0037049602,0.100572705,-0.006372791,0.138077,-0.0038450004,-0.0021608365,-0.0012187964,-4.3637752e-05,0.3198309,-0.0024792808,-0.005549662,-0.0030374709,-0.008838554
ATAC_ERLEC1,-0.0010877977,0.17144857,0.1876833,-0.0037049602,0.100572705,-0.006372791,0.138077,-0.0038450004,-0.0021608365,-0.0012187964,-4.3637752e-05,0.3198309,-0.0024792808,-0.005549662,-0.0030374709,-0.008838554
ATAC_ERP27,-0.0010877977,0.17144857,0.1876833,-0.0037049602,0.100572705,-0.006372791,0.138077,-0.0038450004,-0.0021608365,-0.0012187964,-4.3637752e-05,0.3198309,-0.0024792808,-0.005549662,-0.0030374709,-0.008838554
ATAC_ESR2,-0.0010877977,0.17144857,0.1876833,-0.0037049602,0.100572705,-0.006372791,0.138077,-0.0038450004,-0.0021608365,-0.0012187964,-4.3637752e-05,0.3198309,-0.0024792808,-0.005549662,-0.0030374709,-0.008838554
ATAC_ETFBKMT,-0.0010877977,0.17144857,0.1876833,-0.0037049602,0.100572705,-0.006372791,0.138077,-0.0038450004,-0.0021608365,-0.0012187964,-4.3637752e-05,0.3198309,-0.0024792808,-0.005549662,-0.0030374709,-0.008838554
ATAC_ETNPPL,-0.001507132,0.18077923,0.09198336,-0.0031377012,0.113401845,-0.006761426,0.07194908,-0.0030462826,-0.0031032118,-0.0022621867,-0.00018653348,0.23050334,-0.0028791283,-0.005205046,-0.0033815864,-0.008723939
ATAC_EVA1C,-0.0010877977,0.17144857,0.1876833,-0.0037049602,0.100572705,-0.006372791,0.138077,-0.0038450004,-0.0021608365,-0.0012187964,-4.3637752e-05,0.3198309,-0.0024792808,-0.005549662,-0.0030374709,-0.008838554
ATAC_EWSAT1,-0.0010877977,0.17144857,0.1876833,-0.0037049602,0.100572705,-0.006372791,0.138077,-0.0038450004,-0.0021608365,-0.0012187964,-4.3637752e-05,0.3198309,-0.0024792808,-0.005549662,-0.0030374709,-0.008838554
ATAC_EXPH5,-0.0010877977,0.17144857,0.1876833,-0.0037049602,0.100572705,-0.006372791,0.138077,-0.0038450004,-0.0021608365,-0.0012187964,-4.3637752e-05,0.3198309,-0.0024792808,-0.005549662,-0.0030374709,-0.008838554
ATAC_EZR-AS1,-0.0010893948,0.17170428,0.18781026,-0.0037042182,0.10051927,-0.006372964,0.13823396,-0.003843957,-0.0021635708,-0.0012192575,-4.2905507e-05,0.31986904,-0.0024813018,-0.005548335,-0.0030379116,-0.008838243
ATAC_F12,-0.0010877977,0.17144857,0.1876833,-0.0037049602,0.100572705,-0.006372791,0.138077,-0.0038450004,-0.0021608365,-0.0012187964,-4.3637752e-05,0.3198309,-0.0024792808,-0.005549662,-0.0030374709,-0.008838554
ATAC_F2R,-0.0010877977,0.17144857,0.1876833,-0.0037049602,0.100572705,-0.006372791,0.138077,-0.0038450004,-0.0021608365,-0.0012187964,-4.3637752e-05,0.3198309,-0.0024792808,-0.005549662,-0.0030374709,-0.008838554
ATAC_FAAH2,-0.0010877977,0.17144857,0.1876833,-0.0037049602,0.100572705,-0.006372791,0.138077,-0.0038450004,-0.0021608365,-0.0012187964,-4.3637752e-05,0.3198309,-0.0024792808,-0.005549662,-0.0030374709,-0.008838554
ATAC_FAAP100,-0.0010877977,0.17144857,0.1876833,-0.0037049602,0.100572705,-0.006372791,0.138077,-0.0038450004,-0.0021608365,-0.0012187964,-4.3637752e-05,0.3198309,-0.0024792808,-0.005549662,-0.0030374709,-0.008838554
ATAC_FAAP24,-0.0010877977,0.17144857,0.1876833,-0.0037049602,0.100572705,-0.006372791,0.138077,-0.0038450004,-0.0021608365,-0.0012187964,-4.3637752e-05,0.3198309,-0.0024792808,-0.005549662,-0.0030374709,-0.008838554
ATAC_FABP12,-0.0010966628,0.17363207,0.18675618,-0.0037032436,0.10249712,-0.0063618408,0.13678959,-0.003857534,-0.002179439,-0.0012084057,-5.774751e-05,0.32201302,-0.002464107,-0.0055284966,-0.0030278151,-0.00883097
ATAC_FADS3,-0.0010877977,0.17144857,0.1876833,-0.0037049602,0.100572705,-0.006372791,0.138077,-0.0038450004,-0.0021608365,-0.0012187964,-4.3637752e-05,0.3198309,-0.0024792808,-0.005549662,-0.0030374709,-0.008838554
ATAC_FAHD2B,-0.0010877977,0.17144857,0.1876833,-0.0037049602,0.100572705,-0.006372791,0.138077,-0.0038450004,-0.0021608365,-0.0012187964,-4.3637752e-05,0.3198309,-0.0024792808,-0.005549662,-0.0030374709,-0.008838554
ATAC_FALEC,-0.0010877977,0.17144857,0.1876833,-0.0037049602,0.100572705,-0.006372791,0.138077,-0.0038450004,-0.0021608365,-0.0012187964,-4.3637752e-05,0.3198309,-0.0024792808,-0.005549662,-0.0030374709,-0.008838554
ATAC_FAM110D,-0.0010877977,0.17144857,0.1876833,-0.0037049602,0.100572705,-0.006372791,0.138077,-0.0038450004,-0.0021608365,-0.0012187964,-4.3637752e-05,0.3198309,-0.0024792808,-0.005549662,-0.0030374709,-0.008838554
ATAC_FAM161B,-0.0010877977,0.17144857,0.1876833,-0.0037049602,0.100572705,-0.006372791,0.138077,-0.0038450004,-0.0021608365,-0.0012187964,-4.3637752e-05,0.3198309,-0.0024792808,-0.005549662,-0.0030374709,-0.008838554
ATAC_FAM166B,-0.0010877977,0.17144857,0.1876833,-0.0037049602,0.100572705,-0.006372791,0.138077,-0.0038450004,-0.0021608365,-0.0012187964,-4.3637752e-05,0.3198309,-0.0024792808,-0.005549662,-0.0030374709,-0.008838554
ATAC_FAM166C,-0.0010877977,0.17144857,0.1876833,-0.0037049602,0.100572705,-0.006372791,0.138077,-0.0038450004,-0.0021608365,-0.0012187964,-4.3637752e-05,0.3198309,-0.0024792808,-0.005549662,-0.0030374709,-0.008838554
ATAC_FAM170B,0.023433715,-0.00031828342,0.28164548,-0.003655206,0.029229872,-0.005028735,0.2655102,-0.0045864624,-0.002421479,-0.0005056461,-0.0007463604,0.3391739,-0.0022585767,-0.005612034,-0.003553056,-0.0072483616
ATAC_FAM182A,-0.0010877977,0.17144857,0.1876833,-0.0037049602,0.100572705,-0.006372791,0.138077,-0.0038450004,-0.0021608365,-0.0012187964,-4.3637752e-05,0.3198309,-0.0024792808,-0.005549662,-0.0030374709,-0.008838554
ATAC_FAM184A,-0.0010877977,0.17144857,0.1876833,-0.0037049602,0.100572705,-0.006372791,0.138077,-0.0038450004,-0.0021608365,-0.0012187964,-4.3637752e-05,0.3198309,-0.0024792808,-0.005549662,-0.0030374709,-0.008838554
ATAC_FAM185A,-0.0010877977,0.17144857,0.1876833,-0.0037049602,0.100572705,-0.006372791,0.138077,-0.0038450004,-0.0021608365,-0.0012187964,-4.3637752e-05,0.3198309,-0.0024792808,-0.005549662,-0.0030374709,-0.008838554
ATAC_FAM222B,-0.0010877977,0.17144857,0.1876833,-0.0037049602,0.100572705,-0.006372791,0.138077,-0.0038450004,-0.0021608365,-0.0012187964,-4.3637752e-05,0.3198309,-0.0024792808,-0.005549662,-0.0030374709,-0.008838554
ATAC_FAM227B,-0.0010877977,0.17144857,0.1876833,-0.0037049602,0.100572705,-0.006372791,0.138077,-0.0038450004,-0.0021608365,-0.0012187964,-4.3637752e-05,0.3198309,-0.0024792808,-0.005549662,-0.0030374709,-0.008838554
ATAC_FAM43A,-0.0010877977,0.17144857,0.1876833,-0.0037049602,0.100572705,-0.006372791,0.138077,-0.0038450004,-0.0021608365,-0.0012187964,-4.3637752e-05,0.3198309,-0.0024792808,-0.005549662,-0.0030374709,-0.008838554
ATAC_FAM83D,-0.0010877977,0.17144857,0.1876833,-0.0037049602,0.100572705,-0.006372791,0.138077,-0.0038450004,-0.0021608365,-0.0012187964,-4.3637752e-05,0.3198309,-0.0024792808,-0.005549662,-0.0030374709,-0.008838554
ATAC_FAM86B2,-0.0010877977,0.17144857,0.1876833,-0.0037049602,0.100572705,-0.006372791,0.138077,-0.0038450004,-0.0021608365,-0.0012187964,-4.3637752e-05,0.3198309,-0.0024792808,-0.005549662,-0.0030374709,-0.008838554
ATAC_FANK1,-0.001415606,0.13767102,0.22393946,-0.0036318623,0.08875791,-0.0060442677,0.12835969,-0.003429686,-0.0018784519,-0.0009765511,-1.9599645e-05,0.3178013,-0.002464551,-0.0058472594,-0.003147152,-0.009011823
ATAC_FASLG,-0.0010877977,0.17144857,0.1876833,-0.0037049602,0.100572705,-0.006372791,0.138077,-0.0038450004,-0.0021608365,-0.0012187964,-4.3637752e-05,0.3198309,-0.0024792808,-0.005549662,-0.0030374709,-0.008838554
ATAC_FAT4,-0.0010877977,0.17144857,0.1876833,-0.0037049602,0.100572705,-0.006372791,0.138077,-0.0038450004,-0.0021608365,-0.0012187964,-4.3637752e-05,0.3198309,-0.0024792808,-0.005549662,-0.0030374709,-0.008838554
ATAC_FBF1,-0.0010877977,0.17144857,0.1876833,-0.0037049602,0.100572705,-0.006372791,0.138077,-0.0038450004,-0.0021608365,-0.0012187964,-4.3637752e-05,0.3198309,-0.0024792808,-0.005549662,-0.0030374709,-0.008838554
ATAC_FBXO16,-0.0010877977,0.17144857,0.1876833,-0.0037049602,0.100572705,-0.006372791,0.138077,-0.0038450004,-0.0021608365,-0.0012187964,-4.3637752e-05,0.3198309,-0.0024792808,-0.005549662,-0.0030374709,-0.008838554
ATAC_FBXO32,-0.0010877977,0.17144857,0.1876833,-0.0037049602,0.100572705,-0.006372791,0.138077,-0.0038450004,-0.0021608365,-0.0012187964,-4.3637752e-05,0.3198309,-0.0024792808,-0.005549662,-0.0030374709,-0.008838554
ATAC_FBXW4,-0.001415606,0.13767102,0.22393946,-0.0036318623,0.08875791,-0.0060442677,0.12835969,-0.003429686,-0.0018784519,-0.0009765511,-1.9599645e-05,0.3178013,-0.002464551,-0.0058472594,-0.003147152,-0.009011823
ATAC_FBXW5,-0.0010877977,0.17144857,0.1876833,-0.0037049602,0.100572705,-0.006372791,0.138077,-0.0038450004,-0.0021608365,-0.0012187964,-4.3637752e-05,0.3198309,-0.0024792808,-0.005549662,-0.0030374709,-0.008838554
ATAC_FCER1A,-0.0010877977,0.17144857,0.1876833,-0.0037049602,0.100572705,-0.006372791,0.138077,-0.0038450004,-0.0021608365,-0.0012187964,-4.3637752e-05,0.3198309,-0.0024792808,-0.005549662,-0.0030374709,-0.008838554
ATAC_FCER2,-0.0010877977,0.17144857,0.1876833,-0.0037049602,0.100572705,-0.006372791,0.138077,-0.0038450004,-0.0021608365,-0.0012187964,-4.3637752e-05,0.3198309,-0.0024792808,-0.005549662,-0.0030374709,-0.008838554
ATAC_FCF1,-0.0010877977,0.17144857,0.1876833,-0.0037049602,0.100572705,-0.006372791,0.138077,-0.0038450004,-0.0021608365,-0.0012187964,-4.3637752e-05,0.3198309,-0.0024792808,-0.005549662,-0.0030374709,-0.008838554
ATAC_FCGR3A,-0.0010877977,0.17144857,0.1876833,-0.0037049602,0.100572705,-0.006372791,0.138077,-0.0038450004,-0.0021608365,-0.0012187964,-4.3637752e-05,0.3198309,-0.0024792808,-0.005549662,-0.0030374709,-0.008838554
ATAC_FCMR,-0.0010087709,0.1689938,0.18310411,-0.0037119465,0.10461819,-0.0064370716,0.12895915,-0.00390555,-0.0020991147,-0.0013152703,-9.14064e-05,0.31548157,-0.0023695433,-0.00561105,-0.003098632,-0.00880173
ATAC_FCN1,-0.0010877977,0.17144857,0.1876833,-0.0037049602,0.100572705,-0.006372791,0.138077,-0.0038450004,-0.0021608365,-0.0012187964,-4.3637752e-05,0.3198309,-0.0024792808,-0.005549662,-0.0030374709,-0.008838554
ATAC_FCRL1,-0.00011696454,0.21236098,-0.000683652,-0.0013314402,0.19532958,-0.0043197754,0.10959868,-0.0021093998,-0.00075667707,0.020049915,0.08433579,0.1437149,-0.0013695519,-0.0031119208,-0.0015400738,-0.005757833
ATAC_FCRL3,-0.0010877977,0.17144857,0.1876833,-0.0037049602,0.100572705,-0.006372791,0.138077,-0.0038450004,-0.0021608365,-0.0012187964,-4.3637752e-05,0.3198309,-0.0024792808,-0.005549662,-0.0030374709,-0.008838554
ATAC_FCRL6,-0.0010877977,0.17144857,0.1876833,-0.0037049602,0.100572705,-0.006372791,0.138077,-0.0038450004,-0.0021608365,-0.0012187964,-4.3637752e-05,0.3198309,-0.0024792808,-0.005549662,-0.0030374709,-0.008838554
ATAC_FGF5,-0.0010877977,0.17144857,0.1876833,-0.0037049602,0.100572705,-0.006372791,0.138077,-0.0038450004,-0.0021608365,-0.0012187964,-4.3637752e-05,0.3198309,-0.0024792808,-0.005549662,-0.0030374709,-0.008838554
ATAC_FGF9,-0.0010865865,0.17132783,0.18773906,-0.0037042361,0.10051662,-0.006373171,0.13807106,-0.003844433,-0.0021615266,-0.0012198209,-4.311681e-05,0.31986457,-0.0024797171,-0.005550358,-0.0030363512,-0.008839263
ATAC_FGFBP2,-0.0010877977,0.17144857,0.1876833,-0.0037049602,0.100572705,-0.006372791,0.138077,-0.0038450004,-0.0021608365,-0.0012187964,-4.3637752e-05,0.3198309,-0.0024792808,-0.005549662,-0.0030374709,-0.008838554
ATAC_FGFBP3,-0.0010877977,0.17144857,0.1876833,-0.0037049602,0.100572705,-0.006372791,0.138077,-0.0038450004,-0.0021608365,-0.0012187964,-4.3637752e-05,0.3198309,-0.0024792808,-0.005549662,-0.0030374709,-0.008838554
ATAC_FHIT,-0.0010877977,0.17144857,0.1876833,-0.0037049602,0.100572705,-0.006372791,0.138077,-0.0038450004,-0.0021608365,-0.0012187964,-4.3637752e-05,0.3198309,-0.0024792808,-0.005549662,-0.0030374709,-0.008838554
ATAC_FIBCD1,-0.0010841958,0.17193894,0.18755214,-0.0036988507,0.0997525,-0.006362879,0.13736367,-0.0038406274,-0.0021527873,-0.0012129488,-4.6863555e-05,0.31915337,-0.00248135,-0.0055609285,-0.0030415412,-0.008842919
ATAC_FILIP1L,-0.0010877977,0.17144857,0.1876833,-0.0037049602,0.100572705,-0.006372791,0.138077,-0.0038450004,-0.0021608365,-0.0012187964,-4.3637752e-05,0.3198309,-0.0024792808,-0.005549662,-0.0030374709,-0.008838554
ATAC_FKBP11,-0.0010877977,0.17144857,0.1876833,-0.0037049602,0.100572705,-0.006372791,0.138077,-0.0038450004,-0.0021608365,-0.0012187964,-4.3637752e-05,0.3198309,-0.0024792808,-0.005549662,-0.0030374709,-0.008838554
ATAC_FLG-AS1,-0.001098377,0.1712539,0.18849437,-0.00369753,0.09999989,-0.006368004,0.13725416,-0.0038489501,-0.002165888,-0.0012127643,-4.37656e-05,0.31934452,-0.0024807504,-0.0055478546,-0.0030459722,-0.008841534
ATAC_FLNB,-0.0011671075,0.14843172,0.16338821,-0.003698116,0.07114078,-0.0063557927,0.11208819,-0.003480601,-0.0025679201,-0.0016585044,0.035571404,0.33928636,-0.0019252391,-0.0054985806,-0.003232858,-0.009082847
ATAC_FLNC-AS1,-0.0010877977,0.17144857,0.1876833,-0.0037049602,0.100572705,-0.006372791,0.138077,-0.0038450004,-0.0021608365,-0.0012187964,-4.3637752e-05,0.3198309,-0.0024792808,-0.005549662,-0.0030374709,-0.008838554
ATAC_FLT3LG,-0.00011696454,0.21236098,-0.000683652,-0.0013314402,0.19532958,-0.0043197754,0.10959868,-0.0021093998,-0.00075667707,0.020049915,0.08433579,0.1437149,-0.0013695519,-0.0031119208,-0.0015400738,-0.005757833
ATAC_FLT4,-0.0010877977,0.17144857,0.1876833,-0.0037049602,0.100572705,-0.006372791,0.138077,-0.0038450004,-0.0021608365,-0.0012187964,-4.3637752e-05,0.3198309,-0.0024792808,-0.005549662,-0.0030374709,-0.008838554
ATAC_FLYWCH1,-0.0010877977,0.17144857,0.1876833,-0.0037049602,0.100572705,-0.006372791,0.138077,-0.0038450004,-0.0021608365,-0.0012187964,-4.3637752e-05,0.3198309,-0.0024792808,-0.005549662,-0.0030374709,-0.008838554
ATAC_FMR1-AS1,-0.001415606,0.13767102,0.22393946,-0.0036318623,0.08875791,-0.0060442677,0.12835969,-0.003429686,-0.0018784519,-0.0009765511,-1.9599645e-05,0.3178013,-0.002464551,-0.0058472594,-0.003147152,-0.009011823
ATAC_FOCAD,-0.0010877977,0.17144857,0.1876833,-0.0037049602,0.100572705,-0.006372791,0.138077,-0.0038450004,-0.0021608365,-0.0012187964,-4.3637752e-05,0.3198309,-0.0024792808,-0.005549662,-0.0030374709,-0.008838554
ATAC_FOXB1,-0.0010877977,0.17144857,0.1876833,-0.0037049602,0.100572705,-0.006372791,0.138077,-0.0038450004,-0.0021608365,-0.0012187964,-4.3637752e-05,0.3198309,-0.0024792808,-0.005549662,-0.0030374709,-0.008838554
ATAC_FOXC1,-0.0010877977,0.17144857,0.1876833,-0.0037049602,0.100572705,-0.006372791,0.138077,-0.0038450004,-0.0021608365,-0.0012187964,-4.3637752e-05,0.3198309,-0.0024792808,-0.005549662,-0.0030374709,-0.008838554
ATAC_FOXD2,-0.00086878025,0.13297671,0.1953061,-0.0037054007,0.09132304,-0.0061247097,0.1678289,-0.0037718385,-0.0017242831,-0.0013315682,-0.00016426771,0.31021953,-0.0023178183,-0.005418307,-0.0034319286,-0.008577738
ATAC_FOXJ1,-0.0010877977,0.17144857,0.1876833,-0.0037049602,0.100572705,-0.006372791,0.138077,-0.0038450004,-0.0021608365,-0.0012187964,-4.3637752e-05,0.3198309,-0.0024792808,-0.005549662,-0.0030374709,-0.008838554
ATAC_FOXP4-AS1,-0.0010877977,0.17144857,0.1876833,-0.0037049602,0.100572705,-0.006372791,0.138077,-0.0038450004,-0.0021608365,-0.0012187964,-4.3637752e-05,0.3198309,-0.0024792808,-0.005549662,-0.0030374709,-0.008838554
ATAC_FOXRED2,-0.0010877977,0.17144857,0.1876833,-0.0037049602,0.100572705,-0.006372791,0.138077,-0.0038450004,-0.0021608365,-0.0012187964,-4.3637752e-05,0.3198309,-0.0024792808,-0.005549662,-0.0030374709,-0.008838554
ATAC_FRG1-DT,-0.001089381,0.171263,0.18739955,-0.0037050454,0.100506864,-0.006373759,0.13777393,-0.0038477725,-0.0021629855,-0.001217528,-4.0855408e-05,0.32003343,-0.002479988,-0.0055524837,-0.0030372138,-0.008838606
ATAC_FRMD6-AS2,-0.0010877977,0.17144857,0.1876833,-0.0037049602,0.100572705,-0.006372791,0.138077,-0.0038450004,-0.0021608365,-0.0012187964,-4.3637752e-05,0.3198309,-0.0024792808,-0.005549662,-0.0030374709,-0.008838554
ATAC_FXYD1,-0.000969918,0.19252154,0.14411108,-0.003343508,0.065803945,-0.006128726,0.045009013,-0.0042504813,-0.0015904757,-0.0017235641,0.020330593,0.33744806,-0.0015573568,-0.004440171,-0.002421792,-0.007847975
ATAC_FZD4-DT,-0.0010877977,0.17144857,0.1876833,-0.0037049602,0.100572705,-0.006372791,0.138077,-0.0038450004,-0.0021608365,-0.0012187964,-4.3637752e-05,0.3198309,-0.0024792808,-0.005549662,-0.0030374709,-0.008838554
ATAC_G0S2,-0.001415606,0.13767102,0.22393946,-0.0036318623,0.08875791,-0.0060442677,0.12835969,-0.003429686,-0.0018784519,-0.0009765511,-1.9599645e-05,0.3178013,-0.002464551,-0.0058472594,-0.003147152,-0.009011823
ATAC_GAB2,-0.0010877977,0.17144857,0.1876833,-0.0037049602,0.100572705,-0.006372791,0.138077,-0.0038450004,-0.0021608365,-0.0012187964,-4.3637752e-05,0.3198309,-0.0024792808,-0.005549662,-0.0030374709,-0.008838554
ATAC_GABPB2,-0.0010877977,0.17144857,0.1876833,-0.0037049602,0.100572705,-0.006372791,0.138077,-0.0038450004,-0.0021608365,-0.0012187964,-4.3637752e-05,0.3198309,-0.0024792808,-0.005549662,-0.0030374709,-0.008838554
ATAC_GADD45A,-0.0010877977,0.17144857,0.1876833,-0.0037049602,0.100572705,-0.006372791,0.138077,-0.0038450004,-0.0021608365,-0.0012187964,-4.3637752e-05,0.3198309,-0.0024792808,-0.005549662,-0.0030374709,-0.008838554
ATAC_GALM,-0.0010877977,0.17144857,0.1876833,-0.0037049602,0.100572705,-0.006372791,0.138077,-0.0038450004,-0.0021608365,-0.0012187964,-4.3637752e-05,0.3198309,-0.0024792808,-0.005549662,-0.0030374709,-0.008838554
ATAC_GALNT12,-0.0010968809,0.1735683,0.18692933,-0.0036914104,0.10253403,-0.0063721356,0.13658813,-0.0038637237,-0.0021863347,-0.0012138605,-6.755382e-05,0.32280517,-0.002453146,-0.0055222306,-0.0030365654,-0.008839673
ATAC_GALNTL5,-0.0010877977,0.17144857,0.1876833,-0.0037049602,0.100572705,-0.006372791,0.138077,-0.0038450004,-0.0021608365,-0.0012187964,-4.3637752e-05,0.3198309,-0.0024792808,-0.005549662,-0.0030374709,-0.008838554
ATAC_GALNTL6,-0.0010877977,0.17144857,0.1876833,-0.0037049602,0.100572705,-0.006372791,0.138077,-0.0038450004,-0.0021608365,-0.0012187964,-4.3637752e-05,0.3198309,-0.0024792808,-0.005549662,-0.0030374709,-0.008838554
ATAC_GAS2,-0.0010877977,0.17144857,0.1876833,-0.0037049602,0.100572705,-0.006372791,0.138077,-0.0038450004,-0.0021608365,-0.0012187964,-4.3637752e-05,0.3198309,-0.0024792808,-0.005549662,-0.0030374709,-0.008838554
ATAC_GAS8,-0.0010877977,0.17144857,0.1876833,-0.0037049602,0.100572705,-0.006372791,0.138077,-0.0038450004,-0.0021608365,-0.0012187964,-4.3637752e-05,0.3198309,-0.0024792808,-0.005549662,-0.0030374709,-0.008838554
ATAC_GASK1A,-0.0010877977,0.17144857,0.1876833,-0.0037049602,0.100572705,-0.006372791,0.138077,-0.0038450004,-0.0021608365,-0.0012187964,-4.3637752e-05,0.3198309,-0.0024792808,-0.005549662,-0.0030374709,-0.008838554
ATAC_GATA3,-0.0010877977,0.17144857,0.1876833,-0.0037049602,0.100572705,-0.006372791,0.138077,-0.0038450004,-0.0021608365,-0.0012187964,-4.3637752e-05,0.3198309,-0.0024792808,-0.005549662,-0.0030374709,-0.008838554
ATAC_GBP5,-0.0010877977,0.17144857,0.1876833,-0.0037049602,0.100572705,-0.006372791,0.138077,-0.0038450004,-0.0021608365,-0.0012187964,-4.3637752e-05,0.3198309,-0.0024792808,-0.005549662,-0.0030374709,-0.008838554
ATAC_GBX1,-0.0010877977,0.17144857,0.1876833,-0.0037049602,0.100572705,-0.006372791,0.138077,-0.0038450004,-0.0021608365,-0.0012187964,-4.3637752e-05,0.3198309,-0.0024792808,-0.005549662,-0.0030374709,-0.008838554
ATAC_GCG,-0.0010877977,0.17144857,0.1876833,-0.0037049602,0.100572705,-0.006372791,0.138077,-0.0038450004,-0.0021608365,-0.0012187964,-4.3637752e-05,0.3198309,-0.0024792808,-0.005549662,-0.0030374709,-0.008838554
ATAC_GCK,-0.0010877977,0.17144857,0.1876833,-0.0037049602,0.100572705,-0.006372791,0.138077,-0.0038450004,-0.0021608365,-0.0012187964,-4.3637752e-05,0.3198309,-0.0024792808,-0.005549662,-0.0030374709,-0.008838554
ATAC_GCNT4,-0.0010877977,0.17144857,0.1876833,-0.0037049602,0.100572705,-0.006372791,0.138077,-0.0038450004,-0.0021608365,-0.0012187964,-4.3637752e-05,0.3198309,-0.0024792808,-0.005549662,-0.0030374709,-0.008838554
ATAC_GDF15,-0.0024040863,0.1415207,0.17432056,-0.003298131,0.127027,-0.004778313,0.2203616,-0.0031392372,-0.002130174,-5.4818538e-05,0.09923667,0.44896266,-0.0011292415,-0.0056587597,-0.0022980506,-0.008635947
ATAC_GDPD5,-0.0010856977,0.17122892,0.18787651,-0.003693356,0.10052632,-0.00638293,0.1376859,-0.0038525201,-0.0021658507,-0.0012245398,-5.376622e-05,0.32057846,-0.0024703345,-0.005545678,-0.0030468758,-0.008847826
ATAC_GEM,-0.0010877977,0.17144857,0.1876833,-0.0037049602,0.100572705,-0.006372791,0.138077,-0.0038450004,-0.0021608365,-0.0012187964,-4.3637752e-05,0.3198309,-0.0024792808,-0.005549662,-0.0030374709,-0.008838554
ATAC_GFOD1-AS1,-0.0010856953,0.17129393,0.18773861,-0.0037053262,0.10075045,-0.006372735,0.13824686,-0.0038431557,-0.00216225,-0.0012167731,-4.5306533e-05,0.31982026,-0.0024798694,-0.0055504977,-0.0030383659,-0.008836006
ATAC_GFPT2,-0.0010877977,0.17144857,0.1876833,-0.0037049602,0.100572705,-0.006372791,0.138077,-0.0038450004,-0.0021608365,-0.0012187964,-4.3637752e-05,0.3198309,-0.0024792808,-0.005549662,-0.0030374709,-0.008838554
ATAC_GFRA3,-0.0010877977,0.17144857,0.1876833,-0.0037049602,0.100572705,-0.006372791,0.138077,-0.0038450004,-0.0021608365,-0.0012187964,-4.3637752e-05,0.3198309,-0.0024792808,-0.005549662,-0.0030374709,-0.008838554
ATAC_GIMAP5,-0.0010865865,0.17132783,0.18773906,-0.0037042361,0.10051662,-0.006373171,0.13807106,-0.003844433,-0.0021615266,-0.0012198209,-4.311681e-05,0.31986457,-0.0024797171,-0.005550358,-0.0030363512,-0.008839263
ATAC_GIPR,-0.0010877977,0.17144857,0.1876833,-0.0037049602,0.100572705,-0.006372791,0.138077,-0.0038450004,-0.0021608365,-0.0012187964,-4.3637752e-05,0.3198309,-0.0024792808,-0.005549662,-0.0030374709,-0.008838554
ATAC_GJA3,-0.0010877977,0.17144857,0.1876833,-0.0037049602,0.100572705,-0.006372791,0.138077,-0.0038450004,-0.0021608365,-0.0012187964,-4.3637752e-05,0.3198309,-0.0024792808,-0.005549662,-0.0030374709,-0.008838554
ATAC_GJC3,-0.0010877977,0.17144857,0.1876833,-0.0037049602,0.100572705,-0.006372791,0.138077,-0.0038450004,-0.0021608365,-0.0012187964,-4.3637752e-05,0.3198309,-0.0024792808,-0.005549662,-0.0030374709,-0.008838554
ATAC_GLB1L3,-0.0010877977,0.17144857,0.1876833,-0.0037049602,0.100572705,-0.006372791,0.138077,-0.0038450004,-0.0021608365,-0.0012187964,-4.3637752e-05,0.3198309,-0.0024792808,-0.005549662,-0.0030374709,-0.008838554
ATAC_GLI4,-0.0010877977,0.17144857,0.1876833,-0.0037049602,0.100572705,-0.006372791,0.138077,-0.0038450004,-0.0021608365,-0.0012187964,-4.3637752e-05,0.3198309,-0.0024792808,-0.005549662,-0.0030374709,-0.008838554
ATAC_GLIPR1L2,-0.0010877977,0.17144857,0.1876833,-0.0037049602,0.100572705,-0.006372791,0.138077,-0.0038450004,-0.0021608365,-0.0012187964,-4.3637752e-05,0.3198309,-0.0024792808,-0.005549662,-0.0030374709,-0.008838554
ATAC_GNAL,-0.0010977697,0.1736672,0.18679185,-0.003702291,0.10252433,-0.0063623767,0.13697329,-0.003855637,-0.0021820106,-0.0012091416,-5.6904402e-05,0.32209125,-0.0024625286,-0.005526911,-0.0030260407,-0.00883111
ATAC_GNAS-AS1,-0.0010877977,0.17144857,0.1876833,-0.0037049602,0.100572705,-0.006372791,0.138077,-0.0038450004,-0.0021608365,-0.0012187964,-4.3637752e-05,0.3198309,-0.0024792808,-0.005549662,-0.0030374709,-0.008838554
ATAC_GNG11,-0.0010877977,0.17144857,0.1876833,-0.0037049602,0.100572705,-0.006372791,0.138077,-0.0038450004,-0.0021608365,-0.0012187964,-4.3637752e-05,0.3198309,-0.0024792808,-0.005549662,-0.0030374709,-0.008838554
ATAC_GNG3,-0.0010877977,0.17144857,0.1876833,-0.0037049602,0.100572705,-0.006372791,0.138077,-0.0038450004,-0.0021608365,-0.0012187964,-4.3637752e-05,0.3198309,-0.0024792808,-0.005549662,-0.0030374709,-0.008838554
ATAC_GNG7,-0.0010877977,0.17144857,0.1876833,-0.0037049602,0.100572705,-0.006372791,0.138077,-0.0038450004,-0.0021608365,-0.0012187964,-4.3637752e-05,0.3198309,-0.0024792808,-0.005549662,-0.0030374709,-0.008838554
ATAC_GNMT,-0.0010877977,0.17144857,0.1876833,-0.0037049602,0.100572705,-0.006372791,0.138077,-0.0038450004,-0.0021608365,-0.0012187964,-4.3637752e-05,0.3198309,-0.0024792808,-0.005549662,-0.0030374709,-0.008838554
ATAC_GOLGA8A,-0.0010877977,0.17144857,0.1876833,-0.0037049602,0.100572705,-0.006372791,0.138077,-0.0038450004,-0.0021608365,-0.0012187964,-4.3637752e-05,0.3198309,-0.0024792808,-0.005549662,-0.0030374709,-0.008838554
ATAC_GOLGA8B,-0.0010877977,0.17144857,0.1876833,-0.0037049602,0.100572705,-0.006372791,0.138077,-0.0038450004,-0.0021608365,-0.0012187964,-4.3637752e-05,0.3198309,-0.0024792808,-0.005549662,-0.0030374709,-0.008838554
ATAC_GORAB-AS1,-0.0010877977,0.17144857,0.1876833,-0.0037049602,0.100572705,-0.006372791,0.138077,-0.0038450004,-0.0021608365,-0.0012187964,-4.3637752e-05,0.3198309,-0.0024792808,-0.005549662,-0.0030374709,-0.008838554
ATAC_GP1BB,-0.002401984,0.14136605,0.17437588,-0.003298497,0.12720475,-0.004778257,0.22053146,-0.0031373922,-0.0021315878,-5.279526e-05,0.09906979,0.44895202,-0.0011298301,-0.005659596,-0.0022989458,-0.008633399
ATAC_GP5,-0.0010877977,0.17144857,0.1876833,-0.0037049602,0.100572705,-0.006372791,0.138077,-0.0038450004,-0.0021608365,-0.0012187964,-4.3637752e-05,0.3198309,-0.0024792808,-0.005549662,-0.0030374709,-0.008838554
ATAC_GPHN,-0.0010877977,0.17144857,0.1876833,-0.0037049602,0.100572705,-0.006372791,0.138077,-0.0038450004,-0.0021608365,-0.0012187964,-4.3637752e-05,0.3198309,-0.0024792808,-0.005549662,-0.0030374709,-0.008838554
ATAC_GPM6A,-0.0010877977,0.17144857,0.1876833,-0.0037049602,0.100572705,-0.006372791,0.138077,-0.0038450004,-0.0021608365,-0.0012187964,-4.3637752e-05,0.3198309,-0.0024792808,-0.005549662,-0.0030374709,-0.008838554
ATAC_GPR17,-0.0010877977,0.17144857,0.1876833,-0.0037049602,0.100572705,-0.006372791,0.138077,-0.0038450004,-0.0021608365,-0.0012187964,-4.3637752e-05,0.3198309,-0.0024792808,-0.005549662,-0.0030374709,-0.008838554
ATAC_GPR171,-0.0010877977,0.17144857,0.1876833,-0.0037049602,0.100572705,-0.006372791,0.138077,-0.0038450004,-0.0021608365,-0.0012187964,-4.3637752e-05,0.3198309,-0.0024792808,-0.005549662,-0.0030374709,-0.008838554
ATAC_GPR174,-0.0010877977,0.17144857,0.1876833,-0.0037049602,0.100572705,-0.006372791,0.138077,-0.0038450004,-0.0021608365,-0.0012187964,-4.3637752e-05,0.3198309,-0.0024792808,-0.005549662,-0.0030374709,-0.008838554
ATAC_GPR63,-0.0010877977,0.17144857,0.1876833,-0.0037049602,0.100572705,-0.006372791,0.138077,-0.0038450004,-0.0021608365,-0.0012187964,-4.3637752e-05,0.3198309,-0.0024792808,-0.005549662,-0.0030374709,-0.008838554
ATAC_GPR65,-0.0010877977,0.17144857,0.1876833,-0.0037049602,0.100572705,-0.006372791,0.138077,-0.0038450004,-0.0021608365,-0.0012187964,-4.3637752e-05,0.3198309,-0.0024792808,-0.005549662,-0.0030374709,-0.008838554
ATAC_GPR87,-0.0010877977,0.17144857,0.1876833,-0.0037049602,0.100572705,-0.006372791,0.138077,-0.0038450004,-0.0021608365,-0.0012187964,-4.3637752e-05,0.3198309,-0.0024792808,-0.005549662,-0.0030374709,-0.008838554
ATAC_GPR88,-0.0010865865,0.17132783,0.18773906,-0.0037042361,0.10051662,-0.006373171,0.13807106,-0.003844433,-0.0021615266,-0.0012198209,-4.311681e-05,0.31986457,-0.0024797171,-0.005550358,-0.0030363512,-0.008839263
ATAC_GPRACR,-0.0010877977,0.17144857,0.1876833,-0.0037049602,0.100572705,-0.006372791,0.138077,-0.0038450004,-0.0021608365,-0.0012187964,-4.3637752e-05,0.3198309,-0.0024792808,-0.005549662,-0.0030374709,-0.008838554
ATAC_GRAP2,-0.0010877977,0.17144857,0.1876833,-0.0037049602,0.100572705,-0.006372791,0.138077,-0.0038450004,-0.0021608365,-0.0012187964,-4.3637752e-05,0.3198309,-0.0024792808,-0.005549662,-0.0030374709,-0.008838554
ATAC_GREM2,-0.0021598062,0.14102818,0.11874096,-0.0031736898,0.15708032,-0.0053900634,0.03689313,-0.0029705958,-0.002593144,-0.0018584422,-0.00026576236,0.36971945,-0.0021359636,-0.0055624195,-0.0016761499,-0.0073393187
ATAC_GRIA4,-0.0010877977,0.17144857,0.1876833,-0.0037049602,0.100572705,-0.006372791,0.138077,-0.0038450004,-0.0021608365,-0.0012187964,-4.3637752e-05,0.3198309,-0.0024792808,-0.005549662,-0.0030374709,-0.008838554
ATAC_GRIK4,-0.0010877977,0.17144857,0.1876833,-0.0037049602,0.100572705,-0.006372791,0.138077,-0.0038450004,-0.0021608365,-0.0012187964,-4.3637752e-05,0.3198309,-0.0024792808,-0.005549662,-0.0030374709,-0.008838554
ATAC_GSG1,-0.0010860863,0.1710268,0.18784754,-0.003701256,0.101284705,-0.0063759047,0.13832788,-0.003836179,-0.0021499465,-0.0012161382,-5.2752046e-05,0.319309,-0.0024700572,-0.005540353,-0.0030260198,-0.008839308
ATAC_GSTM3,-0.0010877977,0.17144857,0.1876833,-0.0037049602,0.100572705,-0.006372791,0.138077,-0.0038450004,-0.0021608365,-0.0012187964,-4.3637752e-05,0.3198309,-0.0024792808,-0.005549662,-0.0030374709,-0.008838554
ATAC_GTDC1,-0.0010087709,0.1689938,0.18310411,-0.0037119465,0.10461819,-0.0064370716,0.12895915,-0.00390555,-0.0020991147,-0.0013152703,-9.14064e-05,0.31548157,-0.0023695433,-0.00561105,-0.003098632,-0.00880173
ATAC_GTF2H3,-0.0010877977,0.17144857,0.1876833,-0.0037049602,0.100572705,-0.006372791,0.138077,-0.0038450004,-0.0021608365,-0.0012187964,-4.3637752e-05,0.3198309,-0.0024792808,-0.005549662,-0.0030374709,-0.008838554
ATAC_GTF3A,-0.0010877977,0.17144857,0.1876833,-0.0037049602,0.100572705,-0.006372791,0.138077,-0.0038450004,-0.0021608365,-0.0012187964,-4.3637752e-05,0.3198309,-0.0024792808,-0.005549662,-0.0030374709,-0.008838554
ATAC_GTPBP8,0.034319833,0.040410176,0.23772071,-0.0037275248,0.050266527,-0.005605009,0.24547228,-0.0050751865,-0.003139981,-0.0006352549,-0.0006501074,0.35081685,-0.0024343866,-0.0054454766,-0.0030486553,-0.0073355003
ATAC_GXYLT2,-0.0010877977,0.17144857,0.1876833,-0.0037049602,0.100572705,-0.006372791,0.138077,-0.0038450004,-0.0021608365,-0.0012187964,-4.3637752e-05,0.3198309,-0.0024792808,-0.005549662,-0.0030374709,-0.008838554
ATAC_GYPC,-0.0010877977,0.17144857,0.1876833,-0.0037049602,0.100572705,-0.006372791,0.138077,-0.0038450004,-0.0021608365,-0.0012187964,-4.3637752e-05,0.3198309,-0.0024792808,-0.005549662,-0.0030374709,-0.008838554
ATAC_GZMA,-0.0010877977,0.17144857,0.1876833,-0.0037049602,0.100572705,-0.006372791,0.138077,-0.0038450004,-0.0021608365,-0.0012187964,-4.3637752e-05,0.3198309,-0.0024792808,-0.005549662,-0.0030374709,-0.008838554
ATAC_GZMB,-0.0010877977,0.17144857,0.1876833,-0.0037049602,0.100572705,-0.006372791,0.138077,-0.0038450004,-0.0021608365,-0.0012187964,-4.3637752e-05,0.3198309,-0.0024792808,-0.005549662,-0.0030374709,-0.008838554
ATAC_GZMH,-0.0010877025,0.17143157,0.18762662,-0.0037047588,0.100559175,-0.006372378,0.13808808,-0.0038446714,-0.0021609736,-0.0012192121,-4.4115484e-05,0.31978244,-0.0024791057,-0.005549787,-0.003037439,-0.008838984
ATAC_GZMK,-0.0010877977,0.17144857,0.1876833,-0.0037049602,0.100572705,-0.006372791,0.138077,-0.0038450004,-0.0021608365,-0.0012187964,-4.3637752e-05,0.3198309,-0.0024792808,-0.005549662,-0.0030374709,-0.008838554
ATAC_GZMM,-0.0010877977,0.17144857,0.1876833,-0.0037049602,0.100572705,-0.006372791,0.138077,-0.0038450004,-0.0021608365,-0.0012187964,-4.3637752e-05,0.3198309,-0.0024792808,-0.005549662,-0.0030374709,-0.008838554
ATAC_HABP4,-0.0010877977,0.17144857,0.1876833,-0.0037049602,0.100572705,-0.006372791,0.138077,-0.0038450004,-0.0021608365,-0.0012187964,-4.3637752e-05,0.3198309,-0.0024792808,-0.005549662,-0.0030374709,-0.008838554
ATAC_HAPLN3,-0.0010877977,0.17144857,0.1876833,-0.0037049602,0.100572705,-0.006372791,0.138077,-0.0038450004,-0.0021608365,-0.0012187964,-4.3637752e-05,0.3198309,-0.0024792808,-0.005549662,-0.0030374709,-0.008838554
ATAC_HARBI1,-0.0010877977,0.17144857,0.1876833,-0.0037049602,0.100572705,-0.006372791,0.138077,-0.0038450004,-0.0021608365,-0.0012187964,-4.3637752e-05,0.3198309,-0.0024792808,-0.005549662,-0.0030374709,-0.008838554
ATAC_HAS2-AS1,-0.0010877977,0.17144857,0.1876833,-0.0037049602,0.100572705,-0.006372791,0.138077,-0.0038450004,-0.0021608365,-0.0012187964,-4.3637752e-05,0.3198309,-0.0024792808,-0.005549662,-0.0030374709,-0.008838554
ATAC_HBQ1,-0.0011658586,0.14873478,0.16318111,-0.0036979287,0.070831016,-0.0063559753,0.1122604,-0.0034837897,-0.002569769,-0.0016614626,0.035815842,0.33956683,-0.0019281132,-0.005497879,-0.0032293235,-0.009084195
ATAC_HCG14,-0.0010877977,0.17144857,0.1876833,-0.0037049602,0.100572705,-0.006372791,0.138077,-0.0038450004,-0.0021608365,-0.0012187964,-4.3637752e-05,0.3198309,-0.0024792808,-0.005549662,-0.0030374709,-0.008838554
ATAC_HCG25,-0.0010877977,0.17144857,0.1876833,-0.0037049602,0.100572705,-0.006372791,0.138077,-0.0038450004,-0.0021608365,-0.0012187964,-4.3637752e-05,0.3198309,-0.0024792808,-0.005549662,-0.0030374709,-0.008838554
ATAC_HCG27,-0.0010877977,0.17144857,0.1876833,-0.0037049602,0.100572705,-0.006372791,0.138077,-0.0038450004,-0.0021608365,-0.0012187964,-4.3637752e-05,0.3198309,-0.0024792808,-0.005549662,-0.0030374709,-0.008838554
ATAC_HCP5,-0.0010877977,0.17144857,0.1876833,-0.0037049602,0.100572705,-0.006372791,0.138077,-0.0038450004,-0.0021608365,-0.0012187964,-4.3637752e-05,0.3198309,-0.0024792808,-0.005549662,-0.0030374709,-0.008838554
ATAC_HCRT,-0.0010877977,0.17144857,0.1876833,-0.0037049602,0.100572705,-0.006372791,0.138077,-0.0038450004,-0.0021608365,-0.0012187964,-4.3637752e-05,0.3198309,-0.0024792808,-0.005549662,-0.0030374709,-0.008838554
ATAC_HDAC11-AS1,-0.0010877977,0.17144857,0.1876833,-0.0037049602,0.100572705,-0.006372791,0.138077,-0.0038450004,-0.0021608365,-0.0012187964,-4.3637752e-05,0.3198309,-0.0024792808,-0.005549662,-0.0030374709,-0.008838554
ATAC_HDAC8,-0.0010877977,0.17144857,0.1876833,-0.0037049602,0.100572705,-0.006372791,0.138077,-0.0038450004,-0.0021608365,-0.0012187964,-4.3637752e-05,0.3198309,-0.0024792808,-0.005549662,-0.0030374709,-0.008838554
ATAC_HDAC9,-0.0010877977,0.17144857,0.1876833,-0.0037049602,0.100572705,-0.006372791,0.138077,-0.0038450004,-0.0021608365,-0.0012187964,-4.3637752e-05,0.3198309,-0.0024792808,-0.005549662,-0.0030374709,-0.008838554
ATAC_HDHD3,-0.0010877977,0.17144857,0.1876833,-0.0037049602,0.100572705,-0.006372791,0.138077,-0.0038450004,-0.0021608365,-0.0012187964,-4.3637752e-05,0.3198309,-0.0024792808,-0.005549662,-0.0030374709,-0.008838554
ATAC_HEG1,-0.001415606,0.13767102,0.22393946,-0.0036318623,0.08875791,-0.0060442677,0.12835969,-0.003429686,-0.0018784519,-0.0009765511,-1.9599645e-05,0.3178013,-0.002464551,-0.0058472594,-0.003147152,-0.009011823
ATAC_HELB,-0.0014147171,0.13757211,0.22407691,-0.0036209822,0.08876761,-0.006054027,0.12797451,-0.0034377729,-0.001882776,-0.00098127,-3.0249059e-05,0.31851524,-0.002455168,-0.00584258,-0.0031576767,-0.009020386
ATAC_HELLS,-0.0010877977,0.17144857,0.1876833,-0.0037049602,0.100572705,-0.006372791,0.138077,-0.0038450004,-0.0021608365,-0.0012187964,-4.3637752e-05,0.3198309,-0.0024792808,-0.005549662,-0.0030374709,-0.008838554
ATAC_HEMK1,-0.0010877977,0.17144857,0.1876833,-0.0037049602,0.100572705,-0.006372791,0.138077,-0.0038450004,-0.0021608365,-0.0012187964,-4.3637752e-05,0.3198309,-0.0024792808,-0.005549662,-0.0030374709,-0.008838554
ATAC_HERC2,-0.0010877977,0.17144857,0.1876833,-0.0037049602,0.100572705,-0.006372791,0.138077,-0.0038450004,-0.0021608365,-0.0012187964,-4.3637752e-05,0.3198309,-0.0024792808,-0.005549662,-0.0030374709,-0.008838554
ATAC_HERC5,-0.0010877977,0.17144857,0.1876833,-0.0037049602,0.100572705,-0.006372791,0.138077,-0.0038450004,-0.0021608365,-0.0012187964,-4.3637752e-05,0.3198309,-0.0024792808,-0.005549662,-0.0030374709,-0.008838554
ATAC_HERC6,-0.0010877977,0.17144857,0.1876833,-0.0037049602,0.100572705,-0.006372791,0.138077,-0.0038450004,-0.0021608365,-0.0012187964,-4.3637752e-05,0.3198309,-0.0024792808,-0.005549662,-0.0030374709,-0.008838554
ATAC_HES2,-0.0010877977,0.17144857,0.1876833,-0.0037049602,0.100572705,-0.006372791,0.138077,-0.0038450004,-0.0021608365,-0.0012187964,-4.3637752e-05,0.3198309,-0.0024792808,-0.005549662,-0.0030374709,-0.008838554
ATAC_HES7,-0.0010877977,0.17144857,0.1876833,-0.0037049602,0.100572705,-0.006372791,0.138077,-0.0038450004,-0.0021608365,-0.0012187964,-4.3637752e-05,0.3198309,-0.0024792808,-0.005549662,-0.0030374709,-0.008838554
ATAC_HEXIM1,-0.0010877977,0.17144857,0.1876833,-0.0037049602,0.100572705,-0.006372791,0.138077,-0.0038450004,-0.0021608365,-0.0012187964,-4.3637752e-05,0.3198309,-0.0024792808,-0.005549662,-0.0030374709,-0.008838554
ATAC_HHAT,-0.0010959863,0.17186503,0.18830745,-0.0036921448,0.09923577,-0.006357712,0.13654678,-0.003845144,-0.0021571484,-0.0012058922,-4.7512352e-05,0.31863338,-0.0024823833,-0.0055584246,-0.0030511622,-0.0088451905
ATAC_HIBADH,-0.0010877977,0.17144857,0.1876833,-0.0037049602,0.100572705,-0.006372791,0.138077,-0.0038450004,-0.0021608365,-0.0012187964,-4.3637752e-05,0.3198309,-0.0024792808,-0.005549662,-0.0030374709,-0.008838554
ATAC_HIF1A-AS1,-0.0010877977,0.17144857,0.1876833,-0.0037049602,0.100572705,-0.006372791,0.138077,-0.0038450004,-0.0021608365,-0.0012187964,-4.3637752e-05,0.3198309,-0.0024792808,-0.005549662,-0.0030374709,-0.008838554
ATAC_HIGD2B,-0.0010877977,0.17144857,0.1876833,-0.0037049602,0.100572705,-0.006372791,0.138077,-0.0038450004,-0.0021608365,-0.0012187964,-4.3637752e-05,0.3198309,-0.0024792808,-0.005549662,-0.0030374709,-0.008838554
ATAC_HIP1,-0.0010877977,0.17144857,0.1876833,-0.0037049602,0.100572705,-0.006372791,0.138077,-0.0038450004,-0.0021608365,-0.0012187964,-4.3637752e-05,0.3198309,-0.0024792808,-0.005549662,-0.0030374709,-0.008838554
ATAC_HIP1R,-0.0010877977,0.17144857,0.1876833,-0.0037049602,0.100572705,-0.006372791,0.138077,-0.0038450004,-0.0021608365,-0.0012187964,-4.3637752e-05,0.3198309,-0.0024792808,-0.005549662,-0.0030374709,-0.008838554
ATAC_HIPK1-AS1,-0.0010877977,0.17144857,0.1876833,-0.0037049602,0.100572705,-0.006372791,0.138077,-0.0038450004,-0.0021608365,-0.0012187964,-4.3637752e-05,0.3198309,-0.0024792808,-0.005549662,-0.0030374709,-0.008838554
ATAC_HIVEP3,-0.0010877977,0.17144857,0.1876833,-0.0037049602,0.100572705,-0.006372791,0.138077,-0.0038450004,-0.0021608365,-0.0012187964,-4.3637752e-05,0.3198309,-0.0024792808,-0.005549662,-0.0030374709,-0.008838554
ATAC_HKDC1,-0.0010877977,0.17144857,0.1876833,-0.0037049602,0.100572705,-0.006372791,0.138077,-0.0038450004,-0.0021608365,-0.0012187964,-4.3637752e-05,0.3198309,-0.0024792808,-0.005549662,-0.0030374709,-0.008838554
ATAC_HLA-DQA1,-0.0010877977,0.17144857,0.1876833,-0.0037049602,0.100572705,-0.006372791,0.138077,-0.0038450004,-0.0021608365,-0.0012187964,-4.3637752e-05,0.3198309,-0.0024792808,-0.005549662,-0.0030374709,-0.008838554
ATAC_HLA-DQB1,-0.0010877977,0.17144857,0.1876833,-0.0037049602,0.100572705,-0.006372791,0.138077,-0.0038450004,-0.0021608365,-0.0012187964,-4.3637752e-05,0.3198309,-0.0024792808,-0.005549662,-0.0030374709,-0.008838554
ATAC_HLCS,-0.0010974882,0.17115499,0.18863182,-0.003686649,0.10000959,-0.006377763,0.13686898,-0.003857037,-0.0021702119,-0.0012174833,-5.4415166e-05,0.32005847,-0.0024713676,-0.0055431747,-0.0030564973,-0.008850098
ATAC_HLTF-AS1,-0.0010877977,0.17144857,0.1876833,-0.0037049602,0.100572705,-0.006372791,0.138077,-0.0038450004,-0.0021608365,-0.0012187964,-4.3637752e-05,0.3198309,-0.0024792808,-0.005549662,-0.0030374709,-0.008838554
ATAC_HMCES,-0.0010877977,0.17144857,0.1876833,-0.0037049602,0.100572705,-0.006372791,0.138077,-0.0038450004,-0.0021608365,-0.0012187964,-4.3637752e-05,0.3198309,-0.0024792808,-0.005549662,-0.0030374709,-0.008838554
ATAC_HMGA1P4,-0.0010877977,0.17144857,0.1876833,-0.0037049602,0.100572705,-0.006372791,0.138077,-0.0038450004,-0.0021608365,-0.0012187964,-4.3637752e-05,0.3198309,-0.0024792808,-0.005549662,-0.0030374709,-0.008838554
ATAC_HMOX2,-0.0010877977,0.17144857,0.1876833,-0.0037049602,0.100572705,-0.006372791,0.138077,-0.0038450004,-0.0021608365,-0.0012187964,-4.3637752e-05,0.3198309,-0.0024792808,-0.005549662,-0.0030374709,-0.008838554
ATAC_HOMER1,-0.0010877977,0.17144857,0.1876833,-0.0037049602,0.100572705,-0.006372791,0.138077,-0.0038450004,-0.0021608365,-0.0012187964,-4.3637752e-05,0.3198309,-0.0024792808,-0.005549662,-0.0030374709,-0.008838554
ATAC_HOOK2,-0.0010856953,0.17129393,0.18773861,-0.0037053262,0.10075045,-0.006372735,0.13824686,-0.0038431557,-0.00216225,-0.0012167731,-4.5306533e-05,0.31982026,-0.0024798694,-0.0055504977,-0.0030383659,-0.008836006
ATAC_HOPX,-0.0010877977,0.17144857,0.1876833,-0.0037049602,0.100572705,-0.006372791,0.138077,-0.0038450004,-0.0021608365,-0.0012187964,-4.3637752e-05,0.3198309,-0.0024792808,-0.005549662,-0.0030374709,-0.008838554
ATAC_HOXA13,-0.0010877977,0.17144857,0.1876833,-0.0037049602,0.100572705,-0.006372791,0.138077,-0.0038450004,-0.0021608365,-0.0012187964,-4.3637752e-05,0.3198309,-0.0024792808,-0.005549662,-0.0030374709,-0.008838554
ATAC_HOXB-AS1,-0.0010877977,0.17144857,0.1876833,-0.0037049602,0.100572705,-0.006372791,0.138077,-0.0038450004,-0.0021608365,-0.0012187964,-4.3637752e-05,0.3198309,-0.0024792808,-0.005549662,-0.0030374709,-0.008838554
ATAC_HOXB-AS3,-0.0010877977,0.17144857,0.1876833,-0.0037049602,0.100572705,-0.006372791,0.138077,-0.0038450004,-0.0021608365,-0.0012187964,-4.3637752e-05,0.3198309,-0.0024792808,-0.005549662,-0.0030374709,-0.008838554
ATAC_HOXB9,-0.0010877977,0.17144857,0.1876833,-0.0037049602,0.100572705,-0.006372791,0.138077,-0.0038450004,-0.0021608365,-0.0012187964,-4.3637752e-05,0.3198309,-0.0024792808,-0.005549662,-0.0030374709,-0.008838554
ATAC_HOXC12,-0.0010877977,0.17144857,0.1876833,-0.0037049602,0.100572705,-0.006372791,0.138077,-0.0038450004,-0.0021608365,-0.0012187964,-4.3637752e-05,0.3198309,-0.0024792808,-0.005549662,-0.0030374709,-0.008838554
ATAC_HOXC4,-0.0010877977,0.17144857,0.1876833,-0.0037049602,0.100572705,-0.006372791,0.138077,-0.0038450004,-0.0021608365,-0.0012187964,-4.3637752e-05,0.3198309,-0.0024792808,-0.005549662,-0.0030374709,-0.008838554
ATAC_HPN,-0.0010877977,0.17144857,0.1876833,-0.0037049602,0.100572705,-0.006372791,0.138077,-0.0038450004,-0.0021608365,-0.0012187964,-4.3637752e-05,0.3198309,-0.0024792808,-0.005549662,-0.0030374709,-0.008838554
ATAC_HS3ST3B1,-0.0010877977,0.17144857,0.1876833,-0.0037049602,0.100572705,-0.006372791,0.138077,-0.0038450004,-0.0021608365,-0.0012187964,-4.3637752e-05,0.3198309,-0.0024792808,-0.005549662,-0.0030374709,-0.008838554
ATAC_HSBP1L1,-0.0010877977,0.17144857,0.1876833,-0.0037049602,0.100572705,-0.006372791,0.138077,-0.0038450004,-0.0021608365,-0.0012187964,-4.3637752e-05,0.3198309,-0.0024792808,-0.005549662,-0.0030374709,-0.008838554
ATAC_HSF5,-0.0010877977,0.17144857,0.1876833,-0.0037049602,0.100572705,-0.006372791,0.138077,-0.0038450004,-0.0021608365,-0.0012187964,-4.3637752e-05,0.3198309,-0.0024792808,-0.005549662,-0.0030374709,-0.008838554
ATAC_HSH2D,-0.0010877977,0.17144857,0.1876833,-0.0037049602,0.100572705,-0.006372791,0.138077,-0.0038450004,-0.0021608365,-0.0012187964,-4.3637752e-05,0.3198309,-0.0024792808,-0.005549662,-0.0030374709,-0.008838554
ATAC_HSPB1,-0.0010877977,0.17144857,0.1876833,-0.0037049602,0.100572705,-0.006372791,0.138077,-0.0038450004,-0.0021608365,-0.0012187964,-4.3637752e-05,0.3198309,-0.0024792808,-0.005549662,-0.0030374709,-0.008838554
ATAC_HTR2A,-0.001089381,0.171263,0.18739955,-0.0037050454,0.100506864,-0.006373759,0.13777393,-0.0038477725,-0.0021629855,-0.001217528,-4.0855408e-05,0.32003343,-0.002479988,-0.0055524837,-0.0030372138,-0.008838606
ATAC_HTRA3,-0.0010877977,0.17144857,0.1876833,-0.0037049602,0.100572705,-0.006372791,0.138077,-0.0038450004,-0.0021608365,-0.0012187964,-4.3637752e-05,0.3198309,-0.0024792808,-0.005549662,-0.0030374709,-0.008838554
ATAC_IBA57-DT,-0.0010877977,0.17144857,0.1876833,-0.0037049602,0.100572705,-0.006372791,0.138077,-0.0038450004,-0.0021608365,-0.0012187964,-4.3637752e-05,0.3198309,-0.0024792808,-0.005549662,-0.0030374709,-0.008838554
ATAC_ICE1,-0.0010877977,0.17144857,0.1876833,-0.0037049602,0.100572705,-0.006372791,0.138077,-0.0038450004,-0.0021608365,-0.0012187964,-4.3637752e-05,0.3198309,-0.0024792808,-0.005549662,-0.0030374709,-0.008838554
ATAC_ICOS,-0.0010877977,0.17144857,0.1876833,-0.0037049602,0.100572705,-0.006372791,0.138077,-0.0038450004,-0.0021608365,-0.0012187964,-4.3637752e-05,0.3198309,-0.0024792808,-0.005549662,-0.0030374709,-0.008838554
ATAC_ID3,-0.0010877977,0.17144857,0.1876833,-0.0037049602,0.100572705,-0.006372791,0.138077,-0.0038450004,-0.0021608365,-0.0012187964,-4.3637752e-05,0.3198309,-0.0024792808,-0.005549662,-0.0030374709,-0.008838554
ATAC_IER5L,-0.0010877977,0.17144857,0.1876833,-0.0037049602,0.100572705,-0.006372791,0.138077,-0.0038450004,-0.0021608365,-0.0012187964,-4.3637752e-05,0.3198309,-0.0024792808,-0.005549662,-0.0030374709,-0.008838554
ATAC_IFFO2,-0.0010877977,0.17144857,0.1876833,-0.0037049602,0.100572705,-0.006372791,0.138077,-0.0038450004,-0.0021608365,-0.0012187964,-4.3637752e-05,0.3198309,-0.0024792808,-0.005549662,-0.0030374709,-0.008838554
ATAC_IFI6,-0.0010865865,0.17132783,0.18773906,-0.0037042361,0.10051662,-0.006373171,0.13807106,-0.003844433,-0.0021615266,-0.0012198209,-4.311681e-05,0.31986457,-0.0024797171,-0.005550358,-0.0030363512,-0.008839263
ATAC_IFIT2,-0.0010877977,0.17144857,0.1876833,-0.0037049602,0.100572705,-0.006372791,0.138077,-0.0038450004,-0.0021608365,-0.0012187964,-4.3637752e-05,0.3198309,-0.0024792808,-0.005549662,-0.0030374709,-0.008838554
ATAC_IFNG,-0.0010877977,0.17144857,0.1876833,-0.0037049602,0.100572705,-0.006372791,0.138077,-0.0038450004,-0.0021608365,-0.0012187964,-4.3637752e-05,0.3198309,-0.0024792808,-0.005549662,-0.0030374709,-0.008838554
ATAC_IFNG-AS1,-0.0010877977,0.17144857,0.1876833,-0.0037049602,0.100572705,-0.006372791,0.138077,-0.0038450004,-0.0021608365,-0.0012187964,-4.3637752e-05,0.3198309,-0.0024792808,-0.005549662,-0.0030374709,-0.008838554
ATAC_IFNL1,-0.0010877977,0.17144857,0.1876833,-0.0037049602,0.100572705,-0.006372791,0.138077,-0.0038450004,-0.0021608365,-0.0012187964,-4.3637752e-05,0.3198309,-0.0024792808,-0.005549662,-0.0030374709,-0.008838554
ATAC_IFT122,-0.0010877977,0.17144857,0.1876833,-0.0037049602,0.100572705,-0.006372791,0.138077,-0.0038450004,-0.0021608365,-0.0012187964,-4.3637752e-05,0.3198309,-0.0024792808,-0.005549662,-0.0030374709,-0.008838554
ATAC_IFT46,-0.0010877977,0.17144857,0.1876833,-0.0037049602,0.100572705,-0.006372791,0.138077,-0.0038450004,-0.0021608365,-0.0012187964,-4.3637752e-05,0.3198309,-0.0024792808,-0.005549662,-0.0030374709,-0.008838554
ATAC_IFT88,-0.0010877977,0.17144857,0.1876833,-0.0037049602,0.100572705,-0.006372791,0.138077,-0.0038450004,-0.0021608365,-0.0012187964,-4.3637752e-05,0.3198309,-0.0024792808,-0.005549662,-0.0030374709,-0.008838554
ATAC_IGHA1,-0.0002692328,0.27971274,0.22195147,-0.0037043164,0.082768336,-0.0067989584,0.22432944,-0.004607583,-0.0010071482,-0.001748669,0.025050335,0.2262759,-0.0034180966,-0.0048718187,-0.002874353,-0.007857948
ATAC_IGHA2,-0.0010877977,0.17144857,0.1876833,-0.0037049602,0.100572705,-0.006372791,0.138077,-0.0038450004,-0.0021608365,-0.0012187964,-4.3637752e-05,0.3198309,-0.0024792808,-0.005549662,-0.0030374709,-0.008838554
ATAC_IGHG2,-0.0010877977,0.17144857,0.1876833,-0.0037049602,0.100572705,-0.006372791,0.138077,-0.0038450004,-0.0021608365,-0.0012187964,-4.3637752e-05,0.3198309,-0.0024792808,-0.005549662,-0.0030374709,-0.008838554
ATAC_IGHV1-3,-0.0010877977,0.17144857,0.1876833,-0.0037049602,0.100572705,-0.006372791,0.138077,-0.0038450004,-0.0021608365,-0.0012187964,-4.3637752e-05,0.3198309,-0.0024792808,-0.005549662,-0.0030374709,-0.008838554
ATAC_IGHV2-70,-0.0010877977,0.17144857,0.1876833,-0.0037049602,0.100572705,-0.006372791,0.138077,-0.0038450004,-0.0021608365,-0.0012187964,-4.3637752e-05,0.3198309,-0.0024792808,-0.005549662,-0.0030374709,-0.008838554
ATAC_IGHV3-43,-0.0010877977,0.17144857,0.1876833,-0.0037049602,0.100572705,-0.006372791,0.138077,-0.0038450004,-0.0021608365,-0.0012187964,-4.3637752e-05,0.3198309,-0.0024792808,-0.005549662,-0.0030374709,-0.008838554
ATAC_IGHV5-51,-0.0010877977,0.17144857,0.1876833,-0.0037049602,0.100572705,-0.006372791,0.138077,-0.0038450004,-0.0021608365,-0.0012187964,-4.3637752e-05,0.3198309,-0.0024792808,-0.005549662,-0.0030374709,-0.008838554
ATAC_IGKC,-0.0010078821,0.16889489,0.18324156,-0.0037010664,0.10462789,-0.00644683,0.12857398,-0.0039136373,-0.0021034386,-0.0013199892,-0.000102055965,0.3161955,-0.0023601602,-0.00560637,-0.003109157,-0.008810294
ATAC_IGLON5,-0.0010877977,0.17144857,0.1876833,-0.0037049602,0.100572705,-0.006372791,0.138077,-0.0038450004,-0.0021608365,-0.0012187964,-4.3637752e-05,0.3198309,-0.0024792808,-0.005549662,-0.0030374709,-0.008838554
ATAC_IGLV1-40,-0.0010877977,0.17144857,0.1876833,-0.0037049602,0.100572705,-0.006372791,0.138077,-0.0038450004,-0.0021608365,-0.0012187964,-4.3637752e-05,0.3198309,-0.0024792808,-0.005549662,-0.0030374709,-0.008838554
ATAC_IGLV1-44,-0.0010877025,0.17143157,0.18762662,-0.0037047588,0.100559175,-0.006372378,0.13808808,-0.0038446714,-0.0021609736,-0.0012192121,-4.4115484e-05,0.31978244,-0.0024791057,-0.005549787,-0.003037439,-0.008838984
ATAC_IGLV1-51,-0.0010877977,0.17144857,0.1876833,-0.0037049602,0.100572705,-0.006372791,0.138077,-0.0038450004,-0.0021608365,-0.0012187964,-4.3637752e-05,0.3198309,-0.0024792808,-0.005549662,-0.0030374709,-0.008838554
ATAC_IGLV2-14,-0.00093042135,0.2348218,0.23366047,-0.0033318293,0.056905776,-0.0067872885,0.060367078,-0.0033510828,-0.0021420114,-0.0019415858,-0.0003128761,0.2628999,-0.0030468786,-0.005736252,-0.0021482417,-0.007875979
ATAC_IGLV3-10,-0.0010877977,0.17144857,0.1876833,-0.0037049602,0.100572705,-0.006372791,0.138077,-0.0038450004,-0.0021608365,-0.0012187964,-4.3637752e-05,0.3198309,-0.0024792808,-0.005549662,-0.0030374709,-0.008838554
ATAC_IGLV3-9,-0.0010877977,0.17144857,0.1876833,-0.0037049602,0.100572705,-0.006372791,0.138077,-0.0038450004,-0.0021608365,-0.0012187964,-4.3637752e-05,0.3198309,-0.0024792808,-0.005549662,-0.0030374709,-0.008838554
ATAC_IGLV7-43,-0.0010877977,0.17144857,0.1876833,-0.0037049602,0.100572705,-0.006372791,0.138077,-0.0038450004,-0.0021608365,-0.0012187964,-4.3637752e-05,0.3198309,-0.0024792808,-0.005549662,-0.0030374709,-0.008838554
ATAC_IGLV9-49,-0.0021658775,0.14122915,0.118072584,-0.0031742614,0.1560275,-0.0053841406,0.035977297,-0.0029780944,-0.0026042801,-0.0018546843,-0.00026297732,0.37012696,-0.0021407672,-0.005578742,-0.0016846359,-0.0073316526
ATAC_IGSF21-AS1,-0.0024040863,0.1415207,0.17432056,-0.003298131,0.127027,-0.004778313,0.2203616,-0.0031392372,-0.002130174,-5.4818538e-05,0.09923667,0.44896266,-0.0011292415,-0.0056587597,-0.0022980506,-0.008635947
ATAC_IGSF9B,-0.0010877977,0.17144857,0.1876833,-0.0037049602,0.100572705,-0.006372791,0.138077,-0.0038450004,-0.0021608365,-0.0012187964,-4.3637752e-05,0.3198309,-0.0024792808,-0.005549662,-0.0030374709,-0.008838554
ATAC_IKZF2,-0.0010877977,0.17144857,0.1876833,-0.0037049602,0.100572705,-0.006372791,0.138077,-0.0038450004,-0.0021608365,-0.0012187964,-4.3637752e-05,0.3198309,-0.0024792808,-0.005549662,-0.0030374709,-0.008838554
ATAC_IKZF3,-0.0010877977,0.17144857,0.1876833,-0.0037049602,0.100572705,-0.006372791,0.138077,-0.0038450004,-0.0021608365,-0.0012187964,-4.3637752e-05,0.3198309,-0.0024792808,-0.005549662,-0.0030374709,-0.008838554
ATAC_IL11,-0.0010877977,0.17144857,0.1876833,-0.0037049602,0.100572705,-0.006372791,0.138077,-0.0038450004,-0.0021608365,-0.0012187964,-4.3637752e-05,0.3198309,-0.0024792808,-0.005549662,-0.0030374709,-0.008838554
ATAC_IL11RA,-0.0010877977,0.17144857,0.1876833,-0.0037049602,0.100572705,-0.006372791,0.138077,-0.0038450004,-0.0021608365,-0.0012187964,-4.3637752e-05,0.3198309,-0.0024792808,-0.005549662,-0.0030374709,-0.008838554
ATAC_IL12RB2,-0.0010877977,0.17144857,0.1876833,-0.0037049602,0.100572705,-0.006372791,0.138077,-0.0038450004,-0.0021608365,-0.0012187964,-4.3637752e-05,0.3198309,-0.0024792808,-0.005549662,-0.0030374709,-0.008838554
ATAC_IL17D,-0.0010877977,0.17144857,0.1876833,-0.0037049602,0.100572705,-0.006372791,0.138077,-0.0038450004,-0.0021608365,-0.0012187964,-4.3637752e-05,0.3198309,-0.0024792808,-0.005549662,-0.0030374709,-0.008838554
ATAC_IL18RAP,-0.0010977697,0.1736672,0.18679185,-0.003702291,0.10252433,-0.0063623767,0.13697329,-0.003855637,-0.0021820106,-0.0012091416,-5.6904402e-05,0.32209125,-0.0024625286,-0.005526911,-0.0030260407,-0.00883111
ATAC_IL19,-0.0010877977,0.17144857,0.1876833,-0.0037049602,0.100572705,-0.006372791,0.138077,-0.0038450004,-0.0021608365,-0.0012187964,-4.3637752e-05,0.3198309,-0.0024792808,-0.005549662,-0.0030374709,-0.008838554
ATAC_IL1B,-0.0010877977,0.17144857,0.1876833,-0.0037049602,0.100572705,-0.006372791,0.138077,-0.0038450004,-0.0021608365,-0.0012187964,-4.3637752e-05,0.3198309,-0.0024792808,-0.005549662,-0.0030374709,-0.008838554
ATAC_IL2,0.03431277,0.040421046,0.23776652,-0.0037278633,0.05029433,-0.005605338,0.24547558,-0.005074939,-0.0031404165,-0.00063511956,-0.0006497684,0.35081488,-0.0024347692,-0.005445791,-0.0030489166,-0.0073359087
ATAC_IL21R,-0.0010877977,0.17144857,0.1876833,-0.0037049602,0.100572705,-0.006372791,0.138077,-0.0038450004,-0.0021608365,-0.0012187964,-4.3637752e-05,0.3198309,-0.0024792808,-0.005549662,-0.0030374709,-0.008838554
ATAC_IL2RA,0.03431277,0.040421046,0.23776652,-0.0037278633,0.05029433,-0.005605338,0.24547558,-0.005074939,-0.0031404165,-0.00063511956,-0.0006497684,0.35081488,-0.0024347692,-0.005445791,-0.0030489166,-0.0073359087
ATAC_IL2RB,-0.0010877977,0.17144857,0.1876833,-0.0037049602,0.100572705,-0.006372791,0.138077,-0.0038450004,-0.0021608365,-0.0012187964,-4.3637752e-05,0.3198309,-0.0024792808,-0.005549662,-0.0030374709,-0.008838554
ATAC_IL6,-0.0010877977,0.17144857,0.1876833,-0.0037049602,0.100572705,-0.006372791,0.138077,-0.0038450004,-0.0021608365,-0.0012187964,-4.3637752e-05,0.3198309,-0.0024792808,-0.005549662,-0.0030374709,-0.008838554
ATAC_IL6R-AS1,-0.0010877977,0.17144857,0.1876833,-0.0037049602,0.100572705,-0.006372791,0.138077,-0.0038450004,-0.0021608365,-0.0012187964,-4.3637752e-05,0.3198309,-0.0024792808,-0.005549662,-0.0030374709,-0.008838554
ATAC_ILF3-DT,-0.0010877977,0.17144857,0.1876833,-0.0037049602,0.100572705,-0.006372791,0.138077,-0.0038450004,-0.0021608365,-0.0012187964,-4.3637752e-05,0.3198309,-0.0024792808,-0.005549662,-0.0030374709,-0.008838554
ATAC_ING1,-0.0010856953,0.17129393,0.18773861,-0.0037053262,0.10075045,-0.006372735,0.13824686,-0.0038431557,-0.00216225,-0.0012167731,-4.5306533e-05,0.31982026,-0.0024798694,-0.0055504977,-0.0030383659,-0.008836006
ATAC_INPP5E,-0.0010921574,0.17122777,0.18717916,-0.0037018275,0.100231886,-0.006369981,0.13741207,-0.0038436772,-0.0021610826,-0.0012123802,-4.996702e-05,0.3197165,-0.002474861,-0.005556675,-0.0030345058,-0.008831642
ATAC_INSM2,0.03431277,0.040421046,0.23776652,-0.0037278633,0.05029433,-0.005605338,0.24547558,-0.005074939,-0.0031404165,-0.00063511956,-0.0006497684,0.35081488,-0.0024347692,-0.005445791,-0.0030489166,-0.0073359087
ATAC_INTS1,-0.0010888542,0.17235915,0.18812059,-0.0036913478,0.100623675,-0.006379894,0.13929024,-0.003855944,-0.0021685609,-0.0012154165,-5.6066958e-05,0.31897217,-0.002493243,-0.005536244,-0.0030284035,-0.0088438485
ATAC_INTS11,-0.0010877977,0.17144857,0.1876833,-0.0037049602,0.100572705,-0.006372791,0.138077,-0.0038450004,-0.0021608365,-0.0012187964,-4.3637752e-05,0.3198309,-0.0024792808,-0.005549662,-0.0030374709,-0.008838554
ATAC_INTS4,-0.0010869089,0.17134966,0.18782078,-0.0036940794,0.100582406,-0.006382549,0.13769183,-0.0038530873,-0.0021651604,-0.0012235153,-5.4287164e-05,0.32054484,-0.0024698982,-0.005544982,-0.0030479955,-0.008847117
ATAC_INTS6L-AS1,-0.0010877977,0.17144857,0.1876833,-0.0037049602,0.100572705,-0.006372791,0.138077,-0.0038450004,-0.0021608365,-0.0012187964,-4.3637752e-05,0.3198309,-0.0024792808,-0.005549662,-0.0030374709,-0.008838554
ATAC_INVS,-0.0010877977,0.17144857,0.1876833,-0.0037049602,0.100572705,-0.006372791,0.138077,-0.0038450004,-0.0021608365,-0.0012187964,-4.3637752e-05,0.3198309,-0.0024792808,-0.005549662,-0.0030374709,-0.008838554
ATAC_IPP,-0.0010893948,0.17170428,0.18781026,-0.0037042182,0.10051927,-0.006372964,0.13823396,-0.003843957,-0.0021635708,-0.0012192575,-4.2905507e-05,0.31986904,-0.0024813018,-0.005548335,-0.0030379116,-0.008838243
ATAC_IQCB1,-0.0010877977,0.17144857,0.1876833,-0.0037049602,0.100572705,-0.006372791,0.138077,-0.0038450004,-0.0021608365,-0.0012187964,-4.3637752e-05,0.3198309,-0.0024792808,-0.005549662,-0.0030374709,-0.008838554
ATAC_IQCC,-0.0010877977,0.17144857,0.1876833,-0.0037049602,0.100572705,-0.006372791,0.138077,-0.0038450004,-0.0021608365,-0.0012187964,-4.3637752e-05,0.3198309,-0.0024792808,-0.005549662,-0.0030374709,-0.008838554
ATAC_IRGM,-0.0010877977,0.17144857,0.1876833,-0.0037049602,0.100572705,-0.006372791,0.138077,-0.0038450004,-0.0021608365,-0.0012187964,-4.3637752e-05,0.3198309,-0.0024792808,-0.005549662,-0.0030374709,-0.008838554
ATAC_ISM1,-0.001087727,0.1714377,0.1876375,-0.0037046217,0.10054491,-0.0063724616,0.13807371,-0.0038452481,-0.0021604009,-0.0012189316,-4.3976754e-05,0.31983286,-0.002478898,-0.005549348,-0.0030372092,-0.008838146
ATAC_ITGA10,-0.0010856953,0.17129393,0.18773861,-0.0037053262,0.10075045,-0.006372735,0.13824686,-0.0038431557,-0.00216225,-0.0012167731,-4.5306533e-05,0.31982026,-0.0024798694,-0.0055504977,-0.0030383659,-0.008836006
ATAC_ITGA2B,-0.0010877977,0.17144857,0.1876833,-0.0037049602,0.100572705,-0.006372791,0.138077,-0.0038450004,-0.0021608365,-0.0012187964,-4.3637752e-05,0.3198309,-0.0024792808,-0.005549662,-0.0030374709,-0.008838554
ATAC_ITGA6,-0.0010877977,0.17144857,0.1876833,-0.0037049602,0.100572705,-0.006372791,0.138077,-0.0038450004,-0.0021608365,-0.0012187964,-4.3637752e-05,0.3198309,-0.0024792808,-0.005549662,-0.0030374709,-0.008838554
ATAC_ITGAD,-0.0010877977,0.17144857,0.1876833,-0.0037049602,0.100572705,-0.006372791,0.138077,-0.0038450004,-0.0021608365,-0.0012187964,-4.3637752e-05,0.3198309,-0.0024792808,-0.005549662,-0.0030374709,-0.008838554
ATAC_ITGB1BP2,-0.0010877977,0.17144857,0.1876833,-0.0037049602,0.100572705,-0.006372791,0.138077,-0.0038450004,-0.0021608365,-0.0012187964,-4.3637752e-05,0.3198309,-0.0024792808,-0.005549662,-0.0030374709,-0.008838554
ATAC_ITGB2-AS1,-0.0010877977,0.17144857,0.1876833,-0.0037049602,0.100572705,-0.006372791,0.138077,-0.0038450004,-0.0021608365,-0.0012187964,-4.3637752e-05,0.3198309,-0.0024792808,-0.005549662,-0.0030374709,-0.008838554
ATAC_ITPR3,-0.0010877977,0.17144857,0.1876833,-0.0037049602,0.100572705,-0.006372791,0.138077,-0.0038450004,-0.0021608365,-0.0012187964,-4.3637752e-05,0.3198309,-0.0024792808,-0.005549662,-0.0030374709,-0.008838554
ATAC_ITPRIPL1,-0.0010877977,0.17144857,0.1876833,-0.0037049602,0.100572705,-0.006372791,0.138077,-0.0038450004,-0.0021608365,-0.0012187964,-4.3637752e-05,0.3198309,-0.0024792808,-0.005549662,-0.0030374709,-0.008838554
ATAC_JADE2,-0.0010877977,0.17144857,0.1876833,-0.0037049602,0.100572705,-0.006372791,0.138077,-0.0038450004,-0.0021608365,-0.0012187964,-4.3637752e-05,0.3198309,-0.0024792808,-0.005549662,-0.0030374709,-0.008838554
ATAC_JAKMIP2,-0.0010877977,0.17144857,0.1876833,-0.0037049602,0.100572705,-0.006372791,0.138077,-0.0038450004,-0.0021608365,-0.0012187964,-4.3637752e-05,0.3198309,-0.0024792808,-0.005549662,-0.0030374709,-0.008838554
ATAC_JAM2,-0.0010877977,0.17144857,0.1876833,-0.0037049602,0.100572705,-0.006372791,0.138077,-0.0038450004,-0.0021608365,-0.0012187964,-4.3637752e-05,0.3198309,-0.0024792808,-0.005549662,-0.0030374709,-0.008838554
ATAC_JAM3,-0.0010865865,0.17132783,0.18773906,-0.0037042361,0.10051662,-0.006373171,0.13807106,-0.003844433,-0.0021615266,-0.0012198209,-4.311681e-05,0.31986457,-0.0024797171,-0.005550358,-0.0030363512,-0.008839263
ATAC_JAZF1-AS1,-0.0010877977,0.17144857,0.1876833,-0.0037049602,0.100572705,-0.006372791,0.138077,-0.0038450004,-0.0021608365,-0.0012187964,-4.3637752e-05,0.3198309,-0.0024792808,-0.005549662,-0.0030374709,-0.008838554
ATAC_JPX,-0.0010877025,0.17143157,0.18762662,-0.0037047588,0.100559175,-0.006372378,0.13808808,-0.0038446714,-0.0021609736,-0.0012192121,-4.4115484e-05,0.31978244,-0.0024791057,-0.005549787,-0.003037439,-0.008838984
ATAC_KALRN,-0.0010877977,0.17144857,0.1876833,-0.0037049602,0.100572705,-0.006372791,0.138077,-0.0038450004,-0.0021608365,-0.0012187964,-4.3637752e-05,0.3198309,-0.0024792808,-0.005549662,-0.0030374709,-0.008838554
ATAC_KANK1,-0.0010877977,0.17144857,0.1876833,-0.0037049602,0.100572705,-0.006372791,0.138077,-0.0038450004,-0.0021608365,-0.0012187964,-4.3637752e-05,0.3198309,-0.0024792808,-0.005549662,-0.0030374709,-0.008838554
ATAC_KANK3,-0.0010877977,0.17144857,0.1876833,-0.0037049602,0.100572705,-0.006372791,0.138077,-0.0038450004,-0.0021608365,-0.0012187964,-4.3637752e-05,0.3198309,-0.0024792808,-0.005549662,-0.0030374709,-0.008838554
ATAC_KANSL1-AS1,-0.0010877977,0.17144857,0.1876833,-0.0037049602,0.100572705,-0.006372791,0.138077,-0.0038450004,-0.0021608365,-0.0012187964,-4.3637752e-05,0.3198309,-0.0024792808,-0.005549662,-0.0030374709,-0.008838554
ATAC_KANTR,-0.0010877977,0.17144857,0.1876833,-0.0037049602,0.100572705,-0.006372791,0.138077,-0.0038450004,-0.0021608365,-0.0012187964,-4.3637752e-05,0.3198309,-0.0024792808,-0.005549662,-0.0030374709,-0.008838554
ATAC_KAT2A,-0.0010087709,0.1689938,0.18310411,-0.0037119465,0.10461819,-0.0064370716,0.12895915,-0.00390555,-0.0020991147,-0.0013152703,-9.14064e-05,0.31548157,-0.0023695433,-0.00561105,-0.003098632,-0.00880173
ATAC_KATNBL1,-0.0010877977,0.17144857,0.1876833,-0.0037049602,0.100572705,-0.006372791,0.138077,-0.0038450004,-0.0021608365,-0.0012187964,-4.3637752e-05,0.3198309,-0.0024792808,-0.005549662,-0.0030374709,-0.008838554
ATAC_KAZALD1,-0.0010877977,0.17144857,0.1876833,-0.0037049602,0.100572705,-0.006372791,0.138077,-0.0038450004,-0.0021608365,-0.0012187964,-4.3637752e-05,0.3198309,-0.0024792808,-0.005549662,-0.0030374709,-0.008838554
ATAC_KCNA3,-0.0002692328,0.27971274,0.22195147,-0.0037043164,0.082768336,-0.0067989584,0.22432944,-0.004607583,-0.0010071482,-0.001748669,0.025050335,0.2262759,-0.0034180966,-0.0048718187,-0.002874353,-0.007857948
ATAC_KCNE2,-0.0010877977,0.17144857,0.1876833,-0.0037049602,0.100572705,-0.006372791,0.138077,-0.0038450004,-0.0021608365,-0.0012187964,-4.3637752e-05,0.3198309,-0.0024792808,-0.005549662,-0.0030374709,-0.008838554
ATAC_KCNG1,-0.0024040863,0.1415207,0.17432056,-0.003298131,0.127027,-0.004778313,0.2203616,-0.0031392372,-0.002130174,-5.4818538e-05,0.09923667,0.44896266,-0.0011292415,-0.0056587597,-0.0022980506,-0.008635947
ATAC_KCNH6,-0.0010877977,0.17144857,0.1876833,-0.0037049602,0.100572705,-0.006372791,0.138077,-0.0038450004,-0.0021608365,-0.0012187964,-4.3637752e-05,0.3198309,-0.0024792808,-0.005549662,-0.0030374709,-0.008838554
ATAC_KCNN1,-0.0010877977,0.17144857,0.1876833,-0.0037049602,0.100572705,-0.006372791,0.138077,-0.0038450004,-0.0021608365,-0.0012187964,-4.3637752e-05,0.3198309,-0.0024792808,-0.005549662,-0.0030374709,-0.008838554
ATAC_KDM2B-DT,-0.0010877977,0.17144857,0.1876833,-0.0037049602,0.100572705,-0.006372791,0.138077,-0.0038450004,-0.0021608365,-0.0012187964,-4.3637752e-05,0.3198309,-0.0024792808,-0.005549662,-0.0030374709,-0.008838554
ATAC_KHDC1,-0.0010877977,0.17144857,0.1876833,-0.0037049602,0.100572705,-0.006372791,0.138077,-0.0038450004,-0.0021608365,-0.0012187964,-4.3637752e-05,0.3198309,-0.0024792808,-0.005549662,-0.0030374709,-0.008838554
ATAC_KHDRBS2,-0.0010869089,0.17134966,0.18782078,-0.0036940794,0.100582406,-0.006382549,0.13769183,-0.0038530873,-0.0021651604,-0.0012235153,-5.4287164e-05,0.32054484,-0.0024698982,-0.005544982,-0.0030479955,-0.008847117
ATAC_KIAA0040,-0.002403991,0.14150369,0.17426385,-0.0032979304,0.12701347,-0.0047779004,0.22037268,-0.0031389082,-0.0021303114,-5.5234283e-05,0.09918889,0.44891417,-0.0011290665,-0.005658885,-0.0022980187,-0.008636377
ATAC_KIAA1671,-0.0010877977,0.17144857,0.1876833,-0.0037049602,0.100572705,-0.006372791,0.138077,-0.0038450004,-0.0021608365,-0.0012187964,-4.3637752e-05,0.3198309,-0.0024792808,-0.005549662,-0.0030374709,-0.008838554
ATAC_KIF12,-0.0010877977,0.17144857,0.1876833,-0.0037049602,0.100572705,-0.006372791,0.138077,-0.0038450004,-0.0021608365,-0.0012187964,-4.3637752e-05,0.3198309,-0.0024792808,-0.005549662,-0.0030374709,-0.008838554
ATAC_KIF21A,-0.0010877977,0.17144857,0.1876833,-0.0037049602,0.100572705,-0.006372791,0.138077,-0.0038450004,-0.0021608365,-0.0012187964,-4.3637752e-05,0.3198309,-0.0024792808,-0.005549662,-0.0030374709,-0.008838554
ATAC_KIF21B,-0.0010846409,0.17139426,0.18688889,-0.0036938775,0.10157365,-0.006369263,0.13691875,-0.0038366567,-0.002169286,-0.0012111728,-5.6613386e-05,0.31882814,-0.0024725988,-0.0055552986,-0.0030364972,-0.008824396
ATAC_KIF2A,-0.0010877977,0.17144857,0.1876833,-0.0037049602,0.100572705,-0.006372791,0.138077,-0.0038450004,-0.0021608365,-0.0012187964,-4.3637752e-05,0.3198309,-0.0024792808,-0.005549662,-0.0030374709,-0.008838554
ATAC_KIF3A,-0.001087727,0.1714377,0.1876375,-0.0037046217,0.10054491,-0.0063724616,0.13807371,-0.0038452481,-0.0021604009,-0.0012189316,-4.3976754e-05,0.31983286,-0.002478898,-0.005549348,-0.0030372092,-0.008838146
ATAC_KIF5C,-0.0010877977,0.17144857,0.1876833,-0.0037049602,0.100572705,-0.006372791,0.138077,-0.0038450004,-0.0021608365,-0.0012187964,-4.3637752e-05,0.3198309,-0.0024792808,-0.005549662,-0.0030374709,-0.008838554
ATAC_KIN,-0.0010877977,0.17144857,0.1876833,-0.0037049602,0.100572705,-0.006372791,0.138077,-0.0038450004,-0.0021608365,-0.0012187964,-4.3637752e-05,0.3198309,-0.0024792808,-0.005549662,-0.0030374709,-0.008838554
ATAC_KIR2DL1,-0.00086878025,0.13297671,0.1953061,-0.0037054007,0.09132304,-0.0061247097,0.1678289,-0.0037718385,-0.0017242831,-0.0013315682,-0.00016426771,0.31021953,-0.0023178183,-0.005418307,-0.0034319286,-0.008577738
ATAC_KIR2DL4,-0.0010877977,0.17144857,0.1876833,-0.0037049602,0.100572705,-0.006372791,0.138077,-0.0038450004,-0.0021608365,-0.0012187964,-4.3637752e-05,0.3198309,-0.0024792808,-0.005549662,-0.0030374709,-0.008838554
ATAC_KIR3DL1,-0.0010877977,0.17144857,0.1876833,-0.0037049602,0.100572705,-0.006372791,0.138077,-0.0038450004,-0.0021608365,-0.0012187964,-4.3637752e-05,0.3198309,-0.0024792808,-0.005549662,-0.0030374709,-0.008838554
ATAC_KIR3DL2,-0.0010869697,0.17164974,0.18753345,-0.003706244,0.100386135,-0.00637331,0.13789554,-0.003845286,-0.0021619624,-0.0012192393,-4.4535398e-05,0.31975633,-0.0024776226,-0.0055519105,-0.003038693,-0.0088396
ATAC_KIZ,-0.0010877977,0.17144857,0.1876833,-0.0037049602,0.100572705,-0.006372791,0.138077,-0.0038450004,-0.0021608365,-0.0012187964,-4.3637752e-05,0.3198309,-0.0024792808,-0.005549662,-0.0030374709,-0.008838554
ATAC_KLF3-AS1,-0.0010877977,0.17144857,0.1876833,-0.0037049602,0.100572705,-0.006372791,0.138077,-0.0038450004,-0.0021608365,-0.0012187964,-4.3637752e-05,0.3198309,-0.0024792808,-0.005549662,-0.0030374709,-0.008838554
ATAC_KLHDC1,-0.0010877977,0.17144857,0.1876833,-0.0037049602,0.100572705,-0.006372791,0.138077,-0.0038450004,-0.0021608365,-0.0012187964,-4.3637752e-05,0.3198309,-0.0024792808,-0.005549662,-0.0030374709,-0.008838554
ATAC_KLHDC10,-0.0010877977,0.17144857,0.1876833,-0.0037049602,0.100572705,-0.006372791,0.138077,-0.0038450004,-0.0021608365,-0.0012187964,-4.3637752e-05,0.3198309,-0.0024792808,-0.005549662,-0.0030374709,-0.008838554
ATAC_KLHDC4,-0.0010877977,0.17144857,0.1876833,-0.0037049602,0.100572705,-0.006372791,0.138077,-0.0038450004,-0.0021608365,-0.0012187964,-4.3637752e-05,0.3198309,-0.0024792808,-0.005549662,-0.0030374709,-0.008838554
ATAC_KLHL11,-0.0011537647,0.16816655,0.1970344,-0.003797574,0.09833139,-0.0063705854,0.122163825,-0.0039042453,-0.0022116425,-0.0011011281,0.00419046,0.32505834,-0.002397596,-0.005446845,-0.0031328867,-0.0088060945
ATAC_KLHL29,-0.001084579,0.17226085,0.18734653,-0.0037008594,0.09962202,-0.006363018,0.13718817,-0.0038414802,-0.002153223,-0.0012123672,-4.8282145e-05,0.3190452,-0.0024792554,-0.0055624805,-0.003043883,-0.008843256
ATAC_KLHL32,-0.0010877977,0.17144857,0.1876833,-0.0037049602,0.100572705,-0.006372791,0.138077,-0.0038450004,-0.0021608365,-0.0012187964,-4.3637752e-05,0.3198309,-0.0024792808,-0.005549662,-0.0030374709,-0.008838554
ATAC_KLRB1,-0.0010877977,0.17144857,0.1876833,-0.0037049602,0.100572705,-0.006372791,0.138077,-0.0038450004,-0.0021608365,-0.0012187964,-4.3637752e-05,0.3198309,-0.0024792808,-0.005549662,-0.0030374709,-0.008838554
ATAC_KLRC1,-0.001087727,0.1714377,0.1876375,-0.0037046217,0.10054491,-0.0063724616,0.13807371,-0.0038452481,-0.0021604009,-0.0012189316,-4.3976754e-05,0.31983286,-0.002478898,-0.005549348,-0.0030372092,-0.008838146
ATAC_KLRF1,-0.0010877977,0.17144857,0.1876833,-0.0037049602,0.100572705,-0.006372791,0.138077,-0.0038450004,-0.0021608365,-0.0012187964,-4.3637752e-05,0.3198309,-0.0024792808,-0.005549662,-0.0030374709,-0.008838554
ATAC_KLRG1,-0.0010877977,0.17144857,0.1876833,-0.0037049602,0.100572705,-0.006372791,0.138077,-0.0038450004,-0.0021608365,-0.0012187964,-4.3637752e-05,0.3198309,-0.0024792808,-0.005549662,-0.0030374709,-0.008838554
ATAC_KLRK1,-0.0010877977,0.17144857,0.1876833,-0.0037049602,0.100572705,-0.006372791,0.138077,-0.0038450004,-0.0021608365,-0.0012187964,-4.3637752e-05,0.3198309,-0.0024792808,-0.005549662,-0.0030374709,-0.008838554
ATAC_KNOP1,-0.0010877977,0.17144857,0.1876833,-0.0037049602,0.100572705,-0.006372791,0.138077,-0.0038450004,-0.0021608365,-0.0012187964,-4.3637752e-05,0.3198309,-0.0024792808,-0.005549662,-0.0030374709,-0.008838554
ATAC_KPNA2,-0.0010877977,0.17144857,0.1876833,-0.0037049602,0.100572705,-0.006372791,0.138077,-0.0038450004,-0.0021608365,-0.0012187964,-4.3637752e-05,0.3198309,-0.0024792808,-0.005549662,-0.0030374709,-0.008838554
ATAC_KPNA5,-0.0010877977,0.17144857,0.1876833,-0.0037049602,0.100572705,-0.006372791,0.138077,-0.0038450004,-0.0021608365,-0.0012187964,-4.3637752e-05,0.3198309,-0.0024792808,-0.005549662,-0.0030374709,-0.008838554
ATAC_KRBA2,-0.0010877977,0.17144857,0.1876833,-0.0037049602,0.100572705,-0.006372791,0.138077,-0.0038450004,-0.0021608365,-0.0012187964,-4.3637752e-05,0.3198309,-0.0024792808,-0.005549662,-0.0030374709,-0.008838554
ATAC_KRI1,-0.0010877977,0.17144857,0.1876833,-0.0037049602,0.100572705,-0.006372791,0.138077,-0.0038450004,-0.0021608365,-0.0012187964,-4.3637752e-05,0.3198309,-0.0024792808,-0.005549662,-0.0030374709,-0.008838554
ATAC_KRT33A,-0.001089381,0.171263,0.18739955,-0.0037050454,0.100506864,-0.006373759,0.13777393,-0.0038477725,-0.0021629855,-0.001217528,-4.0855408e-05,0.32003343,-0.002479988,-0.0055524837,-0.0030372138,-0.008838606
ATAC_KRT73-AS1,-0.0010877977,0.17144857,0.1876833,-0.0037049602,0.100572705,-0.006372791,0.138077,-0.0038450004,-0.0021608365,-0.0012187964,-4.3637752e-05,0.3198309,-0.0024792808,-0.005549662,-0.0030374709,-0.008838554
ATAC_KRT74,-0.0010877977,0.17144857,0.1876833,-0.0037049602,0.100572705,-0.006372791,0.138077,-0.0038450004,-0.0021608365,-0.0012187964,-4.3637752e-05,0.3198309,-0.0024792808,-0.005549662,-0.0030374709,-0.008838554
ATAC_KRT80,-0.0010877977,0.17144857,0.1876833,-0.0037049602,0.100572705,-0.006372791,0.138077,-0.0038450004,-0.0021608365,-0.0012187964,-4.3637752e-05,0.3198309,-0.0024792808,-0.005549662,-0.0030374709,-0.008838554
ATAC_KRTDAP,-0.0010877977,0.17144857,0.1876833,-0.0037049602,0.100572705,-0.006372791,0.138077,-0.0038450004,-0.0021608365,-0.0012187964,-4.3637752e-05,0.3198309,-0.0024792808,-0.005549662,-0.0030374709,-0.008838554
ATAC_L2HGDH,-0.0010877977,0.17144857,0.1876833,-0.0037049602,0.100572705,-0.006372791,0.138077,-0.0038450004,-0.0021608365,-0.0012187964,-4.3637752e-05,0.3198309,-0.0024792808,-0.005549662,-0.0030374709,-0.008838554
ATAC_LAG3,-0.0010877025,0.17143157,0.18762662,-0.0037047588,0.100559175,-0.006372378,0.13808808,-0.0038446714,-0.0021609736,-0.0012192121,-4.4115484e-05,0.31978244,-0.0024791057,-0.005549787,-0.003037439,-0.008838984
ATAC_LAIR2,-0.0011537647,0.16816655,0.1970344,-0.003797574,0.09833139,-0.0063705854,0.122163825,-0.0039042453,-0.0022116425,-0.0011011281,0.00419046,0.32505834,-0.002397596,-0.005446845,-0.0031328867,-0.0088060945
ATAC_LAMA3,-0.0010877977,0.17144857,0.1876833,-0.0037049602,0.100572705,-0.006372791,0.138077,-0.0038450004,-0.0021608365,-0.0012187964,-4.3637752e-05,0.3198309,-0.0024792808,-0.005549662,-0.0030374709,-0.008838554
ATAC_LAMP3,-0.0010877977,0.17144857,0.1876833,-0.0037049602,0.100572705,-0.006372791,0.138077,-0.0038450004,-0.0021608365,-0.0012187964,-4.3637752e-05,0.3198309,-0.0024792808,-0.005549662,-0.0030374709,-0.008838554
ATAC_LANCL1,-0.0010888542,0.17235915,0.18812059,-0.0036913478,0.100623675,-0.006379894,0.13929024,-0.003855944,-0.0021685609,-0.0012154165,-5.6066958e-05,0.31897217,-0.002493243,-0.005536244,-0.0030284035,-0.0088438485
ATAC_LANCL3,-0.0010877977,0.17144857,0.1876833,-0.0037049602,0.100572705,-0.006372791,0.138077,-0.0038450004,-0.0021608365,-0.0012187964,-4.3637752e-05,0.3198309,-0.0024792808,-0.005549662,-0.0030374709,-0.008838554
ATAC_LAT,-0.0010877977,0.17144857,0.1876833,-0.0037049602,0.100572705,-0.006372791,0.138077,-0.0038450004,-0.0021608365,-0.0012187964,-4.3637752e-05,0.3198309,-0.0024792808,-0.005549662,-0.0030374709,-0.008838554
ATAC_LAX1,-0.0010877977,0.17144857,0.1876833,-0.0037049602,0.100572705,-0.006372791,0.138077,-0.0038450004,-0.0021608365,-0.0012187964,-4.3637752e-05,0.3198309,-0.0024792808,-0.005549662,-0.0030374709,-0.008838554
ATAC_LCK,-0.0010877977,0.17144857,0.1876833,-0.0037049602,0.100572705,-0.006372791,0.138077,-0.0038450004,-0.0021608365,-0.0012187964,-4.3637752e-05,0.3198309,-0.0024792808,-0.005549662,-0.0030374709,-0.008838554
ATAC_LCLAT1,-0.0010877977,0.17144857,0.1876833,-0.0037049602,0.100572705,-0.006372791,0.138077,-0.0038450004,-0.0021608365,-0.0012187964,-4.3637752e-05,0.3198309,-0.0024792808,-0.005549662,-0.0030374709,-0.008838554
ATAC_LDAH,-0.0010877977,0.17144857,0.1876833,-0.0037049602,0.100572705,-0.006372791,0.138077,-0.0038450004,-0.0021608365,-0.0012187964,-4.3637752e-05,0.3198309,-0.0024792808,-0.005549662,-0.0030374709,-0.008838554
ATAC_LDB2,-0.0002683441,0.27961385,0.22208895,-0.0036934358,0.08277804,-0.0068087173,0.22394428,-0.0046156696,-0.0010114721,-0.0017533882,0.023985386,0.22698984,-0.003408714,-0.0048671393,-0.0028848776,-0.00786651
ATAC_LDHC,-0.0010877977,0.17144857,0.1876833,-0.0037049602,0.100572705,-0.006372791,0.138077,-0.0038450004,-0.0021608365,-0.0012187964,-4.3637752e-05,0.3198309,-0.0024792808,-0.005549662,-0.0030374709,-0.008838554
ATAC_LDLRAP1,-0.0021615177,0.14144996,0.11857672,-0.0031773937,0.15636832,-0.0053869495,0.036642246,-0.0029794173,-0.0026040338,-0.0018611003,-0.00025664805,0.37024134,-0.002145187,-0.005571729,-0.0016876009,-0.007338565
ATAC_LEF1-AS1,-0.0010877977,0.17144857,0.1876833,-0.0037049602,0.100572705,-0.006372791,0.138077,-0.0038450004,-0.0021608365,-0.0012187964,-4.3637752e-05,0.3198309,-0.0024792808,-0.005549662,-0.0030374709,-0.008838554
ATAC_LEFTY2,-0.0021615177,0.14144996,0.11857672,-0.0031773937,0.15636832,-0.0053869495,0.036642246,-0.0029794173,-0.0026040338,-0.0018611003,-0.00025664805,0.37024134,-0.002145187,-0.005571729,-0.0016876009,-0.007338565
ATAC_LEMD3,-0.0010877977,0.17144857,0.1876833,-0.0037049602,0.100572705,-0.006372791,0.138077,-0.0038450004,-0.0021608365,-0.0012187964,-4.3637752e-05,0.3198309,-0.0024792808,-0.005549662,-0.0030374709,-0.008838554
ATAC_LETM2,-0.0010877977,0.17144857,0.1876833,-0.0037049602,0.100572705,-0.006372791,0.138077,-0.0038450004,-0.0021608365,-0.0012187964,-4.3637752e-05,0.3198309,-0.0024792808,-0.005549662,-0.0030374709,-0.008838554
ATAC_LEXM,-0.0010877977,0.17144857,0.1876833,-0.0037049602,0.100572705,-0.006372791,0.138077,-0.0038450004,-0.0021608365,-0.0012187964,-4.3637752e-05,0.3198309,-0.0024792808,-0.005549662,-0.0030374709,-0.008838554
ATAC_LGALS8-AS1,-0.0010877977,0.17144857,0.1876833,-0.0037049602,0.100572705,-0.006372791,0.138077,-0.0038450004,-0.0021608365,-0.0012187964,-4.3637752e-05,0.3198309,-0.0024792808,-0.005549662,-0.0030374709,-0.008838554
ATAC_LGALS9B,-0.0010877977,0.17144857,0.1876833,-0.0037049602,0.100572705,-0.006372791,0.138077,-0.0038450004,-0.0021608365,-0.0012187964,-4.3637752e-05,0.3198309,-0.0024792808,-0.005549662,-0.0030374709,-0.008838554
ATAC_LGR6,-0.0010877977,0.17144857,0.1876833,-0.0037049602,0.100572705,-0.006372791,0.138077,-0.0038450004,-0.0021608365,-0.0012187964,-4.3637752e-05,0.3198309,-0.0024792808,-0.005549662,-0.0030374709,-0.008838554
ATAC_LHFPL1,-0.0010812284,0.17206752,0.1869087,-0.0037084287,0.099853896,-0.0063710767,0.1390107,-0.003842992,-0.002157719,-0.0012157192,-4.562378e-05,0.31905007,-0.0024816594,-0.0055461396,-0.003040055,-0.008826789
ATAC_LHX1-DT,-0.0010877977,0.17144857,0.1876833,-0.0037049602,0.100572705,-0.006372791,0.138077,-0.0038450004,-0.0021608365,-0.0012187964,-4.3637752e-05,0.3198309,-0.0024792808,-0.005549662,-0.0030374709,-0.008838554
ATAC_LIM2,-0.0010877977,0.17144857,0.1876833,-0.0037049602,0.100572705,-0.006372791,0.138077,-0.0038450004,-0.0021608365,-0.0012187964,-4.3637752e-05,0.3198309,-0.0024792808,-0.005549662,-0.0030374709,-0.008838554
ATAC_LIMA1,-0.0010877977,0.17144857,0.1876833,-0.0037049602,0.100572705,-0.006372791,0.138077,-0.0038450004,-0.0021608365,-0.0012187964,-4.3637752e-05,0.3198309,-0.0024792808,-0.005549662,-0.0030374709,-0.008838554
ATAC_LIME1,-0.0010856953,0.17129393,0.18773861,-0.0037053262,0.10075045,-0.006372735,0.13824686,-0.0038431557,-0.00216225,-0.0012167731,-4.5306533e-05,0.31982026,-0.0024798694,-0.0055504977,-0.0030383659,-0.008836006
ATAC_LIN7B,-0.0011537647,0.16816655,0.1970344,-0.003797574,0.09833139,-0.0063705854,0.122163825,-0.0039042453,-0.0022116425,-0.0011011281,0.00419046,0.32505834,-0.002397596,-0.005446845,-0.0031328867,-0.0088060945
ATAC_LINC00092,-0.0010877977,0.17144857,0.1876833,-0.0037049602,0.100572705,-0.006372791,0.138077,-0.0038450004,-0.0021608365,-0.0012187964,-4.3637752e-05,0.3198309,-0.0024792808,-0.005549662,-0.0030374709,-0.008838554
ATAC_LINC00237,-0.0010893948,0.17170428,0.18781026,-0.0037042182,0.10051927,-0.006372964,0.13823396,-0.003843957,-0.0021635708,-0.0012192575,-4.2905507e-05,0.31986904,-0.0024813018,-0.005548335,-0.0030379116,-0.008838243
ATAC_LINC00240,-0.0010877977,0.17144857,0.1876833,-0.0037049602,0.100572705,-0.006372791,0.138077,-0.0038450004,-0.0021608365,-0.0012187964,-4.3637752e-05,0.3198309,-0.0024792808,-0.005549662,-0.0030374709,-0.008838554
ATAC_LINC00243,-0.0010877977,0.17144857,0.1876833,-0.0037049602,0.100572705,-0.006372791,0.138077,-0.0038450004,-0.0021608365,-0.0012187964,-4.3637752e-05,0.3198309,-0.0024792808,-0.005549662,-0.0030374709,-0.008838554
ATAC_LINC00299,-0.00015135299,0.30078572,0.17837925,-0.0033428643,0.04799958,-0.0065548937,0.1312615,-0.0050130635,-0.0004367873,-0.0022534372,0.049744703,0.24389307,-0.0024961724,-0.0037623278,-0.0022586738,-0.0068673687
ATAC_LINC00323,-0.00093042135,0.2348218,0.23366047,-0.0033318293,0.056905776,-0.0067872885,0.060367078,-0.0033510828,-0.0021420114,-0.0019415858,-0.0003128761,0.2628999,-0.0030468786,-0.005736252,-0.0021482417,-0.007875979
ATAC_LINC00390,0.03431277,0.040421046,0.23776652,-0.0037278633,0.05029433,-0.005605338,0.24547558,-0.005074939,-0.0031404165,-0.00063511956,-0.0006497684,0.35081488,-0.0024347692,-0.005445791,-0.0030489166,-0.0073359087
ATAC_LINC00402,-0.0010877977,0.17144857,0.1876833,-0.0037049602,0.100572705,-0.006372791,0.138077,-0.0038450004,-0.0021608365,-0.0012187964,-4.3637752e-05,0.3198309,-0.0024792808,-0.005549662,-0.0030374709,-0.008838554
ATAC_LINC00461,-0.0010877977,0.17144857,0.1876833,-0.0037049602,0.100572705,-0.006372791,0.138077,-0.0038450004,-0.0021608365,-0.0012187964,-4.3637752e-05,0.3198309,-0.0024792808,-0.005549662,-0.0030374709,-0.008838554
ATAC_LINC00469,-0.0010877977,0.17144857,0.1876833,-0.0037049602,0.100572705,-0.006372791,0.138077,-0.0038450004,-0.0021608365,-0.0012187964,-4.3637752e-05,0.3198309,-0.0024792808,-0.005549662,-0.0030374709,-0.008838554
ATAC_LINC00471,-0.0010877977,0.17144857,0.1876833,-0.0037049602,0.100572705,-0.006372791,0.138077,-0.0038450004,-0.0021608365,-0.0012187964,-4.3637752e-05,0.3198309,-0.0024792808,-0.005549662,-0.0030374709,-0.008838554
ATAC_LINC00502,-0.0010877977,0.17144857,0.1876833,-0.0037049602,0.100572705,-0.006372791,0.138077,-0.0038450004,-0.0021608365,-0.0012187964,-4.3637752e-05,0.3198309,-0.0024792808,-0.005549662,-0.0030374709,-0.008838554
ATAC_LINC00551,-0.0010865488,0.17175163,0.18747623,-0.0037047737,0.10026294,-0.0063729724,0.13824922,-0.003848189,-0.0021626852,-0.0012217545,-4.1193365e-05,0.32011133,-0.0024821549,-0.00554896,-0.0030339363,-0.008839902
ATAC_LINC00554,-0.0010877977,0.17144857,0.1876833,-0.0037049602,0.100572705,-0.006372791,0.138077,-0.0038450004,-0.0021608365,-0.0012187964,-4.3637752e-05,0.3198309,-0.0024792808,-0.005549662,-0.0030374709,-0.008838554
ATAC_LINC00563,-0.0010877977,0.17144857,0.1876833,-0.0037049602,0.100572705,-0.006372791,0.138077,-0.0038450004,-0.0021608365,-0.0012187964,-4.3637752e-05,0.3198309,-0.0024792808,-0.005549662,-0.0030374709,-0.008838554
ATAC_LINC00582,-0.0010888542,0.17235915,0.18812059,-0.0036913478,0.100623675,-0.006379894,0.13929024,-0.003855944,-0.0021685609,-0.0012154165,-5.6066958e-05,0.31897217,-0.002493243,-0.005536244,-0.0030284035,-0.0088438485
ATAC_LINC00612,-0.0010877977,0.17144857,0.1876833,-0.0037049602,0.100572705,-0.006372791,0.138077,-0.0038450004,-0.0021608365,-0.0012187964,-4.3637752e-05,0.3198309,-0.0024792808,-0.005549662,-0.0030374709,-0.008838554
ATAC_LINC00623,-0.0010877977,0.17144857,0.1876833,-0.0037049602,0.100572705,-0.006372791,0.138077,-0.0038450004,-0.0021608365,-0.0012187964,-4.3637752e-05,0.3198309,-0.0024792808,-0.005549662,-0.0030374709,-0.008838554
ATAC_LINC00649,-0.0010877977,0.17144857,0.1876833,-0.0037049602,0.100572705,-0.006372791,0.138077,-0.0038450004,-0.0021608365,-0.0012187964,-4.3637752e-05,0.3198309,-0.0024792808,-0.005549662,-0.0030374709,-0.008838554
ATAC_LINC00652,-0.0010877977,0.17144857,0.1876833,-0.0037049602,0.100572705,-0.006372791,0.138077,-0.0038450004,-0.0021608365,-0.0012187964,-4.3637752e-05,0.3198309,-0.0024792808,-0.005549662,-0.0030374709,-0.008838554
ATAC_LINC00661,-0.0010877977,0.17144857,0.1876833,-0.0037049602,0.100572705,-0.006372791,0.138077,-0.0038450004,-0.0021608365,-0.0012187964,-4.3637752e-05,0.3198309,-0.0024792808,-0.005549662,-0.0030374709,-0.008838554
ATAC_LINC00685,-0.0010877977,0.17144857,0.1876833,-0.0037049602,0.100572705,-0.006372791,0.138077,-0.0038450004,-0.0021608365,-0.0012187964,-4.3637752e-05,0.3198309,-0.0024792808,-0.005549662,-0.0030374709,-0.008838554
ATAC_LINC00850,-0.0010877977,0.17144857,0.1876833,-0.0037049602,0.100572705,-0.006372791,0.138077,-0.0038450004,-0.0021608365,-0.0012187964,-4.3637752e-05,0.3198309,-0.0024792808,-0.005549662,-0.0030374709,-0.008838554
ATAC_LINC00867,-0.0010877977,0.17144857,0.1876833,-0.0037049602,0.100572705,-0.006372791,0.138077,-0.0038450004,-0.0021608365,-0.0012187964,-4.3637752e-05,0.3198309,-0.0024792808,-0.005549662,-0.0030374709,-0.008838554
ATAC_LINC00882,-0.0010877977,0.17144857,0.1876833,-0.0037049602,0.100572705,-0.006372791,0.138077,-0.0038450004,-0.0021608365,-0.0012187964,-4.3637752e-05,0.3198309,-0.0024792808,-0.005549662,-0.0030374709,-0.008838554
ATAC_LINC00926,-0.0010877977,0.17144857,0.1876833,-0.0037049602,0.100572705,-0.006372791,0.138077,-0.0038450004,-0.0021608365,-0.0012187964,-4.3637752e-05,0.3198309,-0.0024792808,-0.005549662,-0.0030374709,-0.008838554
ATAC_LINC00944,-0.0010877977,0.17144857,0.1876833,-0.0037049602,0.100572705,-0.006372791,0.138077,-0.0038450004,-0.0021608365,-0.0012187964,-4.3637752e-05,0.3198309,-0.0024792808,-0.005549662,-0.0030374709,-0.008838554
ATAC_LINC00970,-0.0011624878,0.17068826,0.19593586,-0.0037947183,0.099973254,-0.006360354,0.12123233,-0.0039180703,-0.0022346654,-0.0010944315,0.0031082332,0.3275991,-0.0023837178,-0.0054233917,-0.0031179222,-0.008799999
ATAC_LINC01004,-0.0010921574,0.17122777,0.18717916,-0.0037018275,0.100231886,-0.006369981,0.13741207,-0.0038436772,-0.0021610826,-0.0012123802,-4.996702e-05,0.3197165,-0.002474861,-0.005556675,-0.0030345058,-0.008831642
ATAC_LINC01033,-0.0010877025,0.17143157,0.18762662,-0.0037047588,0.100559175,-0.006372378,0.13808808,-0.0038446714,-0.0021609736,-0.0012192121,-4.4115484e-05,0.31978244,-0.0024791057,-0.005549787,-0.003037439,-0.008838984
ATAC_LINC01063,-0.0010877977,0.17144857,0.1876833,-0.0037049602,0.100572705,-0.006372791,0.138077,-0.0038450004,-0.0021608365,-0.0012187964,-4.3637752e-05,0.3198309,-0.0024792808,-0.005549662,-0.0030374709,-0.008838554
ATAC_LINC01077,-0.0010877977,0.17144857,0.1876833,-0.0037049602,0.100572705,-0.006372791,0.138077,-0.0038450004,-0.0021608365,-0.0012187964,-4.3637752e-05,0.3198309,-0.0024792808,-0.005549662,-0.0030374709,-0.008838554
ATAC_LINC01135,-0.0024040863,0.1415207,0.17432056,-0.003298131,0.127027,-0.004778313,0.2203616,-0.0031392372,-0.002130174,-5.4818538e-05,0.09923667,0.44896266,-0.0011292415,-0.0056587597,-0.0022980506,-0.008635947
ATAC_LINC01151,-0.0010877977,0.17144857,0.1876833,-0.0037049602,0.100572705,-0.006372791,0.138077,-0.0038450004,-0.0021608365,-0.0012187964,-4.3637752e-05,0.3198309,-0.0024792808,-0.005549662,-0.0030374709,-0.008838554
ATAC_LINC01232,-0.0010868136,0.17133266,0.18776406,-0.0036938787,0.100568876,-0.0063821366,0.1377029,-0.0038527583,-0.0021652977,-0.001223931,-5.4765045e-05,0.32049635,-0.0024697229,-0.005545107,-0.0030479636,-0.008847548
ATAC_LINC01237,-0.0010877977,0.17144857,0.1876833,-0.0037049602,0.100572705,-0.006372791,0.138077,-0.0038450004,-0.0021608365,-0.0012187964,-4.3637752e-05,0.3198309,-0.0024792808,-0.005549662,-0.0030374709,-0.008838554
ATAC_LINC01278,-0.0010860863,0.1710268,0.18784754,-0.003701256,0.101284705,-0.0063759047,0.13832788,-0.003836179,-0.0021499465,-0.0012161382,-5.2752046e-05,0.319309,-0.0024700572,-0.005540353,-0.0030260198,-0.008839308
ATAC_LINC01315,-0.0010877977,0.17144857,0.1876833,-0.0037049602,0.100572705,-0.006372791,0.138077,-0.0038450004,-0.0021608365,-0.0012187964,-4.3637752e-05,0.3198309,-0.0024792808,-0.005549662,-0.0030374709,-0.008838554
ATAC_LINC01381,-0.0010921574,0.17122777,0.18717916,-0.0037018275,0.100231886,-0.006369981,0.13741207,-0.0038436772,-0.0021610826,-0.0012123802,-4.996702e-05,0.3197165,-0.002474861,-0.005556675,-0.0030345058,-0.008831642
ATAC_LINC01413,-0.0010877977,0.17144857,0.1876833,-0.0037049602,0.100572705,-0.006372791,0.138077,-0.0038450004,-0.0021608365,-0.0012187964,-4.3637752e-05,0.3198309,-0.0024792808,-0.005549662,-0.0030374709,-0.008838554
ATAC_LINC01426,-0.0010877977,0.17144857,0.1876833,-0.0037049602,0.100572705,-0.006372791,0.138077,-0.0038450004,-0.0021608365,-0.0012187964,-4.3637752e-05,0.3198309,-0.0024792808,-0.005549662,-0.0030374709,-0.008838554
ATAC_LINC01431,-0.0002692328,0.27971274,0.22195147,-0.0037043164,0.082768336,-0.0067989584,0.22432944,-0.004607583,-0.0010071482,-0.001748669,0.025050335,0.2262759,-0.0034180966,-0.0048718187,-0.002874353,-0.007857948
ATAC_LINC01524,-0.0010877977,0.17144857,0.1876833,-0.0037049602,0.100572705,-0.006372791,0.138077,-0.0038450004,-0.0021608365,-0.0012187964,-4.3637752e-05,0.3198309,-0.0024792808,-0.005549662,-0.0030374709,-0.008838554
ATAC_LINC01550,-0.0024040863,0.1415207,0.17432056,-0.003298131,0.127027,-0.004778313,0.2203616,-0.0031392372,-0.002130174,-5.4818538e-05,0.09923667,0.44896266,-0.0011292415,-0.0056587597,-0.0022980506,-0.008635947
ATAC_LINC01585,-0.0010877977,0.17144857,0.1876833,-0.0037049602,0.100572705,-0.006372791,0.138077,-0.0038450004,-0.0021608365,-0.0012187964,-4.3637752e-05,0.3198309,-0.0024792808,-0.005549662,-0.0030374709,-0.008838554
ATAC_LINC01588,-0.0010877977,0.17144857,0.1876833,-0.0037049602,0.100572705,-0.006372791,0.138077,-0.0038450004,-0.0021608365,-0.0012187964,-4.3637752e-05,0.3198309,-0.0024792808,-0.005549662,-0.0030374709,-0.008838554
ATAC_LINC01679,-0.0010877977,0.17144857,0.1876833,-0.0037049602,0.100572705,-0.006372791,0.138077,-0.0038450004,-0.0021608365,-0.0012187964,-4.3637752e-05,0.3198309,-0.0024792808,-0.005549662,-0.0030374709,-0.008838554
ATAC_LINC01695,-0.0010877977,0.17144857,0.1876833,-0.0037049602,0.100572705,-0.006372791,0.138077,-0.0038450004,-0.0021608365,-0.0012187964,-4.3637752e-05,0.3198309,-0.0024792808,-0.005549662,-0.0030374709,-0.008838554
ATAC_LINC01716,-0.0010877977,0.17144857,0.1876833,-0.0037049602,0.100572705,-0.006372791,0.138077,-0.0038450004,-0.0021608365,-0.0012187964,-4.3637752e-05,0.3198309,-0.0024792808,-0.005549662,-0.0030374709,-0.008838554
ATAC_LINC01725,-0.0010877977,0.17144857,0.1876833,-0.0037049602,0.100572705,-0.006372791,0.138077,-0.0038450004,-0.0021608365,-0.0012187964,-4.3637752e-05,0.3198309,-0.0024792808,-0.005549662,-0.0030374709,-0.008838554
ATAC_LINC01727,-0.0010877977,0.17144857,0.1876833,-0.0037049602,0.100572705,-0.006372791,0.138077,-0.0038450004,-0.0021608365,-0.0012187964,-4.3637752e-05,0.3198309,-0.0024792808,-0.005549662,-0.0030374709,-0.008838554
ATAC_LINC01764,-0.0010877977,0.17144857,0.1876833,-0.0037049602,0.100572705,-0.006372791,0.138077,-0.0038450004,-0.0021608365,-0.0012187964,-4.3637752e-05,0.3198309,-0.0024792808,-0.005549662,-0.0030374709,-0.008838554
ATAC_LINC01765,-0.0010877977,0.17144857,0.1876833,-0.0037049602,0.100572705,-0.006372791,0.138077,-0.0038450004,-0.0021608365,-0.0012187964,-4.3637752e-05,0.3198309,-0.0024792808,-0.005549662,-0.0030374709,-0.008838554
ATAC_LINC01775,-0.0010877977,0.17144857,0.1876833,-0.0037049602,0.100572705,-0.006372791,0.138077,-0.0038450004,-0.0021608365,-0.0012187964,-4.3637752e-05,0.3198309,-0.0024792808,-0.005549662,-0.0030374709,-0.008838554
ATAC_LINC01778,-0.0010877977,0.17144857,0.1876833,-0.0037049602,0.100572705,-0.006372791,0.138077,-0.0038450004,-0.0021608365,-0.0012187964,-4.3637752e-05,0.3198309,-0.0024792808,-0.005549662,-0.0030374709,-0.008838554
ATAC_LINC01780,-0.0010869697,0.17164974,0.18753345,-0.003706244,0.100386135,-0.00637331,0.13789554,-0.003845286,-0.0021619624,-0.0012192393,-4.4535398e-05,0.31975633,-0.0024776226,-0.0055519105,-0.003038693,-0.0088396
ATAC_LINC01792,-0.0010921574,0.17122777,0.18717916,-0.0037018275,0.100231886,-0.006369981,0.13741207,-0.0038436772,-0.0021610826,-0.0012123802,-4.996702e-05,0.3197165,-0.002474861,-0.005556675,-0.0030345058,-0.008831642
ATAC_LINC01805,-0.0010877977,0.17144857,0.1876833,-0.0037049602,0.100572705,-0.006372791,0.138077,-0.0038450004,-0.0021608365,-0.0012187964,-4.3637752e-05,0.3198309,-0.0024792808,-0.005549662,-0.0030374709,-0.008838554
ATAC_LINC01816,-0.0010877977,0.17144857,0.1876833,-0.0037049602,0.100572705,-0.006372791,0.138077,-0.0038450004,-0.0021608365,-0.0012187964,-4.3637752e-05,0.3198309,-0.0024792808,-0.005549662,-0.0030374709,-0.008838554
ATAC_LINC01825,-0.00093042135,0.2348218,0.23366047,-0.0033318293,0.056905776,-0.0067872885,0.060367078,-0.0033510828,-0.0021420114,-0.0019415858,-0.0003128761,0.2628999,-0.0030468786,-0.005736252,-0.0021482417,-0.007875979
ATAC_LINC01829,-0.0010877977,0.17144857,0.1876833,-0.0037049602,0.100572705,-0.006372791,0.138077,-0.0038450004,-0.0021608365,-0.0012187964,-4.3637752e-05,0.3198309,-0.0024792808,-0.005549662,-0.0030374709,-0.008838554
ATAC_LINC01841,-0.0010877977,0.17144857,0.1876833,-0.0037049602,0.100572705,-0.006372791,0.138077,-0.0038450004,-0.0021608365,-0.0012187964,-4.3637752e-05,0.3198309,-0.0024792808,-0.005549662,-0.0030374709,-0.008838554
ATAC_LINC01843,-0.0010877977,0.17144857,0.1876833,-0.0037049602,0.100572705,-0.006372791,0.138077,-0.0038450004,-0.0021608365,-0.0012187964,-4.3637752e-05,0.3198309,-0.0024792808,-0.005549662,-0.0030374709,-0.008838554
ATAC_LINC01857,-0.0010877977,0.17144857,0.1876833,-0.0037049602,0.100572705,-0.006372791,0.138077,-0.0038450004,-0.0021608365,-0.0012187964,-4.3637752e-05,0.3198309,-0.0024792808,-0.005549662,-0.0030374709,-0.008838554
ATAC_LINC01865,-0.0010877977,0.17144857,0.1876833,-0.0037049602,0.100572705,-0.006372791,0.138077,-0.0038450004,-0.0021608365,-0.0012187964,-4.3637752e-05,0.3198309,-0.0024792808,-0.005549662,-0.0030374709,-0.008838554
ATAC_LINC01870,-0.0010877977,0.17144857,0.1876833,-0.0037049602,0.100572705,-0.006372791,0.138077,-0.0038450004,-0.0021608365,-0.0012187964,-4.3637752e-05,0.3198309,-0.0024792808,-0.005549662,-0.0030374709,-0.008838554
ATAC_LINC01871,-0.0010877977,0.17144857,0.1876833,-0.0037049602,0.100572705,-0.006372791,0.138077,-0.0038450004,-0.0021608365,-0.0012187964,-4.3637752e-05,0.3198309,-0.0024792808,-0.005549662,-0.0030374709,-0.008838554
ATAC_LINC01872,-0.0010877977,0.17144857,0.1876833,-0.0037049602,0.100572705,-0.006372791,0.138077,-0.0038450004,-0.0021608365,-0.0012187964,-4.3637752e-05,0.3198309,-0.0024792808,-0.005549662,-0.0030374709,-0.008838554
ATAC_LINC01876,-0.0010877977,0.17144857,0.1876833,-0.0037049602,0.100572705,-0.006372791,0.138077,-0.0038450004,-0.0021608365,-0.0012187964,-4.3637752e-05,0.3198309,-0.0024792808,-0.005549662,-0.0030374709,-0.008838554
ATAC_LINC01887,-0.0010877977,0.17144857,0.1876833,-0.0037049602,0.100572705,-0.006372791,0.138077,-0.0038450004,-0.0021608365,-0.0012187964,-4.3637752e-05,0.3198309,-0.0024792808,-0.005549662,-0.0030374709,-0.008838554
ATAC_LINC01891,-0.0010877977,0.17144857,0.1876833,-0.0037049602,0.100572705,-0.006372791,0.138077,-0.0038450004,-0.0021608365,-0.0012187964,-4.3637752e-05,0.3198309,-0.0024792808,-0.005549662,-0.0030374709,-0.008838554
ATAC_LINC01895,-0.0010877977,0.17144857,0.1876833,-0.0037049602,0.100572705,-0.006372791,0.138077,-0.0038450004,-0.0021608365,-0.0012187964,-4.3637752e-05,0.3198309,-0.0024792808,-0.005549662,-0.0030374709,-0.008838554
ATAC_LINC01964,-0.0010877977,0.17144857,0.1876833,-0.0037049602,0.100572705,-0.006372791,0.138077,-0.0038450004,-0.0021608365,-0.0012187964,-4.3637752e-05,0.3198309,-0.0024792808,-0.005549662,-0.0030374709,-0.008838554
ATAC_LINC01970,-0.0010854688,0.1711931,0.18703876,-0.0036925934,0.10176022,-0.0063687433,0.13710022,-0.0038363712,-0.00216816,-0.0012107297,-5.571574e-05,0.31890267,-0.002474257,-0.00555305,-0.0030352746,-0.00882335
ATAC_LINC01973,-0.0010877977,0.17144857,0.1876833,-0.0037049602,0.100572705,-0.006372791,0.138077,-0.0038450004,-0.0021608365,-0.0012187964,-4.3637752e-05,0.3198309,-0.0024792808,-0.005549662,-0.0030374709,-0.008838554
ATAC_LINC01983,-0.0010877977,0.17144857,0.1876833,-0.0037049602,0.100572705,-0.006372791,0.138077,-0.0038450004,-0.0021608365,-0.0012187964,-4.3637752e-05,0.3198309,-0.0024792808,-0.005549662,-0.0030374709,-0.008838554
ATAC_LINC01985,-0.000969918,0.19252154,0.14411108,-0.003343508,0.065803945,-0.006128726,0.045009013,-0.0042504813,-0.0015904757,-0.0017235641,0.020330593,0.33744806,-0.0015573568,-0.004440171,-0.002421792,-0.007847975
ATAC_LINC01986,-0.0010877977,0.17144857,0.1876833,-0.0037049602,0.100572705,-0.006372791,0.138077,-0.0038450004,-0.0021608365,-0.0012187964,-4.3637752e-05,0.3198309,-0.0024792808,-0.005549662,-0.0030374709,-0.008838554
ATAC_LINC01991,-0.0010860863,0.1710268,0.18784754,-0.003701256,0.101284705,-0.0063759047,0.13832788,-0.003836179,-0.0021499465,-0.0012161382,-5.2752046e-05,0.319309,-0.0024700572,-0.005540353,-0.0030260198,-0.008839308
ATAC_LINC02022,-0.0010877977,0.17144857,0.1876833,-0.0037049602,0.100572705,-0.006372791,0.138077,-0.0038450004,-0.0021608365,-0.0012187964,-4.3637752e-05,0.3198309,-0.0024792808,-0.005549662,-0.0030374709,-0.008838554
ATAC_LINC02029,-0.000969918,0.19252154,0.14411108,-0.003343508,0.065803945,-0.006128726,0.045009013,-0.0042504813,-0.0015904757,-0.0017235641,0.020330593,0.33744806,-0.0015573568,-0.004440171,-0.002421792,-0.007847975
ATAC_LINC02042,-0.0010877977,0.17144857,0.1876833,-0.0037049602,0.100572705,-0.006372791,0.138077,-0.0038450004,-0.0021608365,-0.0012187964,-4.3637752e-05,0.3198309,-0.0024792808,-0.005549662,-0.0030374709,-0.008838554
ATAC_LINC02084,-0.0010877977,0.17144857,0.1876833,-0.0037049602,0.100572705,-0.006372791,0.138077,-0.0038450004,-0.0021608365,-0.0012187964,-4.3637752e-05,0.3198309,-0.0024792808,-0.005549662,-0.0030374709,-0.008838554
ATAC_LINC02125,-0.0010877977,0.17144857,0.1876833,-0.0037049602,0.100572705,-0.006372791,0.138077,-0.0038450004,-0.0021608365,-0.0012187964,-4.3637752e-05,0.3198309,-0.0024792808,-0.005549662,-0.0030374709,-0.008838554
ATAC_LINC02129,-0.0010877977,0.17144857,0.1876833,-0.0037049602,0.100572705,-0.006372791,0.138077,-0.0038450004,-0.0021608365,-0.0012187964,-4.3637752e-05,0.3198309,-0.0024792808,-0.005549662,-0.0030374709,-0.008838554
ATAC_LINC02132,-0.0010921574,0.17122777,0.18717916,-0.0037018275,0.100231886,-0.006369981,0.13741207,-0.0038436772,-0.0021610826,-0.0012123802,-4.996702e-05,0.3197165,-0.002474861,-0.005556675,-0.0030345058,-0.008831642
ATAC_LINC02136,-0.0010877977,0.17144857,0.1876833,-0.0037049602,0.100572705,-0.006372791,0.138077,-0.0038450004,-0.0021608365,-0.0012187964,-4.3637752e-05,0.3198309,-0.0024792808,-0.005549662,-0.0030374709,-0.008838554
ATAC_LINC02175,-0.0010877977,0.17144857,0.1876833,-0.0037049602,0.100572705,-0.006372791,0.138077,-0.0038450004,-0.0021608365,-0.0012187964,-4.3637752e-05,0.3198309,-0.0024792808,-0.005549662,-0.0030374709,-0.008838554
ATAC_LINC02197,-0.001507132,0.18077923,0.09198336,-0.0031377012,0.113401845,-0.006761426,0.07194908,-0.0030462826,-0.0031032118,-0.0022621867,-0.00018653348,0.23050334,-0.0028791283,-0.005205046,-0.0033815864,-0.008723939
ATAC_LINC02265,-0.0010877977,0.17144857,0.1876833,-0.0037049602,0.100572705,-0.006372791,0.138077,-0.0038450004,-0.0021608365,-0.0012187964,-4.3637752e-05,0.3198309,-0.0024792808,-0.005549662,-0.0030374709,-0.008838554
ATAC_LINC02273,-0.0010877977,0.17144857,0.1876833,-0.0037049602,0.100572705,-0.006372791,0.138077,-0.0038450004,-0.0021608365,-0.0012187964,-4.3637752e-05,0.3198309,-0.0024792808,-0.005549662,-0.0030374709,-0.008838554
ATAC_LINC02288,-0.0010877977,0.17144857,0.1876833,-0.0037049602,0.100572705,-0.006372791,0.138077,-0.0038450004,-0.0021608365,-0.0012187964,-4.3637752e-05,0.3198309,-0.0024792808,-0.005549662,-0.0030374709,-0.008838554
ATAC_LINC02299,-0.0011670368,0.14842084,0.16334237,-0.0036977774,0.07111298,-0.0063554645,0.112084895,-0.0034808486,-0.0025674845,-0.0016586398,0.035537496,0.33928832,-0.0019248564,-0.005498267,-0.0032325962,-0.009082439
ATAC_LINC02320,-0.0010877977,0.17144857,0.1876833,-0.0037049602,0.100572705,-0.006372791,0.138077,-0.0038450004,-0.0021608365,-0.0012187964,-4.3637752e-05,0.3198309,-0.0024792808,-0.005549662,-0.0030374709,-0.008838554
ATAC_LINC02321,-0.0010358848,0.18923953,0.15346219,-0.0034361226,0.06356263,-0.0061265207,0.029095825,-0.004309726,-0.0016412816,-0.0016058957,0.028884828,0.3426755,-0.0014756715,-0.004337354,-0.0025172078,-0.007815517
ATAC_LINC02323,-0.0010877977,0.17144857,0.1876833,-0.0037049602,0.100572705,-0.006372791,0.138077,-0.0038450004,-0.0021608365,-0.0012187964,-4.3637752e-05,0.3198309,-0.0024792808,-0.005549662,-0.0030374709,-0.008838554
ATAC_LINC02336,-0.0010921574,0.17122777,0.18717916,-0.0037018275,0.100231886,-0.006369981,0.13741207,-0.0038436772,-0.0021610826,-0.0012123802,-4.996702e-05,0.3197165,-0.002474861,-0.005556675,-0.0030345058,-0.008831642
ATAC_LINC02399,-0.0010854688,0.1711931,0.18703876,-0.0036925934,0.10176022,-0.0063687433,0.13710022,-0.0038363712,-0.00216816,-0.0012107297,-5.571574e-05,0.31890267,-0.002474257,-0.00555305,-0.0030352746,-0.00882335
ATAC_LINC02404,-0.001085407,0.17205968,0.18749638,-0.003699575,0.09980859,-0.0063624983,0.13736963,-0.0038411943,-0.002152097,-0.0012119242,-4.73845e-05,0.31911975,-0.0024809137,-0.005560232,-0.0030426607,-0.00884221
ATAC_LINC02426,-0.0024040863,0.1415207,0.17432056,-0.003298131,0.127027,-0.004778313,0.2203616,-0.0031392372,-0.002130174,-5.4818538e-05,0.09923667,0.44896266,-0.0011292415,-0.0056587597,-0.0022980506,-0.008635947
ATAC_LINC02442,-0.0010877977,0.17144857,0.1876833,-0.0037049602,0.100572705,-0.006372791,0.138077,-0.0038450004,-0.0021608365,-0.0012187964,-4.3637752e-05,0.3198309,-0.0024792808,-0.005549662,-0.0030374709,-0.008838554
ATAC_LINC02446,-0.0011671075,0.14843172,0.16338821,-0.003698116,0.07114078,-0.0063557927,0.11208819,-0.003480601,-0.0025679201,-0.0016585044,0.035571404,0.33928636,-0.0019252391,-0.0054985806,-0.003232858,-0.009082847
ATAC_LINC02447,-0.0010877977,0.17144857,0.1876833,-0.0037049602,0.100572705,-0.006372791,0.138077,-0.0038450004,-0.0021608365,-0.0012187964,-4.3637752e-05,0.3198309,-0.0024792808,-0.005549662,-0.0030374709,-0.008838554
ATAC_LINC02452,-0.0010877977,0.17144857,0.1876833,-0.0037049602,0.100572705,-0.006372791,0.138077,-0.0038450004,-0.0021608365,-0.0012187964,-4.3637752e-05,0.3198309,-0.0024792808,-0.005549662,-0.0030374709,-0.008838554
ATAC_LINC02455,-0.0010877977,0.17144857,0.1876833,-0.0037049602,0.100572705,-0.006372791,0.138077,-0.0038450004,-0.0021608365,-0.0012187964,-4.3637752e-05,0.3198309,-0.0024792808,-0.005549662,-0.0030374709,-0.008838554
ATAC_LINC02520,-0.0010877977,0.17144857,0.1876833,-0.0037049602,0.100572705,-0.006372791,0.138077,-0.0038450004,-0.0021608365,-0.0012187964,-4.3637752e-05,0.3198309,-0.0024792808,-0.005549662,-0.0030374709,-0.008838554
ATAC_LINC02558,-0.0010877977,0.17144857,0.1876833,-0.0037049602,0.100572705,-0.006372791,0.138077,-0.0038450004,-0.0021608365,-0.0012187964,-4.3637752e-05,0.3198309,-0.0024792808,-0.005549662,-0.0030374709,-0.008838554
ATAC_LINC02561,-0.0010877977,0.17144857,0.1876833,-0.0037049602,0.100572705,-0.006372791,0.138077,-0.0038450004,-0.0021608365,-0.0012187964,-4.3637752e-05,0.3198309,-0.0024792808,-0.005549662,-0.0030374709,-0.008838554
ATAC_LINC02569,-0.0010877977,0.17144857,0.1876833,-0.0037049602,0.100572705,-0.006372791,0.138077,-0.0038450004,-0.0021608365,-0.0012187964,-4.3637752e-05,0.3198309,-0.0024792808,-0.005549662,-0.0030374709,-0.008838554
ATAC_LINC02580,-0.0010877977,0.17144857,0.1876833,-0.0037049602,0.100572705,-0.006372791,0.138077,-0.0038450004,-0.0021608365,-0.0012187964,-4.3637752e-05,0.3198309,-0.0024792808,-0.005549662,-0.0030374709,-0.008838554
ATAC_LINC02685,-0.0010877977,0.17144857,0.1876833,-0.0037049602,0.100572705,-0.006372791,0.138077,-0.0038450004,-0.0021608365,-0.0012187964,-4.3637752e-05,0.3198309,-0.0024792808,-0.005549662,-0.0030374709,-0.008838554
ATAC_LINC02694,-0.0010877977,0.17144857,0.1876833,-0.0037049602,0.100572705,-0.006372791,0.138077,-0.0038450004,-0.0021608365,-0.0012187964,-4.3637752e-05,0.3198309,-0.0024792808,-0.005549662,-0.0030374709,-0.008838554
ATAC_LINC02695,-0.0010865865,0.17132783,0.18773906,-0.0037042361,0.10051662,-0.006373171,0.13807106,-0.003844433,-0.0021615266,-0.0012198209,-4.311681e-05,0.31986457,-0.0024797171,-0.005550358,-0.0030363512,-0.008839263
ATAC_LINC02696,-0.0010888542,0.17235915,0.18812059,-0.0036913478,0.100623675,-0.006379894,0.13929024,-0.003855944,-0.0021685609,-0.0012154165,-5.6066958e-05,0.31897217,-0.002493243,-0.005536244,-0.0030284035,-0.0088438485
ATAC_LINC02725,-0.0010877977,0.17144857,0.1876833,-0.0037049602,0.100572705,-0.006372791,0.138077,-0.0038450004,-0.0021608365,-0.0012187964,-4.3637752e-05,0.3198309,-0.0024792808,-0.005549662,-0.0030374709,-0.008838554
ATAC_LINC02730,-0.0010877977,0.17144857,0.1876833,-0.0037049602,0.100572705,-0.006372791,0.138077,-0.0038450004,-0.0021608365,-0.0012187964,-4.3637752e-05,0.3198309,-0.0024792808,-0.005549662,-0.0030374709,-0.008838554
ATAC_LINC02761,-0.0010869697,0.17164974,0.18753345,-0.003706244,0.100386135,-0.00637331,0.13789554,-0.003845286,-0.0021619624,-0.0012192393,-4.4535398e-05,0.31975633,-0.0024776226,-0.0055519105,-0.003038693,-0.0088396
ATAC_LINC02768,-0.0010877977,0.17144857,0.1876833,-0.0037049602,0.100572705,-0.006372791,0.138077,-0.0038450004,-0.0021608365,-0.0012187964,-4.3637752e-05,0.3198309,-0.0024792808,-0.005549662,-0.0030374709,-0.008838554
ATAC_LINC02774,-0.0010087709,0.1689938,0.18310411,-0.0037119465,0.10461819,-0.0064370716,0.12895915,-0.00390555,-0.0020991147,-0.0013152703,-9.14064e-05,0.31548157,-0.0023695433,-0.00561105,-0.003098632,-0.00880173
ATAC_LINC02828,-0.0010877977,0.17144857,0.1876833,-0.0037049602,0.100572705,-0.006372791,0.138077,-0.0038450004,-0.0021608365,-0.0012187964,-4.3637752e-05,0.3198309,-0.0024792808,-0.005549662,-0.0030374709,-0.008838554
ATAC_LINC02851,-0.0010877977,0.17144857,0.1876833,-0.0037049602,0.100572705,-0.006372791,0.138077,-0.0038450004,-0.0021608365,-0.0012187964,-4.3637752e-05,0.3198309,-0.0024792808,-0.005549662,-0.0030374709,-0.008838554
ATAC_LINGO2,-0.0010877977,0.17144857,0.1876833,-0.0037049602,0.100572705,-0.006372791,0.138077,-0.0038450004,-0.0021608365,-0.0012187964,-4.3637752e-05,0.3198309,-0.0024792808,-0.005549662,-0.0030374709,-0.008838554
ATAC_LINGO4,-0.001507132,0.18077923,0.09198336,-0.0031377012,0.113401845,-0.006761426,0.07194908,-0.0030462826,-0.0031032118,-0.0022621867,-0.00018653348,0.23050334,-0.0028791283,-0.005205046,-0.0033815864,-0.008723939
ATAC_LIPC,-0.0010877977,0.17144857,0.1876833,-0.0037049602,0.100572705,-0.006372791,0.138077,-0.0038450004,-0.0021608365,-0.0012187964,-4.3637752e-05,0.3198309,-0.0024792808,-0.005549662,-0.0030374709,-0.008838554
ATAC_LIX1-AS1,-0.0010977697,0.1736672,0.18679185,-0.003702291,0.10252433,-0.0063623767,0.13697329,-0.003855637,-0.0021820106,-0.0012091416,-5.6904402e-05,0.32209125,-0.0024625286,-0.005526911,-0.0030260407,-0.00883111
ATAC_LLGL2,-0.0010866203,0.17140256,0.18760182,-0.0037055742,0.1005177,-0.006371926,0.13789001,-0.003847145,-0.002157829,-0.0012181958,-4.481986e-05,0.31975466,-0.0024804764,-0.005550934,-0.0030389836,-0.008838005
ATAC_LMTK3,-0.0010877977,0.17144857,0.1876833,-0.0037049602,0.100572705,-0.006372791,0.138077,-0.0038450004,-0.0021608365,-0.0012187964,-4.3637752e-05,0.3198309,-0.0024792808,-0.005549662,-0.0030374709,-0.008838554
ATAC_LNCTAM34A,-0.0010877977,0.17144857,0.1876833,-0.0037049602,0.100572705,-0.006372791,0.138077,-0.0038450004,-0.0021608365,-0.0012187964,-4.3637752e-05,0.3198309,-0.0024792808,-0.005549662,-0.0030374709,-0.008838554
ATAC_LPAR3,-0.0010877977,0.17144857,0.1876833,-0.0037049602,0.100572705,-0.006372791,0.138077,-0.0038450004,-0.0021608365,-0.0012187964,-4.3637752e-05,0.3198309,-0.0024792808,-0.005549662,-0.0030374709,-0.008838554
ATAC_LPGAT1-AS1,-0.0010877977,0.17144857,0.1876833,-0.0037049602,0.100572705,-0.006372791,0.138077,-0.0038450004,-0.0021608365,-0.0012187964,-4.3637752e-05,0.3198309,-0.0024792808,-0.005549662,-0.0030374709,-0.008838554
ATAC_LRAT,-0.0010877977,0.17144857,0.1876833,-0.0037049602,0.100572705,-0.006372791,0.138077,-0.0038450004,-0.0021608365,-0.0012187964,-4.3637752e-05,0.3198309,-0.0024792808,-0.005549662,-0.0030374709,-0.008838554
ATAC_LRFN2,-0.0010877977,0.17144857,0.1876833,-0.0037049602,0.100572705,-0.006372791,0.138077,-0.0038450004,-0.0021608365,-0.0012187964,-4.3637752e-05,0.3198309,-0.0024792808,-0.005549662,-0.0030374709,-0.008838554
ATAC_LRIF1,-0.0010877977,0.17144857,0.1876833,-0.0037049602,0.100572705,-0.006372791,0.138077,-0.0038450004,-0.0021608365,-0.0012187964,-4.3637752e-05,0.3198309,-0.0024792808,-0.005549662,-0.0030374709,-0.008838554
ATAC_LRIG1,-0.0010877977,0.17144857,0.1876833,-0.0037049602,0.100572705,-0.006372791,0.138077,-0.0038450004,-0.0021608365,-0.0012187964,-4.3637752e-05,0.3198309,-0.0024792808,-0.005549662,-0.0030374709,-0.008838554
ATAC_LRMDA,-0.001085407,0.17205968,0.18749638,-0.003699575,0.09980859,-0.0063624983,0.13736963,-0.0038411943,-0.002152097,-0.0012119242,-4.73845e-05,0.31911975,-0.0024809137,-0.005560232,-0.0030426607,-0.00884221
ATAC_LRP1B,-0.0010877977,0.17144857,0.1876833,-0.0037049602,0.100572705,-0.006372791,0.138077,-0.0038450004,-0.0021608365,-0.0012187964,-4.3637752e-05,0.3198309,-0.0024792808,-0.005549662,-0.0030374709,-0.008838554
ATAC_LRP2,-0.0010877977,0.17144857,0.1876833,-0.0037049602,0.100572705,-0.006372791,0.138077,-0.0038450004,-0.0021608365,-0.0012187964,-4.3637752e-05,0.3198309,-0.0024792808,-0.005549662,-0.0030374709,-0.008838554
ATAC_LRP5,-0.0010877977,0.17144857,0.1876833,-0.0037049602,0.100572705,-0.006372791,0.138077,-0.0038450004,-0.0021608365,-0.0012187964,-4.3637752e-05,0.3198309,-0.0024792808,-0.005549662,-0.0030374709,-0.008838554
ATAC_LRP6,-0.0010877977,0.17144857,0.1876833,-0.0037049602,0.100572705,-0.006372791,0.138077,-0.0038450004,-0.0021608365,-0.0012187964,-4.3637752e-05,0.3198309,-0.0024792808,-0.005549662,-0.0030374709,-0.008838554
ATAC_LRRC14B,-0.0010977697,0.1736672,0.18679185,-0.003702291,0.10252433,-0.0063623767,0.13697329,-0.003855637,-0.0021820106,-0.0012091416,-5.6904402e-05,0.32209125,-0.0024625286,-0.005526911,-0.0030260407,-0.00883111
ATAC_LRRC63,-0.0010877977,0.17144857,0.1876833,-0.0037049602,0.100572705,-0.006372791,0.138077,-0.0038450004,-0.0021608365,-0.0012187964,-4.3637752e-05,0.3198309,-0.0024792808,-0.005549662,-0.0030374709,-0.008838554
ATAC_LRRC9,-0.0010877977,0.17144857,0.1876833,-0.0037049602,0.100572705,-0.006372791,0.138077,-0.0038450004,-0.0021608365,-0.0012187964,-4.3637752e-05,0.3198309,-0.0024792808,-0.005549662,-0.0030374709,-0.008838554
ATAC_LRRCC1,-0.0010877977,0.17144857,0.1876833,-0.0037049602,0.100572705,-0.006372791,0.138077,-0.0038450004,-0.0021608365,-0.0012187964,-4.3637752e-05,0.3198309,-0.0024792808,-0.005549662,-0.0030374709,-0.008838554
ATAC_LRRIQ3,-0.0010877977,0.17144857,0.1876833,-0.0037049602,0.100572705,-0.006372791,0.138077,-0.0038450004,-0.0021608365,-0.0012187964,-4.3637752e-05,0.3198309,-0.0024792808,-0.005549662,-0.0030374709,-0.008838554
ATAC_LRRN1,-0.0010877977,0.17144857,0.1876833,-0.0037049602,0.100572705,-0.006372791,0.138077,-0.0038450004,-0.0021608365,-0.0012187964,-4.3637752e-05,0.3198309,-0.0024792808,-0.005549662,-0.0030374709,-0.008838554
ATAC_LRRN3,-0.0010877977,0.17144857,0.1876833,-0.0037049602,0.100572705,-0.006372791,0.138077,-0.0038450004,-0.0021608365,-0.0012187964,-4.3637752e-05,0.3198309,-0.0024792808,-0.005549662,-0.0030374709,-0.008838554
ATAC_LRTM1,-0.0010877977,0.17144857,0.1876833,-0.0037049602,0.100572705,-0.006372791,0.138077,-0.0038450004,-0.0021608365,-0.0012187964,-4.3637752e-05,0.3198309,-0.0024792808,-0.005549662,-0.0030374709,-0.008838554
ATAC_LSR,-0.0010877977,0.17144857,0.1876833,-0.0037049602,0.100572705,-0.006372791,0.138077,-0.0038450004,-0.0021608365,-0.0012187964,-4.3637752e-05,0.3198309,-0.0024792808,-0.005549662,-0.0030374709,-0.008838554
ATAC_LTBP1,-0.0010877977,0.17144857,0.1876833,-0.0037049602,0.100572705,-0.006372791,0.138077,-0.0038450004,-0.0021608365,-0.0012187964,-4.3637752e-05,0.3198309,-0.0024792808,-0.005549662,-0.0030374709,-0.008838554
ATAC_LTBP3,-0.0010877977,0.17144857,0.1876833,-0.0037049602,0.100572705,-0.006372791,0.138077,-0.0038450004,-0.0021608365,-0.0012187964,-4.3637752e-05,0.3198309,-0.0024792808,-0.005549662,-0.0030374709,-0.008838554
ATAC_LTBP4,-0.0010877977,0.17144857,0.1876833,-0.0037049602,0.100572705,-0.006372791,0.138077,-0.0038450004,-0.0021608365,-0.0012187964,-4.3637752e-05,0.3198309,-0.0024792808,-0.005549662,-0.0030374709,-0.008838554
ATAC_LURAP1,-0.0010877977,0.17144857,0.1876833,-0.0037049602,0.100572705,-0.006372791,0.138077,-0.0038450004,-0.0021608365,-0.0012187964,-4.3637752e-05,0.3198309,-0.0024792808,-0.005549662,-0.0030374709,-0.008838554
ATAC_LY6E-DT,-0.0010877977,0.17144857,0.1876833,-0.0037049602,0.100572705,-0.006372791,0.138077,-0.0038450004,-0.0021608365,-0.0012187964,-4.3637752e-05,0.3198309,-0.0024792808,-0.005549662,-0.0030374709,-0.008838554
ATAC_LY9,-0.0010877977,0.17144857,0.1876833,-0.0037049602,0.100572705,-0.006372791,0.138077,-0.0038450004,-0.0021608365,-0.0012187964,-4.3637752e-05,0.3198309,-0.0024792808,-0.005549662,-0.0030374709,-0.008838554
ATAC_LZTS1,-0.0011671075,0.14843172,0.16338821,-0.003698116,0.07114078,-0.0063557927,0.11208819,-0.003480601,-0.0025679201,-0.0016585044,0.035571404,0.33928636,-0.0019252391,-0.0054985806,-0.003232858,-0.009082847
ATAC_MADCAM1,-0.0010877977,0.17144857,0.1876833,-0.0037049602,0.100572705,-0.006372791,0.138077,-0.0038450004,-0.0021608365,-0.0012187964,-4.3637752e-05,0.3198309,-0.0024792808,-0.005549662,-0.0030374709,-0.008838554
ATAC_MAF,-0.0010877977,0.17144857,0.1876833,-0.0037049602,0.100572705,-0.006372791,0.138077,-0.0038450004,-0.0021608365,-0.0012187964,-4.3637752e-05,0.3198309,-0.0024792808,-0.005549662,-0.0030374709,-0.008838554
ATAC_MAFA,-0.0010877977,0.17144857,0.1876833,-0.0037049602,0.100572705,-0.006372791,0.138077,-0.0038450004,-0.0021608365,-0.0012187964,-4.3637752e-05,0.3198309,-0.0024792808,-0.005549662,-0.0030374709,-0.008838554
ATAC_MAGED1,-0.0010866908,0.17141344,0.18764763,-0.0037059127,0.100545496,-0.0063722543,0.13789329,-0.0038468975,-0.0021582644,-0.0012180605,-4.4480857e-05,0.3197527,-0.0024808592,-0.0055512474,-0.0030392453,-0.008838414
ATAC_MAGI3,-0.0010877977,0.17144857,0.1876833,-0.0037049602,0.100572705,-0.006372791,0.138077,-0.0038450004,-0.0021608365,-0.0012187964,-4.3637752e-05,0.3198309,-0.0024792808,-0.005549662,-0.0030374709,-0.008838554
ATAC_MAGIX,-0.0010877977,0.17144857,0.1876833,-0.0037049602,0.100572705,-0.006372791,0.138077,-0.0038450004,-0.0021608365,-0.0012187964,-4.3637752e-05,0.3198309,-0.0024792808,-0.005549662,-0.0030374709,-0.008838554
ATAC_MAL,-0.0014261854,0.13747637,0.2247505,-0.003624432,0.088185094,-0.0060394816,0.12753685,-0.0034336357,-0.0018835034,-0.0009705191,-1.9727499e-05,0.31731492,-0.0024660206,-0.005845452,-0.0031556534,-0.009014803
ATAC_MAML3,-0.0010877977,0.17144857,0.1876833,-0.0037049602,0.100572705,-0.006372791,0.138077,-0.0038450004,-0.0021608365,-0.0012187964,-4.3637752e-05,0.3198309,-0.0024792808,-0.005549662,-0.0030374709,-0.008838554
ATAC_MAMLD1,-0.0010877977,0.17144857,0.1876833,-0.0037049602,0.100572705,-0.006372791,0.138077,-0.0038450004,-0.0021608365,-0.0012187964,-4.3637752e-05,0.3198309,-0.0024792808,-0.005549662,-0.0030374709,-0.008838554
ATAC_MAMSTR,-0.0010869089,0.17134966,0.18782078,-0.0036940794,0.100582406,-0.006382549,0.13769183,-0.0038530873,-0.0021651604,-0.0012235153,-5.4287164e-05,0.32054484,-0.0024698982,-0.005544982,-0.0030479955,-0.008847117
ATAC_MAN1B1-DT,-0.0010877025,0.17143157,0.18762662,-0.0037047588,0.100559175,-0.006372378,0.13808808,-0.0038446714,-0.0021609736,-0.0012192121,-4.4115484e-05,0.31978244,-0.0024791057,-0.005549787,-0.003037439,-0.008838984
ATAC_MAN1C1,-0.0010865865,0.17132783,0.18773906,-0.0037042361,0.10051662,-0.006373171,0.13807106,-0.003844433,-0.0021615266,-0.0012198209,-4.311681e-05,0.31986457,-0.0024797171,-0.005550358,-0.0030363512,-0.008839263
ATAC_MANEAL,-0.0010869089,0.17134966,0.18782078,-0.0036940794,0.100582406,-0.006382549,0.13769183,-0.0038530873,-0.0021651604,-0.0012235153,-5.4287164e-05,0.32054484,-0.0024698982,-0.005544982,-0.0030479955,-0.008847117
ATAC_MAP1LC3A,-0.0010877977,0.17144857,0.1876833,-0.0037049602,0.100572705,-0.006372791,0.138077,-0.0038450004,-0.0021608365,-0.0012187964,-4.3637752e-05,0.3198309,-0.0024792808,-0.005549662,-0.0030374709,-0.008838554
ATAC_MAP2K6,0.03455186,0.041032165,0.2375796,-0.0037224782,0.049530208,-0.005595046,0.2447682,-0.0050711334,-0.0031316772,-0.00062824745,-0.00065351516,0.3501037,-0.002436402,-0.0054563605,-0.0030541068,-0.007339565
ATAC_MAP3K14,-0.0010877977,0.17144857,0.1876833,-0.0037049602,0.100572705,-0.006372791,0.138077,-0.0038450004,-0.0021608365,-0.0012187964,-4.3637752e-05,0.3198309,-0.0024792808,-0.005549662,-0.0030374709,-0.008838554
ATAC_MAP4K1,-0.00093042135,0.2348218,0.23366047,-0.0033318293,0.056905776,-0.0067872885,0.060367078,-0.0033510828,-0.0021420114,-0.0019415858,-0.0003128761,0.2628999,-0.0030468786,-0.005736252,-0.0021482417,-0.007875979
ATAC_MAP4K2,-0.0010877977,0.17144857,0.1876833,-0.0037049602,0.100572705,-0.006372791,0.138077,-0.0038450004,-0.0021608365,-0.0012187964,-4.3637752e-05,0.3198309,-0.0024792808,-0.005549662,-0.0030374709,-0.008838554
ATAC_MAP4K5,-0.0010877977,0.17144857,0.1876833,-0.0037049602,0.100572705,-0.006372791,0.138077,-0.0038450004,-0.0021608365,-0.0012187964,-4.3637752e-05,0.3198309,-0.0024792808,-0.005549662,-0.0030374709,-0.008838554
ATAC_MAP9,-0.0010868382,0.17133878,0.18777497,-0.0036937408,0.10055461,-0.0063822204,0.13768855,-0.003853335,-0.0021647247,-0.0012236505,-5.4626315e-05,0.3205468,-0.0024695154,-0.0055446685,-0.0030477338,-0.008846709
ATAC_MAPK12,-0.0010877977,0.17144857,0.1876833,-0.0037049602,0.100572705,-0.006372791,0.138077,-0.0038450004,-0.0021608365,-0.0012187964,-4.3637752e-05,0.3198309,-0.0024792808,-0.005549662,-0.0030374709,-0.008838554
ATAC_MAPK4,-0.0010877977,0.17144857,0.1876833,-0.0037049602,0.100572705,-0.006372791,0.138077,-0.0038450004,-0.0021608365,-0.0012187964,-4.3637752e-05,0.3198309,-0.0024792808,-0.005549662,-0.0030374709,-0.008838554
ATAC_MAST1,-0.0010877977,0.17144857,0.1876833,-0.0037049602,0.100572705,-0.006372791,0.138077,-0.0038450004,-0.0021608365,-0.0012187964,-4.3637752e-05,0.3198309,-0.0024792808,-0.005549662,-0.0030374709,-0.008838554
ATAC_MAST4,-0.001507132,0.18077923,0.09198336,-0.0031377012,0.113401845,-0.006761426,0.07194908,-0.0030462826,-0.0031032118,-0.0022621867,-0.00018653348,0.23050334,-0.0028791283,-0.005205046,-0.0033815864,-0.008723939
ATAC_MAST4-AS1,-0.0010877977,0.17144857,0.1876833,-0.0037049602,0.100572705,-0.006372791,0.138077,-0.0038450004,-0.0021608365,-0.0012187964,-4.3637752e-05,0.3198309,-0.0024792808,-0.005549662,-0.0030374709,-0.008838554
ATAC_MATK,-0.0024040863,0.1415207,0.17432056,-0.003298131,0.127027,-0.004778313,0.2203616,-0.0031392372,-0.002130174,-5.4818538e-05,0.09923667,0.44896266,-0.0011292415,-0.0056587597,-0.0022980506,-0.008635947
ATAC_MATN1,-0.0010877977,0.17144857,0.1876833,-0.0037049602,0.100572705,-0.006372791,0.138077,-0.0038450004,-0.0021608365,-0.0012187964,-4.3637752e-05,0.3198309,-0.0024792808,-0.005549662,-0.0030374709,-0.008838554
ATAC_MBNL3,-0.0010877977,0.17144857,0.1876833,-0.0037049602,0.100572705,-0.006372791,0.138077,-0.0038450004,-0.0021608365,-0.0012187964,-4.3637752e-05,0.3198309,-0.0024792808,-0.005549662,-0.0030374709,-0.008838554
ATAC_MC1R,-0.0010869697,0.17164974,0.18753345,-0.003706244,0.100386135,-0.00637331,0.13789554,-0.003845286,-0.0021619624,-0.0012192393,-4.4535398e-05,0.31975633,-0.0024776226,-0.0055519105,-0.003038693,-0.0088396
ATAC_MCF2L,-0.0010877977,0.17144857,0.1876833,-0.0037049602,0.100572705,-0.006372791,0.138077,-0.0038450004,-0.0021608365,-0.0012187964,-4.3637752e-05,0.3198309,-0.0024792808,-0.005549662,-0.0030374709,-0.008838554
ATAC_MCF2L-AS1,-0.0010877977,0.17144857,0.1876833,-0.0037049602,0.100572705,-0.006372791,0.138077,-0.0038450004,-0.0021608365,-0.0012187964,-4.3637752e-05,0.3198309,-0.0024792808,-0.005549662,-0.0030374709,-0.008838554
ATAC_MCM8-AS1,-0.0010877977,0.17144857,0.1876833,-0.0037049602,0.100572705,-0.006372791,0.138077,-0.0038450004,-0.0021608365,-0.0012187964,-4.3637752e-05,0.3198309,-0.0024792808,-0.005549662,-0.0030374709,-0.008838554
ATAC_MCOLN2,-0.0010877977,0.17144857,0.1876833,-0.0037049602,0.100572705,-0.006372791,0.138077,-0.0038450004,-0.0021608365,-0.0012187964,-4.3637752e-05,0.3198309,-0.0024792808,-0.005549662,-0.0030374709,-0.008838554
ATAC_MCTP1,-0.0010877977,0.17144857,0.1876833,-0.0037049602,0.100572705,-0.006372791,0.138077,-0.0038450004,-0.0021608365,-0.0012187964,-4.3637752e-05,0.3198309,-0.0024792808,-0.005549662,-0.0030374709,-0.008838554
ATAC_MCTP2,-0.0010877977,0.17144857,0.1876833,-0.0037049602,0.100572705,-0.006372791,0.138077,-0.0038450004,-0.0021608365,-0.0012187964,-4.3637752e-05,0.3198309,-0.0024792808,-0.005549662,-0.0030374709,-0.008838554
ATAC_MDFI,-0.0010877977,0.17144857,0.1876833,-0.0037049602,0.100572705,-0.006372791,0.138077,-0.0038450004,-0.0021608365,-0.0012187964,-4.3637752e-05,0.3198309,-0.0024792808,-0.005549662,-0.0030374709,-0.008838554
ATAC_MDH1B,-0.0010877977,0.17144857,0.1876833,-0.0037049602,0.100572705,-0.006372791,0.138077,-0.0038450004,-0.0021608365,-0.0012187964,-4.3637752e-05,0.3198309,-0.0024792808,-0.005549662,-0.0030374709,-0.008838554
ATAC_MDP1,-0.0010877977,0.17144857,0.1876833,-0.0037049602,0.100572705,-0.006372791,0.138077,-0.0038450004,-0.0021608365,-0.0012187964,-4.3637752e-05,0.3198309,-0.0024792808,-0.005549662,-0.0030374709,-0.008838554
ATAC_MEAK7,-0.0010865488,0.17175163,0.18747623,-0.0037047737,0.10026294,-0.0063729724,0.13824922,-0.003848189,-0.0021626852,-0.0012217545,-4.1193365e-05,0.32011133,-0.0024821549,-0.00554896,-0.0030339363,-0.008839902
ATAC_MED7,-0.0010877977,0.17144857,0.1876833,-0.0037049602,0.100572705,-0.006372791,0.138077,-0.0038450004,-0.0021608365,-0.0012187964,-4.3637752e-05,0.3198309,-0.0024792808,-0.005549662,-0.0030374709,-0.008838554
ATAC_MEGF6,-0.0010877977,0.17144857,0.1876833,-0.0037049602,0.100572705,-0.006372791,0.138077,-0.0038450004,-0.0021608365,-0.0012187964,-4.3637752e-05,0.3198309,-0.0024792808,-0.005549662,-0.0030374709,-0.008838554
ATAC_MEIG1,-0.001507132,0.18077923,0.09198336,-0.0031377012,0.113401845,-0.006761426,0.07194908,-0.0030462826,-0.0031032118,-0.0022621867,-0.00018653348,0.23050334,-0.0028791283,-0.005205046,-0.0033815864,-0.008723939
ATAC_MELK,-0.0010877977,0.17144857,0.1876833,-0.0037049602,0.100572705,-0.006372791,0.138077,-0.0038450004,-0.0021608365,-0.0012187964,-4.3637752e-05,0.3198309,-0.0024792808,-0.005549662,-0.0030374709,-0.008838554
ATAC_METTL23,-0.00026802166,0.27959204,0.22200723,-0.0037035923,0.08271225,-0.006799339,0.2243235,-0.0046070153,-0.0010078385,-0.0017496935,0.02510243,0.22630955,-0.003418533,-0.004872515,-0.0028732333,-0.007858655
ATAC_MEX3A,-0.0010877977,0.17144857,0.1876833,-0.0037049602,0.100572705,-0.006372791,0.138077,-0.0038450004,-0.0021608365,-0.0012187964,-4.3637752e-05,0.3198309,-0.0024792808,-0.005549662,-0.0030374709,-0.008838554
ATAC_MFSD6,-0.0010877977,0.17144857,0.1876833,-0.0037049602,0.100572705,-0.006372791,0.138077,-0.0038450004,-0.0021608365,-0.0012187964,-4.3637752e-05,0.3198309,-0.0024792808,-0.005549662,-0.0030374709,-0.008838554
ATAC_MGA,-0.0010877977,0.17144857,0.1876833,-0.0037049602,0.100572705,-0.006372791,0.138077,-0.0038450004,-0.0021608365,-0.0012187964,-4.3637752e-05,0.3198309,-0.0024792808,-0.005549662,-0.0030374709,-0.008838554
ATAC_MGAT4A,-0.0010877977,0.17144857,0.1876833,-0.0037049602,0.100572705,-0.006372791,0.138077,-0.0038450004,-0.0021608365,-0.0012187964,-4.3637752e-05,0.3198309,-0.0024792808,-0.005549662,-0.0030374709,-0.008838554
ATAC_MGAT5B,0.03431277,0.040421046,0.23776652,-0.0037278633,0.05029433,-0.005605338,0.24547558,-0.005074939,-0.0031404165,-0.00063511956,-0.0006497684,0.35081488,-0.0024347692,-0.005445791,-0.0030489166,-0.0073359087
ATAC_MIA2,-0.0010877977,0.17144857,0.1876833,-0.0037049602,0.100572705,-0.006372791,0.138077,-0.0038450004,-0.0021608365,-0.0012187964,-4.3637752e-05,0.3198309,-0.0024792808,-0.005549662,-0.0030374709,-0.008838554
ATAC_MIAT,-0.0010877977,0.17144857,0.1876833,-0.0037049602,0.100572705,-0.006372791,0.138077,-0.0038450004,-0.0021608365,-0.0012187964,-4.3637752e-05,0.3198309,-0.0024792808,-0.005549662,-0.0030374709,-0.008838554
ATAC_MIB2,-0.0010877977,0.17144857,0.1876833,-0.0037049602,0.100572705,-0.006372791,0.138077,-0.0038450004,-0.0021608365,-0.0012187964,-4.3637752e-05,0.3198309,-0.0024792808,-0.005549662,-0.0030374709,-0.008838554
ATAC_MICAL3,-0.0010877977,0.17144857,0.1876833,-0.0037049602,0.100572705,-0.006372791,0.138077,-0.0038450004,-0.0021608365,-0.0012187964,-4.3637752e-05,0.3198309,-0.0024792808,-0.005549662,-0.0030374709,-0.008838554
ATAC_MICU3,-0.0010877977,0.17144857,0.1876833,-0.0037049602,0.100572705,-0.006372791,0.138077,-0.0038450004,-0.0021608365,-0.0012187964,-4.3637752e-05,0.3198309,-0.0024792808,-0.005549662,-0.0030374709,-0.008838554
ATAC_MINCR,-0.001098377,0.1712539,0.18849437,-0.00369753,0.09999989,-0.006368004,0.13725416,-0.0038489501,-0.002165888,-0.0012127643,-4.37656e-05,0.31934452,-0.0024807504,-0.0055478546,-0.0030459722,-0.008841534
ATAC_MINDY4,-0.0010877977,0.17144857,0.1876833,-0.0037049602,0.100572705,-0.006372791,0.138077,-0.0038450004,-0.0021608365,-0.0012187964,-4.3637752e-05,0.3198309,-0.0024792808,-0.005549662,-0.0030374709,-0.008838554
ATAC_MINK1,-0.001098377,0.1712539,0.18849437,-0.00369753,0.09999989,-0.006368004,0.13725416,-0.0038489501,-0.002165888,-0.0012127643,-4.37656e-05,0.31934452,-0.0024807504,-0.0055478546,-0.0030459722,-0.008841534
ATAC_MIR181A2HG,-0.0010877977,0.17144857,0.1876833,-0.0037049602,0.100572705,-0.006372791,0.138077,-0.0038450004,-0.0021608365,-0.0012187964,-4.3637752e-05,0.3198309,-0.0024792808,-0.005549662,-0.0030374709,-0.008838554
ATAC_MIR194-2HG,-0.001507132,0.18077923,0.09198336,-0.0031377012,0.113401845,-0.006761426,0.07194908,-0.0030462826,-0.0031032118,-0.0022621867,-0.00018653348,0.23050334,-0.0028791283,-0.005205046,-0.0033815864,-0.008723939
ATAC_MIR31HG,-0.0010877977,0.17144857,0.1876833,-0.0037049602,0.100572705,-0.006372791,0.138077,-0.0038450004,-0.0021608365,-0.0012187964,-4.3637752e-05,0.3198309,-0.0024792808,-0.005549662,-0.0030374709,-0.008838554
ATAC_MIR3663HG,-0.0010921574,0.17122777,0.18717916,-0.0037018275,0.100231886,-0.006369981,0.13741207,-0.0038436772,-0.0021610826,-0.0012123802,-4.996702e-05,0.3197165,-0.002474861,-0.005556675,-0.0030345058,-0.008831642
ATAC_MIR3936HG,-0.0010877977,0.17144857,0.1876833,-0.0037049602,0.100572705,-0.006372791,0.138077,-0.0038450004,-0.0021608365,-0.0012187964,-4.3637752e-05,0.3198309,-0.0024792808,-0.005549662,-0.0030374709,-0.008838554
ATAC_MIR663AHG,-0.0010877977,0.17144857,0.1876833,-0.0037049602,0.100572705,-0.006372791,0.138077,-0.0038450004,-0.0021608365,-0.0012187964,-4.3637752e-05,0.3198309,-0.0024792808,-0.005549662,-0.0030374709,-0.008838554
ATAC_MIR762HG,-0.0010877977,0.17144857,0.1876833,-0.0037049602,0.100572705,-0.006372791,0.138077,-0.0038450004,-0.0021608365,-0.0012187964,-4.3637752e-05,0.3198309,-0.0024792808,-0.005549662,-0.0030374709,-0.008838554
ATAC_MIS12,-0.0010877977,0.17144857,0.1876833,-0.0037049602,0.100572705,-0.006372791,0.138077,-0.0038450004,-0.0021608365,-0.0012187964,-4.3637752e-05,0.3198309,-0.0024792808,-0.005549662,-0.0030374709,-0.008838554
ATAC_MLC1,-0.0010921574,0.17122777,0.18717916,-0.0037018275,0.100231886,-0.006369981,0.13741207,-0.0038436772,-0.0021610826,-0.0012123802,-4.996702e-05,0.3197165,-0.002474861,-0.005556675,-0.0030345058,-0.008831642
ATAC_MLLT11,0.03431277,0.040421046,0.23776652,-0.0037278633,0.05029433,-0.005605338,0.24547558,-0.005074939,-0.0031404165,-0.00063511956,-0.0006497684,0.35081488,-0.0024347692,-0.005445791,-0.0030489166,-0.0073359087
ATAC_MLLT3,-0.0010877977,0.17144857,0.1876833,-0.0037049602,0.100572705,-0.006372791,0.138077,-0.0038450004,-0.0021608365,-0.0012187964,-4.3637752e-05,0.3198309,-0.0024792808,-0.005549662,-0.0030374709,-0.008838554
ATAC_MMP23B,-0.001507132,0.18077923,0.09198336,-0.0031377012,0.113401845,-0.006761426,0.07194908,-0.0030462826,-0.0031032118,-0.0022621867,-0.00018653348,0.23050334,-0.0028791283,-0.005205046,-0.0033815864,-0.008723939
ATAC_MMP25-AS1,-0.0010877977,0.17144857,0.1876833,-0.0037049602,0.100572705,-0.006372791,0.138077,-0.0038450004,-0.0021608365,-0.0012187964,-4.3637752e-05,0.3198309,-0.0024792808,-0.005549662,-0.0030374709,-0.008838554
ATAC_MMRN2,-0.0011957604,0.09940033,0.2314124,-0.0036335874,0.07932168,-0.005796707,0.15793014,-0.0033568097,-0.0014430247,-0.0010897659,-0.00014112725,0.30811536,-0.0023014303,-0.0057181534,-0.003542832,-0.008752053
ATAC_MNDA,-0.0010877977,0.17144857,0.1876833,-0.0037049602,0.100572705,-0.006372791,0.138077,-0.0038450004,-0.0021608365,-0.0012187964,-4.3637752e-05,0.3198309,-0.0024792808,-0.005549662,-0.0030374709,-0.008838554
ATAC_MNX1-AS1,-0.0010877977,0.17144857,0.1876833,-0.0037049602,0.100572705,-0.006372791,0.138077,-0.0038450004,-0.0021608365,-0.0012187964,-4.3637752e-05,0.3198309,-0.0024792808,-0.005549662,-0.0030374709,-0.008838554
ATAC_MOCOS,-0.0010877977,0.17144857,0.1876833,-0.0037049602,0.100572705,-0.006372791,0.138077,-0.0038450004,-0.0021608365,-0.0012187964,-4.3637752e-05,0.3198309,-0.0024792808,-0.005549662,-0.0030374709,-0.008838554
ATAC_MOGAT3,-0.0010877977,0.17144857,0.1876833,-0.0037049602,0.100572705,-0.006372791,0.138077,-0.0038450004,-0.0021608365,-0.0012187964,-4.3637752e-05,0.3198309,-0.0024792808,-0.005549662,-0.0030374709,-0.008838554
ATAC_MORC2-AS1,-0.0010877977,0.17144857,0.1876833,-0.0037049602,0.100572705,-0.006372791,0.138077,-0.0038450004,-0.0021608365,-0.0012187964,-4.3637752e-05,0.3198309,-0.0024792808,-0.005549662,-0.0030374709,-0.008838554
ATAC_MORN3,-0.001415606,0.13767102,0.22393946,-0.0036318623,0.08875791,-0.0060442677,0.12835969,-0.003429686,-0.0018784519,-0.0009765511,-1.9599645e-05,0.3178013,-0.002464551,-0.0058472594,-0.003147152,-0.009011823
ATAC_MOSMO,-0.0010877977,0.17144857,0.1876833,-0.0037049602,0.100572705,-0.006372791,0.138077,-0.0038450004,-0.0021608365,-0.0012187964,-4.3637752e-05,0.3198309,-0.0024792808,-0.005549662,-0.0030374709,-0.008838554
ATAC_MPHOSPH9,-0.0010877977,0.17144857,0.1876833,-0.0037049602,0.100572705,-0.006372791,0.138077,-0.0038450004,-0.0021608365,-0.0012187964,-4.3637752e-05,0.3198309,-0.0024792808,-0.005549662,-0.0030374709,-0.008838554
ATAC_MPZL3,-0.0010877977,0.17144857,0.1876833,-0.0037049602,0.100572705,-0.006372791,0.138077,-0.0038450004,-0.0021608365,-0.0012187964,-4.3637752e-05,0.3198309,-0.0024792808,-0.005549662,-0.0030374709,-0.008838554
ATAC_MRPL1,-0.0010877977,0.17144857,0.1876833,-0.0037049602,0.100572705,-0.006372791,0.138077,-0.0038450004,-0.0021608365,-0.0012187964,-4.3637752e-05,0.3198309,-0.0024792808,-0.005549662,-0.0030374709,-0.008838554
ATAC_MRPL10,-0.0010877977,0.17144857,0.1876833,-0.0037049602,0.100572705,-0.006372791,0.138077,-0.0038450004,-0.0021608365,-0.0012187964,-4.3637752e-05,0.3198309,-0.0024792808,-0.005549662,-0.0030374709,-0.008838554
ATAC_MRPS31,-0.0010877977,0.17144857,0.1876833,-0.0037049602,0.100572705,-0.006372791,0.138077,-0.0038450004,-0.0021608365,-0.0012187964,-4.3637752e-05,0.3198309,-0.0024792808,-0.005549662,-0.0030374709,-0.008838554
ATAC_MRTFB,-0.0010877977,0.17144857,0.1876833,-0.0037049602,0.100572705,-0.006372791,0.138077,-0.0038450004,-0.0021608365,-0.0012187964,-4.3637752e-05,0.3198309,-0.0024792808,-0.005549662,-0.0030374709,-0.008838554
ATAC_MS4A1,-0.0010877977,0.17144857,0.1876833,-0.0037049602,0.100572705,-0.006372791,0.138077,-0.0038450004,-0.0021608365,-0.0012187964,-4.3637752e-05,0.3198309,-0.0024792808,-0.005549662,-0.0030374709,-0.008838554
ATAC_MSANTD3,-0.0002692328,0.27971274,0.22195147,-0.0037043164,0.082768336,-0.0067989584,0.22432944,-0.004607583,-0.0010071482,-0.001748669,0.025050335,0.2262759,-0.0034180966,-0.0048718187,-0.002874353,-0.007857948
ATAC_MSC-AS1,-0.0021615177,0.14144996,0.11857672,-0.0031773937,0.15636832,-0.0053869495,0.036642246,-0.0029794173,-0.0026040338,-0.0018611003,-0.00025664805,0.37024134,-0.002145187,-0.005571729,-0.0016876009,-0.007338565
ATAC_MSTO1,-0.0011671075,0.14843172,0.16338821,-0.003698116,0.07114078,-0.0063557927,0.11208819,-0.003480601,-0.0025679201,-0.0016585044,0.035571404,0.33928636,-0.0019252391,-0.0054985806,-0.003232858,-0.009082847
ATAC_MTA3,-0.0010877977,0.17144857,0.1876833,-0.0037049602,0.100572705,-0.006372791,0.138077,-0.0038450004,-0.0021608365,-0.0012187964,-4.3637752e-05,0.3198309,-0.0024792808,-0.005549662,-0.0030374709,-0.008838554
ATAC_MTERF1,-0.0010877977,0.17144857,0.1876833,-0.0037049602,0.100572705,-0.006372791,0.138077,-0.0038450004,-0.0021608365,-0.0012187964,-4.3637752e-05,0.3198309,-0.0024792808,-0.005549662,-0.0030374709,-0.008838554
ATAC_MTFMT,-0.0010877977,0.17144857,0.1876833,-0.0037049602,0.100572705,-0.006372791,0.138077,-0.0038450004,-0.0021608365,-0.0012187964,-4.3637752e-05,0.3198309,-0.0024792808,-0.005549662,-0.0030374709,-0.008838554
ATAC_MTFP1,-0.0010854688,0.1711931,0.18703876,-0.0036925934,0.10176022,-0.0063687433,0.13710022,-0.0038363712,-0.00216816,-0.0012107297,-5.571574e-05,0.31890267,-0.002474257,-0.00555305,-0.0030352746,-0.00882335
ATAC_MTHFD2,-0.0010877977,0.17144857,0.1876833,-0.0037049602,0.100572705,-0.006372791,0.138077,-0.0038450004,-0.0021608365,-0.0012187964,-4.3637752e-05,0.3198309,-0.0024792808,-0.005549662,-0.0030374709,-0.008838554
ATAC_MTMR2,-0.00086878025,0.13297671,0.1953061,-0.0037054007,0.09132304,-0.0061247097,0.1678289,-0.0037718385,-0.0017242831,-0.0013315682,-0.00016426771,0.31021953,-0.0023178183,-0.005418307,-0.0034319286,-0.008577738
ATAC_MTMR8,-0.00011696454,0.21236098,-0.000683652,-0.0013314402,0.19532958,-0.0043197754,0.10959868,-0.0021093998,-0.00075667707,0.020049915,0.08433579,0.1437149,-0.0013695519,-0.0031119208,-0.0015400738,-0.005757833
ATAC_MTSS1,-0.0010856953,0.17129393,0.18773861,-0.0037053262,0.10075045,-0.006372735,0.13824686,-0.0038431557,-0.00216225,-0.0012167731,-4.5306533e-05,0.31982026,-0.0024798694,-0.0055504977,-0.0030383659,-0.008836006
ATAC_MUC17,-0.0010877977,0.17144857,0.1876833,-0.0037049602,0.100572705,-0.006372791,0.138077,-0.0038450004,-0.0021608365,-0.0012187964,-4.3637752e-05,0.3198309,-0.0024792808,-0.005549662,-0.0030374709,-0.008838554
ATAC_MUS81,-0.0010877977,0.17144857,0.1876833,-0.0037049602,0.100572705,-0.006372791,0.138077,-0.0038450004,-0.0021608365,-0.0012187964,-4.3637752e-05,0.3198309,-0.0024792808,-0.005549662,-0.0030374709,-0.008838554
ATAC_MUTYH,-0.0010877977,0.17144857,0.1876833,-0.0037049602,0.100572705,-0.006372791,0.138077,-0.0038450004,-0.0021608365,-0.0012187964,-4.3637752e-05,0.3198309,-0.0024792808,-0.005549662,-0.0030374709,-0.008838554
ATAC_MYBL1,-0.0010877977,0.17144857,0.1876833,-0.0037049602,0.100572705,-0.006372791,0.138077,-0.0038450004,-0.0021608365,-0.0012187964,-4.3637752e-05,0.3198309,-0.0024792808,-0.005549662,-0.0030374709,-0.008838554
ATAC_MYO1D,-0.0010877977,0.17144857,0.1876833,-0.0037049602,0.100572705,-0.006372791,0.138077,-0.0038450004,-0.0021608365,-0.0012187964,-4.3637752e-05,0.3198309,-0.0024792808,-0.005549662,-0.0030374709,-0.008838554
ATAC_MYO5B,-0.0010877977,0.17144857,0.1876833,-0.0037049602,0.100572705,-0.006372791,0.138077,-0.0038450004,-0.0021608365,-0.0012187964,-4.3637752e-05,0.3198309,-0.0024792808,-0.005549662,-0.0030374709,-0.008838554
ATAC_MYO6,-0.001085407,0.17205968,0.18749638,-0.003699575,0.09980859,-0.0063624983,0.13736963,-0.0038411943,-0.002152097,-0.0012119242,-4.73845e-05,0.31911975,-0.0024809137,-0.005560232,-0.0030426607,-0.00884221
ATAC_MYRF,-0.0010877977,0.17144857,0.1876833,-0.0037049602,0.100572705,-0.006372791,0.138077,-0.0038450004,-0.0021608365,-0.0012187964,-4.3637752e-05,0.3198309,-0.0024792808,-0.005549662,-0.0030374709,-0.008838554
ATAC_MZB1,-0.0010877977,0.17144857,0.1876833,-0.0037049602,0.100572705,-0.006372791,0.138077,-0.0038450004,-0.0021608365,-0.0012187964,-4.3637752e-05,0.3198309,-0.0024792808,-0.005549662,-0.0030374709,-0.008838554
ATAC_NAP1L2,-0.0021615177,0.14144996,0.11857672,-0.0031773937,0.15636832,-0.0053869495,0.036642246,-0.0029794173,-0.0026040338,-0.0018611003,-0.00025664805,0.37024134,-0.002145187,-0.005571729,-0.0016876009,-0.007338565
ATAC_NARS2,-0.0010877977,0.17144857,0.1876833,-0.0037049602,0.100572705,-0.006372791,0.138077,-0.0038450004,-0.0021608365,-0.0012187964,-4.3637752e-05,0.3198309,-0.0024792808,-0.005549662,-0.0030374709,-0.008838554
ATAC_NAV3,-0.0010877977,0.17144857,0.1876833,-0.0037049602,0.100572705,-0.006372791,0.138077,-0.0038450004,-0.0021608365,-0.0012187964,-4.3637752e-05,0.3198309,-0.0024792808,-0.005549662,-0.0030374709,-0.008838554
ATAC_NBDY,-0.0010877977,0.17144857,0.1876833,-0.0037049602,0.100572705,-0.006372791,0.138077,-0.0038450004,-0.0021608365,-0.0012187964,-4.3637752e-05,0.3198309,-0.0024792808,-0.005549662,-0.0030374709,-0.008838554
ATAC_NBEA,-0.0010877977,0.17144857,0.1876833,-0.0037049602,0.100572705,-0.006372791,0.138077,-0.0038450004,-0.0021608365,-0.0012187964,-4.3637752e-05,0.3198309,-0.0024792808,-0.005549662,-0.0030374709,-0.008838554
ATAC_NBEAL2,-0.0010877977,0.17144857,0.1876833,-0.0037049602,0.100572705,-0.006372791,0.138077,-0.0038450004,-0.0021608365,-0.0012187964,-4.3637752e-05,0.3198309,-0.0024792808,-0.005549662,-0.0030374709,-0.008838554
ATAC_NCALD,-0.0010877977,0.17144857,0.1876833,-0.0037049602,0.100572705,-0.006372791,0.138077,-0.0038450004,-0.0021608365,-0.0012187964,-4.3637752e-05,0.3198309,-0.0024792808,-0.005549662,-0.0030374709,-0.008838554
ATAC_NCAM1,-0.0010877977,0.17144857,0.1876833,-0.0037049602,0.100572705,-0.006372791,0.138077,-0.0038450004,-0.0021608365,-0.0012187964,-4.3637752e-05,0.3198309,-0.0024792808,-0.005549662,-0.0030374709,-0.008838554
ATAC_NCAM2,-0.0010877977,0.17144857,0.1876833,-0.0037049602,0.100572705,-0.006372791,0.138077,-0.0038450004,-0.0021608365,-0.0012187964,-4.3637752e-05,0.3198309,-0.0024792808,-0.005549662,-0.0030374709,-0.008838554
ATAC_NCAPG2,-0.0010877977,0.17144857,0.1876833,-0.0037049602,0.100572705,-0.006372791,0.138077,-0.0038450004,-0.0021608365,-0.0012187964,-4.3637752e-05,0.3198309,-0.0024792808,-0.005549662,-0.0030374709,-0.008838554
ATAC_NCK1-DT,-0.0010877977,0.17144857,0.1876833,-0.0037049602,0.100572705,-0.006372791,0.138077,-0.0038450004,-0.0021608365,-0.0012187964,-4.3637752e-05,0.3198309,-0.0024792808,-0.005549662,-0.0030374709,-0.008838554
ATAC_NCR1,-0.0010877977,0.17144857,0.1876833,-0.0037049602,0.100572705,-0.006372791,0.138077,-0.0038450004,-0.0021608365,-0.0012187964,-4.3637752e-05,0.3198309,-0.0024792808,-0.005549662,-0.0030374709,-0.008838554
ATAC_NCR2,-0.0010860809,0.17155083,0.1876709,-0.0036953639,0.100395836,-0.006383069,0.13751036,-0.0038533732,-0.0021662863,-0.0012239582,-5.518481e-05,0.32047027,-0.00246824,-0.00554723,-0.003049218,-0.008848163
ATAC_NCR3,-0.0010877977,0.17144857,0.1876833,-0.0037049602,0.100572705,-0.006372791,0.138077,-0.0038450004,-0.0021608365,-0.0012187964,-4.3637752e-05,0.3198309,-0.0024792808,-0.005549662,-0.0030374709,-0.008838554
ATAC_NDC1,-0.0010877977,0.17144857,0.1876833,-0.0037049602,0.100572705,-0.006372791,0.138077,-0.0038450004,-0.0021608365,-0.0012187964,-4.3637752e-05,0.3198309,-0.0024792808,-0.005549662,-0.0030374709,-0.008838554
ATAC_NDE1,-0.0024040863,0.1415207,0.17432056,-0.003298131,0.127027,-0.004778313,0.2203616,-0.0031392372,-0.002130174,-5.4818538e-05,0.09923667,0.44896266,-0.0011292415,-0.0056587597,-0.0022980506,-0.008635947
ATAC_NDFIP2-AS1,-0.0010877977,0.17144857,0.1876833,-0.0037049602,0.100572705,-0.006372791,0.138077,-0.0038450004,-0.0021608365,-0.0012187964,-4.3637752e-05,0.3198309,-0.0024792808,-0.005549662,-0.0030374709,-0.008838554
ATAC_NDST1-AS1,-0.0010877977,0.17144857,0.1876833,-0.0037049602,0.100572705,-0.006372791,0.138077,-0.0038450004,-0.0021608365,-0.0012187964,-4.3637752e-05,0.3198309,-0.0024792808,-0.005549662,-0.0030374709,-0.008838554
ATAC_NDUFB2-AS1,-0.0010871835,0.17109136,0.18739818,-0.00370521,0.100671075,-0.006373291,0.13795486,-0.0038455985,-0.0021645364,-0.0012159204,-4.3002066e-05,0.3199743,-0.0024804014,-0.0055534444,-0.0030380774,-0.008836488
ATAC_NDUFV2-AS1,-0.0010877977,0.17144857,0.1876833,-0.0037049602,0.100572705,-0.006372791,0.138077,-0.0038450004,-0.0021608365,-0.0012187964,-4.3637752e-05,0.3198309,-0.0024792808,-0.005549662,-0.0030374709,-0.008838554
ATAC_NECTIN4,-0.0010977697,0.1736672,0.18679185,-0.003702291,0.10252433,-0.0063623767,0.13697329,-0.003855637,-0.0021820106,-0.0012091416,-5.6904402e-05,0.32209125,-0.0024625286,-0.005526911,-0.0030260407,-0.00883111
ATAC_NEIL1,-0.0010877977,0.17144857,0.1876833,-0.0037049602,0.100572705,-0.006372791,0.138077,-0.0038450004,-0.0021608365,-0.0012187964,-4.3637752e-05,0.3198309,-0.0024792808,-0.005549662,-0.0030374709,-0.008838554
ATAC_NEO1,-0.0010877977,0.17144857,0.1876833,-0.0037049602,0.100572705,-0.006372791,0.138077,-0.0038450004,-0.0021608365,-0.0012187964,-4.3637752e-05,0.3198309,-0.0024792808,-0.005549662,-0.0030374709,-0.008838554
ATAC_NEURL4,-0.0010877977,0.17144857,0.1876833,-0.0037049602,0.100572705,-0.006372791,0.138077,-0.0038450004,-0.0021608365,-0.0012187964,-4.3637752e-05,0.3198309,-0.0024792808,-0.005549662,-0.0030374709,-0.008838554
ATAC_NEUROG3,-0.0010877977,0.17144857,0.1876833,-0.0037049602,0.100572705,-0.006372791,0.138077,-0.0038450004,-0.0021608365,-0.0012187964,-4.3637752e-05,0.3198309,-0.0024792808,-0.005549662,-0.0030374709,-0.008838554
ATAC_NEXMIF,0.00404118,0.2757342,-0.00022388026,-0.0009583093,0.15166265,-0.0047342735,0.031888753,-0.0016154819,-0.0007378521,-0.0005222903,0.057411954,0.086783916,-0.0019371496,-0.0032985108,-0.0006508444,-0.0047952584
ATAC_NFATC1,-0.0010950635,0.17097853,0.18860541,-0.0036971718,0.10012154,-0.006368329,0.13741806,-0.0038465383,-0.002167992,-0.0012117657,-4.491344e-05,0.31936753,-0.0024817751,-0.0055493866,-0.0030457478,-0.008839695
ATAC_NFIA,-0.0010877977,0.17144857,0.1876833,-0.0037049602,0.100572705,-0.006372791,0.138077,-0.0038450004,-0.0021608365,-0.0012187964,-4.3637752e-05,0.3198309,-0.0024792808,-0.005549662,-0.0030374709,-0.008838554
ATAC_NGFR,-0.0010877977,0.17144857,0.1876833,-0.0037049602,0.100572705,-0.006372791,0.138077,-0.0038450004,-0.0021608365,-0.0012187964,-4.3637752e-05,0.3198309,-0.0024792808,-0.005549662,-0.0030374709,-0.008838554
ATAC_NHLRC1,0.0015319474,0.0066435114,0.27402264,-0.0036547654,0.038479537,-0.005276816,0.23575826,-0.004659625,-0.0028580322,-0.00039287403,-0.0006257303,0.34878528,-0.0024200394,-0.005743389,-0.003158598,-0.0075091776
ATAC_NIBAN1,-0.0010877977,0.17144857,0.1876833,-0.0037049602,0.100572705,-0.006372791,0.138077,-0.0038450004,-0.0021608365,-0.0012187964,-4.3637752e-05,0.3198309,-0.0024792808,-0.005549662,-0.0030374709,-0.008838554
ATAC_NIBAN3,-0.0010877977,0.17144857,0.1876833,-0.0037049602,0.100572705,-0.006372791,0.138077,-0.0038450004,-0.0021608365,-0.0012187964,-4.3637752e-05,0.3198309,-0.0024792808,-0.005549662,-0.0030374709,-0.008838554
ATAC_NIFK-AS1,-0.0010877977,0.17144857,0.1876833,-0.0037049602,0.100572705,-0.006372791,0.138077,-0.0038450004,-0.0021608365,-0.0012187964,-4.3637752e-05,0.3198309,-0.0024792808,-0.005549662,-0.0030374709,-0.008838554
ATAC_NIPA1,-0.0010877977,0.17144857,0.1876833,-0.0037049602,0.100572705,-0.006372791,0.138077,-0.0038450004,-0.0021608365,-0.0012187964,-4.3637752e-05,0.3198309,-0.0024792808,-0.005549662,-0.0030374709,-0.008838554
ATAC_NIPAL3,-0.0010877977,0.17144857,0.1876833,-0.0037049602,0.100572705,-0.006372791,0.138077,-0.0038450004,-0.0021608365,-0.0012187964,-4.3637752e-05,0.3198309,-0.0024792808,-0.005549662,-0.0030374709,-0.008838554
ATAC_NKAIN2,-0.000969918,0.19252154,0.14411108,-0.003343508,0.065803945,-0.006128726,0.045009013,-0.0042504813,-0.0015904757,-0.0017235641,0.020330593,0.33744806,-0.0015573568,-0.004440171,-0.002421792,-0.007847975
ATAC_NKD1,-0.0010877977,0.17144857,0.1876833,-0.0037049602,0.100572705,-0.006372791,0.138077,-0.0038450004,-0.0021608365,-0.0012187964,-4.3637752e-05,0.3198309,-0.0024792808,-0.005549662,-0.0030374709,-0.008838554
ATAC_NKG7,-0.001089381,0.171263,0.18739955,-0.0037050454,0.100506864,-0.006373759,0.13777393,-0.0038477725,-0.0021629855,-0.001217528,-4.0855408e-05,0.32003343,-0.002479988,-0.0055524837,-0.0030372138,-0.008838606
ATAC_NKX6-3,-0.0010877977,0.17144857,0.1876833,-0.0037049602,0.100572705,-0.006372791,0.138077,-0.0038450004,-0.0021608365,-0.0012187964,-4.3637752e-05,0.3198309,-0.0024792808,-0.005549662,-0.0030374709,-0.008838554
ATAC_NLRC3,-0.0010877977,0.17144857,0.1876833,-0.0037049602,0.100572705,-0.006372791,0.138077,-0.0038450004,-0.0021608365,-0.0012187964,-4.3637752e-05,0.3198309,-0.0024792808,-0.005549662,-0.0030374709,-0.008838554
ATAC_NLRP2,-0.0010877977,0.17144857,0.1876833,-0.0037049602,0.100572705,-0.006372791,0.138077,-0.0038450004,-0.0021608365,-0.0012187964,-4.3637752e-05,0.3198309,-0.0024792808,-0.005549662,-0.0030374709,-0.008838554
ATAC_NLRP7,-0.0010877977,0.17144857,0.1876833,-0.0037049602,0.100572705,-0.006372791,0.138077,-0.0038450004,-0.0021608365,-0.0012187964,-4.3637752e-05,0.3198309,-0.0024792808,-0.005549662,-0.0030374709,-0.008838554
ATAC_NME7,-0.0010877977,0.17144857,0.1876833,-0.0037049602,0.100572705,-0.006372791,0.138077,-0.0038450004,-0.0021608365,-0.0012187964,-4.3637752e-05,0.3198309,-0.0024792808,-0.005549662,-0.0030374709,-0.008838554
ATAC_NMT2,-0.0010877977,0.17144857,0.1876833,-0.0037049602,0.100572705,-0.006372791,0.138077,-0.0038450004,-0.0021608365,-0.0012187964,-4.3637752e-05,0.3198309,-0.0024792808,-0.005549662,-0.0030374709,-0.008838554
ATAC_NMUR1,-0.0010877977,0.17144857,0.1876833,-0.0037049602,0.100572705,-0.006372791,0.138077,-0.0038450004,-0.0021608365,-0.0012187964,-4.3637752e-05,0.3198309,-0.0024792808,-0.005549662,-0.0030374709,-0.008838554
ATAC_NOG,-0.0010877977,0.17144857,0.1876833,-0.0037049602,0.100572705,-0.006372791,0.138077,-0.0038450004,-0.0021608365,-0.0012187964,-4.3637752e-05,0.3198309,-0.0024792808,-0.005549662,-0.0030374709,-0.008838554
ATAC_NOL4L,-0.0010877977,0.17144857,0.1876833,-0.0037049602,0.100572705,-0.006372791,0.138077,-0.0038450004,-0.0021608365,-0.0012187964,-4.3637752e-05,0.3198309,-0.0024792808,-0.005549662,-0.0030374709,-0.008838554
ATAC_NOL8,-0.0010877977,0.17144857,0.1876833,-0.0037049602,0.100572705,-0.006372791,0.138077,-0.0038450004,-0.0021608365,-0.0012187964,-4.3637752e-05,0.3198309,-0.0024792808,-0.005549662,-0.0030374709,-0.008838554
ATAC_NOTCH2NLB,-0.0010877977,0.17144857,0.1876833,-0.0037049602,0.100572705,-0.006372791,0.138077,-0.0038450004,-0.0021608365,-0.0012187964,-4.3637752e-05,0.3198309,-0.0024792808,-0.005549662,-0.0030374709,-0.008838554
ATAC_NPAS1,-0.0010877977,0.17144857,0.1876833,-0.0037049602,0.100572705,-0.006372791,0.138077,-0.0038450004,-0.0021608365,-0.0012187964,-4.3637752e-05,0.3198309,-0.0024792808,-0.005549662,-0.0030374709,-0.008838554
ATAC_NPAT,-0.0010877977,0.17144857,0.1876833,-0.0037049602,0.100572705,-0.006372791,0.138077,-0.0038450004,-0.0021608365,-0.0012187964,-4.3637752e-05,0.3198309,-0.0024792808,-0.005549662,-0.0030374709,-0.008838554
ATAC_NPEPL1,-0.0010877977,0.17144857,0.1876833,-0.0037049602,0.100572705,-0.006372791,0.138077,-0.0038450004,-0.0021608365,-0.0012187964,-4.3637752e-05,0.3198309,-0.0024792808,-0.005549662,-0.0030374709,-0.008838554
ATAC_NPHP1,-0.00093042135,0.2348218,0.23366047,-0.0033318293,0.056905776,-0.0067872885,0.060367078,-0.0033510828,-0.0021420114,-0.0019415858,-0.0003128761,0.2628999,-0.0030468786,-0.005736252,-0.0021482417,-0.007875979
ATAC_NPIPB4,-0.0011671075,0.14843172,0.16338821,-0.003698116,0.07114078,-0.0063557927,0.11208819,-0.003480601,-0.0025679201,-0.0016585044,0.035571404,0.33928636,-0.0019252391,-0.0054985806,-0.003232858,-0.009082847
ATAC_NPR1,-0.0010877977,0.17144857,0.1876833,-0.0037049602,0.100572705,-0.006372791,0.138077,-0.0038450004,-0.0021608365,-0.0012187964,-4.3637752e-05,0.3198309,-0.0024792808,-0.005549662,-0.0030374709,-0.008838554
ATAC_NPR2,-0.001415606,0.13767102,0.22393946,-0.0036318623,0.08875791,-0.0060442677,0.12835969,-0.003429686,-0.0018784519,-0.0009765511,-1.9599645e-05,0.3178013,-0.002464551,-0.0058472594,-0.003147152,-0.009011823
ATAC_NPRL2,-0.0010888542,0.17235915,0.18812059,-0.0036913478,0.100623675,-0.006379894,0.13929024,-0.003855944,-0.0021685609,-0.0012154165,-5.6066958e-05,0.31897217,-0.002493243,-0.005536244,-0.0030284035,-0.0088438485
ATAC_NPTX2,-0.0010877977,0.17144857,0.1876833,-0.0037049602,0.100572705,-0.006372791,0.138077,-0.0038450004,-0.0021608365,-0.0012187964,-4.3637752e-05,0.3198309,-0.0024792808,-0.005549662,-0.0030374709,-0.008838554
ATAC_NPTXR,-0.0002692328,0.27971274,0.22195147,-0.0037043164,0.082768336,-0.0067989584,0.22432944,-0.004607583,-0.0010071482,-0.001748669,0.025050335,0.2262759,-0.0034180966,-0.0048718187,-0.002874353,-0.007857948
ATAC_NR3C2,-0.00011696454,0.21236098,-0.000683652,-0.0013314402,0.19532958,-0.0043197754,0.10959868,-0.0021093998,-0.00075667707,0.020049915,0.08433579,0.1437149,-0.0013695519,-0.0031119208,-0.0015400738,-0.005757833
ATAC_NRCAM,-0.0010977697,0.1736672,0.18679185,-0.003702291,0.10252433,-0.0063623767,0.13697329,-0.003855637,-0.0021820106,-0.0012091416,-5.6904402e-05,0.32209125,-0.0024625286,-0.005526911,-0.0030260407,-0.00883111
ATAC_NRG2,-0.0010877977,0.17144857,0.1876833,-0.0037049602,0.100572705,-0.006372791,0.138077,-0.0038450004,-0.0021608365,-0.0012187964,-4.3637752e-05,0.3198309,-0.0024792808,-0.005549662,-0.0030374709,-0.008838554
ATAC_NRN1L,-0.0010877977,0.17144857,0.1876833,-0.0037049602,0.100572705,-0.006372791,0.138077,-0.0038450004,-0.0021608365,-0.0012187964,-4.3637752e-05,0.3198309,-0.0024792808,-0.005549662,-0.0030374709,-0.008838554
ATAC_NRTN,-0.0010877977,0.17144857,0.1876833,-0.0037049602,0.100572705,-0.006372791,0.138077,-0.0038450004,-0.0021608365,-0.0012187964,-4.3637752e-05,0.3198309,-0.0024792808,-0.005549662,-0.0030374709,-0.008838554
ATAC_NSD2,-0.0010877977,0.17144857,0.1876833,-0.0037049602,0.100572705,-0.006372791,0.138077,-0.0038450004,-0.0021608365,-0.0012187964,-4.3637752e-05,0.3198309,-0.0024792808,-0.005549662,-0.0030374709,-0.008838554
ATAC_NSUN6,0.03431277,0.040421046,0.23776652,-0.0037278633,0.05029433,-0.005605338,0.24547558,-0.005074939,-0.0031404165,-0.00063511956,-0.0006497684,0.35081488,-0.0024347692,-0.005445791,-0.0030489166,-0.0073359087
ATAC_NT5M,-0.0010877977,0.17144857,0.1876833,-0.0037049602,0.100572705,-0.006372791,0.138077,-0.0038450004,-0.0021608365,-0.0012187964,-4.3637752e-05,0.3198309,-0.0024792808,-0.005549662,-0.0030374709,-0.008838554
ATAC_NTNG1,-0.0010877977,0.17144857,0.1876833,-0.0037049602,0.100572705,-0.006372791,0.138077,-0.0038450004,-0.0021608365,-0.0012187964,-4.3637752e-05,0.3198309,-0.0024792808,-0.005549662,-0.0030374709,-0.008838554
ATAC_NTRK1,-0.0010877977,0.17144857,0.1876833,-0.0037049602,0.100572705,-0.006372791,0.138077,-0.0038450004,-0.0021608365,-0.0012187964,-4.3637752e-05,0.3198309,-0.0024792808,-0.005549662,-0.0030374709,-0.008838554
ATAC_NTRK2,-0.0010877977,0.17144857,0.1876833,-0.0037049602,0.100572705,-0.006372791,0.138077,-0.0038450004,-0.0021608365,-0.0012187964,-4.3637752e-05,0.3198309,-0.0024792808,-0.005549662,-0.0030374709,-0.008838554
ATAC_NUAK1,-0.0010877977,0.17144857,0.1876833,-0.0037049602,0.100572705,-0.006372791,0.138077,-0.0038450004,-0.0021608365,-0.0012187964,-4.3637752e-05,0.3198309,-0.0024792808,-0.005549662,-0.0030374709,-0.008838554
ATAC_NUP205,-0.0010877977,0.17144857,0.1876833,-0.0037049602,0.100572705,-0.006372791,0.138077,-0.0038450004,-0.0021608365,-0.0012187964,-4.3637752e-05,0.3198309,-0.0024792808,-0.005549662,-0.0030374709,-0.008838554
ATAC_NUP210L,-0.0010877977,0.17144857,0.1876833,-0.0037049602,0.100572705,-0.006372791,0.138077,-0.0038450004,-0.0021608365,-0.0012187964,-4.3637752e-05,0.3198309,-0.0024792808,-0.005549662,-0.0030374709,-0.008838554
ATAC_NVL,-0.0010877977,0.17144857,0.1876833,-0.0037049602,0.100572705,-0.006372791,0.138077,-0.0038450004,-0.0021608365,-0.0012187964,-4.3637752e-05,0.3198309,-0.0024792808,-0.005549662,-0.0030374709,-0.008838554
ATAC_NYAP1,-0.0024040863,0.1415207,0.17432056,-0.003298131,0.127027,-0.004778313,0.2203616,-0.0031392372,-0.002130174,-5.4818538e-05,0.09923667,0.44896266,-0.0011292415,-0.0056587597,-0.0022980506,-0.008635947
ATAC_OAT,-0.0010877977,0.17144857,0.1876833,-0.0037049602,0.100572705,-0.006372791,0.138077,-0.0038450004,-0.0021608365,-0.0012187964,-4.3637752e-05,0.3198309,-0.0024792808,-0.005549662,-0.0030374709,-0.008838554
ATAC_OBSCN-AS1,-0.0010877977,0.17144857,0.1876833,-0.0037049602,0.100572705,-0.006372791,0.138077,-0.0038450004,-0.0021608365,-0.0012187964,-4.3637752e-05,0.3198309,-0.0024792808,-0.005549662,-0.0030374709,-0.008838554
ATAC_OCA2,-0.0010877977,0.17144857,0.1876833,-0.0037049602,0.100572705,-0.006372791,0.138077,-0.0038450004,-0.0021608365,-0.0012187964,-4.3637752e-05,0.3198309,-0.0024792808,-0.005549662,-0.0030374709,-0.008838554
ATAC_OCIAD2,-0.0010877977,0.17144857,0.1876833,-0.0037049602,0.100572705,-0.006372791,0.138077,-0.0038450004,-0.0021608365,-0.0012187964,-4.3637752e-05,0.3198309,-0.0024792808,-0.005549662,-0.0030374709,-0.008838554
ATAC_OGDHL,-0.0002692328,0.27971274,0.22195147,-0.0037043164,0.082768336,-0.0067989584,0.22432944,-0.004607583,-0.0010071482,-0.001748669,0.025050335,0.2262759,-0.0034180966,-0.0048718187,-0.002874353,-0.007857948
ATAC_OLMALINC,-0.0010877977,0.17144857,0.1876833,-0.0037049602,0.100572705,-0.006372791,0.138077,-0.0038450004,-0.0021608365,-0.0012187964,-4.3637752e-05,0.3198309,-0.0024792808,-0.005549662,-0.0030374709,-0.008838554
ATAC_ONECUT1,-0.0010877977,0.17144857,0.1876833,-0.0037049602,0.100572705,-0.006372791,0.138077,-0.0038450004,-0.0021608365,-0.0012187964,-4.3637752e-05,0.3198309,-0.0024792808,-0.005549662,-0.0030374709,-0.008838554
ATAC_OPTN,-0.0010888542,0.17235915,0.18812059,-0.0036913478,0.100623675,-0.006379894,0.13929024,-0.003855944,-0.0021685609,-0.0012154165,-5.6066958e-05,0.31897217,-0.002493243,-0.005536244,-0.0030284035,-0.0088438485
ATAC_OR2AG2,-0.0010877977,0.17144857,0.1876833,-0.0037049602,0.100572705,-0.006372791,0.138077,-0.0038450004,-0.0021608365,-0.0012187964,-4.3637752e-05,0.3198309,-0.0024792808,-0.005549662,-0.0030374709,-0.008838554
ATAC_ORC2,-0.0010877977,0.17144857,0.1876833,-0.0037049602,0.100572705,-0.006372791,0.138077,-0.0038450004,-0.0021608365,-0.0012187964,-4.3637752e-05,0.3198309,-0.0024792808,-0.005549662,-0.0030374709,-0.008838554
ATAC_ORM2,-0.0010888542,0.17235915,0.18812059,-0.0036913478,0.100623675,-0.006379894,0.13929024,-0.003855944,-0.0021685609,-0.0012154165,-5.6066958e-05,0.31897217,-0.002493243,-0.005536244,-0.0030284035,-0.0088438485
ATAC_OSBPL3,-0.0010877977,0.17144857,0.1876833,-0.0037049602,0.100572705,-0.006372791,0.138077,-0.0038450004,-0.0021608365,-0.0012187964,-4.3637752e-05,0.3198309,-0.0024792808,-0.005549662,-0.0030374709,-0.008838554
ATAC_OSBPL7,-0.0010865865,0.17132783,0.18773906,-0.0037042361,0.10051662,-0.006373171,0.13807106,-0.003844433,-0.0021615266,-0.0012198209,-4.311681e-05,0.31986457,-0.0024797171,-0.005550358,-0.0030363512,-0.008839263
ATAC_OSER1-DT,-0.0010866908,0.17141344,0.18764763,-0.0037059127,0.100545496,-0.0063722543,0.13789329,-0.0038468975,-0.0021582644,-0.0012180605,-4.4480857e-05,0.3197527,-0.0024808592,-0.0055512474,-0.0030392453,-0.008838414
ATAC_OTUD6B-AS1,-0.0010877977,0.17144857,0.1876833,-0.0037049602,0.100572705,-0.006372791,0.138077,-0.0038450004,-0.0021608365,-0.0012187964,-4.3637752e-05,0.3198309,-0.0024792808,-0.005549662,-0.0030374709,-0.008838554
ATAC_OTUD7B,-0.0010877977,0.17144857,0.1876833,-0.0037049602,0.100572705,-0.006372791,0.138077,-0.0038450004,-0.0021608365,-0.0012187964,-4.3637752e-05,0.3198309,-0.0024792808,-0.005549662,-0.0030374709,-0.008838554
ATAC_OVCH1-AS1,-0.0010877977,0.17144857,0.1876833,-0.0037049602,0.100572705,-0.006372791,0.138077,-0.0038450004,-0.0021608365,-0.0012187964,-4.3637752e-05,0.3198309,-0.0024792808,-0.005549662,-0.0030374709,-0.008838554
ATAC_OVOL3,-0.0010877977,0.17144857,0.1876833,-0.0037049602,0.100572705,-0.006372791,0.138077,-0.0038450004,-0.0021608365,-0.0012187964,-4.3637752e-05,0.3198309,-0.0024792808,-0.005549662,-0.0030374709,-0.008838554
ATAC_P2RY10,-0.0010087709,0.1689938,0.18310411,-0.0037119465,0.10461819,-0.0064370716,0.12895915,-0.00390555,-0.0020991147,-0.0013152703,-9.14064e-05,0.31548157,-0.0023695433,-0.00561105,-0.003098632,-0.00880173
ATAC_P2RY11,-0.0010877977,0.17144857,0.1876833,-0.0037049602,0.100572705,-0.006372791,0.138077,-0.0038450004,-0.0021608365,-0.0012187964,-4.3637752e-05,0.3198309,-0.0024792808,-0.005549662,-0.0030374709,-0.008838554
ATAC_P3H2-AS1,-0.0010877977,0.17144857,0.1876833,-0.0037049602,0.100572705,-0.006372791,0.138077,-0.0038450004,-0.0021608365,-0.0012187964,-4.3637752e-05,0.3198309,-0.0024792808,-0.005549662,-0.0030374709,-0.008838554
ATAC_P3H4,-0.0010877977,0.17144857,0.1876833,-0.0037049602,0.100572705,-0.006372791,0.138077,-0.0038450004,-0.0021608365,-0.0012187964,-4.3637752e-05,0.3198309,-0.0024792808,-0.005549662,-0.0030374709,-0.008838554
ATAC_PAFAH2,-0.0010877977,0.17144857,0.1876833,-0.0037049602,0.100572705,-0.006372791,0.138077,-0.0038450004,-0.0021608365,-0.0012187964,-4.3637752e-05,0.3198309,-0.0024792808,-0.005549662,-0.0030374709,-0.008838554
ATAC_PAM,-0.0010877977,0.17144857,0.1876833,-0.0037049602,0.100572705,-0.006372791,0.138077,-0.0038450004,-0.0021608365,-0.0012187964,-4.3637752e-05,0.3198309,-0.0024792808,-0.005549662,-0.0030374709,-0.008838554
ATAC_PANX3,-0.001415606,0.13767102,0.22393946,-0.0036318623,0.08875791,-0.0060442677,0.12835969,-0.003429686,-0.0018784519,-0.0009765511,-1.9599645e-05,0.3178013,-0.002464551,-0.0058472594,-0.003147152,-0.009011823
ATAC_PAPOLB,-0.0010877025,0.17143157,0.18762662,-0.0037047588,0.100559175,-0.006372378,0.13808808,-0.0038446714,-0.0021609736,-0.0012192121,-4.4115484e-05,0.31978244,-0.0024791057,-0.005549787,-0.003037439,-0.008838984
ATAC_PARD6B,-0.0010812284,0.17206752,0.1869087,-0.0037084287,0.099853896,-0.0063710767,0.1390107,-0.003842992,-0.002157719,-0.0012157192,-4.562378e-05,0.31905007,-0.0024816594,-0.0055461396,-0.003040055,-0.008826789
ATAC_PARN,-0.0010877977,0.17144857,0.1876833,-0.0037049602,0.100572705,-0.006372791,0.138077,-0.0038450004,-0.0021608365,-0.0012187964,-4.3637752e-05,0.3198309,-0.0024792808,-0.005549662,-0.0030374709,-0.008838554
ATAC_PARP15,-0.0010877977,0.17144857,0.1876833,-0.0037049602,0.100572705,-0.006372791,0.138077,-0.0038450004,-0.0021608365,-0.0012187964,-4.3637752e-05,0.3198309,-0.0024792808,-0.005549662,-0.0030374709,-0.008838554
ATAC_PARP16,-0.0010877977,0.17144857,0.1876833,-0.0037049602,0.100572705,-0.006372791,0.138077,-0.0038450004,-0.0021608365,-0.0012187964,-4.3637752e-05,0.3198309,-0.0024792808,-0.005549662,-0.0030374709,-0.008838554
ATAC_PATL2,-0.0010877977,0.17144857,0.1876833,-0.0037049602,0.100572705,-0.006372791,0.138077,-0.0038450004,-0.0021608365,-0.0012187964,-4.3637752e-05,0.3198309,-0.0024792808,-0.005549662,-0.0030374709,-0.008838554
ATAC_PAUPAR,-0.0010877977,0.17144857,0.1876833,-0.0037049602,0.100572705,-0.006372791,0.138077,-0.0038450004,-0.0021608365,-0.0012187964,-4.3637752e-05,0.3198309,-0.0024792808,-0.005549662,-0.0030374709,-0.008838554
ATAC_PAX5,-0.0010877977,0.17144857,0.1876833,-0.0037049602,0.100572705,-0.006372791,0.138077,-0.0038450004,-0.0021608365,-0.0012187964,-4.3637752e-05,0.3198309,-0.0024792808,-0.005549662,-0.0030374709,-0.008838554
ATAC_PAXX,-0.0010921574,0.17122777,0.18717916,-0.0037018275,0.100231886,-0.006369981,0.13741207,-0.0038436772,-0.0021610826,-0.0012123802,-4.996702e-05,0.3197165,-0.002474861,-0.005556675,-0.0030345058,-0.008831642
ATAC_PBX4,-0.0010877977,0.17144857,0.1876833,-0.0037049602,0.100572705,-0.006372791,0.138077,-0.0038450004,-0.0021608365,-0.0012187964,-4.3637752e-05,0.3198309,-0.0024792808,-0.005549662,-0.0030374709,-0.008838554
ATAC_PCAT1,-0.0010877977,0.17144857,0.1876833,-0.0037049602,0.100572705,-0.006372791,0.138077,-0.0038450004,-0.0021608365,-0.0012187964,-4.3637752e-05,0.3198309,-0.0024792808,-0.005549662,-0.0030374709,-0.008838554
ATAC_PCBP4,-0.0010827201,0.17221534,0.18773453,-0.0037098299,0.09967679,-0.006372278,0.1379404,-0.0038487294,-0.0021521854,-0.001214117,-4.2605698e-05,0.3190115,-0.0024717343,-0.005547055,-0.003045626,-0.0088465875
ATAC_PCDH19,-0.0010877977,0.17144857,0.1876833,-0.0037049602,0.100572705,-0.006372791,0.138077,-0.0038450004,-0.0021608365,-0.0012187964,-4.3637752e-05,0.3198309,-0.0024792808,-0.005549662,-0.0030374709,-0.008838554
ATAC_PCDH9,-0.0010877977,0.17144857,0.1876833,-0.0037049602,0.100572705,-0.006372791,0.138077,-0.0038450004,-0.0021608365,-0.0012187964,-4.3637752e-05,0.3198309,-0.0024792808,-0.005549662,-0.0030374709,-0.008838554
ATAC_PCDHGA10,-0.0010877977,0.17144857,0.1876833,-0.0037049602,0.100572705,-0.006372791,0.138077,-0.0038450004,-0.0021608365,-0.0012187964,-4.3637752e-05,0.3198309,-0.0024792808,-0.005549662,-0.0030374709,-0.008838554
ATAC_PCDHGB2,-0.0010877977,0.17144857,0.1876833,-0.0037049602,0.100572705,-0.006372791,0.138077,-0.0038450004,-0.0021608365,-0.0012187964,-4.3637752e-05,0.3198309,-0.0024792808,-0.005549662,-0.0030374709,-0.008838554
ATAC_PCDHGC3,-0.0010865488,0.17175163,0.18747623,-0.0037047737,0.10026294,-0.0063729724,0.13824922,-0.003848189,-0.0021626852,-0.0012217545,-4.1193365e-05,0.32011133,-0.0024821549,-0.00554896,-0.0030339363,-0.008839902
ATAC_PCNT,-0.0010877977,0.17144857,0.1876833,-0.0037049602,0.100572705,-0.006372791,0.138077,-0.0038450004,-0.0021608365,-0.0012187964,-4.3637752e-05,0.3198309,-0.0024792808,-0.005549662,-0.0030374709,-0.008838554
ATAC_PCNX3,-0.0010877977,0.17144857,0.1876833,-0.0037049602,0.100572705,-0.006372791,0.138077,-0.0038450004,-0.0021608365,-0.0012187964,-4.3637752e-05,0.3198309,-0.0024792808,-0.005549662,-0.0030374709,-0.008838554
ATAC_PCOTH,-0.0010877977,0.17144857,0.1876833,-0.0037049602,0.100572705,-0.006372791,0.138077,-0.0038450004,-0.0021608365,-0.0012187964,-4.3637752e-05,0.3198309,-0.0024792808,-0.005549662,-0.0030374709,-0.008838554
ATAC_PDCD1,-0.001089381,0.171263,0.18739955,-0.0037050454,0.100506864,-0.006373759,0.13777393,-0.0038477725,-0.0021629855,-0.001217528,-4.0855408e-05,0.32003343,-0.002479988,-0.0055524837,-0.0030372138,-0.008838606
ATAC_PDE4D,-0.0010877977,0.17144857,0.1876833,-0.0037049602,0.100572705,-0.006372791,0.138077,-0.0038450004,-0.0021608365,-0.0012187964,-4.3637752e-05,0.3198309,-0.0024792808,-0.005549662,-0.0030374709,-0.008838554
ATAC_PDE5A,-0.0010812284,0.17206752,0.1869087,-0.0037084287,0.099853896,-0.0063710767,0.1390107,-0.003842992,-0.002157719,-0.0012157192,-4.562378e-05,0.31905007,-0.0024816594,-0.0055461396,-0.003040055,-0.008826789
ATAC_PDE9A,-0.0010877977,0.17144857,0.1876833,-0.0037049602,0.100572705,-0.006372791,0.138077,-0.0038450004,-0.0021608365,-0.0012187964,-4.3637752e-05,0.3198309,-0.0024792808,-0.005549662,-0.0030374709,-0.008838554
ATAC_PDGFD,-0.0010877977,0.17144857,0.1876833,-0.0037049602,0.100572705,-0.006372791,0.138077,-0.0038450004,-0.0021608365,-0.0012187964,-4.3637752e-05,0.3198309,-0.0024792808,-0.005549662,-0.0030374709,-0.008838554
ATAC_PDZD4,-0.0010877977,0.17144857,0.1876833,-0.0037049602,0.100572705,-0.006372791,0.138077,-0.0038450004,-0.0021608365,-0.0012187964,-4.3637752e-05,0.3198309,-0.0024792808,-0.005549662,-0.0030374709,-0.008838554
ATAC_PDZK1IP1,-0.0010860863,0.1710268,0.18784754,-0.003701256,0.101284705,-0.0063759047,0.13832788,-0.003836179,-0.0021499465,-0.0012161382,-5.2752046e-05,0.319309,-0.0024700572,-0.005540353,-0.0030260198,-0.008839308
ATAC_PECR,-0.0010888542,0.17235915,0.18812059,-0.0036913478,0.100623675,-0.006379894,0.13929024,-0.003855944,-0.0021685609,-0.0012154165,-5.6066958e-05,0.31897217,-0.002493243,-0.005536244,-0.0030284035,-0.0088438485
ATAC_PERP,-0.0010877977,0.17144857,0.1876833,-0.0037049602,0.100572705,-0.006372791,0.138077,-0.0038450004,-0.0021608365,-0.0012187964,-4.3637752e-05,0.3198309,-0.0024792808,-0.005549662,-0.0030374709,-0.008838554
ATAC_PEX12,-0.0010877977,0.17144857,0.1876833,-0.0037049602,0.100572705,-0.006372791,0.138077,-0.0038450004,-0.0021608365,-0.0012187964,-4.3637752e-05,0.3198309,-0.0024792808,-0.005549662,-0.0030374709,-0.008838554
ATAC_PFKFB1,-0.0010877977,0.17144857,0.1876833,-0.0037049602,0.100572705,-0.006372791,0.138077,-0.0038450004,-0.0021608365,-0.0012187964,-4.3637752e-05,0.3198309,-0.0024792808,-0.005549662,-0.0030374709,-0.008838554
ATAC_PFKP,-0.0010877977,0.17144857,0.1876833,-0.0037049602,0.100572705,-0.006372791,0.138077,-0.0038450004,-0.0021608365,-0.0012187964,-4.3637752e-05,0.3198309,-0.0024792808,-0.005549662,-0.0030374709,-0.008838554
ATAC_PGAP1,-0.0010877977,0.17144857,0.1876833,-0.0037049602,0.100572705,-0.006372791,0.138077,-0.0038450004,-0.0021608365,-0.0012187964,-4.3637752e-05,0.3198309,-0.0024792808,-0.005549662,-0.0030374709,-0.008838554
ATAC_PGBD4,-0.0010888542,0.17235915,0.18812059,-0.0036913478,0.100623675,-0.006379894,0.13929024,-0.003855944,-0.0021685609,-0.0012154165,-5.6066958e-05,0.31897217,-0.002493243,-0.005536244,-0.0030284035,-0.0088438485
ATAC_PGGHG,-0.0010877977,0.17144857,0.1876833,-0.0037049602,0.100572705,-0.006372791,0.138077,-0.0038450004,-0.0021608365,-0.0012187964,-4.3637752e-05,0.3198309,-0.0024792808,-0.005549662,-0.0030374709,-0.008838554
ATAC_PGM2L1,-0.0010877977,0.17144857,0.1876833,-0.0037049602,0.100572705,-0.006372791,0.138077,-0.0038450004,-0.0021608365,-0.0012187964,-4.3637752e-05,0.3198309,-0.0024792808,-0.005549662,-0.0030374709,-0.008838554
ATAC_PGM5P4-AS1,-0.0010877977,0.17144857,0.1876833,-0.0037049602,0.100572705,-0.006372791,0.138077,-0.0038450004,-0.0021608365,-0.0012187964,-4.3637752e-05,0.3198309,-0.0024792808,-0.005549662,-0.0030374709,-0.008838554
ATAC_PHC1,-0.0010877977,0.17144857,0.1876833,-0.0037049602,0.100572705,-0.006372791,0.138077,-0.0038450004,-0.0021608365,-0.0012187964,-4.3637752e-05,0.3198309,-0.0024792808,-0.005549662,-0.0030374709,-0.008838554
ATAC_PHF1,-0.0010877977,0.17144857,0.1876833,-0.0037049602,0.100572705,-0.006372791,0.138077,-0.0038450004,-0.0021608365,-0.0012187964,-4.3637752e-05,0.3198309,-0.0024792808,-0.005549662,-0.0030374709,-0.008838554
ATAC_PHF7,-0.0010877977,0.17144857,0.1876833,-0.0037049602,0.100572705,-0.006372791,0.138077,-0.0038450004,-0.0021608365,-0.0012187964,-4.3637752e-05,0.3198309,-0.0024792808,-0.005549662,-0.0030374709,-0.008838554
ATAC_PHLDA3,-0.0010877977,0.17144857,0.1876833,-0.0037049602,0.100572705,-0.006372791,0.138077,-0.0038450004,-0.0021608365,-0.0012187964,-4.3637752e-05,0.3198309,-0.0024792808,-0.005549662,-0.0030374709,-0.008838554
ATAC_PHLDB3,-0.0010877977,0.17144857,0.1876833,-0.0037049602,0.100572705,-0.006372791,0.138077,-0.0038450004,-0.0021608365,-0.0012187964,-4.3637752e-05,0.3198309,-0.0024792808,-0.005549662,-0.0030374709,-0.008838554
ATAC_PHOX2A,-0.0010877977,0.17144857,0.1876833,-0.0037049602,0.100572705,-0.006372791,0.138077,-0.0038450004,-0.0021608365,-0.0012187964,-4.3637752e-05,0.3198309,-0.0024792808,-0.005549662,-0.0030374709,-0.008838554
ATAC_PHYH,-0.0010877977,0.17144857,0.1876833,-0.0037049602,0.100572705,-0.006372791,0.138077,-0.0038450004,-0.0021608365,-0.0012187964,-4.3637752e-05,0.3198309,-0.0024792808,-0.005549662,-0.0030374709,-0.008838554
ATAC_PHYHIPL,-0.0010877977,0.17144857,0.1876833,-0.0037049602,0.100572705,-0.006372791,0.138077,-0.0038450004,-0.0021608365,-0.0012187964,-4.3637752e-05,0.3198309,-0.0024792808,-0.005549662,-0.0030374709,-0.008838554
ATAC_PICART1,-0.0010888542,0.17235915,0.18812059,-0.0036913478,0.100623675,-0.006379894,0.13929024,-0.003855944,-0.0021685609,-0.0012154165,-5.6066958e-05,0.31897217,-0.002493243,-0.005536244,-0.0030284035,-0.0088438485
ATAC_PID1,-0.0010877977,0.17144857,0.1876833,-0.0037049602,0.100572705,-0.006372791,0.138077,-0.0038450004,-0.0021608365,-0.0012187964,-4.3637752e-05,0.3198309,-0.0024792808,-0.005549662,-0.0030374709,-0.008838554
ATAC_PIF1,-0.0010877977,0.17144857,0.1876833,-0.0037049602,0.100572705,-0.006372791,0.138077,-0.0038450004,-0.0021608365,-0.0012187964,-4.3637752e-05,0.3198309,-0.0024792808,-0.005549662,-0.0030374709,-0.008838554
ATAC_PIGK,-0.0010877977,0.17144857,0.1876833,-0.0037049602,0.100572705,-0.006372791,0.138077,-0.0038450004,-0.0021608365,-0.0012187964,-4.3637752e-05,0.3198309,-0.0024792808,-0.005549662,-0.0030374709,-0.008838554
ATAC_PIGL,-0.0010877977,0.17144857,0.1876833,-0.0037049602,0.100572705,-0.006372791,0.138077,-0.0038450004,-0.0021608365,-0.0012187964,-4.3637752e-05,0.3198309,-0.0024792808,-0.005549662,-0.0030374709,-0.008838554
ATAC_PITPNM2,-0.0024040863,0.1415207,0.17432056,-0.003298131,0.127027,-0.004778313,0.2203616,-0.0031392372,-0.002130174,-5.4818538e-05,0.09923667,0.44896266,-0.0011292415,-0.0056587597,-0.0022980506,-0.008635947
ATAC_PKD1,-0.0010877977,0.17144857,0.1876833,-0.0037049602,0.100572705,-0.006372791,0.138077,-0.0038450004,-0.0021608365,-0.0012187964,-4.3637752e-05,0.3198309,-0.0024792808,-0.005549662,-0.0030374709,-0.008838554
ATAC_PKIA,-0.0010812284,0.17206752,0.1869087,-0.0037084287,0.099853896,-0.0063710767,0.1390107,-0.003842992,-0.002157719,-0.0012157192,-4.562378e-05,0.31905007,-0.0024816594,-0.0055461396,-0.003040055,-0.008826789
ATAC_PLA2G4E-AS1,-0.0010877977,0.17144857,0.1876833,-0.0037049602,0.100572705,-0.006372791,0.138077,-0.0038450004,-0.0021608365,-0.0012187964,-4.3637752e-05,0.3198309,-0.0024792808,-0.005549662,-0.0030374709,-0.008838554
ATAC_PLA2G6,-0.0010877977,0.17144857,0.1876833,-0.0037049602,0.100572705,-0.006372791,0.138077,-0.0038450004,-0.0021608365,-0.0012187964,-4.3637752e-05,0.3198309,-0.0024792808,-0.005549662,-0.0030374709,-0.008838554
ATAC_PLAAT2,-0.0010877977,0.17144857,0.1876833,-0.0037049602,0.100572705,-0.006372791,0.138077,-0.0038450004,-0.0021608365,-0.0012187964,-4.3637752e-05,0.3198309,-0.0024792808,-0.005549662,-0.0030374709,-0.008838554
ATAC_PLAC1,-0.0010877977,0.17144857,0.1876833,-0.0037049602,0.100572705,-0.006372791,0.138077,-0.0038450004,-0.0021608365,-0.0012187964,-4.3637752e-05,0.3198309,-0.0024792808,-0.005549662,-0.0030374709,-0.008838554
ATAC_PLAUR,-0.0010877977,0.17144857,0.1876833,-0.0037049602,0.100572705,-0.006372791,0.138077,-0.0038450004,-0.0021608365,-0.0012187964,-4.3637752e-05,0.3198309,-0.0024792808,-0.005549662,-0.0030374709,-0.008838554
ATAC_PLCG1,-0.0010877977,0.17144857,0.1876833,-0.0037049602,0.100572705,-0.006372791,0.138077,-0.0038450004,-0.0021608365,-0.0012187964,-4.3637752e-05,0.3198309,-0.0024792808,-0.005549662,-0.0030374709,-0.008838554
ATAC_PLCL1,-0.0010877977,0.17144857,0.1876833,-0.0037049602,0.100572705,-0.006372791,0.138077,-0.0038450004,-0.0021608365,-0.0012187964,-4.3637752e-05,0.3198309,-0.0024792808,-0.005549662,-0.0030374709,-0.008838554
ATAC_PLCXD2,-0.0010877977,0.17144857,0.1876833,-0.0037049602,0.100572705,-0.006372791,0.138077,-0.0038450004,-0.0021608365,-0.0012187964,-4.3637752e-05,0.3198309,-0.0024792808,-0.005549662,-0.0030374709,-0.008838554
ATAC_PLD5,-0.0010877977,0.17144857,0.1876833,-0.0037049602,0.100572705,-0.006372791,0.138077,-0.0038450004,-0.0021608365,-0.0012187964,-4.3637752e-05,0.3198309,-0.0024792808,-0.005549662,-0.0030374709,-0.008838554
ATAC_PLEKHA1,-0.0010868992,0.17163886,0.18748762,-0.0037059055,0.10035834,-0.006372981,0.13789225,-0.0038455336,-0.0021615268,-0.0012193747,-4.48744e-05,0.3197583,-0.0024772398,-0.0055515966,-0.0030384313,-0.008839192
ATAC_PLEKHA5,-0.0010877977,0.17144857,0.1876833,-0.0037049602,0.100572705,-0.006372791,0.138077,-0.0038450004,-0.0021608365,-0.0012187964,-4.3637752e-05,0.3198309,-0.0024792808,-0.005549662,-0.0030374709,-0.008838554
ATAC_PLEKHF1,-0.0010877977,0.17144857,0.1876833,-0.0037049602,0.100572705,-0.006372791,0.138077,-0.0038450004,-0.0021608365,-0.0012187964,-4.3637752e-05,0.3198309,-0.0024792808,-0.005549662,-0.0030374709,-0.008838554
ATAC_PLEKHG1,-0.0010877977,0.17144857,0.1876833,-0.0037049602,0.100572705,-0.006372791,0.138077,-0.0038450004,-0.0021608365,-0.0012187964,-4.3637752e-05,0.3198309,-0.0024792808,-0.005549662,-0.0030374709,-0.008838554
ATAC_PLGRKT,-0.0010877977,0.17144857,0.1876833,-0.0037049602,0.100572705,-0.006372791,0.138077,-0.0038450004,-0.0021608365,-0.0012187964,-4.3637752e-05,0.3198309,-0.0024792808,-0.005549662,-0.0030374709,-0.008838554
ATAC_PLPP1,-0.0010877977,0.17144857,0.1876833,-0.0037049602,0.100572705,-0.006372791,0.138077,-0.0038450004,-0.0021608365,-0.0012187964,-4.3637752e-05,0.3198309,-0.0024792808,-0.005549662,-0.0030374709,-0.008838554
ATAC_PLPPR3,-0.0010877977,0.17144857,0.1876833,-0.0037049602,0.100572705,-0.006372791,0.138077,-0.0038450004,-0.0021608365,-0.0012187964,-4.3637752e-05,0.3198309,-0.0024792808,-0.005549662,-0.0030374709,-0.008838554
ATAC_PLXDC1,-0.0010877977,0.17144857,0.1876833,-0.0037049602,0.100572705,-0.006372791,0.138077,-0.0038450004,-0.0021608365,-0.0012187964,-4.3637752e-05,0.3198309,-0.0024792808,-0.005549662,-0.0030374709,-0.008838554
ATAC_PLXDC2,-0.0010877977,0.17144857,0.1876833,-0.0037049602,0.100572705,-0.006372791,0.138077,-0.0038450004,-0.0021608365,-0.0012187964,-4.3637752e-05,0.3198309,-0.0024792808,-0.005549662,-0.0030374709,-0.008838554
ATAC_PLXNA3,-0.0010877977,0.17144857,0.1876833,-0.0037049602,0.100572705,-0.006372791,0.138077,-0.0038450004,-0.0021608365,-0.0012187964,-4.3637752e-05,0.3198309,-0.0024792808,-0.005549662,-0.0030374709,-0.008838554
ATAC_PM20D1,-0.0010877977,0.17144857,0.1876833,-0.0037049602,0.100572705,-0.006372791,0.138077,-0.0038450004,-0.0021608365,-0.0012187964,-4.3637752e-05,0.3198309,-0.0024792808,-0.005549662,-0.0030374709,-0.008838554
ATAC_PMS1,-0.0010877977,0.17144857,0.1876833,-0.0037049602,0.100572705,-0.006372791,0.138077,-0.0038450004,-0.0021608365,-0.0012187964,-4.3637752e-05,0.3198309,-0.0024792808,-0.005549662,-0.0030374709,-0.008838554
ATAC_PNMT,-0.0010877977,0.17144857,0.1876833,-0.0037049602,0.100572705,-0.006372791,0.138077,-0.0038450004,-0.0021608365,-0.0012187964,-4.3637752e-05,0.3198309,-0.0024792808,-0.005549662,-0.0030374709,-0.008838554
ATAC_PNPLA2,-0.001098377,0.1712539,0.18849437,-0.00369753,0.09999989,-0.006368004,0.13725416,-0.0038489501,-0.002165888,-0.0012127643,-4.37656e-05,0.31934452,-0.0024807504,-0.0055478546,-0.0030459722,-0.008841534
ATAC_PNPLA3,-0.0010877977,0.17144857,0.1876833,-0.0037049602,0.100572705,-0.006372791,0.138077,-0.0038450004,-0.0021608365,-0.0012187964,-4.3637752e-05,0.3198309,-0.0024792808,-0.005549662,-0.0030374709,-0.008838554
ATAC_POC5,-0.0010877977,0.17144857,0.1876833,-0.0037049602,0.100572705,-0.006372791,0.138077,-0.0038450004,-0.0021608365,-0.0012187964,-4.3637752e-05,0.3198309,-0.0024792808,-0.005549662,-0.0030374709,-0.008838554
ATAC_POLR3E,-0.0010854688,0.1711931,0.18703876,-0.0036925934,0.10176022,-0.0063687433,0.13710022,-0.0038363712,-0.00216816,-0.0012107297,-5.571574e-05,0.31890267,-0.002474257,-0.00555305,-0.0030352746,-0.00882335
ATAC_POMT1,-0.0010877977,0.17144857,0.1876833,-0.0037049602,0.100572705,-0.006372791,0.138077,-0.0038450004,-0.0021608365,-0.0012187964,-4.3637752e-05,0.3198309,-0.0024792808,-0.005549662,-0.0030374709,-0.008838554
ATAC_POT1-AS1,-0.0010877977,0.17144857,0.1876833,-0.0037049602,0.100572705,-0.006372791,0.138077,-0.0038450004,-0.0021608365,-0.0012187964,-4.3637752e-05,0.3198309,-0.0024792808,-0.005549662,-0.0030374709,-0.008838554
ATAC_POU3F1,-0.0010877977,0.17144857,0.1876833,-0.0037049602,0.100572705,-0.006372791,0.138077,-0.0038450004,-0.0021608365,-0.0012187964,-4.3637752e-05,0.3198309,-0.0024792808,-0.005549662,-0.0030374709,-0.008838554
ATAC_POU6F1,-0.0010877977,0.17144857,0.1876833,-0.0037049602,0.100572705,-0.006372791,0.138077,-0.0038450004,-0.0021608365,-0.0012187964,-4.3637752e-05,0.3198309,-0.0024792808,-0.005549662,-0.0030374709,-0.008838554
ATAC_PPIAL4G,-0.0010860863,0.1710268,0.18784754,-0.003701256,0.101284705,-0.0063759047,0.13832788,-0.003836179,-0.0021499465,-0.0012161382,-5.2752046e-05,0.319309,-0.0024700572,-0.005540353,-0.0030260198,-0.008839308
ATAC_PPM1E,-0.0010877977,0.17144857,0.1876833,-0.0037049602,0.100572705,-0.006372791,0.138077,-0.0038450004,-0.0021608365,-0.0012187964,-4.3637752e-05,0.3198309,-0.0024792808,-0.005549662,-0.0030374709,-0.008838554
ATAC_PPM1K-DT,-0.0010877977,0.17144857,0.1876833,-0.0037049602,0.100572705,-0.006372791,0.138077,-0.0038450004,-0.0021608365,-0.0012187964,-4.3637752e-05,0.3198309,-0.0024792808,-0.005549662,-0.0030374709,-0.008838554
ATAC_PPP1R10,-0.0010877977,0.17144857,0.1876833,-0.0037049602,0.100572705,-0.006372791,0.138077,-0.0038450004,-0.0021608365,-0.0012187964,-4.3637752e-05,0.3198309,-0.0024792808,-0.005549662,-0.0030374709,-0.008838554
ATAC_PPP1R12A-AS1,-0.0010877977,0.17144857,0.1876833,-0.0037049602,0.100572705,-0.006372791,0.138077,-0.0038450004,-0.0021608365,-0.0012187964,-4.3637752e-05,0.3198309,-0.0024792808,-0.005549662,-0.0030374709,-0.008838554
ATAC_PPP1R14B-AS1,-0.0010877977,0.17144857,0.1876833,-0.0037049602,0.100572705,-0.006372791,0.138077,-0.0038450004,-0.0021608365,-0.0012187964,-4.3637752e-05,0.3198309,-0.0024792808,-0.005549662,-0.0030374709,-0.008838554
ATAC_PPP1R36,-0.0010866908,0.17141344,0.18764763,-0.0037059127,0.100545496,-0.0063722543,0.13789329,-0.0038468975,-0.0021582644,-0.0012180605,-4.4480857e-05,0.3197527,-0.0024808592,-0.0055512474,-0.0030392453,-0.008838414
ATAC_PPP1R9A,-0.0010877977,0.17144857,0.1876833,-0.0037049602,0.100572705,-0.006372791,0.138077,-0.0038450004,-0.0021608365,-0.0012187964,-4.3637752e-05,0.3198309,-0.0024792808,-0.005549662,-0.0030374709,-0.008838554
ATAC_PPP2R3B,-0.0010877977,0.17144857,0.1876833,-0.0037049602,0.100572705,-0.006372791,0.138077,-0.0038450004,-0.0021608365,-0.0012187964,-4.3637752e-05,0.3198309,-0.0024792808,-0.005549662,-0.0030374709,-0.008838554
ATAC_PPP4R1-AS1,-0.0010865488,0.17175163,0.18747623,-0.0037047737,0.10026294,-0.0063729724,0.13824922,-0.003848189,-0.0021626852,-0.0012217545,-4.1193365e-05,0.32011133,-0.0024821549,-0.00554896,-0.0030339363,-0.008839902
ATAC_PRAG1,-0.0010877977,0.17144857,0.1876833,-0.0037049602,0.100572705,-0.006372791,0.138077,-0.0038450004,-0.0021608365,-0.0012187964,-4.3637752e-05,0.3198309,-0.0024792808,-0.005549662,-0.0030374709,-0.008838554
ATAC_PRAME,-0.001507132,0.18077923,0.09198336,-0.0031377012,0.113401845,-0.006761426,0.07194908,-0.0030462826,-0.0031032118,-0.0022621867,-0.00018653348,0.23050334,-0.0028791283,-0.005205046,-0.0033815864,-0.008723939
ATAC_PRDM1,-0.0010877977,0.17144857,0.1876833,-0.0037049602,0.100572705,-0.006372791,0.138077,-0.0038450004,-0.0021608365,-0.0012187964,-4.3637752e-05,0.3198309,-0.0024792808,-0.005549662,-0.0030374709,-0.008838554
ATAC_PREPL,-0.0010877977,0.17144857,0.1876833,-0.0037049602,0.100572705,-0.006372791,0.138077,-0.0038450004,-0.0021608365,-0.0012187964,-4.3637752e-05,0.3198309,-0.0024792808,-0.005549662,-0.0030374709,-0.008838554
ATAC_PREX2,-0.0010877977,0.17144857,0.1876833,-0.0037049602,0.100572705,-0.006372791,0.138077,-0.0038450004,-0.0021608365,-0.0012187964,-4.3637752e-05,0.3198309,-0.0024792808,-0.005549662,-0.0030374709,-0.008838554
ATAC_PRF1,-0.00093042135,0.2348218,0.23366047,-0.0033318293,0.056905776,-0.0067872885,0.060367078,-0.0033510828,-0.0021420114,-0.0019415858,-0.0003128761,0.2628999,-0.0030468786,-0.005736252,-0.0021482417,-0.007875979
ATAC_PRICKLE4,-0.0010877977,0.17144857,0.1876833,-0.0037049602,0.100572705,-0.006372791,0.138077,-0.0038450004,-0.0021608365,-0.0012187964,-4.3637752e-05,0.3198309,-0.0024792808,-0.005549662,-0.0030374709,-0.008838554
ATAC_PRIM2,-0.0010877977,0.17144857,0.1876833,-0.0037049602,0.100572705,-0.006372791,0.138077,-0.0038450004,-0.0021608365,-0.0012187964,-4.3637752e-05,0.3198309,-0.0024792808,-0.005549662,-0.0030374709,-0.008838554
ATAC_PRKAR1B,-0.0010877977,0.17144857,0.1876833,-0.0037049602,0.100572705,-0.006372791,0.138077,-0.0038450004,-0.0021608365,-0.0012187964,-4.3637752e-05,0.3198309,-0.0024792808,-0.005549662,-0.0030374709,-0.008838554
ATAC_PRKCA-AS1,-0.0010877977,0.17144857,0.1876833,-0.0037049602,0.100572705,-0.006372791,0.138077,-0.0038450004,-0.0021608365,-0.0012187964,-4.3637752e-05,0.3198309,-0.0024792808,-0.005549662,-0.0030374709,-0.008838554
ATAC_PRKCG,-0.0010877977,0.17144857,0.1876833,-0.0037049602,0.100572705,-0.006372791,0.138077,-0.0038450004,-0.0021608365,-0.0012187964,-4.3637752e-05,0.3198309,-0.0024792808,-0.005549662,-0.0030374709,-0.008838554
ATAC_PRKCQ-AS1,-0.0010877977,0.17144857,0.1876833,-0.0037049602,0.100572705,-0.006372791,0.138077,-0.0038450004,-0.0021608365,-0.0012187964,-4.3637752e-05,0.3198309,-0.0024792808,-0.005549662,-0.0030374709,-0.008838554
ATAC_PRKD2,-0.0010877977,0.17144857,0.1876833,-0.0037049602,0.100572705,-0.006372791,0.138077,-0.0038450004,-0.0021608365,-0.0012187964,-4.3637752e-05,0.3198309,-0.0024792808,-0.005549662,-0.0030374709,-0.008838554
ATAC_PRKN,-0.0010877977,0.17144857,0.1876833,-0.0037049602,0.100572705,-0.006372791,0.138077,-0.0038450004,-0.0021608365,-0.0012187964,-4.3637752e-05,0.3198309,-0.0024792808,-0.005549662,-0.0030374709,-0.008838554
ATAC_PRKRIP1,-0.0010877977,0.17144857,0.1876833,-0.0037049602,0.100572705,-0.006372791,0.138077,-0.0038450004,-0.0021608365,-0.0012187964,-4.3637752e-05,0.3198309,-0.0024792808,-0.005549662,-0.0030374709,-0.008838554
ATAC_PRKX,-0.0010877977,0.17144857,0.1876833,-0.0037049602,0.100572705,-0.006372791,0.138077,-0.0038450004,-0.0021608365,-0.0012187964,-4.3637752e-05,0.3198309,-0.0024792808,-0.005549662,-0.0030374709,-0.008838554
ATAC_PRORP,-0.0010877977,0.17144857,0.1876833,-0.0037049602,0.100572705,-0.006372791,0.138077,-0.0038450004,-0.0021608365,-0.0012187964,-4.3637752e-05,0.3198309,-0.0024792808,-0.005549662,-0.0030374709,-0.008838554
ATAC_PROS1,-0.0010877977,0.17144857,0.1876833,-0.0037049602,0.100572705,-0.006372791,0.138077,-0.0038450004,-0.0021608365,-0.0012187964,-4.3637752e-05,0.3198309,-0.0024792808,-0.005549662,-0.0030374709,-0.008838554
ATAC_PROX2,-0.0010921574,0.17122777,0.18717916,-0.0037018275,0.100231886,-0.006369981,0.13741207,-0.0038436772,-0.0021610826,-0.0012123802,-4.996702e-05,0.3197165,-0.002474861,-0.005556675,-0.0030345058,-0.008831642
ATAC_PRR3,-0.0010877977,0.17144857,0.1876833,-0.0037049602,0.100572705,-0.006372791,0.138077,-0.0038450004,-0.0021608365,-0.0012187964,-4.3637752e-05,0.3198309,-0.0024792808,-0.005549662,-0.0030374709,-0.008838554
ATAC_PRR5,-0.0010877977,0.17144857,0.1876833,-0.0037049602,0.100572705,-0.006372791,0.138077,-0.0038450004,-0.0021608365,-0.0012187964,-4.3637752e-05,0.3198309,-0.0024792808,-0.005549662,-0.0030374709,-0.008838554
ATAC_PRR5L,-0.0010877977,0.17144857,0.1876833,-0.0037049602,0.100572705,-0.006372791,0.138077,-0.0038450004,-0.0021608365,-0.0012187964,-4.3637752e-05,0.3198309,-0.0024792808,-0.005549662,-0.0030374709,-0.008838554
ATAC_PRRG2,-0.0010877977,0.17144857,0.1876833,-0.0037049602,0.100572705,-0.006372791,0.138077,-0.0038450004,-0.0021608365,-0.0012187964,-4.3637752e-05,0.3198309,-0.0024792808,-0.005549662,-0.0030374709,-0.008838554
ATAC_PRRT2,-0.0010877977,0.17144857,0.1876833,-0.0037049602,0.100572705,-0.006372791,0.138077,-0.0038450004,-0.0021608365,-0.0012187964,-4.3637752e-05,0.3198309,-0.0024792808,-0.005549662,-0.0030374709,-0.008838554
ATAC_PRRT4,-0.0010877977,0.17144857,0.1876833,-0.0037049602,0.100572705,-0.006372791,0.138077,-0.0038450004,-0.0021608365,-0.0012187964,-4.3637752e-05,0.3198309,-0.0024792808,-0.005549662,-0.0030374709,-0.008838554
ATAC_PRSS22,-0.0010865865,0.17132783,0.18773906,-0.0037042361,0.10051662,-0.006373171,0.13807106,-0.003844433,-0.0021615266,-0.0012198209,-4.311681e-05,0.31986457,-0.0024797171,-0.005550358,-0.0030363512,-0.008839263
ATAC_PRSS35,-0.0010877977,0.17144857,0.1876833,-0.0037049602,0.100572705,-0.006372791,0.138077,-0.0038450004,-0.0021608365,-0.0012187964,-4.3637752e-05,0.3198309,-0.0024792808,-0.005549662,-0.0030374709,-0.008838554
ATAC_PRSS38,-0.0010877977,0.17144857,0.1876833,-0.0037049602,0.100572705,-0.006372791,0.138077,-0.0038450004,-0.0021608365,-0.0012187964,-4.3637752e-05,0.3198309,-0.0024792808,-0.005549662,-0.0030374709,-0.008838554
ATAC_PRTG,-0.0010877977,0.17144857,0.1876833,-0.0037049602,0.100572705,-0.006372791,0.138077,-0.0038450004,-0.0021608365,-0.0012187964,-4.3637752e-05,0.3198309,-0.0024792808,-0.005549662,-0.0030374709,-0.008838554
ATAC_PSD2-AS1,-0.0010877977,0.17144857,0.1876833,-0.0037049602,0.100572705,-0.006372791,0.138077,-0.0038450004,-0.0021608365,-0.0012187964,-4.3637752e-05,0.3198309,-0.0024792808,-0.005549662,-0.0030374709,-0.008838554
ATAC_PSD4,-0.0010877977,0.17144857,0.1876833,-0.0037049602,0.100572705,-0.006372791,0.138077,-0.0038450004,-0.0021608365,-0.0012187964,-4.3637752e-05,0.3198309,-0.0024792808,-0.005549662,-0.0030374709,-0.008838554
ATAC_PSMD5,-0.0010877977,0.17144857,0.1876833,-0.0037049602,0.100572705,-0.006372791,0.138077,-0.0038450004,-0.0021608365,-0.0012187964,-4.3637752e-05,0.3198309,-0.0024792808,-0.005549662,-0.0030374709,-0.008838554
ATAC_PSORS1C1,-0.0010877977,0.17144857,0.1876833,-0.0037049602,0.100572705,-0.006372791,0.138077,-0.0038450004,-0.0021608365,-0.0012187964,-4.3637752e-05,0.3198309,-0.0024792808,-0.005549662,-0.0030374709,-0.008838554
ATAC_PTCH1,-0.0010877977,0.17144857,0.1876833,-0.0037049602,0.100572705,-0.006372791,0.138077,-0.0038450004,-0.0021608365,-0.0012187964,-4.3637752e-05,0.3198309,-0.0024792808,-0.005549662,-0.0030374709,-0.008838554
ATAC_PTCH2,-0.0010877977,0.17144857,0.1876833,-0.0037049602,0.100572705,-0.006372791,0.138077,-0.0038450004,-0.0021608365,-0.0012187964,-4.3637752e-05,0.3198309,-0.0024792808,-0.005549662,-0.0030374709,-0.008838554
ATAC_PTGDR,-0.0010877977,0.17144857,0.1876833,-0.0037049602,0.100572705,-0.006372791,0.138077,-0.0038450004,-0.0021608365,-0.0012187964,-4.3637752e-05,0.3198309,-0.0024792808,-0.005549662,-0.0030374709,-0.008838554
ATAC_PTGDS,-0.0010877977,0.17144857,0.1876833,-0.0037049602,0.100572705,-0.006372791,0.138077,-0.0038450004,-0.0021608365,-0.0012187964,-4.3637752e-05,0.3198309,-0.0024792808,-0.005549662,-0.0030374709,-0.008838554
ATAC_PTH2,-0.0011671075,0.14843172,0.16338821,-0.003698116,0.07114078,-0.0063557927,0.11208819,-0.003480601,-0.0025679201,-0.0016585044,0.035571404,0.33928636,-0.0019252391,-0.0054985806,-0.003232858,-0.009082847
ATAC_PTOV1-AS1,-0.0010087709,0.1689938,0.18310411,-0.0037119465,0.10461819,-0.0064370716,0.12895915,-0.00390555,-0.0020991147,-0.0013152703,-9.14064e-05,0.31548157,-0.0023695433,-0.00561105,-0.003098632,-0.00880173
ATAC_PTPN12,-0.0010877977,0.17144857,0.1876833,-0.0037049602,0.100572705,-0.006372791,0.138077,-0.0038450004,-0.0021608365,-0.0012187964,-4.3637752e-05,0.3198309,-0.0024792808,-0.005549662,-0.0030374709,-0.008838554
ATAC_PTPN22,-0.0010877977,0.17144857,0.1876833,-0.0037049602,0.100572705,-0.006372791,0.138077,-0.0038450004,-0.0021608365,-0.0012187964,-4.3637752e-05,0.3198309,-0.0024792808,-0.005549662,-0.0030374709,-0.008838554
ATAC_PTPN7,-0.0010877977,0.17144857,0.1876833,-0.0037049602,0.100572705,-0.006372791,0.138077,-0.0038450004,-0.0021608365,-0.0012187964,-4.3637752e-05,0.3198309,-0.0024792808,-0.005549662,-0.0030374709,-0.008838554
ATAC_PTPRG,-0.0010877977,0.17144857,0.1876833,-0.0037049602,0.100572705,-0.006372791,0.138077,-0.0038450004,-0.0021608365,-0.0012187964,-4.3637752e-05,0.3198309,-0.0024792808,-0.005549662,-0.0030374709,-0.008838554
ATAC_PTPRK,-0.0010877977,0.17144857,0.1876833,-0.0037049602,0.100572705,-0.006372791,0.138077,-0.0038450004,-0.0021608365,-0.0012187964,-4.3637752e-05,0.3198309,-0.0024792808,-0.005549662,-0.0030374709,-0.008838554
ATAC_PTPRM,-0.0010865488,0.17175163,0.18747623,-0.0037047737,0.10026294,-0.0063729724,0.13824922,-0.003848189,-0.0021626852,-0.0012217545,-4.1193365e-05,0.32011133,-0.0024821549,-0.00554896,-0.0030339363,-0.008839902
ATAC_PURA,-0.0010877977,0.17144857,0.1876833,-0.0037049602,0.100572705,-0.006372791,0.138077,-0.0038450004,-0.0021608365,-0.0012187964,-4.3637752e-05,0.3198309,-0.0024792808,-0.005549662,-0.0030374709,-0.008838554
ATAC_PWWP3A,-0.0010877977,0.17144857,0.1876833,-0.0037049602,0.100572705,-0.006372791,0.138077,-0.0038450004,-0.0021608365,-0.0012187964,-4.3637752e-05,0.3198309,-0.0024792808,-0.005549662,-0.0030374709,-0.008838554
ATAC_PYHIN1,-0.0010877977,0.17144857,0.1876833,-0.0037049602,0.100572705,-0.006372791,0.138077,-0.0038450004,-0.0021608365,-0.0012187964,-4.3637752e-05,0.3198309,-0.0024792808,-0.005549662,-0.0030374709,-0.008838554
ATAC_RAB11FIP3,-0.0010877977,0.17144857,0.1876833,-0.0037049602,0.100572705,-0.006372791,0.138077,-0.0038450004,-0.0021608365,-0.0012187964,-4.3637752e-05,0.3198309,-0.0024792808,-0.005549662,-0.0030374709,-0.008838554
ATAC_RAB17,0.03431277,0.040421046,0.23776652,-0.0037278633,0.05029433,-0.005605338,0.24547558,-0.005074939,-0.0031404165,-0.00063511956,-0.0006497684,0.35081488,-0.0024347692,-0.005445791,-0.0030489166,-0.0073359087
ATAC_RAB26,-0.0010877977,0.17144857,0.1876833,-0.0037049602,0.100572705,-0.006372791,0.138077,-0.0038450004,-0.0021608365,-0.0012187964,-4.3637752e-05,0.3198309,-0.0024792808,-0.005549662,-0.0030374709,-0.008838554
ATAC_RAB27B,-0.0010877977,0.17144857,0.1876833,-0.0037049602,0.100572705,-0.006372791,0.138077,-0.0038450004,-0.0021608365,-0.0012187964,-4.3637752e-05,0.3198309,-0.0024792808,-0.005549662,-0.0030374709,-0.008838554
ATAC_RAB30-DT,-0.0010848372,0.17132986,0.18764044,-0.0037010692,0.10097494,-0.0063760863,0.1385001,-0.0038393675,-0.0021517952,-0.0012190965,-5.030766e-05,0.31958944,-0.0024729313,-0.0055396515,-0.0030224856,-0.008840656
ATAC_RAB3IL1,-0.0024040863,0.1415207,0.17432056,-0.003298131,0.127027,-0.004778313,0.2203616,-0.0031392372,-0.002130174,-5.4818538e-05,0.09923667,0.44896266,-0.0011292415,-0.0056587597,-0.0022980506,-0.008635947
ATAC_RAB9B,-0.0010877977,0.17144857,0.1876833,-0.0037049602,0.100572705,-0.006372791,0.138077,-0.0038450004,-0.0021608365,-0.0012187964,-4.3637752e-05,0.3198309,-0.0024792808,-0.005549662,-0.0030374709,-0.008838554
ATAC_RABEP2,-0.0010877977,0.17144857,0.1876833,-0.0037049602,0.100572705,-0.006372791,0.138077,-0.0038450004,-0.0021608365,-0.0012187964,-4.3637752e-05,0.3198309,-0.0024792808,-0.005549662,-0.0030374709,-0.008838554
ATAC_RABEPK,-0.0010877977,0.17144857,0.1876833,-0.0037049602,0.100572705,-0.006372791,0.138077,-0.0038450004,-0.0021608365,-0.0012187964,-4.3637752e-05,0.3198309,-0.0024792808,-0.005549662,-0.0030374709,-0.008838554
ATAC_RABGAP1L-DT,-0.0010877977,0.17144857,0.1876833,-0.0037049602,0.100572705,-0.006372791,0.138077,-0.0038450004,-0.0021608365,-0.0012187964,-4.3637752e-05,0.3198309,-0.0024792808,-0.005549662,-0.0030374709,-0.008838554
ATAC_RAC3,-0.0010087709,0.1689938,0.18310411,-0.0037119465,0.10461819,-0.0064370716,0.12895915,-0.00390555,-0.0020991147,-0.0013152703,-9.14064e-05,0.31548157,-0.0023695433,-0.00561105,-0.003098632,-0.00880173
ATAC_RAD23B,-0.0010877977,0.17144857,0.1876833,-0.0037049602,0.100572705,-0.006372791,0.138077,-0.0038450004,-0.0021608365,-0.0012187964,-4.3637752e-05,0.3198309,-0.0024792808,-0.005549662,-0.0030374709,-0.008838554
ATAC_RAD51-AS1,-0.0010877977,0.17144857,0.1876833,-0.0037049602,0.100572705,-0.006372791,0.138077,-0.0038450004,-0.0021608365,-0.0012187964,-4.3637752e-05,0.3198309,-0.0024792808,-0.005549662,-0.0030374709,-0.008838554
ATAC_RAD9A,-0.0010877977,0.17144857,0.1876833,-0.0037049602,0.100572705,-0.006372791,0.138077,-0.0038450004,-0.0021608365,-0.0012187964,-4.3637752e-05,0.3198309,-0.0024792808,-0.005549662,-0.0030374709,-0.008838554
ATAC_RADIL,-0.0010877977,0.17144857,0.1876833,-0.0037049602,0.100572705,-0.006372791,0.138077,-0.0038450004,-0.0021608365,-0.0012187964,-4.3637752e-05,0.3198309,-0.0024792808,-0.005549662,-0.0030374709,-0.008838554
ATAC_RADX,-0.0010854688,0.1711931,0.18703876,-0.0036925934,0.10176022,-0.0063687433,0.13710022,-0.0038363712,-0.00216816,-0.0012107297,-5.571574e-05,0.31890267,-0.002474257,-0.00555305,-0.0030352746,-0.00882335
ATAC_RALGDS,-0.0010877025,0.17143157,0.18762662,-0.0037047588,0.100559175,-0.006372378,0.13808808,-0.0038446714,-0.0021609736,-0.0012192121,-4.4115484e-05,0.31978244,-0.0024791057,-0.005549787,-0.003037439,-0.008838984
ATAC_RALY-AS1,-0.0010877977,0.17144857,0.1876833,-0.0037049602,0.100572705,-0.006372791,0.138077,-0.0038450004,-0.0021608365,-0.0012187964,-4.3637752e-05,0.3198309,-0.0024792808,-0.005549662,-0.0030374709,-0.008838554
ATAC_RAMP1,-0.0010877977,0.17144857,0.1876833,-0.0037049602,0.100572705,-0.006372791,0.138077,-0.0038450004,-0.0021608365,-0.0012187964,-4.3637752e-05,0.3198309,-0.0024792808,-0.005549662,-0.0030374709,-0.008838554
ATAC_RASAL3,-0.0010877977,0.17144857,0.1876833,-0.0037049602,0.100572705,-0.006372791,0.138077,-0.0038450004,-0.0021608365,-0.0012187964,-4.3637752e-05,0.3198309,-0.0024792808,-0.005549662,-0.0030374709,-0.008838554
ATAC_RASGEF1A,-0.0010877977,0.17144857,0.1876833,-0.0037049602,0.100572705,-0.006372791,0.138077,-0.0038450004,-0.0021608365,-0.0012187964,-4.3637752e-05,0.3198309,-0.0024792808,-0.005549662,-0.0030374709,-0.008838554
ATAC_RASGRF2,-0.001085407,0.17205968,0.18749638,-0.003699575,0.09980859,-0.0063624983,0.13736963,-0.0038411943,-0.002152097,-0.0012119242,-4.73845e-05,0.31911975,-0.0024809137,-0.005560232,-0.0030426607,-0.00884221
ATAC_RASIP1,-0.0010877977,0.17144857,0.1876833,-0.0037049602,0.100572705,-0.006372791,0.138077,-0.0038450004,-0.0021608365,-0.0012187964,-4.3637752e-05,0.3198309,-0.0024792808,-0.005549662,-0.0030374709,-0.008838554
ATAC_RASL11B,-0.0010877977,0.17144857,0.1876833,-0.0037049602,0.100572705,-0.006372791,0.138077,-0.0038450004,-0.0021608365,-0.0012187964,-4.3637752e-05,0.3198309,-0.0024792808,-0.005549662,-0.0030374709,-0.008838554
ATAC_RASSF1-AS1,-0.0010827201,0.17221534,0.18773453,-0.0037098299,0.09967679,-0.006372278,0.1379404,-0.0038487294,-0.0021521854,-0.001214117,-4.2605698e-05,0.3190115,-0.0024717343,-0.005547055,-0.003045626,-0.0088465875
ATAC_RB1-DT,-0.0010877977,0.17144857,0.1876833,-0.0037049602,0.100572705,-0.006372791,0.138077,-0.0038450004,-0.0021608365,-0.0012187964,-4.3637752e-05,0.3198309,-0.0024792808,-0.005549662,-0.0030374709,-0.008838554
ATAC_RBIS,-0.0010812284,0.17206752,0.1869087,-0.0037084287,0.099853896,-0.0063710767,0.1390107,-0.003842992,-0.002157719,-0.0012157192,-4.562378e-05,0.31905007,-0.0024816594,-0.0055461396,-0.003040055,-0.008826789
ATAC_RBL1,-0.00086878025,0.13297671,0.1953061,-0.0037054007,0.09132304,-0.0061247097,0.1678289,-0.0037718385,-0.0017242831,-0.0013315682,-0.00016426771,0.31021953,-0.0023178183,-0.005418307,-0.0034319286,-0.008577738
ATAC_RBM38,-0.0010877977,0.17144857,0.1876833,-0.0037049602,0.100572705,-0.006372791,0.138077,-0.0038450004,-0.0021608365,-0.0012187964,-4.3637752e-05,0.3198309,-0.0024792808,-0.005549662,-0.0030374709,-0.008838554
ATAC_RBM48,-0.001507132,0.18077923,0.09198336,-0.0031377012,0.113401845,-0.006761426,0.07194908,-0.0030462826,-0.0031032118,-0.0022621867,-0.00018653348,0.23050334,-0.0028791283,-0.005205046,-0.0033815864,-0.008723939
ATAC_RBP4,-0.0010854688,0.1711931,0.18703876,-0.0036925934,0.10176022,-0.0063687433,0.13710022,-0.0038363712,-0.00216816,-0.0012107297,-5.571574e-05,0.31890267,-0.002474257,-0.00555305,-0.0030352746,-0.00882335
ATAC_RCAN3,-0.0011537647,0.16816655,0.1970344,-0.003797574,0.09833139,-0.0063705854,0.122163825,-0.0039042453,-0.0022116425,-0.0011011281,0.00419046,0.32505834,-0.002397596,-0.005446845,-0.0031328867,-0.0088060945
ATAC_RCAN3AS,-0.0010877977,0.17144857,0.1876833,-0.0037049602,0.100572705,-0.006372791,0.138077,-0.0038450004,-0.0021608365,-0.0012187964,-4.3637752e-05,0.3198309,-0.0024792808,-0.005549662,-0.0030374709,-0.008838554
ATAC_RDH12,-0.0010866908,0.17141344,0.18764763,-0.0037059127,0.100545496,-0.0063722543,0.13789329,-0.0038468975,-0.0021582644,-0.0012180605,-4.4480857e-05,0.3197527,-0.0024808592,-0.0055512474,-0.0030392453,-0.008838414
ATAC_REST,-0.0010877977,0.17144857,0.1876833,-0.0037049602,0.100572705,-0.006372791,0.138077,-0.0038450004,-0.0021608365,-0.0012187964,-4.3637752e-05,0.3198309,-0.0024792808,-0.005549662,-0.0030374709,-0.008838554
ATAC_REXO1,-0.0010877977,0.17144857,0.1876833,-0.0037049602,0.100572705,-0.006372791,0.138077,-0.0038450004,-0.0021608365,-0.0012187964,-4.3637752e-05,0.3198309,-0.0024792808,-0.005549662,-0.0030374709,-0.008838554
ATAC_REXO4,-0.0010877977,0.17144857,0.1876833,-0.0037049602,0.100572705,-0.006372791,0.138077,-0.0038450004,-0.0021608365,-0.0012187964,-4.3637752e-05,0.3198309,-0.0024792808,-0.005549662,-0.0030374709,-0.008838554
ATAC_RGL2,-0.0010877977,0.17144857,0.1876833,-0.0037049602,0.100572705,-0.006372791,0.138077,-0.0038450004,-0.0021608365,-0.0012187964,-4.3637752e-05,0.3198309,-0.0024792808,-0.005549662,-0.0030374709,-0.008838554
ATAC_RGS1,-0.0010865488,0.17175163,0.18747623,-0.0037047737,0.10026294,-0.0063729724,0.13824922,-0.003848189,-0.0021626852,-0.0012217545,-4.1193365e-05,0.32011133,-0.0024821549,-0.00554896,-0.0030339363,-0.008839902
ATAC_RGS10,-0.0010877977,0.17144857,0.1876833,-0.0037049602,0.100572705,-0.006372791,0.138077,-0.0038450004,-0.0021608365,-0.0012187964,-4.3637752e-05,0.3198309,-0.0024792808,-0.005549662,-0.0030374709,-0.008838554
ATAC_RGS16,-0.0010877977,0.17144857,0.1876833,-0.0037049602,0.100572705,-0.006372791,0.138077,-0.0038450004,-0.0021608365,-0.0012187964,-4.3637752e-05,0.3198309,-0.0024792808,-0.005549662,-0.0030374709,-0.008838554
ATAC_RGS3,-0.0010854688,0.1711931,0.18703876,-0.0036925934,0.10176022,-0.0063687433,0.13710022,-0.0038363712,-0.00216816,-0.0012107297,-5.571574e-05,0.31890267,-0.002474257,-0.00555305,-0.0030352746,-0.00882335
ATAC_RGS6,-0.0010877977,0.17144857,0.1876833,-0.0037049602,0.100572705,-0.006372791,0.138077,-0.0038450004,-0.0021608365,-0.0012187964,-4.3637752e-05,0.3198309,-0.0024792808,-0.005549662,-0.0030374709,-0.008838554
ATAC_RGS7,-0.0010877977,0.17144857,0.1876833,-0.0037049602,0.100572705,-0.006372791,0.138077,-0.0038450004,-0.0021608365,-0.0012187964,-4.3637752e-05,0.3198309,-0.0024792808,-0.005549662,-0.0030374709,-0.008838554
ATAC_RGS9,-0.0010877977,0.17144857,0.1876833,-0.0037049602,0.100572705,-0.006372791,0.138077,-0.0038450004,-0.0021608365,-0.0012187964,-4.3637752e-05,0.3198309,-0.0024792808,-0.005549662,-0.0030374709,-0.008838554
ATAC_RHBDD1,-0.001507132,0.18077923,0.09198336,-0.0031377012,0.113401845,-0.006761426,0.07194908,-0.0030462826,-0.0031032118,-0.0022621867,-0.00018653348,0.23050334,-0.0028791283,-0.005205046,-0.0033815864,-0.008723939
ATAC_RHCE,-0.0010877977,0.17144857,0.1876833,-0.0037049602,0.100572705,-0.006372791,0.138077,-0.0038450004,-0.0021608365,-0.0012187964,-4.3637752e-05,0.3198309,-0.0024792808,-0.005549662,-0.0030374709,-0.008838554
ATAC_RHO,-0.0011671075,0.14843172,0.16338821,-0.003698116,0.07114078,-0.0063557927,0.11208819,-0.003480601,-0.0025679201,-0.0016585044,0.035571404,0.33928636,-0.0019252391,-0.0054985806,-0.003232858,-0.009082847
ATAC_RHOT2,-0.0010877977,0.17144857,0.1876833,-0.0037049602,0.100572705,-0.006372791,0.138077,-0.0038450004,-0.0021608365,-0.0012187964,-4.3637752e-05,0.3198309,-0.0024792808,-0.005549662,-0.0030374709,-0.008838554
ATAC_RHOXF1,-0.0010877977,0.17144857,0.1876833,-0.0037049602,0.100572705,-0.006372791,0.138077,-0.0038450004,-0.0021608365,-0.0012187964,-4.3637752e-05,0.3198309,-0.0024792808,-0.005549662,-0.0030374709,-0.008838554
ATAC_RHPN1-AS1,-0.0010877977,0.17144857,0.1876833,-0.0037049602,0.100572705,-0.006372791,0.138077,-0.0038450004,-0.0021608365,-0.0012187964,-4.3637752e-05,0.3198309,-0.0024792808,-0.005549662,-0.0030374709,-0.008838554
ATAC_RIF1,-0.0010877977,0.17144857,0.1876833,-0.0037049602,0.100572705,-0.006372791,0.138077,-0.0038450004,-0.0021608365,-0.0012187964,-4.3637752e-05,0.3198309,-0.0024792808,-0.005549662,-0.0030374709,-0.008838554
ATAC_RILPL1,-0.0010877977,0.17144857,0.1876833,-0.0037049602,0.100572705,-0.006372791,0.138077,-0.0038450004,-0.0021608365,-0.0012187964,-4.3637752e-05,0.3198309,-0.0024792808,-0.005549662,-0.0030374709,-0.008838554
ATAC_RIMKLB,-0.0010877977,0.17144857,0.1876833,-0.0037049602,0.100572705,-0.006372791,0.138077,-0.0038450004,-0.0021608365,-0.0012187964,-4.3637752e-05,0.3198309,-0.0024792808,-0.005549662,-0.0030374709,-0.008838554
ATAC_RN7SL832P,-0.0010877977,0.17144857,0.1876833,-0.0037049602,0.100572705,-0.006372791,0.138077,-0.0038450004,-0.0021608365,-0.0012187964,-4.3637752e-05,0.3198309,-0.0024792808,-0.005549662,-0.0030374709,-0.008838554
ATAC_RNASE11,-0.0010877977,0.17144857,0.1876833,-0.0037049602,0.100572705,-0.006372791,0.138077,-0.0038450004,-0.0021608365,-0.0012187964,-4.3637752e-05,0.3198309,-0.0024792808,-0.005549662,-0.0030374709,-0.008838554
ATAC_RNASEH2A,-0.00011525307,0.21193922,-0.0006820097,-0.0013277361,0.19604157,-0.0043228893,0.10984956,-0.0021005783,-0.0007457872,0.020315722,0.08342436,0.14319298,-0.0013603283,-0.0031026122,-0.0015286228,-0.005758587
ATAC_RNF113A,-0.001507132,0.18077923,0.09198336,-0.0031377012,0.113401845,-0.006761426,0.07194908,-0.0030462826,-0.0031032118,-0.0022621867,-0.00018653348,0.23050334,-0.0028791283,-0.005205046,-0.0033815864,-0.008723939
ATAC_RNF115,-0.0010877977,0.17144857,0.1876833,-0.0037049602,0.100572705,-0.006372791,0.138077,-0.0038450004,-0.0021608365,-0.0012187964,-4.3637752e-05,0.3198309,-0.0024792808,-0.005549662,-0.0030374709,-0.008838554
ATAC_RNF125,-0.0010877977,0.17144857,0.1876833,-0.0037049602,0.100572705,-0.006372791,0.138077,-0.0038450004,-0.0021608365,-0.0012187964,-4.3637752e-05,0.3198309,-0.0024792808,-0.005549662,-0.0030374709,-0.008838554
ATAC_RNF126,-0.0010877977,0.17144857,0.1876833,-0.0037049602,0.100572705,-0.006372791,0.138077,-0.0038450004,-0.0021608365,-0.0012187964,-4.3637752e-05,0.3198309,-0.0024792808,-0.005549662,-0.0030374709,-0.008838554
ATAC_RNF144A,-0.0010877977,0.17144857,0.1876833,-0.0037049602,0.100572705,-0.006372791,0.138077,-0.0038450004,-0.0021608365,-0.0012187964,-4.3637752e-05,0.3198309,-0.0024792808,-0.005549662,-0.0030374709,-0.008838554
ATAC_RNF157,-0.0010827201,0.17221534,0.18773453,-0.0037098299,0.09967679,-0.006372278,0.1379404,-0.0038487294,-0.0021521854,-0.001214117,-4.2605698e-05,0.3190115,-0.0024717343,-0.005547055,-0.003045626,-0.0088465875
ATAC_RNF165,-0.0010877977,0.17144857,0.1876833,-0.0037049602,0.100572705,-0.006372791,0.138077,-0.0038450004,-0.0021608365,-0.0012187964,-4.3637752e-05,0.3198309,-0.0024792808,-0.005549662,-0.0030374709,-0.008838554
ATAC_RNF169,-0.0010877977,0.17144857,0.1876833,-0.0037049602,0.100572705,-0.006372791,0.138077,-0.0038450004,-0.0021608365,-0.0012187964,-4.3637752e-05,0.3198309,-0.0024792808,-0.005549662,-0.0030374709,-0.008838554
ATAC_RNF34,-0.0010877977,0.17144857,0.1876833,-0.0037049602,0.100572705,-0.006372791,0.138077,-0.0038450004,-0.0021608365,-0.0012187964,-4.3637752e-05,0.3198309,-0.0024792808,-0.005549662,-0.0030374709,-0.008838554
ATAC_RNF43,-0.0010877977,0.17144857,0.1876833,-0.0037049602,0.100572705,-0.006372791,0.138077,-0.0038450004,-0.0021608365,-0.0012187964,-4.3637752e-05,0.3198309,-0.0024792808,-0.005549662,-0.0030374709,-0.008838554
ATAC_RNFT1-DT,-0.0010877977,0.17144857,0.1876833,-0.0037049602,0.100572705,-0.006372791,0.138077,-0.0038450004,-0.0021608365,-0.0012187964,-4.3637752e-05,0.3198309,-0.0024792808,-0.005549662,-0.0030374709,-0.008838554
ATAC_RNLS,-0.0010877977,0.17144857,0.1876833,-0.0037049602,0.100572705,-0.006372791,0.138077,-0.0038450004,-0.0021608365,-0.0012187964,-4.3637752e-05,0.3198309,-0.0024792808,-0.005549662,-0.0030374709,-0.008838554
ATAC_ROBO3,-0.0010877977,0.17144857,0.1876833,-0.0037049602,0.100572705,-0.006372791,0.138077,-0.0038450004,-0.0021608365,-0.0012187964,-4.3637752e-05,0.3198309,-0.0024792808,-0.005549662,-0.0030374709,-0.008838554
ATAC_ROR2,-0.0010877977,0.17144857,0.1876833,-0.0037049602,0.100572705,-0.006372791,0.138077,-0.0038450004,-0.0021608365,-0.0012187964,-4.3637752e-05,0.3198309,-0.0024792808,-0.005549662,-0.0030374709,-0.008838554
ATAC_RORA-AS1,-0.0010877977,0.17144857,0.1876833,-0.0037049602,0.100572705,-0.006372791,0.138077,-0.0038450004,-0.0021608365,-0.0012187964,-4.3637752e-05,0.3198309,-0.0024792808,-0.005549662,-0.0030374709,-0.008838554
ATAC_RP1L1,-0.0010877977,0.17144857,0.1876833,-0.0037049602,0.100572705,-0.006372791,0.138077,-0.0038450004,-0.0021608365,-0.0012187964,-4.3637752e-05,0.3198309,-0.0024792808,-0.005549662,-0.0030374709,-0.008838554
ATAC_RPGRIP1L,-0.0010877977,0.17144857,0.1876833,-0.0037049602,0.100572705,-0.006372791,0.138077,-0.0038450004,-0.0021608365,-0.0012187964,-4.3637752e-05,0.3198309,-0.0024792808,-0.005549662,-0.0030374709,-0.008838554
ATAC_RPH3AL,-0.0010877977,0.17144857,0.1876833,-0.0037049602,0.100572705,-0.006372791,0.138077,-0.0038450004,-0.0021608365,-0.0012187964,-4.3637752e-05,0.3198309,-0.0024792808,-0.005549662,-0.0030374709,-0.008838554
ATAC_RRM2,-0.0010877977,0.17144857,0.1876833,-0.0037049602,0.100572705,-0.006372791,0.138077,-0.0038450004,-0.0021608365,-0.0012187964,-4.3637752e-05,0.3198309,-0.0024792808,-0.005549662,-0.0030374709,-0.008838554
ATAC_RSPH14,-0.0010877977,0.17144857,0.1876833,-0.0037049602,0.100572705,-0.006372791,0.138077,-0.0038450004,-0.0021608365,-0.0012187964,-4.3637752e-05,0.3198309,-0.0024792808,-0.005549662,-0.0030374709,-0.008838554
ATAC_RTKN2,-0.0010877977,0.17144857,0.1876833,-0.0037049602,0.100572705,-0.006372791,0.138077,-0.0038450004,-0.0021608365,-0.0012187964,-4.3637752e-05,0.3198309,-0.0024792808,-0.005549662,-0.0030374709,-0.008838554
ATAC_RTN4RL2,-0.0010865865,0.17132783,0.18773906,-0.0037042361,0.10051662,-0.006373171,0.13807106,-0.003844433,-0.0021615266,-0.0012198209,-4.311681e-05,0.31986457,-0.0024797171,-0.005550358,-0.0030363512,-0.008839263
ATAC_RTP5,-0.001507132,0.18077923,0.09198336,-0.0031377012,0.113401845,-0.006761426,0.07194908,-0.0030462826,-0.0031032118,-0.0022621867,-0.00018653348,0.23050334,-0.0028791283,-0.005205046,-0.0033815864,-0.008723939
ATAC_RTTN,-0.0010877977,0.17144857,0.1876833,-0.0037049602,0.100572705,-0.006372791,0.138077,-0.0038450004,-0.0021608365,-0.0012187964,-4.3637752e-05,0.3198309,-0.0024792808,-0.005549662,-0.0030374709,-0.008838554
ATAC_RUBCNL,-0.0024040863,0.1415207,0.17432056,-0.003298131,0.127027,-0.004778313,0.2203616,-0.0031392372,-0.002130174,-5.4818538e-05,0.09923667,0.44896266,-0.0011292415,-0.0056587597,-0.0022980506,-0.008635947
ATAC_RUNX2,-0.0010877977,0.17144857,0.1876833,-0.0037049602,0.100572705,-0.006372791,0.138077,-0.0038450004,-0.0021608365,-0.0012187964,-4.3637752e-05,0.3198309,-0.0024792808,-0.005549662,-0.0030374709,-0.008838554
ATAC_RWDD1,-0.0011537647,0.16816655,0.1970344,-0.003797574,0.09833139,-0.0063705854,0.122163825,-0.0039042453,-0.0022116425,-0.0011011281,0.00419046,0.32505834,-0.002397596,-0.005446845,-0.0031328867,-0.0088060945
ATAC_S100A12,-0.0010877977,0.17144857,0.1876833,-0.0037049602,0.100572705,-0.006372791,0.138077,-0.0038450004,-0.0021608365,-0.0012187964,-4.3637752e-05,0.3198309,-0.0024792808,-0.005549662,-0.0030374709,-0.008838554
ATAC_S100B,-0.0010877977,0.17144857,0.1876833,-0.0037049602,0.100572705,-0.006372791,0.138077,-0.0038450004,-0.0021608365,-0.0012187964,-4.3637752e-05,0.3198309,-0.0024792808,-0.005549662,-0.0030374709,-0.008838554
ATAC_S1PR1,-0.0010877977,0.17144857,0.1876833,-0.0037049602,0.100572705,-0.006372791,0.138077,-0.0038450004,-0.0021608365,-0.0012187964,-4.3637752e-05,0.3198309,-0.0024792808,-0.005549662,-0.0030374709,-0.008838554
ATAC_S1PR5,-0.0010877977,0.17144857,0.1876833,-0.0037049602,0.100572705,-0.006372791,0.138077,-0.0038450004,-0.0021608365,-0.0012187964,-4.3637752e-05,0.3198309,-0.0024792808,-0.005549662,-0.0030374709,-0.008838554
ATAC_SAMD11,-0.0010877977,0.17144857,0.1876833,-0.0037049602,0.100572705,-0.006372791,0.138077,-0.0038450004,-0.0021608365,-0.0012187964,-4.3637752e-05,0.3198309,-0.0024792808,-0.005549662,-0.0030374709,-0.008838554
ATAC_SARS2,-0.0010877977,0.17144857,0.1876833,-0.0037049602,0.100572705,-0.006372791,0.138077,-0.0038450004,-0.0021608365,-0.0012187964,-4.3637752e-05,0.3198309,-0.0024792808,-0.005549662,-0.0030374709,-0.008838554
ATAC_SBF1,-0.0010877977,0.17144857,0.1876833,-0.0037049602,0.100572705,-0.006372791,0.138077,-0.0038450004,-0.0021608365,-0.0012187964,-4.3637752e-05,0.3198309,-0.0024792808,-0.005549662,-0.0030374709,-0.008838554
ATAC_SCAI,-0.0010888542,0.17235915,0.18812059,-0.0036913478,0.100623675,-0.006379894,0.13929024,-0.003855944,-0.0021685609,-0.0012154165,-5.6066958e-05,0.31897217,-0.002493243,-0.005536244,-0.0030284035,-0.0088438485
ATAC_SCFD2,-0.0010877977,0.17144857,0.1876833,-0.0037049602,0.100572705,-0.006372791,0.138077,-0.0038450004,-0.0021608365,-0.0012187964,-4.3637752e-05,0.3198309,-0.0024792808,-0.005549662,-0.0030374709,-0.008838554
ATAC_SCLY,-0.0010877977,0.17144857,0.1876833,-0.0037049602,0.100572705,-0.006372791,0.138077,-0.0038450004,-0.0021608365,-0.0012187964,-4.3637752e-05,0.3198309,-0.0024792808,-0.005549662,-0.0030374709,-0.008838554
ATAC_SCN2A,-0.00086878025,0.13297671,0.1953061,-0.0037054007,0.09132304,-0.0061247097,0.1678289,-0.0037718385,-0.0017242831,-0.0013315682,-0.00016426771,0.31021953,-0.0023178183,-0.005418307,-0.0034319286,-0.008577738
ATAC_SCN5A,-0.0010877977,0.17144857,0.1876833,-0.0037049602,0.100572705,-0.006372791,0.138077,-0.0038450004,-0.0021608365,-0.0012187964,-4.3637752e-05,0.3198309,-0.0024792808,-0.005549662,-0.0030374709,-0.008838554
ATAC_SCOC-AS1,-0.0010877977,0.17144857,0.1876833,-0.0037049602,0.100572705,-0.006372791,0.138077,-0.0038450004,-0.0021608365,-0.0012187964,-4.3637752e-05,0.3198309,-0.0024792808,-0.005549662,-0.0030374709,-0.008838554
ATAC_SCUBE1,-0.0010869697,0.17164974,0.18753345,-0.003706244,0.100386135,-0.00637331,0.13789554,-0.003845286,-0.0021619624,-0.0012192393,-4.4535398e-05,0.31975633,-0.0024776226,-0.0055519105,-0.003038693,-0.0088396
ATAC_SDCBP2,-0.0010877977,0.17144857,0.1876833,-0.0037049602,0.100572705,-0.006372791,0.138077,-0.0038450004,-0.0021608365,-0.0012187964,-4.3637752e-05,0.3198309,-0.0024792808,-0.005549662,-0.0030374709,-0.008838554
ATAC_SDK2,-0.0010877977,0.17144857,0.1876833,-0.0037049602,0.100572705,-0.006372791,0.138077,-0.0038450004,-0.0021608365,-0.0012187964,-4.3637752e-05,0.3198309,-0.0024792808,-0.005549662,-0.0030374709,-0.008838554
ATAC_SDR42E2,-0.0010877977,0.17144857,0.1876833,-0.0037049602,0.100572705,-0.006372791,0.138077,-0.0038450004,-0.0021608365,-0.0012187964,-4.3637752e-05,0.3198309,-0.0024792808,-0.005549662,-0.0030374709,-0.008838554
ATAC_SEC14L2,-0.0010877977,0.17144857,0.1876833,-0.0037049602,0.100572705,-0.006372791,0.138077,-0.0038450004,-0.0021608365,-0.0012187964,-4.3637752e-05,0.3198309,-0.0024792808,-0.005549662,-0.0030374709,-0.008838554
ATAC_SEC14L5,0.03431277,0.040421046,0.23776652,-0.0037278633,0.05029433,-0.005605338,0.24547558,-0.005074939,-0.0031404165,-0.00063511956,-0.0006497684,0.35081488,-0.0024347692,-0.005445791,-0.0030489166,-0.0073359087
ATAC_SEC23A-AS1,-0.0010877977,0.17144857,0.1876833,-0.0037049602,0.100572705,-0.006372791,0.138077,-0.0038450004,-0.0021608365,-0.0012187964,-4.3637752e-05,0.3198309,-0.0024792808,-0.005549662,-0.0030374709,-0.008838554
ATAC_SEC31B,-0.0010877977,0.17144857,0.1876833,-0.0037049602,0.100572705,-0.006372791,0.138077,-0.0038450004,-0.0021608365,-0.0012187964,-4.3637752e-05,0.3198309,-0.0024792808,-0.005549662,-0.0030374709,-0.008838554
ATAC_SELP,-0.0010877977,0.17144857,0.1876833,-0.0037049602,0.100572705,-0.006372791,0.138077,-0.0038450004,-0.0021608365,-0.0012187964,-4.3637752e-05,0.3198309,-0.0024792808,-0.005549662,-0.0030374709,-0.008838554
ATAC_SEMA3D,-0.0010866908,0.17141344,0.18764763,-0.0037059127,0.100545496,-0.0063722543,0.13789329,-0.0038468975,-0.0021582644,-0.0012180605,-4.4480857e-05,0.3197527,-0.0024808592,-0.0055512474,-0.0030392453,-0.008838414
ATAC_SEMA4C,-0.0010877977,0.17144857,0.1876833,-0.0037049602,0.100572705,-0.006372791,0.138077,-0.0038450004,-0.0021608365,-0.0012187964,-4.3637752e-05,0.3198309,-0.0024792808,-0.005549662,-0.0030374709,-0.008838554
ATAC_SEMA6C,-0.0010877977,0.17144857,0.1876833,-0.0037049602,0.100572705,-0.006372791,0.138077,-0.0038450004,-0.0021608365,-0.0012187964,-4.3637752e-05,0.3198309,-0.0024792808,-0.005549662,-0.0030374709,-0.008838554
ATAC_SEPTIN4-AS1,-0.001098377,0.1712539,0.18849437,-0.00369753,0.09999989,-0.006368004,0.13725416,-0.0038489501,-0.002165888,-0.0012127643,-4.37656e-05,0.31934452,-0.0024807504,-0.0055478546,-0.0030459722,-0.008841534
ATAC_SERPINA1,-0.001507132,0.18077923,0.09198336,-0.0031377012,0.113401845,-0.006761426,0.07194908,-0.0030462826,-0.0031032118,-0.0022621867,-0.00018653348,0.23050334,-0.0028791283,-0.005205046,-0.0033815864,-0.008723939
ATAC_SERPINB9,-0.0010877977,0.17144857,0.1876833,-0.0037049602,0.100572705,-0.006372791,0.138077,-0.0038450004,-0.0021608365,-0.0012187964,-4.3637752e-05,0.3198309,-0.0024792808,-0.005549662,-0.0030374709,-0.008838554
ATAC_SERPINB9P1,-0.0010877977,0.17144857,0.1876833,-0.0037049602,0.100572705,-0.006372791,0.138077,-0.0038450004,-0.0021608365,-0.0012187964,-4.3637752e-05,0.3198309,-0.0024792808,-0.005549662,-0.0030374709,-0.008838554
ATAC_SERPINE1,-0.0010877977,0.17144857,0.1876833,-0.0037049602,0.100572705,-0.006372791,0.138077,-0.0038450004,-0.0021608365,-0.0012187964,-4.3637752e-05,0.3198309,-0.0024792808,-0.005549662,-0.0030374709,-0.008838554
ATAC_SERPINE2,-0.0010877977,0.17144857,0.1876833,-0.0037049602,0.100572705,-0.006372791,0.138077,-0.0038450004,-0.0021608365,-0.0012187964,-4.3637752e-05,0.3198309,-0.0024792808,-0.005549662,-0.0030374709,-0.008838554
ATAC_SERTAD1,-0.001415606,0.13767102,0.22393946,-0.0036318623,0.08875791,-0.0060442677,0.12835969,-0.003429686,-0.0018784519,-0.0009765511,-1.9599645e-05,0.3178013,-0.002464551,-0.0058472594,-0.003147152,-0.009011823
ATAC_SFI1,-0.0010877977,0.17144857,0.1876833,-0.0037049602,0.100572705,-0.006372791,0.138077,-0.0038450004,-0.0021608365,-0.0012187964,-4.3637752e-05,0.3198309,-0.0024792808,-0.005549662,-0.0030374709,-0.008838554
ATAC_SFMBT1,-0.0010877977,0.17144857,0.1876833,-0.0037049602,0.100572705,-0.006372791,0.138077,-0.0038450004,-0.0021608365,-0.0012187964,-4.3637752e-05,0.3198309,-0.0024792808,-0.005549662,-0.0030374709,-0.008838554
ATAC_SFXN1,-0.0010877977,0.17144857,0.1876833,-0.0037049602,0.100572705,-0.006372791,0.138077,-0.0038450004,-0.0021608365,-0.0012187964,-4.3637752e-05,0.3198309,-0.0024792808,-0.005549662,-0.0030374709,-0.008838554
ATAC_SGF29,-0.0010877977,0.17144857,0.1876833,-0.0037049602,0.100572705,-0.006372791,0.138077,-0.0038450004,-0.0021608365,-0.0012187964,-4.3637752e-05,0.3198309,-0.0024792808,-0.005549662,-0.0030374709,-0.008838554
ATAC_SGO2,-0.0010877977,0.17144857,0.1876833,-0.0037049602,0.100572705,-0.006372791,0.138077,-0.0038450004,-0.0021608365,-0.0012187964,-4.3637752e-05,0.3198309,-0.0024792808,-0.005549662,-0.0030374709,-0.008838554
ATAC_SGSM1,-0.0010877977,0.17144857,0.1876833,-0.0037049602,0.100572705,-0.006372791,0.138077,-0.0038450004,-0.0021608365,-0.0012187964,-4.3637752e-05,0.3198309,-0.0024792808,-0.005549662,-0.0030374709,-0.008838554
ATAC_SH2D1B,-0.00011696454,0.21236098,-0.000683652,-0.0013314402,0.19532958,-0.0043197754,0.10959868,-0.0021093998,-0.00075667707,0.020049915,0.08433579,0.1437149,-0.0013695519,-0.0031119208,-0.0015400738,-0.005757833
ATAC_SH2D2A,-0.0010877977,0.17144857,0.1876833,-0.0037049602,0.100572705,-0.006372791,0.138077,-0.0038450004,-0.0021608365,-0.0012187964,-4.3637752e-05,0.3198309,-0.0024792808,-0.005549662,-0.0030374709,-0.008838554
ATAC_SH2D3A,-0.0010087709,0.1689938,0.18310411,-0.0037119465,0.10461819,-0.0064370716,0.12895915,-0.00390555,-0.0020991147,-0.0013152703,-9.14064e-05,0.31548157,-0.0023695433,-0.00561105,-0.003098632,-0.00880173
ATAC_SH3BGRL2,-0.0010877977,0.17144857,0.1876833,-0.0037049602,0.100572705,-0.006372791,0.138077,-0.0038450004,-0.0021608365,-0.0012187964,-4.3637752e-05,0.3198309,-0.0024792808,-0.005549662,-0.0030374709,-0.008838554
ATAC_SH3YL1,-0.0010877977,0.17144857,0.1876833,-0.0037049602,0.100572705,-0.006372791,0.138077,-0.0038450004,-0.0021608365,-0.0012187964,-4.3637752e-05,0.3198309,-0.0024792808,-0.005549662,-0.0030374709,-0.008838554
ATAC_SHBG,-0.0010921574,0.17122777,0.18717916,-0.0037018275,0.100231886,-0.006369981,0.13741207,-0.0038436772,-0.0021610826,-0.0012123802,-4.996702e-05,0.3197165,-0.002474861,-0.005556675,-0.0030345058,-0.008831642
ATAC_SHISA2,-0.0010877977,0.17144857,0.1876833,-0.0037049602,0.100572705,-0.006372791,0.138077,-0.0038450004,-0.0021608365,-0.0012187964,-4.3637752e-05,0.3198309,-0.0024792808,-0.005549662,-0.0030374709,-0.008838554
ATAC_SHISA7,-0.0010877977,0.17144857,0.1876833,-0.0037049602,0.100572705,-0.006372791,0.138077,-0.0038450004,-0.0021608365,-0.0012187964,-4.3637752e-05,0.3198309,-0.0024792808,-0.005549662,-0.0030374709,-0.008838554
ATAC_SHISAL2A,-0.0010877977,0.17144857,0.1876833,-0.0037049602,0.100572705,-0.006372791,0.138077,-0.0038450004,-0.0021608365,-0.0012187964,-4.3637752e-05,0.3198309,-0.0024792808,-0.005549662,-0.0030374709,-0.008838554
ATAC_SHLD1,-0.0010877977,0.17144857,0.1876833,-0.0037049602,0.100572705,-0.006372791,0.138077,-0.0038450004,-0.0021608365,-0.0012187964,-4.3637752e-05,0.3198309,-0.0024792808,-0.005549662,-0.0030374709,-0.008838554
ATAC_SHOX2,-0.0010877977,0.17144857,0.1876833,-0.0037049602,0.100572705,-0.006372791,0.138077,-0.0038450004,-0.0021608365,-0.0012187964,-4.3637752e-05,0.3198309,-0.0024792808,-0.005549662,-0.0030374709,-0.008838554
ATAC_SHPRH,-0.0010877977,0.17144857,0.1876833,-0.0037049602,0.100572705,-0.006372791,0.138077,-0.0038450004,-0.0021608365,-0.0012187964,-4.3637752e-05,0.3198309,-0.0024792808,-0.005549662,-0.0030374709,-0.008838554
ATAC_SIAH2-AS1,-0.0010877977,0.17144857,0.1876833,-0.0037049602,0.100572705,-0.006372791,0.138077,-0.0038450004,-0.0021608365,-0.0012187964,-4.3637752e-05,0.3198309,-0.0024792808,-0.005549662,-0.0030374709,-0.008838554
ATAC_SIDT1,-0.0010877977,0.17144857,0.1876833,-0.0037049602,0.100572705,-0.006372791,0.138077,-0.0038450004,-0.0021608365,-0.0012187964,-4.3637752e-05,0.3198309,-0.0024792808,-0.005549662,-0.0030374709,-0.008838554
ATAC_SIGIRR,-0.0010877977,0.17144857,0.1876833,-0.0037049602,0.100572705,-0.006372791,0.138077,-0.0038450004,-0.0021608365,-0.0012187964,-4.3637752e-05,0.3198309,-0.0024792808,-0.005549662,-0.0030374709,-0.008838554
ATAC_SIRPG,-0.0010877977,0.17144857,0.1876833,-0.0037049602,0.100572705,-0.006372791,0.138077,-0.0038450004,-0.0021608365,-0.0012187964,-4.3637752e-05,0.3198309,-0.0024792808,-0.005549662,-0.0030374709,-0.008838554
ATAC_SIRT1,-0.0010877977,0.17144857,0.1876833,-0.0037049602,0.100572705,-0.006372791,0.138077,-0.0038450004,-0.0021608365,-0.0012187964,-4.3637752e-05,0.3198309,-0.0024792808,-0.005549662,-0.0030374709,-0.008838554
ATAC_SIRT2,-0.0010877977,0.17144857,0.1876833,-0.0037049602,0.100572705,-0.006372791,0.138077,-0.0038450004,-0.0021608365,-0.0012187964,-4.3637752e-05,0.3198309,-0.0024792808,-0.005549662,-0.0030374709,-0.008838554
ATAC_SIX1,-0.0010877977,0.17144857,0.1876833,-0.0037049602,0.100572705,-0.006372791,0.138077,-0.0038450004,-0.0021608365,-0.0012187964,-4.3637752e-05,0.3198309,-0.0024792808,-0.005549662,-0.0030374709,-0.008838554
ATAC_SIX3-AS1,-0.0010812284,0.17206752,0.1869087,-0.0037084287,0.099853896,-0.0063710767,0.1390107,-0.003842992,-0.002157719,-0.0012157192,-4.562378e-05,0.31905007,-0.0024816594,-0.0055461396,-0.003040055,-0.008826789
ATAC_SIX5,-0.0010877977,0.17144857,0.1876833,-0.0037049602,0.100572705,-0.006372791,0.138077,-0.0038450004,-0.0021608365,-0.0012187964,-4.3637752e-05,0.3198309,-0.0024792808,-0.005549662,-0.0030374709,-0.008838554
ATAC_SKIDA1,-0.0021615177,0.14144996,0.11857672,-0.0031773937,0.15636832,-0.0053869495,0.036642246,-0.0029794173,-0.0026040338,-0.0018611003,-0.00025664805,0.37024134,-0.002145187,-0.005571729,-0.0016876009,-0.007338565
ATAC_SLA2,-0.0010877977,0.17144857,0.1876833,-0.0037049602,0.100572705,-0.006372791,0.138077,-0.0038450004,-0.0021608365,-0.0012187964,-4.3637752e-05,0.3198309,-0.0024792808,-0.005549662,-0.0030374709,-0.008838554
ATAC_SLAIN1,-0.0010877977,0.17144857,0.1876833,-0.0037049602,0.100572705,-0.006372791,0.138077,-0.0038450004,-0.0021608365,-0.0012187964,-4.3637752e-05,0.3198309,-0.0024792808,-0.005549662,-0.0030374709,-0.008838554
ATAC_SLAMF6,-0.0010877977,0.17144857,0.1876833,-0.0037049602,0.100572705,-0.006372791,0.138077,-0.0038450004,-0.0021608365,-0.0012187964,-4.3637752e-05,0.3198309,-0.0024792808,-0.005549662,-0.0030374709,-0.008838554
ATAC_SLAMF7,-0.0010877977,0.17144857,0.1876833,-0.0037049602,0.100572705,-0.006372791,0.138077,-0.0038450004,-0.0021608365,-0.0012187964,-4.3637752e-05,0.3198309,-0.0024792808,-0.005549662,-0.0030374709,-0.008838554
ATAC_SLC14A1,-0.0010877977,0.17144857,0.1876833,-0.0037049602,0.100572705,-0.006372791,0.138077,-0.0038450004,-0.0021608365,-0.0012187964,-4.3637752e-05,0.3198309,-0.0024792808,-0.005549662,-0.0030374709,-0.008838554
ATAC_SLC14A2,-0.0010877977,0.17144857,0.1876833,-0.0037049602,0.100572705,-0.006372791,0.138077,-0.0038450004,-0.0021608365,-0.0012187964,-4.3637752e-05,0.3198309,-0.0024792808,-0.005549662,-0.0030374709,-0.008838554
ATAC_SLC16A1-AS1,-0.0010877977,0.17144857,0.1876833,-0.0037049602,0.100572705,-0.006372791,0.138077,-0.0038450004,-0.0021608365,-0.0012187964,-4.3637752e-05,0.3198309,-0.0024792808,-0.005549662,-0.0030374709,-0.008838554
ATAC_SLC16A10,-0.0010877977,0.17144857,0.1876833,-0.0037049602,0.100572705,-0.006372791,0.138077,-0.0038450004,-0.0021608365,-0.0012187964,-4.3637752e-05,0.3198309,-0.0024792808,-0.005549662,-0.0030374709,-0.008838554
ATAC_SLC16A11,-0.0010877977,0.17144857,0.1876833,-0.0037049602,0.100572705,-0.006372791,0.138077,-0.0038450004,-0.0021608365,-0.0012187964,-4.3637752e-05,0.3198309,-0.0024792808,-0.005549662,-0.0030374709,-0.008838554
ATAC_SLC16A13,-0.0010877977,0.17144857,0.1876833,-0.0037049602,0.100572705,-0.006372791,0.138077,-0.0038450004,-0.0021608365,-0.0012187964,-4.3637752e-05,0.3198309,-0.0024792808,-0.005549662,-0.0030374709,-0.008838554
ATAC_SLC17A3,-0.0010877977,0.17144857,0.1876833,-0.0037049602,0.100572705,-0.006372791,0.138077,-0.0038450004,-0.0021608365,-0.0012187964,-4.3637752e-05,0.3198309,-0.0024792808,-0.005549662,-0.0030374709,-0.008838554
ATAC_SLC1A1,-0.0010877977,0.17144857,0.1876833,-0.0037049602,0.100572705,-0.006372791,0.138077,-0.0038450004,-0.0021608365,-0.0012187964,-4.3637752e-05,0.3198309,-0.0024792808,-0.005549662,-0.0030374709,-0.008838554
ATAC_SLC22A23,-0.0010812284,0.17206752,0.1869087,-0.0037084287,0.099853896,-0.0063710767,0.1390107,-0.003842992,-0.002157719,-0.0012157192,-4.562378e-05,0.31905007,-0.0024816594,-0.0055461396,-0.003040055,-0.008826789
ATAC_SLC24A3,-0.0010865865,0.17132783,0.18773906,-0.0037042361,0.10051662,-0.006373171,0.13807106,-0.003844433,-0.0021615266,-0.0012198209,-4.311681e-05,0.31986457,-0.0024797171,-0.005550358,-0.0030363512,-0.008839263
ATAC_SLC25A4,-0.0014171894,0.13748544,0.22365569,-0.0036319476,0.08869207,-0.0060452363,0.12805662,-0.003432458,-0.001880601,-0.0009752827,-1.6817301e-05,0.31800383,-0.0024652581,-0.0058500813,-0.0031468952,-0.009011875
ATAC_SLC25A42,-0.0010877977,0.17144857,0.1876833,-0.0037049602,0.100572705,-0.006372791,0.138077,-0.0038450004,-0.0021608365,-0.0012187964,-4.3637752e-05,0.3198309,-0.0024792808,-0.005549662,-0.0030374709,-0.008838554
ATAC_SLC25A45,-0.0010877977,0.17144857,0.1876833,-0.0037049602,0.100572705,-0.006372791,0.138077,-0.0038450004,-0.0021608365,-0.0012187964,-4.3637752e-05,0.3198309,-0.0024792808,-0.005549662,-0.0030374709,-0.008838554
ATAC_SLC25A5-AS1,-0.0010877977,0.17144857,0.1876833,-0.0037049602,0.100572705,-0.006372791,0.138077,-0.0038450004,-0.0021608365,-0.0012187964,-4.3637752e-05,0.3198309,-0.0024792808,-0.005549662,-0.0030374709,-0.008838554
ATAC_SLC26A11,-0.0011537647,0.16816655,0.1970344,-0.003797574,0.09833139,-0.0063705854,0.122163825,-0.0039042453,-0.0022116425,-0.0011011281,0.00419046,0.32505834,-0.002397596,-0.005446845,-0.0031328867,-0.0088060945
ATAC_SLC2A14,-0.0015054204,0.18035746,0.09214759,-0.0031339973,0.11411385,-0.00676454,0.072199956,-0.003037461,-0.0030923218,-0.0022595285,-0.00019564776,0.22998141,-0.002869905,-0.0051957374,-0.0033701356,-0.008724693
ATAC_SLC2A4RG,-0.0010877977,0.17144857,0.1876833,-0.0037049602,0.100572705,-0.006372791,0.138077,-0.0038450004,-0.0021608365,-0.0012187964,-4.3637752e-05,0.3198309,-0.0024792808,-0.005549662,-0.0030374709,-0.008838554
ATAC_SLC30A5,-0.0010877977,0.17144857,0.1876833,-0.0037049602,0.100572705,-0.006372791,0.138077,-0.0038450004,-0.0021608365,-0.0012187964,-4.3637752e-05,0.3198309,-0.0024792808,-0.005549662,-0.0030374709,-0.008838554
ATAC_SLC35D1,-0.0010854688,0.1711931,0.18703876,-0.0036925934,0.10176022,-0.0063687433,0.13710022,-0.0038363712,-0.00216816,-0.0012107297,-5.571574e-05,0.31890267,-0.002474257,-0.00555305,-0.0030352746,-0.00882335
ATAC_SLC35G3,-0.0010877977,0.17144857,0.1876833,-0.0037049602,0.100572705,-0.006372791,0.138077,-0.0038450004,-0.0021608365,-0.0012187964,-4.3637752e-05,0.3198309,-0.0024792808,-0.005549662,-0.0030374709,-0.008838554
ATAC_SLC37A3,-0.0010877977,0.17144857,0.1876833,-0.0037049602,0.100572705,-0.006372791,0.138077,-0.0038450004,-0.0021608365,-0.0012187964,-4.3637752e-05,0.3198309,-0.0024792808,-0.005549662,-0.0030374709,-0.008838554
ATAC_SLC37A4,-0.0010877977,0.17144857,0.1876833,-0.0037049602,0.100572705,-0.006372791,0.138077,-0.0038450004,-0.0021608365,-0.0012187964,-4.3637752e-05,0.3198309,-0.0024792808,-0.005549662,-0.0030374709,-0.008838554
ATAC_SLC39A10,-0.0010869697,0.17164974,0.18753345,-0.003706244,0.100386135,-0.00637331,0.13789554,-0.003845286,-0.0021619624,-0.0012192393,-4.4535398e-05,0.31975633,-0.0024776226,-0.0055519105,-0.003038693,-0.0088396
ATAC_SLC41A1,-0.0010877977,0.17144857,0.1876833,-0.0037049602,0.100572705,-0.006372791,0.138077,-0.0038450004,-0.0021608365,-0.0012187964,-4.3637752e-05,0.3198309,-0.0024792808,-0.005549662,-0.0030374709,-0.008838554
ATAC_SLC44A2,-0.0010877977,0.17144857,0.1876833,-0.0037049602,0.100572705,-0.006372791,0.138077,-0.0038450004,-0.0021608365,-0.0012187964,-4.3637752e-05,0.3198309,-0.0024792808,-0.005549662,-0.0030374709,-0.008838554
ATAC_SLC45A4,-0.0010877977,0.17144857,0.1876833,-0.0037049602,0.100572705,-0.006372791,0.138077,-0.0038450004,-0.0021608365,-0.0012187964,-4.3637752e-05,0.3198309,-0.0024792808,-0.005549662,-0.0030374709,-0.008838554
ATAC_SLC4A10,-0.0010877977,0.17144857,0.1876833,-0.0037049602,0.100572705,-0.006372791,0.138077,-0.0038450004,-0.0021608365,-0.0012187964,-4.3637752e-05,0.3198309,-0.0024792808,-0.005549662,-0.0030374709,-0.008838554
ATAC_SLC4A11,-0.0010877977,0.17144857,0.1876833,-0.0037049602,0.100572705,-0.006372791,0.138077,-0.0038450004,-0.0021608365,-0.0012187964,-4.3637752e-05,0.3198309,-0.0024792808,-0.005549662,-0.0030374709,-0.008838554
ATAC_SLC5A4-AS1,-0.001507132,0.18077923,0.09198336,-0.0031377012,0.113401845,-0.006761426,0.07194908,-0.0030462826,-0.0031032118,-0.0022621867,-0.00018653348,0.23050334,-0.0028791283,-0.005205046,-0.0033815864,-0.008723939
ATAC_SLC6A20,-0.0010877977,0.17144857,0.1876833,-0.0037049602,0.100572705,-0.006372791,0.138077,-0.0038450004,-0.0021608365,-0.0012187964,-4.3637752e-05,0.3198309,-0.0024792808,-0.005549662,-0.0030374709,-0.008838554
ATAC_SLC7A5,-0.0010877977,0.17144857,0.1876833,-0.0037049602,0.100572705,-0.006372791,0.138077,-0.0038450004,-0.0021608365,-0.0012187964,-4.3637752e-05,0.3198309,-0.0024792808,-0.005549662,-0.0030374709,-0.008838554
ATAC_SLC7A6,-0.0010877977,0.17144857,0.1876833,-0.0037049602,0.100572705,-0.006372791,0.138077,-0.0038450004,-0.0021608365,-0.0012187964,-4.3637752e-05,0.3198309,-0.0024792808,-0.005549662,-0.0030374709,-0.008838554
ATAC_SLCO4A1,-0.0010877977,0.17144857,0.1876833,-0.0037049602,0.100572705,-0.006372791,0.138077,-0.0038450004,-0.0021608365,-0.0012187964,-4.3637752e-05,0.3198309,-0.0024792808,-0.005549662,-0.0030374709,-0.008838554
ATAC_SLF1,-0.0010877977,0.17144857,0.1876833,-0.0037049602,0.100572705,-0.006372791,0.138077,-0.0038450004,-0.0021608365,-0.0012187964,-4.3637752e-05,0.3198309,-0.0024792808,-0.005549662,-0.0030374709,-0.008838554
ATAC_SLF2,-0.0021614223,0.14143296,0.11852004,-0.003177192,0.15635478,-0.005386538,0.03665331,-0.0029790883,-0.0026041712,-0.0018615159,-0.0002571258,0.3701929,-0.002145012,-0.0055718534,-0.001687569,-0.0073389956
ATAC_SLFN12L,-0.0010877977,0.17144857,0.1876833,-0.0037049602,0.100572705,-0.006372791,0.138077,-0.0038450004,-0.0021608365,-0.0012187964,-4.3637752e-05,0.3198309,-0.0024792808,-0.005549662,-0.0030374709,-0.008838554
ATAC_SLFN13,-0.0010877977,0.17144857,0.1876833,-0.0037049602,0.100572705,-0.006372791,0.138077,-0.0038450004,-0.0021608365,-0.0012187964,-4.3637752e-05,0.3198309,-0.0024792808,-0.005549662,-0.0030374709,-0.008838554
ATAC_SLFN5,-0.0010877977,0.17144857,0.1876833,-0.0037049602,0.100572705,-0.006372791,0.138077,-0.0038450004,-0.0021608365,-0.0012187964,-4.3637752e-05,0.3198309,-0.0024792808,-0.005549662,-0.0030374709,-0.008838554
ATAC_SMAD7,-0.0010888542,0.17235915,0.18812059,-0.0036913478,0.100623675,-0.006379894,0.13929024,-0.003855944,-0.0021685609,-0.0012154165,-5.6066958e-05,0.31897217,-0.002493243,-0.005536244,-0.0030284035,-0.0088438485
ATAC_SMARCA1,-0.0010877977,0.17144857,0.1876833,-0.0037049602,0.100572705,-0.006372791,0.138077,-0.0038450004,-0.0021608365,-0.0012187964,-4.3637752e-05,0.3198309,-0.0024792808,-0.005549662,-0.0030374709,-0.008838554
ATAC_SMARCA5-AS1,-0.0010877977,0.17144857,0.1876833,-0.0037049602,0.100572705,-0.006372791,0.138077,-0.0038450004,-0.0021608365,-0.0012187964,-4.3637752e-05,0.3198309,-0.0024792808,-0.005549662,-0.0030374709,-0.008838554
ATAC_SMIM19,-0.001415606,0.13767102,0.22393946,-0.0036318623,0.08875791,-0.0060442677,0.12835969,-0.003429686,-0.0018784519,-0.0009765511,-1.9599645e-05,0.3178013,-0.002464551,-0.0058472594,-0.003147152,-0.009011823
ATAC_SMIM6,-0.0010877977,0.17144857,0.1876833,-0.0037049602,0.100572705,-0.006372791,0.138077,-0.0038450004,-0.0021608365,-0.0012187964,-4.3637752e-05,0.3198309,-0.0024792808,-0.005549662,-0.0030374709,-0.008838554
ATAC_SNAI3-AS1,-0.0010877977,0.17144857,0.1876833,-0.0037049602,0.100572705,-0.006372791,0.138077,-0.0038450004,-0.0021608365,-0.0012187964,-4.3637752e-05,0.3198309,-0.0024792808,-0.005549662,-0.0030374709,-0.008838554
ATAC_SNAP47-AS1,-0.0010877977,0.17144857,0.1876833,-0.0037049602,0.100572705,-0.006372791,0.138077,-0.0038450004,-0.0021608365,-0.0012187964,-4.3637752e-05,0.3198309,-0.0024792808,-0.005549662,-0.0030374709,-0.008838554
ATAC_SNED1,-0.0002692328,0.27971274,0.22195147,-0.0037043164,0.082768336,-0.0067989584,0.22432944,-0.004607583,-0.0010071482,-0.001748669,0.025050335,0.2262759,-0.0034180966,-0.0048718187,-0.002874353,-0.007857948
ATAC_SNHG18,-0.0010877977,0.17144857,0.1876833,-0.0037049602,0.100572705,-0.006372791,0.138077,-0.0038450004,-0.0021608365,-0.0012187964,-4.3637752e-05,0.3198309,-0.0024792808,-0.005549662,-0.0030374709,-0.008838554
ATAC_SNHG22,-0.0010877977,0.17144857,0.1876833,-0.0037049602,0.100572705,-0.006372791,0.138077,-0.0038450004,-0.0021608365,-0.0012187964,-4.3637752e-05,0.3198309,-0.0024792808,-0.005549662,-0.0030374709,-0.008838554
ATAC_SNTA1,-0.0010860863,0.1710268,0.18784754,-0.003701256,0.101284705,-0.0063759047,0.13832788,-0.003836179,-0.0021499465,-0.0012161382,-5.2752046e-05,0.319309,-0.0024700572,-0.005540353,-0.0030260198,-0.008839308
ATAC_SNTB2,-0.0002692328,0.27971274,0.22195147,-0.0037043164,0.082768336,-0.0067989584,0.22432944,-0.004607583,-0.0010071482,-0.001748669,0.025050335,0.2262759,-0.0034180966,-0.0048718187,-0.002874353,-0.007857948
ATAC_SNX25,-0.0010866908,0.17141344,0.18764763,-0.0037059127,0.100545496,-0.0063722543,0.13789329,-0.0038468975,-0.0021582644,-0.0012180605,-4.4480857e-05,0.3197527,-0.0024808592,-0.0055512474,-0.0030392453,-0.008838414
ATAC_SNX32,-0.00011696454,0.21236098,-0.000683652,-0.0013314402,0.19532958,-0.0043197754,0.10959868,-0.0021093998,-0.00075667707,0.020049915,0.08433579,0.1437149,-0.0013695519,-0.0031119208,-0.0015400738,-0.005757833
ATAC_SOCS1,-0.0010877977,0.17144857,0.1876833,-0.0037049602,0.100572705,-0.006372791,0.138077,-0.0038450004,-0.0021608365,-0.0012187964,-4.3637752e-05,0.3198309,-0.0024792808,-0.005549662,-0.0030374709,-0.008838554
ATAC_SORCS2,-0.0010877977,0.17144857,0.1876833,-0.0037049602,0.100572705,-0.006372791,0.138077,-0.0038450004,-0.0021608365,-0.0012187964,-4.3637752e-05,0.3198309,-0.0024792808,-0.005549662,-0.0030374709,-0.008838554
ATAC_SOX13,-0.0011486871,0.16893333,0.19708563,-0.0038024436,0.097435474,-0.006370073,0.12202721,-0.0039079743,-0.0022029914,-0.0010964487,0.0042936504,0.3242389,-0.002390049,-0.005444238,-0.0031410418,-0.00881413
ATAC_SOX2-OT,-0.0021615177,0.14144996,0.11857672,-0.0031773937,0.15636832,-0.0053869495,0.036642246,-0.0029794173,-0.0026040338,-0.0018611003,-0.00025664805,0.37024134,-0.002145187,-0.005571729,-0.0016876009,-0.007338565
ATAC_SOX4,-0.0010877977,0.17144857,0.1876833,-0.0037049602,0.100572705,-0.006372791,0.138077,-0.0038450004,-0.0021608365,-0.0012187964,-4.3637752e-05,0.3198309,-0.0024792808,-0.005549662,-0.0030374709,-0.008838554
ATAC_SOX5,-0.0010877977,0.17144857,0.1876833,-0.0037049602,0.100572705,-0.006372791,0.138077,-0.0038450004,-0.0021608365,-0.0012187964,-4.3637752e-05,0.3198309,-0.0024792808,-0.005549662,-0.0030374709,-0.008838554
ATAC_SOX6,-0.0010877977,0.17144857,0.1876833,-0.0037049602,0.100572705,-0.006372791,0.138077,-0.0038450004,-0.0021608365,-0.0012187964,-4.3637752e-05,0.3198309,-0.0024792808,-0.005549662,-0.0030374709,-0.008838554
ATAC_SP140,-0.0010877977,0.17144857,0.1876833,-0.0037049602,0.100572705,-0.006372791,0.138077,-0.0038450004,-0.0021608365,-0.0012187964,-4.3637752e-05,0.3198309,-0.0024792808,-0.005549662,-0.0030374709,-0.008838554
ATAC_SP4,-0.0011537647,0.16816655,0.1970344,-0.003797574,0.09833139,-0.0063705854,0.122163825,-0.0039042453,-0.0022116425,-0.0011011281,0.00419046,0.32505834,-0.002397596,-0.005446845,-0.0031328867,-0.0088060945
ATAC_SP6,-0.0010877977,0.17144857,0.1876833,-0.0037049602,0.100572705,-0.006372791,0.138077,-0.0038450004,-0.0021608365,-0.0012187964,-4.3637752e-05,0.3198309,-0.0024792808,-0.005549662,-0.0030374709,-0.008838554
ATAC_SPA17,-0.0010921574,0.17122777,0.18717916,-0.0037018275,0.100231886,-0.006369981,0.13741207,-0.0038436772,-0.0021610826,-0.0012123802,-4.996702e-05,0.3197165,-0.002474861,-0.005556675,-0.0030345058,-0.008831642
ATAC_SPAG16-DT,-0.0010877977,0.17144857,0.1876833,-0.0037049602,0.100572705,-0.006372791,0.138077,-0.0038450004,-0.0021608365,-0.0012187964,-4.3637752e-05,0.3198309,-0.0024792808,-0.005549662,-0.0030374709,-0.008838554
ATAC_SPAG5-AS1,-0.0010877977,0.17144857,0.1876833,-0.0037049602,0.100572705,-0.006372791,0.138077,-0.0038450004,-0.0021608365,-0.0012187964,-4.3637752e-05,0.3198309,-0.0024792808,-0.005549662,-0.0030374709,-0.008838554
ATAC_SPAG6,-0.0010877977,0.17144857,0.1876833,-0.0037049602,0.100572705,-0.006372791,0.138077,-0.0038450004,-0.0021608365,-0.0012187964,-4.3637752e-05,0.3198309,-0.0024792808,-0.005549662,-0.0030374709,-0.008838554
ATAC_SPATA12,-0.0010877977,0.17144857,0.1876833,-0.0037049602,0.100572705,-0.006372791,0.138077,-0.0038450004,-0.0021608365,-0.0012187964,-4.3637752e-05,0.3198309,-0.0024792808,-0.005549662,-0.0030374709,-0.008838554
ATAC_SPATA32,-0.0010877977,0.17144857,0.1876833,-0.0037049602,0.100572705,-0.006372791,0.138077,-0.0038450004,-0.0021608365,-0.0012187964,-4.3637752e-05,0.3198309,-0.0024792808,-0.005549662,-0.0030374709,-0.008838554
ATAC_SPATA33,-0.0010877977,0.17144857,0.1876833,-0.0037049602,0.100572705,-0.006372791,0.138077,-0.0038450004,-0.0021608365,-0.0012187964,-4.3637752e-05,0.3198309,-0.0024792808,-0.005549662,-0.0030374709,-0.008838554
ATAC_SPATA5,-0.0010877977,0.17144857,0.1876833,-0.0037049602,0.100572705,-0.006372791,0.138077,-0.0038450004,-0.0021608365,-0.0012187964,-4.3637752e-05,0.3198309,-0.0024792808,-0.005549662,-0.0030374709,-0.008838554
ATAC_SPEF2,-0.0010877977,0.17144857,0.1876833,-0.0037049602,0.100572705,-0.006372791,0.138077,-0.0038450004,-0.0021608365,-0.0012187964,-4.3637752e-05,0.3198309,-0.0024792808,-0.005549662,-0.0030374709,-0.008838554
ATAC_SPIB,-0.001085407,0.17205968,0.18749638,-0.003699575,0.09980859,-0.0063624983,0.13736963,-0.0038411943,-0.002152097,-0.0012119242,-4.73845e-05,0.31911975,-0.0024809137,-0.005560232,-0.0030426607,-0.00884221
ATAC_SPINK2,-0.0010877977,0.17144857,0.1876833,-0.0037049602,0.100572705,-0.006372791,0.138077,-0.0038450004,-0.0021608365,-0.0012187964,-4.3637752e-05,0.3198309,-0.0024792808,-0.005549662,-0.0030374709,-0.008838554
ATAC_SPIRE2,-0.0010877977,0.17144857,0.1876833,-0.0037049602,0.100572705,-0.006372791,0.138077,-0.0038450004,-0.0021608365,-0.0012187964,-4.3637752e-05,0.3198309,-0.0024792808,-0.005549662,-0.0030374709,-0.008838554
ATAC_SPON1,-0.0010877977,0.17144857,0.1876833,-0.0037049602,0.100572705,-0.006372791,0.138077,-0.0038450004,-0.0021608365,-0.0012187964,-4.3637752e-05,0.3198309,-0.0024792808,-0.005549662,-0.0030374709,-0.008838554
ATAC_SPON2,-0.0010827201,0.17221534,0.18773453,-0.0037098299,0.09967679,-0.006372278,0.1379404,-0.0038487294,-0.0021521854,-0.001214117,-4.2605698e-05,0.3190115,-0.0024717343,-0.005547055,-0.003045626,-0.0088465875
ATAC_SPP1,-0.0010877977,0.17144857,0.1876833,-0.0037049602,0.100572705,-0.006372791,0.138077,-0.0038450004,-0.0021608365,-0.0012187964,-4.3637752e-05,0.3198309,-0.0024792808,-0.005549662,-0.0030374709,-0.008838554
ATAC_SPRY2,-0.0010877977,0.17144857,0.1876833,-0.0037049602,0.100572705,-0.006372791,0.138077,-0.0038450004,-0.0021608365,-0.0012187964,-4.3637752e-05,0.3198309,-0.0024792808,-0.005549662,-0.0030374709,-0.008838554
ATAC_SPRY4-AS1,-0.0010856953,0.17129393,0.18773861,-0.0037053262,0.10075045,-0.006372735,0.13824686,-0.0038431557,-0.00216225,-0.0012167731,-4.5306533e-05,0.31982026,-0.0024798694,-0.0055504977,-0.0030383659,-0.008836006
ATAC_SPTBN1,0.03431277,0.040421046,0.23776652,-0.0037278633,0.05029433,-0.005605338,0.24547558,-0.005074939,-0.0031404165,-0.00063511956,-0.0006497684,0.35081488,-0.0024347692,-0.005445791,-0.0030489166,-0.0073359087
ATAC_SPTBN5,-0.000962738,0.19313368,0.14421763,-0.0033487438,0.06508577,-0.006128158,0.045042258,-0.0042523653,-0.0015832385,-0.0017168619,0.02026692,0.336618,-0.0015503988,-0.0044384,-0.0024308423,-0.007853461
ATAC_SPTSSB,-0.0010877977,0.17144857,0.1876833,-0.0037049602,0.100572705,-0.006372791,0.138077,-0.0038450004,-0.0021608365,-0.0012187964,-4.3637752e-05,0.3198309,-0.0024792808,-0.005549662,-0.0030374709,-0.008838554
ATAC_SRBD1,-0.0010877977,0.17144857,0.1876833,-0.0037049602,0.100572705,-0.006372791,0.138077,-0.0038450004,-0.0021608365,-0.0012187964,-4.3637752e-05,0.3198309,-0.0024792808,-0.005549662,-0.0030374709,-0.008838554
ATAC_SREBF2-AS1,-0.0010877977,0.17144857,0.1876833,-0.0037049602,0.100572705,-0.006372791,0.138077,-0.0038450004,-0.0021608365,-0.0012187964,-4.3637752e-05,0.3198309,-0.0024792808,-0.005549662,-0.0030374709,-0.008838554
ATAC_SRGAP3-AS4,-0.0010877977,0.17144857,0.1876833,-0.0037049602,0.100572705,-0.006372791,0.138077,-0.0038450004,-0.0021608365,-0.0012187964,-4.3637752e-05,0.3198309,-0.0024792808,-0.005549662,-0.0030374709,-0.008838554
ATAC_SS18L2,-0.0010854688,0.1711931,0.18703876,-0.0036925934,0.10176022,-0.0063687433,0.13710022,-0.0038363712,-0.00216816,-0.0012107297,-5.571574e-05,0.31890267,-0.002474257,-0.00555305,-0.0030352746,-0.00882335
ATAC_ST3GAL3,-0.001097699,0.17365633,0.18674605,-0.0037019525,0.102496535,-0.0063620475,0.13697001,-0.0038558845,-0.0021815752,-0.0012092768,-5.7243404e-05,0.32209322,-0.0024621459,-0.0055265967,-0.003025779,-0.008830702
ATAC_ST3GAL6-AS1,-0.0010877977,0.17144857,0.1876833,-0.0037049602,0.100572705,-0.006372791,0.138077,-0.0038450004,-0.0021608365,-0.0012187964,-4.3637752e-05,0.3198309,-0.0024792808,-0.005549662,-0.0030374709,-0.008838554
ATAC_ST8SIA1,-0.0010877977,0.17144857,0.1876833,-0.0037049602,0.100572705,-0.006372791,0.138077,-0.0038450004,-0.0021608365,-0.0012187964,-4.3637752e-05,0.3198309,-0.0024792808,-0.005549662,-0.0030374709,-0.008838554
ATAC_ST8SIA6,-0.0010869697,0.17164974,0.18753345,-0.003706244,0.100386135,-0.00637331,0.13789554,-0.003845286,-0.0021619624,-0.0012192393,-4.4535398e-05,0.31975633,-0.0024776226,-0.0055519105,-0.003038693,-0.0088396
ATAC_STAC2,-0.0010877977,0.17144857,0.1876833,-0.0037049602,0.100572705,-0.006372791,0.138077,-0.0038450004,-0.0021608365,-0.0012187964,-4.3637752e-05,0.3198309,-0.0024792808,-0.005549662,-0.0030374709,-0.008838554
ATAC_STAMBPL1,-0.0010877977,0.17144857,0.1876833,-0.0037049602,0.100572705,-0.006372791,0.138077,-0.0038450004,-0.0021608365,-0.0012187964,-4.3637752e-05,0.3198309,-0.0024792808,-0.005549662,-0.0030374709,-0.008838554
ATAC_STAP1,-0.0010812284,0.17206752,0.1869087,-0.0037084287,0.099853896,-0.0063710767,0.1390107,-0.003842992,-0.002157719,-0.0012157192,-4.562378e-05,0.31905007,-0.0024816594,-0.0055461396,-0.003040055,-0.008826789
ATAC_STARD9,-0.0010877977,0.17144857,0.1876833,-0.0037049602,0.100572705,-0.006372791,0.138077,-0.0038450004,-0.0021608365,-0.0012187964,-4.3637752e-05,0.3198309,-0.0024792808,-0.005549662,-0.0030374709,-0.008838554
ATAC_STAT5B,-0.0010877977,0.17144857,0.1876833,-0.0037049602,0.100572705,-0.006372791,0.138077,-0.0038450004,-0.0021608365,-0.0012187964,-4.3637752e-05,0.3198309,-0.0024792808,-0.005549662,-0.0030374709,-0.008838554
ATAC_STEAP1B,-0.0010877977,0.17144857,0.1876833,-0.0037049602,0.100572705,-0.006372791,0.138077,-0.0038450004,-0.0021608365,-0.0012187964,-4.3637752e-05,0.3198309,-0.0024792808,-0.005549662,-0.0030374709,-0.008838554
ATAC_STMN3,-0.0010877977,0.17144857,0.1876833,-0.0037049602,0.100572705,-0.006372791,0.138077,-0.0038450004,-0.0021608365,-0.0012187964,-4.3637752e-05,0.3198309,-0.0024792808,-0.005549662,-0.0030374709,-0.008838554
ATAC_STON1-GTF2A1L,-0.0010866908,0.17141344,0.18764763,-0.0037059127,0.100545496,-0.0063722543,0.13789329,-0.0038468975,-0.0021582644,-0.0012180605,-4.4480857e-05,0.3197527,-0.0024808592,-0.0055512474,-0.0030392453,-0.008838414
ATAC_STPG1,-0.0010877977,0.17144857,0.1876833,-0.0037049602,0.100572705,-0.006372791,0.138077,-0.0038450004,-0.0021608365,-0.0012187964,-4.3637752e-05,0.3198309,-0.0024792808,-0.005549662,-0.0030374709,-0.008838554
ATAC_STPG2,-0.0010877977,0.17144857,0.1876833,-0.0037049602,0.100572705,-0.006372791,0.138077,-0.0038450004,-0.0021608365,-0.0012187964,-4.3637752e-05,0.3198309,-0.0024792808,-0.005549662,-0.0030374709,-0.008838554
ATAC_STPG3-AS1,-0.0010812284,0.17206752,0.1869087,-0.0037084287,0.099853896,-0.0063710767,0.1390107,-0.003842992,-0.002157719,-0.0012157192,-4.562378e-05,0.31905007,-0.0024816594,-0.0055461396,-0.003040055,-0.008826789
ATAC_STRBP,-0.0010877977,0.17144857,0.1876833,-0.0037049602,0.100572705,-0.006372791,0.138077,-0.0038450004,-0.0021608365,-0.0012187964,-4.3637752e-05,0.3198309,-0.0024792808,-0.005549662,-0.0030374709,-0.008838554
ATAC_STX18-AS1,-0.0010877977,0.17144857,0.1876833,-0.0037049602,0.100572705,-0.006372791,0.138077,-0.0038450004,-0.0021608365,-0.0012187964,-4.3637752e-05,0.3198309,-0.0024792808,-0.005549662,-0.0030374709,-0.008838554
ATAC_STX1A,-0.000969918,0.19252154,0.14411108,-0.003343508,0.065803945,-0.006128726,0.045009013,-0.0042504813,-0.0015904757,-0.0017235641,0.020330593,0.33744806,-0.0015573568,-0.004440171,-0.002421792,-0.007847975
ATAC_STXBP5L,-0.0010877977,0.17144857,0.1876833,-0.0037049602,0.100572705,-0.006372791,0.138077,-0.0038450004,-0.0021608365,-0.0012187964,-4.3637752e-05,0.3198309,-0.0024792808,-0.005549662,-0.0030374709,-0.008838554
ATAC_SUGCT,-0.0010877977,0.17144857,0.1876833,-0.0037049602,0.100572705,-0.006372791,0.138077,-0.0038450004,-0.0021608365,-0.0012187964,-4.3637752e-05,0.3198309,-0.0024792808,-0.005549662,-0.0030374709,-0.008838554
ATAC_SULF2,-0.0010877977,0.17144857,0.1876833,-0.0037049602,0.100572705,-0.006372791,0.138077,-0.0038450004,-0.0021608365,-0.0012187964,-4.3637752e-05,0.3198309,-0.0024792808,-0.005549662,-0.0030374709,-0.008838554
ATAC_SULT6B1,-0.0010893948,0.17170428,0.18781026,-0.0037042182,0.10051927,-0.006372964,0.13823396,-0.003843957,-0.0021635708,-0.0012192575,-4.2905507e-05,0.31986904,-0.0024813018,-0.005548335,-0.0030379116,-0.008838243
ATAC_SUPT3H,-0.0010854796,0.17129269,0.18770339,-0.0037051886,0.10048941,-0.0063726353,0.13788736,-0.0038463303,-0.002158955,-0.0012190852,-4.3959913e-05,0.31978634,-0.0024812955,-0.0055519436,-0.0030381256,-0.008839122
ATAC_SUPT7L,-0.0010877977,0.17144857,0.1876833,-0.0037049602,0.100572705,-0.006372791,0.138077,-0.0038450004,-0.0021608365,-0.0012187964,-4.3637752e-05,0.3198309,-0.0024792808,-0.005549662,-0.0030374709,-0.008838554
ATAC_SUSD4,-0.0010877977,0.17144857,0.1876833,-0.0037049602,0.100572705,-0.006372791,0.138077,-0.0038450004,-0.0021608365,-0.0012187964,-4.3637752e-05,0.3198309,-0.0024792808,-0.005549662,-0.0030374709,-0.008838554
ATAC_SVEP1,-0.0010877977,0.17144857,0.1876833,-0.0037049602,0.100572705,-0.006372791,0.138077,-0.0038450004,-0.0021608365,-0.0012187964,-4.3637752e-05,0.3198309,-0.0024792808,-0.005549662,-0.0030374709,-0.008838554
ATAC_SVIP,-0.0010877977,0.17144857,0.1876833,-0.0037049602,0.100572705,-0.006372791,0.138077,-0.0038450004,-0.0021608365,-0.0012187964,-4.3637752e-05,0.3198309,-0.0024792808,-0.005549662,-0.0030374709,-0.008838554
ATAC_SYDE2,-0.0024040863,0.1415207,0.17432056,-0.003298131,0.127027,-0.004778313,0.2203616,-0.0031392372,-0.002130174,-5.4818538e-05,0.09923667,0.44896266,-0.0011292415,-0.0056587597,-0.0022980506,-0.008635947
ATAC_SYN2,-0.00011696454,0.21236098,-0.000683652,-0.0013314402,0.19532958,-0.0043197754,0.10959868,-0.0021093998,-0.00075667707,0.020049915,0.08433579,0.1437149,-0.0013695519,-0.0031119208,-0.0015400738,-0.005757833
ATAC_SYNE1,-0.0010877977,0.17144857,0.1876833,-0.0037049602,0.100572705,-0.006372791,0.138077,-0.0038450004,-0.0021608365,-0.0012187964,-4.3637752e-05,0.3198309,-0.0024792808,-0.005549662,-0.0030374709,-0.008838554
ATAC_SYNGAP1,-0.0010877977,0.17144857,0.1876833,-0.0037049602,0.100572705,-0.006372791,0.138077,-0.0038450004,-0.0021608365,-0.0012187964,-4.3637752e-05,0.3198309,-0.0024792808,-0.005549662,-0.0030374709,-0.008838554
ATAC_SYNJ2,-0.0010877977,0.17144857,0.1876833,-0.0037049602,0.100572705,-0.006372791,0.138077,-0.0038450004,-0.0021608365,-0.0012187964,-4.3637752e-05,0.3198309,-0.0024792808,-0.005549662,-0.0030374709,-0.008838554
ATAC_SYT1,-0.0010877977,0.17144857,0.1876833,-0.0037049602,0.100572705,-0.006372791,0.138077,-0.0038450004,-0.0021608365,-0.0012187964,-4.3637752e-05,0.3198309,-0.0024792808,-0.005549662,-0.0030374709,-0.008838554
ATAC_SYT5,-0.0010877977,0.17144857,0.1876833,-0.0037049602,0.100572705,-0.006372791,0.138077,-0.0038450004,-0.0021608365,-0.0012187964,-4.3637752e-05,0.3198309,-0.0024792808,-0.005549662,-0.0030374709,-0.008838554
ATAC_SYT7,-0.0010877977,0.17144857,0.1876833,-0.0037049602,0.100572705,-0.006372791,0.138077,-0.0038450004,-0.0021608365,-0.0012187964,-4.3637752e-05,0.3198309,-0.0024792808,-0.005549662,-0.0030374709,-0.008838554
ATAC_SYTL2,-0.0010877977,0.17144857,0.1876833,-0.0037049602,0.100572705,-0.006372791,0.138077,-0.0038450004,-0.0021608365,-0.0012187964,-4.3637752e-05,0.3198309,-0.0024792808,-0.005549662,-0.0030374709,-0.008838554
ATAC_TAC3,-0.0010877977,0.17144857,0.1876833,-0.0037049602,0.100572705,-0.006372791,0.138077,-0.0038450004,-0.0021608365,-0.0012187964,-4.3637752e-05,0.3198309,-0.0024792808,-0.005549662,-0.0030374709,-0.008838554
ATAC_TAF11,-0.000969918,0.19252154,0.14411108,-0.003343508,0.065803945,-0.006128726,0.045009013,-0.0042504813,-0.0015904757,-0.0017235641,0.020330593,0.33744806,-0.0015573568,-0.004440171,-0.002421792,-0.007847975
ATAC_TAF1A-AS1,-0.0010877977,0.17144857,0.1876833,-0.0037049602,0.100572705,-0.006372791,0.138077,-0.0038450004,-0.0021608365,-0.0012187964,-4.3637752e-05,0.3198309,-0.0024792808,-0.005549662,-0.0030374709,-0.008838554
ATAC_TAF1C,-0.0010877977,0.17144857,0.1876833,-0.0037049602,0.100572705,-0.006372791,0.138077,-0.0038450004,-0.0021608365,-0.0012187964,-4.3637752e-05,0.3198309,-0.0024792808,-0.005549662,-0.0030374709,-0.008838554
ATAC_TAF3,-0.0010877977,0.17144857,0.1876833,-0.0037049602,0.100572705,-0.006372791,0.138077,-0.0038450004,-0.0021608365,-0.0012187964,-4.3637752e-05,0.3198309,-0.0024792808,-0.005549662,-0.0030374709,-0.008838554
ATAC_TANC1,-0.0010877977,0.17144857,0.1876833,-0.0037049602,0.100572705,-0.006372791,0.138077,-0.0038450004,-0.0021608365,-0.0012187964,-4.3637752e-05,0.3198309,-0.0024792808,-0.005549662,-0.0030374709,-0.008838554
ATAC_TBC1D16,-0.0010877977,0.17144857,0.1876833,-0.0037049602,0.100572705,-0.006372791,0.138077,-0.0038450004,-0.0021608365,-0.0012187964,-4.3637752e-05,0.3198309,-0.0024792808,-0.005549662,-0.0030374709,-0.008838554
ATAC_TBC1D17,-0.0010877977,0.17144857,0.1876833,-0.0037049602,0.100572705,-0.006372791,0.138077,-0.0038450004,-0.0021608365,-0.0012187964,-4.3637752e-05,0.3198309,-0.0024792808,-0.005549662,-0.0030374709,-0.008838554
ATAC_TBC1D31,-0.0010877977,0.17144857,0.1876833,-0.0037049602,0.100572705,-0.006372791,0.138077,-0.0038450004,-0.0021608365,-0.0012187964,-4.3637752e-05,0.3198309,-0.0024792808,-0.005549662,-0.0030374709,-0.008838554
ATAC_TBC1D32,-0.0010877977,0.17144857,0.1876833,-0.0037049602,0.100572705,-0.006372791,0.138077,-0.0038450004,-0.0021608365,-0.0012187964,-4.3637752e-05,0.3198309,-0.0024792808,-0.005549662,-0.0030374709,-0.008838554
ATAC_TBC1D4,-0.0010877977,0.17144857,0.1876833,-0.0037049602,0.100572705,-0.006372791,0.138077,-0.0038450004,-0.0021608365,-0.0012187964,-4.3637752e-05,0.3198309,-0.0024792808,-0.005549662,-0.0030374709,-0.008838554
ATAC_TBC1D8-AS1,-0.0010877025,0.17143157,0.18762662,-0.0037047588,0.100559175,-0.006372378,0.13808808,-0.0038446714,-0.0021609736,-0.0012192121,-4.4115484e-05,0.31978244,-0.0024791057,-0.005549787,-0.003037439,-0.008838984
ATAC_TBCCD1,-0.0010877977,0.17144857,0.1876833,-0.0037049602,0.100572705,-0.006372791,0.138077,-0.0038450004,-0.0021608365,-0.0012187964,-4.3637752e-05,0.3198309,-0.0024792808,-0.005549662,-0.0030374709,-0.008838554
ATAC_TBCE,-0.0010877977,0.17144857,0.1876833,-0.0037049602,0.100572705,-0.006372791,0.138077,-0.0038450004,-0.0021608365,-0.0012187964,-4.3637752e-05,0.3198309,-0.0024792808,-0.005549662,-0.0030374709,-0.008838554
ATAC_TBKBP1,-0.001098377,0.1712539,0.18849437,-0.00369753,0.09999989,-0.006368004,0.13725416,-0.0038489501,-0.002165888,-0.0012127643,-4.37656e-05,0.31934452,-0.0024807504,-0.0055478546,-0.0030459722,-0.008841534
ATAC_TBX10,-0.0010830779,0.17180422,0.18685184,-0.0036872083,0.10099611,-0.006358451,0.13639283,-0.0038325652,-0.0021594204,-0.0012038576,-5.9462487e-05,0.31819153,-0.0024758899,-0.00556362,-0.0030404648,-0.008827006
ATAC_TBX20,-0.0010877977,0.17144857,0.1876833,-0.0037049602,0.100572705,-0.006372791,0.138077,-0.0038450004,-0.0021608365,-0.0012187964,-4.3637752e-05,0.3198309,-0.0024792808,-0.005549662,-0.0030374709,-0.008838554
ATAC_TBX21,-0.0010877977,0.17144857,0.1876833,-0.0037049602,0.100572705,-0.006372791,0.138077,-0.0038450004,-0.0021608365,-0.0012187964,-4.3637752e-05,0.3198309,-0.0024792808,-0.005549662,-0.0030374709,-0.008838554
ATAC_TCEAL9,-0.0010877977,0.17144857,0.1876833,-0.0037049602,0.100572705,-0.006372791,0.138077,-0.0038450004,-0.0021608365,-0.0012187964,-4.3637752e-05,0.3198309,-0.0024792808,-0.005549662,-0.0030374709,-0.008838554
ATAC_TCF15,-0.001089381,0.171263,0.18739955,-0.0037050454,0.100506864,-0.006373759,0.13777393,-0.0038477725,-0.0021629855,-0.001217528,-4.0855408e-05,0.32003343,-0.002479988,-0.0055524837,-0.0030372138,-0.008838606
ATAC_TCF19,-0.0010877977,0.17144857,0.1876833,-0.0037049602,0.100572705,-0.006372791,0.138077,-0.0038450004,-0.0021608365,-0.0012187964,-4.3637752e-05,0.3198309,-0.0024792808,-0.005549662,-0.0030374709,-0.008838554
ATAC_TCF20,-0.0010877977,0.17144857,0.1876833,-0.0037049602,0.100572705,-0.006372791,0.138077,-0.0038450004,-0.0021608365,-0.0012187964,-4.3637752e-05,0.3198309,-0.0024792808,-0.005549662,-0.0030374709,-0.008838554
ATAC_TCF7L1,-0.0010877977,0.17144857,0.1876833,-0.0037049602,0.100572705,-0.006372791,0.138077,-0.0038450004,-0.0021608365,-0.0012187964,-4.3637752e-05,0.3198309,-0.0024792808,-0.005549662,-0.0030374709,-0.008838554
ATAC_TCL1A,-0.0010877977,0.17144857,0.1876833,-0.0037049602,0.100572705,-0.006372791,0.138077,-0.0038450004,-0.0021608365,-0.0012187964,-4.3637752e-05,0.3198309,-0.0024792808,-0.005549662,-0.0030374709,-0.008838554
ATAC_TCTA,-0.0010877977,0.17144857,0.1876833,-0.0037049602,0.100572705,-0.006372791,0.138077,-0.0038450004,-0.0021608365,-0.0012187964,-4.3637752e-05,0.3198309,-0.0024792808,-0.005549662,-0.0030374709,-0.008838554
ATAC_TCTN2,-0.0010877977,0.17144857,0.1876833,-0.0037049602,0.100572705,-0.006372791,0.138077,-0.0038450004,-0.0021608365,-0.0012187964,-4.3637752e-05,0.3198309,-0.0024792808,-0.005549662,-0.0030374709,-0.008838554
ATAC_TDRD1,-0.000969918,0.19252154,0.14411108,-0.003343508,0.065803945,-0.006128726,0.045009013,-0.0042504813,-0.0015904757,-0.0017235641,0.020330593,0.33744806,-0.0015573568,-0.004440171,-0.002421792,-0.007847975
ATAC_TECR,-0.0002692328,0.27971274,0.22195147,-0.0037043164,0.082768336,-0.0067989584,0.22432944,-0.004607583,-0.0010071482,-0.001748669,0.025050335,0.2262759,-0.0034180966,-0.0048718187,-0.002874353,-0.007857948
ATAC_TENM1,-0.0010877977,0.17144857,0.1876833,-0.0037049602,0.100572705,-0.006372791,0.138077,-0.0038450004,-0.0021608365,-0.0012187964,-4.3637752e-05,0.3198309,-0.0024792808,-0.005549662,-0.0030374709,-0.008838554
ATAC_TENM2,-0.0010877977,0.17144857,0.1876833,-0.0037049602,0.100572705,-0.006372791,0.138077,-0.0038450004,-0.0021608365,-0.0012187964,-4.3637752e-05,0.3198309,-0.0024792808,-0.005549662,-0.0030374709,-0.008838554
ATAC_TET1,-0.0010877977,0.17144857,0.1876833,-0.0037049602,0.100572705,-0.006372791,0.138077,-0.0038450004,-0.0021608365,-0.0012187964,-4.3637752e-05,0.3198309,-0.0024792808,-0.005549662,-0.0030374709,-0.008838554
ATAC_TEX14,-0.0010877977,0.17144857,0.1876833,-0.0037049602,0.100572705,-0.006372791,0.138077,-0.0038450004,-0.0021608365,-0.0012187964,-4.3637752e-05,0.3198309,-0.0024792808,-0.005549662,-0.0030374709,-0.008838554
ATAC_TEX53,-0.001089381,0.171263,0.18739955,-0.0037050454,0.100506864,-0.006373759,0.13777393,-0.0038477725,-0.0021629855,-0.001217528,-4.0855408e-05,0.32003343,-0.002479988,-0.0055524837,-0.0030372138,-0.008838606
ATAC_TEX55,-0.0010877977,0.17144857,0.1876833,-0.0037049602,0.100572705,-0.006372791,0.138077,-0.0038450004,-0.0021608365,-0.0012187964,-4.3637752e-05,0.3198309,-0.0024792808,-0.005549662,-0.0030374709,-0.008838554
ATAC_TFAP2A-AS1,-0.0010877977,0.17144857,0.1876833,-0.0037049602,0.100572705,-0.006372791,0.138077,-0.0038450004,-0.0021608365,-0.0012187964,-4.3637752e-05,0.3198309,-0.0024792808,-0.005549662,-0.0030374709,-0.008838554
ATAC_TFCP2,-0.0010869089,0.17134966,0.18782078,-0.0036940794,0.100582406,-0.006382549,0.13769183,-0.0038530873,-0.0021651604,-0.0012235153,-5.4287164e-05,0.32054484,-0.0024698982,-0.005544982,-0.0030479955,-0.008847117
ATAC_TFDP2,-0.0010841958,0.17193894,0.18755214,-0.0036988507,0.0997525,-0.006362879,0.13736367,-0.0038406274,-0.0021527873,-0.0012129488,-4.6863555e-05,0.31915337,-0.00248135,-0.0055609285,-0.0030415412,-0.008842919
ATAC_TFR2,-0.0010877977,0.17144857,0.1876833,-0.0037049602,0.100572705,-0.006372791,0.138077,-0.0038450004,-0.0021608365,-0.0012187964,-4.3637752e-05,0.3198309,-0.0024792808,-0.005549662,-0.0030374709,-0.008838554
ATAC_TGFB3,-0.0010877977,0.17144857,0.1876833,-0.0037049602,0.100572705,-0.006372791,0.138077,-0.0038450004,-0.0021608365,-0.0012187964,-4.3637752e-05,0.3198309,-0.0024792808,-0.005549662,-0.0030374709,-0.008838554
ATAC_THBS1,-0.0010877977,0.17144857,0.1876833,-0.0037049602,0.100572705,-0.006372791,0.138077,-0.0038450004,-0.0021608365,-0.0012187964,-4.3637752e-05,0.3198309,-0.0024792808,-0.005549662,-0.0030374709,-0.008838554
ATAC_THEGL,-0.0010877977,0.17144857,0.1876833,-0.0037049602,0.100572705,-0.006372791,0.138077,-0.0038450004,-0.0021608365,-0.0012187964,-4.3637752e-05,0.3198309,-0.0024792808,-0.005549662,-0.0030374709,-0.008838554
ATAC_THEM4,-0.001415606,0.13767102,0.22393946,-0.0036318623,0.08875791,-0.0060442677,0.12835969,-0.003429686,-0.0018784519,-0.0009765511,-1.9599645e-05,0.3178013,-0.002464551,-0.0058472594,-0.003147152,-0.009011823
ATAC_THORLNC,-0.001098377,0.1712539,0.18849437,-0.00369753,0.09999989,-0.006368004,0.13725416,-0.0038489501,-0.002165888,-0.0012127643,-4.37656e-05,0.31934452,-0.0024807504,-0.0055478546,-0.0030459722,-0.008841534
ATAC_THSD8,-0.0010877977,0.17144857,0.1876833,-0.0037049602,0.100572705,-0.006372791,0.138077,-0.0038450004,-0.0021608365,-0.0012187964,-4.3637752e-05,0.3198309,-0.0024792808,-0.005549662,-0.0030374709,-0.008838554
ATAC_TIGD2,-0.0010877977,0.17144857,0.1876833,-0.0037049602,0.100572705,-0.006372791,0.138077,-0.0038450004,-0.0021608365,-0.0012187964,-4.3637752e-05,0.3198309,-0.0024792808,-0.005549662,-0.0030374709,-0.008838554
ATAC_TIGD4,-0.0010888542,0.17235915,0.18812059,-0.0036913478,0.100623675,-0.006379894,0.13929024,-0.003855944,-0.0021685609,-0.0012154165,-5.6066958e-05,0.31897217,-0.002493243,-0.005536244,-0.0030284035,-0.0088438485
ATAC_TIMP3,-0.0010877977,0.17144857,0.1876833,-0.0037049602,0.100572705,-0.006372791,0.138077,-0.0038450004,-0.0021608365,-0.0012187964,-4.3637752e-05,0.3198309,-0.0024792808,-0.005549662,-0.0030374709,-0.008838554
ATAC_TLCD1,-0.0022862065,0.16259366,0.13074835,-0.0029366792,0.092258245,-0.004534248,0.12729365,-0.003544718,-0.0015598136,-0.0005595862,0.123931035,0.46657982,-0.00020731769,-0.004549269,-0.0016823721,-0.0076453686
ATAC_TLCD5,-0.0010877977,0.17144857,0.1876833,-0.0037049602,0.100572705,-0.006372791,0.138077,-0.0038450004,-0.0021608365,-0.0012187964,-4.3637752e-05,0.3198309,-0.0024792808,-0.005549662,-0.0030374709,-0.008838554
ATAC_TLE1,-0.001093214,0.17213835,0.18761642,-0.003688215,0.100282855,-0.006377084,0.1386253,-0.003854621,-0.002168807,-0.0012090006,-6.2396226e-05,0.3188578,-0.002488823,-0.0055432566,-0.0030254384,-0.008836936
ATAC_TLN2,-0.0010877977,0.17144857,0.1876833,-0.0037049602,0.100572705,-0.006372791,0.138077,-0.0038450004,-0.0021608365,-0.0012187964,-4.3637752e-05,0.3198309,-0.0024792808,-0.005549662,-0.0030374709,-0.008838554
ATAC_TM4SF19-AS1,-0.0010877977,0.17144857,0.1876833,-0.0037049602,0.100572705,-0.006372791,0.138077,-0.0038450004,-0.0021608365,-0.0012187964,-4.3637752e-05,0.3198309,-0.0024792808,-0.005549662,-0.0030374709,-0.008838554
ATAC_TMC6,-0.0010877977,0.17144857,0.1876833,-0.0037049602,0.100572705,-0.006372791,0.138077,-0.0038450004,-0.0021608365,-0.0012187964,-4.3637752e-05,0.3198309,-0.0024792808,-0.005549662,-0.0030374709,-0.008838554
ATAC_TMCC2,-0.0010877977,0.17144857,0.1876833,-0.0037049602,0.100572705,-0.006372791,0.138077,-0.0038450004,-0.0021608365,-0.0012187964,-4.3637752e-05,0.3198309,-0.0024792808,-0.005549662,-0.0030374709,-0.008838554
ATAC_TMEM107,-0.0010877977,0.17144857,0.1876833,-0.0037049602,0.100572705,-0.006372791,0.138077,-0.0038450004,-0.0021608365,-0.0012187964,-4.3637752e-05,0.3198309,-0.0024792808,-0.005549662,-0.0030374709,-0.008838554
ATAC_TMEM117,-0.0010877977,0.17144857,0.1876833,-0.0037049602,0.100572705,-0.006372791,0.138077,-0.0038450004,-0.0021608365,-0.0012187964,-4.3637752e-05,0.3198309,-0.0024792808,-0.005549662,-0.0030374709,-0.008838554
ATAC_TMEM151B,-0.0010877977,0.17144857,0.1876833,-0.0037049602,0.100572705,-0.006372791,0.138077,-0.0038450004,-0.0021608365,-0.0012187964,-4.3637752e-05,0.3198309,-0.0024792808,-0.005549662,-0.0030374709,-0.008838554
ATAC_TMEM156,-0.0010877977,0.17144857,0.1876833,-0.0037049602,0.100572705,-0.006372791,0.138077,-0.0038450004,-0.0021608365,-0.0012187964,-4.3637752e-05,0.3198309,-0.0024792808,-0.005549662,-0.0030374709,-0.008838554
ATAC_TMEM169,-0.0010877977,0.17144857,0.1876833,-0.0037049602,0.100572705,-0.006372791,0.138077,-0.0038450004,-0.0021608365,-0.0012187964,-4.3637752e-05,0.3198309,-0.0024792808,-0.005549662,-0.0030374709,-0.008838554
ATAC_TMEM177,-0.001415606,0.13767102,0.22393946,-0.0036318623,0.08875791,-0.0060442677,0.12835969,-0.003429686,-0.0018784519,-0.0009765511,-1.9599645e-05,0.3178013,-0.002464551,-0.0058472594,-0.003147152,-0.009011823
ATAC_TMEM181,-0.0010877977,0.17144857,0.1876833,-0.0037049602,0.100572705,-0.006372791,0.138077,-0.0038450004,-0.0021608365,-0.0012187964,-4.3637752e-05,0.3198309,-0.0024792808,-0.005549662,-0.0030374709,-0.008838554
ATAC_TMEM182,-0.0010087709,0.1689938,0.18310411,-0.0037119465,0.10461819,-0.0064370716,0.12895915,-0.00390555,-0.0020991147,-0.0013152703,-9.14064e-05,0.31548157,-0.0023695433,-0.00561105,-0.003098632,-0.00880173
ATAC_TMEM223,-0.0010860863,0.1710268,0.18784754,-0.003701256,0.101284705,-0.0063759047,0.13832788,-0.003836179,-0.0021499465,-0.0012161382,-5.2752046e-05,0.319309,-0.0024700572,-0.005540353,-0.0030260198,-0.008839308
ATAC_TMEM225B,-0.0010812284,0.17206752,0.1869087,-0.0037084287,0.099853896,-0.0063710767,0.1390107,-0.003842992,-0.002157719,-0.0012157192,-4.562378e-05,0.31905007,-0.0024816594,-0.0055461396,-0.003040055,-0.008826789
ATAC_TMEM238,-0.0010877977,0.17144857,0.1876833,-0.0037049602,0.100572705,-0.006372791,0.138077,-0.0038450004,-0.0021608365,-0.0012187964,-4.3637752e-05,0.3198309,-0.0024792808,-0.005549662,-0.0030374709,-0.008838554
ATAC_TMEM239,-0.001415606,0.13767102,0.22393946,-0.0036318623,0.08875791,-0.0060442677,0.12835969,-0.003429686,-0.0018784519,-0.0009765511,-1.9599645e-05,0.3178013,-0.002464551,-0.0058472594,-0.003147152,-0.009011823
ATAC_TMEM245,-0.0010869697,0.17164974,0.18753345,-0.003706244,0.100386135,-0.00637331,0.13789554,-0.003845286,-0.0021619624,-0.0012192393,-4.4535398e-05,0.31975633,-0.0024776226,-0.0055519105,-0.003038693,-0.0088396
ATAC_TMEM272,-0.0010877977,0.17144857,0.1876833,-0.0037049602,0.100572705,-0.006372791,0.138077,-0.0038450004,-0.0021608365,-0.0012187964,-4.3637752e-05,0.3198309,-0.0024792808,-0.005549662,-0.0030374709,-0.008838554
ATAC_TMEM41B,-0.0010877977,0.17144857,0.1876833,-0.0037049602,0.100572705,-0.006372791,0.138077,-0.0038450004,-0.0021608365,-0.0012187964,-4.3637752e-05,0.3198309,-0.0024792808,-0.005549662,-0.0030374709,-0.008838554
ATAC_TMEM45B,-0.0010877977,0.17144857,0.1876833,-0.0037049602,0.100572705,-0.006372791,0.138077,-0.0038450004,-0.0021608365,-0.0012187964,-4.3637752e-05,0.3198309,-0.0024792808,-0.005549662,-0.0030374709,-0.008838554
ATAC_TMEM65,-0.0010877977,0.17144857,0.1876833,-0.0037049602,0.100572705,-0.006372791,0.138077,-0.0038450004,-0.0021608365,-0.0012187964,-4.3637752e-05,0.3198309,-0.0024792808,-0.005549662,-0.0030374709,-0.008838554
ATAC_TMEM67,-0.0011537647,0.16816655,0.1970344,-0.003797574,0.09833139,-0.0063705854,0.122163825,-0.0039042453,-0.0022116425,-0.0011011281,0.00419046,0.32505834,-0.002397596,-0.005446845,-0.0031328867,-0.0088060945
ATAC_TMEM95,-0.0010877977,0.17144857,0.1876833,-0.0037049602,0.100572705,-0.006372791,0.138077,-0.0038450004,-0.0021608365,-0.0012187964,-4.3637752e-05,0.3198309,-0.0024792808,-0.005549662,-0.0030374709,-0.008838554
ATAC_TMEM98,-0.0010877977,0.17144857,0.1876833,-0.0037049602,0.100572705,-0.006372791,0.138077,-0.0038450004,-0.0021608365,-0.0012187964,-4.3637752e-05,0.3198309,-0.0024792808,-0.005549662,-0.0030374709,-0.008838554
ATAC_TMIGD2,-0.0010877977,0.17144857,0.1876833,-0.0037049602,0.100572705,-0.006372791,0.138077,-0.0038450004,-0.0021608365,-0.0012187964,-4.3637752e-05,0.3198309,-0.0024792808,-0.005549662,-0.0030374709,-0.008838554
ATAC_TMPRSS13,-0.0010877977,0.17144857,0.1876833,-0.0037049602,0.100572705,-0.006372791,0.138077,-0.0038450004,-0.0021608365,-0.0012187964,-4.3637752e-05,0.3198309,-0.0024792808,-0.005549662,-0.0030374709,-0.008838554
ATAC_TMUB1,-0.0010877977,0.17144857,0.1876833,-0.0037049602,0.100572705,-0.006372791,0.138077,-0.0038450004,-0.0021608365,-0.0012187964,-4.3637752e-05,0.3198309,-0.0024792808,-0.005549662,-0.0030374709,-0.008838554
ATAC_TNF,0.03431277,0.040421046,0.23776652,-0.0037278633,0.05029433,-0.005605338,0.24547558,-0.005074939,-0.0031404165,-0.00063511956,-0.0006497684,0.35081488,-0.0024347692,-0.005445791,-0.0030489166,-0.0073359087
ATAC_TNFAIP6,-0.00093042135,0.2348218,0.23366047,-0.0033318293,0.056905776,-0.0067872885,0.060367078,-0.0033510828,-0.0021420114,-0.0019415858,-0.0003128761,0.2628999,-0.0030468786,-0.005736252,-0.0021482417,-0.007875979
ATAC_TNFRSF10D,-0.0010877977,0.17144857,0.1876833,-0.0037049602,0.100572705,-0.006372791,0.138077,-0.0038450004,-0.0021608365,-0.0012187964,-4.3637752e-05,0.3198309,-0.0024792808,-0.005549662,-0.0030374709,-0.008838554
ATAC_TNFRSF11A,-0.0010869697,0.17164974,0.18753345,-0.003706244,0.100386135,-0.00637331,0.13789554,-0.003845286,-0.0021619624,-0.0012192393,-4.4535398e-05,0.31975633,-0.0024776226,-0.0055519105,-0.003038693,-0.0088396
ATAC_TNFRSF13C,-0.0010877977,0.17144857,0.1876833,-0.0037049602,0.100572705,-0.006372791,0.138077,-0.0038450004,-0.0021608365,-0.0012187964,-4.3637752e-05,0.3198309,-0.0024792808,-0.005549662,-0.0030374709,-0.008838554
ATAC_TNFRSF17,-0.00011696454,0.21236098,-0.000683652,-0.0013314402,0.19532958,-0.0043197754,0.10959868,-0.0021093998,-0.00075667707,0.020049915,0.08433579,0.1437149,-0.0013695519,-0.0031119208,-0.0015400738,-0.005757833
ATAC_TNFRSF18,-0.0010869089,0.17134966,0.18782078,-0.0036940794,0.100582406,-0.006382549,0.13769183,-0.0038530873,-0.0021651604,-0.0012235153,-5.4287164e-05,0.32054484,-0.0024698982,-0.005544982,-0.0030479955,-0.008847117
ATAC_TNFRSF25,-0.0010877977,0.17144857,0.1876833,-0.0037049602,0.100572705,-0.006372791,0.138077,-0.0038450004,-0.0021608365,-0.0012187964,-4.3637752e-05,0.3198309,-0.0024792808,-0.005549662,-0.0030374709,-0.008838554
ATAC_TNFRSF4,0.03452301,0.04026641,0.23782183,-0.0037282286,0.050472066,-0.0056052823,0.24564543,-0.0050730943,-0.00314183,-0.0006330963,-0.0006514372,0.3508042,-0.0024353578,-0.005446627,-0.003049812,-0.0073333606
ATAC_TNIP3,-0.0011671075,0.14843172,0.16338821,-0.003698116,0.07114078,-0.0063557927,0.11208819,-0.003480601,-0.0025679201,-0.0016585044,0.035571404,0.33928636,-0.0019252391,-0.0054985806,-0.003232858,-0.009082847
ATAC_TNNC1,-0.0014143571,0.13797408,0.22373237,-0.0036316758,0.088448144,-0.00604445,0.1285319,-0.0034328748,-0.0018803009,-0.0009795092,-1.715526e-05,0.31808174,-0.002467425,-0.005846558,-0.0031436174,-0.00901317
ATAC_TNXB,-0.0022274845,0.13816793,0.1279278,-0.003270008,0.154127,-0.005384745,0.020729061,-0.0030386627,-0.00265484,-0.0017434317,-0.00017110571,0.3754688,-0.002063502,-0.0054689115,-0.0017830168,-0.0073061064
ATAC_TOB1-AS1,-0.0010860863,0.1710268,0.18784754,-0.003701256,0.101284705,-0.0063759047,0.13832788,-0.003836179,-0.0021499465,-0.0012161382,-5.2752046e-05,0.319309,-0.0024700572,-0.005540353,-0.0030260198,-0.008839308
ATAC_TOGARAM2,-0.0010877977,0.17144857,0.1876833,-0.0037049602,0.100572705,-0.006372791,0.138077,-0.0038450004,-0.0021608365,-0.0012187964,-4.3637752e-05,0.3198309,-0.0024792808,-0.005549662,-0.0030374709,-0.008838554
ATAC_TP53I13,-0.0010877977,0.17144857,0.1876833,-0.0037049602,0.100572705,-0.006372791,0.138077,-0.0038450004,-0.0021608365,-0.0012187964,-4.3637752e-05,0.3198309,-0.0024792808,-0.005549662,-0.0030374709,-0.008838554
ATAC_TP53TG1,-0.001085407,0.17205968,0.18749638,-0.003699575,0.09980859,-0.0063624983,0.13736963,-0.0038411943,-0.002152097,-0.0012119242,-4.73845e-05,0.31911975,-0.0024809137,-0.005560232,-0.0030426607,-0.00884221
ATAC_TPD52,-0.001098377,0.1712539,0.18849437,-0.00369753,0.09999989,-0.006368004,0.13725416,-0.0038489501,-0.002165888,-0.0012127643,-4.37656e-05,0.31934452,-0.0024807504,-0.0055478546,-0.0030459722,-0.008841534
ATAC_TPST1,-0.0010877977,0.17144857,0.1876833,-0.0037049602,0.100572705,-0.006372791,0.138077,-0.0038450004,-0.0021608365,-0.0012187964,-4.3637752e-05,0.3198309,-0.0024792808,-0.005549662,-0.0030374709,-0.008838554
ATAC_TPT1-AS1,-0.001415606,0.13767102,0.22393946,-0.0036318623,0.08875791,-0.0060442677,0.12835969,-0.003429686,-0.0018784519,-0.0009765511,-1.9599645e-05,0.3178013,-0.002464551,-0.0058472594,-0.003147152,-0.009011823
ATAC_TRABD2A,-0.0011671075,0.14843172,0.16338821,-0.003698116,0.07114078,-0.0063557927,0.11208819,-0.003480601,-0.0025679201,-0.0016585044,0.035571404,0.33928636,-0.0019252391,-0.0054985806,-0.003232858,-0.009082847
ATAC_TRAF1,-0.0010877977,0.17144857,0.1876833,-0.0037049602,0.100572705,-0.006372791,0.138077,-0.0038450004,-0.0021608365,-0.0012187964,-4.3637752e-05,0.3198309,-0.0024792808,-0.005549662,-0.0030374709,-0.008838554
ATAC_TRAF5,-0.0010877977,0.17144857,0.1876833,-0.0037049602,0.100572705,-0.006372791,0.138077,-0.0038450004,-0.0021608365,-0.0012187964,-4.3637752e-05,0.3198309,-0.0024792808,-0.005549662,-0.0030374709,-0.008838554
ATAC_TRAJ14,-0.0010877977,0.17144857,0.1876833,-0.0037049602,0.100572705,-0.006372791,0.138077,-0.0038450004,-0.0021608365,-0.0012187964,-4.3637752e-05,0.3198309,-0.0024792808,-0.005549662,-0.0030374709,-0.008838554
ATAC_TRAJ33,-0.0010877977,0.17144857,0.1876833,-0.0037049602,0.100572705,-0.006372791,0.138077,-0.0038450004,-0.0021608365,-0.0012187964,-4.3637752e-05,0.3198309,-0.0024792808,-0.005549662,-0.0030374709,-0.008838554
ATAC_TRAJ44,-0.0010877977,0.17144857,0.1876833,-0.0037049602,0.100572705,-0.006372791,0.138077,-0.0038450004,-0.0021608365,-0.0012187964,-4.3637752e-05,0.3198309,-0.0024792808,-0.005549662,-0.0030374709,-0.008838554
ATAC_TRAJ48,-0.0010877977,0.17144857,0.1876833,-0.0037049602,0.100572705,-0.006372791,0.138077,-0.0038450004,-0.0021608365,-0.0012187964,-4.3637752e-05,0.3198309,-0.0024792808,-0.005549662,-0.0030374709,-0.008838554
ATAC_TRAK2,-0.0010877977,0.17144857,0.1876833,-0.0037049602,0.100572705,-0.006372791,0.138077,-0.0038450004,-0.0021608365,-0.0012187964,-4.3637752e-05,0.3198309,-0.0024792808,-0.005549662,-0.0030374709,-0.008838554
ATAC_TRANK1,-0.0010877977,0.17144857,0.1876833,-0.0037049602,0.100572705,-0.006372791,0.138077,-0.0038450004,-0.0021608365,-0.0012187964,-4.3637752e-05,0.3198309,-0.0024792808,-0.005549662,-0.0030374709,-0.008838554
ATAC_TRAP1,-0.0010877977,0.17144857,0.1876833,-0.0037049602,0.100572705,-0.006372791,0.138077,-0.0038450004,-0.0021608365,-0.0012187964,-4.3637752e-05,0.3198309,-0.0024792808,-0.005549662,-0.0030374709,-0.008838554
ATAC_TRAT1,-0.0010869697,0.17164974,0.18753345,-0.003706244,0.100386135,-0.00637331,0.13789554,-0.003845286,-0.0021619624,-0.0012192393,-4.4535398e-05,0.31975633,-0.0024776226,-0.0055519105,-0.003038693,-0.0088396
ATAC_TRAV1-2,-0.0010877977,0.17144857,0.1876833,-0.0037049602,0.100572705,-0.006372791,0.138077,-0.0038450004,-0.0021608365,-0.0012187964,-4.3637752e-05,0.3198309,-0.0024792808,-0.005549662,-0.0030374709,-0.008838554
ATAC_TRAV18,-0.0010877977,0.17144857,0.1876833,-0.0037049602,0.100572705,-0.006372791,0.138077,-0.0038450004,-0.0021608365,-0.0012187964,-4.3637752e-05,0.3198309,-0.0024792808,-0.005549662,-0.0030374709,-0.008838554
ATAC_TRAV19,-0.0010877977,0.17144857,0.1876833,-0.0037049602,0.100572705,-0.006372791,0.138077,-0.0038450004,-0.0021608365,-0.0012187964,-4.3637752e-05,0.3198309,-0.0024792808,-0.005549662,-0.0030374709,-0.008838554
ATAC_TRAV22,-0.0010877977,0.17144857,0.1876833,-0.0037049602,0.100572705,-0.006372791,0.138077,-0.0038450004,-0.0021608365,-0.0012187964,-4.3637752e-05,0.3198309,-0.0024792808,-0.005549662,-0.0030374709,-0.008838554
ATAC_TRAV25,-0.001089381,0.171263,0.18739955,-0.0037050454,0.100506864,-0.006373759,0.13777393,-0.0038477725,-0.0021629855,-0.001217528,-4.0855408e-05,0.32003343,-0.002479988,-0.0055524837,-0.0030372138,-0.008838606
ATAC_TRAV26-1,-0.0010888542,0.17235915,0.18812059,-0.0036913478,0.100623675,-0.006379894,0.13929024,-0.003855944,-0.0021685609,-0.0012154165,-5.6066958e-05,0.31897217,-0.002493243,-0.005536244,-0.0030284035,-0.0088438485
ATAC_TRAV6,-0.0010877977,0.17144857,0.1876833,-0.0037049602,0.100572705,-0.006372791,0.138077,-0.0038450004,-0.0021608365,-0.0012187964,-4.3637752e-05,0.3198309,-0.0024792808,-0.005549662,-0.0030374709,-0.008838554
ATAC_TRAV8-2,-0.0010869089,0.17134966,0.18782078,-0.0036940794,0.100582406,-0.006382549,0.13769183,-0.0038530873,-0.0021651604,-0.0012235153,-5.4287164e-05,0.32054484,-0.0024698982,-0.005544982,-0.0030479955,-0.008847117
ATAC_TRAV8-6,-0.00086878025,0.13297671,0.1953061,-0.0037054007,0.09132304,-0.0061247097,0.1678289,-0.0037718385,-0.0017242831,-0.0013315682,-0.00016426771,0.31021953,-0.0023178183,-0.005418307,-0.0034319286,-0.008577738
ATAC_TRAV9-2,-0.001087727,0.1714377,0.1876375,-0.0037046217,0.10054491,-0.0063724616,0.13807371,-0.0038452481,-0.0021604009,-0.0012189316,-4.3976754e-05,0.31983286,-0.002478898,-0.005549348,-0.0030372092,-0.008838146
ATAC_TRBJ1-4,-0.0010877977,0.17144857,0.1876833,-0.0037049602,0.100572705,-0.006372791,0.138077,-0.0038450004,-0.0021608365,-0.0012187964,-4.3637752e-05,0.3198309,-0.0024792808,-0.005549662,-0.0030374709,-0.008838554
ATAC_TRBV11-3,-0.0010877977,0.17144857,0.1876833,-0.0037049602,0.100572705,-0.006372791,0.138077,-0.0038450004,-0.0021608365,-0.0012187964,-4.3637752e-05,0.3198309,-0.0024792808,-0.005549662,-0.0030374709,-0.008838554
ATAC_TRBV13,-0.0010877977,0.17144857,0.1876833,-0.0037049602,0.100572705,-0.006372791,0.138077,-0.0038450004,-0.0021608365,-0.0012187964,-4.3637752e-05,0.3198309,-0.0024792808,-0.005549662,-0.0030374709,-0.008838554
ATAC_TRBV21-1,-0.0010877977,0.17144857,0.1876833,-0.0037049602,0.100572705,-0.006372791,0.138077,-0.0038450004,-0.0021608365,-0.0012187964,-4.3637752e-05,0.3198309,-0.0024792808,-0.005549662,-0.0030374709,-0.008838554
ATAC_TRBV23-1,-0.0010877977,0.17144857,0.1876833,-0.0037049602,0.100572705,-0.006372791,0.138077,-0.0038450004,-0.0021608365,-0.0012187964,-4.3637752e-05,0.3198309,-0.0024792808,-0.005549662,-0.0030374709,-0.008838554
ATAC_TRDC,-0.0010877977,0.17144857,0.1876833,-0.0037049602,0.100572705,-0.006372791,0.138077,-0.0038450004,-0.0021608365,-0.0012187964,-4.3637752e-05,0.3198309,-0.0024792808,-0.005549662,-0.0030374709,-0.008838554
ATAC_TRDJ1,-0.0010877977,0.17144857,0.1876833,-0.0037049602,0.100572705,-0.006372791,0.138077,-0.0038450004,-0.0021608365,-0.0012187964,-4.3637752e-05,0.3198309,-0.0024792808,-0.005549662,-0.0030374709,-0.008838554
ATAC_TRDV1,-0.0010877977,0.17144857,0.1876833,-0.0037049602,0.100572705,-0.006372791,0.138077,-0.0038450004,-0.0021608365,-0.0012187964,-4.3637752e-05,0.3198309,-0.0024792808,-0.005549662,-0.0030374709,-0.008838554
ATAC_TRDV2,-0.0002692328,0.27971274,0.22195147,-0.0037043164,0.082768336,-0.0067989584,0.22432944,-0.004607583,-0.0010071482,-0.001748669,0.025050335,0.2262759,-0.0034180966,-0.0048718187,-0.002874353,-0.007857948
ATAC_TRGC1,-0.0010877977,0.17144857,0.1876833,-0.0037049602,0.100572705,-0.006372791,0.138077,-0.0038450004,-0.0021608365,-0.0012187964,-4.3637752e-05,0.3198309,-0.0024792808,-0.005549662,-0.0030374709,-0.008838554
ATAC_TRGC2,-0.0010921574,0.17122777,0.18717916,-0.0037018275,0.100231886,-0.006369981,0.13741207,-0.0038436772,-0.0021610826,-0.0012123802,-4.996702e-05,0.3197165,-0.002474861,-0.005556675,-0.0030345058,-0.008831642
ATAC_TRGJP1,-0.0010877977,0.17144857,0.1876833,-0.0037049602,0.100572705,-0.006372791,0.138077,-0.0038450004,-0.0021608365,-0.0012187964,-4.3637752e-05,0.3198309,-0.0024792808,-0.005549662,-0.0030374709,-0.008838554
ATAC_TRGV10,-0.0010877977,0.17144857,0.1876833,-0.0037049602,0.100572705,-0.006372791,0.138077,-0.0038450004,-0.0021608365,-0.0012187964,-4.3637752e-05,0.3198309,-0.0024792808,-0.005549662,-0.0030374709,-0.008838554
ATAC_TRGV2,0.050050408,0.10379427,0.28374368,-0.0033547324,0.0066273957,-0.0060198368,0.16776565,-0.004581021,-0.0031215914,-0.001357909,-0.00091900676,0.2938839,-0.003002367,-0.0056323814,-0.0021596875,-0.006373334
ATAC_TRGV8,-0.0010866908,0.17141344,0.18764763,-0.0037059127,0.100545496,-0.0063722543,0.13789329,-0.0038468975,-0.0021582644,-0.0012180605,-4.4480857e-05,0.3197527,-0.0024808592,-0.0055512474,-0.0030392453,-0.008838414
ATAC_TRGV9,-0.0010877977,0.17144857,0.1876833,-0.0037049602,0.100572705,-0.006372791,0.138077,-0.0038450004,-0.0021608365,-0.0012187964,-4.3637752e-05,0.3198309,-0.0024792808,-0.005549662,-0.0030374709,-0.008838554
ATAC_TRIM14,-0.0010877977,0.17144857,0.1876833,-0.0037049602,0.100572705,-0.006372791,0.138077,-0.0038450004,-0.0021608365,-0.0012187964,-4.3637752e-05,0.3198309,-0.0024792808,-0.005549662,-0.0030374709,-0.008838554
ATAC_TRIM23,-0.0010877977,0.17144857,0.1876833,-0.0037049602,0.100572705,-0.006372791,0.138077,-0.0038450004,-0.0021608365,-0.0012187964,-4.3637752e-05,0.3198309,-0.0024792808,-0.005549662,-0.0030374709,-0.008838554
ATAC_TRIM69,-0.0010877977,0.17144857,0.1876833,-0.0037049602,0.100572705,-0.006372791,0.138077,-0.0038450004,-0.0021608365,-0.0012187964,-4.3637752e-05,0.3198309,-0.0024792808,-0.005549662,-0.0030374709,-0.008838554
ATAC_TRIP11,-0.0010877977,0.17144857,0.1876833,-0.0037049602,0.100572705,-0.006372791,0.138077,-0.0038450004,-0.0021608365,-0.0012187964,-4.3637752e-05,0.3198309,-0.0024792808,-0.005549662,-0.0030374709,-0.008838554
ATAC_TRMT11,-0.0010877977,0.17144857,0.1876833,-0.0037049602,0.100572705,-0.006372791,0.138077,-0.0038450004,-0.0021608365,-0.0012187964,-4.3637752e-05,0.3198309,-0.0024792808,-0.005549662,-0.0030374709,-0.008838554
ATAC_TRMT13,-0.0010877977,0.17144857,0.1876833,-0.0037049602,0.100572705,-0.006372791,0.138077,-0.0038450004,-0.0021608365,-0.0012187964,-4.3637752e-05,0.3198309,-0.0024792808,-0.005549662,-0.0030374709,-0.008838554
ATAC_TRNAU1AP,-0.0010877977,0.17144857,0.1876833,-0.0037049602,0.100572705,-0.006372791,0.138077,-0.0038450004,-0.0021608365,-0.0012187964,-4.3637752e-05,0.3198309,-0.0024792808,-0.005549662,-0.0030374709,-0.008838554
ATAC_TRO,-0.0010877977,0.17144857,0.1876833,-0.0037049602,0.100572705,-0.006372791,0.138077,-0.0038450004,-0.0021608365,-0.0012187964,-4.3637752e-05,0.3198309,-0.0024792808,-0.005549662,-0.0030374709,-0.008838554
ATAC_TRPC1,-0.0010877977,0.17144857,0.1876833,-0.0037049602,0.100572705,-0.006372791,0.138077,-0.0038450004,-0.0021608365,-0.0012187964,-4.3637752e-05,0.3198309,-0.0024792808,-0.005549662,-0.0030374709,-0.008838554
ATAC_TRPM6,-0.0010866908,0.17141344,0.18764763,-0.0037059127,0.100545496,-0.0063722543,0.13789329,-0.0038468975,-0.0021582644,-0.0012180605,-4.4480857e-05,0.3197527,-0.0024808592,-0.0055512474,-0.0030392453,-0.008838414
ATAC_TSACC,-0.0010877977,0.17144857,0.1876833,-0.0037049602,0.100572705,-0.006372791,0.138077,-0.0038450004,-0.0021608365,-0.0012187964,-4.3637752e-05,0.3198309,-0.0024792808,-0.005549662,-0.0030374709,-0.008838554
ATAC_TSC22D1-AS1,-0.0010877977,0.17144857,0.1876833,-0.0037049602,0.100572705,-0.006372791,0.138077,-0.0038450004,-0.0021608365,-0.0012187964,-4.3637752e-05,0.3198309,-0.0024792808,-0.005549662,-0.0030374709,-0.008838554
ATAC_TSEN54,-0.0010877977,0.17144857,0.1876833,-0.0037049602,0.100572705,-0.006372791,0.138077,-0.0038450004,-0.0021608365,-0.0012187964,-4.3637752e-05,0.3198309,-0.0024792808,-0.005549662,-0.0030374709,-0.008838554
ATAC_TSGA10,-0.0010877977,0.17144857,0.1876833,-0.0037049602,0.100572705,-0.006372791,0.138077,-0.0038450004,-0.0021608365,-0.0012187964,-4.3637752e-05,0.3198309,-0.0024792808,-0.005549662,-0.0030374709,-0.008838554
ATAC_TSHZ2,-0.0010827201,0.17221534,0.18773453,-0.0037098299,0.09967679,-0.006372278,0.1379404,-0.0038487294,-0.0021521854,-0.001214117,-4.2605698e-05,0.3190115,-0.0024717343,-0.005547055,-0.003045626,-0.0088465875
ATAC_TSPAN18,-0.0010877977,0.17144857,0.1876833,-0.0037049602,0.100572705,-0.006372791,0.138077,-0.0038450004,-0.0021608365,-0.0012187964,-4.3637752e-05,0.3198309,-0.0024792808,-0.005549662,-0.0030374709,-0.008838554
ATAC_TSPOAP1,-0.0002692328,0.27971274,0.22195147,-0.0037043164,0.082768336,-0.0067989584,0.22432944,-0.004607583,-0.0010071482,-0.001748669,0.025050335,0.2262759,-0.0034180966,-0.0048718187,-0.002874353,-0.007857948
ATAC_TSPOAP1-AS1,-0.0011537647,0.16816655,0.1970344,-0.003797574,0.09833139,-0.0063705854,0.122163825,-0.0039042453,-0.0022116425,-0.0011011281,0.00419046,0.32505834,-0.002397596,-0.005446845,-0.0031328867,-0.0088060945
ATAC_TSPYL2,-0.0010877977,0.17144857,0.1876833,-0.0037049602,0.100572705,-0.006372791,0.138077,-0.0038450004,-0.0021608365,-0.0012187964,-4.3637752e-05,0.3198309,-0.0024792808,-0.005549662,-0.0030374709,-0.008838554
ATAC_TSTD1,-0.0010877977,0.17144857,0.1876833,-0.0037049602,0.100572705,-0.006372791,0.138077,-0.0038450004,-0.0021608365,-0.0012187964,-4.3637752e-05,0.3198309,-0.0024792808,-0.005549662,-0.0030374709,-0.008838554
ATAC_TTC16,-0.002408446,0.14129989,0.1738164,-0.003294999,0.12668619,-0.004775503,0.21969667,-0.0031379138,-0.0021304204,-4.84024e-05,0.09860373,0.44884828,-0.0011248217,-0.005665773,-0.0022950855,-0.008629035
ATAC_TTC27,-0.0011537647,0.16816655,0.1970344,-0.003797574,0.09833139,-0.0063705854,0.122163825,-0.0039042453,-0.0022116425,-0.0011011281,0.00419046,0.32505834,-0.002397596,-0.005446845,-0.0031328867,-0.0088060945
ATAC_TTC28,-0.0010877977,0.17144857,0.1876833,-0.0037049602,0.100572705,-0.006372791,0.138077,-0.0038450004,-0.0021608365,-0.0012187964,-4.3637752e-05,0.3198309,-0.0024792808,-0.005549662,-0.0030374709,-0.008838554
ATAC_TTC28-AS1,-0.0010877977,0.17144857,0.1876833,-0.0037049602,0.100572705,-0.006372791,0.138077,-0.0038450004,-0.0021608365,-0.0012187964,-4.3637752e-05,0.3198309,-0.0024792808,-0.005549662,-0.0030374709,-0.008838554
ATAC_TTC38,-0.0010877977,0.17144857,0.1876833,-0.0037049602,0.100572705,-0.006372791,0.138077,-0.0038450004,-0.0021608365,-0.0012187964,-4.3637752e-05,0.3198309,-0.0024792808,-0.005549662,-0.0030374709,-0.008838554
ATAC_TTC39B,-0.0010877977,0.17144857,0.1876833,-0.0037049602,0.100572705,-0.006372791,0.138077,-0.0038450004,-0.0021608365,-0.0012187964,-4.3637752e-05,0.3198309,-0.0024792808,-0.005549662,-0.0030374709,-0.008838554
ATAC_TTF1,-0.0010877977,0.17144857,0.1876833,-0.0037049602,0.100572705,-0.006372791,0.138077,-0.0038450004,-0.0021608365,-0.0012187964,-4.3637752e-05,0.3198309,-0.0024792808,-0.005549662,-0.0030374709,-0.008838554
ATAC_TTLL6,-0.0010877977,0.17144857,0.1876833,-0.0037049602,0.100572705,-0.006372791,0.138077,-0.0038450004,-0.0021608365,-0.0012187964,-4.3637752e-05,0.3198309,-0.0024792808,-0.005549662,-0.0030374709,-0.008838554
ATAC_TTR,-0.0010087709,0.1689938,0.18310411,-0.0037119465,0.10461819,-0.0064370716,0.12895915,-0.00390555,-0.0020991147,-0.0013152703,-9.14064e-05,0.31548157,-0.0023695433,-0.00561105,-0.003098632,-0.00880173
ATAC_TUBA1C,-0.0010877977,0.17144857,0.1876833,-0.0037049602,0.100572705,-0.006372791,0.138077,-0.0038450004,-0.0021608365,-0.0012187964,-4.3637752e-05,0.3198309,-0.0024792808,-0.005549662,-0.0030374709,-0.008838554
ATAC_TUBA4B,-0.0010877977,0.17144857,0.1876833,-0.0037049602,0.100572705,-0.006372791,0.138077,-0.0038450004,-0.0021608365,-0.0012187964,-4.3637752e-05,0.3198309,-0.0024792808,-0.005549662,-0.0030374709,-0.008838554
ATAC_TUBD1,-0.001089381,0.171263,0.18739955,-0.0037050454,0.100506864,-0.006373759,0.13777393,-0.0038477725,-0.0021629855,-0.001217528,-4.0855408e-05,0.32003343,-0.002479988,-0.0055524837,-0.0030372138,-0.008838606
ATAC_TUBGCP5,-0.0010877977,0.17144857,0.1876833,-0.0037049602,0.100572705,-0.006372791,0.138077,-0.0038450004,-0.0021608365,-0.0012187964,-4.3637752e-05,0.3198309,-0.0024792808,-0.005549662,-0.0030374709,-0.008838554
ATAC_TUBGCP6,-0.0010877977,0.17144857,0.1876833,-0.0037049602,0.100572705,-0.006372791,0.138077,-0.0038450004,-0.0021608365,-0.0012187964,-4.3637752e-05,0.3198309,-0.0024792808,-0.005549662,-0.0030374709,-0.008838554
ATAC_TXK,-0.0010977697,0.1736672,0.18679185,-0.003702291,0.10252433,-0.0063623767,0.13697329,-0.003855637,-0.0021820106,-0.0012091416,-5.6904402e-05,0.32209125,-0.0024625286,-0.005526911,-0.0030260407,-0.00883111
ATAC_UBAP2,-0.0010877977,0.17144857,0.1876833,-0.0037049602,0.100572705,-0.006372791,0.138077,-0.0038450004,-0.0021608365,-0.0012187964,-4.3637752e-05,0.3198309,-0.0024792808,-0.005549662,-0.0030374709,-0.008838554
ATAC_UBASH3A,-0.0010877977,0.17144857,0.1876833,-0.0037049602,0.100572705,-0.006372791,0.138077,-0.0038450004,-0.0021608365,-0.0012187964,-4.3637752e-05,0.3198309,-0.0024792808,-0.005549662,-0.0030374709,-0.008838554
ATAC_UBE2C,-0.0010877977,0.17144857,0.1876833,-0.0037049602,0.100572705,-0.006372791,0.138077,-0.0038450004,-0.0021608365,-0.0012187964,-4.3637752e-05,0.3198309,-0.0024792808,-0.005549662,-0.0030374709,-0.008838554
ATAC_UBE2D3-AS1,-0.0010869697,0.17164974,0.18753345,-0.003706244,0.100386135,-0.00637331,0.13789554,-0.003845286,-0.0021619624,-0.0012192393,-4.4535398e-05,0.31975633,-0.0024776226,-0.0055519105,-0.003038693,-0.0088396
ATAC_UBE3D,-0.0010877977,0.17144857,0.1876833,-0.0037049602,0.100572705,-0.006372791,0.138077,-0.0038450004,-0.0021608365,-0.0012187964,-4.3637752e-05,0.3198309,-0.0024792808,-0.005549662,-0.0030374709,-0.008838554
ATAC_UBTF,-0.0010877977,0.17144857,0.1876833,-0.0037049602,0.100572705,-0.006372791,0.138077,-0.0038450004,-0.0021608365,-0.0012187964,-4.3637752e-05,0.3198309,-0.0024792808,-0.005549662,-0.0030374709,-0.008838554
ATAC_UBXN2A,-0.0010877977,0.17144857,0.1876833,-0.0037049602,0.100572705,-0.006372791,0.138077,-0.0038450004,-0.0021608365,-0.0012187964,-4.3637752e-05,0.3198309,-0.0024792808,-0.005549662,-0.0030374709,-0.008838554
ATAC_UCKL1,-0.001087727,0.1714377,0.1876375,-0.0037046217,0.10054491,-0.0063724616,0.13807371,-0.0038452481,-0.0021604009,-0.0012189316,-4.3976754e-05,0.31983286,-0.002478898,-0.005549348,-0.0030372092,-0.008838146
ATAC_UCN,-0.001415606,0.13767102,0.22393946,-0.0036318623,0.08875791,-0.0060442677,0.12835969,-0.003429686,-0.0018784519,-0.0009765511,-1.9599645e-05,0.3178013,-0.002464551,-0.0058472594,-0.003147152,-0.009011823
ATAC_UCN2,-0.0010877977,0.17144857,0.1876833,-0.0037049602,0.100572705,-0.006372791,0.138077,-0.0038450004,-0.0021608365,-0.0012187964,-4.3637752e-05,0.3198309,-0.0024792808,-0.005549662,-0.0030374709,-0.008838554
ATAC_UCP1,-0.0010877977,0.17144857,0.1876833,-0.0037049602,0.100572705,-0.006372791,0.138077,-0.0038450004,-0.0021608365,-0.0012187964,-4.3637752e-05,0.3198309,-0.0024792808,-0.005549662,-0.0030374709,-0.008838554
ATAC_UFL1-AS1,-0.0010877977,0.17144857,0.1876833,-0.0037049602,0.100572705,-0.006372791,0.138077,-0.0038450004,-0.0021608365,-0.0012187964,-4.3637752e-05,0.3198309,-0.0024792808,-0.005549662,-0.0030374709,-0.008838554
ATAC_ULBP1,-0.0010877977,0.17144857,0.1876833,-0.0037049602,0.100572705,-0.006372791,0.138077,-0.0038450004,-0.0021608365,-0.0012187964,-4.3637752e-05,0.3198309,-0.0024792808,-0.005549662,-0.0030374709,-0.008838554
ATAC_ULBP2,-0.0010877977,0.17144857,0.1876833,-0.0037049602,0.100572705,-0.006372791,0.138077,-0.0038450004,-0.0021608365,-0.0012187964,-4.3637752e-05,0.3198309,-0.0024792808,-0.005549662,-0.0030374709,-0.008838554
ATAC_ULK3,-0.0010877977,0.17144857,0.1876833,-0.0037049602,0.100572705,-0.006372791,0.138077,-0.0038450004,-0.0021608365,-0.0012187964,-4.3637752e-05,0.3198309,-0.0024792808,-0.005549662,-0.0030374709,-0.008838554
ATAC_ULK4,-0.0010087709,0.1689938,0.18310411,-0.0037119465,0.10461819,-0.0064370716,0.12895915,-0.00390555,-0.0020991147,-0.0013152703,-9.14064e-05,0.31548157,-0.0023695433,-0.00561105,-0.003098632,-0.00880173
ATAC_UNC13A,-0.0010877977,0.17144857,0.1876833,-0.0037049602,0.100572705,-0.006372791,0.138077,-0.0038450004,-0.0021608365,-0.0012187964,-4.3637752e-05,0.3198309,-0.0024792808,-0.005549662,-0.0030374709,-0.008838554
ATAC_UNC5B-AS1,-0.0010877977,0.17144857,0.1876833,-0.0037049602,0.100572705,-0.006372791,0.138077,-0.0038450004,-0.0021608365,-0.0012187964,-4.3637752e-05,0.3198309,-0.0024792808,-0.005549662,-0.0030374709,-0.008838554
ATAC_UNKL,-0.0010877977,0.17144857,0.1876833,-0.0037049602,0.100572705,-0.006372791,0.138077,-0.0038450004,-0.0021608365,-0.0012187964,-4.3637752e-05,0.3198309,-0.0024792808,-0.005549662,-0.0030374709,-0.008838554
ATAC_UPK2,-0.0010869697,0.17164974,0.18753345,-0.003706244,0.100386135,-0.00637331,0.13789554,-0.003845286,-0.0021619624,-0.0012192393,-4.4535398e-05,0.31975633,-0.0024776226,-0.0055519105,-0.003038693,-0.0088396
ATAC_UPP2,-0.0010866908,0.17141344,0.18764763,-0.0037059127,0.100545496,-0.0063722543,0.13789329,-0.0038468975,-0.0021582644,-0.0012180605,-4.4480857e-05,0.3197527,-0.0024808592,-0.0055512474,-0.0030392453,-0.008838414
ATAC_URGCP,-0.0010877977,0.17144857,0.1876833,-0.0037049602,0.100572705,-0.006372791,0.138077,-0.0038450004,-0.0021608365,-0.0012187964,-4.3637752e-05,0.3198309,-0.0024792808,-0.005549662,-0.0030374709,-0.008838554
ATAC_USH1G,-0.0010877977,0.17144857,0.1876833,-0.0037049602,0.100572705,-0.006372791,0.138077,-0.0038450004,-0.0021608365,-0.0012187964,-4.3637752e-05,0.3198309,-0.0024792808,-0.005549662,-0.0030374709,-0.008838554
ATAC_USP11,-0.0010877977,0.17144857,0.1876833,-0.0037049602,0.100572705,-0.006372791,0.138077,-0.0038450004,-0.0021608365,-0.0012187964,-4.3637752e-05,0.3198309,-0.0024792808,-0.005549662,-0.0030374709,-0.008838554
ATAC_USP2-AS1,-0.0010877977,0.17144857,0.1876833,-0.0037049602,0.100572705,-0.006372791,0.138077,-0.0038450004,-0.0021608365,-0.0012187964,-4.3637752e-05,0.3198309,-0.0024792808,-0.005549662,-0.0030374709,-0.008838554
ATAC_USP20,-0.001085407,0.17205968,0.18749638,-0.003699575,0.09980859,-0.0063624983,0.13736963,-0.0038411943,-0.002152097,-0.0012119242,-4.73845e-05,0.31911975,-0.0024809137,-0.005560232,-0.0030426607,-0.00884221
ATAC_USP28,-0.0010877977,0.17144857,0.1876833,-0.0037049602,0.100572705,-0.006372791,0.138077,-0.0038450004,-0.0021608365,-0.0012187964,-4.3637752e-05,0.3198309,-0.0024792808,-0.005549662,-0.0030374709,-0.008838554
ATAC_USP44,-0.0010877977,0.17144857,0.1876833,-0.0037049602,0.100572705,-0.006372791,0.138077,-0.0038450004,-0.0021608365,-0.0012187964,-4.3637752e-05,0.3198309,-0.0024792808,-0.005549662,-0.0030374709,-0.008838554
ATAC_USP45,-0.0010876053,0.17266221,0.18791349,-0.0036911613,0.10031391,-0.0063800756,0.13946246,-0.0038591328,-0.0021704098,-0.0012183746,-5.362257e-05,0.3192526,-0.002496117,-0.0055355416,-0.003024869,-0.008845196
ATAC_USP53,-0.0011537647,0.16816655,0.1970344,-0.003797574,0.09833139,-0.0063705854,0.122163825,-0.0039042453,-0.0022116425,-0.0011011281,0.00419046,0.32505834,-0.002397596,-0.005446845,-0.0031328867,-0.0088060945
ATAC_UST,-0.0010877977,0.17144857,0.1876833,-0.0037049602,0.100572705,-0.006372791,0.138077,-0.0038450004,-0.0021608365,-0.0012187964,-4.3637752e-05,0.3198309,-0.0024792808,-0.005549662,-0.0030374709,-0.008838554
ATAC_VAMP1,-0.0010877977,0.17144857,0.1876833,-0.0037049602,0.100572705,-0.006372791,0.138077,-0.0038450004,-0.0021608365,-0.0012187964,-4.3637752e-05,0.3198309,-0.0024792808,-0.005549662,-0.0030374709,-0.008838554
ATAC_VANGL2,-0.0010877025,0.17143157,0.18762662,-0.0037047588,0.100559175,-0.006372378,0.13808808,-0.0038446714,-0.0021609736,-0.0012192121,-4.4115484e-05,0.31978244,-0.0024791057,-0.005549787,-0.003037439,-0.008838984
ATAC_VCAN,-0.0010877977,0.17144857,0.1876833,-0.0037049602,0.100572705,-0.006372791,0.138077,-0.0038450004,-0.0021608365,-0.0012187964,-4.3637752e-05,0.3198309,-0.0024792808,-0.005549662,-0.0030374709,-0.008838554
ATAC_VEGFC,-0.0010877977,0.17144857,0.1876833,-0.0037049602,0.100572705,-0.006372791,0.138077,-0.0038450004,-0.0021608365,-0.0012187964,-4.3637752e-05,0.3198309,-0.0024792808,-0.005549662,-0.0030374709,-0.008838554
ATAC_VGLL3,-0.0010877977,0.17144857,0.1876833,-0.0037049602,0.100572705,-0.006372791,0.138077,-0.0038450004,-0.0021608365,-0.0012187964,-4.3637752e-05,0.3198309,-0.0024792808,-0.005549662,-0.0030374709,-0.008838554
ATAC_VIPR2,-0.0010877977,0.17144857,0.1876833,-0.0037049602,0.100572705,-0.006372791,0.138077,-0.0038450004,-0.0021608365,-0.0012187964,-4.3637752e-05,0.3198309,-0.0024792808,-0.005549662,-0.0030374709,-0.008838554
ATAC_VPS13A-AS1,-0.0010877977,0.17144857,0.1876833,-0.0037049602,0.100572705,-0.006372791,0.138077,-0.0038450004,-0.0021608365,-0.0012187964,-4.3637752e-05,0.3198309,-0.0024792808,-0.005549662,-0.0030374709,-0.008838554
ATAC_VPS33B-DT,-0.0010877977,0.17144857,0.1876833,-0.0037049602,0.100572705,-0.006372791,0.138077,-0.0038450004,-0.0021608365,-0.0012187964,-4.3637752e-05,0.3198309,-0.0024792808,-0.005549662,-0.0030374709,-0.008838554
ATAC_VXN,-0.0010877977,0.17144857,0.1876833,-0.0037049602,0.100572705,-0.006372791,0.138077,-0.0038450004,-0.0021608365,-0.0012187964,-4.3637752e-05,0.3198309,-0.0024792808,-0.005549662,-0.0030374709,-0.008838554
ATAC_WAKMAR2,-0.0010877977,0.17144857,0.1876833,-0.0037049602,0.100572705,-0.006372791,0.138077,-0.0038450004,-0.0021608365,-0.0012187964,-4.3637752e-05,0.3198309,-0.0024792808,-0.005549662,-0.0030374709,-0.008838554
ATAC_WARS2-AS1,-0.0010877977,0.17144857,0.1876833,-0.0037049602,0.100572705,-0.006372791,0.138077,-0.0038450004,-0.0021608365,-0.0012187964,-4.3637752e-05,0.3198309,-0.0024792808,-0.005549662,-0.0030374709,-0.008838554
ATAC_WASF3,-0.001087727,0.1714377,0.1876375,-0.0037046217,0.10054491,-0.0063724616,0.13807371,-0.0038452481,-0.0021604009,-0.0012189316,-4.3976754e-05,0.31983286,-0.002478898,-0.005549348,-0.0030372092,-0.008838146
ATAC_WDR12,-0.0010877977,0.17144857,0.1876833,-0.0037049602,0.100572705,-0.006372791,0.138077,-0.0038450004,-0.0021608365,-0.0012187964,-4.3637752e-05,0.3198309,-0.0024792808,-0.005549662,-0.0030374709,-0.008838554
ATAC_WDR27,-0.0010877977,0.17144857,0.1876833,-0.0037049602,0.100572705,-0.006372791,0.138077,-0.0038450004,-0.0021608365,-0.0012187964,-4.3637752e-05,0.3198309,-0.0024792808,-0.005549662,-0.0030374709,-0.008838554
ATAC_WDR44,-0.0010877977,0.17144857,0.1876833,-0.0037049602,0.100572705,-0.006372791,0.138077,-0.0038450004,-0.0021608365,-0.0012187964,-4.3637752e-05,0.3198309,-0.0024792808,-0.005549662,-0.0030374709,-0.008838554
ATAC_WDR54,-0.0010877977,0.17144857,0.1876833,-0.0037049602,0.100572705,-0.006372791,0.138077,-0.0038450004,-0.0021608365,-0.0012187964,-4.3637752e-05,0.3198309,-0.0024792808,-0.005549662,-0.0030374709,-0.008838554
ATAC_WDR74,-0.0010877977,0.17144857,0.1876833,-0.0037049602,0.100572705,-0.006372791,0.138077,-0.0038450004,-0.0021608365,-0.0012187964,-4.3637752e-05,0.3198309,-0.0024792808,-0.005549662,-0.0030374709,-0.008838554
ATAC_WDR76,-0.000868685,0.13295971,0.19524942,-0.0037051993,0.09130951,-0.006124297,0.16783997,-0.0037715095,-0.0017244203,-0.001331984,-0.0001647456,0.31017107,-0.002317643,-0.0054184315,-0.0034318967,-0.008578168
ATAC_WDR86,-0.0010877977,0.17144857,0.1876833,-0.0037049602,0.100572705,-0.006372791,0.138077,-0.0038450004,-0.0021608365,-0.0012187964,-4.3637752e-05,0.3198309,-0.0024792808,-0.005549662,-0.0030374709,-0.008838554
ATAC_WEE2-AS1,-0.0010877977,0.17144857,0.1876833,-0.0037049602,0.100572705,-0.006372791,0.138077,-0.0038450004,-0.0021608365,-0.0012187964,-4.3637752e-05,0.3198309,-0.0024792808,-0.005549662,-0.0030374709,-0.008838554
ATAC_WFDC3,-0.0010869697,0.17164974,0.18753345,-0.003706244,0.100386135,-0.00637331,0.13789554,-0.003845286,-0.0021619624,-0.0012192393,-4.4535398e-05,0.31975633,-0.0024776226,-0.0055519105,-0.003038693,-0.0088396
ATAC_WIF1,-0.0010877977,0.17144857,0.1876833,-0.0037049602,0.100572705,-0.006372791,0.138077,-0.0038450004,-0.0021608365,-0.0012187964,-4.3637752e-05,0.3198309,-0.0024792808,-0.005549662,-0.0030374709,-0.008838554
ATAC_WNT10B,-0.0010877977,0.17144857,0.1876833,-0.0037049602,0.100572705,-0.006372791,0.138077,-0.0038450004,-0.0021608365,-0.0012187964,-4.3637752e-05,0.3198309,-0.0024792808,-0.005549662,-0.0030374709,-0.008838554
ATAC_WNT11,-0.0010865488,0.17175163,0.18747623,-0.0037047737,0.10026294,-0.0063729724,0.13824922,-0.003848189,-0.0021626852,-0.0012217545,-4.1193365e-05,0.32011133,-0.0024821549,-0.00554896,-0.0030339363,-0.008839902
ATAC_WNT3A,-0.0010856953,0.17129393,0.18773861,-0.0037053262,0.10075045,-0.006372735,0.13824686,-0.0038431557,-0.00216225,-0.0012167731,-4.5306533e-05,0.31982026,-0.0024798694,-0.0055504977,-0.0030383659,-0.008836006
ATAC_WRN,0.03431277,0.040421046,0.23776652,-0.0037278633,0.05029433,-0.005605338,0.24547558,-0.005074939,-0.0031404165,-0.00063511956,-0.0006497684,0.35081488,-0.0024347692,-0.005445791,-0.0030489166,-0.0073359087
ATAC_WWC2-AS2,-0.0010877977,0.17144857,0.1876833,-0.0037049602,0.100572705,-0.006372791,0.138077,-0.0038450004,-0.0021608365,-0.0012187964,-4.3637752e-05,0.3198309,-0.0024792808,-0.005549662,-0.0030374709,-0.008838554
ATAC_XCL1,-0.0010977697,0.1736672,0.18679185,-0.003702291,0.10252433,-0.0063623767,0.13697329,-0.003855637,-0.0021820106,-0.0012091416,-5.6904402e-05,0.32209125,-0.0024625286,-0.005526911,-0.0030260407,-0.00883111
ATAC_XCL2,-0.001087727,0.1714377,0.1876375,-0.0037046217,0.10054491,-0.0063724616,0.13807371,-0.0038452481,-0.0021604009,-0.0012189316,-4.3976754e-05,0.31983286,-0.002478898,-0.005549348,-0.0030372092,-0.008838146
ATAC_XKR5,-0.0010877977,0.17144857,0.1876833,-0.0037049602,0.100572705,-0.006372791,0.138077,-0.0038450004,-0.0021608365,-0.0012187964,-4.3637752e-05,0.3198309,-0.0024792808,-0.005549662,-0.0030374709,-0.008838554
ATAC_XKR6,-0.0010866908,0.17141344,0.18764763,-0.0037059127,0.100545496,-0.0063722543,0.13789329,-0.0038468975,-0.0021582644,-0.0012180605,-4.4480857e-05,0.3197527,-0.0024808592,-0.0055512474,-0.0030392453,-0.008838414
ATAC_XRCC2,-0.0010877977,0.17144857,0.1876833,-0.0037049602,0.100572705,-0.006372791,0.138077,-0.0038450004,-0.0021608365,-0.0012187964,-4.3637752e-05,0.3198309,-0.0024792808,-0.005549662,-0.0030374709,-0.008838554
ATAC_XRRA1,-0.001098377,0.1712539,0.18849437,-0.00369753,0.09999989,-0.006368004,0.13725416,-0.0038489501,-0.002165888,-0.0012127643,-4.37656e-05,0.31934452,-0.0024807504,-0.0055478546,-0.0030459722,-0.008841534
ATAC_YES1,-0.0010877977,0.17144857,0.1876833,-0.0037049602,0.100572705,-0.006372791,0.138077,-0.0038450004,-0.0021608365,-0.0012187964,-4.3637752e-05,0.3198309,-0.0024792808,-0.005549662,-0.0030374709,-0.008838554
ATAC_YPEL1,-0.0010877977,0.17144857,0.1876833,-0.0037049602,0.100572705,-0.006372791,0.138077,-0.0038450004,-0.0021608365,-0.0012187964,-4.3637752e-05,0.3198309,-0.0024792808,-0.005549662,-0.0030374709,-0.008838554
ATAC_ZAP70,-0.0010877977,0.17144857,0.1876833,-0.0037049602,0.100572705,-0.006372791,0.138077,-0.0038450004,-0.0021608365,-0.0012187964,-4.3637752e-05,0.3198309,-0.0024792808,-0.005549662,-0.0030374709,-0.008838554
ATAC_ZAR1L,-0.0010877977,0.17144857,0.1876833,-0.0037049602,0.100572705,-0.006372791,0.138077,-0.0038450004,-0.0021608365,-0.0012187964,-4.3637752e-05,0.3198309,-0.0024792808,-0.005549662,-0.0030374709,-0.008838554
ATAC_ZBP1,-0.001098377,0.1712539,0.18849437,-0.00369753,0.09999989,-0.006368004,0.13725416,-0.0038489501,-0.002165888,-0.0012127643,-4.37656e-05,0.31934452,-0.0024807504,-0.0055478546,-0.0030459722,-0.008841534
ATAC_ZBTB10,-0.0010877977,0.17144857,0.1876833,-0.0037049602,0.100572705,-0.006372791,0.138077,-0.0038450004,-0.0021608365,-0.0012187964,-4.3637752e-05,0.3198309,-0.0024792808,-0.005549662,-0.0030374709,-0.008838554
ATAC_ZBTB16,-0.0010877977,0.17144857,0.1876833,-0.0037049602,0.100572705,-0.006372791,0.138077,-0.0038450004,-0.0021608365,-0.0012187964,-4.3637752e-05,0.3198309,-0.0024792808,-0.005549662,-0.0030374709,-0.008838554
ATAC_ZBTB25,-0.0010877977,0.17144857,0.1876833,-0.0037049602,0.100572705,-0.006372791,0.138077,-0.0038450004,-0.0021608365,-0.0012187964,-4.3637752e-05,0.3198309,-0.0024792808,-0.005549662,-0.0030374709,-0.008838554
ATAC_ZBTB44-DT,-0.001087727,0.1714377,0.1876375,-0.0037046217,0.10054491,-0.0063724616,0.13807371,-0.0038452481,-0.0021604009,-0.0012189316,-4.3976754e-05,0.31983286,-0.002478898,-0.005549348,-0.0030372092,-0.008838146
ATAC_ZBTB8B,-0.0010877977,0.17144857,0.1876833,-0.0037049602,0.100572705,-0.006372791,0.138077,-0.0038450004,-0.0021608365,-0.0012187964,-4.3637752e-05,0.3198309,-0.0024792808,-0.005549662,-0.0030374709,-0.008838554
ATAC_ZC3H12D,-0.0010877977,0.17144857,0.1876833,-0.0037049602,0.100572705,-0.006372791,0.138077,-0.0038450004,-0.0021608365,-0.0012187964,-4.3637752e-05,0.3198309,-0.0024792808,-0.005549662,-0.0030374709,-0.008838554
ATAC_ZC3H8,-0.0010877977,0.17144857,0.1876833,-0.0037049602,0.100572705,-0.006372791,0.138077,-0.0038450004,-0.0021608365,-0.0012187964,-4.3637752e-05,0.3198309,-0.0024792808,-0.005549662,-0.0030374709,-0.008838554
ATAC_ZC4H2,-0.0010877977,0.17144857,0.1876833,-0.0037049602,0.100572705,-0.006372791,0.138077,-0.0038450004,-0.0021608365,-0.0012187964,-4.3637752e-05,0.3198309,-0.0024792808,-0.005549662,-0.0030374709,-0.008838554
ATAC_ZCCHC18,-0.0010877977,0.17144857,0.1876833,-0.0037049602,0.100572705,-0.006372791,0.138077,-0.0038450004,-0.0021608365,-0.0012187964,-4.3637752e-05,0.3198309,-0.0024792808,-0.005549662,-0.0030374709,-0.008838554
ATAC_ZCCHC2,-0.001507132,0.18077923,0.09198336,-0.0031377012,0.113401845,-0.006761426,0.07194908,-0.0030462826,-0.0031032118,-0.0022621867,-0.00018653348,0.23050334,-0.0028791283,-0.005205046,-0.0033815864,-0.008723939
ATAC_ZDBF2,-0.0010877977,0.17144857,0.1876833,-0.0037049602,0.100572705,-0.006372791,0.138077,-0.0038450004,-0.0021608365,-0.0012187964,-4.3637752e-05,0.3198309,-0.0024792808,-0.005549662,-0.0030374709,-0.008838554
ATAC_ZFP37,-0.001098377,0.1712539,0.18849437,-0.00369753,0.09999989,-0.006368004,0.13725416,-0.0038489501,-0.002165888,-0.0012127643,-4.37656e-05,0.31934452,-0.0024807504,-0.0055478546,-0.0030459722,-0.008841534
ATAC_ZFP57,-0.0010854688,0.1711931,0.18703876,-0.0036925934,0.10176022,-0.0063687433,0.13710022,-0.0038363712,-0.00216816,-0.0012107297,-5.571574e-05,0.31890267,-0.002474257,-0.00555305,-0.0030352746,-0.00882335
ATAC_ZFP90,-0.0010877977,0.17144857,0.1876833,-0.0037049602,0.100572705,-0.006372791,0.138077,-0.0038450004,-0.0021608365,-0.0012187964,-4.3637752e-05,0.3198309,-0.0024792808,-0.005549662,-0.0030374709,-0.008838554
ATAC_ZFPM1,-0.0010877977,0.17144857,0.1876833,-0.0037049602,0.100572705,-0.006372791,0.138077,-0.0038450004,-0.0021608365,-0.0012187964,-4.3637752e-05,0.3198309,-0.0024792808,-0.005549662,-0.0030374709,-0.008838554
ATAC_ZFR2,0.03431277,0.040421046,0.23776652,-0.0037278633,0.05029433,-0.005605338,0.24547558,-0.005074939,-0.0031404165,-0.00063511956,-0.0006497684,0.35081488,-0.0024347692,-0.005445791,-0.0030489166,-0.0073359087
ATAC_ZFX-AS1,-0.0010877977,0.17144857,0.1876833,-0.0037049602,0.100572705,-0.006372791,0.138077,-0.0038450004,-0.0021608365,-0.0012187964,-4.3637752e-05,0.3198309,-0.0024792808,-0.005549662,-0.0030374709,-0.008838554
ATAC_ZFYVE28,-0.0010877977,0.17144857,0.1876833,-0.0037049602,0.100572705,-0.006372791,0.138077,-0.0038450004,-0.0021608365,-0.0012187964,-4.3637752e-05,0.3198309,-0.0024792808,-0.005549662,-0.0030374709,-0.008838554
ATAC_ZFYVE9,-0.0010877977,0.17144857,0.1876833,-0.0037049602,0.100572705,-0.006372791,0.138077,-0.0038450004,-0.0021608365,-0.0012187964,-4.3637752e-05,0.3198309,-0.0024792808,-0.005549662,-0.0030374709,-0.008838554
ATAC_ZKSCAN2-DT,-0.0010877977,0.17144857,0.1876833,-0.0037049602,0.100572705,-0.006372791,0.138077,-0.0038450004,-0.0021608365,-0.0012187964,-4.3637752e-05,0.3198309,-0.0024792808,-0.005549662,-0.0030374709,-0.008838554
ATAC_ZMAT1,-0.0010822848,0.1729781,0.187346,-0.0036948163,0.099904865,-0.0063781794,0.14022395,-0.0038539355,-0.0021654435,-0.0012123393,-5.8052985e-05,0.31819132,-0.002495621,-0.005532721,-0.0030309877,-0.008832084
ATAC_ZMAT4,-0.0024040155,0.14150982,0.17427473,-0.0032977925,0.1269992,-0.0047779838,0.22035831,-0.0031394847,-0.0021297387,-5.495384e-05,0.09920276,0.44896463,-0.0011288589,-0.0056584463,-0.0022977889,-0.008635539
ATAC_ZMIZ2,-0.0010877977,0.17144857,0.1876833,-0.0037049602,0.100572705,-0.006372791,0.138077,-0.0038450004,-0.0021608365,-0.0012187964,-4.3637752e-05,0.3198309,-0.0024792808,-0.005549662,-0.0030374709,-0.008838554
ATAC_ZMYND10-AS1,-0.0010877977,0.17144857,0.1876833,-0.0037049602,0.100572705,-0.006372791,0.138077,-0.0038450004,-0.0021608365,-0.0012187964,-4.3637752e-05,0.3198309,-0.0024792808,-0.005549662,-0.0030374709,-0.008838554
ATAC_ZMYND12,-0.00086878025,0.13297671,0.1953061,-0.0037054007,0.09132304,-0.0061247097,0.1678289,-0.0037718385,-0.0017242831,-0.0013315682,-0.00016426771,0.31021953,-0.0023178183,-0.005418307,-0.0034319286,-0.008577738
ATAC_ZMYND8,-0.0010877977,0.17144857,0.1876833,-0.0037049602,0.100572705,-0.006372791,0.138077,-0.0038450004,-0.0021608365,-0.0012187964,-4.3637752e-05,0.3198309,-0.0024792808,-0.005549662,-0.0030374709,-0.008838554
ATAC_ZNF101,-0.0010877977,0.17144857,0.1876833,-0.0037049602,0.100572705,-0.006372791,0.138077,-0.0038450004,-0.0021608365,-0.0012187964,-4.3637752e-05,0.3198309,-0.0024792808,-0.005549662,-0.0030374709,-0.008838554
ATAC_ZNF107,-0.0010877977,0.17144857,0.1876833,-0.0037049602,0.100572705,-0.006372791,0.138077,-0.0038450004,-0.0021608365,-0.0012187964,-4.3637752e-05,0.3198309,-0.0024792808,-0.005549662,-0.0030374709,-0.008838554
ATAC_ZNF138,0.03431277,0.040421046,0.23776652,-0.0037278633,0.05029433,-0.005605338,0.24547558,-0.005074939,-0.0031404165,-0.00063511956,-0.0006497684,0.35081488,-0.0024347692,-0.005445791,-0.0030489166,-0.0073359087
ATAC_ZNF14,-0.001087727,0.1714377,0.1876375,-0.0037046217,0.10054491,-0.0063724616,0.13807371,-0.0038452481,-0.0021604009,-0.0012189316,-4.3976754e-05,0.31983286,-0.002478898,-0.005549348,-0.0030372092,-0.008838146
ATAC_ZNF143,-0.0010877977,0.17144857,0.1876833,-0.0037049602,0.100572705,-0.006372791,0.138077,-0.0038450004,-0.0021608365,-0.0012187964,-4.3637752e-05,0.3198309,-0.0024792808,-0.005549662,-0.0030374709,-0.008838554
ATAC_ZNF213,-0.0010877977,0.17144857,0.1876833,-0.0037049602,0.100572705,-0.006372791,0.138077,-0.0038450004,-0.0021608365,-0.0012187964,-4.3637752e-05,0.3198309,-0.0024792808,-0.005549662,-0.0030374709,-0.008838554
ATAC_ZNF221,-0.0010877977,0.17144857,0.1876833,-0.0037049602,0.100572705,-0.006372791,0.138077,-0.0038450004,-0.0021608365,-0.0012187964,-4.3637752e-05,0.3198309,-0.0024792808,-0.005549662,-0.0030374709,-0.008838554
ATAC_ZNF25-DT,-0.0010877977,0.17144857,0.1876833,-0.0037049602,0.100572705,-0.006372791,0.138077,-0.0038450004,-0.0021608365,-0.0012187964,-4.3637752e-05,0.3198309,-0.0024792808,-0.005549662,-0.0030374709,-0.008838554
ATAC_ZNF253,-0.0010877977,0.17144857,0.1876833,-0.0037049602,0.100572705,-0.006372791,0.138077,-0.0038450004,-0.0021608365,-0.0012187964,-4.3637752e-05,0.3198309,-0.0024792808,-0.005549662,-0.0030374709,-0.008838554
ATAC_ZNF254,-0.0010877977,0.17144857,0.1876833,-0.0037049602,0.100572705,-0.006372791,0.138077,-0.0038450004,-0.0021608365,-0.0012187964,-4.3637752e-05,0.3198309,-0.0024792808,-0.005549662,-0.0030374709,-0.008838554
ATAC_ZNF257,-0.0011537647,0.16816655,0.1970344,-0.003797574,0.09833139,-0.0063705854,0.122163825,-0.0039042453,-0.0022116425,-0.0011011281,0.00419046,0.32505834,-0.002397596,-0.005446845,-0.0031328867,-0.0088060945
ATAC_ZNF266,-0.0001145738,0.2129721,-0.0006855212,-0.001326055,0.19456545,-0.004309483,0.1088913,-0.0021055937,-0.0007479377,0.020737126,0.083961114,0.14300373,-0.0013711847,-0.0031224906,-0.0015452635,-0.0057614893
ATAC_ZNF32,-0.0010877977,0.17144857,0.1876833,-0.0037049602,0.100572705,-0.006372791,0.138077,-0.0038450004,-0.0021608365,-0.0012187964,-4.3637752e-05,0.3198309,-0.0024792808,-0.005549662,-0.0030374709,-0.008838554
ATAC_ZNF329,-0.0010877977,0.17144857,0.1876833,-0.0037049602,0.100572705,-0.006372791,0.138077,-0.0038450004,-0.0021608365,-0.0012187964,-4.3637752e-05,0.3198309,-0.0024792808,-0.005549662,-0.0030374709,-0.008838554
ATAC_ZNF335,-0.0010877977,0.17144857,0.1876833,-0.0037049602,0.100572705,-0.006372791,0.138077,-0.0038450004,-0.0021608365,-0.0012187964,-4.3637752e-05,0.3198309,-0.0024792808,-0.005549662,-0.0030374709,-0.008838554
ATAC_ZNF337,-0.0010877977,0.17144857,0.1876833,-0.0037049602,0.100572705,-0.006372791,0.138077,-0.0038450004,-0.0021608365,-0.0012187964,-4.3637752e-05,0.3198309,-0.0024792808,-0.005549662,-0.0030374709,-0.008838554
ATAC_ZNF337-AS1,-0.0010877977,0.17144857,0.1876833,-0.0037049602,0.100572705,-0.006372791,0.138077,-0.0038450004,-0.0021608365,-0.0012187964,-4.3637752e-05,0.3198309,-0.0024792808,-0.005549662,-0.0030374709,-0.008838554
ATAC_ZNF365,-0.0010877977,0.17144857,0.1876833,-0.0037049602,0.100572705,-0.006372791,0.138077,-0.0038450004,-0.0021608365,-0.0012187964,-4.3637752e-05,0.3198309,-0.0024792808,-0.005549662,-0.0030374709,-0.008838554
ATAC_ZNF367,-0.0011537647,0.16816655,0.1970344,-0.003797574,0.09833139,-0.0063705854,0.122163825,-0.0039042453,-0.0022116425,-0.0011011281,0.00419046,0.32505834,-0.002397596,-0.005446845,-0.0031328867,-0.0088060945
ATAC_ZNF416,-0.0010877977,0.17144857,0.1876833,-0.0037049602,0.100572705,-0.006372791,0.138077,-0.0038450004,-0.0021608365,-0.0012187964,-4.3637752e-05,0.3198309,-0.0024792808,-0.005549662,-0.0030374709,-0.008838554
ATAC_ZNF425,-0.0021615177,0.14144996,0.11857672,-0.0031773937,0.15636832,-0.0053869495,0.036642246,-0.0029794173,-0.0026040338,-0.0018611003,-0.00025664805,0.37024134,-0.002145187,-0.005571729,-0.0016876009,-0.007338565
ATAC_ZNF439,-0.0014172031,0.13792673,0.22406642,-0.0036311203,0.088704474,-0.006044442,0.12851664,-0.0034286429,-0.0018811863,-0.0009770122,-1.8867402e-05,0.31783944,-0.0024665715,-0.005845933,-0.0031475928,-0.009011513
ATAC_ZNF446,-0.0010877977,0.17144857,0.1876833,-0.0037049602,0.100572705,-0.006372791,0.138077,-0.0038450004,-0.0021608365,-0.0012187964,-4.3637752e-05,0.3198309,-0.0024792808,-0.005549662,-0.0030374709,-0.008838554
ATAC_ZNF483,-0.0010877977,0.17144857,0.1876833,-0.0037049602,0.100572705,-0.006372791,0.138077,-0.0038450004,-0.0021608365,-0.0012187964,-4.3637752e-05,0.3198309,-0.0024792808,-0.005549662,-0.0030374709,-0.008838554
ATAC_ZNF490,-0.0010893948,0.17170428,0.18781026,-0.0037042182,0.10051927,-0.006372964,0.13823396,-0.003843957,-0.0021635708,-0.0012192575,-4.2905507e-05,0.31986904,-0.0024813018,-0.005548335,-0.0030379116,-0.008838243
ATAC_ZNF507,-0.0010877977,0.17144857,0.1876833,-0.0037049602,0.100572705,-0.006372791,0.138077,-0.0038450004,-0.0021608365,-0.0012187964,-4.3637752e-05,0.3198309,-0.0024792808,-0.005549662,-0.0030374709,-0.008838554
ATAC_ZNF513,-0.0010866908,0.17141344,0.18764763,-0.0037059127,0.100545496,-0.0063722543,0.13789329,-0.0038468975,-0.0021582644,-0.0012180605,-4.4480857e-05,0.3197527,-0.0024808592,-0.0055512474,-0.0030392453,-0.008838414
ATAC_ZNF527,-0.0010877977,0.17144857,0.1876833,-0.0037049602,0.100572705,-0.006372791,0.138077,-0.0038450004,-0.0021608365,-0.0012187964,-4.3637752e-05,0.3198309,-0.0024792808,-0.005549662,-0.0030374709,-0.008838554
ATAC_ZNF528-AS1,-0.0010877977,0.17144857,0.1876833,-0.0037049602,0.100572705,-0.006372791,0.138077,-0.0038450004,-0.0021608365,-0.0012187964,-4.3637752e-05,0.3198309,-0.0024792808,-0.005549662,-0.0030374709,-0.008838554
ATAC_ZNF529,-0.0010877977,0.17144857,0.1876833,-0.0037049602,0.100572705,-0.006372791,0.138077,-0.0038450004,-0.0021608365,-0.0012187964,-4.3637752e-05,0.3198309,-0.0024792808,-0.005549662,-0.0030374709,-0.008838554
ATAC_ZNF529-AS1,-0.0010877977,0.17144857,0.1876833,-0.0037049602,0.100572705,-0.006372791,0.138077,-0.0038450004,-0.0021608365,-0.0012187964,-4.3637752e-05,0.3198309,-0.0024792808,-0.005549662,-0.0030374709,-0.008838554
ATAC_ZNF552,-0.000969918,0.19252154,0.14411108,-0.003343508,0.065803945,-0.006128726,0.045009013,-0.0042504813,-0.0015904757,-0.0017235641,0.020330593,0.33744806,-0.0015573568,-0.004440171,-0.002421792,-0.007847975
ATAC_ZNF558,-0.0010877977,0.17144857,0.1876833,-0.0037049602,0.100572705,-0.006372791,0.138077,-0.0038450004,-0.0021608365,-0.0012187964,-4.3637752e-05,0.3198309,-0.0024792808,-0.005549662,-0.0030374709,-0.008838554
ATAC_ZNF563,-0.0010877977,0.17144857,0.1876833,-0.0037049602,0.100572705,-0.006372791,0.138077,-0.0038450004,-0.0021608365,-0.0012187964,-4.3637752e-05,0.3198309,-0.0024792808,-0.005549662,-0.0030374709,-0.008838554
ATAC_ZNF572,-0.0010877977,0.17144857,0.1876833,-0.0037049602,0.100572705,-0.006372791,0.138077,-0.0038450004,-0.0021608365,-0.0012187964,-4.3637752e-05,0.3198309,-0.0024792808,-0.005549662,-0.0030374709,-0.008838554
ATAC_ZNF573,-0.0010877977,0.17144857,0.1876833,-0.0037049602,0.100572705,-0.006372791,0.138077,-0.0038450004,-0.0021608365,-0.0012187964,-4.3637752e-05,0.3198309,-0.0024792808,-0.005549662,-0.0030374709,-0.008838554
ATAC_ZNF584,-0.001087727,0.1714377,0.1876375,-0.0037046217,0.10054491,-0.0063724616,0.13807371,-0.0038452481,-0.0021604009,-0.0012189316,-4.3976754e-05,0.31983286,-0.002478898,-0.005549348,-0.0030372092,-0.008838146
ATAC_ZNF585B,-0.0010877977,0.17144857,0.1876833,-0.0037049602,0.100572705,-0.006372791,0.138077,-0.0038450004,-0.0021608365,-0.0012187964,-4.3637752e-05,0.3198309,-0.0024792808,-0.005549662,-0.0030374709,-0.008838554
ATAC_ZNF600,-0.0010087709,0.1689938,0.18310411,-0.0037119465,0.10461819,-0.0064370716,0.12895915,-0.00390555,-0.0020991147,-0.0013152703,-9.14064e-05,0.31548157,-0.0023695433,-0.00561105,-0.003098632,-0.00880173
ATAC_ZNF611,-0.0010877977,0.17144857,0.1876833,-0.0037049602,0.100572705,-0.006372791,0.138077,-0.0038450004,-0.0021608365,-0.0012187964,-4.3637752e-05,0.3198309,-0.0024792808,-0.005549662,-0.0030374709,-0.008838554
ATAC_ZNF626,0.0005347468,0.008862153,0.2731312,-0.0036520963,0.040431164,-0.0052664015,0.23465456,-0.0046702614,-0.0028792066,-0.00038321927,-0.00063899695,0.3510456,-0.0024032872,-0.0057206377,-0.0031471679,-0.007501734
ATAC_ZNF66,-0.001087727,0.1714377,0.1876375,-0.0037046217,0.10054491,-0.0063724616,0.13807371,-0.0038452481,-0.0021604009,-0.0012189316,-4.3976754e-05,0.31983286,-0.002478898,-0.005549348,-0.0030372092,-0.008838146
ATAC_ZNF675,-0.0010877977,0.17144857,0.1876833,-0.0037049602,0.100572705,-0.006372791,0.138077,-0.0038450004,-0.0021608365,-0.0012187964,-4.3637752e-05,0.3198309,-0.0024792808,-0.005549662,-0.0030374709,-0.008838554
ATAC_ZNF682,-0.0010877977,0.17144857,0.1876833,-0.0037049602,0.100572705,-0.006372791,0.138077,-0.0038450004,-0.0021608365,-0.0012187964,-4.3637752e-05,0.3198309,-0.0024792808,-0.005549662,-0.0030374709,-0.008838554
ATAC_ZNF687-AS1,-0.0010877977,0.17144857,0.1876833,-0.0037049602,0.100572705,-0.006372791,0.138077,-0.0038450004,-0.0021608365,-0.0012187964,-4.3637752e-05,0.3198309,-0.0024792808,-0.005549662,-0.0030374709,-0.008838554
ATAC_ZNF699,-0.0010877977,0.17144857,0.1876833,-0.0037049602,0.100572705,-0.006372791,0.138077,-0.0038450004,-0.0021608365,-0.0012187964,-4.3637752e-05,0.3198309,-0.0024792808,-0.005549662,-0.0030374709,-0.008838554
ATAC_ZNF704,-0.0010877977,0.17144857,0.1876833,-0.0037049602,0.100572705,-0.006372791,0.138077,-0.0038450004,-0.0021608365,-0.0012187964,-4.3637752e-05,0.3198309,-0.0024792808,-0.005549662,-0.0030374709,-0.008838554
ATAC_ZNF721,-0.0010877977,0.17144857,0.1876833,-0.0037049602,0.100572705,-0.006372791,0.138077,-0.0038450004,-0.0021608365,-0.0012187964,-4.3637752e-05,0.3198309,-0.0024792808,-0.005549662,-0.0030374709,-0.008838554
ATAC_ZNF724,-0.0010877977,0.17144857,0.1876833,-0.0037049602,0.100572705,-0.006372791,0.138077,-0.0038450004,-0.0021608365,-0.0012187964,-4.3637752e-05,0.3198309,-0.0024792808,-0.005549662,-0.0030374709,-0.008838554
ATAC_ZNF732,-0.0010877977,0.17144857,0.1876833,-0.0037049602,0.100572705,-0.006372791,0.138077,-0.0038450004,-0.0021608365,-0.0012187964,-4.3637752e-05,0.3198309,-0.0024792808,-0.005549662,-0.0030374709,-0.008838554
ATAC_ZNF737,-0.0010877977,0.17144857,0.1876833,-0.0037049602,0.100572705,-0.006372791,0.138077,-0.0038450004,-0.0021608365,-0.0012187964,-4.3637752e-05,0.3198309,-0.0024792808,-0.005549662,-0.0030374709,-0.008838554
ATAC_ZNF75A,-0.0010877977,0.17144857,0.1876833,-0.0037049602,0.100572705,-0.006372791,0.138077,-0.0038450004,-0.0021608365,-0.0012187964,-4.3637752e-05,0.3198309,-0.0024792808,-0.005549662,-0.0030374709,-0.008838554
ATAC_ZNF771,-0.0010877977,0.17144857,0.1876833,-0.0037049602,0.100572705,-0.006372791,0.138077,-0.0038450004,-0.0021608365,-0.0012187964,-4.3637752e-05,0.3198309,-0.0024792808,-0.005549662,-0.0030374709,-0.008838554
ATAC_ZNF780B,-0.0010877977,0.17144857,0.1876833,-0.0037049602,0.100572705,-0.006372791,0.138077,-0.0038450004,-0.0021608365,-0.0012187964,-4.3637752e-05,0.3198309,-0.0024792808,-0.005549662,-0.0030374709,-0.008838554
ATAC_ZNF786,-0.0010877977,0.17144857,0.1876833,-0.0037049602,0.100572705,-0.006372791,0.138077,-0.0038450004,-0.0021608365,-0.0012187964,-4.3637752e-05,0.3198309,-0.0024792808,-0.005549662,-0.0030374709,-0.008838554
ATAC_ZNF808,-0.0010877977,0.17144857,0.1876833,-0.0037049602,0.100572705,-0.006372791,0.138077,-0.0038450004,-0.0021608365,-0.0012187964,-4.3637752e-05,0.3198309,-0.0024792808,-0.005549662,-0.0030374709,-0.008838554
ATAC_ZNF821,-0.0010877977,0.17144857,0.1876833,-0.0037049602,0.100572705,-0.006372791,0.138077,-0.0038450004,-0.0021608365,-0.0012187964,-4.3637752e-05,0.3198309,-0.0024792808,-0.005549662,-0.0030374709,-0.008838554
ATAC_ZNF827,-3.7937723e-05,0.20990622,-0.00072944403,-0.0013384267,0.19937506,-0.004384056,0.10048083,-0.0021699495,-0.0006949554,0.0104025155,0.07955892,0.13936557,-0.0012598141,-0.003173309,-0.0016012349,-0.0057210093
ATAC_ZNF83,-0.0010877977,0.17144857,0.1876833,-0.0037049602,0.100572705,-0.006372791,0.138077,-0.0038450004,-0.0021608365,-0.0012187964,-4.3637752e-05,0.3198309,-0.0024792808,-0.005549662,-0.0030374709,-0.008838554
ATAC_ZNF830,-0.0010877977,0.17144857,0.1876833,-0.0037049602,0.100572705,-0.006372791,0.138077,-0.0038450004,-0.0021608365,-0.0012187964,-4.3637752e-05,0.3198309,-0.0024792808,-0.005549662,-0.0030374709,-0.008838554
ATAC_ZNF831,-0.0010877977,0.17144857,0.1876833,-0.0037049602,0.100572705,-0.006372791,0.138077,-0.0038450004,-0.0021608365,-0.0012187964,-4.3637752e-05,0.3198309,-0.0024792808,-0.005549662,-0.0030374709,-0.008838554
ATAC_ZNF839,-0.00011525307,0.21193922,-0.0006820097,-0.0013277361,0.19604157,-0.0043228893,0.10984956,-0.0021005783,-0.0007457872,0.020315722,0.08342436,0.14319298,-0.0013603283,-0.0031026122,-0.0015286228,-0.005758587
ATAC_ZNF845,-0.0010877977,0.17144857,0.1876833,-0.0037049602,0.100572705,-0.006372791,0.138077,-0.0038450004,-0.0021608365,-0.0012187964,-4.3637752e-05,0.3198309,-0.0024792808,-0.005549662,-0.0030374709,-0.008838554
ATAC_ZNF85,-0.0010877977,0.17144857,0.1876833,-0.0037049602,0.100572705,-0.006372791,0.138077,-0.0038450004,-0.0021608365,-0.0012187964,-4.3637752e-05,0.3198309,-0.0024792808,-0.005549662,-0.0030374709,-0.008838554
ATAC_ZNF853,-0.0010877977,0.17144857,0.1876833,-0.0037049602,0.100572705,-0.006372791,0.138077,-0.0038450004,-0.0021608365,-0.0012187964,-4.3637752e-05,0.3198309,-0.0024792808,-0.005549662,-0.0030374709,-0.008838554
ATAC_ZNF91,-0.0010866908,0.17141344,0.18764763,-0.0037059127,0.100545496,-0.0063722543,0.13789329,-0.0038468975,-0.0021582644,-0.0012180605,-4.4480857e-05,0.3197527,-0.0024808592,-0.0055512474,-0.0030392453,-0.008838414
ATAC_ZNHIT6,-0.0010877977,0.17144857,0.1876833,-0.0037049602,0.100572705,-0.006372791,0.138077,-0.0038450004,-0.0021608365,-0.0012187964,-4.3637752e-05,0.3198309,-0.0024792808,-0.005549662,-0.0030374709,-0.008838554
ATAC_ZPBP,-0.001507132,0.18077923,0.09198336,-0.0031377012,0.113401845,-0.006761426,0.07194908,-0.0030462826,-0.0031032118,-0.0022621867,-0.00018653348,0.23050334,-0.0028791283,-0.005205046,-0.0033815864,-0.008723939
ATAC_ZSWIM3,-0.0010877977,0.17144857,0.1876833,-0.0037049602,0.100572705,-0.006372791,0.138077,-0.0038450004,-0.0021608365,-0.0012187964,-4.3637752e-05,0.3198309,-0.0024792808,-0.005549662,-0.0030374709,-0.008838554
ATAC_ZSWIM5,-0.0010877977,0.17144857,0.1876833,-0.0037049602,0.100572705,-0.006372791,0.138077,-0.0038450004,-0.0021608365,-0.0012187964,-4.3637752e-05,0.3198309,-0.0024792808,-0.005549662,-0.0030374709,-0.008838554
ATAC_ZWILCH,-0.0010877977,0.17144857,0.1876833,-0.0037049602,0.100572705,-0.006372791,0.138077,-0.0038450004,-0.0021608365,-0.0012187964,-4.3637752e-05,0.3198309,-0.0024792808,-0.005549662,-0.0030374709,-0.008838554
ATAC_ZXDB,-0.0010921574,0.17122777,0.18717916,-0.0037018275,0.100231886,-0.006369981,0.13741207,-0.0038436772,-0.0021610826,-0.0012123802,-4.996702e-05,0.3197165,-0.002474861,-0.005556675,-0.0030345058,-0.008831642
