,0,1,2,3,4,5,6,7,8,9,10,11,12,13,14,15
A2M,1.4125849,-0.023292638,0.8017308,0.64857644,-0.020635482,-0.008703591,0.6392245,2.2677834,-0.02821476,-0.03378276,-0.0018338348,2.3194308,1.3187,1.4833907,-0.0003936064,-0.0011665588
ABCA3,1.3946742,-0.022655874,0.6661938,0.64601344,-0.019384641,-0.008034056,0.6784773,2.2764227,-0.027240228,-0.03443405,-0.0026611283,2.1614032,1.1651657,1.4507954,-0.0009890946,-0.0018357891
ABCA5,1.4858432,-0.023543715,0.7068908,0.55857843,-0.018806776,-0.0072389976,0.6906159,2.0854418,-0.027196279,-0.032130525,-0.002061214,2.150608,1.1790088,1.3634757,-0.0020589253,-0.0013641614
ABCC10,1.4125849,-0.023292638,0.8017308,0.64857644,-0.020635482,-0.008703591,0.6392245,2.2677834,-0.02821476,-0.03378276,-0.0018338348,2.3194308,1.3187,1.4833907,-0.0003936064,-0.0011665588
ABCD2,1.126832,-0.02010549,0.6344025,0.689811,-0.02070656,-0.005213176,0.2975413,1.9111812,-0.030000385,-0.02916305,-0.004811839,2.3534868,1.348174,1.128421,0.09913291,0.055902623
ABCG1,1.4125849,-0.023292638,0.8017308,0.64857644,-0.020635482,-0.008703591,0.6392245,2.2677834,-0.02821476,-0.03378276,-0.0018338348,2.3194308,1.3187,1.4833907,-0.0003936064,-0.0011665588
ABCG2,1.4125849,-0.023292638,0.8017308,0.64857644,-0.020635482,-0.008703591,0.6392245,2.2677834,-0.02821476,-0.03378276,-0.0018338348,2.3194308,1.3187,1.4833907,-0.0003936064,-0.0011665588
ABHD17A,1.341615,-0.023524133,0.81807286,0.63170266,-0.019818472,-0.008723032,0.6229923,2.2128026,-0.028302183,-0.03313144,-0.0025555568,2.2256222,1.367491,1.4789721,-0.001114267,-0.0012814783
ACAD11,1.4125849,-0.023292638,0.8017308,0.64857644,-0.020635482,-0.008703591,0.6392245,2.2677834,-0.02821476,-0.03378276,-0.0018338348,2.3194308,1.3187,1.4833907,-0.0003936064,-0.0011665588
ACBD7,1.4125849,-0.023292638,0.8017308,0.64857644,-0.020635482,-0.008703591,0.6392245,2.2677834,-0.02821476,-0.03378276,-0.0018338348,2.3194308,1.3187,1.4833907,-0.0003936064,-0.0011665588
ACOT6,1.4125849,-0.023292638,0.8017308,0.64857644,-0.020635482,-0.008703591,0.6392245,2.2677834,-0.02821476,-0.03378276,-0.0018338348,2.3194308,1.3187,1.4833907,-0.0003936064,-0.0011665588
ACP7,1.4125849,-0.023292638,0.8017308,0.64857644,-0.020635482,-0.008703591,0.6392245,2.2677834,-0.02821476,-0.03378276,-0.0018338348,2.3194308,1.3187,1.4833907,-0.0003936064,-0.0011665588
ACTA2-AS1,1.4125849,-0.023292638,0.8017308,0.64857644,-0.020635482,-0.008703591,0.6392245,2.2677834,-0.02821476,-0.03378276,-0.0018338348,2.3194308,1.3187,1.4833907,-0.0003936064,-0.0011665588
ACVR1C,1.4125849,-0.023292638,0.8017308,0.64857644,-0.020635482,-0.008703591,0.6392245,2.2677834,-0.02821476,-0.03378276,-0.0018338348,2.3194308,1.3187,1.4833907,-0.0003936064,-0.0011665588
ACVR2B-AS1,1.4689817,-0.023641355,0.8653239,0.62186706,-0.019994741,-0.008188886,0.6042081,2.1962237,-0.027275238,-0.034094058,-0.0014807768,2.3370345,1.3937435,1.4784871,-0.0010179308,-0.00110205
ADAM12,1.4106811,-0.023251444,0.80003214,0.64652175,-0.020607693,-0.008685001,0.63500607,2.262707,-0.028189063,-0.03375937,-0.0018521491,2.31929,1.3180764,1.4802611,-0.0003725022,-0.0011620325
ADAM22,1.4124068,-0.02327248,0.79874843,0.6493369,-0.020631136,-0.008673036,0.6366332,2.2652888,-0.028169967,-0.03375177,-0.0018434615,2.3161504,1.3161155,1.4865477,-0.0003547457,-0.0011790764
ADAM23,1.4125849,-0.023292638,0.8017308,0.64857644,-0.020635482,-0.008703591,0.6392245,2.2677834,-0.02821476,-0.03378276,-0.0018338348,2.3194308,1.3187,1.4833907,-0.0003936064,-0.0011665588
ADAM28,1.4125849,-0.023292638,0.8017308,0.64857644,-0.020635482,-0.008703591,0.6392245,2.2677834,-0.02821476,-0.03378276,-0.0018338348,2.3194308,1.3187,1.4833907,-0.0003936064,-0.0011665588
ADAM8,1.1812887,-0.023372626,0.8682128,0.45242098,-0.020422827,-0.0074654743,0.6558222,2.0148993,-0.02575761,-0.0312421,-0.003208672,2.1666298,1.2662375,1.4029402,-0.0017618241,-0.002379772
ADAMTS1,1.4125849,-0.023292638,0.8017308,0.64857644,-0.020635482,-0.008703591,0.6392245,2.2677834,-0.02821476,-0.03378276,-0.0018338348,2.3194308,1.3187,1.4833907,-0.0003936064,-0.0011665588
ADAMTS10,1.5046868,-0.021733219,0.8811911,0.7689369,-0.01877653,-0.009070712,0.5666421,2.1968246,-0.028077228,-0.031377513,-0.0031115457,2.233477,1.2062994,1.5893044,-0.0007109964,-0.0024455206
ADAMTS14,1.4125849,-0.023292638,0.8017308,0.64857644,-0.020635482,-0.008703591,0.6392245,2.2677834,-0.02821476,-0.03378276,-0.0018338348,2.3194308,1.3187,1.4833907,-0.0003936064,-0.0011665588
ADAMTS17,1.4125849,-0.023292638,0.8017308,0.64857644,-0.020635482,-0.008703591,0.6392245,2.2677834,-0.02821476,-0.03378276,-0.0018338348,2.3194308,1.3187,1.4833907,-0.0003936064,-0.0011665588
ADAMTS3,1.4125849,-0.023292638,0.8017308,0.64857644,-0.020635482,-0.008703591,0.6392245,2.2677834,-0.02821476,-0.03378276,-0.0018338348,2.3194308,1.3187,1.4833907,-0.0003936064,-0.0011665588
ADAMTS6,1.4123738,-0.02328774,0.80262357,0.6487583,-0.020633606,-0.008713098,0.6401319,2.2666583,-0.028221542,-0.033781063,-0.001831303,2.318974,1.3176168,1.4840212,-0.0003836432,-0.0011672133
ADGRF1,1.4125849,-0.023292638,0.8017308,0.64857644,-0.020635482,-0.008703591,0.6392245,2.2677834,-0.02821476,-0.03378276,-0.0018338348,2.3194308,1.3187,1.4833907,-0.0003936064,-0.0011665588
ADGRF2,1.4125849,-0.023292638,0.8017308,0.64857644,-0.020635482,-0.008703591,0.6392245,2.2677834,-0.02821476,-0.03378276,-0.0018338348,2.3194308,1.3187,1.4833907,-0.0003936064,-0.0011665588
ADGRG1,1.4125849,-0.023292638,0.8017308,0.64857644,-0.020635482,-0.008703591,0.6392245,2.2677834,-0.02821476,-0.03378276,-0.0018338348,2.3194308,1.3187,1.4833907,-0.0003936064,-0.0011665588
ADGRG5,0.84639573,-0.018838307,0.75011086,0.13140972,-0.018431362,-0.010100438,0.6792216,2.0285668,-0.023178607,-0.02809504,-0.0007654804,1.8435819,1.1105574,1.3355336,0.13505079,0.0041726455
ADIRF,1.3650793,-0.022977566,0.7497273,0.58014506,-0.020712031,-0.008978345,0.6529332,2.2587113,-0.027546488,-0.03332106,-0.0016781079,2.3611138,1.3587832,1.477444,-0.00012008577,-0.0010187253
ADRA1D,1.4125849,-0.023292638,0.8017308,0.64857644,-0.020635482,-0.008703591,0.6392245,2.2677834,-0.02821476,-0.03378276,-0.0018338348,2.3194308,1.3187,1.4833907,-0.0003936064,-0.0011665588
ADRB2,1.4125849,-0.023292638,0.8017308,0.64857644,-0.020635482,-0.008703591,0.6392245,2.2677834,-0.02821476,-0.03378276,-0.0018338348,2.3194308,1.3187,1.4833907,-0.0003936064,-0.0011665588
AEBP2,1.4125849,-0.023292638,0.8017308,0.64857644,-0.020635482,-0.008703591,0.6392245,2.2677834,-0.02821476,-0.03378276,-0.0018338348,2.3194308,1.3187,1.4833907,-0.0003936064,-0.0011665588
AGBL2,1.4125849,-0.023292638,0.8017308,0.64857644,-0.020635482,-0.008703591,0.6392245,2.2677834,-0.02821476,-0.03378276,-0.0018338348,2.3194308,1.3187,1.4833907,-0.0003936064,-0.0011665588
AGBL3,1.4125849,-0.023292638,0.8017308,0.64857644,-0.020635482,-0.008703591,0.6392245,2.2677834,-0.02821476,-0.03378276,-0.0018338348,2.3194308,1.3187,1.4833907,-0.0003936064,-0.0011665588
AGFG2,1.4125849,-0.023292638,0.8017308,0.64857644,-0.020635482,-0.008703591,0.6392245,2.2677834,-0.02821476,-0.03378276,-0.0018338348,2.3194308,1.3187,1.4833907,-0.0003936064,-0.0011665588
AJM1,1.4125849,-0.023292638,0.8017308,0.64857644,-0.020635482,-0.008703591,0.6392245,2.2677834,-0.02821476,-0.03378276,-0.0018338348,2.3194308,1.3187,1.4833907,-0.0003936064,-0.0011665588
AK1,1.4125849,-0.023292638,0.8017308,0.64857644,-0.020635482,-0.008703591,0.6392245,2.2677834,-0.02821476,-0.03378276,-0.0018338348,2.3194308,1.3187,1.4833907,-0.0003936064,-0.0011665588
AK5,0.84020567,-0.017912976,0.6755551,0.18038939,-0.018863691,-0.010450425,0.63679826,1.995565,-0.023358757,-0.028665101,-0.0014909868,1.872158,1.1202726,1.362748,0.19191623,0.021977864
AK7,1.5046868,-0.021733219,0.8811911,0.7689369,-0.01877653,-0.009070712,0.5666421,2.1968246,-0.028077228,-0.031377513,-0.0031115457,2.233477,1.2062994,1.5893044,-0.0007109964,-0.0024455206
AK9,1.492775,-0.023186313,0.95870185,0.5833332,-0.01813574,-0.010468844,0.6704174,2.3450425,-0.026279798,-0.033630207,-0.000938206,2.2868438,1.2921569,1.4577509,0.14635035,-0.002894342
AKAP5,1.4124852,-0.023287594,0.8008888,0.64767927,-0.020629339,-0.008697394,0.63905823,2.266973,-0.028219497,-0.03378779,-0.0018381361,2.319236,1.3185261,1.4836047,-0.00039514242,-0.0011609077
AKTIP,1.4125849,-0.023292638,0.8017308,0.64857644,-0.020635482,-0.008703591,0.6392245,2.2677834,-0.02821476,-0.03378276,-0.0018338348,2.3194308,1.3187,1.4833907,-0.0003936064,-0.0011665588
ALOX5AP,1.4125849,-0.023292638,0.8017308,0.64857644,-0.020635482,-0.008703591,0.6392245,2.2677834,-0.02821476,-0.03378276,-0.0018338348,2.3194308,1.3187,1.4833907,-0.0003936064,-0.0011665588
AMIGO1,1.4125849,-0.023292638,0.8017308,0.64857644,-0.020635482,-0.008703591,0.6392245,2.2677834,-0.02821476,-0.03378276,-0.0018338348,2.3194308,1.3187,1.4833907,-0.0003936064,-0.0011665588
AMT,1.4125849,-0.023292638,0.8017308,0.64857644,-0.020635482,-0.008703591,0.6392245,2.2677834,-0.02821476,-0.03378276,-0.0018338348,2.3194308,1.3187,1.4833907,-0.0003936064,-0.0011665588
ANGPTL6,1.4125849,-0.023292638,0.8017308,0.64857644,-0.020635482,-0.008703591,0.6392245,2.2677834,-0.02821476,-0.03378276,-0.0018338348,2.3194308,1.3187,1.4833907,-0.0003936064,-0.0011665588
ANK1,1.4125849,-0.023292638,0.8017308,0.64857644,-0.020635482,-0.008703591,0.6392245,2.2677834,-0.02821476,-0.03378276,-0.0018338348,2.3194308,1.3187,1.4833907,-0.0003936064,-0.0011665588
ANK3,1.4125849,-0.023292638,0.8017308,0.64857644,-0.020635482,-0.008703591,0.6392245,2.2677834,-0.02821476,-0.03378276,-0.0018338348,2.3194308,1.3187,1.4833907,-0.0003936064,-0.0011665588
ANKAR,1.4125849,-0.023292638,0.8017308,0.64857644,-0.020635482,-0.008703591,0.6392245,2.2677834,-0.02821476,-0.03378276,-0.0018338348,2.3194308,1.3187,1.4833907,-0.0003936064,-0.0011665588
ANKRD26,1.3321224,-0.023294413,0.735883,0.6972524,-0.020130107,-0.008047949,0.6280316,2.1828496,-0.028478064,-0.034258723,-0.002596739,2.301553,1.340568,1.3898956,-0.00060153723,-0.0017894763
ANKRD29,1.4125849,-0.023292638,0.8017308,0.64857644,-0.020635482,-0.008703591,0.6392245,2.2677834,-0.02821476,-0.03378276,-0.0018338348,2.3194308,1.3187,1.4833907,-0.0003936064,-0.0011665588
ANKRD31,1.4125849,-0.023292638,0.8017308,0.64857644,-0.020635482,-0.008703591,0.6392245,2.2677834,-0.02821476,-0.03378276,-0.0018338348,2.3194308,1.3187,1.4833907,-0.0003936064,-0.0011665588
ANKRD36,1.4125849,-0.023292638,0.8017308,0.64857644,-0.020635482,-0.008703591,0.6392245,2.2677834,-0.02821476,-0.03378276,-0.0018338348,2.3194308,1.3187,1.4833907,-0.0003936064,-0.0011665588
ANKRD36B,1.4125849,-0.023292638,0.8017308,0.64857644,-0.020635482,-0.008703591,0.6392245,2.2677834,-0.02821476,-0.03378276,-0.0018338348,2.3194308,1.3187,1.4833907,-0.0003936064,-0.0011665588
ANKRD36C,1.4125849,-0.023292638,0.8017308,0.64857644,-0.020635482,-0.008703591,0.6392245,2.2677834,-0.02821476,-0.03378276,-0.0018338348,2.3194308,1.3187,1.4833907,-0.0003936064,-0.0011665588
ANKRD39,1.4125849,-0.023292638,0.8017308,0.64857644,-0.020635482,-0.008703591,0.6392245,2.2677834,-0.02821476,-0.03378276,-0.0018338348,2.3194308,1.3187,1.4833907,-0.0003936064,-0.0011665588
ANO10,1.4125849,-0.023292638,0.8017308,0.64857644,-0.020635482,-0.008703591,0.6392245,2.2677834,-0.02821476,-0.03378276,-0.0018338348,2.3194308,1.3187,1.4833907,-0.0003936064,-0.0011665588
ANTXRL,1.4689817,-0.023641355,0.8653239,0.62186706,-0.019994741,-0.008188886,0.6042081,2.1962237,-0.027275238,-0.034094058,-0.0014807768,2.3370345,1.3937435,1.4784871,-0.0010179308,-0.00110205
AP1G2,1.4125849,-0.023292638,0.8017308,0.64857644,-0.020635482,-0.008703591,0.6392245,2.2677834,-0.02821476,-0.03378276,-0.0018338348,2.3194308,1.3187,1.4833907,-0.0003936064,-0.0011665588
AP3B2,1.4125849,-0.023292638,0.8017308,0.64857644,-0.020635482,-0.008703591,0.6392245,2.2677834,-0.02821476,-0.03378276,-0.0018338348,2.3194308,1.3187,1.4833907,-0.0003936064,-0.0011665588
AP5Z1,1.4125849,-0.023292638,0.8017308,0.64857644,-0.020635482,-0.008703591,0.6392245,2.2677834,-0.02821476,-0.03378276,-0.0018338348,2.3194308,1.3187,1.4833907,-0.0003936064,-0.0011665588
APBB2,1.4125849,-0.023292638,0.8017308,0.64857644,-0.020635482,-0.008703591,0.6392245,2.2677834,-0.02821476,-0.03378276,-0.0018338348,2.3194308,1.3187,1.4833907,-0.0003936064,-0.0011665588
APOB,1.4125849,-0.023292638,0.8017308,0.64857644,-0.020635482,-0.008703591,0.6392245,2.2677834,-0.02821476,-0.03378276,-0.0018338348,2.3194308,1.3187,1.4833907,-0.0003936064,-0.0011665588
APOBEC4,1.4125849,-0.023292638,0.8017308,0.64857644,-0.020635482,-0.008703591,0.6392245,2.2677834,-0.02821476,-0.03378276,-0.0018338348,2.3194308,1.3187,1.4833907,-0.0003936064,-0.0011665588
AQP3,1.4125849,-0.023292638,0.8017308,0.64857644,-0.020635482,-0.008703591,0.6392245,2.2677834,-0.02821476,-0.03378276,-0.0018338348,2.3194308,1.3187,1.4833907,-0.0003936064,-0.0011665588
AREG,1.3946742,-0.022655874,0.6661938,0.64601344,-0.019384641,-0.008034056,0.6784773,2.2764227,-0.027240228,-0.03443405,-0.0026611283,2.1614032,1.1651657,1.4507954,-0.0009890946,-0.0018357891
ARF4-AS1,1.4125849,-0.023292638,0.8017308,0.64857644,-0.020635482,-0.008703591,0.6392245,2.2677834,-0.02821476,-0.03378276,-0.0018338348,2.3194308,1.3187,1.4833907,-0.0003936064,-0.0011665588
ARHGAP10,1.4125849,-0.023292638,0.8017308,0.64857644,-0.020635482,-0.008703591,0.6392245,2.2677834,-0.02821476,-0.03378276,-0.0018338348,2.3194308,1.3187,1.4833907,-0.0003936064,-0.0011665588
ARHGAP24,1.4125849,-0.023292638,0.8017308,0.64857644,-0.020635482,-0.008703591,0.6392245,2.2677834,-0.02821476,-0.03378276,-0.0018338348,2.3194308,1.3187,1.4833907,-0.0003936064,-0.0011665588
ARHGAP33,1.4125849,-0.023292638,0.8017308,0.64857644,-0.020635482,-0.008703591,0.6392245,2.2677834,-0.02821476,-0.03378276,-0.0018338348,2.3194308,1.3187,1.4833907,-0.0003936064,-0.0011665588
ARHGAP35,1.4124852,-0.023287594,0.8008888,0.64767927,-0.020629339,-0.008697394,0.63905823,2.266973,-0.028219497,-0.03378779,-0.0018381361,2.319236,1.3185261,1.4836047,-0.00039514242,-0.0011609077
ARHGAP39,1.4125849,-0.023292638,0.8017308,0.64857644,-0.020635482,-0.008703591,0.6392245,2.2677834,-0.02821476,-0.03378276,-0.0018338348,2.3194308,1.3187,1.4833907,-0.0003936064,-0.0011665588
ARHGAP5,1.4271156,-0.023392387,0.8295836,0.69112873,-0.020968633,-0.009397985,0.6499647,2.2774303,-0.027450422,-0.033606153,-0.0025052973,2.2597353,1.3681476,1.5032365,-0.00049101916,-0.0013785011
ARHGAP8,1.4125849,-0.023292638,0.8017308,0.64857644,-0.020635482,-0.008703591,0.6392245,2.2677834,-0.02821476,-0.03378276,-0.0018338348,2.3194308,1.3187,1.4833907,-0.0003936064,-0.0011665588
ARHGEF10,1.4125849,-0.023292638,0.8017308,0.64857644,-0.020635482,-0.008703591,0.6392245,2.2677834,-0.02821476,-0.03378276,-0.0018338348,2.3194308,1.3187,1.4833907,-0.0003936064,-0.0011665588
ARHGEF12,1.4453808,-0.022871094,0.90496355,0.5138228,-0.018208023,-0.010727893,0.6830524,2.336285,-0.025609484,-0.033175237,-0.00078931195,2.3287888,1.3331496,1.4513876,0.1725525,-0.0027402027
ARHGEF25,1.371523,-0.023149423,0.76118994,0.5021149,-0.021302905,-0.008348783,0.63556135,2.2301831,-0.026870748,-0.03273478,-0.0015983166,2.357658,1.2165691,1.3962382,0.026681513,-5.8287158e-05
ARIH2OS,1.4125849,-0.023292638,0.8017308,0.64857644,-0.020635482,-0.008703591,0.6392245,2.2677834,-0.02821476,-0.03378276,-0.0018338348,2.3194308,1.3187,1.4833907,-0.0003936064,-0.0011665588
ARL4D,1.4125849,-0.023292638,0.8017308,0.64857644,-0.020635482,-0.008703591,0.6392245,2.2677834,-0.02821476,-0.03378276,-0.0018338348,2.3194308,1.3187,1.4833907,-0.0003936064,-0.0011665588
ARRDC3,1.4125849,-0.023292638,0.8017308,0.64857644,-0.020635482,-0.008703591,0.6392245,2.2677834,-0.02821476,-0.03378276,-0.0018338348,2.3194308,1.3187,1.4833907,-0.0003936064,-0.0011665588
ARSJ,1.3990097,-0.024409989,0.6565998,0.71784043,-0.018224292,-0.010813156,0.78649265,2.1349409,-0.026574137,-0.031696294,-0.00041077577,2.0664485,1.2636955,1.4521892,0.017155461,-0.0031857484
ART5,1.4125849,-0.023292638,0.8017308,0.64857644,-0.020635482,-0.008703591,0.6392245,2.2677834,-0.02821476,-0.03378276,-0.0018338348,2.3194308,1.3187,1.4833907,-0.0003936064,-0.0011665588
ASIC1,1.4125849,-0.023292638,0.8017308,0.64857644,-0.020635482,-0.008703591,0.6392245,2.2677834,-0.02821476,-0.03378276,-0.0018338348,2.3194308,1.3187,1.4833907,-0.0003936064,-0.0011665588
ASXL1,1.4844829,-0.02188808,0.75322,0.6566735,-0.01905277,-0.007773477,0.5753469,2.1570115,-0.027087979,-0.03268476,-0.0004163435,2.2745783,1.1223823,1.4574858,-0.0007505983,-0.00036278635
ATAD3B,1.4125849,-0.023292638,0.8017308,0.64857644,-0.020635482,-0.008703591,0.6392245,2.2677834,-0.02821476,-0.03378276,-0.0018338348,2.3194308,1.3187,1.4833907,-0.0003936064,-0.0011665588
ATF7IP2,1.4125849,-0.023292638,0.8017308,0.64857644,-0.020635482,-0.008703591,0.6392245,2.2677834,-0.02821476,-0.03378276,-0.0018338348,2.3194308,1.3187,1.4833907,-0.0003936064,-0.0011665588
ATG16L1,1.4125849,-0.023292638,0.8017308,0.64857644,-0.020635482,-0.008703591,0.6392245,2.2677834,-0.02821476,-0.03378276,-0.0018338348,2.3194308,1.3187,1.4833907,-0.0003936064,-0.0011665588
ATG4D,1.4125849,-0.023292638,0.8017308,0.64857644,-0.020635482,-0.008703591,0.6392245,2.2677834,-0.02821476,-0.03378276,-0.0018338348,2.3194308,1.3187,1.4833907,-0.0003936064,-0.0011665588
ATN1,1.4125849,-0.023292638,0.8017308,0.64857644,-0.020635482,-0.008703591,0.6392245,2.2677834,-0.02821476,-0.03378276,-0.0018338348,2.3194308,1.3187,1.4833907,-0.0003936064,-0.0011665588
ATP1A3,1.4125849,-0.023292638,0.8017308,0.64857644,-0.020635482,-0.008703591,0.6392245,2.2677834,-0.02821476,-0.03378276,-0.0018338348,2.3194308,1.3187,1.4833907,-0.0003936064,-0.0011665588
ATP1B2,1.4125849,-0.023292638,0.8017308,0.64857644,-0.020635482,-0.008703591,0.6392245,2.2677834,-0.02821476,-0.03378276,-0.0018338348,2.3194308,1.3187,1.4833907,-0.0003936064,-0.0011665588
ATP2A3,1.3396465,-0.023580937,0.7509962,0.66734135,-0.020699682,-0.009167733,0.6626581,2.2878432,-0.02752281,-0.03304971,-0.0019281758,2.356728,1.3630004,1.5420486,-0.00024037166,-0.0012737679
ATP6V1H,1.4125849,-0.023292638,0.8017308,0.64857644,-0.020635482,-0.008703591,0.6392245,2.2677834,-0.02821476,-0.03378276,-0.0018338348,2.3194308,1.3187,1.4833907,-0.0003936064,-0.0011665588
ATP8B2,1.4125849,-0.023292638,0.8017308,0.64857644,-0.020635482,-0.008703591,0.6392245,2.2677834,-0.02821476,-0.03378276,-0.0018338348,2.3194308,1.3187,1.4833907,-0.0003936064,-0.0011665588
ATP9A,1.5046868,-0.021733219,0.8811911,0.7689369,-0.01877653,-0.009070712,0.5666421,2.1968246,-0.028077228,-0.031377513,-0.0031115457,2.233477,1.2062994,1.5893044,-0.0007109964,-0.0024455206
ATXN2-AS,1.4012469,-0.023200698,0.8177106,0.66221416,-0.020660646,-0.008795722,0.6483879,2.2673604,-0.028187595,-0.033784505,-0.0018746037,2.2989755,1.2971774,1.4900368,-0.00041457056,-0.0013077301
ATXN7L3B,1.4125849,-0.023292638,0.8017308,0.64857644,-0.020635482,-0.008703591,0.6392245,2.2677834,-0.02821476,-0.03378276,-0.0018338348,2.3194308,1.3187,1.4833907,-0.0003936064,-0.0011665588
AVP,1.4125849,-0.023292638,0.8017308,0.64857644,-0.020635482,-0.008703591,0.6392245,2.2677834,-0.02821476,-0.03378276,-0.0018338348,2.3194308,1.3187,1.4833907,-0.0003936064,-0.0011665588
AXDND1,1.4125849,-0.023292638,0.8017308,0.64857644,-0.020635482,-0.008703591,0.6392245,2.2677834,-0.02821476,-0.03378276,-0.0018338348,2.3194308,1.3187,1.4833907,-0.0003936064,-0.0011665588
AXIN1,1.4125849,-0.023292638,0.8017308,0.64857644,-0.020635482,-0.008703591,0.6392245,2.2677834,-0.02821476,-0.03378276,-0.0018338348,2.3194308,1.3187,1.4833907,-0.0003936064,-0.0011665588
AXL,1.4125849,-0.023292638,0.8017308,0.64857644,-0.020635482,-0.008703591,0.6392245,2.2677834,-0.02821476,-0.03378276,-0.0018338348,2.3194308,1.3187,1.4833907,-0.0003936064,-0.0011665588
B3GLCT,1.4125849,-0.023292638,0.8017308,0.64857644,-0.020635482,-0.008703591,0.6392245,2.2677834,-0.02821476,-0.03378276,-0.0018338348,2.3194308,1.3187,1.4833907,-0.0003936064,-0.0011665588
B4GALNT3,1.4125849,-0.023292638,0.8017308,0.64857644,-0.020635482,-0.008703591,0.6392245,2.2677834,-0.02821476,-0.03378276,-0.0018338348,2.3194308,1.3187,1.4833907,-0.0003936064,-0.0011665588
B4GALNT4,1.4125849,-0.023292638,0.8017308,0.64857644,-0.020635482,-0.008703591,0.6392245,2.2677834,-0.02821476,-0.03378276,-0.0018338348,2.3194308,1.3187,1.4833907,-0.0003936064,-0.0011665588
BAIAP3,1.4125849,-0.023292638,0.8017308,0.64857644,-0.020635482,-0.008703591,0.6392245,2.2677834,-0.02821476,-0.03378276,-0.0018338348,2.3194308,1.3187,1.4833907,-0.0003936064,-0.0011665588
BAMBI,1.4125849,-0.023292638,0.8017308,0.64857644,-0.020635482,-0.008703591,0.6392245,2.2677834,-0.02821476,-0.03378276,-0.0018338348,2.3194308,1.3187,1.4833907,-0.0003936064,-0.0011665588
BATF,1.4858432,-0.023543715,0.7068908,0.55857843,-0.018806776,-0.0072389976,0.6906159,2.0854418,-0.027196279,-0.032130525,-0.002061214,2.150608,1.1790088,1.3634757,-0.0020589253,-0.0013641614
BAZ1B,1.4125849,-0.023292638,0.8017308,0.64857644,-0.020635482,-0.008703591,0.6392245,2.2677834,-0.02821476,-0.03378276,-0.0018338348,2.3194308,1.3187,1.4833907,-0.0003936064,-0.0011665588
BCAS4,1.3321224,-0.023294413,0.735883,0.6972524,-0.020130107,-0.008047949,0.6280316,2.1828496,-0.028478064,-0.034258723,-0.002596739,2.301553,1.340568,1.3898956,-0.00060153723,-0.0017894763
BCKDHB,1.4125849,-0.023292638,0.8017308,0.64857644,-0.020635482,-0.008703591,0.6392245,2.2677834,-0.02821476,-0.03378276,-0.0018338348,2.3194308,1.3187,1.4833907,-0.0003936064,-0.0011665588
BCL2L13,1.4125849,-0.023292638,0.8017308,0.64857644,-0.020635482,-0.008703591,0.6392245,2.2677834,-0.02821476,-0.03378276,-0.0018338348,2.3194308,1.3187,1.4833907,-0.0003936064,-0.0011665588
BCL6B,1.4125849,-0.023292638,0.8017308,0.64857644,-0.020635482,-0.008703591,0.6392245,2.2677834,-0.02821476,-0.03378276,-0.0018338348,2.3194308,1.3187,1.4833907,-0.0003936064,-0.0011665588
BDP1,1.4125849,-0.023292638,0.8017308,0.64857644,-0.020635482,-0.008703591,0.6392245,2.2677834,-0.02821476,-0.03378276,-0.0018338348,2.3194308,1.3187,1.4833907,-0.0003936064,-0.0011665588
BEND5,1.4125849,-0.023292638,0.8017308,0.64857644,-0.020635482,-0.008703591,0.6392245,2.2677834,-0.02821476,-0.03378276,-0.0018338348,2.3194308,1.3187,1.4833907,-0.0003936064,-0.0011665588
BET1,1.4125849,-0.023292638,0.8017308,0.64857644,-0.020635482,-0.008703591,0.6392245,2.2677834,-0.02821476,-0.03378276,-0.0018338348,2.3194308,1.3187,1.4833907,-0.0003936064,-0.0011665588
BEX2,1.4125849,-0.023292638,0.8017308,0.64857644,-0.020635482,-0.008703591,0.6392245,2.2677834,-0.02821476,-0.03378276,-0.0018338348,2.3194308,1.3187,1.4833907,-0.0003936064,-0.0011665588
BEX3,1.4125849,-0.023292638,0.8017308,0.64857644,-0.020635482,-0.008703591,0.6392245,2.2677834,-0.02821476,-0.03378276,-0.0018338348,2.3194308,1.3187,1.4833907,-0.0003936064,-0.0011665588
BHLHE40-AS1,1.4125849,-0.023292638,0.8017308,0.64857644,-0.020635482,-0.008703591,0.6392245,2.2677834,-0.02821476,-0.03378276,-0.0018338348,2.3194308,1.3187,1.4833907,-0.0003936064,-0.0011665588
BICDL1,1.4125849,-0.023292638,0.8017308,0.64857644,-0.020635482,-0.008703591,0.6392245,2.2677834,-0.02821476,-0.03378276,-0.0018338348,2.3194308,1.3187,1.4833907,-0.0003936064,-0.0011665588
BICDL2,1.4125849,-0.023292638,0.8017308,0.64857644,-0.020635482,-0.008703591,0.6392245,2.2677834,-0.02821476,-0.03378276,-0.0018338348,2.3194308,1.3187,1.4833907,-0.0003936064,-0.0011665588
BIN1,1.4125849,-0.023292638,0.8017308,0.64857644,-0.020635482,-0.008703591,0.6392245,2.2677834,-0.02821476,-0.03378276,-0.0018338348,2.3194308,1.3187,1.4833907,-0.0003936064,-0.0011665588
BIRC7,1.4125849,-0.023292638,0.8017308,0.64857644,-0.020635482,-0.008703591,0.6392245,2.2677834,-0.02821476,-0.03378276,-0.0018338348,2.3194308,1.3187,1.4833907,-0.0003936064,-0.0011665588
BLNK,1.5046868,-0.021733219,0.8811911,0.7689369,-0.01877653,-0.009070712,0.5666421,2.1968246,-0.028077228,-0.031377513,-0.0031115457,2.233477,1.2062994,1.5893044,-0.0007109964,-0.0024455206
BMP2,1.4125849,-0.023292638,0.8017308,0.64857644,-0.020635482,-0.008703591,0.6392245,2.2677834,-0.02821476,-0.03378276,-0.0018338348,2.3194308,1.3187,1.4833907,-0.0003936064,-0.0011665588
BMP3,1.4125849,-0.023292638,0.8017308,0.64857644,-0.020635482,-0.008703591,0.6392245,2.2677834,-0.02821476,-0.03378276,-0.0018338348,2.3194308,1.3187,1.4833907,-0.0003936064,-0.0011665588
BMPER,1.4105314,-0.02325152,0.7991245,0.64747995,-0.02061072,-0.008690771,0.636172,2.2631497,-0.028197767,-0.033744883,-0.0018489436,2.318945,1.3171363,1.4813086,-0.00036405234,-0.0011508906
BMPR1B-DT,1.4125849,-0.023292638,0.8017308,0.64857644,-0.020635482,-0.008703591,0.6392245,2.2677834,-0.02821476,-0.03378276,-0.0018338348,2.3194308,1.3187,1.4833907,-0.0003936064,-0.0011665588
BNC2,1.4125849,-0.023292638,0.8017308,0.64857644,-0.020635482,-0.008703591,0.6392245,2.2677834,-0.02821476,-0.03378276,-0.0018338348,2.3194308,1.3187,1.4833907,-0.0003936064,-0.0011665588
BPGM,1.4125849,-0.023292638,0.8017308,0.64857644,-0.020635482,-0.008703591,0.6392245,2.2677834,-0.02821476,-0.03378276,-0.0018338348,2.3194308,1.3187,1.4833907,-0.0003936064,-0.0011665588
BRDT,1.4012469,-0.023200698,0.8177106,0.66221416,-0.020660646,-0.008795722,0.6483879,2.2673604,-0.028187595,-0.033784505,-0.0018746037,2.2989755,1.2971774,1.4900368,-0.00041457056,-0.0013077301
BRF1,0.80512273,-0.018690193,0.71046287,-0.00014869965,-0.01909691,-0.009755136,0.67646575,1.9898413,-0.02184138,-0.027045362,-0.00052743027,1.8813527,1.0073433,1.2490116,0.20208925,0.11493447
BRIX1,1.4125849,-0.023292638,0.8017308,0.64857644,-0.020635482,-0.008703591,0.6392245,2.2677834,-0.02821476,-0.03378276,-0.0018338348,2.3194308,1.3187,1.4833907,-0.0003936064,-0.0011665588
BRPF1,1.4125849,-0.023292638,0.8017308,0.64857644,-0.020635482,-0.008703591,0.6392245,2.2677834,-0.02821476,-0.03378276,-0.0018338348,2.3194308,1.3187,1.4833907,-0.0003936064,-0.0011665588
BSX,1.4125849,-0.023292638,0.8017308,0.64857644,-0.020635482,-0.008703591,0.6392245,2.2677834,-0.02821476,-0.03378276,-0.0018338348,2.3194308,1.3187,1.4833907,-0.0003936064,-0.0011665588
BTBD17,1.4125849,-0.023292638,0.8017308,0.64857644,-0.020635482,-0.008703591,0.6392245,2.2677834,-0.02821476,-0.03378276,-0.0018338348,2.3194308,1.3187,1.4833907,-0.0003936064,-0.0011665588
BTBD6,1.4125849,-0.023292638,0.8017308,0.64857644,-0.020635482,-0.008703591,0.6392245,2.2677834,-0.02821476,-0.03378276,-0.0018338348,2.3194308,1.3187,1.4833907,-0.0003936064,-0.0011665588
BTBD8,1.4125849,-0.023292638,0.8017308,0.64857644,-0.020635482,-0.008703591,0.6392245,2.2677834,-0.02821476,-0.03378276,-0.0018338348,2.3194308,1.3187,1.4833907,-0.0003936064,-0.0011665588
BTG3-AS1,1.2882245,-0.023398444,0.80472946,0.7163111,-0.019986317,-0.00803215,0.60543984,2.29014,-0.026474478,-0.033873025,-0.00012596825,2.2418969,1.1205297,1.3279135,0.13485396,-0.00014261514
BTN3A1,1.371523,-0.023149423,0.76118994,0.5021149,-0.021302905,-0.008348783,0.63556135,2.2301831,-0.026870748,-0.03273478,-0.0015983166,2.357658,1.2165691,1.3962382,0.026681513,-5.8287158e-05
BTRC,1.4125849,-0.023292638,0.8017308,0.64857644,-0.020635482,-0.008703591,0.6392245,2.2677834,-0.02821476,-0.03378276,-0.0018338348,2.3194308,1.3187,1.4833907,-0.0003936064,-0.0011665588
C10orf95,1.3990097,-0.024409989,0.6565998,0.71784043,-0.018224292,-0.010813156,0.78649265,2.1349409,-0.026574137,-0.031696294,-0.00041077577,2.0664485,1.2636955,1.4521892,0.017155461,-0.0031857484
C11orf52,1.4125849,-0.023292638,0.8017308,0.64857644,-0.020635482,-0.008703591,0.6392245,2.2677834,-0.02821476,-0.03378276,-0.0018338348,2.3194308,1.3187,1.4833907,-0.0003936064,-0.0011665588
C11orf65,1.4125849,-0.023292638,0.8017308,0.64857644,-0.020635482,-0.008703591,0.6392245,2.2677834,-0.02821476,-0.03378276,-0.0018338348,2.3194308,1.3187,1.4833907,-0.0003936064,-0.0011665588
C12orf42,1.4125849,-0.023292638,0.8017308,0.64857644,-0.020635482,-0.008703591,0.6392245,2.2677834,-0.02821476,-0.03378276,-0.0018338348,2.3194308,1.3187,1.4833907,-0.0003936064,-0.0011665588
C15orf61,1.4125849,-0.023292638,0.8017308,0.64857644,-0.020635482,-0.008703591,0.6392245,2.2677834,-0.02821476,-0.03378276,-0.0018338348,2.3194308,1.3187,1.4833907,-0.0003936064,-0.0011665588
C17orf80,1.4125849,-0.023292638,0.8017308,0.64857644,-0.020635482,-0.008703591,0.6392245,2.2677834,-0.02821476,-0.03378276,-0.0018338348,2.3194308,1.3187,1.4833907,-0.0003936064,-0.0011665588
C17orf99,1.4125849,-0.023292638,0.8017308,0.64857644,-0.020635482,-0.008703591,0.6392245,2.2677834,-0.02821476,-0.03378276,-0.0018338348,2.3194308,1.3187,1.4833907,-0.0003936064,-0.0011665588
C19orf25,1.4125849,-0.023292638,0.8017308,0.64857644,-0.020635482,-0.008703591,0.6392245,2.2677834,-0.02821476,-0.03378276,-0.0018338348,2.3194308,1.3187,1.4833907,-0.0003936064,-0.0011665588
C19orf84,1.4125849,-0.023292638,0.8017308,0.64857644,-0.020635482,-0.008703591,0.6392245,2.2677834,-0.02821476,-0.03378276,-0.0018338348,2.3194308,1.3187,1.4833907,-0.0003936064,-0.0011665588
C1QL4,1.3321224,-0.023294413,0.735883,0.6972524,-0.020130107,-0.008047949,0.6280316,2.1828496,-0.028478064,-0.034258723,-0.002596739,2.301553,1.340568,1.3898956,-0.00060153723,-0.0017894763
C1QTNF12,1.4125849,-0.023292638,0.8017308,0.64857644,-0.020635482,-0.008703591,0.6392245,2.2677834,-0.02821476,-0.03378276,-0.0018338348,2.3194308,1.3187,1.4833907,-0.0003936064,-0.0011665588
C1orf141,1.4125849,-0.023292638,0.8017308,0.64857644,-0.020635482,-0.008703591,0.6392245,2.2677834,-0.02821476,-0.03378276,-0.0018338348,2.3194308,1.3187,1.4833907,-0.0003936064,-0.0011665588
C1orf159,1.4125849,-0.023292638,0.8017308,0.64857644,-0.020635482,-0.008703591,0.6392245,2.2677834,-0.02821476,-0.03378276,-0.0018338348,2.3194308,1.3187,1.4833907,-0.0003936064,-0.0011665588
C1orf35,1.4125849,-0.023292638,0.8017308,0.64857644,-0.020635482,-0.008703591,0.6392245,2.2677834,-0.02821476,-0.03378276,-0.0018338348,2.3194308,1.3187,1.4833907,-0.0003936064,-0.0011665588
C2CD4B,1.4125849,-0.023292638,0.8017308,0.64857644,-0.020635482,-0.008703591,0.6392245,2.2677834,-0.02821476,-0.03378276,-0.0018338348,2.3194308,1.3187,1.4833907,-0.0003936064,-0.0011665588
C3orf52,1.4858432,-0.023543715,0.7068908,0.55857843,-0.018806776,-0.0072389976,0.6906159,2.0854418,-0.027196279,-0.032130525,-0.002061214,2.150608,1.1790088,1.3634757,-0.0020589253,-0.0013641614
C4BPA,1.4125849,-0.023292638,0.8017308,0.64857644,-0.020635482,-0.008703591,0.6392245,2.2677834,-0.02821476,-0.03378276,-0.0018338348,2.3194308,1.3187,1.4833907,-0.0003936064,-0.0011665588
C5orf67,1.4125849,-0.023292638,0.8017308,0.64857644,-0.020635482,-0.008703591,0.6392245,2.2677834,-0.02821476,-0.03378276,-0.0018338348,2.3194308,1.3187,1.4833907,-0.0003936064,-0.0011665588
C6orf141,1.4125849,-0.023292638,0.8017308,0.64857644,-0.020635482,-0.008703591,0.6392245,2.2677834,-0.02821476,-0.03378276,-0.0018338348,2.3194308,1.3187,1.4833907,-0.0003936064,-0.0011665588
C7orf31,1.4125849,-0.023292638,0.8017308,0.64857644,-0.020635482,-0.008703591,0.6392245,2.2677834,-0.02821476,-0.03378276,-0.0018338348,2.3194308,1.3187,1.4833907,-0.0003936064,-0.0011665588
CA6,1.4125849,-0.023292638,0.8017308,0.64857644,-0.020635482,-0.008703591,0.6392245,2.2677834,-0.02821476,-0.03378276,-0.0018338348,2.3194308,1.3187,1.4833907,-0.0003936064,-0.0011665588
CACNA1C-AS1,1.4125849,-0.023292638,0.8017308,0.64857644,-0.020635482,-0.008703591,0.6392245,2.2677834,-0.02821476,-0.03378276,-0.0018338348,2.3194308,1.3187,1.4833907,-0.0003936064,-0.0011665588
CACNA1H,1.4125849,-0.023292638,0.8017308,0.64857644,-0.020635482,-0.008703591,0.6392245,2.2677834,-0.02821476,-0.03378276,-0.0018338348,2.3194308,1.3187,1.4833907,-0.0003936064,-0.0011665588
CACNA2D2,1.4125849,-0.023292638,0.8017308,0.64857644,-0.020635482,-0.008703591,0.6392245,2.2677834,-0.02821476,-0.03378276,-0.0018338348,2.3194308,1.3187,1.4833907,-0.0003936064,-0.0011665588
CADM1,1.4125849,-0.023292638,0.8017308,0.64857644,-0.020635482,-0.008703591,0.6392245,2.2677834,-0.02821476,-0.03378276,-0.0018338348,2.3194308,1.3187,1.4833907,-0.0003936064,-0.0011665588
CADM2,1.4125849,-0.023292638,0.8017308,0.64857644,-0.020635482,-0.008703591,0.6392245,2.2677834,-0.02821476,-0.03378276,-0.0018338348,2.3194308,1.3187,1.4833907,-0.0003936064,-0.0011665588
CALB2,1.4125849,-0.023292638,0.8017308,0.64857644,-0.020635482,-0.008703591,0.6392245,2.2677834,-0.02821476,-0.03378276,-0.0018338348,2.3194308,1.3187,1.4833907,-0.0003936064,-0.0011665588
CAMTA1-DT,1.4125849,-0.023292638,0.8017308,0.64857644,-0.020635482,-0.008703591,0.6392245,2.2677834,-0.02821476,-0.03378276,-0.0018338348,2.3194308,1.3187,1.4833907,-0.0003936064,-0.0011665588
CAPN12,1.4104106,-0.023309104,0.79957646,0.64951706,-0.020605762,-0.008712372,0.6379734,2.2672656,-0.028188275,-0.03376633,-0.0018315454,2.3179383,1.3179502,1.4859527,-0.00037308782,-0.001148743
CAPRIN2,1.4125849,-0.023292638,0.8017308,0.64857644,-0.020635482,-0.008703591,0.6392245,2.2677834,-0.02821476,-0.03378276,-0.0018338348,2.3194308,1.3187,1.4833907,-0.0003936064,-0.0011665588
CARMIL2,1.4125849,-0.023292638,0.8017308,0.64857644,-0.020635482,-0.008703591,0.6392245,2.2677834,-0.02821476,-0.03378276,-0.0018338348,2.3194308,1.3187,1.4833907,-0.0003936064,-0.0011665588
CARNS1,1.4125849,-0.023292638,0.8017308,0.64857644,-0.020635482,-0.008703591,0.6392245,2.2677834,-0.02821476,-0.03378276,-0.0018338348,2.3194308,1.3187,1.4833907,-0.0003936064,-0.0011665588
CASKIN1,1.4125849,-0.023292638,0.8017308,0.64857644,-0.020635482,-0.008703591,0.6392245,2.2677834,-0.02821476,-0.03378276,-0.0018338348,2.3194308,1.3187,1.4833907,-0.0003936064,-0.0011665588
CASP8,1.4124852,-0.023287594,0.8008888,0.64767927,-0.020629339,-0.008697394,0.63905823,2.266973,-0.028219497,-0.03378779,-0.0018381361,2.319236,1.3185261,1.4836047,-0.00039514242,-0.0011609077
CASP8AP2,1.4125849,-0.023292638,0.8017308,0.64857644,-0.020635482,-0.008703591,0.6392245,2.2677834,-0.02821476,-0.03378276,-0.0018338348,2.3194308,1.3187,1.4833907,-0.0003936064,-0.0011665588
CBFB,1.3669069,-0.021143215,0.59781694,0.9669252,-0.016433505,-0.0073166573,0.56696516,1.8018582,-0.029757861,-0.030644856,-0.010913395,1.7728894,1.3034407,1.5464636,-0.0054516066,-0.006555711
CBX4,1.4125849,-0.023292638,0.8017308,0.64857644,-0.020635482,-0.008703591,0.6392245,2.2677834,-0.02821476,-0.03378276,-0.0018338348,2.3194308,1.3187,1.4833907,-0.0003936064,-0.0011665588
CCDC134,1.4125849,-0.023292638,0.8017308,0.64857644,-0.020635482,-0.008703591,0.6392245,2.2677834,-0.02821476,-0.03378276,-0.0018338348,2.3194308,1.3187,1.4833907,-0.0003936064,-0.0011665588
CCDC141,1.4125849,-0.023292638,0.8017308,0.64857644,-0.020635482,-0.008703591,0.6392245,2.2677834,-0.02821476,-0.03378276,-0.0018338348,2.3194308,1.3187,1.4833907,-0.0003936064,-0.0011665588
CCDC15-DT,1.4125849,-0.023292638,0.8017308,0.64857644,-0.020635482,-0.008703591,0.6392245,2.2677834,-0.02821476,-0.03378276,-0.0018338348,2.3194308,1.3187,1.4833907,-0.0003936064,-0.0011665588
CCDC158,1.4125849,-0.023292638,0.8017308,0.64857644,-0.020635482,-0.008703591,0.6392245,2.2677834,-0.02821476,-0.03378276,-0.0018338348,2.3194308,1.3187,1.4833907,-0.0003936064,-0.0011665588
CCDC171,1.4125849,-0.023292638,0.8017308,0.64857644,-0.020635482,-0.008703591,0.6392245,2.2677834,-0.02821476,-0.03378276,-0.0018338348,2.3194308,1.3187,1.4833907,-0.0003936064,-0.0011665588
CCDC34,1.4125849,-0.023292638,0.8017308,0.64857644,-0.020635482,-0.008703591,0.6392245,2.2677834,-0.02821476,-0.03378276,-0.0018338348,2.3194308,1.3187,1.4833907,-0.0003936064,-0.0011665588
CCDC42,1.4125849,-0.023292638,0.8017308,0.64857644,-0.020635482,-0.008703591,0.6392245,2.2677834,-0.02821476,-0.03378276,-0.0018338348,2.3194308,1.3187,1.4833907,-0.0003936064,-0.0011665588
CCDC62,1.371523,-0.023149423,0.76118994,0.5021149,-0.021302905,-0.008348783,0.63556135,2.2301831,-0.026870748,-0.03273478,-0.0015983166,2.357658,1.2165691,1.3962382,0.026681513,-5.8287158e-05
CCER2,1.4125849,-0.023292638,0.8017308,0.64857644,-0.020635482,-0.008703591,0.6392245,2.2677834,-0.02821476,-0.03378276,-0.0018338348,2.3194308,1.3187,1.4833907,-0.0003936064,-0.0011665588
CCKBR,1.4125849,-0.023292638,0.8017308,0.64857644,-0.020635482,-0.008703591,0.6392245,2.2677834,-0.02821476,-0.03378276,-0.0018338348,2.3194308,1.3187,1.4833907,-0.0003936064,-0.0011665588
CCL22,1.4001393,-0.02441322,0.65581167,0.7186605,-0.018233893,-0.010818696,0.78619564,2.1360083,-0.026567928,-0.031694107,-0.00040630868,2.0673687,1.2640984,1.4515976,0.01675611,-0.003192529
CCL3,1.4125849,-0.023292638,0.8017308,0.64857644,-0.020635482,-0.008703591,0.6392245,2.2677834,-0.02821476,-0.03378276,-0.0018338348,2.3194308,1.3187,1.4833907,-0.0003936064,-0.0011665588
CCL4,1.4125849,-0.023292638,0.8017308,0.64857644,-0.020635482,-0.008703591,0.6392245,2.2677834,-0.02821476,-0.03378276,-0.0018338348,2.3194308,1.3187,1.4833907,-0.0003936064,-0.0011665588
CCL4L2,1.394968,-0.022655234,0.66675246,0.6457692,-0.019382084,-0.008029814,0.6786445,2.2750998,-0.027243277,-0.03442282,-0.0026668883,2.1620026,1.1654394,1.4504561,-0.0009766552,-0.0018434733
CCL5,1.4125849,-0.023292638,0.8017308,0.64857644,-0.020635482,-0.008703591,0.6392245,2.2677834,-0.02821476,-0.03378276,-0.0018338348,2.3194308,1.3187,1.4833907,-0.0003936064,-0.0011665588
CCND2,1.4125849,-0.023292638,0.8017308,0.64857644,-0.020635482,-0.008703591,0.6392245,2.2677834,-0.02821476,-0.03378276,-0.0018338348,2.3194308,1.3187,1.4833907,-0.0003936064,-0.0011665588
CCNI2,1.4125849,-0.023292638,0.8017308,0.64857644,-0.020635482,-0.008703591,0.6392245,2.2677834,-0.02821476,-0.03378276,-0.0018338348,2.3194308,1.3187,1.4833907,-0.0003936064,-0.0011665588
CCR6,1.4125849,-0.023292638,0.8017308,0.64857644,-0.020635482,-0.008703591,0.6392245,2.2677834,-0.02821476,-0.03378276,-0.0018338348,2.3194308,1.3187,1.4833907,-0.0003936064,-0.0011665588
CCSER1,1.4125849,-0.023292638,0.8017308,0.64857644,-0.020635482,-0.008703591,0.6392245,2.2677834,-0.02821476,-0.03378276,-0.0018338348,2.3194308,1.3187,1.4833907,-0.0003936064,-0.0011665588
CD160,1.4125849,-0.023292638,0.8017308,0.64857644,-0.020635482,-0.008703591,0.6392245,2.2677834,-0.02821476,-0.03378276,-0.0018338348,2.3194308,1.3187,1.4833907,-0.0003936064,-0.0011665588
CD200R1L,1.3990097,-0.024409989,0.6565998,0.71784043,-0.018224292,-0.010813156,0.78649265,2.1349409,-0.026574137,-0.031696294,-0.00041077577,2.0664485,1.2636955,1.4521892,0.017155461,-0.0031857484
CD226,1.3713449,-0.023129264,0.75820756,0.5028753,-0.021298558,-0.008318226,0.63297004,2.2276883,-0.026825957,-0.03270379,-0.0016079433,2.3543777,1.2139846,1.3993952,0.030567586,-7.080473e-05
CD28,1.126832,-0.02010549,0.6344025,0.689811,-0.02070656,-0.005213176,0.2975413,1.9111812,-0.030000385,-0.02916305,-0.004811839,2.3534868,1.348174,1.128421,0.09913291,0.055902623
CD320,1.4125849,-0.023292638,0.8017308,0.64857644,-0.020635482,-0.008703591,0.6392245,2.2677834,-0.02821476,-0.03378276,-0.0018338348,2.3194308,1.3187,1.4833907,-0.0003936064,-0.0011665588
CD38,1.4125849,-0.023292638,0.8017308,0.64857644,-0.020635482,-0.008703591,0.6392245,2.2677834,-0.02821476,-0.03378276,-0.0018338348,2.3194308,1.3187,1.4833907,-0.0003936064,-0.0011665588
CD40LG,1.4125849,-0.023292638,0.8017308,0.64857644,-0.020635482,-0.008703591,0.6392245,2.2677834,-0.02821476,-0.03378276,-0.0018338348,2.3194308,1.3187,1.4833907,-0.0003936064,-0.0011665588
CD5L,1.4125849,-0.023292638,0.8017308,0.64857644,-0.020635482,-0.008703591,0.6392245,2.2677834,-0.02821476,-0.03378276,-0.0018338348,2.3194308,1.3187,1.4833907,-0.0003936064,-0.0011665588
CD7,1.4125849,-0.023292638,0.8017308,0.64857644,-0.020635482,-0.008703591,0.6392245,2.2677834,-0.02821476,-0.03378276,-0.0018338348,2.3194308,1.3187,1.4833907,-0.0003936064,-0.0011665588
CD79A,1.4125849,-0.023292638,0.8017308,0.64857644,-0.020635482,-0.008703591,0.6392245,2.2677834,-0.02821476,-0.03378276,-0.0018338348,2.3194308,1.3187,1.4833907,-0.0003936064,-0.0011665588
CD8A,1.4125849,-0.023292638,0.8017308,0.64857644,-0.020635482,-0.008703591,0.6392245,2.2677834,-0.02821476,-0.03378276,-0.0018338348,2.3194308,1.3187,1.4833907,-0.0003936064,-0.0011665588
CDC14B,1.4125849,-0.023292638,0.8017308,0.64857644,-0.020635482,-0.008703591,0.6392245,2.2677834,-0.02821476,-0.03378276,-0.0018338348,2.3194308,1.3187,1.4833907,-0.0003936064,-0.0011665588
CDC25C,1.4125849,-0.023292638,0.8017308,0.64857644,-0.020635482,-0.008703591,0.6392245,2.2677834,-0.02821476,-0.03378276,-0.0018338348,2.3194308,1.3187,1.4833907,-0.0003936064,-0.0011665588
CDC42-AS1,1.4104106,-0.023309104,0.79957646,0.64951706,-0.020605762,-0.008712372,0.6379734,2.2672656,-0.028188275,-0.03376633,-0.0018315454,2.3179383,1.3179502,1.4859527,-0.00037308782,-0.001148743
CDH2,1.4125849,-0.023292638,0.8017308,0.64857644,-0.020635482,-0.008703591,0.6392245,2.2677834,-0.02821476,-0.03378276,-0.0018338348,2.3194308,1.3187,1.4833907,-0.0003936064,-0.0011665588
CDHR1,1.4125849,-0.023292638,0.8017308,0.64857644,-0.020635482,-0.008703591,0.6392245,2.2677834,-0.02821476,-0.03378276,-0.0018338348,2.3194308,1.3187,1.4833907,-0.0003936064,-0.0011665588
CDHR3,1.4125849,-0.023292638,0.8017308,0.64857644,-0.020635482,-0.008703591,0.6392245,2.2677834,-0.02821476,-0.03378276,-0.0018338348,2.3194308,1.3187,1.4833907,-0.0003936064,-0.0011665588
CDK5RAP2,1.4125849,-0.023292638,0.8017308,0.64857644,-0.020635482,-0.008703591,0.6392245,2.2677834,-0.02821476,-0.03378276,-0.0018338348,2.3194308,1.3187,1.4833907,-0.0003936064,-0.0011665588
CDK9,1.4125849,-0.023292638,0.8017308,0.64857644,-0.020635482,-0.008703591,0.6392245,2.2677834,-0.02821476,-0.03378276,-0.0018338348,2.3194308,1.3187,1.4833907,-0.0003936064,-0.0011665588
CDKN1C,1.4125849,-0.023292638,0.8017308,0.64857644,-0.020635482,-0.008703591,0.6392245,2.2677834,-0.02821476,-0.03378276,-0.0018338348,2.3194308,1.3187,1.4833907,-0.0003936064,-0.0011665588
CDO1,1.4125849,-0.023292638,0.8017308,0.64857644,-0.020635482,-0.008703591,0.6392245,2.2677834,-0.02821476,-0.03378276,-0.0018338348,2.3194308,1.3187,1.4833907,-0.0003936064,-0.0011665588
CEACAM21,1.4125849,-0.023292638,0.8017308,0.64857644,-0.020635482,-0.008703591,0.6392245,2.2677834,-0.02821476,-0.03378276,-0.0018338348,2.3194308,1.3187,1.4833907,-0.0003936064,-0.0011665588
CEBPD,1.3938152,-0.022645364,0.6665695,0.64564234,-0.019376809,-0.008041377,0.6793386,2.2747693,-0.02723633,-0.034420945,-0.0026488581,2.1603596,1.1633569,1.4507122,-0.00097487733,-0.0018307792
CELF5,1.4125849,-0.023292638,0.8017308,0.64857644,-0.020635482,-0.008703591,0.6392245,2.2677834,-0.02821476,-0.03378276,-0.0018338348,2.3194308,1.3187,1.4833907,-0.0003936064,-0.0011665588
CENPM,1.4125849,-0.023292638,0.8017308,0.64857644,-0.020635482,-0.008703591,0.6392245,2.2677834,-0.02821476,-0.03378276,-0.0018338348,2.3194308,1.3187,1.4833907,-0.0003936064,-0.0011665588
CENPV,1.4137145,-0.02329587,0.8009426,0.6493965,-0.020645084,-0.008709131,0.6389275,2.2688508,-0.02820855,-0.033780575,-0.0018293677,2.320351,1.3191029,1.482799,-0.0003975999,-0.0011733394
CEP126,1.1812887,-0.023372626,0.8682128,0.45242098,-0.020422827,-0.0074654743,0.6558222,2.0148993,-0.02575761,-0.0312421,-0.003208672,2.1666298,1.2662375,1.4029402,-0.0017618241,-0.002379772
CEP128,1.4125849,-0.023292638,0.8017308,0.64857644,-0.020635482,-0.008703591,0.6392245,2.2677834,-0.02821476,-0.03378276,-0.0018338348,2.3194308,1.3187,1.4833907,-0.0003936064,-0.0011665588
CEP19,1.4125849,-0.023292638,0.8017308,0.64857644,-0.020635482,-0.008703591,0.6392245,2.2677834,-0.02821476,-0.03378276,-0.0018338348,2.3194308,1.3187,1.4833907,-0.0003936064,-0.0011665588
CEP295,1.4125849,-0.023292638,0.8017308,0.64857644,-0.020635482,-0.008703591,0.6392245,2.2677834,-0.02821476,-0.03378276,-0.0018338348,2.3194308,1.3187,1.4833907,-0.0003936064,-0.0011665588
CEP70,1.4257208,-0.020498574,0.7843302,0.8327015,-0.017688166,-0.0056659756,0.40663305,2.18491,-0.024219073,-0.03131682,-0.00043343223,2.081935,1.0538237,1.4636254,-0.0024027827,0.073803805
CEP97,1.4125849,-0.023292638,0.8017308,0.64857644,-0.020635482,-0.008703591,0.6392245,2.2677834,-0.02821476,-0.03378276,-0.0018338348,2.3194308,1.3187,1.4833907,-0.0003936064,-0.0011665588
CERCAM,1.4125849,-0.023292638,0.8017308,0.64857644,-0.020635482,-0.008703591,0.6392245,2.2677834,-0.02821476,-0.03378276,-0.0018338348,2.3194308,1.3187,1.4833907,-0.0003936064,-0.0011665588
CERNA1,1.4125849,-0.023292638,0.8017308,0.64857644,-0.020635482,-0.008703591,0.6392245,2.2677834,-0.02821476,-0.03378276,-0.0018338348,2.3194308,1.3187,1.4833907,-0.0003936064,-0.0011665588
CFAP36,1.4125849,-0.023292638,0.8017308,0.64857644,-0.020635482,-0.008703591,0.6392245,2.2677834,-0.02821476,-0.03378276,-0.0018338348,2.3194308,1.3187,1.4833907,-0.0003936064,-0.0011665588
CFAP44,1.4125849,-0.023292638,0.8017308,0.64857644,-0.020635482,-0.008703591,0.6392245,2.2677834,-0.02821476,-0.03378276,-0.0018338348,2.3194308,1.3187,1.4833907,-0.0003936064,-0.0011665588
CFAP61,1.4125849,-0.023292638,0.8017308,0.64857644,-0.020635482,-0.008703591,0.6392245,2.2677834,-0.02821476,-0.03378276,-0.0018338348,2.3194308,1.3187,1.4833907,-0.0003936064,-0.0011665588
CFAP70,1.4125849,-0.023292638,0.8017308,0.64857644,-0.020635482,-0.008703591,0.6392245,2.2677834,-0.02821476,-0.03378276,-0.0018338348,2.3194308,1.3187,1.4833907,-0.0003936064,-0.0011665588
CFAP74,1.4125849,-0.023292638,0.8017308,0.64857644,-0.020635482,-0.008703591,0.6392245,2.2677834,-0.02821476,-0.03378276,-0.0018338348,2.3194308,1.3187,1.4833907,-0.0003936064,-0.0011665588
CFAP97,1.4125849,-0.023292638,0.8017308,0.64857644,-0.020635482,-0.008703591,0.6392245,2.2677834,-0.02821476,-0.03378276,-0.0018338348,2.3194308,1.3187,1.4833907,-0.0003936064,-0.0011665588
CFAP97D2,1.41103,-0.02327839,0.8014369,0.6470954,-0.020652328,-0.008714188,0.6401549,2.265462,-0.028223475,-0.033767477,-0.0018437773,2.3199003,1.3163702,1.4821539,-0.0004132001,-0.0011554653
CFB,1.4105314,-0.02325152,0.7991245,0.64747995,-0.02061072,-0.008690771,0.636172,2.2631497,-0.028197767,-0.033744883,-0.0018489436,2.318945,1.3171363,1.4813086,-0.00036405234,-0.0011508906
CHAC1,1.492775,-0.023186313,0.95870185,0.5833332,-0.01813574,-0.010468844,0.6704174,2.3450425,-0.026279798,-0.033630207,-0.000938206,2.2868438,1.2921569,1.4577509,0.14635035,-0.002894342
CHD7,1.4125849,-0.023292638,0.8017308,0.64857644,-0.020635482,-0.008703591,0.6392245,2.2677834,-0.02821476,-0.03378276,-0.0018338348,2.3194308,1.3187,1.4833907,-0.0003936064,-0.0011665588
CHI3L2,1.4125849,-0.023292638,0.8017308,0.64857644,-0.020635482,-0.008703591,0.6392245,2.2677834,-0.02821476,-0.03378276,-0.0018338348,2.3194308,1.3187,1.4833907,-0.0003936064,-0.0011665588
CHODL,1.4125849,-0.023292638,0.8017308,0.64857644,-0.020635482,-0.008703591,0.6392245,2.2677834,-0.02821476,-0.03378276,-0.0018338348,2.3194308,1.3187,1.4833907,-0.0003936064,-0.0011665588
CHRNA1,1.4125849,-0.023292638,0.8017308,0.64857644,-0.020635482,-0.008703591,0.6392245,2.2677834,-0.02821476,-0.03378276,-0.0018338348,2.3194308,1.3187,1.4833907,-0.0003936064,-0.0011665588
CHRNA9,1.4125849,-0.023292638,0.8017308,0.64857644,-0.020635482,-0.008703591,0.6392245,2.2677834,-0.02821476,-0.03378276,-0.0018338348,2.3194308,1.3187,1.4833907,-0.0003936064,-0.0011665588
CHST10,1.4125849,-0.023292638,0.8017308,0.64857644,-0.020635482,-0.008703591,0.6392245,2.2677834,-0.02821476,-0.03378276,-0.0018338348,2.3194308,1.3187,1.4833907,-0.0003936064,-0.0011665588
CHST12,1.4121956,-0.0232928,0.8024285,0.64799565,-0.020630991,-0.008695753,0.6389291,2.2674978,-0.028209936,-0.033783376,-0.0018392464,2.3199787,1.3190559,1.4839792,-0.00039519905,-0.0011674433
CHTF18,1.41103,-0.02327839,0.8014369,0.6470954,-0.020652328,-0.008714188,0.6401549,2.265462,-0.028223475,-0.033767477,-0.0018437773,2.3199003,1.3163702,1.4821539,-0.0004132001,-0.0011554653
CISH,1.4125849,-0.023292638,0.8017308,0.64857644,-0.020635482,-0.008703591,0.6392245,2.2677834,-0.02821476,-0.03378276,-0.0018338348,2.3194308,1.3187,1.4833907,-0.0003936064,-0.0011665588
CKAP2L,1.4125849,-0.023292638,0.8017308,0.64857644,-0.020635482,-0.008703591,0.6392245,2.2677834,-0.02821476,-0.03378276,-0.0018338348,2.3194308,1.3187,1.4833907,-0.0003936064,-0.0011665588
CKMT2,1.4125849,-0.023292638,0.8017308,0.64857644,-0.020635482,-0.008703591,0.6392245,2.2677834,-0.02821476,-0.03378276,-0.0018338348,2.3194308,1.3187,1.4833907,-0.0003936064,-0.0011665588
CLDN16,1.4125849,-0.023292638,0.8017308,0.64857644,-0.020635482,-0.008703591,0.6392245,2.2677834,-0.02821476,-0.03378276,-0.0018338348,2.3194308,1.3187,1.4833907,-0.0003936064,-0.0011665588
CLDN23,1.4125849,-0.023292638,0.8017308,0.64857644,-0.020635482,-0.008703591,0.6392245,2.2677834,-0.02821476,-0.03378276,-0.0018338348,2.3194308,1.3187,1.4833907,-0.0003936064,-0.0011665588
CLEC2L,1.4125849,-0.023292638,0.8017308,0.64857644,-0.020635482,-0.008703591,0.6392245,2.2677834,-0.02821476,-0.03378276,-0.0018338348,2.3194308,1.3187,1.4833907,-0.0003936064,-0.0011665588
CLIC3,1.2886138,-0.023398282,0.8040318,0.7168919,-0.01999081,-0.008039989,0.60573524,2.2904255,-0.0264793,-0.033872407,-0.00012055656,2.241349,1.1201737,1.327325,0.13501322,-0.00014173068
CLIC6,1.4125849,-0.023292638,0.8017308,0.64857644,-0.020635482,-0.008703591,0.6392245,2.2677834,-0.02821476,-0.03378276,-0.0018338348,2.3194308,1.3187,1.4833907,-0.0003936064,-0.0011665588
CLSTN1,1.4888421,-0.019520069,0.5995763,0.706227,-0.018661655,-0.007817254,0.48694384,2.0320282,-0.025060697,-0.030242924,0.032263,2.138259,1.4176911,1.3404392,-0.0011982796,0.075745426
CLU,1.4125849,-0.023292638,0.8017308,0.64857644,-0.020635482,-0.008703591,0.6392245,2.2677834,-0.02821476,-0.03378276,-0.0018338348,2.3194308,1.3187,1.4833907,-0.0003936064,-0.0011665588
CLUAP1,1.4125849,-0.023292638,0.8017308,0.64857644,-0.020635482,-0.008703591,0.6392245,2.2677834,-0.02821476,-0.03378276,-0.0018338348,2.3194308,1.3187,1.4833907,-0.0003936064,-0.0011665588
CLYBL,1.4125849,-0.023292638,0.8017308,0.64857644,-0.020635482,-0.008703591,0.6392245,2.2677834,-0.02821476,-0.03378276,-0.0018338348,2.3194308,1.3187,1.4833907,-0.0003936064,-0.0011665588
CMSS1,1.4125849,-0.023292638,0.8017308,0.64857644,-0.020635482,-0.008703591,0.6392245,2.2677834,-0.02821476,-0.03378276,-0.0018338348,2.3194308,1.3187,1.4833907,-0.0003936064,-0.0011665588
CNIH3,1.4125849,-0.023292638,0.8017308,0.64857644,-0.020635482,-0.008703591,0.6392245,2.2677834,-0.02821476,-0.03378276,-0.0018338348,2.3194308,1.3187,1.4833907,-0.0003936064,-0.0011665588
CNR2,1.4125849,-0.023292638,0.8017308,0.64857644,-0.020635482,-0.008703591,0.6392245,2.2677834,-0.02821476,-0.03378276,-0.0018338348,2.3194308,1.3187,1.4833907,-0.0003936064,-0.0011665588
COG6,1.4125849,-0.023292638,0.8017308,0.64857644,-0.020635482,-0.008703591,0.6392245,2.2677834,-0.02821476,-0.03378276,-0.0018338348,2.3194308,1.3187,1.4833907,-0.0003936064,-0.0011665588
COIL,1.4125849,-0.023292638,0.8017308,0.64857644,-0.020635482,-0.008703591,0.6392245,2.2677834,-0.02821476,-0.03378276,-0.0018338348,2.3194308,1.3187,1.4833907,-0.0003936064,-0.0011665588
COL12A1,1.492775,-0.023186313,0.95870185,0.5833332,-0.01813574,-0.010468844,0.6704174,2.3450425,-0.026279798,-0.033630207,-0.000938206,2.2868438,1.2921569,1.4577509,0.14635035,-0.002894342
COLGALT2,1.4125849,-0.023292638,0.8017308,0.64857644,-0.020635482,-0.008703591,0.6392245,2.2677834,-0.02821476,-0.03378276,-0.0018338348,2.3194308,1.3187,1.4833907,-0.0003936064,-0.0011665588
COLQ,1.4125849,-0.023292638,0.8017308,0.64857644,-0.020635482,-0.008703591,0.6392245,2.2677834,-0.02821476,-0.03378276,-0.0018338348,2.3194308,1.3187,1.4833907,-0.0003936064,-0.0011665588
COMP,1.4125849,-0.023292638,0.8017308,0.64857644,-0.020635482,-0.008703591,0.6392245,2.2677834,-0.02821476,-0.03378276,-0.0018338348,2.3194308,1.3187,1.4833907,-0.0003936064,-0.0011665588
CORO2A,1.4125849,-0.023292638,0.8017308,0.64857644,-0.020635482,-0.008703591,0.6392245,2.2677834,-0.02821476,-0.03378276,-0.0018338348,2.3194308,1.3187,1.4833907,-0.0003936064,-0.0011665588
CPLX2,1.4125849,-0.023292638,0.8017308,0.64857644,-0.020635482,-0.008703591,0.6392245,2.2677834,-0.02821476,-0.03378276,-0.0018338348,2.3194308,1.3187,1.4833907,-0.0003936064,-0.0011665588
CPLX3,1.4125849,-0.023292638,0.8017308,0.64857644,-0.020635482,-0.008703591,0.6392245,2.2677834,-0.02821476,-0.03378276,-0.0018338348,2.3194308,1.3187,1.4833907,-0.0003936064,-0.0011665588
CPNE5,1.4125849,-0.023292638,0.8017308,0.64857644,-0.020635482,-0.008703591,0.6392245,2.2677834,-0.02821476,-0.03378276,-0.0018338348,2.3194308,1.3187,1.4833907,-0.0003936064,-0.0011665588
CPNE6,1.4125849,-0.023292638,0.8017308,0.64857644,-0.020635482,-0.008703591,0.6392245,2.2677834,-0.02821476,-0.03378276,-0.0018338348,2.3194308,1.3187,1.4833907,-0.0003936064,-0.0011665588
CPT1B,1.4775041,-0.019428127,0.6155561,0.7198647,-0.01868682,-0.007909385,0.49610722,2.0316052,-0.025033534,-0.030244669,0.0281861,2.1178036,1.3961687,1.3470854,-0.001219244,0.061628304
CPVL,1.4125849,-0.023292638,0.8017308,0.64857644,-0.020635482,-0.008703591,0.6392245,2.2677834,-0.02821476,-0.03378276,-0.0018338348,2.3194308,1.3187,1.4833907,-0.0003936064,-0.0011665588
CR2,1.4125849,-0.023292638,0.8017308,0.64857644,-0.020635482,-0.008703591,0.6392245,2.2677834,-0.02821476,-0.03378276,-0.0018338348,2.3194308,1.3187,1.4833907,-0.0003936064,-0.0011665588
CRADD,1.4125849,-0.023292638,0.8017308,0.64857644,-0.020635482,-0.008703591,0.6392245,2.2677834,-0.02821476,-0.03378276,-0.0018338348,2.3194308,1.3187,1.4833907,-0.0003936064,-0.0011665588
CREB5,1.3390106,-0.023575408,0.7505094,0.66678643,-0.020693945,-0.009165606,0.66260123,2.287312,-0.02751238,-0.03303827,-0.0019182784,2.356166,1.3622984,1.5413332,-0.00023603543,-0.0012679675
CRHR1,1.4125849,-0.023292638,0.8017308,0.64857644,-0.020635482,-0.008703591,0.6392245,2.2677834,-0.02821476,-0.03378276,-0.0018338348,2.3194308,1.3187,1.4833907,-0.0003936064,-0.0011665588
CRIM1-DT,1.4271156,-0.023392387,0.8295836,0.69112873,-0.020968633,-0.009397985,0.6499647,2.2774303,-0.027450422,-0.033606153,-0.0025052973,2.2597353,1.3681476,1.5032365,-0.00049101916,-0.0013785011
CRIP2,1.4125849,-0.023292638,0.8017308,0.64857644,-0.020635482,-0.008703591,0.6392245,2.2677834,-0.02821476,-0.03378276,-0.0018338348,2.3194308,1.3187,1.4833907,-0.0003936064,-0.0011665588
CRISPLD1,1.4689817,-0.023641355,0.8653239,0.62186706,-0.019994741,-0.008188886,0.6042081,2.1962237,-0.027275238,-0.034094058,-0.0014807768,2.3370345,1.3937435,1.4784871,-0.0010179308,-0.00110205
CRTAM,1.4125849,-0.023292638,0.8017308,0.64857644,-0.020635482,-0.008703591,0.6392245,2.2677834,-0.02821476,-0.03378276,-0.0018338348,2.3194308,1.3187,1.4833907,-0.0003936064,-0.0011665588
CRTC1,1.4125849,-0.023292638,0.8017308,0.64857644,-0.020635482,-0.008703591,0.6392245,2.2677834,-0.02821476,-0.03378276,-0.0018338348,2.3194308,1.3187,1.4833907,-0.0003936064,-0.0011665588
CRYBB1,0.7659334,-0.018840082,0.68426317,0.18008567,-0.017925987,-0.009444796,0.66802865,1.9436332,-0.023441913,-0.028571004,-0.0015283842,1.8257041,1.1324253,1.2420386,0.114257716,-0.00058119086
CSF3R,1.4125849,-0.023292638,0.8017308,0.64857644,-0.020635482,-0.008703591,0.6392245,2.2677834,-0.02821476,-0.03378276,-0.0018338348,2.3194308,1.3187,1.4833907,-0.0003936064,-0.0011665588
CSRNP2,1.4271156,-0.023392387,0.8295836,0.69112873,-0.020968633,-0.009397985,0.6499647,2.2774303,-0.027450422,-0.033606153,-0.0025052973,2.2597353,1.3681476,1.5032365,-0.00049101916,-0.0013785011
CST7,1.2886138,-0.023398282,0.8040318,0.7168919,-0.01999081,-0.008039989,0.60573524,2.2904255,-0.0264793,-0.033872407,-0.00012055656,2.241349,1.1201737,1.327325,0.13501322,-0.00014173068
CSTF3-DT,1.4125849,-0.023292638,0.8017308,0.64857644,-0.020635482,-0.008703591,0.6392245,2.2677834,-0.02821476,-0.03378276,-0.0018338348,2.3194308,1.3187,1.4833907,-0.0003936064,-0.0011665588
CT70,1.4689817,-0.023641355,0.8653239,0.62186706,-0.019994741,-0.008188886,0.6042081,2.1962237,-0.027275238,-0.034094058,-0.0014807768,2.3370345,1.3937435,1.4784871,-0.0010179308,-0.00110205
CTH,1.4127346,-0.023292562,0.8026385,0.64761823,-0.020632455,-0.008697822,0.6380586,2.2673407,-0.028206052,-0.03379725,-0.0018370403,2.3197758,1.3196402,1.4823432,-0.00040205597,-0.0011777007
CTLA4,1.4125849,-0.023292638,0.8017308,0.64857644,-0.020635482,-0.008703591,0.6392245,2.2677834,-0.02821476,-0.03378276,-0.0018338348,2.3194308,1.3187,1.4833907,-0.0003936064,-0.0011665588
CTNND2,1.4125849,-0.023292638,0.8017308,0.64857644,-0.020635482,-0.008703591,0.6392245,2.2677834,-0.02821476,-0.03378276,-0.0018338348,2.3194308,1.3187,1.4833907,-0.0003936064,-0.0011665588
CTRB1,1.341615,-0.023524133,0.81807286,0.63170266,-0.019818472,-0.008723032,0.6229923,2.2128026,-0.028302183,-0.03313144,-0.0025555568,2.2256222,1.367491,1.4789721,-0.001114267,-0.0012814783
CTSW,1.4128786,-0.023291998,0.8022895,0.6483322,-0.020632925,-0.00869935,0.6393917,2.2664604,-0.02821781,-0.03377153,-0.0018395947,2.3200302,1.3189737,1.4830514,-0.00038116693,-0.001174243
CUBN,1.126832,-0.02010549,0.6344025,0.689811,-0.02070656,-0.005213176,0.2975413,1.9111812,-0.030000385,-0.02916305,-0.004811839,2.3534868,1.348174,1.128421,0.09913291,0.055902623
CWF19L1,1.4127346,-0.023292562,0.8026385,0.64761823,-0.020632455,-0.008697822,0.6380586,2.2673407,-0.028206052,-0.03379725,-0.0018370403,2.3197758,1.3196402,1.4823432,-0.00040205597,-0.0011777007
CXCL10,1.3721014,-0.020222288,0.8290009,0.42491955,-0.020895863,-0.006715822,0.8264154,2.05837,-0.025780298,-0.030049132,-0.0008473828,2.1059058,1.2954988,1.2579331,0.08918674,-0.0007479474
CXCL3,1.4125849,-0.023292638,0.8017308,0.64857644,-0.020635482,-0.008703591,0.6392245,2.2677834,-0.02821476,-0.03378276,-0.0018338348,2.3194308,1.3187,1.4833907,-0.0003936064,-0.0011665588
CXCL8,1.4125849,-0.023292638,0.8017308,0.64857644,-0.020635482,-0.008703591,0.6392245,2.2677834,-0.02821476,-0.03378276,-0.0018338348,2.3194308,1.3187,1.4833907,-0.0003936064,-0.0011665588
CXCR5,1.4125849,-0.023292638,0.8017308,0.64857644,-0.020635482,-0.008703591,0.6392245,2.2677834,-0.02821476,-0.03378276,-0.0018338348,2.3194308,1.3187,1.4833907,-0.0003936064,-0.0011665588
CXXC4,1.4125849,-0.023292638,0.8017308,0.64857644,-0.020635482,-0.008703591,0.6392245,2.2677834,-0.02821476,-0.03378276,-0.0018338348,2.3194308,1.3187,1.4833907,-0.0003936064,-0.0011665588
CYB561D1,0.84639573,-0.018838307,0.75011086,0.13140972,-0.018431362,-0.010100438,0.6792216,2.0285668,-0.023178607,-0.02809504,-0.0007654804,1.8435819,1.1105574,1.3355336,0.13505079,0.0041726455
CYP4F22,1.4125849,-0.023292638,0.8017308,0.64857644,-0.020635482,-0.008703591,0.6392245,2.2677834,-0.02821476,-0.03378276,-0.0018338348,2.3194308,1.3187,1.4833907,-0.0003936064,-0.0011665588
CYP51A1-AS1,1.4125849,-0.023292638,0.8017308,0.64857644,-0.020635482,-0.008703591,0.6392245,2.2677834,-0.02821476,-0.03378276,-0.0018338348,2.3194308,1.3187,1.4833907,-0.0003936064,-0.0011665588
D2HGDH,1.4125849,-0.023292638,0.8017308,0.64857644,-0.020635482,-0.008703591,0.6392245,2.2677834,-0.02821476,-0.03378276,-0.0018338348,2.3194308,1.3187,1.4833907,-0.0003936064,-0.0011665588
DAPK2,1.4125849,-0.023292638,0.8017308,0.64857644,-0.020635482,-0.008703591,0.6392245,2.2677834,-0.02821476,-0.03378276,-0.0018338348,2.3194308,1.3187,1.4833907,-0.0003936064,-0.0011665588
DBN1,1.4125849,-0.023292638,0.8017308,0.64857644,-0.020635482,-0.008703591,0.6392245,2.2677834,-0.02821476,-0.03378276,-0.0018338348,2.3194308,1.3187,1.4833907,-0.0003936064,-0.0011665588
DCAF10,1.4125849,-0.023292638,0.8017308,0.64857644,-0.020635482,-0.008703591,0.6392245,2.2677834,-0.02821476,-0.03378276,-0.0018338348,2.3194308,1.3187,1.4833907,-0.0003936064,-0.0011665588
DCAKD,1.4125849,-0.023292638,0.8017308,0.64857644,-0.020635482,-0.008703591,0.6392245,2.2677834,-0.02821476,-0.03378276,-0.0018338348,2.3194308,1.3187,1.4833907,-0.0003936064,-0.0011665588
DCDC2,1.4125849,-0.023292638,0.8017308,0.64857644,-0.020635482,-0.008703591,0.6392245,2.2677834,-0.02821476,-0.03378276,-0.0018338348,2.3194308,1.3187,1.4833907,-0.0003936064,-0.0011665588
DCLK3,1.4125849,-0.023292638,0.8017308,0.64857644,-0.020635482,-0.008703591,0.6392245,2.2677834,-0.02821476,-0.03378276,-0.0018338348,2.3194308,1.3187,1.4833907,-0.0003936064,-0.0011665588
DDB2,1.4125849,-0.023292638,0.8017308,0.64857644,-0.020635482,-0.008703591,0.6392245,2.2677834,-0.02821476,-0.03378276,-0.0018338348,2.3194308,1.3187,1.4833907,-0.0003936064,-0.0011665588
DDX50,1.4125849,-0.023292638,0.8017308,0.64857644,-0.020635482,-0.008703591,0.6392245,2.2677834,-0.02821476,-0.03378276,-0.0018338348,2.3194308,1.3187,1.4833907,-0.0003936064,-0.0011665588
DENND1C,1.4125849,-0.023292638,0.8017308,0.64857644,-0.020635482,-0.008703591,0.6392245,2.2677834,-0.02821476,-0.03378276,-0.0018338348,2.3194308,1.3187,1.4833907,-0.0003936064,-0.0011665588
DENND2C,1.4125849,-0.023292638,0.8017308,0.64857644,-0.020635482,-0.008703591,0.6392245,2.2677834,-0.02821476,-0.03378276,-0.0018338348,2.3194308,1.3187,1.4833907,-0.0003936064,-0.0011665588
DENND2D,1.4121956,-0.0232928,0.8024285,0.64799565,-0.020630991,-0.008695753,0.6389291,2.2674978,-0.028209936,-0.033783376,-0.0018392464,2.3199787,1.3190559,1.4839792,-0.00039519905,-0.0011674433
DENND6A-DT,1.4125849,-0.023292638,0.8017308,0.64857644,-0.020635482,-0.008703591,0.6392245,2.2677834,-0.02821476,-0.03378276,-0.0018338348,2.3194308,1.3187,1.4833907,-0.0003936064,-0.0011665588
DGCR8,1.4888421,-0.019520069,0.5995763,0.706227,-0.018661655,-0.007817254,0.48694384,2.0320282,-0.025060697,-0.030242924,0.032263,2.138259,1.4176911,1.3404392,-0.0011982796,0.075745426
DGKH,1.3721014,-0.020222288,0.8290009,0.42491955,-0.020895863,-0.006715822,0.8264154,2.05837,-0.025780298,-0.030049132,-0.0008473828,2.1059058,1.2954988,1.2579331,0.08918674,-0.0007479474
DHDH,1.4125849,-0.023292638,0.8017308,0.64857644,-0.020635482,-0.008703591,0.6392245,2.2677834,-0.02821476,-0.03378276,-0.0018338348,2.3194308,1.3187,1.4833907,-0.0003936064,-0.0011665588
DHH,1.4125849,-0.023292638,0.8017308,0.64857644,-0.020635482,-0.008703591,0.6392245,2.2677834,-0.02821476,-0.03378276,-0.0018338348,2.3194308,1.3187,1.4833907,-0.0003936064,-0.0011665588
DHX16,1.4125849,-0.023292638,0.8017308,0.64857644,-0.020635482,-0.008703591,0.6392245,2.2677834,-0.02821476,-0.03378276,-0.0018338348,2.3194308,1.3187,1.4833907,-0.0003936064,-0.0011665588
DHX30,1.4125849,-0.023292638,0.8017308,0.64857644,-0.020635482,-0.008703591,0.6392245,2.2677834,-0.02821476,-0.03378276,-0.0018338348,2.3194308,1.3187,1.4833907,-0.0003936064,-0.0011665588
DIAPH3,1.4125849,-0.023292638,0.8017308,0.64857644,-0.020635482,-0.008703591,0.6392245,2.2677834,-0.02821476,-0.03378276,-0.0018338348,2.3194308,1.3187,1.4833907,-0.0003936064,-0.0011665588
DIP2C,1.4125849,-0.023292638,0.8017308,0.64857644,-0.020635482,-0.008703591,0.6392245,2.2677834,-0.02821476,-0.03378276,-0.0018338348,2.3194308,1.3187,1.4833907,-0.0003936064,-0.0011665588
DIRC3,1.4125849,-0.023292638,0.8017308,0.64857644,-0.020635482,-0.008703591,0.6392245,2.2677834,-0.02821476,-0.03378276,-0.0018338348,2.3194308,1.3187,1.4833907,-0.0003936064,-0.0011665588
DISP1,1.341615,-0.023524133,0.81807286,0.63170266,-0.019818472,-0.008723032,0.6229923,2.2128026,-0.028302183,-0.03313144,-0.0025555568,2.2256222,1.367491,1.4789721,-0.001114267,-0.0012814783
DISP3,1.4125849,-0.023292638,0.8017308,0.64857644,-0.020635482,-0.008703591,0.6392245,2.2677834,-0.02821476,-0.03378276,-0.0018338348,2.3194308,1.3187,1.4833907,-0.0003936064,-0.0011665588
DLEU7,1.4125849,-0.023292638,0.8017308,0.64857644,-0.020635482,-0.008703591,0.6392245,2.2677834,-0.02821476,-0.03378276,-0.0018338348,2.3194308,1.3187,1.4833907,-0.0003936064,-0.0011665588
DLG1-AS1,1.4125849,-0.023292638,0.8017308,0.64857644,-0.020635482,-0.008703591,0.6392245,2.2677834,-0.02821476,-0.03378276,-0.0018338348,2.3194308,1.3187,1.4833907,-0.0003936064,-0.0011665588
DLGAP1-AS1,1.4124068,-0.02327248,0.79874843,0.6493369,-0.020631136,-0.008673036,0.6366332,2.2652888,-0.028169967,-0.03375177,-0.0018434615,2.3161504,1.3161155,1.4865477,-0.0003547457,-0.0011790764
DLL3,1.4125849,-0.023292638,0.8017308,0.64857644,-0.020635482,-0.008703591,0.6392245,2.2677834,-0.02821476,-0.03378276,-0.0018338348,2.3194308,1.3187,1.4833907,-0.0003936064,-0.0011665588
DLX2-DT,1.4125849,-0.023292638,0.8017308,0.64857644,-0.020635482,-0.008703591,0.6392245,2.2677834,-0.02821476,-0.03378276,-0.0018338348,2.3194308,1.3187,1.4833907,-0.0003936064,-0.0011665588
DNAAF2,1.4125849,-0.023292638,0.8017308,0.64857644,-0.020635482,-0.008703591,0.6392245,2.2677834,-0.02821476,-0.03378276,-0.0018338348,2.3194308,1.3187,1.4833907,-0.0003936064,-0.0011665588
DNAH5,1.4125849,-0.023292638,0.8017308,0.64857644,-0.020635482,-0.008703591,0.6392245,2.2677834,-0.02821476,-0.03378276,-0.0018338348,2.3194308,1.3187,1.4833907,-0.0003936064,-0.0011665588
DNAH6,1.1812887,-0.023372626,0.8682128,0.45242098,-0.020422827,-0.0074654743,0.6558222,2.0148993,-0.02575761,-0.0312421,-0.003208672,2.1666298,1.2662375,1.4029402,-0.0017618241,-0.002379772
DNAH7,1.4125849,-0.023292638,0.8017308,0.64857644,-0.020635482,-0.008703591,0.6392245,2.2677834,-0.02821476,-0.03378276,-0.0018338348,2.3194308,1.3187,1.4833907,-0.0003936064,-0.0011665588
DNAJC18,1.4125849,-0.023292638,0.8017308,0.64857644,-0.020635482,-0.008703591,0.6392245,2.2677834,-0.02821476,-0.03378276,-0.0018338348,2.3194308,1.3187,1.4833907,-0.0003936064,-0.0011665588
DNAJC22,1.4125849,-0.023292638,0.8017308,0.64857644,-0.020635482,-0.008703591,0.6392245,2.2677834,-0.02821476,-0.03378276,-0.0018338348,2.3194308,1.3187,1.4833907,-0.0003936064,-0.0011665588
DNAJC24,1.4125849,-0.023292638,0.8017308,0.64857644,-0.020635482,-0.008703591,0.6392245,2.2677834,-0.02821476,-0.03378276,-0.0018338348,2.3194308,1.3187,1.4833907,-0.0003936064,-0.0011665588
DNAJC28,1.4125849,-0.023292638,0.8017308,0.64857644,-0.020635482,-0.008703591,0.6392245,2.2677834,-0.02821476,-0.03378276,-0.0018338348,2.3194308,1.3187,1.4833907,-0.0003936064,-0.0011665588
DNAJC3-DT,1.1083504,-0.023660924,0.8174782,0.4711859,-0.020487027,-0.007929615,0.6792558,2.0349593,-0.02506566,-0.030509051,-0.003303013,2.203927,1.3105379,1.461598,-0.0016085892,-0.002486981
DNAJC6,1.4125849,-0.023292638,0.8017308,0.64857644,-0.020635482,-0.008703591,0.6392245,2.2677834,-0.02821476,-0.03378276,-0.0018338348,2.3194308,1.3187,1.4833907,-0.0003936064,-0.0011665588
DNMT3A,1.4125849,-0.023292638,0.8017308,0.64857644,-0.020635482,-0.008703591,0.6392245,2.2677834,-0.02821476,-0.03378276,-0.0018338348,2.3194308,1.3187,1.4833907,-0.0003936064,-0.0011665588
DPEP1,1.4125849,-0.023292638,0.8017308,0.64857644,-0.020635482,-0.008703591,0.6392245,2.2677834,-0.02821476,-0.03378276,-0.0018338348,2.3194308,1.3187,1.4833907,-0.0003936064,-0.0011665588
DPH7,1.2886138,-0.023398282,0.8040318,0.7168919,-0.01999081,-0.008039989,0.60573524,2.2904255,-0.0264793,-0.033872407,-0.00012055656,2.241349,1.1201737,1.327325,0.13501322,-0.00014173068
DRC7,1.4125849,-0.023292638,0.8017308,0.64857644,-0.020635482,-0.008703591,0.6392245,2.2677834,-0.02821476,-0.03378276,-0.0018338348,2.3194308,1.3187,1.4833907,-0.0003936064,-0.0011665588
DSCAML1,1.4125849,-0.023292638,0.8017308,0.64857644,-0.020635482,-0.008703591,0.6392245,2.2677834,-0.02821476,-0.03378276,-0.0018338348,2.3194308,1.3187,1.4833907,-0.0003936064,-0.0011665588
DTD1,1.4125849,-0.023292638,0.8017308,0.64857644,-0.020635482,-0.008703591,0.6392245,2.2677834,-0.02821476,-0.03378276,-0.0018338348,2.3194308,1.3187,1.4833907,-0.0003936064,-0.0011665588
DTHD1,1.4125849,-0.023292638,0.8017308,0.64857644,-0.020635482,-0.008703591,0.6392245,2.2677834,-0.02821476,-0.03378276,-0.0018338348,2.3194308,1.3187,1.4833907,-0.0003936064,-0.0011665588
DTNB,1.4791998,-0.024303665,0.81357086,0.6525972,-0.01572455,-0.012578409,0.81768554,2.2122,-0.024639174,-0.03154374,0.0484853,2.0338614,1.2371525,1.4265494,0.20286644,-0.0049135312
DTX3,1.4125849,-0.023292638,0.8017308,0.64857644,-0.020635482,-0.008703591,0.6392245,2.2677834,-0.02821476,-0.03378276,-0.0018338348,2.3194308,1.3187,1.4833907,-0.0003936064,-0.0011665588
DUSP16,1.4125849,-0.023292638,0.8017308,0.64857644,-0.020635482,-0.008703591,0.6392245,2.2677834,-0.02821476,-0.03378276,-0.0018338348,2.3194308,1.3187,1.4833907,-0.0003936064,-0.0011665588
DUSP19,1.4125849,-0.023292638,0.8017308,0.64857644,-0.020635482,-0.008703591,0.6392245,2.2677834,-0.02821476,-0.03378276,-0.0018338348,2.3194308,1.3187,1.4833907,-0.0003936064,-0.0011665588
DVL1,1.4125849,-0.023292638,0.8017308,0.64857644,-0.020635482,-0.008703591,0.6392245,2.2677834,-0.02821476,-0.03378276,-0.0018338348,2.3194308,1.3187,1.4833907,-0.0003936064,-0.0011665588
DYNC2H1,1.4063948,-0.022367306,0.7271749,0.69755614,-0.021067811,-0.0090535795,0.5968012,2.2347817,-0.028394908,-0.034352824,-0.0025593417,2.348007,1.3284153,1.5106052,0.017504789,-0.0009885073
DYNLRB2,1.4125849,-0.023292638,0.8017308,0.64857644,-0.020635482,-0.008703591,0.6392245,2.2677834,-0.02821476,-0.03378276,-0.0018338348,2.3194308,1.3187,1.4833907,-0.0003936064,-0.0011665588
DZIP3,1.4125849,-0.023292638,0.8017308,0.64857644,-0.020635482,-0.008703591,0.6392245,2.2677834,-0.02821476,-0.03378276,-0.0018338348,2.3194308,1.3187,1.4833907,-0.0003936064,-0.0011665588
E4F1,1.4125849,-0.023292638,0.8017308,0.64857644,-0.020635482,-0.008703591,0.6392245,2.2677834,-0.02821476,-0.03378276,-0.0018338348,2.3194308,1.3187,1.4833907,-0.0003936064,-0.0011665588
EBF1,1.4125849,-0.023292638,0.8017308,0.64857644,-0.020635482,-0.008703591,0.6392245,2.2677834,-0.02821476,-0.03378276,-0.0018338348,2.3194308,1.3187,1.4833907,-0.0003936064,-0.0011665588
EBF2,1.4125849,-0.023292638,0.8017308,0.64857644,-0.020635482,-0.008703591,0.6392245,2.2677834,-0.02821476,-0.03378276,-0.0018338348,2.3194308,1.3187,1.4833907,-0.0003936064,-0.0011665588
EBF3,1.4125849,-0.023292638,0.8017308,0.64857644,-0.020635482,-0.008703591,0.6392245,2.2677834,-0.02821476,-0.03378276,-0.0018338348,2.3194308,1.3187,1.4833907,-0.0003936064,-0.0011665588
EDA,1.4125849,-0.023292638,0.8017308,0.64857644,-0.020635482,-0.008703591,0.6392245,2.2677834,-0.02821476,-0.03378276,-0.0018338348,2.3194308,1.3187,1.4833907,-0.0003936064,-0.0011665588
EDAR,1.4257208,-0.020498574,0.7843302,0.8327015,-0.017688166,-0.0056659756,0.40663305,2.18491,-0.024219073,-0.03131682,-0.00043343223,2.081935,1.0538237,1.4636254,-0.0024027827,0.073803805
EDN2,1.4043415,-0.022326188,0.72456855,0.6964596,-0.02104305,-0.009040758,0.5937487,2.2301483,-0.028377917,-0.034314945,-0.0025744506,2.347521,1.3268515,1.5085231,0.020460196,-0.00097283896
EEF1AKMT1,1.4125849,-0.023292638,0.8017308,0.64857644,-0.020635482,-0.008703591,0.6392245,2.2677834,-0.02821476,-0.03378276,-0.0018338348,2.3194308,1.3187,1.4833907,-0.0003936064,-0.0011665588
EFHD1,1.412779,-0.02328695,0.80144745,0.647435,-0.02062678,-0.008693152,0.6392254,2.26565,-0.028222548,-0.03377656,-0.001843896,2.3198354,1.3187999,1.4832654,-0.00038270294,-0.0011685919
EFNA5,1.4125849,-0.023292638,0.8017308,0.64857644,-0.020635482,-0.008703591,0.6392245,2.2677834,-0.02821476,-0.03378276,-0.0018338348,2.3194308,1.3187,1.4833907,-0.0003936064,-0.0011665588
EIF1B-AS1,1.4125849,-0.023292638,0.8017308,0.64857644,-0.020635482,-0.008703591,0.6392245,2.2677834,-0.02821476,-0.03378276,-0.0018338348,2.3194308,1.3187,1.4833907,-0.0003936064,-0.0011665588
EIF2AK3-DT,1.4125849,-0.023292638,0.8017308,0.64857644,-0.020635482,-0.008703591,0.6392245,2.2677834,-0.02821476,-0.03378276,-0.0018338348,2.3194308,1.3187,1.4833907,-0.0003936064,-0.0011665588
EIF3J-DT,1.4125849,-0.023292638,0.8017308,0.64857644,-0.020635482,-0.008703591,0.6392245,2.2677834,-0.02821476,-0.03378276,-0.0018338348,2.3194308,1.3187,1.4833907,-0.0003936064,-0.0011665588
ELOVL2-AS1,1.4125849,-0.023292638,0.8017308,0.64857644,-0.020635482,-0.008703591,0.6392245,2.2677834,-0.02821476,-0.03378276,-0.0018338348,2.3194308,1.3187,1.4833907,-0.0003936064,-0.0011665588
ELP1,1.4125849,-0.023292638,0.8017308,0.64857644,-0.020635482,-0.008703591,0.6392245,2.2677834,-0.02821476,-0.03378276,-0.0018338348,2.3194308,1.3187,1.4833907,-0.0003936064,-0.0011665588
EML2,1.3700479,-0.020181166,0.82639456,0.42382303,-0.0208711,-0.0067030005,0.8233629,2.0537367,-0.025763307,-0.030011253,-0.0008624917,2.1054199,1.2939352,1.255851,0.09214215,-0.0007322791
EML5,1.4125849,-0.023292638,0.8017308,0.64857644,-0.020635482,-0.008703591,0.6392245,2.2677834,-0.02821476,-0.03378276,-0.0018338348,2.3194308,1.3187,1.4833907,-0.0003936064,-0.0011665588
ENGASE,1.4125849,-0.023292638,0.8017308,0.64857644,-0.020635482,-0.008703591,0.6392245,2.2677834,-0.02821476,-0.03378276,-0.0018338348,2.3194308,1.3187,1.4833907,-0.0003936064,-0.0011665588
ENO1-AS1,1.4125849,-0.023292638,0.8017308,0.64857644,-0.020635482,-0.008703591,0.6392245,2.2677834,-0.02821476,-0.03378276,-0.0018338348,2.3194308,1.3187,1.4833907,-0.0003936064,-0.0011665588
ENO2,1.4125849,-0.023292638,0.8017308,0.64857644,-0.020635482,-0.008703591,0.6392245,2.2677834,-0.02821476,-0.03378276,-0.0018338348,2.3194308,1.3187,1.4833907,-0.0003936064,-0.0011665588
ENOSF1,1.3721014,-0.020222288,0.8290009,0.42491955,-0.020895863,-0.006715822,0.8264154,2.05837,-0.025780298,-0.030049132,-0.0008473828,2.1059058,1.2954988,1.2579331,0.08918674,-0.0007479474
ENPP1,1.4125849,-0.023292638,0.8017308,0.64857644,-0.020635482,-0.008703591,0.6392245,2.2677834,-0.02821476,-0.03378276,-0.0018338348,2.3194308,1.3187,1.4833907,-0.0003936064,-0.0011665588
EOMES,1.4119402,-0.023287145,0.80123776,0.64802384,-0.020629754,-0.008701521,0.6391705,2.2672544,-0.028204247,-0.03377123,-0.0018239487,2.318873,1.3180033,1.4826823,-0.000389252,-0.0011607715
EPB41L5,1.2886138,-0.023398282,0.8040318,0.7168919,-0.01999081,-0.008039989,0.60573524,2.2904255,-0.0264793,-0.033872407,-0.00012055656,2.241349,1.1201737,1.327325,0.13501322,-0.00014173068
EPHA1-AS1,1.4125849,-0.023292638,0.8017308,0.64857644,-0.020635482,-0.008703591,0.6392245,2.2677834,-0.02821476,-0.03378276,-0.0018338348,2.3194308,1.3187,1.4833907,-0.0003936064,-0.0011665588
EPHA4,1.4125849,-0.023292638,0.8017308,0.64857644,-0.020635482,-0.008703591,0.6392245,2.2677834,-0.02821476,-0.03378276,-0.0018338348,2.3194308,1.3187,1.4833907,-0.0003936064,-0.0011665588
EPHA6,0.84639573,-0.018838307,0.75011086,0.13140972,-0.018431362,-0.010100438,0.6792216,2.0285668,-0.023178607,-0.02809504,-0.0007654804,1.8435819,1.1105574,1.3355336,0.13505079,0.0041726455
EPHA7,1.4125849,-0.023292638,0.8017308,0.64857644,-0.020635482,-0.008703591,0.6392245,2.2677834,-0.02821476,-0.03378276,-0.0018338348,2.3194308,1.3187,1.4833907,-0.0003936064,-0.0011665588
EPHX2,1.4125849,-0.023292638,0.8017308,0.64857644,-0.020635482,-0.008703591,0.6392245,2.2677834,-0.02821476,-0.03378276,-0.0018338348,2.3194308,1.3187,1.4833907,-0.0003936064,-0.0011665588
ERAP2,1.4125849,-0.023292638,0.8017308,0.64857644,-0.020635482,-0.008703591,0.6392245,2.2677834,-0.02821476,-0.03378276,-0.0018338348,2.3194308,1.3187,1.4833907,-0.0003936064,-0.0011665588
ERBB2,1.4125849,-0.023292638,0.8017308,0.64857644,-0.020635482,-0.008703591,0.6392245,2.2677834,-0.02821476,-0.03378276,-0.0018338348,2.3194308,1.3187,1.4833907,-0.0003936064,-0.0011665588
ERCC5,1.4125849,-0.023292638,0.8017308,0.64857644,-0.020635482,-0.008703591,0.6392245,2.2677834,-0.02821476,-0.03378276,-0.0018338348,2.3194308,1.3187,1.4833907,-0.0003936064,-0.0011665588
ERCC6L,1.3321224,-0.023294413,0.735883,0.6972524,-0.020130107,-0.008047949,0.6280316,2.1828496,-0.028478064,-0.034258723,-0.002596739,2.301553,1.340568,1.3898956,-0.00060153723,-0.0017894763
EREG,1.4125849,-0.023292638,0.8017308,0.64857644,-0.020635482,-0.008703591,0.6392245,2.2677834,-0.02821476,-0.03378276,-0.0018338348,2.3194308,1.3187,1.4833907,-0.0003936064,-0.0011665588
ERFE,1.4125849,-0.023292638,0.8017308,0.64857644,-0.020635482,-0.008703591,0.6392245,2.2677834,-0.02821476,-0.03378276,-0.0018338348,2.3194308,1.3187,1.4833907,-0.0003936064,-0.0011665588
ERICH6-AS1,1.4858432,-0.023543715,0.7068908,0.55857843,-0.018806776,-0.0072389976,0.6906159,2.0854418,-0.027196279,-0.032130525,-0.002061214,2.150608,1.1790088,1.3634757,-0.0020589253,-0.0013641614
ERLEC1,1.4689817,-0.023641355,0.8653239,0.62186706,-0.019994741,-0.008188886,0.6042081,2.1962237,-0.027275238,-0.034094058,-0.0014807768,2.3370345,1.3937435,1.4784871,-0.0010179308,-0.00110205
ERP27,1.4125849,-0.023292638,0.8017308,0.64857644,-0.020635482,-0.008703591,0.6392245,2.2677834,-0.02821476,-0.03378276,-0.0018338348,2.3194308,1.3187,1.4833907,-0.0003936064,-0.0011665588
ESR2,1.3804898,-0.023060579,0.7858447,0.687616,-0.020528939,-0.008989611,0.65487725,2.2757158,-0.027903935,-0.033443473,-0.0016145592,2.289017,1.2716291,1.4932493,-4.5030563e-05,-0.001420877
ETFBKMT,1.4125849,-0.023292638,0.8017308,0.64857644,-0.020635482,-0.008703591,0.6392245,2.2677834,-0.02821476,-0.03378276,-0.0018338348,2.3194308,1.3187,1.4833907,-0.0003936064,-0.0011665588
ETNPPL,1.3946742,-0.022655874,0.6661938,0.64601344,-0.019384641,-0.008034056,0.6784773,2.2764227,-0.027240228,-0.03443405,-0.0026611283,2.1614032,1.1651657,1.4507954,-0.0009890946,-0.0018357891
EVA1C,1.4125849,-0.023292638,0.8017308,0.64857644,-0.020635482,-0.008703591,0.6392245,2.2677834,-0.02821476,-0.03378276,-0.0018338348,2.3194308,1.3187,1.4833907,-0.0003936064,-0.0011665588
EWSAT1,1.4125849,-0.023292638,0.8017308,0.64857644,-0.020635482,-0.008703591,0.6392245,2.2677834,-0.02821476,-0.03378276,-0.0018338348,2.3194308,1.3187,1.4833907,-0.0003936064,-0.0011665588
EXPH5,1.4125849,-0.023292638,0.8017308,0.64857644,-0.020635482,-0.008703591,0.6392245,2.2677834,-0.02821476,-0.03378276,-0.0018338348,2.3194308,1.3187,1.4833907,-0.0003936064,-0.0011665588
EZR-AS1,1.3321224,-0.023294413,0.735883,0.6972524,-0.020130107,-0.008047949,0.6280316,2.1828496,-0.028478064,-0.034258723,-0.002596739,2.301553,1.340568,1.3898956,-0.00060153723,-0.0017894763
F12,1.4125849,-0.023292638,0.8017308,0.64857644,-0.020635482,-0.008703591,0.6392245,2.2677834,-0.02821476,-0.03378276,-0.0018338348,2.3194308,1.3187,1.4833907,-0.0003936064,-0.0011665588
F2R,1.4125849,-0.023292638,0.8017308,0.64857644,-0.020635482,-0.008703591,0.6392245,2.2677834,-0.02821476,-0.03378276,-0.0018338348,2.3194308,1.3187,1.4833907,-0.0003936064,-0.0011665588
FAAH2,1.4125849,-0.023292638,0.8017308,0.64857644,-0.020635482,-0.008703591,0.6392245,2.2677834,-0.02821476,-0.03378276,-0.0018338348,2.3194308,1.3187,1.4833907,-0.0003936064,-0.0011665588
FAAP100,1.4125849,-0.023292638,0.8017308,0.64857644,-0.020635482,-0.008703591,0.6392245,2.2677834,-0.02821476,-0.03378276,-0.0018338348,2.3194308,1.3187,1.4833907,-0.0003936064,-0.0011665588
FAAP24,1.4125849,-0.023292638,0.8017308,0.64857644,-0.020635482,-0.008703591,0.6392245,2.2677834,-0.02821476,-0.03378276,-0.0018338348,2.3194308,1.3187,1.4833907,-0.0003936064,-0.0011665588
FABP12,1.4125849,-0.023292638,0.8017308,0.64857644,-0.020635482,-0.008703591,0.6392245,2.2677834,-0.02821476,-0.03378276,-0.0018338348,2.3194308,1.3187,1.4833907,-0.0003936064,-0.0011665588
FADS3,1.4125849,-0.023292638,0.8017308,0.64857644,-0.020635482,-0.008703591,0.6392245,2.2677834,-0.02821476,-0.03378276,-0.0018338348,2.3194308,1.3187,1.4833907,-0.0003936064,-0.0011665588
FAHD2B,1.4125849,-0.023292638,0.8017308,0.64857644,-0.020635482,-0.008703591,0.6392245,2.2677834,-0.02821476,-0.03378276,-0.0018338348,2.3194308,1.3187,1.4833907,-0.0003936064,-0.0011665588
FALEC,1.4121456,-0.021615922,0.63919926,0.9019655,-0.015276975,-0.0077755414,0.5539012,2.0520675,-0.022578452,-0.029230352,0.098962694,1.8289526,0.99881923,1.432424,-0.0018376219,-0.0012811514
FAM110D,1.4125849,-0.023292638,0.8017308,0.64857644,-0.020635482,-0.008703591,0.6392245,2.2677834,-0.02821476,-0.03378276,-0.0018338348,2.3194308,1.3187,1.4833907,-0.0003936064,-0.0011665588
FAM161B,1.4125849,-0.023292638,0.8017308,0.64857644,-0.020635482,-0.008703591,0.6392245,2.2677834,-0.02821476,-0.03378276,-0.0018338348,2.3194308,1.3187,1.4833907,-0.0003936064,-0.0011665588
FAM166B,1.4125849,-0.023292638,0.8017308,0.64857644,-0.020635482,-0.008703591,0.6392245,2.2677834,-0.02821476,-0.03378276,-0.0018338348,2.3194308,1.3187,1.4833907,-0.0003936064,-0.0011665588
FAM166C,1.4125849,-0.023292638,0.8017308,0.64857644,-0.020635482,-0.008703591,0.6392245,2.2677834,-0.02821476,-0.03378276,-0.0018338348,2.3194308,1.3187,1.4833907,-0.0003936064,-0.0011665588
FAM170B,1.4125849,-0.023292638,0.8017308,0.64857644,-0.020635482,-0.008703591,0.6392245,2.2677834,-0.02821476,-0.03378276,-0.0018338348,2.3194308,1.3187,1.4833907,-0.0003936064,-0.0011665588
FAM182A,1.4125849,-0.023292638,0.8017308,0.64857644,-0.020635482,-0.008703591,0.6392245,2.2677834,-0.02821476,-0.03378276,-0.0018338348,2.3194308,1.3187,1.4833907,-0.0003936064,-0.0011665588
FAM184A,1.4128786,-0.023291998,0.8022895,0.6483322,-0.020632925,-0.00869935,0.6393917,2.2664604,-0.02821781,-0.03377153,-0.0018395947,2.3200302,1.3189737,1.4830514,-0.00038116693,-0.001174243
FAM185A,1.4125849,-0.023292638,0.8017308,0.64857644,-0.020635482,-0.008703591,0.6392245,2.2677834,-0.02821476,-0.03378276,-0.0018338348,2.3194308,1.3187,1.4833907,-0.0003936064,-0.0011665588
FAM222B,1.4104106,-0.023309104,0.79957646,0.64951706,-0.020605762,-0.008712372,0.6379734,2.2672656,-0.028188275,-0.03376633,-0.0018315454,2.3179383,1.3179502,1.4859527,-0.00037308782,-0.001148743
FAM227B,1.4125849,-0.023292638,0.8017308,0.64857644,-0.020635482,-0.008703591,0.6392245,2.2677834,-0.02821476,-0.03378276,-0.0018338348,2.3194308,1.3187,1.4833907,-0.0003936064,-0.0011665588
FAM43A,1.4125849,-0.023292638,0.8017308,0.64857644,-0.020635482,-0.008703591,0.6392245,2.2677834,-0.02821476,-0.03378276,-0.0018338348,2.3194308,1.3187,1.4833907,-0.0003936064,-0.0011665588
FAM83D,1.4125849,-0.023292638,0.8017308,0.64857644,-0.020635482,-0.008703591,0.6392245,2.2677834,-0.02821476,-0.03378276,-0.0018338348,2.3194308,1.3187,1.4833907,-0.0003936064,-0.0011665588
FAM86B2,1.4125849,-0.023292638,0.8017308,0.64857644,-0.020635482,-0.008703591,0.6392245,2.2677834,-0.02821476,-0.03378276,-0.0018338348,2.3194308,1.3187,1.4833907,-0.0003936064,-0.0011665588
FANK1,1.4125849,-0.023292638,0.8017308,0.64857644,-0.020635482,-0.008703591,0.6392245,2.2677834,-0.02821476,-0.03378276,-0.0018338348,2.3194308,1.3187,1.4833907,-0.0003936064,-0.0011665588
FASLG,1.4125849,-0.023292638,0.8017308,0.64857644,-0.020635482,-0.008703591,0.6392245,2.2677834,-0.02821476,-0.03378276,-0.0018338348,2.3194308,1.3187,1.4833907,-0.0003936064,-0.0011665588
FAT4,1.4125849,-0.023292638,0.8017308,0.64857644,-0.020635482,-0.008703591,0.6392245,2.2677834,-0.02821476,-0.03378276,-0.0018338348,2.3194308,1.3187,1.4833907,-0.0003936064,-0.0011665588
FBF1,1.4125849,-0.023292638,0.8017308,0.64857644,-0.020635482,-0.008703591,0.6392245,2.2677834,-0.02821476,-0.03378276,-0.0018338348,2.3194308,1.3187,1.4833907,-0.0003936064,-0.0011665588
FBXO16,1.4125849,-0.023292638,0.8017308,0.64857644,-0.020635482,-0.008703591,0.6392245,2.2677834,-0.02821476,-0.03378276,-0.0018338348,2.3194308,1.3187,1.4833907,-0.0003936064,-0.0011665588
FBXO32,1.492775,-0.023186313,0.95870185,0.5833332,-0.01813574,-0.010468844,0.6704174,2.3450425,-0.026279798,-0.033630207,-0.000938206,2.2868438,1.2921569,1.4577509,0.14635035,-0.002894342
FBXW4,1.3990097,-0.024409989,0.6565998,0.71784043,-0.018224292,-0.010813156,0.78649265,2.1349409,-0.026574137,-0.031696294,-0.00041077577,2.0664485,1.2636955,1.4521892,0.017155461,-0.0031857484
FBXW5,1.4125849,-0.023292638,0.8017308,0.64857644,-0.020635482,-0.008703591,0.6392245,2.2677834,-0.02821476,-0.03378276,-0.0018338348,2.3194308,1.3187,1.4833907,-0.0003936064,-0.0011665588
FCER1A,1.4125849,-0.023292638,0.8017308,0.64857644,-0.020635482,-0.008703591,0.6392245,2.2677834,-0.02821476,-0.03378276,-0.0018338348,2.3194308,1.3187,1.4833907,-0.0003936064,-0.0011665588
FCER2,1.4125849,-0.023292638,0.8017308,0.64857644,-0.020635482,-0.008703591,0.6392245,2.2677834,-0.02821476,-0.03378276,-0.0018338348,2.3194308,1.3187,1.4833907,-0.0003936064,-0.0011665588
FCF1,1.4125849,-0.023292638,0.8017308,0.64857644,-0.020635482,-0.008703591,0.6392245,2.2677834,-0.02821476,-0.03378276,-0.0018338348,2.3194308,1.3187,1.4833907,-0.0003936064,-0.0011665588
FCGR3A,1.4125849,-0.023292638,0.8017308,0.64857644,-0.020635482,-0.008703591,0.6392245,2.2677834,-0.02821476,-0.03378276,-0.0018338348,2.3194308,1.3187,1.4833907,-0.0003936064,-0.0011665588
FCMR,1.3721014,-0.020222288,0.8290009,0.42491955,-0.020895863,-0.006715822,0.8264154,2.05837,-0.025780298,-0.030049132,-0.0008473828,2.1059058,1.2954988,1.2579331,0.08918674,-0.0007479474
FCN1,1.4105314,-0.02325152,0.7991245,0.64747995,-0.02061072,-0.008690771,0.636172,2.2631497,-0.028197767,-0.033744883,-0.0018489436,2.318945,1.3171363,1.4813086,-0.00036405234,-0.0011508906
FCRL1,1.4125849,-0.023292638,0.8017308,0.64857644,-0.020635482,-0.008703591,0.6392245,2.2677834,-0.02821476,-0.03378276,-0.0018338348,2.3194308,1.3187,1.4833907,-0.0003936064,-0.0011665588
FCRL3,1.4125849,-0.023292638,0.8017308,0.64857644,-0.020635482,-0.008703591,0.6392245,2.2677834,-0.02821476,-0.03378276,-0.0018338348,2.3194308,1.3187,1.4833907,-0.0003936064,-0.0011665588
FCRL6,1.3946742,-0.022655874,0.6661938,0.64601344,-0.019384641,-0.008034056,0.6784773,2.2764227,-0.027240228,-0.03443405,-0.0026611283,2.1614032,1.1651657,1.4507954,-0.0009890946,-0.0018357891
FGF5,1.3944961,-0.022635717,0.6632114,0.6467739,-0.019380296,-0.008003499,0.675886,2.2739282,-0.027195437,-0.03440306,-0.0026707551,2.158123,1.1625812,1.4539524,-0.0009502339,-0.0018483066
FGF9,1.4125849,-0.023292638,0.8017308,0.64857644,-0.020635482,-0.008703591,0.6392245,2.2677834,-0.02821476,-0.03378276,-0.0018338348,2.3194308,1.3187,1.4833907,-0.0003936064,-0.0011665588
FGFBP2,1.4125849,-0.023292638,0.8017308,0.64857644,-0.020635482,-0.008703591,0.6392245,2.2677834,-0.02821476,-0.03378276,-0.0018338348,2.3194308,1.3187,1.4833907,-0.0003936064,-0.0011665588
FGFBP3,0.84639573,-0.018838307,0.75011086,0.13140972,-0.018431362,-0.010100438,0.6792216,2.0285668,-0.023178607,-0.02809504,-0.0007654804,1.8435819,1.1105574,1.3355336,0.13505079,0.0041726455
FHIT,1.4104106,-0.023309104,0.79957646,0.64951706,-0.020605762,-0.008712372,0.6379734,2.2672656,-0.028188275,-0.03376633,-0.0018315454,2.3179383,1.3179502,1.4859527,-0.00037308782,-0.001148743
FIBCD1,1.4125849,-0.023292638,0.8017308,0.64857644,-0.020635482,-0.008703591,0.6392245,2.2677834,-0.02821476,-0.03378276,-0.0018338348,2.3194308,1.3187,1.4833907,-0.0003936064,-0.0011665588
FILIP1L,1.4125849,-0.023292638,0.8017308,0.64857644,-0.020635482,-0.008703591,0.6392245,2.2677834,-0.02821476,-0.03378276,-0.0018338348,2.3194308,1.3187,1.4833907,-0.0003936064,-0.0011665588
FKBP11,1.341615,-0.023524133,0.81807286,0.63170266,-0.019818472,-0.008723032,0.6229923,2.2128026,-0.028302183,-0.03313144,-0.0025555568,2.2256222,1.367491,1.4789721,-0.001114267,-0.0012814783
FLG-AS1,1.3652904,-0.022982465,0.74883455,0.5799632,-0.020713909,-0.0089688385,0.6520258,2.2598364,-0.027539706,-0.03332276,-0.0016806397,2.3615706,1.3598664,1.4768136,-0.00013004898,-0.0010180708
FLNB,1.4125849,-0.023292638,0.8017308,0.64857644,-0.020635482,-0.008703591,0.6392245,2.2677834,-0.02821476,-0.03378276,-0.0018338348,2.3194308,1.3187,1.4833907,-0.0003936064,-0.0011665588
FLNC-AS1,1.4128786,-0.023291998,0.8022895,0.6483322,-0.020632925,-0.00869935,0.6393917,2.2664604,-0.02821781,-0.03377153,-0.0018395947,2.3200302,1.3189737,1.4830514,-0.00038116693,-0.001174243
FLT3LG,1.4125849,-0.023292638,0.8017308,0.64857644,-0.020635482,-0.008703591,0.6392245,2.2677834,-0.02821476,-0.03378276,-0.0018338348,2.3194308,1.3187,1.4833907,-0.0003936064,-0.0011665588
FLT4,1.4125849,-0.023292638,0.8017308,0.64857644,-0.020635482,-0.008703591,0.6392245,2.2677834,-0.02821476,-0.03378276,-0.0018338348,2.3194308,1.3187,1.4833907,-0.0003936064,-0.0011665588
FLYWCH1,1.4139023,-0.02211941,0.76886445,0.64038044,-0.01824025,-0.007800756,0.55941004,2.1023164,-0.027180225,-0.032032814,-0.0011326536,2.1802218,1.1708174,1.4524786,-0.0014696664,-0.00047682135
FMR1-AS1,1.3419087,-0.023523489,0.81863153,0.63145834,-0.019815914,-0.0087187905,0.62315947,2.2114797,-0.028305233,-0.033120207,-0.0025613164,2.2262216,1.3677647,1.4786328,-0.0011018276,-0.0012891626
FOCAD,1.4125849,-0.023292638,0.8017308,0.64857644,-0.020635482,-0.008703591,0.6392245,2.2677834,-0.02821476,-0.03378276,-0.0018338348,2.3194308,1.3187,1.4833907,-0.0003936064,-0.0011665588
FOXB1,1.4125849,-0.023292638,0.8017308,0.64857644,-0.020635482,-0.008703591,0.6392245,2.2677834,-0.02821476,-0.03378276,-0.0018338348,2.3194308,1.3187,1.4833907,-0.0003936064,-0.0011665588
FOXC1,1.4125849,-0.023292638,0.8017308,0.64857644,-0.020635482,-0.008703591,0.6392245,2.2677834,-0.02821476,-0.03378276,-0.0018338348,2.3194308,1.3187,1.4833907,-0.0003936064,-0.0011665588
FOXD2,1.4125849,-0.023292638,0.8017308,0.64857644,-0.020635482,-0.008703591,0.6392245,2.2677834,-0.02821476,-0.03378276,-0.0018338348,2.3194308,1.3187,1.4833907,-0.0003936064,-0.0011665588
FOXJ1,1.4125849,-0.023292638,0.8017308,0.64857644,-0.020635482,-0.008703591,0.6392245,2.2677834,-0.02821476,-0.03378276,-0.0018338348,2.3194308,1.3187,1.4833907,-0.0003936064,-0.0011665588
FOXP4-AS1,1.4125849,-0.023292638,0.8017308,0.64857644,-0.020635482,-0.008703591,0.6392245,2.2677834,-0.02821476,-0.03378276,-0.0018338348,2.3194308,1.3187,1.4833907,-0.0003936064,-0.0011665588
FOXRED2,1.4125849,-0.023292638,0.8017308,0.64857644,-0.020635482,-0.008703591,0.6392245,2.2677834,-0.02821476,-0.03378276,-0.0018338348,2.3194308,1.3187,1.4833907,-0.0003936064,-0.0011665588
FRG1-DT,1.4125849,-0.023292638,0.8017308,0.64857644,-0.020635482,-0.008703591,0.6392245,2.2677834,-0.02821476,-0.03378276,-0.0018338348,2.3194308,1.3187,1.4833907,-0.0003936064,-0.0011665588
FRMD6-AS2,1.4125849,-0.023292638,0.8017308,0.64857644,-0.020635482,-0.008703591,0.6392245,2.2677834,-0.02821476,-0.03378276,-0.0018338348,2.3194308,1.3187,1.4833907,-0.0003936064,-0.0011665588
FXYD1,1.4125849,-0.023292638,0.8017308,0.64857644,-0.020635482,-0.008703591,0.6392245,2.2677834,-0.02821476,-0.03378276,-0.0018338348,2.3194308,1.3187,1.4833907,-0.0003936064,-0.0011665588
FZD4-DT,1.4125849,-0.023292638,0.8017308,0.64857644,-0.020635482,-0.008703591,0.6392245,2.2677834,-0.02821476,-0.03378276,-0.0018338348,2.3194308,1.3187,1.4833907,-0.0003936064,-0.0011665588
G0S2,1.4125849,-0.023292638,0.8017308,0.64857644,-0.020635482,-0.008703591,0.6392245,2.2677834,-0.02821476,-0.03378276,-0.0018338348,2.3194308,1.3187,1.4833907,-0.0003936064,-0.0011665588
GAB2,1.4125849,-0.023292638,0.8017308,0.64857644,-0.020635482,-0.008703591,0.6392245,2.2677834,-0.02821476,-0.03378276,-0.0018338348,2.3194308,1.3187,1.4833907,-0.0003936064,-0.0011665588
GABPB2,1.492775,-0.023186313,0.95870185,0.5833332,-0.01813574,-0.010468844,0.6704174,2.3450425,-0.026279798,-0.033630207,-0.000938206,2.2868438,1.2921569,1.4577509,0.14635035,-0.002894342
GADD45A,1.2886138,-0.023398282,0.8040318,0.7168919,-0.01999081,-0.008039989,0.60573524,2.2904255,-0.0264793,-0.033872407,-0.00012055656,2.241349,1.1201737,1.327325,0.13501322,-0.00014173068
GALM,1.4125849,-0.023292638,0.8017308,0.64857644,-0.020635482,-0.008703591,0.6392245,2.2677834,-0.02821476,-0.03378276,-0.0018338348,2.3194308,1.3187,1.4833907,-0.0003936064,-0.0011665588
GALNT12,1.3652904,-0.022982465,0.74883455,0.5799632,-0.020713909,-0.0089688385,0.6520258,2.2598364,-0.027539706,-0.03332276,-0.0016806397,2.3615706,1.3598664,1.4768136,-0.00013004898,-0.0010180708
GALNTL5,1.4125849,-0.023292638,0.8017308,0.64857644,-0.020635482,-0.008703591,0.6392245,2.2677834,-0.02821476,-0.03378276,-0.0018338348,2.3194308,1.3187,1.4833907,-0.0003936064,-0.0011665588
GALNTL6,1.4125849,-0.023292638,0.8017308,0.64857644,-0.020635482,-0.008703591,0.6392245,2.2677834,-0.02821476,-0.03378276,-0.0018338348,2.3194308,1.3187,1.4833907,-0.0003936064,-0.0011665588
GAS2,1.4125849,-0.023292638,0.8017308,0.64857644,-0.020635482,-0.008703591,0.6392245,2.2677834,-0.02821476,-0.03378276,-0.0018338348,2.3194308,1.3187,1.4833907,-0.0003936064,-0.0011665588
GAS8,1.3652904,-0.022982465,0.74883455,0.5799632,-0.020713909,-0.0089688385,0.6520258,2.2598364,-0.027539706,-0.03332276,-0.0016806397,2.3615706,1.3598664,1.4768136,-0.00013004898,-0.0010180708
GASK1A,1.4125849,-0.023292638,0.8017308,0.64857644,-0.020635482,-0.008703591,0.6392245,2.2677834,-0.02821476,-0.03378276,-0.0018338348,2.3194308,1.3187,1.4833907,-0.0003936064,-0.0011665588
GATA3,0.87467706,-0.013198056,0.945964,-0.005948983,-0.008327848,-0.004637717,0.49410498,1.5457327,-0.007090985,-0.014284237,1.8203628,1.4927897,0.69409156,0.6045845,0.40673086,0.6403134
GBP5,1.4125849,-0.023292638,0.8017308,0.64857644,-0.020635482,-0.008703591,0.6392245,2.2677834,-0.02821476,-0.03378276,-0.0018338348,2.3194308,1.3187,1.4833907,-0.0003936064,-0.0011665588
GBX1,1.4125849,-0.023292638,0.8017308,0.64857644,-0.020635482,-0.008703591,0.6392245,2.2677834,-0.02821476,-0.03378276,-0.0018338348,2.3194308,1.3187,1.4833907,-0.0003936064,-0.0011665588
GCG,1.4125849,-0.023292638,0.8017308,0.64857644,-0.020635482,-0.008703591,0.6392245,2.2677834,-0.02821476,-0.03378276,-0.0018338348,2.3194308,1.3187,1.4833907,-0.0003936064,-0.0011665588
GCK,1.4125849,-0.023292638,0.8017308,0.64857644,-0.020635482,-0.008703591,0.6392245,2.2677834,-0.02821476,-0.03378276,-0.0018338348,2.3194308,1.3187,1.4833907,-0.0003936064,-0.0011665588
GCNT4,1.4125849,-0.023292638,0.8017308,0.64857644,-0.020635482,-0.008703591,0.6392245,2.2677834,-0.02821476,-0.03378276,-0.0018338348,2.3194308,1.3187,1.4833907,-0.0003936064,-0.0011665588
GDF15,1.4125849,-0.023292638,0.8017308,0.64857644,-0.020635482,-0.008703591,0.6392245,2.2677834,-0.02821476,-0.03378276,-0.0018338348,2.3194308,1.3187,1.4833907,-0.0003936064,-0.0011665588
GDPD5,1.4125849,-0.023292638,0.8017308,0.64857644,-0.020635482,-0.008703591,0.6392245,2.2677834,-0.02821476,-0.03378276,-0.0018338348,2.3194308,1.3187,1.4833907,-0.0003936064,-0.0011665588
GEM,1.4125849,-0.023292638,0.8017308,0.64857644,-0.020635482,-0.008703591,0.6392245,2.2677834,-0.02821476,-0.03378276,-0.0018338348,2.3194308,1.3187,1.4833907,-0.0003936064,-0.0011665588
GFOD1-AS1,1.4125849,-0.023292638,0.8017308,0.64857644,-0.020635482,-0.008703591,0.6392245,2.2677834,-0.02821476,-0.03378276,-0.0018338348,2.3194308,1.3187,1.4833907,-0.0003936064,-0.0011665588
GFPT2,1.4125849,-0.023292638,0.8017308,0.64857644,-0.020635482,-0.008703591,0.6392245,2.2677834,-0.02821476,-0.03378276,-0.0018338348,2.3194308,1.3187,1.4833907,-0.0003936064,-0.0011665588
GFRA3,1.4125849,-0.023292638,0.8017308,0.64857644,-0.020635482,-0.008703591,0.6392245,2.2677834,-0.02821476,-0.03378276,-0.0018338348,2.3194308,1.3187,1.4833907,-0.0003936064,-0.0011665588
GIMAP5,1.4125849,-0.023292638,0.8017308,0.64857644,-0.020635482,-0.008703591,0.6392245,2.2677834,-0.02821476,-0.03378276,-0.0018338348,2.3194308,1.3187,1.4833907,-0.0003936064,-0.0011665588
GIPR,1.4125849,-0.023292638,0.8017308,0.64857644,-0.020635482,-0.008703591,0.6392245,2.2677834,-0.02821476,-0.03378276,-0.0018338348,2.3194308,1.3187,1.4833907,-0.0003936064,-0.0011665588
GJA3,1.183229,-0.020454202,0.6979956,0.6631017,-0.02006582,-0.0046984702,0.26252487,1.8396215,-0.029060867,-0.029474346,-0.0044587813,2.3710904,1.4232174,1.1235174,0.036700487,0.062353514
GJC3,1.4125849,-0.023292638,0.8017308,0.64857644,-0.020635482,-0.008703591,0.6392245,2.2677834,-0.02821476,-0.03378276,-0.0018338348,2.3194308,1.3187,1.4833907,-0.0003936064,-0.0011665588
GLB1L3,1.4125849,-0.023292638,0.8017308,0.64857644,-0.020635482,-0.008703591,0.6392245,2.2677834,-0.02821476,-0.03378276,-0.0018338348,2.3194308,1.3187,1.4833907,-0.0003936064,-0.0011665588
GLI4,1.4125849,-0.023292638,0.8017308,0.64857644,-0.020635482,-0.008703591,0.6392245,2.2677834,-0.02821476,-0.03378276,-0.0018338348,2.3194308,1.3187,1.4833907,-0.0003936064,-0.0011665588
GLIPR1L2,1.4745052,-0.023451772,0.7228706,0.5722161,-0.01883194,-0.0073311278,0.6997792,2.085019,-0.027169116,-0.032132268,-0.002101983,2.130153,1.1574863,1.3701218,-0.0020798896,-0.0015053325
GNAL,1.4012469,-0.023200698,0.8177106,0.66221416,-0.020660646,-0.008795722,0.6483879,2.2673604,-0.028187595,-0.033784505,-0.0018746037,2.2989755,1.2971774,1.4900368,-0.00041457056,-0.0013077301
GNAS-AS1,1.4125849,-0.023292638,0.8017308,0.64857644,-0.020635482,-0.008703591,0.6392245,2.2677834,-0.02821476,-0.03378276,-0.0018338348,2.3194308,1.3187,1.4833907,-0.0003936064,-0.0011665588
GNG11,1.2884028,-0.023393383,0.80492455,0.71707374,-0.019988934,-0.0080494955,0.6066426,2.2893004,-0.026486084,-0.033870712,-0.0001180247,2.2408924,1.1190906,1.3279555,0.13600951,-0.00014238514
GNG3,1.4125849,-0.023292638,0.8017308,0.64857644,-0.020635482,-0.008703591,0.6392245,2.2677834,-0.02821476,-0.03378276,-0.0018338348,2.3194308,1.3187,1.4833907,-0.0003936064,-0.0011665588
GNG7,1.4689817,-0.023641355,0.8653239,0.62186706,-0.019994741,-0.008188886,0.6042081,2.1962237,-0.027275238,-0.034094058,-0.0014807768,2.3370345,1.3937435,1.4784871,-0.0010179308,-0.00110205
GNMT,1.4123738,-0.02328774,0.80262357,0.6487583,-0.020633606,-0.008713098,0.6401319,2.2666583,-0.028221542,-0.033781063,-0.001831303,2.318974,1.3176168,1.4840212,-0.0003836432,-0.0011672133
GOLGA8A,0.828485,-0.018201547,0.6145739,0.1288467,-0.01718052,-0.009430902,0.7184743,2.0372062,-0.022204077,-0.02874633,-0.001592774,1.6855543,0.9570231,1.3029383,0.07550196,-0.0006275034
GOLGA8B,1.4125849,-0.023292638,0.8017308,0.64857644,-0.020635482,-0.008703591,0.6392245,2.2677834,-0.02821476,-0.03378276,-0.0018338348,2.3194308,1.3187,1.4833907,-0.0003936064,-0.0011665588
GORAB-AS1,1.4125849,-0.023292638,0.8017308,0.64857644,-0.020635482,-0.008703591,0.6392245,2.2677834,-0.02821476,-0.03378276,-0.0018338348,2.3194308,1.3187,1.4833907,-0.0003936064,-0.0011665588
GP1BB,1.4125849,-0.023292638,0.8017308,0.64857644,-0.020635482,-0.008703591,0.6392245,2.2677834,-0.02821476,-0.03378276,-0.0018338348,2.3194308,1.3187,1.4833907,-0.0003936064,-0.0011665588
GP5,1.4125849,-0.023292638,0.8017308,0.64857644,-0.020635482,-0.008703591,0.6392245,2.2677834,-0.02821476,-0.03378276,-0.0018338348,2.3194308,1.3187,1.4833907,-0.0003936064,-0.0011665588
GPHN,1.4137145,-0.02329587,0.8009426,0.6493965,-0.020645084,-0.008709131,0.6389275,2.2688508,-0.02820855,-0.033780575,-0.0018293677,2.320351,1.3191029,1.482799,-0.0003975999,-0.0011733394
GPM6A,1.4125849,-0.023292638,0.8017308,0.64857644,-0.020635482,-0.008703591,0.6392245,2.2677834,-0.02821476,-0.03378276,-0.0018338348,2.3194308,1.3187,1.4833907,-0.0003936064,-0.0011665588
GPR17,1.4125849,-0.023292638,0.8017308,0.64857644,-0.020635482,-0.008703591,0.6392245,2.2677834,-0.02821476,-0.03378276,-0.0018338348,2.3194308,1.3187,1.4833907,-0.0003936064,-0.0011665588
GPR171,1.4125849,-0.023292638,0.8017308,0.64857644,-0.020635482,-0.008703591,0.6392245,2.2677834,-0.02821476,-0.03378276,-0.0018338348,2.3194308,1.3187,1.4833907,-0.0003936064,-0.0011665588
GPR174,1.4104106,-0.023309104,0.79957646,0.64951706,-0.020605762,-0.008712372,0.6379734,2.2672656,-0.028188275,-0.03376633,-0.0018315454,2.3179383,1.3179502,1.4859527,-0.00037308782,-0.001148743
GPR63,1.4125849,-0.023292638,0.8017308,0.64857644,-0.020635482,-0.008703591,0.6392245,2.2677834,-0.02821476,-0.03378276,-0.0018338348,2.3194308,1.3187,1.4833907,-0.0003936064,-0.0011665588
GPR65,1.4104106,-0.023309104,0.79957646,0.64951706,-0.020605762,-0.008712372,0.6379734,2.2672656,-0.028188275,-0.03376633,-0.0018315454,2.3179383,1.3179502,1.4859527,-0.00037308782,-0.001148743
GPR87,1.4125849,-0.023292638,0.8017308,0.64857644,-0.020635482,-0.008703591,0.6392245,2.2677834,-0.02821476,-0.03378276,-0.0018338348,2.3194308,1.3187,1.4833907,-0.0003936064,-0.0011665588
GPR88,1.5029539,-0.02169881,0.8779148,0.76821625,-0.01878903,-0.009050752,0.56498116,2.1920085,-0.028041152,-0.031331237,-0.003131115,2.2306662,1.2013851,1.5912247,-0.0006917293,-0.0024469446
GPRACR,1.4128786,-0.023291998,0.8022895,0.6483322,-0.020632925,-0.00869935,0.6393917,2.2664604,-0.02821781,-0.03377153,-0.0018395947,2.3200302,1.3189737,1.4830514,-0.00038116693,-0.001174243
GRAP2,1.4125849,-0.023292638,0.8017308,0.64857644,-0.020635482,-0.008703591,0.6392245,2.2677834,-0.02821476,-0.03378276,-0.0018338348,2.3194308,1.3187,1.4833907,-0.0003936064,-0.0011665588
GREM2,1.492775,-0.023186313,0.95870185,0.5833332,-0.01813574,-0.010468844,0.6704174,2.3450425,-0.026279798,-0.033630207,-0.000938206,2.2868438,1.2921569,1.4577509,0.14635035,-0.002894342
GRIA4,1.4125849,-0.023292638,0.8017308,0.64857644,-0.020635482,-0.008703591,0.6392245,2.2677834,-0.02821476,-0.03378276,-0.0018338348,2.3194308,1.3187,1.4833907,-0.0003936064,-0.0011665588
GRIK4,1.4123738,-0.02328774,0.80262357,0.6487583,-0.020633606,-0.008713098,0.6401319,2.2666583,-0.028221542,-0.033781063,-0.001831303,2.318974,1.3176168,1.4840212,-0.0003836432,-0.0011672133
GSG1,1.4125849,-0.023292638,0.8017308,0.64857644,-0.020635482,-0.008703591,0.6392245,2.2677834,-0.02821476,-0.03378276,-0.0018338348,2.3194308,1.3187,1.4833907,-0.0003936064,-0.0011665588
GSTM3,1.4125849,-0.023292638,0.8017308,0.64857644,-0.020635482,-0.008703591,0.6392245,2.2677834,-0.02821476,-0.03378276,-0.0018338348,2.3194308,1.3187,1.4833907,-0.0003936064,-0.0011665588
GTDC1,1.4125849,-0.023292638,0.8017308,0.64857644,-0.020635482,-0.008703591,0.6392245,2.2677834,-0.02821476,-0.03378276,-0.0018338348,2.3194308,1.3187,1.4833907,-0.0003936064,-0.0011665588
GTF2H3,1.41103,-0.02327839,0.8014369,0.6470954,-0.020652328,-0.008714188,0.6401549,2.265462,-0.028223475,-0.033767477,-0.0018437773,2.3199003,1.3163702,1.4821539,-0.0004132001,-0.0011554653
GTF3A,1.492775,-0.023186313,0.95870185,0.5833332,-0.01813574,-0.010468844,0.6704174,2.3450425,-0.026279798,-0.033630207,-0.000938206,2.2868438,1.2921569,1.4577509,0.14635035,-0.002894342
GTPBP8,1.4125849,-0.023292638,0.8017308,0.64857644,-0.020635482,-0.008703591,0.6392245,2.2677834,-0.02821476,-0.03378276,-0.0018338348,2.3194308,1.3187,1.4833907,-0.0003936064,-0.0011665588
GXYLT2,1.3396465,-0.023580937,0.7509962,0.66734135,-0.020699682,-0.009167733,0.6626581,2.2878432,-0.02752281,-0.03304971,-0.0019281758,2.356728,1.3630004,1.5420486,-0.00024037166,-0.0012737679
GYPC,1.4125849,-0.023292638,0.8017308,0.64857644,-0.020635482,-0.008703591,0.6392245,2.2677834,-0.02821476,-0.03378276,-0.0018338348,2.3194308,1.3187,1.4833907,-0.0003936064,-0.0011665588
GZMA,1.4105314,-0.02325152,0.7991245,0.64747995,-0.02061072,-0.008690771,0.636172,2.2631497,-0.028197767,-0.033744883,-0.0018489436,2.318945,1.3171363,1.4813086,-0.00036405234,-0.0011508906
GZMB,1.4125849,-0.023292638,0.8017308,0.64857644,-0.020635482,-0.008703591,0.6392245,2.2677834,-0.02821476,-0.03378276,-0.0018338348,2.3194308,1.3187,1.4833907,-0.0003936064,-0.0011665588
GZMH,1.1265599,-0.020000936,0.7255258,0.6732437,-0.017701445,-0.006322788,0.31754127,1.9035065,-0.02832873,-0.029486462,-0.0046791146,2.303022,1.343499,1.0092859,0.26405084,-0.0017916738
GZMK,1.4125849,-0.023292638,0.8017308,0.64857644,-0.020635482,-0.008703591,0.6392245,2.2677834,-0.02821476,-0.03378276,-0.0018338348,2.3194308,1.3187,1.4833907,-0.0003936064,-0.0011665588
GZMM,1.4125849,-0.023292638,0.8017308,0.64857644,-0.020635482,-0.008703591,0.6392245,2.2677834,-0.02821476,-0.03378276,-0.0018338348,2.3194308,1.3187,1.4833907,-0.0003936064,-0.0011665588
HABP4,1.4125849,-0.023292638,0.8017308,0.64857644,-0.020635482,-0.008703591,0.6392245,2.2677834,-0.02821476,-0.03378276,-0.0018338348,2.3194308,1.3187,1.4833907,-0.0003936064,-0.0011665588
HAPLN3,1.4271156,-0.023392387,0.8295836,0.69112873,-0.020968633,-0.009397985,0.6499647,2.2774303,-0.027450422,-0.033606153,-0.0025052973,2.2597353,1.3681476,1.5032365,-0.00049101916,-0.0013785011
HARBI1,1.4121456,-0.021615922,0.63919926,0.9019655,-0.015276975,-0.0077755414,0.5539012,2.0520675,-0.022578452,-0.029230352,0.098962694,1.8289526,0.99881923,1.432424,-0.0018376219,-0.0012811514
HAS2-AS1,1.4791998,-0.024303665,0.81357086,0.6525972,-0.01572455,-0.012578409,0.81768554,2.2122,-0.024639174,-0.03154374,0.0484853,2.0338614,1.2371525,1.4265494,0.20286644,-0.0049135312
HBQ1,1.4125849,-0.023292638,0.8017308,0.64857644,-0.020635482,-0.008703591,0.6392245,2.2677834,-0.02821476,-0.03378276,-0.0018338348,2.3194308,1.3187,1.4833907,-0.0003936064,-0.0011665588
HCG14,1.4125849,-0.023292638,0.8017308,0.64857644,-0.020635482,-0.008703591,0.6392245,2.2677834,-0.02821476,-0.03378276,-0.0018338348,2.3194308,1.3187,1.4833907,-0.0003936064,-0.0011665588
HCG25,1.4125849,-0.023292638,0.8017308,0.64857644,-0.020635482,-0.008703591,0.6392245,2.2677834,-0.02821476,-0.03378276,-0.0018338348,2.3194308,1.3187,1.4833907,-0.0003936064,-0.0011665588
HCG27,1.4125849,-0.023292638,0.8017308,0.64857644,-0.020635482,-0.008703591,0.6392245,2.2677834,-0.02821476,-0.03378276,-0.0018338348,2.3194308,1.3187,1.4833907,-0.0003936064,-0.0011665588
HCP5,1.4125849,-0.023292638,0.8017308,0.64857644,-0.020635482,-0.008703591,0.6392245,2.2677834,-0.02821476,-0.03378276,-0.0018338348,2.3194308,1.3187,1.4833907,-0.0003936064,-0.0011665588
HCRT,1.4125849,-0.023292638,0.8017308,0.64857644,-0.020635482,-0.008703591,0.6392245,2.2677834,-0.02821476,-0.03378276,-0.0018338348,2.3194308,1.3187,1.4833907,-0.0003936064,-0.0011665588
HDAC11-AS1,1.4689817,-0.023641355,0.8653239,0.62186706,-0.019994741,-0.008188886,0.6042081,2.1962237,-0.027275238,-0.034094058,-0.0014807768,2.3370345,1.3937435,1.4784871,-0.0010179308,-0.00110205
HDAC8,1.4125849,-0.023292638,0.8017308,0.64857644,-0.020635482,-0.008703591,0.6392245,2.2677834,-0.02821476,-0.03378276,-0.0018338348,2.3194308,1.3187,1.4833907,-0.0003936064,-0.0011665588
HDAC9,1.4125849,-0.023292638,0.8017308,0.64857644,-0.020635482,-0.008703591,0.6392245,2.2677834,-0.02821476,-0.03378276,-0.0018338348,2.3194308,1.3187,1.4833907,-0.0003936064,-0.0011665588
HDHD3,1.4125849,-0.023292638,0.8017308,0.64857644,-0.020635482,-0.008703591,0.6392245,2.2677834,-0.02821476,-0.03378276,-0.0018338348,2.3194308,1.3187,1.4833907,-0.0003936064,-0.0011665588
HEG1,1.4125849,-0.023292638,0.8017308,0.64857644,-0.020635482,-0.008703591,0.6392245,2.2677834,-0.02821476,-0.03378276,-0.0018338348,2.3194308,1.3187,1.4833907,-0.0003936064,-0.0011665588
HELB,1.4125849,-0.023292638,0.8017308,0.64857644,-0.020635482,-0.008703591,0.6392245,2.2677834,-0.02821476,-0.03378276,-0.0018338348,2.3194308,1.3187,1.4833907,-0.0003936064,-0.0011665588
HELLS,1.4125849,-0.023292638,0.8017308,0.64857644,-0.020635482,-0.008703591,0.6392245,2.2677834,-0.02821476,-0.03378276,-0.0018338348,2.3194308,1.3187,1.4833907,-0.0003936064,-0.0011665588
HEMK1,1.4125849,-0.023292638,0.8017308,0.64857644,-0.020635482,-0.008703591,0.6392245,2.2677834,-0.02821476,-0.03378276,-0.0018338348,2.3194308,1.3187,1.4833907,-0.0003936064,-0.0011665588
HERC2,1.4125849,-0.023292638,0.8017308,0.64857644,-0.020635482,-0.008703591,0.6392245,2.2677834,-0.02821476,-0.03378276,-0.0018338348,2.3194308,1.3187,1.4833907,-0.0003936064,-0.0011665588
HERC5,1.4125849,-0.023292638,0.8017308,0.64857644,-0.020635482,-0.008703591,0.6392245,2.2677834,-0.02821476,-0.03378276,-0.0018338348,2.3194308,1.3187,1.4833907,-0.0003936064,-0.0011665588
HERC6,1.4125849,-0.023292638,0.8017308,0.64857644,-0.020635482,-0.008703591,0.6392245,2.2677834,-0.02821476,-0.03378276,-0.0018338348,2.3194308,1.3187,1.4833907,-0.0003936064,-0.0011665588
HES2,1.4125849,-0.023292638,0.8017308,0.64857644,-0.020635482,-0.008703591,0.6392245,2.2677834,-0.02821476,-0.03378276,-0.0018338348,2.3194308,1.3187,1.4833907,-0.0003936064,-0.0011665588
HES7,1.4271156,-0.023392387,0.8295836,0.69112873,-0.020968633,-0.009397985,0.6499647,2.2774303,-0.027450422,-0.033606153,-0.0025052973,2.2597353,1.3681476,1.5032365,-0.00049101916,-0.0013785011
HEXIM1,1.4125849,-0.023292638,0.8017308,0.64857644,-0.020635482,-0.008703591,0.6392245,2.2677834,-0.02821476,-0.03378276,-0.0018338348,2.3194308,1.3187,1.4833907,-0.0003936064,-0.0011665588
HHAT,1.2886138,-0.023398282,0.8040318,0.7168919,-0.01999081,-0.008039989,0.60573524,2.2904255,-0.0264793,-0.033872407,-0.00012055656,2.241349,1.1201737,1.327325,0.13501322,-0.00014173068
HIBADH,1.4125849,-0.023292638,0.8017308,0.64857644,-0.020635482,-0.008703591,0.6392245,2.2677834,-0.02821476,-0.03378276,-0.0018338348,2.3194308,1.3187,1.4833907,-0.0003936064,-0.0011665588
HIF1A-AS1,1.4125849,-0.023292638,0.8017308,0.64857644,-0.020635482,-0.008703591,0.6392245,2.2677834,-0.02821476,-0.03378276,-0.0018338348,2.3194308,1.3187,1.4833907,-0.0003936064,-0.0011665588
HIGD2B,1.4125849,-0.023292638,0.8017308,0.64857644,-0.020635482,-0.008703591,0.6392245,2.2677834,-0.02821476,-0.03378276,-0.0018338348,2.3194308,1.3187,1.4833907,-0.0003936064,-0.0011665588
HIP1,1.4125849,-0.023292638,0.8017308,0.64857644,-0.020635482,-0.008703591,0.6392245,2.2677834,-0.02821476,-0.03378276,-0.0018338348,2.3194308,1.3187,1.4833907,-0.0003936064,-0.0011665588
HIP1R,1.4119339,-0.02217621,0.70178777,0.67601913,-0.01912146,-0.008245457,0.5990759,2.177357,-0.026400855,-0.03195109,-0.0005052728,2.3113277,1.1663266,1.5155551,-0.00059577107,-0.0004691109
HIPK1-AS1,1.41103,-0.02327839,0.8014369,0.6470954,-0.020652328,-0.008714188,0.6401549,2.265462,-0.028223475,-0.033767477,-0.0018437773,2.3199003,1.3163702,1.4821539,-0.0004132001,-0.0011554653
HIVEP3,1.4125849,-0.023292638,0.8017308,0.64857644,-0.020635482,-0.008703591,0.6392245,2.2677834,-0.02821476,-0.03378276,-0.0018338348,2.3194308,1.3187,1.4833907,-0.0003936064,-0.0011665588
HKDC1,1.4125849,-0.023292638,0.8017308,0.64857644,-0.020635482,-0.008703591,0.6392245,2.2677834,-0.02821476,-0.03378276,-0.0018338348,2.3194308,1.3187,1.4833907,-0.0003936064,-0.0011665588
HLA-DQA1,1.4125849,-0.023292638,0.8017308,0.64857644,-0.020635482,-0.008703591,0.6392245,2.2677834,-0.02821476,-0.03378276,-0.0018338348,2.3194308,1.3187,1.4833907,-0.0003936064,-0.0011665588
HLA-DQB1,1.4125849,-0.023292638,0.8017308,0.64857644,-0.020635482,-0.008703591,0.6392245,2.2677834,-0.02821476,-0.03378276,-0.0018338348,2.3194308,1.3187,1.4833907,-0.0003936064,-0.0011665588
HLCS,1.4125849,-0.023292638,0.8017308,0.64857644,-0.020635482,-0.008703591,0.6392245,2.2677834,-0.02821476,-0.03378276,-0.0018338348,2.3194308,1.3187,1.4833907,-0.0003936064,-0.0011665588
HLTF-AS1,1.4125849,-0.023292638,0.8017308,0.64857644,-0.020635482,-0.008703591,0.6392245,2.2677834,-0.02821476,-0.03378276,-0.0018338348,2.3194308,1.3187,1.4833907,-0.0003936064,-0.0011665588
HMCES,1.4125849,-0.023292638,0.8017308,0.64857644,-0.020635482,-0.008703591,0.6392245,2.2677834,-0.02821476,-0.03378276,-0.0018338348,2.3194308,1.3187,1.4833907,-0.0003936064,-0.0011665588
HMGA1P4,1.4120959,-0.023287756,0.80158645,0.6470985,-0.020624846,-0.008689555,0.63876283,2.2666874,-0.028214673,-0.03378841,-0.0018435478,2.319784,1.3188821,1.4841932,-0.00039673506,-0.0011617922
HMOX2,1.3396465,-0.023580937,0.7509962,0.66734135,-0.020699682,-0.009167733,0.6626581,2.2878432,-0.02752281,-0.03304971,-0.0019281758,2.356728,1.3630004,1.5420486,-0.00024037166,-0.0012737679
HOMER1,1.4105314,-0.02325152,0.7991245,0.64747995,-0.02061072,-0.008690771,0.636172,2.2631497,-0.028197767,-0.033744883,-0.0018489436,2.318945,1.3171363,1.4813086,-0.00036405234,-0.0011508906
HOOK2,1.4125849,-0.023292638,0.8017308,0.64857644,-0.020635482,-0.008703591,0.6392245,2.2677834,-0.02821476,-0.03378276,-0.0018338348,2.3194308,1.3187,1.4833907,-0.0003936064,-0.0011665588
HOPX,1.5775558,-0.021984454,0.78704876,0.678358,-0.016943334,-0.0075982795,0.617738,2.0141973,-0.027053922,-0.029725894,-0.0033443368,2.0652022,1.0669643,1.469978,-0.002377908,-0.0026440078
HOXA13,1.4125849,-0.023292638,0.8017308,0.64857644,-0.020635482,-0.008703591,0.6392245,2.2677834,-0.02821476,-0.03378276,-0.0018338348,2.3194308,1.3187,1.4833907,-0.0003936064,-0.0011665588
HOXB-AS1,1.4125849,-0.023292638,0.8017308,0.64857644,-0.020635482,-0.008703591,0.6392245,2.2677834,-0.02821476,-0.03378276,-0.0018338348,2.3194308,1.3187,1.4833907,-0.0003936064,-0.0011665588
HOXB-AS3,1.4125849,-0.023292638,0.8017308,0.64857644,-0.020635482,-0.008703591,0.6392245,2.2677834,-0.02821476,-0.03378276,-0.0018338348,2.3194308,1.3187,1.4833907,-0.0003936064,-0.0011665588
HOXB9,1.4125849,-0.023292638,0.8017308,0.64857644,-0.020635482,-0.008703591,0.6392245,2.2677834,-0.02821476,-0.03378276,-0.0018338348,2.3194308,1.3187,1.4833907,-0.0003936064,-0.0011665588
HOXC12,1.4125849,-0.023292638,0.8017308,0.64857644,-0.020635482,-0.008703591,0.6392245,2.2677834,-0.02821476,-0.03378276,-0.0018338348,2.3194308,1.3187,1.4833907,-0.0003936064,-0.0011665588
HOXC4,1.4063948,-0.022367306,0.7271749,0.69755614,-0.021067811,-0.0090535795,0.5968012,2.2347817,-0.028394908,-0.034352824,-0.0025593417,2.348007,1.3284153,1.5106052,0.017504789,-0.0009885073
HPN,0.84639573,-0.018838307,0.75011086,0.13140972,-0.018431362,-0.010100438,0.6792216,2.0285668,-0.023178607,-0.02809504,-0.0007654804,1.8435819,1.1105574,1.3355336,0.13505079,0.0041726455
HS3ST3B1,1.4125849,-0.023292638,0.8017308,0.64857644,-0.020635482,-0.008703591,0.6392245,2.2677834,-0.02821476,-0.03378276,-0.0018338348,2.3194308,1.3187,1.4833907,-0.0003936064,-0.0011665588
HSBP1L1,1.3374722,-0.023597402,0.7488418,0.668282,-0.020669963,-0.009176513,0.661407,2.2873256,-0.027496325,-0.033033278,-0.001925886,2.3552356,1.3622506,1.5446106,-0.00021985322,-0.001255952
HSF5,1.4125849,-0.023292638,0.8017308,0.64857644,-0.020635482,-0.008703591,0.6392245,2.2677834,-0.02821476,-0.03378276,-0.0018338348,2.3194308,1.3187,1.4833907,-0.0003936064,-0.0011665588
HSH2D,1.4257208,-0.020498574,0.7843302,0.8327015,-0.017688166,-0.0056659756,0.40663305,2.18491,-0.024219073,-0.03131682,-0.00043343223,2.081935,1.0538237,1.4636254,-0.0024027827,0.073803805
HSPB1,1.4125849,-0.023292638,0.8017308,0.64857644,-0.020635482,-0.008703591,0.6392245,2.2677834,-0.02821476,-0.03378276,-0.0018338348,2.3194308,1.3187,1.4833907,-0.0003936064,-0.0011665588
HTR2A,1.4125849,-0.023292638,0.8017308,0.64857644,-0.020635482,-0.008703591,0.6392245,2.2677834,-0.02821476,-0.03378276,-0.0018338348,2.3194308,1.3187,1.4833907,-0.0003936064,-0.0011665588
HTRA3,1.4125849,-0.023292638,0.8017308,0.64857644,-0.020635482,-0.008703591,0.6392245,2.2677834,-0.02821476,-0.03378276,-0.0018338348,2.3194308,1.3187,1.4833907,-0.0003936064,-0.0011665588
IBA57-DT,1.4125849,-0.023292638,0.8017308,0.64857644,-0.020635482,-0.008703591,0.6392245,2.2677834,-0.02821476,-0.03378276,-0.0018338348,2.3194308,1.3187,1.4833907,-0.0003936064,-0.0011665588
ICE1,1.4125849,-0.023292638,0.8017308,0.64857644,-0.020635482,-0.008703591,0.6392245,2.2677834,-0.02821476,-0.03378276,-0.0018338348,2.3194308,1.3187,1.4833907,-0.0003936064,-0.0011665588
ICOS,1.371523,-0.023149423,0.76118994,0.5021149,-0.021302905,-0.008348783,0.63556135,2.2301831,-0.026870748,-0.03273478,-0.0015983166,2.357658,1.2165691,1.3962382,0.026681513,-5.8287158e-05
ID3,1.4125849,-0.023292638,0.8017308,0.64857644,-0.020635482,-0.008703591,0.6392245,2.2677834,-0.02821476,-0.03378276,-0.0018338348,2.3194308,1.3187,1.4833907,-0.0003936064,-0.0011665588
IER5L,1.4125849,-0.023292638,0.8017308,0.64857644,-0.020635482,-0.008703591,0.6392245,2.2677834,-0.02821476,-0.03378276,-0.0018338348,2.3194308,1.3187,1.4833907,-0.0003936064,-0.0011665588
IFFO2,1.4125849,-0.023292638,0.8017308,0.64857644,-0.020635482,-0.008703591,0.6392245,2.2677834,-0.02821476,-0.03378276,-0.0018338348,2.3194308,1.3187,1.4833907,-0.0003936064,-0.0011665588
IFI6,1.4125849,-0.023292638,0.8017308,0.64857644,-0.020635482,-0.008703591,0.6392245,2.2677834,-0.02821476,-0.03378276,-0.0018338348,2.3194308,1.3187,1.4833907,-0.0003936064,-0.0011665588
IFIT2,1.4124852,-0.023287594,0.8008888,0.64767927,-0.020629339,-0.008697394,0.63905823,2.266973,-0.028219497,-0.03378779,-0.0018381361,2.319236,1.3185261,1.4836047,-0.00039514242,-0.0011609077
IFNG,1.4125849,-0.023292638,0.8017308,0.64857644,-0.020635482,-0.008703591,0.6392245,2.2677834,-0.02821476,-0.03378276,-0.0018338348,2.3194308,1.3187,1.4833907,-0.0003936064,-0.0011665588
IFNG-AS1,1.4124852,-0.023287594,0.8008888,0.64767927,-0.020629339,-0.008697394,0.63905823,2.266973,-0.028219497,-0.03378779,-0.0018381361,2.319236,1.3185261,1.4836047,-0.00039514242,-0.0011609077
IFNL1,1.4125849,-0.023292638,0.8017308,0.64857644,-0.020635482,-0.008703591,0.6392245,2.2677834,-0.02821476,-0.03378276,-0.0018338348,2.3194308,1.3187,1.4833907,-0.0003936064,-0.0011665588
IFT122,1.4125849,-0.023292638,0.8017308,0.64857644,-0.020635482,-0.008703591,0.6392245,2.2677834,-0.02821476,-0.03378276,-0.0018338348,2.3194308,1.3187,1.4833907,-0.0003936064,-0.0011665588
IFT46,1.4125849,-0.023292638,0.8017308,0.64857644,-0.020635482,-0.008703591,0.6392245,2.2677834,-0.02821476,-0.03378276,-0.0018338348,2.3194308,1.3187,1.4833907,-0.0003936064,-0.0011665588
IFT88,1.4125849,-0.023292638,0.8017308,0.64857644,-0.020635482,-0.008703591,0.6392245,2.2677834,-0.02821476,-0.03378276,-0.0018338348,2.3194308,1.3187,1.4833907,-0.0003936064,-0.0011665588
IGHA1,1.4125849,-0.023292638,0.8017308,0.64857644,-0.020635482,-0.008703591,0.6392245,2.2677834,-0.02821476,-0.03378276,-0.0018338348,2.3194308,1.3187,1.4833907,-0.0003936064,-0.0011665588
IGHA2,1.4125849,-0.023292638,0.8017308,0.64857644,-0.020635482,-0.008703591,0.6392245,2.2677834,-0.02821476,-0.03378276,-0.0018338348,2.3194308,1.3187,1.4833907,-0.0003936064,-0.0011665588
IGHG2,1.2886138,-0.023398282,0.8040318,0.7168919,-0.01999081,-0.008039989,0.60573524,2.2904255,-0.0264793,-0.033872407,-0.00012055656,2.241349,1.1201737,1.327325,0.13501322,-0.00014173068
IGHV1-3,1.4125849,-0.023292638,0.8017308,0.64857644,-0.020635482,-0.008703591,0.6392245,2.2677834,-0.02821476,-0.03378276,-0.0018338348,2.3194308,1.3187,1.4833907,-0.0003936064,-0.0011665588
IGHV2-70,1.4125849,-0.023292638,0.8017308,0.64857644,-0.020635482,-0.008703591,0.6392245,2.2677834,-0.02821476,-0.03378276,-0.0018338348,2.3194308,1.3187,1.4833907,-0.0003936064,-0.0011665588
IGHV3-43,1.4129049,-0.02383201,0.6561563,0.5773433,-0.018870976,-0.0077031385,0.7140494,2.1055017,-0.026504328,-0.031397477,-0.002155555,2.1879056,1.223309,1.4221334,-0.0019056906,-0.0014713705
IGHV5-51,1.4125849,-0.023292638,0.8017308,0.64857644,-0.020635482,-0.008703591,0.6392245,2.2677834,-0.02821476,-0.03378276,-0.0018338348,2.3194308,1.3187,1.4833907,-0.0003936064,-0.0011665588
IGKC,0.84639573,-0.018838307,0.75011086,0.13140972,-0.018431362,-0.010100438,0.6792216,2.0285668,-0.023178607,-0.02809504,-0.0007654804,1.8435819,1.1105574,1.3355336,0.13505079,0.0041726455
IGLON5,1.4125849,-0.023292638,0.8017308,0.64857644,-0.020635482,-0.008703591,0.6392245,2.2677834,-0.02821476,-0.03378276,-0.0018338348,2.3194308,1.3187,1.4833907,-0.0003936064,-0.0011665588
IGLV1-40,1.4888421,-0.019520069,0.5995763,0.706227,-0.018661655,-0.007817254,0.48694384,2.0320282,-0.025060697,-0.030242924,0.032263,2.138259,1.4176911,1.3404392,-0.0011982796,0.075745426
IGLV1-44,1.4125849,-0.023292638,0.8017308,0.64857644,-0.020635482,-0.008703591,0.6392245,2.2677834,-0.02821476,-0.03378276,-0.0018338348,2.3194308,1.3187,1.4833907,-0.0003936064,-0.0011665588
IGLV1-51,1.4125849,-0.023292638,0.8017308,0.64857644,-0.020635482,-0.008703591,0.6392245,2.2677834,-0.02821476,-0.03378276,-0.0018338348,2.3194308,1.3187,1.4833907,-0.0003936064,-0.0011665588
IGLV2-14,1.4063948,-0.022367306,0.7271749,0.69755614,-0.021067811,-0.0090535795,0.5968012,2.2347817,-0.028394908,-0.034352824,-0.0025593417,2.348007,1.3284153,1.5106052,0.017504789,-0.0009885073
IGLV3-10,1.4125849,-0.023292638,0.8017308,0.64857644,-0.020635482,-0.008703591,0.6392245,2.2677834,-0.02821476,-0.03378276,-0.0018338348,2.3194308,1.3187,1.4833907,-0.0003936064,-0.0011665588
IGLV3-9,1.4125849,-0.023292638,0.8017308,0.64857644,-0.020635482,-0.008703591,0.6392245,2.2677834,-0.02821476,-0.03378276,-0.0018338348,2.3194308,1.3187,1.4833907,-0.0003936064,-0.0011665588
IGLV7-43,1.4125849,-0.023292638,0.8017308,0.64857644,-0.020635482,-0.008703591,0.6392245,2.2677834,-0.02821476,-0.03378276,-0.0018338348,2.3194308,1.3187,1.4833907,-0.0003936064,-0.0011665588
IGLV9-49,1.4125849,-0.023292638,0.8017308,0.64857644,-0.020635482,-0.008703591,0.6392245,2.2677834,-0.02821476,-0.03378276,-0.0018338348,2.3194308,1.3187,1.4833907,-0.0003936064,-0.0011665588
IGSF21-AS1,1.4125849,-0.023292638,0.8017308,0.64857644,-0.020635482,-0.008703591,0.6392245,2.2677834,-0.02821476,-0.03378276,-0.0018338348,2.3194308,1.3187,1.4833907,-0.0003936064,-0.0011665588
IGSF9B,1.4125849,-0.023292638,0.8017308,0.64857644,-0.020635482,-0.008703591,0.6392245,2.2677834,-0.02821476,-0.03378276,-0.0018338348,2.3194308,1.3187,1.4833907,-0.0003936064,-0.0011665588
IKZF2,1.4125849,-0.023292638,0.8017308,0.64857644,-0.020635482,-0.008703591,0.6392245,2.2677834,-0.02821476,-0.03378276,-0.0018338348,2.3194308,1.3187,1.4833907,-0.0003936064,-0.0011665588
IKZF3,0.92265296,-0.015065739,0.5479565,0.18906032,-0.016457535,-0.009214101,0.52694094,1.7928115,-0.020024542,-0.0245552,0.13909847,1.6624098,1.2095485,1.1925824,0.05458346,0.19657403
IL11,1.3321224,-0.023294413,0.735883,0.6972524,-0.020130107,-0.008047949,0.6280316,2.1828496,-0.028478064,-0.034258723,-0.002596739,2.301553,1.340568,1.3898956,-0.00060153723,-0.0017894763
IL11RA,1.4125849,-0.023292638,0.8017308,0.64857644,-0.020635482,-0.008703591,0.6392245,2.2677834,-0.02821476,-0.03378276,-0.0018338348,2.3194308,1.3187,1.4833907,-0.0003936064,-0.0011665588
IL12RB2,1.4125849,-0.023292638,0.8017308,0.64857644,-0.020635482,-0.008703591,0.6392245,2.2677834,-0.02821476,-0.03378276,-0.0018338348,2.3194308,1.3187,1.4833907,-0.0003936064,-0.0011665588
IL17D,1.4125849,-0.023292638,0.8017308,0.64857644,-0.020635482,-0.008703591,0.6392245,2.2677834,-0.02821476,-0.03378276,-0.0018338348,2.3194308,1.3187,1.4833907,-0.0003936064,-0.0011665588
IL18RAP,1.126832,-0.02010549,0.6344025,0.689811,-0.02070656,-0.005213176,0.2975413,1.9111812,-0.030000385,-0.02916305,-0.004811839,2.3534868,1.348174,1.128421,0.09913291,0.055902623
IL19,1.0538936,-0.020393785,0.583668,0.7085758,-0.020770758,-0.0056773173,0.32097492,1.9312412,-0.029308438,-0.028430004,-0.0049061803,2.390784,1.3924743,1.1870788,0.11445635,0.045181714
IL1B,1.4063948,-0.022367306,0.7271749,0.69755614,-0.021067811,-0.0090535795,0.5968012,2.2347817,-0.028394908,-0.034352824,-0.0025593417,2.348007,1.3284153,1.5106052,0.017504789,-0.0009885073
IL2,1.4125849,-0.023292638,0.8017308,0.64857644,-0.020635482,-0.008703591,0.6392245,2.2677834,-0.02821476,-0.03378276,-0.0018338348,2.3194308,1.3187,1.4833907,-0.0003936064,-0.0011665588
IL21R,1.1699507,-0.023280684,0.8841926,0.4660587,-0.02044799,-0.007557605,0.6649856,2.0144763,-0.025730448,-0.031243846,-0.003249441,2.1461744,1.244715,1.4095863,-0.0017827883,-0.0025209433
IL2RA,1.4125849,-0.023292638,0.8017308,0.64857644,-0.020635482,-0.008703591,0.6392245,2.2677834,-0.02821476,-0.03378276,-0.0018338348,2.3194308,1.3187,1.4833907,-0.0003936064,-0.0011665588
IL2RB,1.4125849,-0.023292638,0.8017308,0.64857644,-0.020635482,-0.008703591,0.6392245,2.2677834,-0.02821476,-0.03378276,-0.0018338348,2.3194308,1.3187,1.4833907,-0.0003936064,-0.0011665588
IL6,1.3547509,-0.020730065,0.80067235,0.81582767,-0.016871154,-0.0056854156,0.3904008,2.1299293,-0.024306497,-0.0306655,-0.001155154,1.9881263,1.1026146,1.4592068,-0.003123443,0.06231185
IL6R-AS1,1.4125849,-0.023292638,0.8017308,0.64857644,-0.020635482,-0.008703591,0.6392245,2.2677834,-0.02821476,-0.03378276,-0.0018338348,2.3194308,1.3187,1.4833907,-0.0003936064,-0.0011665588
ILF3-DT,1.4121956,-0.0232928,0.8024285,0.64799565,-0.020630991,-0.008695753,0.6389291,2.2674978,-0.028209936,-0.033783376,-0.0018392464,2.3199787,1.3190559,1.4839792,-0.00039519905,-0.0011674433
ING1,1.4125849,-0.023292638,0.8017308,0.64857644,-0.020635482,-0.008703591,0.6392245,2.2677834,-0.02821476,-0.03378276,-0.0018338348,2.3194308,1.3187,1.4833907,-0.0003936064,-0.0011665588
INPP5E,1.3946742,-0.022655874,0.6661938,0.64601344,-0.019384641,-0.008034056,0.6784773,2.2764227,-0.027240228,-0.03443405,-0.0026611283,2.1614032,1.1651657,1.4507954,-0.0009890946,-0.0018357891
INSM2,1.4125849,-0.023292638,0.8017308,0.64857644,-0.020635482,-0.008703591,0.6392245,2.2677834,-0.02821476,-0.03378276,-0.0018338348,2.3194308,1.3187,1.4833907,-0.0003936064,-0.0011665588
INTS1,1.3652904,-0.022982465,0.74883455,0.5799632,-0.020713909,-0.0089688385,0.6520258,2.2598364,-0.027539706,-0.03332276,-0.0016806397,2.3615706,1.3598664,1.4768136,-0.00013004898,-0.0010180708
INTS11,1.41103,-0.02327839,0.8014369,0.6470954,-0.020652328,-0.008714188,0.6401549,2.265462,-0.028223475,-0.033767477,-0.0018437773,2.3199003,1.3163702,1.4821539,-0.0004132001,-0.0011554653
INTS4,1.4125849,-0.023292638,0.8017308,0.64857644,-0.020635482,-0.008703591,0.6392245,2.2677834,-0.02821476,-0.03378276,-0.0018338348,2.3194308,1.3187,1.4833907,-0.0003936064,-0.0011665588
INTS6L-AS1,1.5046868,-0.021733219,0.8811911,0.7689369,-0.01877653,-0.009070712,0.5666421,2.1968246,-0.028077228,-0.031377513,-0.0031115457,2.233477,1.2062994,1.5893044,-0.0007109964,-0.0024455206
INVS,1.4125849,-0.023292638,0.8017308,0.64857644,-0.020635482,-0.008703591,0.6392245,2.2677834,-0.02821476,-0.03378276,-0.0018338348,2.3194308,1.3187,1.4833907,-0.0003936064,-0.0011665588
IPP,1.4125849,-0.023292638,0.8017308,0.64857644,-0.020635482,-0.008703591,0.6392245,2.2677834,-0.02821476,-0.03378276,-0.0018338348,2.3194308,1.3187,1.4833907,-0.0003936064,-0.0011665588
IQCB1,1.3721014,-0.020222288,0.8290009,0.42491955,-0.020895863,-0.006715822,0.8264154,2.05837,-0.025780298,-0.030049132,-0.0008473828,2.1059058,1.2954988,1.2579331,0.08918674,-0.0007479474
IQCC,1.4125849,-0.023292638,0.8017308,0.64857644,-0.020635482,-0.008703591,0.6392245,2.2677834,-0.02821476,-0.03378276,-0.0018338348,2.3194308,1.3187,1.4833907,-0.0003936064,-0.0011665588
IRGM,1.4125849,-0.023292638,0.8017308,0.64857644,-0.020635482,-0.008703591,0.6392245,2.2677834,-0.02821476,-0.03378276,-0.0018338348,2.3194308,1.3187,1.4833907,-0.0003936064,-0.0011665588
ISM1,1.4125849,-0.023292638,0.8017308,0.64857644,-0.020635482,-0.008703591,0.6392245,2.2677834,-0.02821476,-0.03378276,-0.0018338348,2.3194308,1.3187,1.4833907,-0.0003936064,-0.0011665588
ITGA10,1.4125849,-0.023292638,0.8017308,0.64857644,-0.020635482,-0.008703591,0.6392245,2.2677834,-0.02821476,-0.03378276,-0.0018338348,2.3194308,1.3187,1.4833907,-0.0003936064,-0.0011665588
ITGA2B,1.4125849,-0.023292638,0.8017308,0.64857644,-0.020635482,-0.008703591,0.6392245,2.2677834,-0.02821476,-0.03378276,-0.0018338348,2.3194308,1.3187,1.4833907,-0.0003936064,-0.0011665588
ITGA6,1.4125849,-0.023292638,0.8017308,0.64857644,-0.020635482,-0.008703591,0.6392245,2.2677834,-0.02821476,-0.03378276,-0.0018338348,2.3194308,1.3187,1.4833907,-0.0003936064,-0.0011665588
ITGAD,1.4125849,-0.023292638,0.8017308,0.64857644,-0.020635482,-0.008703591,0.6392245,2.2677834,-0.02821476,-0.03378276,-0.0018338348,2.3194308,1.3187,1.4833907,-0.0003936064,-0.0011665588
ITGB1BP2,1.4124852,-0.023287594,0.8008888,0.64767927,-0.020629339,-0.008697394,0.63905823,2.266973,-0.028219497,-0.03378779,-0.0018381361,2.319236,1.3185261,1.4836047,-0.00039514242,-0.0011609077
ITGB2-AS1,1.3652904,-0.022982465,0.74883455,0.5799632,-0.020713909,-0.0089688385,0.6520258,2.2598364,-0.027539706,-0.03332276,-0.0016806397,2.3615706,1.3598664,1.4768136,-0.00013004898,-0.0010180708
ITPR3,1.1413627,-0.020205237,0.6622553,0.7323633,-0.021039711,-0.0059075714,0.30828148,1.9208282,-0.029236052,-0.028986445,-0.0054833023,2.2937915,1.3976215,1.1482668,0.08939162,0.034708403
ITPRIPL1,1.4125849,-0.023292638,0.8017308,0.64857644,-0.020635482,-0.008703591,0.6392245,2.2677834,-0.02821476,-0.03378276,-0.0018338348,2.3194308,1.3187,1.4833907,-0.0003936064,-0.0011665588
JADE2,1.4125849,-0.023292638,0.8017308,0.64857644,-0.020635482,-0.008703591,0.6392245,2.2677834,-0.02821476,-0.03378276,-0.0018338348,2.3194308,1.3187,1.4833907,-0.0003936064,-0.0011665588
JAKMIP2,1.4125849,-0.023292638,0.8017308,0.64857644,-0.020635482,-0.008703591,0.6392245,2.2677834,-0.02821476,-0.03378276,-0.0018338348,2.3194308,1.3187,1.4833907,-0.0003936064,-0.0011665588
JAM2,1.4125849,-0.023292638,0.8017308,0.64857644,-0.020635482,-0.008703591,0.6392245,2.2677834,-0.02821476,-0.03378276,-0.0018338348,2.3194308,1.3187,1.4833907,-0.0003936064,-0.0011665588
JAM3,1.4124852,-0.023287594,0.8008888,0.64767927,-0.020629339,-0.008697394,0.63905823,2.266973,-0.028219497,-0.03378779,-0.0018381361,2.319236,1.3185261,1.4836047,-0.00039514242,-0.0011609077
JAZF1-AS1,1.41103,-0.02327839,0.8014369,0.6470954,-0.020652328,-0.008714188,0.6401549,2.265462,-0.028223475,-0.033767477,-0.0018437773,2.3199003,1.3163702,1.4821539,-0.0004132001,-0.0011554653
JPX,1.437237,-0.02190969,0.8286434,0.5626031,-0.018621733,-0.011071257,0.6377429,2.2994602,-0.025767902,-0.03370239,-0.0015256262,2.3570738,1.3414749,1.4763061,0.2325269,-0.002552134
KALRN,1.4125849,-0.023292638,0.8017308,0.64857644,-0.020635482,-0.008703591,0.6392245,2.2677834,-0.02821476,-0.03378276,-0.0018338348,2.3194308,1.3187,1.4833907,-0.0003936064,-0.0011665588
KANK1,1.4125849,-0.023292638,0.8017308,0.64857644,-0.020635482,-0.008703591,0.6392245,2.2677834,-0.02821476,-0.03378276,-0.0018338348,2.3194308,1.3187,1.4833907,-0.0003936064,-0.0011665588
KANK3,1.4125849,-0.023292638,0.8017308,0.64857644,-0.020635482,-0.008703591,0.6392245,2.2677834,-0.02821476,-0.03378276,-0.0018338348,2.3194308,1.3187,1.4833907,-0.0003936064,-0.0011665588
KANSL1-AS1,1.4125849,-0.023292638,0.8017308,0.64857644,-0.020635482,-0.008703591,0.6392245,2.2677834,-0.02821476,-0.03378276,-0.0018338348,2.3194308,1.3187,1.4833907,-0.0003936064,-0.0011665588
KANTR,1.4125849,-0.023292638,0.8017308,0.64857644,-0.020635482,-0.008703591,0.6392245,2.2677834,-0.02821476,-0.03378276,-0.0018338348,2.3194308,1.3187,1.4833907,-0.0003936064,-0.0011665588
KAT2A,1.4125849,-0.023292638,0.8017308,0.64857644,-0.020635482,-0.008703591,0.6392245,2.2677834,-0.02821476,-0.03378276,-0.0018338348,2.3194308,1.3187,1.4833907,-0.0003936064,-0.0011665588
KATNBL1,1.4125849,-0.023292638,0.8017308,0.64857644,-0.020635482,-0.008703591,0.6392245,2.2677834,-0.02821476,-0.03378276,-0.0018338348,2.3194308,1.3187,1.4833907,-0.0003936064,-0.0011665588
KAZALD1,1.4125849,-0.023292638,0.8017308,0.64857644,-0.020635482,-0.008703591,0.6392245,2.2677834,-0.02821476,-0.03378276,-0.0018338348,2.3194308,1.3187,1.4833907,-0.0003936064,-0.0011665588
KCNA3,1.4125849,-0.023292638,0.8017308,0.64857644,-0.020635482,-0.008703591,0.6392245,2.2677834,-0.02821476,-0.03378276,-0.0018338348,2.3194308,1.3187,1.4833907,-0.0003936064,-0.0011665588
KCNE2,1.3334565,-0.022655603,0.6764404,0.7163209,-0.021132011,-0.009517721,0.6202348,2.2548416,-0.027702961,-0.033619776,-0.0026536824,2.3853042,1.3727156,1.569263,0.03282824,-0.0010957164
KCNG1,1.4125849,-0.023292638,0.8017308,0.64857644,-0.020635482,-0.008703591,0.6392245,2.2677834,-0.02821476,-0.03378276,-0.0018338348,2.3194308,1.3187,1.4833907,-0.0003936064,-0.0011665588
KCNH6,1.4125849,-0.023292638,0.8017308,0.64857644,-0.020635482,-0.008703591,0.6392245,2.2677834,-0.02821476,-0.03378276,-0.0018338348,2.3194308,1.3187,1.4833907,-0.0003936064,-0.0011665588
KCNN1,1.4125849,-0.023292638,0.8017308,0.64857644,-0.020635482,-0.008703591,0.6392245,2.2677834,-0.02821476,-0.03378276,-0.0018338348,2.3194308,1.3187,1.4833907,-0.0003936064,-0.0011665588
KDM2B-DT,1.4125849,-0.023292638,0.8017308,0.64857644,-0.020635482,-0.008703591,0.6392245,2.2677834,-0.02821476,-0.03378276,-0.0018338348,2.3194308,1.3187,1.4833907,-0.0003936064,-0.0011665588
KHDC1,1.4125849,-0.023292638,0.8017308,0.64857644,-0.020635482,-0.008703591,0.6392245,2.2677834,-0.02821476,-0.03378276,-0.0018338348,2.3194308,1.3187,1.4833907,-0.0003936064,-0.0011665588
KHDRBS2,1.5003738,-0.023643462,0.73474365,0.6011307,-0.019139927,-0.007933392,0.701356,2.095089,-0.02643194,-0.031953916,-0.0027326762,2.0909128,1.2284564,1.3833215,-0.0021563384,-0.0015761035
KIAA0040,1.4125849,-0.023292638,0.8017308,0.64857644,-0.020635482,-0.008703591,0.6392245,2.2677834,-0.02821476,-0.03378276,-0.0018338348,2.3194308,1.3187,1.4833907,-0.0003936064,-0.0011665588
KIAA1671,1.4125849,-0.023292638,0.8017308,0.64857644,-0.020635482,-0.008703591,0.6392245,2.2677834,-0.02821476,-0.03378276,-0.0018338348,2.3194308,1.3187,1.4833907,-0.0003936064,-0.0011665588
KIF12,1.4125849,-0.023292638,0.8017308,0.64857644,-0.020635482,-0.008703591,0.6392245,2.2677834,-0.02821476,-0.03378276,-0.0018338348,2.3194308,1.3187,1.4833907,-0.0003936064,-0.0011665588
KIF21A,1.4125849,-0.023292638,0.8017308,0.64857644,-0.020635482,-0.008703591,0.6392245,2.2677834,-0.02821476,-0.03378276,-0.0018338348,2.3194308,1.3187,1.4833907,-0.0003936064,-0.0011665588
KIF21B,1.4125849,-0.023292638,0.8017308,0.64857644,-0.020635482,-0.008703591,0.6392245,2.2677834,-0.02821476,-0.03378276,-0.0018338348,2.3194308,1.3187,1.4833907,-0.0003936064,-0.0011665588
KIF2A,1.4125849,-0.023292638,0.8017308,0.64857644,-0.020635482,-0.008703591,0.6392245,2.2677834,-0.02821476,-0.03378276,-0.0018338348,2.3194308,1.3187,1.4833907,-0.0003936064,-0.0011665588
KIF3A,1.4124852,-0.023287594,0.8008888,0.64767927,-0.020629339,-0.008697394,0.63905823,2.266973,-0.028219497,-0.03378779,-0.0018381361,2.319236,1.3185261,1.4836047,-0.00039514242,-0.0011609077
KIF5C,1.5059109,-0.020392247,0.9413013,0.76745826,-0.015188426,-0.0074312305,0.43782592,2.2621691,-0.022284111,-0.031164268,0.046219707,2.0493479,1.0272807,1.4379857,-0.00054567214,-0.0009897447
KIN,1.4125849,-0.023292638,0.8017308,0.64857644,-0.020635482,-0.008703591,0.6392245,2.2677834,-0.02821476,-0.03378276,-0.0018338348,2.3194308,1.3187,1.4833907,-0.0003936064,-0.0011665588
KIR2DL1,0.84639573,-0.018838307,0.75011086,0.13140972,-0.018431362,-0.010100438,0.6792216,2.0285668,-0.023178607,-0.02809504,-0.0007654804,1.8435819,1.1105574,1.3355336,0.13505079,0.0041726455
KIR2DL4,1.4125849,-0.023292638,0.8017308,0.64857644,-0.020635482,-0.008703591,0.6392245,2.2677834,-0.02821476,-0.03378276,-0.0018338348,2.3194308,1.3187,1.4833907,-0.0003936064,-0.0011665588
KIR3DL1,1.4125849,-0.023292638,0.8017308,0.64857644,-0.020635482,-0.008703591,0.6392245,2.2677834,-0.02821476,-0.03378276,-0.0018338348,2.3194308,1.3187,1.4833907,-0.0003936064,-0.0011665588
KIR3DL2,1.4858432,-0.023543715,0.7068908,0.55857843,-0.018806776,-0.0072389976,0.6906159,2.0854418,-0.027196279,-0.032130525,-0.002061214,2.150608,1.1790088,1.3634757,-0.0020589253,-0.0013641614
KIZ,1.4125849,-0.023292638,0.8017308,0.64857644,-0.020635482,-0.008703591,0.6392245,2.2677834,-0.02821476,-0.03378276,-0.0018338348,2.3194308,1.3187,1.4833907,-0.0003936064,-0.0011665588
KLF3-AS1,1.4063948,-0.022367306,0.7271749,0.69755614,-0.021067811,-0.0090535795,0.5968012,2.2347817,-0.028394908,-0.034352824,-0.0025593417,2.348007,1.3284153,1.5106052,0.017504789,-0.0009885073
KLHDC1,1.4125849,-0.023292638,0.8017308,0.64857644,-0.020635482,-0.008703591,0.6392245,2.2677834,-0.02821476,-0.03378276,-0.0018338348,2.3194308,1.3187,1.4833907,-0.0003936064,-0.0011665588
KLHDC10,1.4125849,-0.023292638,0.8017308,0.64857644,-0.020635482,-0.008703591,0.6392245,2.2677834,-0.02821476,-0.03378276,-0.0018338348,2.3194308,1.3187,1.4833907,-0.0003936064,-0.0011665588
KLHDC4,1.4125849,-0.023292638,0.8017308,0.64857644,-0.020635482,-0.008703591,0.6392245,2.2677834,-0.02821476,-0.03378276,-0.0018338348,2.3194308,1.3187,1.4833907,-0.0003936064,-0.0011665588
KLHL11,1.4125849,-0.023292638,0.8017308,0.64857644,-0.020635482,-0.008703591,0.6392245,2.2677834,-0.02821476,-0.03378276,-0.0018338348,2.3194308,1.3187,1.4833907,-0.0003936064,-0.0011665588
KLHL29,1.4271156,-0.023392387,0.8295836,0.69112873,-0.020968633,-0.009397985,0.6499647,2.2774303,-0.027450422,-0.033606153,-0.0025052973,2.2597353,1.3681476,1.5032365,-0.00049101916,-0.0013785011
KLHL32,1.4125849,-0.023292638,0.8017308,0.64857644,-0.020635482,-0.008703591,0.6392245,2.2677834,-0.02821476,-0.03378276,-0.0018338348,2.3194308,1.3187,1.4833907,-0.0003936064,-0.0011665588
KLRB1,1.4125849,-0.023292638,0.8017308,0.64857644,-0.020635482,-0.008703591,0.6392245,2.2677834,-0.02821476,-0.03378276,-0.0018338348,2.3194308,1.3187,1.4833907,-0.0003936064,-0.0011665588
KLRC1,1.4104106,-0.023309104,0.79957646,0.64951706,-0.020605762,-0.008712372,0.6379734,2.2672656,-0.028188275,-0.03376633,-0.0018315454,2.3179383,1.3179502,1.4859527,-0.00037308782,-0.001148743
KLRF1,1.4125849,-0.023292638,0.8017308,0.64857644,-0.020635482,-0.008703591,0.6392245,2.2677834,-0.02821476,-0.03378276,-0.0018338348,2.3194308,1.3187,1.4833907,-0.0003936064,-0.0011665588
KLRG1,1.4125849,-0.023292638,0.8017308,0.64857644,-0.020635482,-0.008703591,0.6392245,2.2677834,-0.02821476,-0.03378276,-0.0018338348,2.3194308,1.3187,1.4833907,-0.0003936064,-0.0011665588
KLRK1,1.4125849,-0.023292638,0.8017308,0.64857644,-0.020635482,-0.008703591,0.6392245,2.2677834,-0.02821476,-0.03378276,-0.0018338348,2.3194308,1.3187,1.4833907,-0.0003936064,-0.0011665588
KNOP1,1.4257208,-0.020498574,0.7843302,0.8327015,-0.017688166,-0.0056659756,0.40663305,2.18491,-0.024219073,-0.03131682,-0.00043343223,2.081935,1.0538237,1.4636254,-0.0024027827,0.073803805
KPNA2,1.4125849,-0.023292638,0.8017308,0.64857644,-0.020635482,-0.008703591,0.6392245,2.2677834,-0.02821476,-0.03378276,-0.0018338348,2.3194308,1.3187,1.4833907,-0.0003936064,-0.0011665588
KPNA5,1.4125849,-0.023292638,0.8017308,0.64857644,-0.020635482,-0.008703591,0.6392245,2.2677834,-0.02821476,-0.03378276,-0.0018338348,2.3194308,1.3187,1.4833907,-0.0003936064,-0.0011665588
KRBA2,1.4125849,-0.023292638,0.8017308,0.64857644,-0.020635482,-0.008703591,0.6392245,2.2677834,-0.02821476,-0.03378276,-0.0018338348,2.3194308,1.3187,1.4833907,-0.0003936064,-0.0011665588
KRI1,1.4125849,-0.023292638,0.8017308,0.64857644,-0.020635482,-0.008703591,0.6392245,2.2677834,-0.02821476,-0.03378276,-0.0018338348,2.3194308,1.3187,1.4833907,-0.0003936064,-0.0011665588
KRT33A,1.4125849,-0.023292638,0.8017308,0.64857644,-0.020635482,-0.008703591,0.6392245,2.2677834,-0.02821476,-0.03378276,-0.0018338348,2.3194308,1.3187,1.4833907,-0.0003936064,-0.0011665588
KRT73-AS1,1.4125849,-0.023292638,0.8017308,0.64857644,-0.020635482,-0.008703591,0.6392245,2.2677834,-0.02821476,-0.03378276,-0.0018338348,2.3194308,1.3187,1.4833907,-0.0003936064,-0.0011665588
KRT74,1.4125849,-0.023292638,0.8017308,0.64857644,-0.020635482,-0.008703591,0.6392245,2.2677834,-0.02821476,-0.03378276,-0.0018338348,2.3194308,1.3187,1.4833907,-0.0003936064,-0.0011665588
KRT80,1.4137145,-0.02329587,0.8009426,0.6493965,-0.020645084,-0.008709131,0.6389275,2.2688508,-0.02820855,-0.033780575,-0.0018293677,2.320351,1.3191029,1.482799,-0.0003975999,-0.0011733394
KRTDAP,1.3396465,-0.023580937,0.7509962,0.66734135,-0.020699682,-0.009167733,0.6626581,2.2878432,-0.02752281,-0.03304971,-0.0019281758,2.356728,1.3630004,1.5420486,-0.00024037166,-0.0012737679
L2HGDH,1.4125849,-0.023292638,0.8017308,0.64857644,-0.020635482,-0.008703591,0.6392245,2.2677834,-0.02821476,-0.03378276,-0.0018338348,2.3194308,1.3187,1.4833907,-0.0003936064,-0.0011665588
LAG3,1.4125849,-0.023292638,0.8017308,0.64857644,-0.020635482,-0.008703591,0.6392245,2.2677834,-0.02821476,-0.03378276,-0.0018338348,2.3194308,1.3187,1.4833907,-0.0003936064,-0.0011665588
LAIR2,1.4125849,-0.023292638,0.8017308,0.64857644,-0.020635482,-0.008703591,0.6392245,2.2677834,-0.02821476,-0.03378276,-0.0018338348,2.3194308,1.3187,1.4833907,-0.0003936064,-0.0011665588
LAMA3,1.4125849,-0.023292638,0.8017308,0.64857644,-0.020635482,-0.008703591,0.6392245,2.2677834,-0.02821476,-0.03378276,-0.0018338348,2.3194308,1.3187,1.4833907,-0.0003936064,-0.0011665588
LAMP3,1.4125849,-0.023292638,0.8017308,0.64857644,-0.020635482,-0.008703591,0.6392245,2.2677834,-0.02821476,-0.03378276,-0.0018338348,2.3194308,1.3187,1.4833907,-0.0003936064,-0.0011665588
LANCL1,1.4125849,-0.023292638,0.8017308,0.64857644,-0.020635482,-0.008703591,0.6392245,2.2677834,-0.02821476,-0.03378276,-0.0018338348,2.3194308,1.3187,1.4833907,-0.0003936064,-0.0011665588
LANCL3,1.4125849,-0.023292638,0.8017308,0.64857644,-0.020635482,-0.008703591,0.6392245,2.2677834,-0.02821476,-0.03378276,-0.0018338348,2.3194308,1.3187,1.4833907,-0.0003936064,-0.0011665588
LAT,1.4271156,-0.023392387,0.8295836,0.69112873,-0.020968633,-0.009397985,0.6499647,2.2774303,-0.027450422,-0.033606153,-0.0025052973,2.2597353,1.3681476,1.5032365,-0.00049101916,-0.0013785011
LAX1,1.4125849,-0.023292638,0.8017308,0.64857644,-0.020635482,-0.008703591,0.6392245,2.2677834,-0.02821476,-0.03378276,-0.0018338348,2.3194308,1.3187,1.4833907,-0.0003936064,-0.0011665588
LCK,1.4125849,-0.023292638,0.8017308,0.64857644,-0.020635482,-0.008703591,0.6392245,2.2677834,-0.02821476,-0.03378276,-0.0018338348,2.3194308,1.3187,1.4833907,-0.0003936064,-0.0011665588
LCLAT1,1.4125849,-0.023292638,0.8017308,0.64857644,-0.020635482,-0.008703591,0.6392245,2.2677834,-0.02821476,-0.03378276,-0.0018338348,2.3194308,1.3187,1.4833907,-0.0003936064,-0.0011665588
LDAH,1.4125849,-0.023292638,0.8017308,0.64857644,-0.020635482,-0.008703591,0.6392245,2.2677834,-0.02821476,-0.03378276,-0.0018338348,2.3194308,1.3187,1.4833907,-0.0003936064,-0.0011665588
LDB2,1.4125849,-0.023292638,0.8017308,0.64857644,-0.020635482,-0.008703591,0.6392245,2.2677834,-0.02821476,-0.03378276,-0.0018338348,2.3194308,1.3187,1.4833907,-0.0003936064,-0.0011665588
LDHC,1.4125849,-0.023292638,0.8017308,0.64857644,-0.020635482,-0.008703591,0.6392245,2.2677834,-0.02821476,-0.03378276,-0.0018338348,2.3194308,1.3187,1.4833907,-0.0003936064,-0.0011665588
LDLRAP1,1.4125849,-0.023292638,0.8017308,0.64857644,-0.020635482,-0.008703591,0.6392245,2.2677834,-0.02821476,-0.03378276,-0.0018338348,2.3194308,1.3187,1.4833907,-0.0003936064,-0.0011665588
LEF1-AS1,1.4128786,-0.023291998,0.8022895,0.6483322,-0.020632925,-0.00869935,0.6393917,2.2664604,-0.02821781,-0.03377153,-0.0018395947,2.3200302,1.3189737,1.4830514,-0.00038116693,-0.001174243
LEFTY2,1.1408052,-0.020302273,0.8954829,0.2287641,-0.020683207,-0.005477705,0.8430131,1.8054861,-0.023323148,-0.027508473,-0.0022222202,1.9531047,1.2430364,1.1774826,-0.00047635016,-0.0019611605
LEMD3,1.126832,-0.02010549,0.6344025,0.689811,-0.02070656,-0.005213176,0.2975413,1.9111812,-0.030000385,-0.02916305,-0.004811839,2.3534868,1.348174,1.128421,0.09913291,0.055902623
LETM2,1.4125849,-0.023292638,0.8017308,0.64857644,-0.020635482,-0.008703591,0.6392245,2.2677834,-0.02821476,-0.03378276,-0.0018338348,2.3194308,1.3187,1.4833907,-0.0003936064,-0.0011665588
LEXM,1.4125849,-0.023292638,0.8017308,0.64857644,-0.020635482,-0.008703591,0.6392245,2.2677834,-0.02821476,-0.03378276,-0.0018338348,2.3194308,1.3187,1.4833907,-0.0003936064,-0.0011665588
LGALS8-AS1,1.4125849,-0.023292638,0.8017308,0.64857644,-0.020635482,-0.008703591,0.6392245,2.2677834,-0.02821476,-0.03378276,-0.0018338348,2.3194308,1.3187,1.4833907,-0.0003936064,-0.0011665588
LGALS9B,1.4125849,-0.023292638,0.8017308,0.64857644,-0.020635482,-0.008703591,0.6392245,2.2677834,-0.02821476,-0.03378276,-0.0018338348,2.3194308,1.3187,1.4833907,-0.0003936064,-0.0011665588
LGR6,1.4125849,-0.023292638,0.8017308,0.64857644,-0.020635482,-0.008703591,0.6392245,2.2677834,-0.02821476,-0.03378276,-0.0018338348,2.3194308,1.3187,1.4833907,-0.0003936064,-0.0011665588
LHFPL1,1.4125849,-0.023292638,0.8017308,0.64857644,-0.020635482,-0.008703591,0.6392245,2.2677834,-0.02821476,-0.03378276,-0.0018338348,2.3194308,1.3187,1.4833907,-0.0003936064,-0.0011665588
LHX1-DT,1.4271156,-0.023392387,0.8295836,0.69112873,-0.020968633,-0.009397985,0.6499647,2.2774303,-0.027450422,-0.033606153,-0.0025052973,2.2597353,1.3681476,1.5032365,-0.00049101916,-0.0013785011
LIM2,1.4125849,-0.023292638,0.8017308,0.64857644,-0.020635482,-0.008703591,0.6392245,2.2677834,-0.02821476,-0.03378276,-0.0018338348,2.3194308,1.3187,1.4833907,-0.0003936064,-0.0011665588
LIMA1,1.4125849,-0.023292638,0.8017308,0.64857644,-0.020635482,-0.008703591,0.6392245,2.2677834,-0.02821476,-0.03378276,-0.0018338348,2.3194308,1.3187,1.4833907,-0.0003936064,-0.0011665588
LIME1,1.4125849,-0.023292638,0.8017308,0.64857644,-0.020635482,-0.008703591,0.6392245,2.2677834,-0.02821476,-0.03378276,-0.0018338348,2.3194308,1.3187,1.4833907,-0.0003936064,-0.0011665588
LIN7B,1.4125849,-0.023292638,0.8017308,0.64857644,-0.020635482,-0.008703591,0.6392245,2.2677834,-0.02821476,-0.03378276,-0.0018338348,2.3194308,1.3187,1.4833907,-0.0003936064,-0.0011665588
LINC00092,1.4125849,-0.023292638,0.8017308,0.64857644,-0.020635482,-0.008703591,0.6392245,2.2677834,-0.02821476,-0.03378276,-0.0018338348,2.3194308,1.3187,1.4833907,-0.0003936064,-0.0011665588
LINC00237,1.4125849,-0.023292638,0.8017308,0.64857644,-0.020635482,-0.008703591,0.6392245,2.2677834,-0.02821476,-0.03378276,-0.0018338348,2.3194308,1.3187,1.4833907,-0.0003936064,-0.0011665588
LINC00240,1.3990097,-0.024409989,0.6565998,0.71784043,-0.018224292,-0.010813156,0.78649265,2.1349409,-0.026574137,-0.031696294,-0.00041077577,2.0664485,1.2636955,1.4521892,0.017155461,-0.0031857484
LINC00243,1.3396465,-0.023580937,0.7509962,0.66734135,-0.020699682,-0.009167733,0.6626581,2.2878432,-0.02752281,-0.03304971,-0.0019281758,2.356728,1.3630004,1.5420486,-0.00024037166,-0.0012737679
LINC00299,1.4125849,-0.023292638,0.8017308,0.64857644,-0.020635482,-0.008703591,0.6392245,2.2677834,-0.02821476,-0.03378276,-0.0018338348,2.3194308,1.3187,1.4833907,-0.0003936064,-0.0011665588
LINC00323,1.4125849,-0.023292638,0.8017308,0.64857644,-0.020635482,-0.008703591,0.6392245,2.2677834,-0.02821476,-0.03378276,-0.0018338348,2.3194308,1.3187,1.4833907,-0.0003936064,-0.0011665588
LINC00390,1.4125849,-0.023292638,0.8017308,0.64857644,-0.020635482,-0.008703591,0.6392245,2.2677834,-0.02821476,-0.03378276,-0.0018338348,2.3194308,1.3187,1.4833907,-0.0003936064,-0.0011665588
LINC00402,1.4125849,-0.023292638,0.8017308,0.64857644,-0.020635482,-0.008703591,0.6392245,2.2677834,-0.02821476,-0.03378276,-0.0018338348,2.3194308,1.3187,1.4833907,-0.0003936064,-0.0011665588
LINC00461,1.492775,-0.023186313,0.95870185,0.5833332,-0.01813574,-0.010468844,0.6704174,2.3450425,-0.026279798,-0.033630207,-0.000938206,2.2868438,1.2921569,1.4577509,0.14635035,-0.002894342
LINC00469,1.4125849,-0.023292638,0.8017308,0.64857644,-0.020635482,-0.008703591,0.6392245,2.2677834,-0.02821476,-0.03378276,-0.0018338348,2.3194308,1.3187,1.4833907,-0.0003936064,-0.0011665588
LINC00471,1.41103,-0.02327839,0.8014369,0.6470954,-0.020652328,-0.008714188,0.6401549,2.265462,-0.028223475,-0.033767477,-0.0018437773,2.3199003,1.3163702,1.4821539,-0.0004132001,-0.0011554653
LINC00502,1.4125849,-0.023292638,0.8017308,0.64857644,-0.020635482,-0.008703591,0.6392245,2.2677834,-0.02821476,-0.03378276,-0.0018338348,2.3194308,1.3187,1.4833907,-0.0003936064,-0.0011665588
LINC00551,1.4125849,-0.023292638,0.8017308,0.64857644,-0.020635482,-0.008703591,0.6392245,2.2677834,-0.02821476,-0.03378276,-0.0018338348,2.3194308,1.3187,1.4833907,-0.0003936064,-0.0011665588
LINC00554,1.4125849,-0.023292638,0.8017308,0.64857644,-0.020635482,-0.008703591,0.6392245,2.2677834,-0.02821476,-0.03378276,-0.0018338348,2.3194308,1.3187,1.4833907,-0.0003936064,-0.0011665588
LINC00563,1.4125849,-0.023292638,0.8017308,0.64857644,-0.020635482,-0.008703591,0.6392245,2.2677834,-0.02821476,-0.03378276,-0.0018338348,2.3194308,1.3187,1.4833907,-0.0003936064,-0.0011665588
LINC00582,1.3396465,-0.023580937,0.7509962,0.66734135,-0.020699682,-0.009167733,0.6626581,2.2878432,-0.02752281,-0.03304971,-0.0019281758,2.356728,1.3630004,1.5420486,-0.00024037166,-0.0012737679
LINC00612,1.4888421,-0.019520069,0.5995763,0.706227,-0.018661655,-0.007817254,0.48694384,2.0320282,-0.025060697,-0.030242924,0.032263,2.138259,1.4176911,1.3404392,-0.0011982796,0.075745426
LINC00623,1.4125849,-0.023292638,0.8017308,0.64857644,-0.020635482,-0.008703591,0.6392245,2.2677834,-0.02821476,-0.03378276,-0.0018338348,2.3194308,1.3187,1.4833907,-0.0003936064,-0.0011665588
LINC00649,1.4125849,-0.023292638,0.8017308,0.64857644,-0.020635482,-0.008703591,0.6392245,2.2677834,-0.02821476,-0.03378276,-0.0018338348,2.3194308,1.3187,1.4833907,-0.0003936064,-0.0011665588
LINC00652,1.4104106,-0.023309104,0.79957646,0.64951706,-0.020605762,-0.008712372,0.6379734,2.2672656,-0.028188275,-0.03376633,-0.0018315454,2.3179383,1.3179502,1.4859527,-0.00037308782,-0.001148743
LINC00661,1.4125849,-0.023292638,0.8017308,0.64857644,-0.020635482,-0.008703591,0.6392245,2.2677834,-0.02821476,-0.03378276,-0.0018338348,2.3194308,1.3187,1.4833907,-0.0003936064,-0.0011665588
LINC00685,1.4125849,-0.023292638,0.8017308,0.64857644,-0.020635482,-0.008703591,0.6392245,2.2677834,-0.02821476,-0.03378276,-0.0018338348,2.3194308,1.3187,1.4833907,-0.0003936064,-0.0011665588
LINC00850,1.4125849,-0.023292638,0.8017308,0.64857644,-0.020635482,-0.008703591,0.6392245,2.2677834,-0.02821476,-0.03378276,-0.0018338348,2.3194308,1.3187,1.4833907,-0.0003936064,-0.0011665588
LINC00867,1.4125849,-0.023292638,0.8017308,0.64857644,-0.020635482,-0.008703591,0.6392245,2.2677834,-0.02821476,-0.03378276,-0.0018338348,2.3194308,1.3187,1.4833907,-0.0003936064,-0.0011665588
LINC00882,1.41103,-0.02327839,0.8014369,0.6470954,-0.020652328,-0.008714188,0.6401549,2.265462,-0.028223475,-0.033767477,-0.0018437773,2.3199003,1.3163702,1.4821539,-0.0004132001,-0.0011554653
LINC00926,1.4125849,-0.023292638,0.8017308,0.64857644,-0.020635482,-0.008703591,0.6392245,2.2677834,-0.02821476,-0.03378276,-0.0018338348,2.3194308,1.3187,1.4833907,-0.0003936064,-0.0011665588
LINC00944,1.4125849,-0.023292638,0.8017308,0.64857644,-0.020635482,-0.008703591,0.6392245,2.2677834,-0.02821476,-0.03378276,-0.0018338348,2.3194308,1.3187,1.4833907,-0.0003936064,-0.0011665588
LINC00970,1.4125849,-0.023292638,0.8017308,0.64857644,-0.020635482,-0.008703591,0.6392245,2.2677834,-0.02821476,-0.03378276,-0.0018338348,2.3194308,1.3187,1.4833907,-0.0003936064,-0.0011665588
LINC01004,1.4125849,-0.023292638,0.8017308,0.64857644,-0.020635482,-0.008703591,0.6392245,2.2677834,-0.02821476,-0.03378276,-0.0018338348,2.3194308,1.3187,1.4833907,-0.0003936064,-0.0011665588
LINC01033,1.4125849,-0.023292638,0.8017308,0.64857644,-0.020635482,-0.008703591,0.6392245,2.2677834,-0.02821476,-0.03378276,-0.0018338348,2.3194308,1.3187,1.4833907,-0.0003936064,-0.0011665588
LINC01063,1.4128786,-0.023291998,0.8022895,0.6483322,-0.020632925,-0.00869935,0.6393917,2.2664604,-0.02821781,-0.03377153,-0.0018395947,2.3200302,1.3189737,1.4830514,-0.00038116693,-0.001174243
LINC01077,1.4125849,-0.023292638,0.8017308,0.64857644,-0.020635482,-0.008703591,0.6392245,2.2677834,-0.02821476,-0.03378276,-0.0018338348,2.3194308,1.3187,1.4833907,-0.0003936064,-0.0011665588
LINC01135,1.4125849,-0.023292638,0.8017308,0.64857644,-0.020635482,-0.008703591,0.6392245,2.2677834,-0.02821476,-0.03378276,-0.0018338348,2.3194308,1.3187,1.4833907,-0.0003936064,-0.0011665588
LINC01151,1.4125849,-0.023292638,0.8017308,0.64857644,-0.020635482,-0.008703591,0.6392245,2.2677834,-0.02821476,-0.03378276,-0.0018338348,2.3194308,1.3187,1.4833907,-0.0003936064,-0.0011665588
LINC01232,1.4125849,-0.023292638,0.8017308,0.64857644,-0.020635482,-0.008703591,0.6392245,2.2677834,-0.02821476,-0.03378276,-0.0018338348,2.3194308,1.3187,1.4833907,-0.0003936064,-0.0011665588
LINC01237,1.4125849,-0.023292638,0.8017308,0.64857644,-0.020635482,-0.008703591,0.6392245,2.2677834,-0.02821476,-0.03378276,-0.0018338348,2.3194308,1.3187,1.4833907,-0.0003936064,-0.0011665588
LINC01278,1.4125849,-0.023292638,0.8017308,0.64857644,-0.020635482,-0.008703591,0.6392245,2.2677834,-0.02821476,-0.03378276,-0.0018338348,2.3194308,1.3187,1.4833907,-0.0003936064,-0.0011665588
LINC01315,1.4125849,-0.023292638,0.8017308,0.64857644,-0.020635482,-0.008703591,0.6392245,2.2677834,-0.02821476,-0.03378276,-0.0018338348,2.3194308,1.3187,1.4833907,-0.0003936064,-0.0011665588
LINC01381,1.4125849,-0.023292638,0.8017308,0.64857644,-0.020635482,-0.008703591,0.6392245,2.2677834,-0.02821476,-0.03378276,-0.0018338348,2.3194308,1.3187,1.4833907,-0.0003936064,-0.0011665588
LINC01413,1.4125849,-0.023292638,0.8017308,0.64857644,-0.020635482,-0.008703591,0.6392245,2.2677834,-0.02821476,-0.03378276,-0.0018338348,2.3194308,1.3187,1.4833907,-0.0003936064,-0.0011665588
LINC01426,1.4125849,-0.023292638,0.8017308,0.64857644,-0.020635482,-0.008703591,0.6392245,2.2677834,-0.02821476,-0.03378276,-0.0018338348,2.3194308,1.3187,1.4833907,-0.0003936064,-0.0011665588
LINC01431,1.4125849,-0.023292638,0.8017308,0.64857644,-0.020635482,-0.008703591,0.6392245,2.2677834,-0.02821476,-0.03378276,-0.0018338348,2.3194308,1.3187,1.4833907,-0.0003936064,-0.0011665588
LINC01524,1.4125849,-0.023292638,0.8017308,0.64857644,-0.020635482,-0.008703591,0.6392245,2.2677834,-0.02821476,-0.03378276,-0.0018338348,2.3194308,1.3187,1.4833907,-0.0003936064,-0.0011665588
LINC01550,1.4125849,-0.023292638,0.8017308,0.64857644,-0.020635482,-0.008703591,0.6392245,2.2677834,-0.02821476,-0.03378276,-0.0018338348,2.3194308,1.3187,1.4833907,-0.0003936064,-0.0011665588
LINC01585,1.4125849,-0.023292638,0.8017308,0.64857644,-0.020635482,-0.008703591,0.6392245,2.2677834,-0.02821476,-0.03378276,-0.0018338348,2.3194308,1.3187,1.4833907,-0.0003936064,-0.0011665588
LINC01588,1.4104106,-0.023309104,0.79957646,0.64951706,-0.020605762,-0.008712372,0.6379734,2.2672656,-0.028188275,-0.03376633,-0.0018315454,2.3179383,1.3179502,1.4859527,-0.00037308782,-0.001148743
LINC01679,1.4063948,-0.022367306,0.7271749,0.69755614,-0.021067811,-0.0090535795,0.5968012,2.2347817,-0.028394908,-0.034352824,-0.0025593417,2.348007,1.3284153,1.5106052,0.017504789,-0.0009885073
LINC01695,1.4125849,-0.023292638,0.8017308,0.64857644,-0.020635482,-0.008703591,0.6392245,2.2677834,-0.02821476,-0.03378276,-0.0018338348,2.3194308,1.3187,1.4833907,-0.0003936064,-0.0011665588
LINC01716,1.4125849,-0.023292638,0.8017308,0.64857644,-0.020635482,-0.008703591,0.6392245,2.2677834,-0.02821476,-0.03378276,-0.0018338348,2.3194308,1.3187,1.4833907,-0.0003936064,-0.0011665588
LINC01725,1.4128786,-0.023291998,0.8022895,0.6483322,-0.020632925,-0.00869935,0.6393917,2.2664604,-0.02821781,-0.03377153,-0.0018395947,2.3200302,1.3189737,1.4830514,-0.00038116693,-0.001174243
LINC01727,1.4125849,-0.023292638,0.8017308,0.64857644,-0.020635482,-0.008703591,0.6392245,2.2677834,-0.02821476,-0.03378276,-0.0018338348,2.3194308,1.3187,1.4833907,-0.0003936064,-0.0011665588
LINC01764,1.4125849,-0.023292638,0.8017308,0.64857644,-0.020635482,-0.008703591,0.6392245,2.2677834,-0.02821476,-0.03378276,-0.0018338348,2.3194308,1.3187,1.4833907,-0.0003936064,-0.0011665588
LINC01765,1.4125849,-0.023292638,0.8017308,0.64857644,-0.020635482,-0.008703591,0.6392245,2.2677834,-0.02821476,-0.03378276,-0.0018338348,2.3194308,1.3187,1.4833907,-0.0003936064,-0.0011665588
LINC01775,1.4125849,-0.023292638,0.8017308,0.64857644,-0.020635482,-0.008703591,0.6392245,2.2677834,-0.02821476,-0.03378276,-0.0018338348,2.3194308,1.3187,1.4833907,-0.0003936064,-0.0011665588
LINC01778,1.41103,-0.02327839,0.8014369,0.6470954,-0.020652328,-0.008714188,0.6401549,2.265462,-0.028223475,-0.033767477,-0.0018437773,2.3199003,1.3163702,1.4821539,-0.0004132001,-0.0011554653
LINC01780,1.4012469,-0.023200698,0.8177106,0.66221416,-0.020660646,-0.008795722,0.6483879,2.2673604,-0.028187595,-0.033784505,-0.0018746037,2.2989755,1.2971774,1.4900368,-0.00041457056,-0.0013077301
LINC01792,1.4125849,-0.023292638,0.8017308,0.64857644,-0.020635482,-0.008703591,0.6392245,2.2677834,-0.02821476,-0.03378276,-0.0018338348,2.3194308,1.3187,1.4833907,-0.0003936064,-0.0011665588
LINC01805,1.4125849,-0.023292638,0.8017308,0.64857644,-0.020635482,-0.008703591,0.6392245,2.2677834,-0.02821476,-0.03378276,-0.0018338348,2.3194308,1.3187,1.4833907,-0.0003936064,-0.0011665588
LINC01816,1.4063948,-0.022367306,0.7271749,0.69755614,-0.021067811,-0.0090535795,0.5968012,2.2347817,-0.028394908,-0.034352824,-0.0025593417,2.348007,1.3284153,1.5106052,0.017504789,-0.0009885073
LINC01825,1.4125849,-0.023292638,0.8017308,0.64857644,-0.020635482,-0.008703591,0.6392245,2.2677834,-0.02821476,-0.03378276,-0.0018338348,2.3194308,1.3187,1.4833907,-0.0003936064,-0.0011665588
LINC01829,1.4125849,-0.023292638,0.8017308,0.64857644,-0.020635482,-0.008703591,0.6392245,2.2677834,-0.02821476,-0.03378276,-0.0018338348,2.3194308,1.3187,1.4833907,-0.0003936064,-0.0011665588
LINC01841,1.3713119,-0.023144523,0.76208276,0.50229675,-0.021301027,-0.0083582895,0.6364687,2.2290578,-0.026877532,-0.032733083,-0.0015957846,2.3572013,1.2154859,1.3968687,0.027677804,-5.8941616e-05
LINC01843,1.4125849,-0.023292638,0.8017308,0.64857644,-0.020635482,-0.008703591,0.6392245,2.2677834,-0.02821476,-0.03378276,-0.0018338348,2.3194308,1.3187,1.4833907,-0.0003936064,-0.0011665588
LINC01857,1.4125849,-0.023292638,0.8017308,0.64857644,-0.020635482,-0.008703591,0.6392245,2.2677834,-0.02821476,-0.03378276,-0.0018338348,2.3194308,1.3187,1.4833907,-0.0003936064,-0.0011665588
LINC01865,1.4858432,-0.023543715,0.7068908,0.55857843,-0.018806776,-0.0072389976,0.6906159,2.0854418,-0.027196279,-0.032130525,-0.002061214,2.150608,1.1790088,1.3634757,-0.0020589253,-0.0013641614
LINC01870,1.4888421,-0.019520069,0.5995763,0.706227,-0.018661655,-0.007817254,0.48694384,2.0320282,-0.025060697,-0.030242924,0.032263,2.138259,1.4176911,1.3404392,-0.0011982796,0.075745426
LINC01871,1.341615,-0.023524133,0.81807286,0.63170266,-0.019818472,-0.008723032,0.6229923,2.2128026,-0.028302183,-0.03313144,-0.0025555568,2.2256222,1.367491,1.4789721,-0.001114267,-0.0012814783
LINC01872,1.4125849,-0.023292638,0.8017308,0.64857644,-0.020635482,-0.008703591,0.6392245,2.2677834,-0.02821476,-0.03378276,-0.0018338348,2.3194308,1.3187,1.4833907,-0.0003936064,-0.0011665588
LINC01876,1.4125849,-0.023292638,0.8017308,0.64857644,-0.020635482,-0.008703591,0.6392245,2.2677834,-0.02821476,-0.03378276,-0.0018338348,2.3194308,1.3187,1.4833907,-0.0003936064,-0.0011665588
LINC01887,1.4125849,-0.023292638,0.8017308,0.64857644,-0.020635482,-0.008703591,0.6392245,2.2677834,-0.02821476,-0.03378276,-0.0018338348,2.3194308,1.3187,1.4833907,-0.0003936064,-0.0011665588
LINC01891,1.4125849,-0.023292638,0.8017308,0.64857644,-0.020635482,-0.008703591,0.6392245,2.2677834,-0.02821476,-0.03378276,-0.0018338348,2.3194308,1.3187,1.4833907,-0.0003936064,-0.0011665588
LINC01895,1.4125849,-0.023292638,0.8017308,0.64857644,-0.020635482,-0.008703591,0.6392245,2.2677834,-0.02821476,-0.03378276,-0.0018338348,2.3194308,1.3187,1.4833907,-0.0003936064,-0.0011665588
LINC01964,1.4125849,-0.023292638,0.8017308,0.64857644,-0.020635482,-0.008703591,0.6392245,2.2677834,-0.02821476,-0.03378276,-0.0018338348,2.3194308,1.3187,1.4833907,-0.0003936064,-0.0011665588
LINC01970,1.4125849,-0.023292638,0.8017308,0.64857644,-0.020635482,-0.008703591,0.6392245,2.2677834,-0.02821476,-0.03378276,-0.0018338348,2.3194308,1.3187,1.4833907,-0.0003936064,-0.0011665588
LINC01973,1.4125849,-0.023292638,0.8017308,0.64857644,-0.020635482,-0.008703591,0.6392245,2.2677834,-0.02821476,-0.03378276,-0.0018338348,2.3194308,1.3187,1.4833907,-0.0003936064,-0.0011665588
LINC01983,1.4125849,-0.023292638,0.8017308,0.64857644,-0.020635482,-0.008703591,0.6392245,2.2677834,-0.02821476,-0.03378276,-0.0018338348,2.3194308,1.3187,1.4833907,-0.0003936064,-0.0011665588
LINC01985,1.4125849,-0.023292638,0.8017308,0.64857644,-0.020635482,-0.008703591,0.6392245,2.2677834,-0.02821476,-0.03378276,-0.0018338348,2.3194308,1.3187,1.4833907,-0.0003936064,-0.0011665588
LINC01986,1.4125849,-0.023292638,0.8017308,0.64857644,-0.020635482,-0.008703591,0.6392245,2.2677834,-0.02821476,-0.03378276,-0.0018338348,2.3194308,1.3187,1.4833907,-0.0003936064,-0.0011665588
LINC01991,1.4125849,-0.023292638,0.8017308,0.64857644,-0.020635482,-0.008703591,0.6392245,2.2677834,-0.02821476,-0.03378276,-0.0018338348,2.3194308,1.3187,1.4833907,-0.0003936064,-0.0011665588
LINC02022,1.126832,-0.02010549,0.6344025,0.689811,-0.02070656,-0.005213176,0.2975413,1.9111812,-0.030000385,-0.02916305,-0.004811839,2.3534868,1.348174,1.128421,0.09913291,0.055902623
LINC02029,1.4125849,-0.023292638,0.8017308,0.64857644,-0.020635482,-0.008703591,0.6392245,2.2677834,-0.02821476,-0.03378276,-0.0018338348,2.3194308,1.3187,1.4833907,-0.0003936064,-0.0011665588
LINC02042,1.4105314,-0.02325152,0.7991245,0.64747995,-0.02061072,-0.008690771,0.636172,2.2631497,-0.028197767,-0.033744883,-0.0018489436,2.318945,1.3171363,1.4813086,-0.00036405234,-0.0011508906
LINC02084,1.4128786,-0.023291998,0.8022895,0.6483322,-0.020632925,-0.00869935,0.6393917,2.2664604,-0.02821781,-0.03377153,-0.0018395947,2.3200302,1.3189737,1.4830514,-0.00038116693,-0.001174243
LINC02125,1.4125849,-0.023292638,0.8017308,0.64857644,-0.020635482,-0.008703591,0.6392245,2.2677834,-0.02821476,-0.03378276,-0.0018338348,2.3194308,1.3187,1.4833907,-0.0003936064,-0.0011665588
LINC02129,1.4125849,-0.023292638,0.8017308,0.64857644,-0.020635482,-0.008703591,0.6392245,2.2677834,-0.02821476,-0.03378276,-0.0018338348,2.3194308,1.3187,1.4833907,-0.0003936064,-0.0011665588
LINC02132,1.4125849,-0.023292638,0.8017308,0.64857644,-0.020635482,-0.008703591,0.6392245,2.2677834,-0.02821476,-0.03378276,-0.0018338348,2.3194308,1.3187,1.4833907,-0.0003936064,-0.0011665588
LINC02136,1.4125849,-0.023292638,0.8017308,0.64857644,-0.020635482,-0.008703591,0.6392245,2.2677834,-0.02821476,-0.03378276,-0.0018338348,2.3194308,1.3187,1.4833907,-0.0003936064,-0.0011665588
LINC02175,1.4257208,-0.020498574,0.7843302,0.8327015,-0.017688166,-0.0056659756,0.40663305,2.18491,-0.024219073,-0.03131682,-0.00043343223,2.081935,1.0538237,1.4636254,-0.0024027827,0.073803805
LINC02197,1.4125849,-0.023292638,0.8017308,0.64857644,-0.020635482,-0.008703591,0.6392245,2.2677834,-0.02821476,-0.03378276,-0.0018338348,2.3194308,1.3187,1.4833907,-0.0003936064,-0.0011665588
LINC02265,1.4125849,-0.023292638,0.8017308,0.64857644,-0.020635482,-0.008703591,0.6392245,2.2677834,-0.02821476,-0.03378276,-0.0018338348,2.3194308,1.3187,1.4833907,-0.0003936064,-0.0011665588
LINC02273,1.4125849,-0.023292638,0.8017308,0.64857644,-0.020635482,-0.008703591,0.6392245,2.2677834,-0.02821476,-0.03378276,-0.0018338348,2.3194308,1.3187,1.4833907,-0.0003936064,-0.0011665588
LINC02288,1.4125849,-0.023292638,0.8017308,0.64857644,-0.020635482,-0.008703591,0.6392245,2.2677834,-0.02821476,-0.03378276,-0.0018338348,2.3194308,1.3187,1.4833907,-0.0003936064,-0.0011665588
LINC02299,1.4125849,-0.023292638,0.8017308,0.64857644,-0.020635482,-0.008703591,0.6392245,2.2677834,-0.02821476,-0.03378276,-0.0018338348,2.3194308,1.3187,1.4833907,-0.0003936064,-0.0011665588
LINC02320,1.4125849,-0.023292638,0.8017308,0.64857644,-0.020635482,-0.008703591,0.6392245,2.2677834,-0.02821476,-0.03378276,-0.0018338348,2.3194308,1.3187,1.4833907,-0.0003936064,-0.0011665588
LINC02321,1.4125849,-0.023292638,0.8017308,0.64857644,-0.020635482,-0.008703591,0.6392245,2.2677834,-0.02821476,-0.03378276,-0.0018338348,2.3194308,1.3187,1.4833907,-0.0003936064,-0.0011665588
LINC02323,1.4125849,-0.023292638,0.8017308,0.64857644,-0.020635482,-0.008703591,0.6392245,2.2677834,-0.02821476,-0.03378276,-0.0018338348,2.3194308,1.3187,1.4833907,-0.0003936064,-0.0011665588
LINC02336,1.4125849,-0.023292638,0.8017308,0.64857644,-0.020635482,-0.008703591,0.6392245,2.2677834,-0.02821476,-0.03378276,-0.0018338348,2.3194308,1.3187,1.4833907,-0.0003936064,-0.0011665588
LINC02399,1.4125849,-0.023292638,0.8017308,0.64857644,-0.020635482,-0.008703591,0.6392245,2.2677834,-0.02821476,-0.03378276,-0.0018338348,2.3194308,1.3187,1.4833907,-0.0003936064,-0.0011665588
LINC02404,1.4125849,-0.023292638,0.8017308,0.64857644,-0.020635482,-0.008703591,0.6392245,2.2677834,-0.02821476,-0.03378276,-0.0018338348,2.3194308,1.3187,1.4833907,-0.0003936064,-0.0011665588
LINC02426,1.4125849,-0.023292638,0.8017308,0.64857644,-0.020635482,-0.008703591,0.6392245,2.2677834,-0.02821476,-0.03378276,-0.0018338348,2.3194308,1.3187,1.4833907,-0.0003936064,-0.0011665588
LINC02442,1.4125849,-0.023292638,0.8017308,0.64857644,-0.020635482,-0.008703591,0.6392245,2.2677834,-0.02821476,-0.03378276,-0.0018338348,2.3194308,1.3187,1.4833907,-0.0003936064,-0.0011665588
LINC02446,1.4125849,-0.023292638,0.8017308,0.64857644,-0.020635482,-0.008703591,0.6392245,2.2677834,-0.02821476,-0.03378276,-0.0018338348,2.3194308,1.3187,1.4833907,-0.0003936064,-0.0011665588
LINC02447,1.3652904,-0.022982465,0.74883455,0.5799632,-0.020713909,-0.0089688385,0.6520258,2.2598364,-0.027539706,-0.03332276,-0.0016806397,2.3615706,1.3598664,1.4768136,-0.00013004898,-0.0010180708
LINC02452,1.4125849,-0.023292638,0.8017308,0.64857644,-0.020635482,-0.008703591,0.6392245,2.2677834,-0.02821476,-0.03378276,-0.0018338348,2.3194308,1.3187,1.4833907,-0.0003936064,-0.0011665588
LINC02455,1.4125849,-0.023292638,0.8017308,0.64857644,-0.020635482,-0.008703591,0.6392245,2.2677834,-0.02821476,-0.03378276,-0.0018338348,2.3194308,1.3187,1.4833907,-0.0003936064,-0.0011665588
LINC02520,1.4125849,-0.023292638,0.8017308,0.64857644,-0.020635482,-0.008703591,0.6392245,2.2677834,-0.02821476,-0.03378276,-0.0018338348,2.3194308,1.3187,1.4833907,-0.0003936064,-0.0011665588
LINC02558,1.4125849,-0.023292638,0.8017308,0.64857644,-0.020635482,-0.008703591,0.6392245,2.2677834,-0.02821476,-0.03378276,-0.0018338348,2.3194308,1.3187,1.4833907,-0.0003936064,-0.0011665588
LINC02561,1.4125849,-0.023292638,0.8017308,0.64857644,-0.020635482,-0.008703591,0.6392245,2.2677834,-0.02821476,-0.03378276,-0.0018338348,2.3194308,1.3187,1.4833907,-0.0003936064,-0.0011665588
LINC02569,1.4125849,-0.023292638,0.8017308,0.64857644,-0.020635482,-0.008703591,0.6392245,2.2677834,-0.02821476,-0.03378276,-0.0018338348,2.3194308,1.3187,1.4833907,-0.0003936064,-0.0011665588
LINC02580,1.4257208,-0.020498574,0.7843302,0.8327015,-0.017688166,-0.0056659756,0.40663305,2.18491,-0.024219073,-0.03131682,-0.00043343223,2.081935,1.0538237,1.4636254,-0.0024027827,0.073803805
LINC02685,1.4125849,-0.023292638,0.8017308,0.64857644,-0.020635482,-0.008703591,0.6392245,2.2677834,-0.02821476,-0.03378276,-0.0018338348,2.3194308,1.3187,1.4833907,-0.0003936064,-0.0011665588
LINC02694,1.4125849,-0.023292638,0.8017308,0.64857644,-0.020635482,-0.008703591,0.6392245,2.2677834,-0.02821476,-0.03378276,-0.0018338348,2.3194308,1.3187,1.4833907,-0.0003936064,-0.0011665588
LINC02695,1.4125849,-0.023292638,0.8017308,0.64857644,-0.020635482,-0.008703591,0.6392245,2.2677834,-0.02821476,-0.03378276,-0.0018338348,2.3194308,1.3187,1.4833907,-0.0003936064,-0.0011665588
LINC02696,1.4125849,-0.023292638,0.8017308,0.64857644,-0.020635482,-0.008703591,0.6392245,2.2677834,-0.02821476,-0.03378276,-0.0018338348,2.3194308,1.3187,1.4833907,-0.0003936064,-0.0011665588
LINC02725,1.4128786,-0.023291998,0.8022895,0.6483322,-0.020632925,-0.00869935,0.6393917,2.2664604,-0.02821781,-0.03377153,-0.0018395947,2.3200302,1.3189737,1.4830514,-0.00038116693,-0.001174243
LINC02730,1.4125849,-0.023292638,0.8017308,0.64857644,-0.020635482,-0.008703591,0.6392245,2.2677834,-0.02821476,-0.03378276,-0.0018338348,2.3194308,1.3187,1.4833907,-0.0003936064,-0.0011665588
LINC02761,1.4125849,-0.023292638,0.8017308,0.64857644,-0.020635482,-0.008703591,0.6392245,2.2677834,-0.02821476,-0.03378276,-0.0018338348,2.3194308,1.3187,1.4833907,-0.0003936064,-0.0011665588
LINC02768,1.4125849,-0.023292638,0.8017308,0.64857644,-0.020635482,-0.008703591,0.6392245,2.2677834,-0.02821476,-0.03378276,-0.0018338348,2.3194308,1.3187,1.4833907,-0.0003936064,-0.0011665588
LINC02774,1.4125849,-0.023292638,0.8017308,0.64857644,-0.020635482,-0.008703591,0.6392245,2.2677834,-0.02821476,-0.03378276,-0.0018338348,2.3194308,1.3187,1.4833907,-0.0003936064,-0.0011665588
LINC02828,1.4125849,-0.023292638,0.8017308,0.64857644,-0.020635482,-0.008703591,0.6392245,2.2677834,-0.02821476,-0.03378276,-0.0018338348,2.3194308,1.3187,1.4833907,-0.0003936064,-0.0011665588
LINC02851,1.3721014,-0.020222288,0.8290009,0.42491955,-0.020895863,-0.006715822,0.8264154,2.05837,-0.025780298,-0.030049132,-0.0008473828,2.1059058,1.2954988,1.2579331,0.08918674,-0.0007479474
LINGO2,1.4125849,-0.023292638,0.8017308,0.64857644,-0.020635482,-0.008703591,0.6392245,2.2677834,-0.02821476,-0.03378276,-0.0018338348,2.3194308,1.3187,1.4833907,-0.0003936064,-0.0011665588
LINGO4,1.4125849,-0.023292638,0.8017308,0.64857644,-0.020635482,-0.008703591,0.6392245,2.2677834,-0.02821476,-0.03378276,-0.0018338348,2.3194308,1.3187,1.4833907,-0.0003936064,-0.0011665588
LIPC,1.4125849,-0.023292638,0.8017308,0.64857644,-0.020635482,-0.008703591,0.6392245,2.2677834,-0.02821476,-0.03378276,-0.0018338348,2.3194308,1.3187,1.4833907,-0.0003936064,-0.0011665588
LIX1-AS1,1.4125849,-0.023292638,0.8017308,0.64857644,-0.020635482,-0.008703591,0.6392245,2.2677834,-0.02821476,-0.03378276,-0.0018338348,2.3194308,1.3187,1.4833907,-0.0003936064,-0.0011665588
LLGL2,1.4125849,-0.023292638,0.8017308,0.64857644,-0.020635482,-0.008703591,0.6392245,2.2677834,-0.02821476,-0.03378276,-0.0018338348,2.3194308,1.3187,1.4833907,-0.0003936064,-0.0011665588
LMTK3,1.4125849,-0.023292638,0.8017308,0.64857644,-0.020635482,-0.008703591,0.6392245,2.2677834,-0.02821476,-0.03378276,-0.0018338348,2.3194308,1.3187,1.4833907,-0.0003936064,-0.0011665588
LNCTAM34A,1.4125849,-0.023292638,0.8017308,0.64857644,-0.020635482,-0.008703591,0.6392245,2.2677834,-0.02821476,-0.03378276,-0.0018338348,2.3194308,1.3187,1.4833907,-0.0003936064,-0.0011665588
LPAR3,1.4125849,-0.023292638,0.8017308,0.64857644,-0.020635482,-0.008703591,0.6392245,2.2677834,-0.02821476,-0.03378276,-0.0018338348,2.3194308,1.3187,1.4833907,-0.0003936064,-0.0011665588
LPGAT1-AS1,1.41103,-0.02327839,0.8014369,0.6470954,-0.020652328,-0.008714188,0.6401549,2.265462,-0.028223475,-0.033767477,-0.0018437773,2.3199003,1.3163702,1.4821539,-0.0004132001,-0.0011554653
LRAT,1.1812887,-0.023372626,0.8682128,0.45242098,-0.020422827,-0.0074654743,0.6558222,2.0148993,-0.02575761,-0.0312421,-0.003208672,2.1666298,1.2662375,1.4029402,-0.0017618241,-0.002379772
LRFN2,1.4125849,-0.023292638,0.8017308,0.64857644,-0.020635482,-0.008703591,0.6392245,2.2677834,-0.02821476,-0.03378276,-0.0018338348,2.3194308,1.3187,1.4833907,-0.0003936064,-0.0011665588
LRIF1,1.4015406,-0.023200056,0.81826925,0.66196984,-0.020658089,-0.00879148,0.6485551,2.2660375,-0.028190646,-0.033773273,-0.0018803637,2.2995749,1.2974511,1.4896976,-0.00040213106,-0.0013154143
LRIG1,1.4123738,-0.02328774,0.80262357,0.6487583,-0.020633606,-0.008713098,0.6401319,2.2666583,-0.028221542,-0.033781063,-0.001831303,2.318974,1.3176168,1.4840212,-0.0003836432,-0.0011672133
LRMDA,1.4125849,-0.023292638,0.8017308,0.64857644,-0.020635482,-0.008703591,0.6392245,2.2677834,-0.02821476,-0.03378276,-0.0018338348,2.3194308,1.3187,1.4833907,-0.0003936064,-0.0011665588
LRP1B,1.4125849,-0.023292638,0.8017308,0.64857644,-0.020635482,-0.008703591,0.6392245,2.2677834,-0.02821476,-0.03378276,-0.0018338348,2.3194308,1.3187,1.4833907,-0.0003936064,-0.0011665588
LRP2,1.4125849,-0.023292638,0.8017308,0.64857644,-0.020635482,-0.008703591,0.6392245,2.2677834,-0.02821476,-0.03378276,-0.0018338348,2.3194308,1.3187,1.4833907,-0.0003936064,-0.0011665588
LRP5,1.4125849,-0.023292638,0.8017308,0.64857644,-0.020635482,-0.008703591,0.6392245,2.2677834,-0.02821476,-0.03378276,-0.0018338348,2.3194308,1.3187,1.4833907,-0.0003936064,-0.0011665588
LRP6,1.4125849,-0.023292638,0.8017308,0.64857644,-0.020635482,-0.008703591,0.6392245,2.2677834,-0.02821476,-0.03378276,-0.0018338348,2.3194308,1.3187,1.4833907,-0.0003936064,-0.0011665588
LRRC14B,1.4125849,-0.023292638,0.8017308,0.64857644,-0.020635482,-0.008703591,0.6392245,2.2677834,-0.02821476,-0.03378276,-0.0018338348,2.3194308,1.3187,1.4833907,-0.0003936064,-0.0011665588
LRRC63,1.4125849,-0.023292638,0.8017308,0.64857644,-0.020635482,-0.008703591,0.6392245,2.2677834,-0.02821476,-0.03378276,-0.0018338348,2.3194308,1.3187,1.4833907,-0.0003936064,-0.0011665588
LRRC9,0.84639573,-0.018838307,0.75011086,0.13140972,-0.018431362,-0.010100438,0.6792216,2.0285668,-0.023178607,-0.02809504,-0.0007654804,1.8435819,1.1105574,1.3355336,0.13505079,0.0041726455
LRRCC1,1.4125849,-0.023292638,0.8017308,0.64857644,-0.020635482,-0.008703591,0.6392245,2.2677834,-0.02821476,-0.03378276,-0.0018338348,2.3194308,1.3187,1.4833907,-0.0003936064,-0.0011665588
LRRIQ3,1.4125849,-0.023292638,0.8017308,0.64857644,-0.020635482,-0.008703591,0.6392245,2.2677834,-0.02821476,-0.03378276,-0.0018338348,2.3194308,1.3187,1.4833907,-0.0003936064,-0.0011665588
LRRN1,1.4125849,-0.023292638,0.8017308,0.64857644,-0.020635482,-0.008703591,0.6392245,2.2677834,-0.02821476,-0.03378276,-0.0018338348,2.3194308,1.3187,1.4833907,-0.0003936064,-0.0011665588
LRRN3,1.4858432,-0.023543715,0.7068908,0.55857843,-0.018806776,-0.0072389976,0.6906159,2.0854418,-0.027196279,-0.032130525,-0.002061214,2.150608,1.1790088,1.3634757,-0.0020589253,-0.0013641614
LRTM1,1.4858432,-0.023543715,0.7068908,0.55857843,-0.018806776,-0.0072389976,0.6906159,2.0854418,-0.027196279,-0.032130525,-0.002061214,2.150608,1.1790088,1.3634757,-0.0020589253,-0.0013641614
LSR,1.4125849,-0.023292638,0.8017308,0.64857644,-0.020635482,-0.008703591,0.6392245,2.2677834,-0.02821476,-0.03378276,-0.0018338348,2.3194308,1.3187,1.4833907,-0.0003936064,-0.0011665588
LTBP1,1.4125849,-0.023292638,0.8017308,0.64857644,-0.020635482,-0.008703591,0.6392245,2.2677834,-0.02821476,-0.03378276,-0.0018338348,2.3194308,1.3187,1.4833907,-0.0003936064,-0.0011665588
LTBP3,1.4125849,-0.023292638,0.8017308,0.64857644,-0.020635482,-0.008703591,0.6392245,2.2677834,-0.02821476,-0.03378276,-0.0018338348,2.3194308,1.3187,1.4833907,-0.0003936064,-0.0011665588
LTBP4,1.4125849,-0.023292638,0.8017308,0.64857644,-0.020635482,-0.008703591,0.6392245,2.2677834,-0.02821476,-0.03378276,-0.0018338348,2.3194308,1.3187,1.4833907,-0.0003936064,-0.0011665588
LURAP1,1.4125849,-0.023292638,0.8017308,0.64857644,-0.020635482,-0.008703591,0.6392245,2.2677834,-0.02821476,-0.03378276,-0.0018338348,2.3194308,1.3187,1.4833907,-0.0003936064,-0.0011665588
LY6E-DT,1.4104106,-0.023309104,0.79957646,0.64951706,-0.020605762,-0.008712372,0.6379734,2.2672656,-0.028188275,-0.03376633,-0.0018315454,2.3179383,1.3179502,1.4859527,-0.00037308782,-0.001148743
LY9,1.4125849,-0.023292638,0.8017308,0.64857644,-0.020635482,-0.008703591,0.6392245,2.2677834,-0.02821476,-0.03378276,-0.0018338348,2.3194308,1.3187,1.4833907,-0.0003936064,-0.0011665588
LZTS1,1.4125849,-0.023292638,0.8017308,0.64857644,-0.020635482,-0.008703591,0.6392245,2.2677834,-0.02821476,-0.03378276,-0.0018338348,2.3194308,1.3187,1.4833907,-0.0003936064,-0.0011665588
MADCAM1,1.4125849,-0.023292638,0.8017308,0.64857644,-0.020635482,-0.008703591,0.6392245,2.2677834,-0.02821476,-0.03378276,-0.0018338348,2.3194308,1.3187,1.4833907,-0.0003936064,-0.0011665588
MAF,1.4119402,-0.023287145,0.80123776,0.64802384,-0.020629754,-0.008701521,0.6391705,2.2672544,-0.028204247,-0.03377123,-0.0018239487,2.318873,1.3180033,1.4826823,-0.000389252,-0.0011607715
MAFA,1.4125849,-0.023292638,0.8017308,0.64857644,-0.020635482,-0.008703591,0.6392245,2.2677834,-0.02821476,-0.03378276,-0.0018338348,2.3194308,1.3187,1.4833907,-0.0003936064,-0.0011665588
MAGED1,1.5769742,-0.020328498,0.8319826,0.7776147,-0.01719831,-0.008148436,0.5030598,2.086338,-0.02695527,-0.030278891,-0.0016886427,2.1880767,1.0096258,1.562811,-0.0010663957,-0.0016408634
MAGI3,1.341615,-0.023524133,0.81807286,0.63170266,-0.019818472,-0.008723032,0.6229923,2.2128026,-0.028302183,-0.03313144,-0.0025555568,2.2256222,1.367491,1.4789721,-0.001114267,-0.0012814783
MAGIX,1.5046868,-0.021733219,0.8811911,0.7689369,-0.01877653,-0.009070712,0.5666421,2.1968246,-0.028077228,-0.031377513,-0.0031115457,2.233477,1.2062994,1.5893044,-0.0007109964,-0.0024455206
MAL,1.4125849,-0.023292638,0.8017308,0.64857644,-0.020635482,-0.008703591,0.6392245,2.2677834,-0.02821476,-0.03378276,-0.0018338348,2.3194308,1.3187,1.4833907,-0.0003936064,-0.0011665588
MAML3,1.4121956,-0.0232928,0.8024285,0.64799565,-0.020630991,-0.008695753,0.6389291,2.2674978,-0.028209936,-0.033783376,-0.0018392464,2.3199787,1.3190559,1.4839792,-0.00039519905,-0.0011674433
MAMLD1,1.4125849,-0.023292638,0.8017308,0.64857644,-0.020635482,-0.008703591,0.6392245,2.2677834,-0.02821476,-0.03378276,-0.0018338348,2.3194308,1.3187,1.4833907,-0.0003936064,-0.0011665588
MAMSTR,1.4125849,-0.023292638,0.8017308,0.64857644,-0.020635482,-0.008703591,0.6392245,2.2677834,-0.02821476,-0.03378276,-0.0018338348,2.3194308,1.3187,1.4833907,-0.0003936064,-0.0011665588
MAN1B1-DT,1.4125849,-0.023292638,0.8017308,0.64857644,-0.020635482,-0.008703591,0.6392245,2.2677834,-0.02821476,-0.03378276,-0.0018338348,2.3194308,1.3187,1.4833907,-0.0003936064,-0.0011665588
MAN1C1,1.4125849,-0.023292638,0.8017308,0.64857644,-0.020635482,-0.008703591,0.6392245,2.2677834,-0.02821476,-0.03378276,-0.0018338348,2.3194308,1.3187,1.4833907,-0.0003936064,-0.0011665588
MANEAL,1.4125849,-0.023292638,0.8017308,0.64857644,-0.020635482,-0.008703591,0.6392245,2.2677834,-0.02821476,-0.03378276,-0.0018338348,2.3194308,1.3187,1.4833907,-0.0003936064,-0.0011665588
MAP1LC3A,1.1812887,-0.023372626,0.8682128,0.45242098,-0.020422827,-0.0074654743,0.6558222,2.0148993,-0.02575761,-0.0312421,-0.003208672,2.1666298,1.2662375,1.4029402,-0.0017618241,-0.002379772
MAP2K6,1.341615,-0.023524133,0.81807286,0.63170266,-0.019818472,-0.008723032,0.6229923,2.2128026,-0.028302183,-0.03313144,-0.0025555568,2.2256222,1.367491,1.4789721,-0.001114267,-0.0012814783
MAP3K14,1.4848722,-0.021887915,0.75252235,0.6572543,-0.01905726,-0.007781316,0.5756423,2.1572971,-0.027092801,-0.03268414,-0.00041093177,2.2740304,1.1220263,1.4568973,-0.00074900565,-0.00036190182
MAP4K1,1.4012469,-0.023200698,0.8177106,0.66221416,-0.020660646,-0.008795722,0.6483879,2.2673604,-0.028187595,-0.033784505,-0.0018746037,2.2989755,1.2971774,1.4900368,-0.00041457056,-0.0013077301
MAP4K2,1.4125849,-0.023292638,0.8017308,0.64857644,-0.020635482,-0.008703591,0.6392245,2.2677834,-0.02821476,-0.03378276,-0.0018338348,2.3194308,1.3187,1.4833907,-0.0003936064,-0.0011665588
MAP4K5,1.371523,-0.023149423,0.76118994,0.5021149,-0.021302905,-0.008348783,0.63556135,2.2301831,-0.026870748,-0.03273478,-0.0015983166,2.357658,1.2165691,1.3962382,0.026681513,-5.8287158e-05
MAP9,1.4125849,-0.023292638,0.8017308,0.64857644,-0.020635482,-0.008703591,0.6392245,2.2677834,-0.02821476,-0.03378276,-0.0018338348,2.3194308,1.3187,1.4833907,-0.0003936064,-0.0011665588
MAPK12,1.4125849,-0.023292638,0.8017308,0.64857644,-0.020635482,-0.008703591,0.6392245,2.2677834,-0.02821476,-0.03378276,-0.0018338348,2.3194308,1.3187,1.4833907,-0.0003936064,-0.0011665588
MAPK4,1.4888421,-0.019520069,0.5995763,0.706227,-0.018661655,-0.007817254,0.48694384,2.0320282,-0.025060697,-0.030242924,0.032263,2.138259,1.4176911,1.3404392,-0.0011982796,0.075745426
MAST1,1.4125849,-0.023292638,0.8017308,0.64857644,-0.020635482,-0.008703591,0.6392245,2.2677834,-0.02821476,-0.03378276,-0.0018338348,2.3194308,1.3187,1.4833907,-0.0003936064,-0.0011665588
MAST4,1.4125849,-0.023292638,0.8017308,0.64857644,-0.020635482,-0.008703591,0.6392245,2.2677834,-0.02821476,-0.03378276,-0.0018338348,2.3194308,1.3187,1.4833907,-0.0003936064,-0.0011665588
MAST4-AS1,1.4125849,-0.023292638,0.8017308,0.64857644,-0.020635482,-0.008703591,0.6392245,2.2677834,-0.02821476,-0.03378276,-0.0018338348,2.3194308,1.3187,1.4833907,-0.0003936064,-0.0011665588
MATK,1.4271156,-0.023392387,0.8295836,0.69112873,-0.020968633,-0.009397985,0.6499647,2.2774303,-0.027450422,-0.033606153,-0.0025052973,2.2597353,1.3681476,1.5032365,-0.00049101916,-0.0013785011
MATN1,1.4125849,-0.023292638,0.8017308,0.64857644,-0.020635482,-0.008703591,0.6392245,2.2677834,-0.02821476,-0.03378276,-0.0018338348,2.3194308,1.3187,1.4833907,-0.0003936064,-0.0011665588
MBNL3,1.3946742,-0.022655874,0.6661938,0.64601344,-0.019384641,-0.008034056,0.6784773,2.2764227,-0.027240228,-0.03443405,-0.0026611283,2.1614032,1.1651657,1.4507954,-0.0009890946,-0.0018357891
MC1R,1.4125849,-0.023292638,0.8017308,0.64857644,-0.020635482,-0.008703591,0.6392245,2.2677834,-0.02821476,-0.03378276,-0.0018338348,2.3194308,1.3187,1.4833907,-0.0003936064,-0.0011665588
MCF2L,1.4858432,-0.023543715,0.7068908,0.55857843,-0.018806776,-0.0072389976,0.6906159,2.0854418,-0.027196279,-0.032130525,-0.002061214,2.150608,1.1790088,1.3634757,-0.0020589253,-0.0013641614
MCF2L-AS1,1.4125849,-0.023292638,0.8017308,0.64857644,-0.020635482,-0.008703591,0.6392245,2.2677834,-0.02821476,-0.03378276,-0.0018338348,2.3194308,1.3187,1.4833907,-0.0003936064,-0.0011665588
MCM8-AS1,1.2886138,-0.023398282,0.8040318,0.7168919,-0.01999081,-0.008039989,0.60573524,2.2904255,-0.0264793,-0.033872407,-0.00012055656,2.241349,1.1201737,1.327325,0.13501322,-0.00014173068
MCOLN2,1.4125849,-0.023292638,0.8017308,0.64857644,-0.020635482,-0.008703591,0.6392245,2.2677834,-0.02821476,-0.03378276,-0.0018338348,2.3194308,1.3187,1.4833907,-0.0003936064,-0.0011665588
MCTP1,1.4271156,-0.023392387,0.8295836,0.69112873,-0.020968633,-0.009397985,0.6499647,2.2774303,-0.027450422,-0.033606153,-0.0025052973,2.2597353,1.3681476,1.5032365,-0.00049101916,-0.0013785011
MCTP2,1.4125849,-0.023292638,0.8017308,0.64857644,-0.020635482,-0.008703591,0.6392245,2.2677834,-0.02821476,-0.03378276,-0.0018338348,2.3194308,1.3187,1.4833907,-0.0003936064,-0.0011665588
MDFI,1.4125849,-0.023292638,0.8017308,0.64857644,-0.020635482,-0.008703591,0.6392245,2.2677834,-0.02821476,-0.03378276,-0.0018338348,2.3194308,1.3187,1.4833907,-0.0003936064,-0.0011665588
MDH1B,1.4125849,-0.023292638,0.8017308,0.64857644,-0.020635482,-0.008703591,0.6392245,2.2677834,-0.02821476,-0.03378276,-0.0018338348,2.3194308,1.3187,1.4833907,-0.0003936064,-0.0011665588
MDP1,1.4125849,-0.023292638,0.8017308,0.64857644,-0.020635482,-0.008703591,0.6392245,2.2677834,-0.02821476,-0.03378276,-0.0018338348,2.3194308,1.3187,1.4833907,-0.0003936064,-0.0011665588
MEAK7,1.4888421,-0.019520069,0.5995763,0.706227,-0.018661655,-0.007817254,0.48694384,2.0320282,-0.025060697,-0.030242924,0.032263,2.138259,1.4176911,1.3404392,-0.0011982796,0.075745426
MED7,1.4125849,-0.023292638,0.8017308,0.64857644,-0.020635482,-0.008703591,0.6392245,2.2677834,-0.02821476,-0.03378276,-0.0018338348,2.3194308,1.3187,1.4833907,-0.0003936064,-0.0011665588
MEGF6,1.4125849,-0.023292638,0.8017308,0.64857644,-0.020635482,-0.008703591,0.6392245,2.2677834,-0.02821476,-0.03378276,-0.0018338348,2.3194308,1.3187,1.4833907,-0.0003936064,-0.0011665588
MEIG1,1.4125849,-0.023292638,0.8017308,0.64857644,-0.020635482,-0.008703591,0.6392245,2.2677834,-0.02821476,-0.03378276,-0.0018338348,2.3194308,1.3187,1.4833907,-0.0003936064,-0.0011665588
MELK,1.4125849,-0.023292638,0.8017308,0.64857644,-0.020635482,-0.008703591,0.6392245,2.2677834,-0.02821476,-0.03378276,-0.0018338348,2.3194308,1.3187,1.4833907,-0.0003936064,-0.0011665588
METTL23,1.4125849,-0.023292638,0.8017308,0.64857644,-0.020635482,-0.008703591,0.6392245,2.2677834,-0.02821476,-0.03378276,-0.0018338348,2.3194308,1.3187,1.4833907,-0.0003936064,-0.0011665588
MEX3A,1.4123738,-0.02328774,0.80262357,0.6487583,-0.020633606,-0.008713098,0.6401319,2.2666583,-0.028221542,-0.033781063,-0.001831303,2.318974,1.3176168,1.4840212,-0.0003836432,-0.0011672133
MFSD6,0.84639573,-0.018838307,0.75011086,0.13140972,-0.018431362,-0.010100438,0.6792216,2.0285668,-0.023178607,-0.02809504,-0.0007654804,1.8435819,1.1105574,1.3355336,0.13505079,0.0041726455
MGA,1.4125849,-0.023292638,0.8017308,0.64857644,-0.020635482,-0.008703591,0.6392245,2.2677834,-0.02821476,-0.03378276,-0.0018338348,2.3194308,1.3187,1.4833907,-0.0003936064,-0.0011665588
MGAT4A,1.4137145,-0.02329587,0.8009426,0.6493965,-0.020645084,-0.008709131,0.6389275,2.2688508,-0.02820855,-0.033780575,-0.0018293677,2.320351,1.3191029,1.482799,-0.0003975999,-0.0011733394
MGAT5B,1.4127346,-0.023292562,0.8026385,0.64761823,-0.020632455,-0.008697822,0.6380586,2.2673407,-0.028206052,-0.03379725,-0.0018370403,2.3197758,1.3196402,1.4823432,-0.00040205597,-0.0011777007
MIA2,1.4858432,-0.023543715,0.7068908,0.55857843,-0.018806776,-0.0072389976,0.6906159,2.0854418,-0.027196279,-0.032130525,-0.002061214,2.150608,1.1790088,1.3634757,-0.0020589253,-0.0013641614
MIAT,1.4125849,-0.023292638,0.8017308,0.64857644,-0.020635482,-0.008703591,0.6392245,2.2677834,-0.02821476,-0.03378276,-0.0018338348,2.3194308,1.3187,1.4833907,-0.0003936064,-0.0011665588
MIB2,1.4125849,-0.023292638,0.8017308,0.64857644,-0.020635482,-0.008703591,0.6392245,2.2677834,-0.02821476,-0.03378276,-0.0018338348,2.3194308,1.3187,1.4833907,-0.0003936064,-0.0011665588
MICAL3,1.4125849,-0.023292638,0.8017308,0.64857644,-0.020635482,-0.008703591,0.6392245,2.2677834,-0.02821476,-0.03378276,-0.0018338348,2.3194308,1.3187,1.4833907,-0.0003936064,-0.0011665588
MICU3,1.4125849,-0.023292638,0.8017308,0.64857644,-0.020635482,-0.008703591,0.6392245,2.2677834,-0.02821476,-0.03378276,-0.0018338348,2.3194308,1.3187,1.4833907,-0.0003936064,-0.0011665588
MINCR,1.4125849,-0.023292638,0.8017308,0.64857644,-0.020635482,-0.008703591,0.6392245,2.2677834,-0.02821476,-0.03378276,-0.0018338348,2.3194308,1.3187,1.4833907,-0.0003936064,-0.0011665588
MINDY4,1.4125849,-0.023292638,0.8017308,0.64857644,-0.020635482,-0.008703591,0.6392245,2.2677834,-0.02821476,-0.03378276,-0.0018338348,2.3194308,1.3187,1.4833907,-0.0003936064,-0.0011665588
MINK1,1.4125849,-0.023292638,0.8017308,0.64857644,-0.020635482,-0.008703591,0.6392245,2.2677834,-0.02821476,-0.03378276,-0.0018338348,2.3194308,1.3187,1.4833907,-0.0003936064,-0.0011665588
MIR181A2HG,1.4128786,-0.023291998,0.8022895,0.6483322,-0.020632925,-0.00869935,0.6393917,2.2664604,-0.02821781,-0.03377153,-0.0018395947,2.3200302,1.3189737,1.4830514,-0.00038116693,-0.001174243
MIR194-2HG,1.4125849,-0.023292638,0.8017308,0.64857644,-0.020635482,-0.008703591,0.6392245,2.2677834,-0.02821476,-0.03378276,-0.0018338348,2.3194308,1.3187,1.4833907,-0.0003936064,-0.0011665588
MIR31HG,1.4125849,-0.023292638,0.8017308,0.64857644,-0.020635482,-0.008703591,0.6392245,2.2677834,-0.02821476,-0.03378276,-0.0018338348,2.3194308,1.3187,1.4833907,-0.0003936064,-0.0011665588
MIR3663HG,1.5848769,-0.021626892,1.0381621,0.70369357,-0.016276788,-0.010835964,0.597835,2.2740834,-0.026142266,-0.03122496,-0.002215917,2.20089,1.1797564,1.5636647,0.11461137,-0.0041733035
MIR3936HG,1.4125849,-0.023292638,0.8017308,0.64857644,-0.020635482,-0.008703591,0.6392245,2.2677834,-0.02821476,-0.03378276,-0.0018338348,2.3194308,1.3187,1.4833907,-0.0003936064,-0.0011665588
MIR663AHG,1.4124068,-0.02327248,0.79874843,0.6493369,-0.020631136,-0.008673036,0.6366332,2.2652888,-0.028169967,-0.03375177,-0.0018434615,2.3161504,1.3161155,1.4865477,-0.0003547457,-0.0011790764
MIR762HG,1.4125849,-0.023292638,0.8017308,0.64857644,-0.020635482,-0.008703591,0.6392245,2.2677834,-0.02821476,-0.03378276,-0.0018338348,2.3194308,1.3187,1.4833907,-0.0003936064,-0.0011665588
MIS12,1.4121956,-0.0232928,0.8024285,0.64799565,-0.020630991,-0.008695753,0.6389291,2.2674978,-0.028209936,-0.033783376,-0.0018392464,2.3199787,1.3190559,1.4839792,-0.00039519905,-0.0011674433
MLC1,1.4125849,-0.023292638,0.8017308,0.64857644,-0.020635482,-0.008703591,0.6392245,2.2677834,-0.02821476,-0.03378276,-0.0018338348,2.3194308,1.3187,1.4833907,-0.0003936064,-0.0011665588
MLLT11,1.4125849,-0.023292638,0.8017308,0.64857644,-0.020635482,-0.008703591,0.6392245,2.2677834,-0.02821476,-0.03378276,-0.0018338348,2.3194308,1.3187,1.4833907,-0.0003936064,-0.0011665588
MLLT3,1.4858432,-0.023543715,0.7068908,0.55857843,-0.018806776,-0.0072389976,0.6906159,2.0854418,-0.027196279,-0.032130525,-0.002061214,2.150608,1.1790088,1.3634757,-0.0020589253,-0.0013641614
MMP23B,1.4125849,-0.023292638,0.8017308,0.64857644,-0.020635482,-0.008703591,0.6392245,2.2677834,-0.02821476,-0.03378276,-0.0018338348,2.3194308,1.3187,1.4833907,-0.0003936064,-0.0011665588
MMP25-AS1,1.4125849,-0.023292638,0.8017308,0.64857644,-0.020635482,-0.008703591,0.6392245,2.2677834,-0.02821476,-0.03378276,-0.0018338348,2.3194308,1.3187,1.4833907,-0.0003936064,-0.0011665588
MMRN2,1.4125849,-0.023292638,0.8017308,0.64857644,-0.020635482,-0.008703591,0.6392245,2.2677834,-0.02821476,-0.03378276,-0.0018338348,2.3194308,1.3187,1.4833907,-0.0003936064,-0.0011665588
MNDA,1.4271156,-0.023392387,0.8295836,0.69112873,-0.020968633,-0.009397985,0.6499647,2.2774303,-0.027450422,-0.033606153,-0.0025052973,2.2597353,1.3681476,1.5032365,-0.00049101916,-0.0013785011
MNX1-AS1,1.3721014,-0.020222288,0.8290009,0.42491955,-0.020895863,-0.006715822,0.8264154,2.05837,-0.025780298,-0.030049132,-0.0008473828,2.1059058,1.2954988,1.2579331,0.08918674,-0.0007479474
MOCOS,1.4125849,-0.023292638,0.8017308,0.64857644,-0.020635482,-0.008703591,0.6392245,2.2677834,-0.02821476,-0.03378276,-0.0018338348,2.3194308,1.3187,1.4833907,-0.0003936064,-0.0011665588
MOGAT3,1.1812887,-0.023372626,0.8682128,0.45242098,-0.020422827,-0.0074654743,0.6558222,2.0148993,-0.02575761,-0.0312421,-0.003208672,2.1666298,1.2662375,1.4029402,-0.0017618241,-0.002379772
MORC2-AS1,1.4127346,-0.023292562,0.8026385,0.64761823,-0.020632455,-0.008697822,0.6380586,2.2673407,-0.028206052,-0.03379725,-0.0018370403,2.3197758,1.3196402,1.4823432,-0.00040205597,-0.0011777007
MORN3,1.4125849,-0.023292638,0.8017308,0.64857644,-0.020635482,-0.008703591,0.6392245,2.2677834,-0.02821476,-0.03378276,-0.0018338348,2.3194308,1.3187,1.4833907,-0.0003936064,-0.0011665588
MOSMO,1.4105314,-0.02325152,0.7991245,0.64747995,-0.02061072,-0.008690771,0.636172,2.2631497,-0.028197767,-0.033744883,-0.0018489436,2.318945,1.3171363,1.4813086,-0.00036405234,-0.0011508906
MPHOSPH9,1.4125849,-0.023292638,0.8017308,0.64857644,-0.020635482,-0.008703591,0.6392245,2.2677834,-0.02821476,-0.03378276,-0.0018338348,2.3194308,1.3187,1.4833907,-0.0003936064,-0.0011665588
MPZL3,1.4125849,-0.023292638,0.8017308,0.64857644,-0.020635482,-0.008703591,0.6392245,2.2677834,-0.02821476,-0.03378276,-0.0018338348,2.3194308,1.3187,1.4833907,-0.0003936064,-0.0011665588
MRPL1,1.4125849,-0.023292638,0.8017308,0.64857644,-0.020635482,-0.008703591,0.6392245,2.2677834,-0.02821476,-0.03378276,-0.0018338348,2.3194308,1.3187,1.4833907,-0.0003936064,-0.0011665588
MRPL10,1.4125849,-0.023292638,0.8017308,0.64857644,-0.020635482,-0.008703591,0.6392245,2.2677834,-0.02821476,-0.03378276,-0.0018338348,2.3194308,1.3187,1.4833907,-0.0003936064,-0.0011665588
MRPS31,1.4125849,-0.023292638,0.8017308,0.64857644,-0.020635482,-0.008703591,0.6392245,2.2677834,-0.02821476,-0.03378276,-0.0018338348,2.3194308,1.3187,1.4833907,-0.0003936064,-0.0011665588
MRTFB,1.4125849,-0.023292638,0.8017308,0.64857644,-0.020635482,-0.008703591,0.6392245,2.2677834,-0.02821476,-0.03378276,-0.0018338348,2.3194308,1.3187,1.4833907,-0.0003936064,-0.0011665588
MS4A1,1.4125849,-0.023292638,0.8017308,0.64857644,-0.020635482,-0.008703591,0.6392245,2.2677834,-0.02821476,-0.03378276,-0.0018338348,2.3194308,1.3187,1.4833907,-0.0003936064,-0.0011665588
MSANTD3,1.4125849,-0.023292638,0.8017308,0.64857644,-0.020635482,-0.008703591,0.6392245,2.2677834,-0.02821476,-0.03378276,-0.0018338348,2.3194308,1.3187,1.4833907,-0.0003936064,-0.0011665588
MSC-AS1,1.4125849,-0.023292638,0.8017308,0.64857644,-0.020635482,-0.008703591,0.6392245,2.2677834,-0.02821476,-0.03378276,-0.0018338348,2.3194308,1.3187,1.4833907,-0.0003936064,-0.0011665588
MSTO1,1.5046868,-0.021733219,0.8811911,0.7689369,-0.01877653,-0.009070712,0.5666421,2.1968246,-0.028077228,-0.031377513,-0.0031115457,2.233477,1.2062994,1.5893044,-0.0007109964,-0.0024455206
MTA3,1.4125849,-0.023292638,0.8017308,0.64857644,-0.020635482,-0.008703591,0.6392245,2.2677834,-0.02821476,-0.03378276,-0.0018338348,2.3194308,1.3187,1.4833907,-0.0003936064,-0.0011665588
MTERF1,1.4125849,-0.023292638,0.8017308,0.64857644,-0.020635482,-0.008703591,0.6392245,2.2677834,-0.02821476,-0.03378276,-0.0018338348,2.3194308,1.3187,1.4833907,-0.0003936064,-0.0011665588
MTFMT,1.4125849,-0.023292638,0.8017308,0.64857644,-0.020635482,-0.008703591,0.6392245,2.2677834,-0.02821476,-0.03378276,-0.0018338348,2.3194308,1.3187,1.4833907,-0.0003936064,-0.0011665588
MTFP1,1.4125849,-0.023292638,0.8017308,0.64857644,-0.020635482,-0.008703591,0.6392245,2.2677834,-0.02821476,-0.03378276,-0.0018338348,2.3194308,1.3187,1.4833907,-0.0003936064,-0.0011665588
MTHFD2,1.4125849,-0.023292638,0.8017308,0.64857644,-0.020635482,-0.008703591,0.6392245,2.2677834,-0.02821476,-0.03378276,-0.0018338348,2.3194308,1.3187,1.4833907,-0.0003936064,-0.0011665588
MTMR2,1.4125849,-0.023292638,0.8017308,0.64857644,-0.020635482,-0.008703591,0.6392245,2.2677834,-0.02821476,-0.03378276,-0.0018338348,2.3194308,1.3187,1.4833907,-0.0003936064,-0.0011665588
MTMR8,1.4125849,-0.023292638,0.8017308,0.64857644,-0.020635482,-0.008703591,0.6392245,2.2677834,-0.02821476,-0.03378276,-0.0018338348,2.3194308,1.3187,1.4833907,-0.0003936064,-0.0011665588
MTSS1,1.2750387,-0.024515633,0.6589008,0.7861559,-0.017579617,-0.010149555,0.75300336,2.1575832,-0.024838679,-0.03178594,0.13025026,1.9883668,1.0651692,1.2961235,0.1915293,-0.00216092
MUC17,1.4125849,-0.023292638,0.8017308,0.64857644,-0.020635482,-0.008703591,0.6392245,2.2677834,-0.02821476,-0.03378276,-0.0018338348,2.3194308,1.3187,1.4833907,-0.0003936064,-0.0011665588
MUS81,1.4125849,-0.023292638,0.8017308,0.64857644,-0.020635482,-0.008703591,0.6392245,2.2677834,-0.02821476,-0.03378276,-0.0018338348,2.3194308,1.3187,1.4833907,-0.0003936064,-0.0011665588
MUTYH,1.3321224,-0.023294413,0.735883,0.6972524,-0.020130107,-0.008047949,0.6280316,2.1828496,-0.028478064,-0.034258723,-0.002596739,2.301553,1.340568,1.3898956,-0.00060153723,-0.0017894763
MYBL1,1.4125849,-0.023292638,0.8017308,0.64857644,-0.020635482,-0.008703591,0.6392245,2.2677834,-0.02821476,-0.03378276,-0.0018338348,2.3194308,1.3187,1.4833907,-0.0003936064,-0.0011665588
MYO1D,1.4125849,-0.023292638,0.8017308,0.64857644,-0.020635482,-0.008703591,0.6392245,2.2677834,-0.02821476,-0.03378276,-0.0018338348,2.3194308,1.3187,1.4833907,-0.0003936064,-0.0011665588
MYO5B,1.4123738,-0.02328774,0.80262357,0.6487583,-0.020633606,-0.008713098,0.6401319,2.2666583,-0.028221542,-0.033781063,-0.001831303,2.318974,1.3176168,1.4840212,-0.0003836432,-0.0011672133
MYO6,1.4125849,-0.023292638,0.8017308,0.64857644,-0.020635482,-0.008703591,0.6392245,2.2677834,-0.02821476,-0.03378276,-0.0018338348,2.3194308,1.3187,1.4833907,-0.0003936064,-0.0011665588
MYRF,1.4125849,-0.023292638,0.8017308,0.64857644,-0.020635482,-0.008703591,0.6392245,2.2677834,-0.02821476,-0.03378276,-0.0018338348,2.3194308,1.3187,1.4833907,-0.0003936064,-0.0011665588
MZB1,1.4125849,-0.023292638,0.8017308,0.64857644,-0.020635482,-0.008703591,0.6392245,2.2677834,-0.02821476,-0.03378276,-0.0018338348,2.3194308,1.3187,1.4833907,-0.0003936064,-0.0011665588
NAP1L2,1.4125849,-0.023292638,0.8017308,0.64857644,-0.020635482,-0.008703591,0.6392245,2.2677834,-0.02821476,-0.03378276,-0.0018338348,2.3194308,1.3187,1.4833907,-0.0003936064,-0.0011665588
NARS2,1.4137145,-0.02329587,0.8009426,0.6493965,-0.020645084,-0.008709131,0.6389275,2.2688508,-0.02820855,-0.033780575,-0.0018293677,2.320351,1.3191029,1.482799,-0.0003975999,-0.0011733394
NAV3,1.4125849,-0.023292638,0.8017308,0.64857644,-0.020635482,-0.008703591,0.6392245,2.2677834,-0.02821476,-0.03378276,-0.0018338348,2.3194308,1.3187,1.4833907,-0.0003936064,-0.0011665588
NBDY,1.3631161,-0.02299893,0.7466802,0.5809038,-0.020684186,-0.008977619,0.6507747,2.2593186,-0.027513223,-0.033306327,-0.0016783503,2.360078,1.3591167,1.4793756,-0.00010953039,-0.001000255
NBEA,1.4858432,-0.023543715,0.7068908,0.55857843,-0.018806776,-0.0072389976,0.6906159,2.0854418,-0.027196279,-0.032130525,-0.002061214,2.150608,1.1790088,1.3634757,-0.0020589253,-0.0013641614
NBEAL2,1.4125849,-0.023292638,0.8017308,0.64857644,-0.020635482,-0.008703591,0.6392245,2.2677834,-0.02821476,-0.03378276,-0.0018338348,2.3194308,1.3187,1.4833907,-0.0003936064,-0.0011665588
NCALD,1.4125849,-0.023292638,0.8017308,0.64857644,-0.020635482,-0.008703591,0.6392245,2.2677834,-0.02821476,-0.03378276,-0.0018338348,2.3194308,1.3187,1.4833907,-0.0003936064,-0.0011665588
NCAM1,1.4125849,-0.023292638,0.8017308,0.64857644,-0.020635482,-0.008703591,0.6392245,2.2677834,-0.02821476,-0.03378276,-0.0018338348,2.3194308,1.3187,1.4833907,-0.0003936064,-0.0011665588
NCAM2,1.126832,-0.02010549,0.6344025,0.689811,-0.02070656,-0.005213176,0.2975413,1.9111812,-0.030000385,-0.02916305,-0.004811839,2.3534868,1.348174,1.128421,0.09913291,0.055902623
NCAPG2,1.4125849,-0.023292638,0.8017308,0.64857644,-0.020635482,-0.008703591,0.6392245,2.2677834,-0.02821476,-0.03378276,-0.0018338348,2.3194308,1.3187,1.4833907,-0.0003936064,-0.0011665588
NCK1-DT,1.4125849,-0.023292638,0.8017308,0.64857644,-0.020635482,-0.008703591,0.6392245,2.2677834,-0.02821476,-0.03378276,-0.0018338348,2.3194308,1.3187,1.4833907,-0.0003936064,-0.0011665588
NCR1,1.41103,-0.02327839,0.8014369,0.6470954,-0.020652328,-0.008714188,0.6401549,2.265462,-0.028223475,-0.033767477,-0.0018437773,2.3199003,1.3163702,1.4821539,-0.0004132001,-0.0011554653
NCR2,1.4125849,-0.023292638,0.8017308,0.64857644,-0.020635482,-0.008703591,0.6392245,2.2677834,-0.02821476,-0.03378276,-0.0018338348,2.3194308,1.3187,1.4833907,-0.0003936064,-0.0011665588
NCR3,1.4125849,-0.023292638,0.8017308,0.64857644,-0.020635482,-0.008703591,0.6392245,2.2677834,-0.02821476,-0.03378276,-0.0018338348,2.3194308,1.3187,1.4833907,-0.0003936064,-0.0011665588
NDC1,1.4125849,-0.023292638,0.8017308,0.64857644,-0.020635482,-0.008703591,0.6392245,2.2677834,-0.02821476,-0.03378276,-0.0018338348,2.3194308,1.3187,1.4833907,-0.0003936064,-0.0011665588
NDE1,1.4125849,-0.023292638,0.8017308,0.64857644,-0.020635482,-0.008703591,0.6392245,2.2677834,-0.02821476,-0.03378276,-0.0018338348,2.3194308,1.3187,1.4833907,-0.0003936064,-0.0011665588
NDFIP2-AS1,1.3321224,-0.023294413,0.735883,0.6972524,-0.020130107,-0.008047949,0.6280316,2.1828496,-0.028478064,-0.034258723,-0.002596739,2.301553,1.340568,1.3898956,-0.00060153723,-0.0017894763
NDST1-AS1,1.4125849,-0.023292638,0.8017308,0.64857644,-0.020635482,-0.008703591,0.6392245,2.2677834,-0.02821476,-0.03378276,-0.0018338348,2.3194308,1.3187,1.4833907,-0.0003936064,-0.0011665588
NDUFB2-AS1,1.4125849,-0.023292638,0.8017308,0.64857644,-0.020635482,-0.008703591,0.6392245,2.2677834,-0.02821476,-0.03378276,-0.0018338348,2.3194308,1.3187,1.4833907,-0.0003936064,-0.0011665588
NDUFV2-AS1,1.4125849,-0.023292638,0.8017308,0.64857644,-0.020635482,-0.008703591,0.6392245,2.2677834,-0.02821476,-0.03378276,-0.0018338348,2.3194308,1.3187,1.4833907,-0.0003936064,-0.0011665588
NECTIN4,1.4125849,-0.023292638,0.8017308,0.64857644,-0.020635482,-0.008703591,0.6392245,2.2677834,-0.02821476,-0.03378276,-0.0018338348,2.3194308,1.3187,1.4833907,-0.0003936064,-0.0011665588
NEIL1,1.4125849,-0.023292638,0.8017308,0.64857644,-0.020635482,-0.008703591,0.6392245,2.2677834,-0.02821476,-0.03378276,-0.0018338348,2.3194308,1.3187,1.4833907,-0.0003936064,-0.0011665588
NEO1,1.4124068,-0.02327248,0.79874843,0.6493369,-0.020631136,-0.008673036,0.6366332,2.2652888,-0.028169967,-0.03375177,-0.0018434615,2.3161504,1.3161155,1.4865477,-0.0003547457,-0.0011790764
NEURL4,1.4858432,-0.023543715,0.7068908,0.55857843,-0.018806776,-0.0072389976,0.6906159,2.0854418,-0.027196279,-0.032130525,-0.002061214,2.150608,1.1790088,1.3634757,-0.0020589253,-0.0013641614
NEUROG3,1.4137145,-0.02329587,0.8009426,0.6493965,-0.020645084,-0.008709131,0.6389275,2.2688508,-0.02820855,-0.033780575,-0.0018293677,2.320351,1.3191029,1.482799,-0.0003975999,-0.0011733394
NEXMIF,1.4125849,-0.023292638,0.8017308,0.64857644,-0.020635482,-0.008703591,0.6392245,2.2677834,-0.02821476,-0.03378276,-0.0018338348,2.3194308,1.3187,1.4833907,-0.0003936064,-0.0011665588
NFATC1,1.4119402,-0.023287145,0.80123776,0.64802384,-0.020629754,-0.008701521,0.6391705,2.2672544,-0.028204247,-0.03377123,-0.0018239487,2.318873,1.3180033,1.4826823,-0.000389252,-0.0011607715
NFIA,1.4125849,-0.023292638,0.8017308,0.64857644,-0.020635482,-0.008703591,0.6392245,2.2677834,-0.02821476,-0.03378276,-0.0018338348,2.3194308,1.3187,1.4833907,-0.0003936064,-0.0011665588
NGFR,1.3396465,-0.023580937,0.7509962,0.66734135,-0.020699682,-0.009167733,0.6626581,2.2878432,-0.02752281,-0.03304971,-0.0019281758,2.356728,1.3630004,1.5420486,-0.00024037166,-0.0012737679
NHLRC1,1.3652904,-0.022982465,0.74883455,0.5799632,-0.020713909,-0.0089688385,0.6520258,2.2598364,-0.027539706,-0.03332276,-0.0016806397,2.3615706,1.3598664,1.4768136,-0.00013004898,-0.0010180708
NIBAN1,1.4125849,-0.023292638,0.8017308,0.64857644,-0.020635482,-0.008703591,0.6392245,2.2677834,-0.02821476,-0.03378276,-0.0018338348,2.3194308,1.3187,1.4833907,-0.0003936064,-0.0011665588
NIBAN3,1.4125849,-0.023292638,0.8017308,0.64857644,-0.020635482,-0.008703591,0.6392245,2.2677834,-0.02821476,-0.03378276,-0.0018338348,2.3194308,1.3187,1.4833907,-0.0003936064,-0.0011665588
NIFK-AS1,1.4121956,-0.0232928,0.8024285,0.64799565,-0.020630991,-0.008695753,0.6389291,2.2674978,-0.028209936,-0.033783376,-0.0018392464,2.3199787,1.3190559,1.4839792,-0.00039519905,-0.0011674433
NIPA1,1.4125849,-0.023292638,0.8017308,0.64857644,-0.020635482,-0.008703591,0.6392245,2.2677834,-0.02821476,-0.03378276,-0.0018338348,2.3194308,1.3187,1.4833907,-0.0003936064,-0.0011665588
NIPAL3,1.4125849,-0.023292638,0.8017308,0.64857644,-0.020635482,-0.008703591,0.6392245,2.2677834,-0.02821476,-0.03378276,-0.0018338348,2.3194308,1.3187,1.4833907,-0.0003936064,-0.0011665588
NKAIN2,1.4125849,-0.023292638,0.8017308,0.64857644,-0.020635482,-0.008703591,0.6392245,2.2677834,-0.02821476,-0.03378276,-0.0018338348,2.3194308,1.3187,1.4833907,-0.0003936064,-0.0011665588
NKD1,1.4125849,-0.023292638,0.8017308,0.64857644,-0.020635482,-0.008703591,0.6392245,2.2677834,-0.02821476,-0.03378276,-0.0018338348,2.3194308,1.3187,1.4833907,-0.0003936064,-0.0011665588
NKG7,1.4137145,-0.02329587,0.8009426,0.6493965,-0.020645084,-0.008709131,0.6389275,2.2688508,-0.02820855,-0.033780575,-0.0018293677,2.320351,1.3191029,1.482799,-0.0003975999,-0.0011733394
NKX6-3,1.4125849,-0.023292638,0.8017308,0.64857644,-0.020635482,-0.008703591,0.6392245,2.2677834,-0.02821476,-0.03378276,-0.0018338348,2.3194308,1.3187,1.4833907,-0.0003936064,-0.0011665588
NLRC3,1.2481304,-0.02032793,0.83130187,0.49323505,-0.020251188,-0.0060522193,0.79292613,2.0810125,-0.024044838,-0.030138781,0.08658957,2.0278242,1.0969726,1.1018677,0.2635606,0.027688108
NLRP2,1.4125849,-0.023292638,0.8017308,0.64857644,-0.020635482,-0.008703591,0.6392245,2.2677834,-0.02821476,-0.03378276,-0.0018338348,2.3194308,1.3187,1.4833907,-0.0003936064,-0.0011665588
NLRP7,1.4271156,-0.023392387,0.8295836,0.69112873,-0.020968633,-0.009397985,0.6499647,2.2774303,-0.027450422,-0.033606153,-0.0025052973,2.2597353,1.3681476,1.5032365,-0.00049101916,-0.0013785011
NME7,1.4125849,-0.023292638,0.8017308,0.64857644,-0.020635482,-0.008703591,0.6392245,2.2677834,-0.02821476,-0.03378276,-0.0018338348,2.3194308,1.3187,1.4833907,-0.0003936064,-0.0011665588
NMT2,1.4125849,-0.023292638,0.8017308,0.64857644,-0.020635482,-0.008703591,0.6392245,2.2677834,-0.02821476,-0.03378276,-0.0018338348,2.3194308,1.3187,1.4833907,-0.0003936064,-0.0011665588
NMUR1,1.4125849,-0.023292638,0.8017308,0.64857644,-0.020635482,-0.008703591,0.6392245,2.2677834,-0.02821476,-0.03378276,-0.0018338348,2.3194308,1.3187,1.4833907,-0.0003936064,-0.0011665588
NOG,1.4125849,-0.023292638,0.8017308,0.64857644,-0.020635482,-0.008703591,0.6392245,2.2677834,-0.02821476,-0.03378276,-0.0018338348,2.3194308,1.3187,1.4833907,-0.0003936064,-0.0011665588
NOL4L,1.4125849,-0.023292638,0.8017308,0.64857644,-0.020635482,-0.008703591,0.6392245,2.2677834,-0.02821476,-0.03378276,-0.0018338348,2.3194308,1.3187,1.4833907,-0.0003936064,-0.0011665588
NOL8,1.4125849,-0.023292638,0.8017308,0.64857644,-0.020635482,-0.008703591,0.6392245,2.2677834,-0.02821476,-0.03378276,-0.0018338348,2.3194308,1.3187,1.4833907,-0.0003936064,-0.0011665588
NOTCH2NLB,1.4888421,-0.019520069,0.5995763,0.706227,-0.018661655,-0.007817254,0.48694384,2.0320282,-0.025060697,-0.030242924,0.032263,2.138259,1.4176911,1.3404392,-0.0011982796,0.075745426
NPAS1,1.4105314,-0.02325152,0.7991245,0.64747995,-0.02061072,-0.008690771,0.636172,2.2631497,-0.028197767,-0.033744883,-0.0018489436,2.318945,1.3171363,1.4813086,-0.00036405234,-0.0011508906
NPAT,1.4125849,-0.023292638,0.8017308,0.64857644,-0.020635482,-0.008703591,0.6392245,2.2677834,-0.02821476,-0.03378276,-0.0018338348,2.3194308,1.3187,1.4833907,-0.0003936064,-0.0011665588
NPEPL1,1.4125849,-0.023292638,0.8017308,0.64857644,-0.020635482,-0.008703591,0.6392245,2.2677834,-0.02821476,-0.03378276,-0.0018338348,2.3194308,1.3187,1.4833907,-0.0003936064,-0.0011665588
NPHP1,1.5046868,-0.021733219,0.8811911,0.7689369,-0.01877653,-0.009070712,0.5666421,2.1968246,-0.028077228,-0.031377513,-0.0031115457,2.233477,1.2062994,1.5893044,-0.0007109964,-0.0024455206
NPIPB4,1.4125849,-0.023292638,0.8017308,0.64857644,-0.020635482,-0.008703591,0.6392245,2.2677834,-0.02821476,-0.03378276,-0.0018338348,2.3194308,1.3187,1.4833907,-0.0003936064,-0.0011665588
NPR1,1.4125849,-0.023292638,0.8017308,0.64857644,-0.020635482,-0.008703591,0.6392245,2.2677834,-0.02821476,-0.03378276,-0.0018338348,2.3194308,1.3187,1.4833907,-0.0003936064,-0.0011665588
NPR2,1.4121956,-0.0232928,0.8024285,0.64799565,-0.020630991,-0.008695753,0.6389291,2.2674978,-0.028209936,-0.033783376,-0.0018392464,2.3199787,1.3190559,1.4839792,-0.00039519905,-0.0011674433
NPRL2,1.4125849,-0.023292638,0.8017308,0.64857644,-0.020635482,-0.008703591,0.6392245,2.2677834,-0.02821476,-0.03378276,-0.0018338348,2.3194308,1.3187,1.4833907,-0.0003936064,-0.0011665588
NPTX2,1.4125849,-0.023292638,0.8017308,0.64857644,-0.020635482,-0.008703591,0.6392245,2.2677834,-0.02821476,-0.03378276,-0.0018338348,2.3194308,1.3187,1.4833907,-0.0003936064,-0.0011665588
NPTXR,1.126832,-0.02010549,0.6344025,0.689811,-0.02070656,-0.005213176,0.2975413,1.9111812,-0.030000385,-0.02916305,-0.004811839,2.3534868,1.348174,1.128421,0.09913291,0.055902623
NR3C2,1.4119402,-0.023287145,0.80123776,0.64802384,-0.020629754,-0.008701521,0.6391705,2.2672544,-0.028204247,-0.03377123,-0.0018239487,2.318873,1.3180033,1.4826823,-0.000389252,-0.0011607715
NRCAM,1.4848722,-0.021887915,0.75252235,0.6572543,-0.01905726,-0.007781316,0.5756423,2.1572971,-0.027092801,-0.03268414,-0.00041093177,2.2740304,1.1220263,1.4568973,-0.00074900565,-0.00036190182
NRG2,1.4125849,-0.023292638,0.8017308,0.64857644,-0.020635482,-0.008703591,0.6392245,2.2677834,-0.02821476,-0.03378276,-0.0018338348,2.3194308,1.3187,1.4833907,-0.0003936064,-0.0011665588
NRN1L,1.4125849,-0.023292638,0.8017308,0.64857644,-0.020635482,-0.008703591,0.6392245,2.2677834,-0.02821476,-0.03378276,-0.0018338348,2.3194308,1.3187,1.4833907,-0.0003936064,-0.0011665588
NRTN,1.4125849,-0.023292638,0.8017308,0.64857644,-0.020635482,-0.008703591,0.6392245,2.2677834,-0.02821476,-0.03378276,-0.0018338348,2.3194308,1.3187,1.4833907,-0.0003936064,-0.0011665588
NSD2,1.4125849,-0.023292638,0.8017308,0.64857644,-0.020635482,-0.008703591,0.6392245,2.2677834,-0.02821476,-0.03378276,-0.0018338348,2.3194308,1.3187,1.4833907,-0.0003936064,-0.0011665588
NSUN6,1.4125849,-0.023292638,0.8017308,0.64857644,-0.020635482,-0.008703591,0.6392245,2.2677834,-0.02821476,-0.03378276,-0.0018338348,2.3194308,1.3187,1.4833907,-0.0003936064,-0.0011665588
NT5M,1.4012469,-0.023200698,0.8177106,0.66221416,-0.020660646,-0.008795722,0.6483879,2.2673604,-0.028187595,-0.033784505,-0.0018746037,2.2989755,1.2971774,1.4900368,-0.00041457056,-0.0013077301
NTNG1,1.4104106,-0.023309104,0.79957646,0.64951706,-0.020605762,-0.008712372,0.6379734,2.2672656,-0.028188275,-0.03376633,-0.0018315454,2.3179383,1.3179502,1.4859527,-0.00037308782,-0.001148743
NTRK1,1.4125849,-0.023292638,0.8017308,0.64857644,-0.020635482,-0.008703591,0.6392245,2.2677834,-0.02821476,-0.03378276,-0.0018338348,2.3194308,1.3187,1.4833907,-0.0003936064,-0.0011665588
NTRK2,1.4125849,-0.023292638,0.8017308,0.64857644,-0.020635482,-0.008703591,0.6392245,2.2677834,-0.02821476,-0.03378276,-0.0018338348,2.3194308,1.3187,1.4833907,-0.0003936064,-0.0011665588
NUAK1,1.4127346,-0.023292562,0.8026385,0.64761823,-0.020632455,-0.008697822,0.6380586,2.2673407,-0.028206052,-0.03379725,-0.0018370403,2.3197758,1.3196402,1.4823432,-0.00040205597,-0.0011777007
NUP205,1.4125849,-0.023292638,0.8017308,0.64857644,-0.020635482,-0.008703591,0.6392245,2.2677834,-0.02821476,-0.03378276,-0.0018338348,2.3194308,1.3187,1.4833907,-0.0003936064,-0.0011665588
NUP210L,1.4364953,-0.023192419,0.6513882,0.4888687,-0.01886044,-0.0074914233,0.7003646,2.0728612,-0.026504232,-0.031632643,-0.0019231277,2.192262,1.2186115,1.3548164,-0.0017658138,-0.0012000051
NVL,1.4125849,-0.023292638,0.8017308,0.64857644,-0.020635482,-0.008703591,0.6392245,2.2677834,-0.02821476,-0.03378276,-0.0018338348,2.3194308,1.3187,1.4833907,-0.0003936064,-0.0011665588
NYAP1,1.4375777,-0.021577744,0.6996261,0.58864105,-0.019135688,-0.008046563,0.5884436,2.14935,-0.026417749,-0.032224137,-0.00025773665,2.3161702,1.1631929,1.4503201,-0.00048544822,-0.00021341383
OAT,1.4125849,-0.023292638,0.8017308,0.64857644,-0.020635482,-0.008703591,0.6392245,2.2677834,-0.02821476,-0.03378276,-0.0018338348,2.3194308,1.3187,1.4833907,-0.0003936064,-0.0011665588
OBSCN-AS1,1.4125849,-0.023292638,0.8017308,0.64857644,-0.020635482,-0.008703591,0.6392245,2.2677834,-0.02821476,-0.03378276,-0.0018338348,2.3194308,1.3187,1.4833907,-0.0003936064,-0.0011665588
OCA2,0.84639573,-0.018838307,0.75011086,0.13140972,-0.018431362,-0.010100438,0.6792216,2.0285668,-0.023178607,-0.02809504,-0.0007654804,1.8435819,1.1105574,1.3355336,0.13505079,0.0041726455
OCIAD2,1.4125849,-0.023292638,0.8017308,0.64857644,-0.020635482,-0.008703591,0.6392245,2.2677834,-0.02821476,-0.03378276,-0.0018338348,2.3194308,1.3187,1.4833907,-0.0003936064,-0.0011665588
OGDHL,1.4125849,-0.023292638,0.8017308,0.64857644,-0.020635482,-0.008703591,0.6392245,2.2677834,-0.02821476,-0.03378276,-0.0018338348,2.3194308,1.3187,1.4833907,-0.0003936064,-0.0011665588
OLMALINC,1.4125849,-0.023292638,0.8017308,0.64857644,-0.020635482,-0.008703591,0.6392245,2.2677834,-0.02821476,-0.03378276,-0.0018338348,2.3194308,1.3187,1.4833907,-0.0003936064,-0.0011665588
ONECUT1,1.4125849,-0.023292638,0.8017308,0.64857644,-0.020635482,-0.008703591,0.6392245,2.2677834,-0.02821476,-0.03378276,-0.0018338348,2.3194308,1.3187,1.4833907,-0.0003936064,-0.0011665588
OPTN,1.4125849,-0.023292638,0.8017308,0.64857644,-0.020635482,-0.008703591,0.6392245,2.2677834,-0.02821476,-0.03378276,-0.0018338348,2.3194308,1.3187,1.4833907,-0.0003936064,-0.0011665588
OR2AG2,1.4125849,-0.023292638,0.8017308,0.64857644,-0.020635482,-0.008703591,0.6392245,2.2677834,-0.02821476,-0.03378276,-0.0018338348,2.3194308,1.3187,1.4833907,-0.0003936064,-0.0011665588
ORC2,1.4125849,-0.023292638,0.8017308,0.64857644,-0.020635482,-0.008703591,0.6392245,2.2677834,-0.02821476,-0.03378276,-0.0018338348,2.3194308,1.3187,1.4833907,-0.0003936064,-0.0011665588
ORM2,1.3321224,-0.023294413,0.735883,0.6972524,-0.020130107,-0.008047949,0.6280316,2.1828496,-0.028478064,-0.034258723,-0.002596739,2.301553,1.340568,1.3898956,-0.00060153723,-0.0017894763
OSBPL3,1.4125849,-0.023292638,0.8017308,0.64857644,-0.020635482,-0.008703591,0.6392245,2.2677834,-0.02821476,-0.03378276,-0.0018338348,2.3194308,1.3187,1.4833907,-0.0003936064,-0.0011665588
OSBPL7,1.4125849,-0.023292638,0.8017308,0.64857644,-0.020635482,-0.008703591,0.6392245,2.2677834,-0.02821476,-0.03378276,-0.0018338348,2.3194308,1.3187,1.4833907,-0.0003936064,-0.0011665588
OSER1-DT,1.4125849,-0.023292638,0.8017308,0.64857644,-0.020635482,-0.008703591,0.6392245,2.2677834,-0.02821476,-0.03378276,-0.0018338348,2.3194308,1.3187,1.4833907,-0.0003936064,-0.0011665588
OTUD6B-AS1,1.4125849,-0.023292638,0.8017308,0.64857644,-0.020635482,-0.008703591,0.6392245,2.2677834,-0.02821476,-0.03378276,-0.0018338348,2.3194308,1.3187,1.4833907,-0.0003936064,-0.0011665588
OTUD7B,1.4125849,-0.023292638,0.8017308,0.64857644,-0.020635482,-0.008703591,0.6392245,2.2677834,-0.02821476,-0.03378276,-0.0018338348,2.3194308,1.3187,1.4833907,-0.0003936064,-0.0011665588
OVCH1-AS1,1.4125849,-0.023292638,0.8017308,0.64857644,-0.020635482,-0.008703591,0.6392245,2.2677834,-0.02821476,-0.03378276,-0.0018338348,2.3194308,1.3187,1.4833907,-0.0003936064,-0.0011665588
OVOL3,1.4125849,-0.023292638,0.8017308,0.64857644,-0.020635482,-0.008703591,0.6392245,2.2677834,-0.02821476,-0.03378276,-0.0018338348,2.3194308,1.3187,1.4833907,-0.0003936064,-0.0011665588
P2RY10,1.3990097,-0.024409989,0.6565998,0.71784043,-0.018224292,-0.010813156,0.78649265,2.1349409,-0.026574137,-0.031696294,-0.00041077577,2.0664485,1.2636955,1.4521892,0.017155461,-0.0031857484
P2RY11,1.4125849,-0.023292638,0.8017308,0.64857644,-0.020635482,-0.008703591,0.6392245,2.2677834,-0.02821476,-0.03378276,-0.0018338348,2.3194308,1.3187,1.4833907,-0.0003936064,-0.0011665588
P3H2-AS1,1.4125849,-0.023292638,0.8017308,0.64857644,-0.020635482,-0.008703591,0.6392245,2.2677834,-0.02821476,-0.03378276,-0.0018338348,2.3194308,1.3187,1.4833907,-0.0003936064,-0.0011665588
P3H4,1.3946742,-0.022655874,0.6661938,0.64601344,-0.019384641,-0.008034056,0.6784773,2.2764227,-0.027240228,-0.03443405,-0.0026611283,2.1614032,1.1651657,1.4507954,-0.0009890946,-0.0018357891
PAFAH2,1.4125849,-0.023292638,0.8017308,0.64857644,-0.020635482,-0.008703591,0.6392245,2.2677834,-0.02821476,-0.03378276,-0.0018338348,2.3194308,1.3187,1.4833907,-0.0003936064,-0.0011665588
PAM,1.4104106,-0.023309104,0.79957646,0.64951706,-0.020605762,-0.008712372,0.6379734,2.2672656,-0.028188275,-0.03376633,-0.0018315454,2.3179383,1.3179502,1.4859527,-0.00037308782,-0.001148743
PANX3,1.4125849,-0.023292638,0.8017308,0.64857644,-0.020635482,-0.008703591,0.6392245,2.2677834,-0.02821476,-0.03378276,-0.0018338348,2.3194308,1.3187,1.4833907,-0.0003936064,-0.0011665588
PAPOLB,1.4125849,-0.023292638,0.8017308,0.64857644,-0.020635482,-0.008703591,0.6392245,2.2677834,-0.02821476,-0.03378276,-0.0018338348,2.3194308,1.3187,1.4833907,-0.0003936064,-0.0011665588
PARD6B,1.4125849,-0.023292638,0.8017308,0.64857644,-0.020635482,-0.008703591,0.6392245,2.2677834,-0.02821476,-0.03378276,-0.0018338348,2.3194308,1.3187,1.4833907,-0.0003936064,-0.0011665588
PARN,1.4125849,-0.023292638,0.8017308,0.64857644,-0.020635482,-0.008703591,0.6392245,2.2677834,-0.02821476,-0.03378276,-0.0018338348,2.3194308,1.3187,1.4833907,-0.0003936064,-0.0011665588
PARP15,1.4125849,-0.023292638,0.8017308,0.64857644,-0.020635482,-0.008703591,0.6392245,2.2677834,-0.02821476,-0.03378276,-0.0018338348,2.3194308,1.3187,1.4833907,-0.0003936064,-0.0011665588
PARP16,1.4125849,-0.023292638,0.8017308,0.64857644,-0.020635482,-0.008703591,0.6392245,2.2677834,-0.02821476,-0.03378276,-0.0018338348,2.3194308,1.3187,1.4833907,-0.0003936064,-0.0011665588
PATL2,1.4125849,-0.023292638,0.8017308,0.64857644,-0.020635482,-0.008703591,0.6392245,2.2677834,-0.02821476,-0.03378276,-0.0018338348,2.3194308,1.3187,1.4833907,-0.0003936064,-0.0011665588
PAUPAR,1.4125849,-0.023292638,0.8017308,0.64857644,-0.020635482,-0.008703591,0.6392245,2.2677834,-0.02821476,-0.03378276,-0.0018338348,2.3194308,1.3187,1.4833907,-0.0003936064,-0.0011665588
PAX5,1.5205225,-0.02462642,0.83344525,0.7552551,-0.021562373,-0.009658986,0.69034195,2.3331735,-0.030088749,-0.035751875,-0.0048503866,2.3760283,1.53813,1.6309478,-0.00165948,-0.0030733065
PAXX,1.4137145,-0.02329587,0.8009426,0.6493965,-0.020645084,-0.008709131,0.6389275,2.2688508,-0.02820855,-0.033780575,-0.0018293677,2.320351,1.3191029,1.482799,-0.0003975999,-0.0011733394
PBX4,1.4123126,-0.023188088,0.8928541,0.63200915,-0.017630367,-0.009813203,0.6592245,2.2601087,-0.026543103,-0.034106173,-0.0017011098,2.268966,1.3140249,1.3642558,0.12555726,-0.0035172594
PCAT1,1.4125849,-0.023292638,0.8017308,0.64857644,-0.020635482,-0.008703591,0.6392245,2.2677834,-0.02821476,-0.03378276,-0.0018338348,2.3194308,1.3187,1.4833907,-0.0003936064,-0.0011665588
PCBP4,1.4121956,-0.0232928,0.8024285,0.64799565,-0.020630991,-0.008695753,0.6389291,2.2674978,-0.028209936,-0.033783376,-0.0018392464,2.3199787,1.3190559,1.4839792,-0.00039519905,-0.0011674433
PCDH19,1.4125849,-0.023292638,0.8017308,0.64857644,-0.020635482,-0.008703591,0.6392245,2.2677834,-0.02821476,-0.03378276,-0.0018338348,2.3194308,1.3187,1.4833907,-0.0003936064,-0.0011665588
PCDH9,1.4124068,-0.02327248,0.79874843,0.6493369,-0.020631136,-0.008673036,0.6366332,2.2652888,-0.028169967,-0.03375177,-0.0018434615,2.3161504,1.3161155,1.4865477,-0.0003547457,-0.0011790764
PCDHGA10,1.3321224,-0.023294413,0.735883,0.6972524,-0.020130107,-0.008047949,0.6280316,2.1828496,-0.028478064,-0.034258723,-0.002596739,2.301553,1.340568,1.3898956,-0.00060153723,-0.0017894763
PCDHGB2,1.4125849,-0.023292638,0.8017308,0.64857644,-0.020635482,-0.008703591,0.6392245,2.2677834,-0.02821476,-0.03378276,-0.0018338348,2.3194308,1.3187,1.4833907,-0.0003936064,-0.0011665588
PCDHGC3,1.4125849,-0.023292638,0.8017308,0.64857644,-0.020635482,-0.008703591,0.6392245,2.2677834,-0.02821476,-0.03378276,-0.0018338348,2.3194308,1.3187,1.4833907,-0.0003936064,-0.0011665588
PCNT,1.4125849,-0.023292638,0.8017308,0.64857644,-0.020635482,-0.008703591,0.6392245,2.2677834,-0.02821476,-0.03378276,-0.0018338348,2.3194308,1.3187,1.4833907,-0.0003936064,-0.0011665588
PCNX3,1.4125849,-0.023292638,0.8017308,0.64857644,-0.020635482,-0.008703591,0.6392245,2.2677834,-0.02821476,-0.03378276,-0.0018338348,2.3194308,1.3187,1.4833907,-0.0003936064,-0.0011665588
PCOTH,1.4125849,-0.023292638,0.8017308,0.64857644,-0.020635482,-0.008703591,0.6392245,2.2677834,-0.02821476,-0.03378276,-0.0018338348,2.3194308,1.3187,1.4833907,-0.0003936064,-0.0011665588
PDCD1,1.4125849,-0.023292638,0.8017308,0.64857644,-0.020635482,-0.008703591,0.6392245,2.2677834,-0.02821476,-0.03378276,-0.0018338348,2.3194308,1.3187,1.4833907,-0.0003936064,-0.0011665588
PDE4D,1.4125849,-0.023292638,0.8017308,0.64857644,-0.020635482,-0.008703591,0.6392245,2.2677834,-0.02821476,-0.03378276,-0.0018338348,2.3194308,1.3187,1.4833907,-0.0003936064,-0.0011665588
PDE5A,1.4125849,-0.023292638,0.8017308,0.64857644,-0.020635482,-0.008703591,0.6392245,2.2677834,-0.02821476,-0.03378276,-0.0018338348,2.3194308,1.3187,1.4833907,-0.0003936064,-0.0011665588
PDE9A,1.4125849,-0.023292638,0.8017308,0.64857644,-0.020635482,-0.008703591,0.6392245,2.2677834,-0.02821476,-0.03378276,-0.0018338348,2.3194308,1.3187,1.4833907,-0.0003936064,-0.0011665588
PDGFD,1.4125849,-0.023292638,0.8017308,0.64857644,-0.020635482,-0.008703591,0.6392245,2.2677834,-0.02821476,-0.03378276,-0.0018338348,2.3194308,1.3187,1.4833907,-0.0003936064,-0.0011665588
PDZD4,1.4125849,-0.023292638,0.8017308,0.64857644,-0.020635482,-0.008703591,0.6392245,2.2677834,-0.02821476,-0.03378276,-0.0018338348,2.3194308,1.3187,1.4833907,-0.0003936064,-0.0011665588
PDZK1IP1,1.4125849,-0.023292638,0.8017308,0.64857644,-0.020635482,-0.008703591,0.6392245,2.2677834,-0.02821476,-0.03378276,-0.0018338348,2.3194308,1.3187,1.4833907,-0.0003936064,-0.0011665588
PECR,1.4125849,-0.023292638,0.8017308,0.64857644,-0.020635482,-0.008703591,0.6392245,2.2677834,-0.02821476,-0.03378276,-0.0018338348,2.3194308,1.3187,1.4833907,-0.0003936064,-0.0011665588
PERP,1.4125849,-0.023292638,0.8017308,0.64857644,-0.020635482,-0.008703591,0.6392245,2.2677834,-0.02821476,-0.03378276,-0.0018338348,2.3194308,1.3187,1.4833907,-0.0003936064,-0.0011665588
PEX12,1.3375931,-0.023539819,0.7483898,0.6662448,-0.02067492,-0.009154911,0.65960556,2.2832098,-0.027505819,-0.03301183,-0.0019432846,2.356242,1.3614366,1.5399665,-0.00021081774,-0.0012580997
PFKFB1,1.4063948,-0.022367306,0.7271749,0.69755614,-0.021067811,-0.0090535795,0.5968012,2.2347817,-0.028394908,-0.034352824,-0.0025593417,2.348007,1.3284153,1.5106052,0.017504789,-0.0009885073
PFKP,1.4125849,-0.023292638,0.8017308,0.64857644,-0.020635482,-0.008703591,0.6392245,2.2677834,-0.02821476,-0.03378276,-0.0018338348,2.3194308,1.3187,1.4833907,-0.0003936064,-0.0011665588
PGAP1,1.4125849,-0.023292638,0.8017308,0.64857644,-0.020635482,-0.008703591,0.6392245,2.2677834,-0.02821476,-0.03378276,-0.0018338348,2.3194308,1.3187,1.4833907,-0.0003936064,-0.0011665588
PGBD4,1.3396465,-0.023580937,0.7509962,0.66734135,-0.020699682,-0.009167733,0.6626581,2.2878432,-0.02752281,-0.03304971,-0.0019281758,2.356728,1.3630004,1.5420486,-0.00024037166,-0.0012737679
PGGHG,1.4125849,-0.023292638,0.8017308,0.64857644,-0.020635482,-0.008703591,0.6392245,2.2677834,-0.02821476,-0.03378276,-0.0018338348,2.3194308,1.3187,1.4833907,-0.0003936064,-0.0011665588
PGM2L1,1.4125849,-0.023292638,0.8017308,0.64857644,-0.020635482,-0.008703591,0.6392245,2.2677834,-0.02821476,-0.03378276,-0.0018338348,2.3194308,1.3187,1.4833907,-0.0003936064,-0.0011665588
PGM5P4-AS1,1.4125849,-0.023292638,0.8017308,0.64857644,-0.020635482,-0.008703591,0.6392245,2.2677834,-0.02821476,-0.03378276,-0.0018338348,2.3194308,1.3187,1.4833907,-0.0003936064,-0.0011665588
PHC1,1.4125849,-0.023292638,0.8017308,0.64857644,-0.020635482,-0.008703591,0.6392245,2.2677834,-0.02821476,-0.03378276,-0.0018338348,2.3194308,1.3187,1.4833907,-0.0003936064,-0.0011665588
PHF1,0.85953164,-0.016044244,0.73271036,0.3155347,-0.015484046,-0.0070628226,0.44663006,1.9456936,-0.01918292,-0.0256291,0.06349227,1.6060858,0.845681,1.3157684,-0.00065866765,0.19463241
PHF7,1.4137145,-0.02329587,0.8009426,0.6493965,-0.020645084,-0.008709131,0.6389275,2.2688508,-0.02820855,-0.033780575,-0.0018293677,2.320351,1.3191029,1.482799,-0.0003975999,-0.0011733394
PHLDA3,1.4125849,-0.023292638,0.8017308,0.64857644,-0.020635482,-0.008703591,0.6392245,2.2677834,-0.02821476,-0.03378276,-0.0018338348,2.3194308,1.3187,1.4833907,-0.0003936064,-0.0011665588
PHLDB3,1.4125849,-0.023292638,0.8017308,0.64857644,-0.020635482,-0.008703591,0.6392245,2.2677834,-0.02821476,-0.03378276,-0.0018338348,2.3194308,1.3187,1.4833907,-0.0003936064,-0.0011665588
PHOX2A,1.4125849,-0.023292638,0.8017308,0.64857644,-0.020635482,-0.008703591,0.6392245,2.2677834,-0.02821476,-0.03378276,-0.0018338348,2.3194308,1.3187,1.4833907,-0.0003936064,-0.0011665588
PHYH,1.2886138,-0.023398282,0.8040318,0.7168919,-0.01999081,-0.008039989,0.60573524,2.2904255,-0.0264793,-0.033872407,-0.00012055656,2.241349,1.1201737,1.327325,0.13501322,-0.00014173068
PHYHIPL,1.4125849,-0.023292638,0.8017308,0.64857644,-0.020635482,-0.008703591,0.6392245,2.2677834,-0.02821476,-0.03378276,-0.0018338348,2.3194308,1.3187,1.4833907,-0.0003936064,-0.0011665588
PICART1,1.4125849,-0.023292638,0.8017308,0.64857644,-0.020635482,-0.008703591,0.6392245,2.2677834,-0.02821476,-0.03378276,-0.0018338348,2.3194308,1.3187,1.4833907,-0.0003936064,-0.0011665588
PID1,1.4125849,-0.023292638,0.8017308,0.64857644,-0.020635482,-0.008703591,0.6392245,2.2677834,-0.02821476,-0.03378276,-0.0018338348,2.3194308,1.3187,1.4833907,-0.0003936064,-0.0011665588
PIF1,1.3721014,-0.020222288,0.8290009,0.42491955,-0.020895863,-0.006715822,0.8264154,2.05837,-0.025780298,-0.030049132,-0.0008473828,2.1059058,1.2954988,1.2579331,0.08918674,-0.0007479474
PIGK,1.4125849,-0.023292638,0.8017308,0.64857644,-0.020635482,-0.008703591,0.6392245,2.2677834,-0.02821476,-0.03378276,-0.0018338348,2.3194308,1.3187,1.4833907,-0.0003936064,-0.0011665588
PIGL,1.4125849,-0.023292638,0.8017308,0.64857644,-0.020635482,-0.008703591,0.6392245,2.2677834,-0.02821476,-0.03378276,-0.0018338348,2.3194308,1.3187,1.4833907,-0.0003936064,-0.0011665588
PITPNM2,1.4271156,-0.023392387,0.8295836,0.69112873,-0.020968633,-0.009397985,0.6499647,2.2774303,-0.027450422,-0.033606153,-0.0025052973,2.2597353,1.3681476,1.5032365,-0.00049101916,-0.0013785011
PKD1,1.4125849,-0.023292638,0.8017308,0.64857644,-0.020635482,-0.008703591,0.6392245,2.2677834,-0.02821476,-0.03378276,-0.0018338348,2.3194308,1.3187,1.4833907,-0.0003936064,-0.0011665588
PKIA,1.4125849,-0.023292638,0.8017308,0.64857644,-0.020635482,-0.008703591,0.6392245,2.2677834,-0.02821476,-0.03378276,-0.0018338348,2.3194308,1.3187,1.4833907,-0.0003936064,-0.0011665588
PLA2G4E-AS1,1.4124852,-0.023287594,0.8008888,0.64767927,-0.020629339,-0.008697394,0.63905823,2.266973,-0.028219497,-0.03378779,-0.0018381361,2.319236,1.3185261,1.4836047,-0.00039514242,-0.0011609077
PLA2G6,1.4125849,-0.023292638,0.8017308,0.64857644,-0.020635482,-0.008703591,0.6392245,2.2677834,-0.02821476,-0.03378276,-0.0018338348,2.3194308,1.3187,1.4833907,-0.0003936064,-0.0011665588
PLAAT2,1.4128786,-0.023291998,0.8022895,0.6483322,-0.020632925,-0.00869935,0.6393917,2.2664604,-0.02821781,-0.03377153,-0.0018395947,2.3200302,1.3189737,1.4830514,-0.00038116693,-0.001174243
PLAC1,1.4125849,-0.023292638,0.8017308,0.64857644,-0.020635482,-0.008703591,0.6392245,2.2677834,-0.02821476,-0.03378276,-0.0018338348,2.3194308,1.3187,1.4833907,-0.0003936064,-0.0011665588
PLAUR,1.4125849,-0.023292638,0.8017308,0.64857644,-0.020635482,-0.008703591,0.6392245,2.2677834,-0.02821476,-0.03378276,-0.0018338348,2.3194308,1.3187,1.4833907,-0.0003936064,-0.0011665588
PLCG1,1.4125849,-0.023292638,0.8017308,0.64857644,-0.020635482,-0.008703591,0.6392245,2.2677834,-0.02821476,-0.03378276,-0.0018338348,2.3194308,1.3187,1.4833907,-0.0003936064,-0.0011665588
PLCL1,1.4127346,-0.023292562,0.8026385,0.64761823,-0.020632455,-0.008697822,0.6380586,2.2673407,-0.028206052,-0.03379725,-0.0018370403,2.3197758,1.3196402,1.4823432,-0.00040205597,-0.0011777007
PLCXD2,1.4125849,-0.023292638,0.8017308,0.64857644,-0.020635482,-0.008703591,0.6392245,2.2677834,-0.02821476,-0.03378276,-0.0018338348,2.3194308,1.3187,1.4833907,-0.0003936064,-0.0011665588
PLD5,1.4125849,-0.023292638,0.8017308,0.64857644,-0.020635482,-0.008703591,0.6392245,2.2677834,-0.02821476,-0.03378276,-0.0018338348,2.3194308,1.3187,1.4833907,-0.0003936064,-0.0011665588
PLEKHA1,1.4124068,-0.02327248,0.79874843,0.6493369,-0.020631136,-0.008673036,0.6366332,2.2652888,-0.028169967,-0.03375177,-0.0018434615,2.3161504,1.3161155,1.4865477,-0.0003547457,-0.0011790764
PLEKHA5,1.4125849,-0.023292638,0.8017308,0.64857644,-0.020635482,-0.008703591,0.6392245,2.2677834,-0.02821476,-0.03378276,-0.0018338348,2.3194308,1.3187,1.4833907,-0.0003936064,-0.0011665588
PLEKHF1,1.4125849,-0.023292638,0.8017308,0.64857644,-0.020635482,-0.008703591,0.6392245,2.2677834,-0.02821476,-0.03378276,-0.0018338348,2.3194308,1.3187,1.4833907,-0.0003936064,-0.0011665588
PLEKHG1,0.84639573,-0.018838307,0.75011086,0.13140972,-0.018431362,-0.010100438,0.6792216,2.0285668,-0.023178607,-0.02809504,-0.0007654804,1.8435819,1.1105574,1.3355336,0.13505079,0.0041726455
PLGRKT,1.4125849,-0.023292638,0.8017308,0.64857644,-0.020635482,-0.008703591,0.6392245,2.2677834,-0.02821476,-0.03378276,-0.0018338348,2.3194308,1.3187,1.4833907,-0.0003936064,-0.0011665588
PLPP1,1.4125849,-0.023292638,0.8017308,0.64857644,-0.020635482,-0.008703591,0.6392245,2.2677834,-0.02821476,-0.03378276,-0.0018338348,2.3194308,1.3187,1.4833907,-0.0003936064,-0.0011665588
PLPPR3,1.4125849,-0.023292638,0.8017308,0.64857644,-0.020635482,-0.008703591,0.6392245,2.2677834,-0.02821476,-0.03378276,-0.0018338348,2.3194308,1.3187,1.4833907,-0.0003936064,-0.0011665588
PLXDC1,1.4125849,-0.023292638,0.8017308,0.64857644,-0.020635482,-0.008703591,0.6392245,2.2677834,-0.02821476,-0.03378276,-0.0018338348,2.3194308,1.3187,1.4833907,-0.0003936064,-0.0011665588
PLXDC2,1.4125849,-0.023292638,0.8017308,0.64857644,-0.020635482,-0.008703591,0.6392245,2.2677834,-0.02821476,-0.03378276,-0.0018338348,2.3194308,1.3187,1.4833907,-0.0003936064,-0.0011665588
PLXNA3,1.3990097,-0.024409989,0.6565998,0.71784043,-0.018224292,-0.010813156,0.78649265,2.1349409,-0.026574137,-0.031696294,-0.00041077577,2.0664485,1.2636955,1.4521892,0.017155461,-0.0031857484
PM20D1,1.4125849,-0.023292638,0.8017308,0.64857644,-0.020635482,-0.008703591,0.6392245,2.2677834,-0.02821476,-0.03378276,-0.0018338348,2.3194308,1.3187,1.4833907,-0.0003936064,-0.0011665588
PMS1,1.3990097,-0.024409989,0.6565998,0.71784043,-0.018224292,-0.010813156,0.78649265,2.1349409,-0.026574137,-0.031696294,-0.00041077577,2.0664485,1.2636955,1.4521892,0.017155461,-0.0031857484
PNMT,1.4125849,-0.023292638,0.8017308,0.64857644,-0.020635482,-0.008703591,0.6392245,2.2677834,-0.02821476,-0.03378276,-0.0018338348,2.3194308,1.3187,1.4833907,-0.0003936064,-0.0011665588
PNPLA2,1.4125849,-0.023292638,0.8017308,0.64857644,-0.020635482,-0.008703591,0.6392245,2.2677834,-0.02821476,-0.03378276,-0.0018338348,2.3194308,1.3187,1.4833907,-0.0003936064,-0.0011665588
PNPLA3,1.4125849,-0.023292638,0.8017308,0.64857644,-0.020635482,-0.008703591,0.6392245,2.2677834,-0.02821476,-0.03378276,-0.0018338348,2.3194308,1.3187,1.4833907,-0.0003936064,-0.0011665588
POC5,1.4137145,-0.02329587,0.8009426,0.6493965,-0.020645084,-0.008709131,0.6389275,2.2688508,-0.02820855,-0.033780575,-0.0018293677,2.320351,1.3191029,1.482799,-0.0003975999,-0.0011733394
POLR3E,1.4125849,-0.023292638,0.8017308,0.64857644,-0.020635482,-0.008703591,0.6392245,2.2677834,-0.02821476,-0.03378276,-0.0018338348,2.3194308,1.3187,1.4833907,-0.0003936064,-0.0011665588
POMT1,1.4125849,-0.023292638,0.8017308,0.64857644,-0.020635482,-0.008703591,0.6392245,2.2677834,-0.02821476,-0.03378276,-0.0018338348,2.3194308,1.3187,1.4833907,-0.0003936064,-0.0011665588
POT1-AS1,1.4124852,-0.023287594,0.8008888,0.64767927,-0.020629339,-0.008697394,0.63905823,2.266973,-0.028219497,-0.03378779,-0.0018381361,2.319236,1.3185261,1.4836047,-0.00039514242,-0.0011609077
POU3F1,1.4271156,-0.023392387,0.8295836,0.69112873,-0.020968633,-0.009397985,0.6499647,2.2774303,-0.027450422,-0.033606153,-0.0025052973,2.2597353,1.3681476,1.5032365,-0.00049101916,-0.0013785011
POU6F1,1.4125849,-0.023292638,0.8017308,0.64857644,-0.020635482,-0.008703591,0.6392245,2.2677834,-0.02821476,-0.03378276,-0.0018338348,2.3194308,1.3187,1.4833907,-0.0003936064,-0.0011665588
PPIAL4G,1.4125849,-0.023292638,0.8017308,0.64857644,-0.020635482,-0.008703591,0.6392245,2.2677834,-0.02821476,-0.03378276,-0.0018338348,2.3194308,1.3187,1.4833907,-0.0003936064,-0.0011665588
PPM1E,1.4125849,-0.023292638,0.8017308,0.64857644,-0.020635482,-0.008703591,0.6392245,2.2677834,-0.02821476,-0.03378276,-0.0018338348,2.3194308,1.3187,1.4833907,-0.0003936064,-0.0011665588
PPM1K-DT,1.4125849,-0.023292638,0.8017308,0.64857644,-0.020635482,-0.008703591,0.6392245,2.2677834,-0.02821476,-0.03378276,-0.0018338348,2.3194308,1.3187,1.4833907,-0.0003936064,-0.0011665588
PPP1R10,1.4125849,-0.023292638,0.8017308,0.64857644,-0.020635482,-0.008703591,0.6392245,2.2677834,-0.02821476,-0.03378276,-0.0018338348,2.3194308,1.3187,1.4833907,-0.0003936064,-0.0011665588
PPP1R12A-AS1,1.4125849,-0.023292638,0.8017308,0.64857644,-0.020635482,-0.008703591,0.6392245,2.2677834,-0.02821476,-0.03378276,-0.0018338348,2.3194308,1.3187,1.4833907,-0.0003936064,-0.0011665588
PPP1R14B-AS1,1.4786823,-0.020962583,0.6779665,0.706234,-0.01948959,-0.008131304,0.533219,2.1242952,-0.027272953,-0.033254202,-0.0011364381,2.3026066,1.1317416,1.4841118,-0.00018035174,-0.0001838503
PPP1R36,1.126832,-0.02010549,0.6344025,0.689811,-0.02070656,-0.005213176,0.2975413,1.9111812,-0.030000385,-0.02916305,-0.004811839,2.3534868,1.348174,1.128421,0.09913291,0.055902623
PPP1R9A,1.4125849,-0.023292638,0.8017308,0.64857644,-0.020635482,-0.008703591,0.6392245,2.2677834,-0.02821476,-0.03378276,-0.0018338348,2.3194308,1.3187,1.4833907,-0.0003936064,-0.0011665588
PPP2R3B,1.3946742,-0.022655874,0.6661938,0.64601344,-0.019384641,-0.008034056,0.6784773,2.2764227,-0.027240228,-0.03443405,-0.0026611283,2.1614032,1.1651657,1.4507954,-0.0009890946,-0.0018357891
PPP4R1-AS1,1.4125849,-0.023292638,0.8017308,0.64857644,-0.020635482,-0.008703591,0.6392245,2.2677834,-0.02821476,-0.03378276,-0.0018338348,2.3194308,1.3187,1.4833907,-0.0003936064,-0.0011665588
PRAG1,1.4125849,-0.023292638,0.8017308,0.64857644,-0.020635482,-0.008703591,0.6392245,2.2677834,-0.02821476,-0.03378276,-0.0018338348,2.3194308,1.3187,1.4833907,-0.0003936064,-0.0011665588
PRAME,1.4125849,-0.023292638,0.8017308,0.64857644,-0.020635482,-0.008703591,0.6392245,2.2677834,-0.02821476,-0.03378276,-0.0018338348,2.3194308,1.3187,1.4833907,-0.0003936064,-0.0011665588
PRDM1,1.6128451,-0.02335009,1.0057425,0.8964874,-0.01923266,-0.0074272603,0.5808065,2.0249028,-0.03199611,-0.034270283,-0.01418824,2.1332893,1.9496257,1.7698051,-0.00711599,-0.008717981
PREPL,1.4125849,-0.023292638,0.8017308,0.64857644,-0.020635482,-0.008703591,0.6392245,2.2677834,-0.02821476,-0.03378276,-0.0018338348,2.3194308,1.3187,1.4833907,-0.0003936064,-0.0011665588
PREX2,1.4125849,-0.023292638,0.8017308,0.64857644,-0.020635482,-0.008703591,0.6392245,2.2677834,-0.02821476,-0.03378276,-0.0018338348,2.3194308,1.3187,1.4833907,-0.0003936064,-0.0011665588
PRF1,1.4125849,-0.023292638,0.8017308,0.64857644,-0.020635482,-0.008703591,0.6392245,2.2677834,-0.02821476,-0.03378276,-0.0018338348,2.3194308,1.3187,1.4833907,-0.0003936064,-0.0011665588
PRICKLE4,1.4125849,-0.023292638,0.8017308,0.64857644,-0.020635482,-0.008703591,0.6392245,2.2677834,-0.02821476,-0.03378276,-0.0018338348,2.3194308,1.3187,1.4833907,-0.0003936064,-0.0011665588
PRIM2,1.4125849,-0.023292638,0.8017308,0.64857644,-0.020635482,-0.008703591,0.6392245,2.2677834,-0.02821476,-0.03378276,-0.0018338348,2.3194308,1.3187,1.4833907,-0.0003936064,-0.0011665588
PRKAR1B,1.4125849,-0.023292638,0.8017308,0.64857644,-0.020635482,-0.008703591,0.6392245,2.2677834,-0.02821476,-0.03378276,-0.0018338348,2.3194308,1.3187,1.4833907,-0.0003936064,-0.0011665588
PRKCA-AS1,1.4125849,-0.023292638,0.8017308,0.64857644,-0.020635482,-0.008703591,0.6392245,2.2677834,-0.02821476,-0.03378276,-0.0018338348,2.3194308,1.3187,1.4833907,-0.0003936064,-0.0011665588
PRKCG,1.4125849,-0.023292638,0.8017308,0.64857644,-0.020635482,-0.008703591,0.6392245,2.2677834,-0.02821476,-0.03378276,-0.0018338348,2.3194308,1.3187,1.4833907,-0.0003936064,-0.0011665588
PRKCQ-AS1,1.4125849,-0.023292638,0.8017308,0.64857644,-0.020635482,-0.008703591,0.6392245,2.2677834,-0.02821476,-0.03378276,-0.0018338348,2.3194308,1.3187,1.4833907,-0.0003936064,-0.0011665588
PRKD2,1.4125849,-0.023292638,0.8017308,0.64857644,-0.020635482,-0.008703591,0.6392245,2.2677834,-0.02821476,-0.03378276,-0.0018338348,2.3194308,1.3187,1.4833907,-0.0003936064,-0.0011665588
PRKN,1.4125849,-0.023292638,0.8017308,0.64857644,-0.020635482,-0.008703591,0.6392245,2.2677834,-0.02821476,-0.03378276,-0.0018338348,2.3194308,1.3187,1.4833907,-0.0003936064,-0.0011665588
PRKRIP1,1.4125849,-0.023292638,0.8017308,0.64857644,-0.020635482,-0.008703591,0.6392245,2.2677834,-0.02821476,-0.03378276,-0.0018338348,2.3194308,1.3187,1.4833907,-0.0003936064,-0.0011665588
PRKX,1.4123738,-0.02328774,0.80262357,0.6487583,-0.020633606,-0.008713098,0.6401319,2.2666583,-0.028221542,-0.033781063,-0.001831303,2.318974,1.3176168,1.4840212,-0.0003836432,-0.0011672133
PRORP,1.4125849,-0.023292638,0.8017308,0.64857644,-0.020635482,-0.008703591,0.6392245,2.2677834,-0.02821476,-0.03378276,-0.0018338348,2.3194308,1.3187,1.4833907,-0.0003936064,-0.0011665588
PROS1,1.4125849,-0.023292638,0.8017308,0.64857644,-0.020635482,-0.008703591,0.6392245,2.2677834,-0.02821476,-0.03378276,-0.0018338348,2.3194308,1.3187,1.4833907,-0.0003936064,-0.0011665588
PROX2,1.547617,-0.023520775,1.022001,0.55514276,-0.017511843,-0.009964736,0.6363314,2.2711613,-0.025348995,-0.03392622,-0.0005950905,2.3049169,1.3648708,1.4516104,0.08195855,-0.0028187393
PRR3,1.4125849,-0.023292638,0.8017308,0.64857644,-0.020635482,-0.008703591,0.6392245,2.2677834,-0.02821476,-0.03378276,-0.0018338348,2.3194308,1.3187,1.4833907,-0.0003936064,-0.0011665588
PRR5,1.4121956,-0.0232928,0.8024285,0.64799565,-0.020630991,-0.008695753,0.6389291,2.2674978,-0.028209936,-0.033783376,-0.0018392464,2.3199787,1.3190559,1.4839792,-0.00039519905,-0.0011674433
PRR5L,1.2886138,-0.023398282,0.8040318,0.7168919,-0.01999081,-0.008039989,0.60573524,2.2904255,-0.0264793,-0.033872407,-0.00012055656,2.241349,1.1201737,1.327325,0.13501322,-0.00014173068
PRRG2,1.4125849,-0.023292638,0.8017308,0.64857644,-0.020635482,-0.008703591,0.6392245,2.2677834,-0.02821476,-0.03378276,-0.0018338348,2.3194308,1.3187,1.4833907,-0.0003936064,-0.0011665588
PRRT2,1.4125849,-0.023292638,0.8017308,0.64857644,-0.020635482,-0.008703591,0.6392245,2.2677834,-0.02821476,-0.03378276,-0.0018338348,2.3194308,1.3187,1.4833907,-0.0003936064,-0.0011665588
PRRT4,1.4125849,-0.023292638,0.8017308,0.64857644,-0.020635482,-0.008703591,0.6392245,2.2677834,-0.02821476,-0.03378276,-0.0018338348,2.3194308,1.3187,1.4833907,-0.0003936064,-0.0011665588
PRSS22,1.1812887,-0.023372626,0.8682128,0.45242098,-0.020422827,-0.0074654743,0.6558222,2.0148993,-0.02575761,-0.0312421,-0.003208672,2.1666298,1.2662375,1.4029402,-0.0017618241,-0.002379772
PRSS35,1.4125849,-0.023292638,0.8017308,0.64857644,-0.020635482,-0.008703591,0.6392245,2.2677834,-0.02821476,-0.03378276,-0.0018338348,2.3194308,1.3187,1.4833907,-0.0003936064,-0.0011665588
PRSS38,1.4125849,-0.023292638,0.8017308,0.64857644,-0.020635482,-0.008703591,0.6392245,2.2677834,-0.02821476,-0.03378276,-0.0018338348,2.3194308,1.3187,1.4833907,-0.0003936064,-0.0011665588
PRTG,1.4125849,-0.023292638,0.8017308,0.64857644,-0.020635482,-0.008703591,0.6392245,2.2677834,-0.02821476,-0.03378276,-0.0018338348,2.3194308,1.3187,1.4833907,-0.0003936064,-0.0011665588
PSD2-AS1,1.4125849,-0.023292638,0.8017308,0.64857644,-0.020635482,-0.008703591,0.6392245,2.2677834,-0.02821476,-0.03378276,-0.0018338348,2.3194308,1.3187,1.4833907,-0.0003936064,-0.0011665588
PSD4,1.4125849,-0.023292638,0.8017308,0.64857644,-0.020635482,-0.008703591,0.6392245,2.2677834,-0.02821476,-0.03378276,-0.0018338348,2.3194308,1.3187,1.4833907,-0.0003936064,-0.0011665588
PSMD5,1.3928196,-0.023484657,0.58204395,0.76682013,-0.01865662,-0.011163143,0.74406934,2.1019392,-0.026754286,-0.032266356,-0.0011362829,2.0950246,1.2734108,1.4794037,0.07402086,-0.0030076967
PSORS1C1,1.4125849,-0.023292638,0.8017308,0.64857644,-0.020635482,-0.008703591,0.6392245,2.2677834,-0.02821476,-0.03378276,-0.0018338348,2.3194308,1.3187,1.4833907,-0.0003936064,-0.0011665588
PTCH1,1.492775,-0.023186313,0.95870185,0.5833332,-0.01813574,-0.010468844,0.6704174,2.3450425,-0.026279798,-0.033630207,-0.000938206,2.2868438,1.2921569,1.4577509,0.14635035,-0.002894342
PTCH2,1.4125849,-0.023292638,0.8017308,0.64857644,-0.020635482,-0.008703591,0.6392245,2.2677834,-0.02821476,-0.03378276,-0.0018338348,2.3194308,1.3187,1.4833907,-0.0003936064,-0.0011665588
PTGDR,1.4125849,-0.023292638,0.8017308,0.64857644,-0.020635482,-0.008703591,0.6392245,2.2677834,-0.02821476,-0.03378276,-0.0018338348,2.3194308,1.3187,1.4833907,-0.0003936064,-0.0011665588
PTGDS,1.3866321,-0.020322034,0.8568537,0.46747187,-0.021229012,-0.007410216,0.8371556,2.0680172,-0.025015961,-0.029872524,-0.0015188451,2.0462105,1.3449465,1.277779,0.07944545,-0.00095988926
PTH2,1.4848722,-0.021887915,0.75252235,0.6572543,-0.01905726,-0.007781316,0.5756423,2.1572971,-0.027092801,-0.03268414,-0.00041093177,2.2740304,1.1220263,1.4568973,-0.00074900565,-0.00036190182
PTOV1-AS1,1.4125849,-0.023292638,0.8017308,0.64857644,-0.020635482,-0.008703591,0.6392245,2.2677834,-0.02821476,-0.03378276,-0.0018338348,2.3194308,1.3187,1.4833907,-0.0003936064,-0.0011665588
PTPN12,1.4125849,-0.023292638,0.8017308,0.64857644,-0.020635482,-0.008703591,0.6392245,2.2677834,-0.02821476,-0.03378276,-0.0018338348,2.3194308,1.3187,1.4833907,-0.0003936064,-0.0011665588
PTPN22,1.41103,-0.02327839,0.8014369,0.6470954,-0.020652328,-0.008714188,0.6401549,2.265462,-0.028223475,-0.033767477,-0.0018437773,2.3199003,1.3163702,1.4821539,-0.0004132001,-0.0011554653
PTPN7,1.4128786,-0.023291998,0.8022895,0.6483322,-0.020632925,-0.00869935,0.6393917,2.2664604,-0.02821781,-0.03377153,-0.0018395947,2.3200302,1.3189737,1.4830514,-0.00038116693,-0.001174243
PTPRG,1.4125849,-0.023292638,0.8017308,0.64857644,-0.020635482,-0.008703591,0.6392245,2.2677834,-0.02821476,-0.03378276,-0.0018338348,2.3194308,1.3187,1.4833907,-0.0003936064,-0.0011665588
PTPRK,1.4125849,-0.023292638,0.8017308,0.64857644,-0.020635482,-0.008703591,0.6392245,2.2677834,-0.02821476,-0.03378276,-0.0018338348,2.3194308,1.3187,1.4833907,-0.0003936064,-0.0011665588
PTPRM,1.183229,-0.020454202,0.6979956,0.6631017,-0.02006582,-0.0046984702,0.26252487,1.8396215,-0.029060867,-0.029474346,-0.0044587813,2.3710904,1.4232174,1.1235174,0.036700487,0.062353514
PURA,1.4119402,-0.023287145,0.80123776,0.64802384,-0.020629754,-0.008701521,0.6391705,2.2672544,-0.028204247,-0.03377123,-0.0018239487,2.318873,1.3180033,1.4826823,-0.000389252,-0.0011607715
PWWP3A,1.4125849,-0.023292638,0.8017308,0.64857644,-0.020635482,-0.008703591,0.6392245,2.2677834,-0.02821476,-0.03378276,-0.0018338348,2.3194308,1.3187,1.4833907,-0.0003936064,-0.0011665588
PYHIN1,1.4125849,-0.023292638,0.8017308,0.64857644,-0.020635482,-0.008703591,0.6392245,2.2677834,-0.02821476,-0.03378276,-0.0018338348,2.3194308,1.3187,1.4833907,-0.0003936064,-0.0011665588
RAB11FIP3,1.4125849,-0.023292638,0.8017308,0.64857644,-0.020635482,-0.008703591,0.6392245,2.2677834,-0.02821476,-0.03378276,-0.0018338348,2.3194308,1.3187,1.4833907,-0.0003936064,-0.0011665588
RAB17,1.41103,-0.02327839,0.8014369,0.6470954,-0.020652328,-0.008714188,0.6401549,2.265462,-0.028223475,-0.033767477,-0.0018437773,2.3199003,1.3163702,1.4821539,-0.0004132001,-0.0011554653
RAB26,1.4137145,-0.02329587,0.8009426,0.6493965,-0.020645084,-0.008709131,0.6389275,2.2688508,-0.02820855,-0.033780575,-0.0018293677,2.320351,1.3191029,1.482799,-0.0003975999,-0.0011733394
RAB27B,1.4125849,-0.023292638,0.8017308,0.64857644,-0.020635482,-0.008703591,0.6392245,2.2677834,-0.02821476,-0.03378276,-0.0018338348,2.3194308,1.3187,1.4833907,-0.0003936064,-0.0011665588
RAB30-DT,1.4125849,-0.023292638,0.8017308,0.64857644,-0.020635482,-0.008703591,0.6392245,2.2677834,-0.02821476,-0.03378276,-0.0018338348,2.3194308,1.3187,1.4833907,-0.0003936064,-0.0011665588
RAB3IL1,1.4125849,-0.023292638,0.8017308,0.64857644,-0.020635482,-0.008703591,0.6392245,2.2677834,-0.02821476,-0.03378276,-0.0018338348,2.3194308,1.3187,1.4833907,-0.0003936064,-0.0011665588
RAB9B,1.4125849,-0.023292638,0.8017308,0.64857644,-0.020635482,-0.008703591,0.6392245,2.2677834,-0.02821476,-0.03378276,-0.0018338348,2.3194308,1.3187,1.4833907,-0.0003936064,-0.0011665588
RABEP2,1.4105314,-0.02325152,0.7991245,0.64747995,-0.02061072,-0.008690771,0.636172,2.2631497,-0.028197767,-0.033744883,-0.0018489436,2.318945,1.3171363,1.4813086,-0.00036405234,-0.0011508906
RABEPK,1.4125849,-0.023292638,0.8017308,0.64857644,-0.020635482,-0.008703591,0.6392245,2.2677834,-0.02821476,-0.03378276,-0.0018338348,2.3194308,1.3187,1.4833907,-0.0003936064,-0.0011665588
RABGAP1L-DT,1.3652904,-0.022982465,0.74883455,0.5799632,-0.020713909,-0.0089688385,0.6520258,2.2598364,-0.027539706,-0.03332276,-0.0016806397,2.3615706,1.3598664,1.4768136,-0.00013004898,-0.0010180708
RAC3,1.4125849,-0.023292638,0.8017308,0.64857644,-0.020635482,-0.008703591,0.6392245,2.2677834,-0.02821476,-0.03378276,-0.0018338348,2.3194308,1.3187,1.4833907,-0.0003936064,-0.0011665588
RAD23B,1.4125849,-0.023292638,0.8017308,0.64857644,-0.020635482,-0.008703591,0.6392245,2.2677834,-0.02821476,-0.03378276,-0.0018338348,2.3194308,1.3187,1.4833907,-0.0003936064,-0.0011665588
RAD51-AS1,1.4125849,-0.023292638,0.8017308,0.64857644,-0.020635482,-0.008703591,0.6392245,2.2677834,-0.02821476,-0.03378276,-0.0018338348,2.3194308,1.3187,1.4833907,-0.0003936064,-0.0011665588
RAD9A,1.4125849,-0.023292638,0.8017308,0.64857644,-0.020635482,-0.008703591,0.6392245,2.2677834,-0.02821476,-0.03378276,-0.0018338348,2.3194308,1.3187,1.4833907,-0.0003936064,-0.0011665588
RADIL,1.4125849,-0.023292638,0.8017308,0.64857644,-0.020635482,-0.008703591,0.6392245,2.2677834,-0.02821476,-0.03378276,-0.0018338348,2.3194308,1.3187,1.4833907,-0.0003936064,-0.0011665588
RADX,1.4125849,-0.023292638,0.8017308,0.64857644,-0.020635482,-0.008703591,0.6392245,2.2677834,-0.02821476,-0.03378276,-0.0018338348,2.3194308,1.3187,1.4833907,-0.0003936064,-0.0011665588
RALGDS,1.4124852,-0.023287594,0.8008888,0.64767927,-0.020629339,-0.008697394,0.63905823,2.266973,-0.028219497,-0.03378779,-0.0018381361,2.319236,1.3185261,1.4836047,-0.00039514242,-0.0011609077
RALY-AS1,1.4125849,-0.023292638,0.8017308,0.64857644,-0.020635482,-0.008703591,0.6392245,2.2677834,-0.02821476,-0.03378276,-0.0018338348,2.3194308,1.3187,1.4833907,-0.0003936064,-0.0011665588
RAMP1,1.4125849,-0.023292638,0.8017308,0.64857644,-0.020635482,-0.008703591,0.6392245,2.2677834,-0.02821476,-0.03378276,-0.0018338348,2.3194308,1.3187,1.4833907,-0.0003936064,-0.0011665588
RASAL3,1.4125849,-0.023292638,0.8017308,0.64857644,-0.020635482,-0.008703591,0.6392245,2.2677834,-0.02821476,-0.03378276,-0.0018338348,2.3194308,1.3187,1.4833907,-0.0003936064,-0.0011665588
RASGEF1A,1.4125849,-0.023292638,0.8017308,0.64857644,-0.020635482,-0.008703591,0.6392245,2.2677834,-0.02821476,-0.03378276,-0.0018338348,2.3194308,1.3187,1.4833907,-0.0003936064,-0.0011665588
RASGRF2,1.4858432,-0.023543715,0.7068908,0.55857843,-0.018806776,-0.0072389976,0.6906159,2.0854418,-0.027196279,-0.032130525,-0.002061214,2.150608,1.1790088,1.3634757,-0.0020589253,-0.0013641614
RASIP1,1.126832,-0.02010549,0.6344025,0.689811,-0.02070656,-0.005213176,0.2975413,1.9111812,-0.030000385,-0.02916305,-0.004811839,2.3534868,1.348174,1.128421,0.09913291,0.055902623
RASL11B,1.3990097,-0.024409989,0.6565998,0.71784043,-0.018224292,-0.010813156,0.78649265,2.1349409,-0.026574137,-0.031696294,-0.00041077577,2.0664485,1.2636955,1.4521892,0.017155461,-0.0031857484
RASSF1-AS1,1.4125849,-0.023292638,0.8017308,0.64857644,-0.020635482,-0.008703591,0.6392245,2.2677834,-0.02821476,-0.03378276,-0.0018338348,2.3194308,1.3187,1.4833907,-0.0003936064,-0.0011665588
RB1-DT,1.4125849,-0.023292638,0.8017308,0.64857644,-0.020635482,-0.008703591,0.6392245,2.2677834,-0.02821476,-0.03378276,-0.0018338348,2.3194308,1.3187,1.4833907,-0.0003936064,-0.0011665588
RBIS,1.3321224,-0.023294413,0.735883,0.6972524,-0.020130107,-0.008047949,0.6280316,2.1828496,-0.028478064,-0.034258723,-0.002596739,2.301553,1.340568,1.3898956,-0.00060153723,-0.0017894763
RBL1,1.4125849,-0.023292638,0.8017308,0.64857644,-0.020635482,-0.008703591,0.6392245,2.2677834,-0.02821476,-0.03378276,-0.0018338348,2.3194308,1.3187,1.4833907,-0.0003936064,-0.0011665588
RBM38,1.4125849,-0.023292638,0.8017308,0.64857644,-0.020635482,-0.008703591,0.6392245,2.2677834,-0.02821476,-0.03378276,-0.0018338348,2.3194308,1.3187,1.4833907,-0.0003936064,-0.0011665588
RBM48,1.4125849,-0.023292638,0.8017308,0.64857644,-0.020635482,-0.008703591,0.6392245,2.2677834,-0.02821476,-0.03378276,-0.0018338348,2.3194308,1.3187,1.4833907,-0.0003936064,-0.0011665588
RBP4,1.4125849,-0.023292638,0.8017308,0.64857644,-0.020635482,-0.008703591,0.6392245,2.2677834,-0.02821476,-0.03378276,-0.0018338348,2.3194308,1.3187,1.4833907,-0.0003936064,-0.0011665588
RCAN3,1.4125849,-0.023292638,0.8017308,0.64857644,-0.020635482,-0.008703591,0.6392245,2.2677834,-0.02821476,-0.03378276,-0.0018338348,2.3194308,1.3187,1.4833907,-0.0003936064,-0.0011665588
RCAN3AS,1.4121956,-0.0232928,0.8024285,0.64799565,-0.020630991,-0.008695753,0.6389291,2.2674978,-0.028209936,-0.033783376,-0.0018392464,2.3199787,1.3190559,1.4839792,-0.00039519905,-0.0011674433
RDH12,1.4125849,-0.023292638,0.8017308,0.64857644,-0.020635482,-0.008703591,0.6392245,2.2677834,-0.02821476,-0.03378276,-0.0018338348,2.3194308,1.3187,1.4833907,-0.0003936064,-0.0011665588
REST,1.6353886,-0.025145434,0.93246216,0.79024214,-0.022198178,-0.009902453,0.67939115,2.4265287,-0.03168789,-0.037679784,-0.005930243,2.4995391,1.6539674,1.7305281,-0.0022586824,-0.0038264624
REXO1,1.3652904,-0.022982465,0.74883455,0.5799632,-0.020713909,-0.0089688385,0.6520258,2.2598364,-0.027539706,-0.03332276,-0.0016806397,2.3615706,1.3598664,1.4768136,-0.00013004898,-0.0010180708
REXO4,1.4125849,-0.023292638,0.8017308,0.64857644,-0.020635482,-0.008703591,0.6392245,2.2677834,-0.02821476,-0.03378276,-0.0018338348,2.3194308,1.3187,1.4833907,-0.0003936064,-0.0011665588
RGL2,1.4125849,-0.023292638,0.8017308,0.64857644,-0.020635482,-0.008703591,0.6392245,2.2677834,-0.02821476,-0.03378276,-0.0018338348,2.3194308,1.3187,1.4833907,-0.0003936064,-0.0011665588
RGS1,1.4125849,-0.023292638,0.8017308,0.64857644,-0.020635482,-0.008703591,0.6392245,2.2677834,-0.02821476,-0.03378276,-0.0018338348,2.3194308,1.3187,1.4833907,-0.0003936064,-0.0011665588
RGS10,1.4125849,-0.023292638,0.8017308,0.64857644,-0.020635482,-0.008703591,0.6392245,2.2677834,-0.02821476,-0.03378276,-0.0018338348,2.3194308,1.3187,1.4833907,-0.0003936064,-0.0011665588
RGS16,1.4271156,-0.023392387,0.8295836,0.69112873,-0.020968633,-0.009397985,0.6499647,2.2774303,-0.027450422,-0.033606153,-0.0025052973,2.2597353,1.3681476,1.5032365,-0.00049101916,-0.0013785011
RGS3,1.4125849,-0.023292638,0.8017308,0.64857644,-0.020635482,-0.008703591,0.6392245,2.2677834,-0.02821476,-0.03378276,-0.0018338348,2.3194308,1.3187,1.4833907,-0.0003936064,-0.0011665588
RGS6,1.4125849,-0.023292638,0.8017308,0.64857644,-0.020635482,-0.008703591,0.6392245,2.2677834,-0.02821476,-0.03378276,-0.0018338348,2.3194308,1.3187,1.4833907,-0.0003936064,-0.0011665588
RGS7,1.5046868,-0.021733219,0.8811911,0.7689369,-0.01877653,-0.009070712,0.5666421,2.1968246,-0.028077228,-0.031377513,-0.0031115457,2.233477,1.2062994,1.5893044,-0.0007109964,-0.0024455206
RGS9,1.4125849,-0.023292638,0.8017308,0.64857644,-0.020635482,-0.008703591,0.6392245,2.2677834,-0.02821476,-0.03378276,-0.0018338348,2.3194308,1.3187,1.4833907,-0.0003936064,-0.0011665588
RHBDD1,1.4443887,-0.018817564,0.7797925,0.4335974,-0.01931764,-0.0057935463,0.76283324,1.9478838,-0.024658341,-0.028950512,0.057552055,2.0605054,1.0988252,1.2314397,0.053646818,0.0056710467
RHCE,1.4125849,-0.023292638,0.8017308,0.64857644,-0.020635482,-0.008703591,0.6392245,2.2677834,-0.02821476,-0.03378276,-0.0018338348,2.3194308,1.3187,1.4833907,-0.0003936064,-0.0011665588
RHO,1.126832,-0.02010549,0.6344025,0.689811,-0.02070656,-0.005213176,0.2975413,1.9111812,-0.030000385,-0.02916305,-0.004811839,2.3534868,1.348174,1.128421,0.09913291,0.055902623
RHOT2,1.4989791,-0.020749645,0.68949026,0.74270344,-0.015859462,-0.004201381,0.45802438,2.0025685,-0.023200592,-0.029664585,-0.000660811,1.9131119,0.9141325,1.3437104,-0.0040681013,0.054043554
RHOXF1,1.4125849,-0.023292638,0.8017308,0.64857644,-0.020635482,-0.008703591,0.6392245,2.2677834,-0.02821476,-0.03378276,-0.0018338348,2.3194308,1.3187,1.4833907,-0.0003936064,-0.0011665588
RHPN1-AS1,1.4125849,-0.023292638,0.8017308,0.64857644,-0.020635482,-0.008703591,0.6392245,2.2677834,-0.02821476,-0.03378276,-0.0018338348,2.3194308,1.3187,1.4833907,-0.0003936064,-0.0011665588
RIF1,1.4216872,-0.023331182,0.81242764,0.5532538,-0.020073166,-0.008454133,0.6170094,2.1882768,-0.026600184,-0.033634055,-0.0013275817,2.3791742,1.4349099,1.47191,-0.0007543734,-0.0009535619
RILPL1,1.4125849,-0.023292638,0.8017308,0.64857644,-0.020635482,-0.008703591,0.6392245,2.2677834,-0.02821476,-0.03378276,-0.0018338348,2.3194308,1.3187,1.4833907,-0.0003936064,-0.0011665588
RIMKLB,1.4125849,-0.023292638,0.8017308,0.64857644,-0.020635482,-0.008703591,0.6392245,2.2677834,-0.02821476,-0.03378276,-0.0018338348,2.3194308,1.3187,1.4833907,-0.0003936064,-0.0011665588
RN7SL832P,1.4125849,-0.023292638,0.8017308,0.64857644,-0.020635482,-0.008703591,0.6392245,2.2677834,-0.02821476,-0.03378276,-0.0018338348,2.3194308,1.3187,1.4833907,-0.0003936064,-0.0011665588
RNASE11,1.4125849,-0.023292638,0.8017308,0.64857644,-0.020635482,-0.008703591,0.6392245,2.2677834,-0.02821476,-0.03378276,-0.0018338348,2.3194308,1.3187,1.4833907,-0.0003936064,-0.0011665588
RNASEH2A,1.4125849,-0.023292638,0.8017308,0.64857644,-0.020635482,-0.008703591,0.6392245,2.2677834,-0.02821476,-0.03378276,-0.0018338348,2.3194308,1.3187,1.4833907,-0.0003936064,-0.0011665588
RNF113A,1.4125849,-0.023292638,0.8017308,0.64857644,-0.020635482,-0.008703591,0.6392245,2.2677834,-0.02821476,-0.03378276,-0.0018338348,2.3194308,1.3187,1.4833907,-0.0003936064,-0.0011665588
RNF115,1.4125849,-0.023292638,0.8017308,0.64857644,-0.020635482,-0.008703591,0.6392245,2.2677834,-0.02821476,-0.03378276,-0.0018338348,2.3194308,1.3187,1.4833907,-0.0003936064,-0.0011665588
RNF125,1.4125849,-0.023292638,0.8017308,0.64857644,-0.020635482,-0.008703591,0.6392245,2.2677834,-0.02821476,-0.03378276,-0.0018338348,2.3194308,1.3187,1.4833907,-0.0003936064,-0.0011665588
RNF126,1.3721014,-0.020222288,0.8290009,0.42491955,-0.020895863,-0.006715822,0.8264154,2.05837,-0.025780298,-0.030049132,-0.0008473828,2.1059058,1.2954988,1.2579331,0.08918674,-0.0007479474
RNF144A,1.4125849,-0.023292638,0.8017308,0.64857644,-0.020635482,-0.008703591,0.6392245,2.2677834,-0.02821476,-0.03378276,-0.0018338348,2.3194308,1.3187,1.4833907,-0.0003936064,-0.0011665588
RNF157,1.4125849,-0.023292638,0.8017308,0.64857644,-0.020635482,-0.008703591,0.6392245,2.2677834,-0.02821476,-0.03378276,-0.0018338348,2.3194308,1.3187,1.4833907,-0.0003936064,-0.0011665588
RNF165,1.492775,-0.023186313,0.95870185,0.5833332,-0.01813574,-0.010468844,0.6704174,2.3450425,-0.026279798,-0.033630207,-0.000938206,2.2868438,1.2921569,1.4577509,0.14635035,-0.002894342
RNF169,1.4125849,-0.023292638,0.8017308,0.64857644,-0.020635482,-0.008703591,0.6392245,2.2677834,-0.02821476,-0.03378276,-0.0018338348,2.3194308,1.3187,1.4833907,-0.0003936064,-0.0011665588
RNF34,1.4125849,-0.023292638,0.8017308,0.64857644,-0.020635482,-0.008703591,0.6392245,2.2677834,-0.02821476,-0.03378276,-0.0018338348,2.3194308,1.3187,1.4833907,-0.0003936064,-0.0011665588
RNF43,1.4125849,-0.023292638,0.8017308,0.64857644,-0.020635482,-0.008703591,0.6392245,2.2677834,-0.02821476,-0.03378276,-0.0018338348,2.3194308,1.3187,1.4833907,-0.0003936064,-0.0011665588
RNFT1-DT,1.4125849,-0.023292638,0.8017308,0.64857644,-0.020635482,-0.008703591,0.6392245,2.2677834,-0.02821476,-0.03378276,-0.0018338348,2.3194308,1.3187,1.4833907,-0.0003936064,-0.0011665588
RNLS,1.4125849,-0.023292638,0.8017308,0.64857644,-0.020635482,-0.008703591,0.6392245,2.2677834,-0.02821476,-0.03378276,-0.0018338348,2.3194308,1.3187,1.4833907,-0.0003936064,-0.0011665588
ROBO3,1.4125849,-0.023292638,0.8017308,0.64857644,-0.020635482,-0.008703591,0.6392245,2.2677834,-0.02821476,-0.03378276,-0.0018338348,2.3194308,1.3187,1.4833907,-0.0003936064,-0.0011665588
ROR2,1.4125849,-0.023292638,0.8017308,0.64857644,-0.020635482,-0.008703591,0.6392245,2.2677834,-0.02821476,-0.03378276,-0.0018338348,2.3194308,1.3187,1.4833907,-0.0003936064,-0.0011665588
RORA-AS1,1.4125849,-0.023292638,0.8017308,0.64857644,-0.020635482,-0.008703591,0.6392245,2.2677834,-0.02821476,-0.03378276,-0.0018338348,2.3194308,1.3187,1.4833907,-0.0003936064,-0.0011665588
RP1L1,1.4125849,-0.023292638,0.8017308,0.64857644,-0.020635482,-0.008703591,0.6392245,2.2677834,-0.02821476,-0.03378276,-0.0018338348,2.3194308,1.3187,1.4833907,-0.0003936064,-0.0011665588
RPGRIP1L,1.4125849,-0.023292638,0.8017308,0.64857644,-0.020635482,-0.008703591,0.6392245,2.2677834,-0.02821476,-0.03378276,-0.0018338348,2.3194308,1.3187,1.4833907,-0.0003936064,-0.0011665588
RPH3AL,1.371523,-0.023149423,0.76118994,0.5021149,-0.021302905,-0.008348783,0.63556135,2.2301831,-0.026870748,-0.03273478,-0.0015983166,2.357658,1.2165691,1.3962382,0.026681513,-5.8287158e-05
RRM2,1.4121956,-0.0232928,0.8024285,0.64799565,-0.020630991,-0.008695753,0.6389291,2.2674978,-0.028209936,-0.033783376,-0.0018392464,2.3199787,1.3190559,1.4839792,-0.00039519905,-0.0011674433
RSPH14,1.4125849,-0.023292638,0.8017308,0.64857644,-0.020635482,-0.008703591,0.6392245,2.2677834,-0.02821476,-0.03378276,-0.0018338348,2.3194308,1.3187,1.4833907,-0.0003936064,-0.0011665588
RTKN2,1.4123738,-0.02328774,0.80262357,0.6487583,-0.020633606,-0.008713098,0.6401319,2.2666583,-0.028221542,-0.033781063,-0.001831303,2.318974,1.3176168,1.4840212,-0.0003836432,-0.0011672133
RTN4RL2,1.4125849,-0.023292638,0.8017308,0.64857644,-0.020635482,-0.008703591,0.6392245,2.2677834,-0.02821476,-0.03378276,-0.0018338348,2.3194308,1.3187,1.4833907,-0.0003936064,-0.0011665588
RTP5,1.4858432,-0.023543715,0.7068908,0.55857843,-0.018806776,-0.0072389976,0.6906159,2.0854418,-0.027196279,-0.032130525,-0.002061214,2.150608,1.1790088,1.3634757,-0.0020589253,-0.0013641614
RTTN,1.4125849,-0.023292638,0.8017308,0.64857644,-0.020635482,-0.008703591,0.6392245,2.2677834,-0.02821476,-0.03378276,-0.0018338348,2.3194308,1.3187,1.4833907,-0.0003936064,-0.0011665588
RUBCNL,1.4124068,-0.02327248,0.79874843,0.6493369,-0.020631136,-0.008673036,0.6366332,2.2652888,-0.028169967,-0.03375177,-0.0018434615,2.3161504,1.3161155,1.4865477,-0.0003547457,-0.0011790764
RUNX2,1.4615612,-0.023641026,0.8262805,0.6897146,-0.020895585,-0.008471693,0.61490756,2.271564,-0.028807841,-0.034568872,-0.0028990135,2.372852,1.402319,1.5200081,-0.0008639955,-0.0015939253
RWDD1,1.4125849,-0.023292638,0.8017308,0.64857644,-0.020635482,-0.008703591,0.6392245,2.2677834,-0.02821476,-0.03378276,-0.0018338348,2.3194308,1.3187,1.4833907,-0.0003936064,-0.0011665588
S100A12,1.4128786,-0.023291998,0.8022895,0.6483322,-0.020632925,-0.00869935,0.6393917,2.2664604,-0.02821781,-0.03377153,-0.0018395947,2.3200302,1.3189737,1.4830514,-0.00038116693,-0.001174243
S100B,1.1812887,-0.023372626,0.8682128,0.45242098,-0.020422827,-0.0074654743,0.6558222,2.0148993,-0.02575761,-0.0312421,-0.003208672,2.1666298,1.2662375,1.4029402,-0.0017618241,-0.002379772
S1PR1,1.3300691,-0.023253296,0.7332766,0.69615585,-0.020105345,-0.008035127,0.6249791,2.1782162,-0.028461074,-0.03422085,-0.0026118478,2.3010669,1.3390042,1.3878134,-0.00057198317,-0.0017738079
S1PR5,1.4125849,-0.023292638,0.8017308,0.64857644,-0.020635482,-0.008703591,0.6392245,2.2677834,-0.02821476,-0.03378276,-0.0018338348,2.3194308,1.3187,1.4833907,-0.0003936064,-0.0011665588
SAMD11,1.4125849,-0.023292638,0.8017308,0.64857644,-0.020635482,-0.008703591,0.6392245,2.2677834,-0.02821476,-0.03378276,-0.0018338348,2.3194308,1.3187,1.4833907,-0.0003936064,-0.0011665588
SARS2,1.41103,-0.02327839,0.8014369,0.6470954,-0.020652328,-0.008714188,0.6401549,2.265462,-0.028223475,-0.033767477,-0.0018437773,2.3199003,1.3163702,1.4821539,-0.0004132001,-0.0011554653
SBF1,1.4125849,-0.023292638,0.8017308,0.64857644,-0.020635482,-0.008703591,0.6392245,2.2677834,-0.02821476,-0.03378276,-0.0018338348,2.3194308,1.3187,1.4833907,-0.0003936064,-0.0011665588
SCAI,1.4125849,-0.023292638,0.8017308,0.64857644,-0.020635482,-0.008703591,0.6392245,2.2677834,-0.02821476,-0.03378276,-0.0018338348,2.3194308,1.3187,1.4833907,-0.0003936064,-0.0011665588
SCFD2,1.4125849,-0.023292638,0.8017308,0.64857644,-0.020635482,-0.008703591,0.6392245,2.2677834,-0.02821476,-0.03378276,-0.0018338348,2.3194308,1.3187,1.4833907,-0.0003936064,-0.0011665588
SCLY,1.4125849,-0.023292638,0.8017308,0.64857644,-0.020635482,-0.008703591,0.6392245,2.2677834,-0.02821476,-0.03378276,-0.0018338348,2.3194308,1.3187,1.4833907,-0.0003936064,-0.0011665588
SCN2A,1.4125849,-0.023292638,0.8017308,0.64857644,-0.020635482,-0.008703591,0.6392245,2.2677834,-0.02821476,-0.03378276,-0.0018338348,2.3194308,1.3187,1.4833907,-0.0003936064,-0.0011665588
SCN5A,1.4125849,-0.023292638,0.8017308,0.64857644,-0.020635482,-0.008703591,0.6392245,2.2677834,-0.02821476,-0.03378276,-0.0018338348,2.3194308,1.3187,1.4833907,-0.0003936064,-0.0011665588
SCOC-AS1,1.371523,-0.023149423,0.76118994,0.5021149,-0.021302905,-0.008348783,0.63556135,2.2301831,-0.026870748,-0.03273478,-0.0015983166,2.357658,1.2165691,1.3962382,0.026681513,-5.8287158e-05
SCUBE1,1.371523,-0.023149423,0.76118994,0.5021149,-0.021302905,-0.008348783,0.63556135,2.2301831,-0.026870748,-0.03273478,-0.0015983166,2.357658,1.2165691,1.3962382,0.026681513,-5.8287158e-05
SDCBP2,1.4125849,-0.023292638,0.8017308,0.64857644,-0.020635482,-0.008703591,0.6392245,2.2677834,-0.02821476,-0.03378276,-0.0018338348,2.3194308,1.3187,1.4833907,-0.0003936064,-0.0011665588
SDK2,1.4125849,-0.023292638,0.8017308,0.64857644,-0.020635482,-0.008703591,0.6392245,2.2677834,-0.02821476,-0.03378276,-0.0018338348,2.3194308,1.3187,1.4833907,-0.0003936064,-0.0011665588
SDR42E2,1.4125849,-0.023292638,0.8017308,0.64857644,-0.020635482,-0.008703591,0.6392245,2.2677834,-0.02821476,-0.03378276,-0.0018338348,2.3194308,1.3187,1.4833907,-0.0003936064,-0.0011665588
SEC14L2,1.4104106,-0.023309104,0.79957646,0.64951706,-0.020605762,-0.008712372,0.6379734,2.2672656,-0.028188275,-0.03376633,-0.0018315454,2.3179383,1.3179502,1.4859527,-0.00037308782,-0.001148743
SEC14L5,1.4105314,-0.02325152,0.7991245,0.64747995,-0.02061072,-0.008690771,0.636172,2.2631497,-0.028197767,-0.033744883,-0.0018489436,2.318945,1.3171363,1.4813086,-0.00036405234,-0.0011508906
SEC23A-AS1,1.4125849,-0.023292638,0.8017308,0.64857644,-0.020635482,-0.008703591,0.6392245,2.2677834,-0.02821476,-0.03378276,-0.0018338348,2.3194308,1.3187,1.4833907,-0.0003936064,-0.0011665588
SEC31B,1.4125849,-0.023292638,0.8017308,0.64857644,-0.020635482,-0.008703591,0.6392245,2.2677834,-0.02821476,-0.03378276,-0.0018338348,2.3194308,1.3187,1.4833907,-0.0003936064,-0.0011665588
SELP,1.4125849,-0.023292638,0.8017308,0.64857644,-0.020635482,-0.008703591,0.6392245,2.2677834,-0.02821476,-0.03378276,-0.0018338348,2.3194308,1.3187,1.4833907,-0.0003936064,-0.0011665588
SEMA3D,1.4124068,-0.02327248,0.79874843,0.6493369,-0.020631136,-0.008673036,0.6366332,2.2652888,-0.028169967,-0.03375177,-0.0018434615,2.3161504,1.3161155,1.4865477,-0.0003547457,-0.0011790764
SEMA4C,1.4125849,-0.023292638,0.8017308,0.64857644,-0.020635482,-0.008703591,0.6392245,2.2677834,-0.02821476,-0.03378276,-0.0018338348,2.3194308,1.3187,1.4833907,-0.0003936064,-0.0011665588
SEMA6C,1.4125849,-0.023292638,0.8017308,0.64857644,-0.020635482,-0.008703591,0.6392245,2.2677834,-0.02821476,-0.03378276,-0.0018338348,2.3194308,1.3187,1.4833907,-0.0003936064,-0.0011665588
SEPTIN4-AS1,1.4125849,-0.023292638,0.8017308,0.64857644,-0.020635482,-0.008703591,0.6392245,2.2677834,-0.02821476,-0.03378276,-0.0018338348,2.3194308,1.3187,1.4833907,-0.0003936064,-0.0011665588
SERPINA1,1.4125849,-0.023292638,0.8017308,0.64857644,-0.020635482,-0.008703591,0.6392245,2.2677834,-0.02821476,-0.03378276,-0.0018338348,2.3194308,1.3187,1.4833907,-0.0003936064,-0.0011665588
SERPINB9,0.84639573,-0.018838307,0.75011086,0.13140972,-0.018431362,-0.010100438,0.6792216,2.0285668,-0.023178607,-0.02809504,-0.0007654804,1.8435819,1.1105574,1.3355336,0.13505079,0.0041726455
SERPINB9P1,1.4125849,-0.023292638,0.8017308,0.64857644,-0.020635482,-0.008703591,0.6392245,2.2677834,-0.02821476,-0.03378276,-0.0018338348,2.3194308,1.3187,1.4833907,-0.0003936064,-0.0011665588
SERPINE1,1.4125849,-0.023292638,0.8017308,0.64857644,-0.020635482,-0.008703591,0.6392245,2.2677834,-0.02821476,-0.03378276,-0.0018338348,2.3194308,1.3187,1.4833907,-0.0003936064,-0.0011665588
SERPINE2,1.4125849,-0.023292638,0.8017308,0.64857644,-0.020635482,-0.008703591,0.6392245,2.2677834,-0.02821476,-0.03378276,-0.0018338348,2.3194308,1.3187,1.4833907,-0.0003936064,-0.0011665588
SERTAD1,1.4125849,-0.023292638,0.8017308,0.64857644,-0.020635482,-0.008703591,0.6392245,2.2677834,-0.02821476,-0.03378276,-0.0018338348,2.3194308,1.3187,1.4833907,-0.0003936064,-0.0011665588
SFI1,1.4125849,-0.023292638,0.8017308,0.64857644,-0.020635482,-0.008703591,0.6392245,2.2677834,-0.02821476,-0.03378276,-0.0018338348,2.3194308,1.3187,1.4833907,-0.0003936064,-0.0011665588
SFMBT1,1.4125849,-0.023292638,0.8017308,0.64857644,-0.020635482,-0.008703591,0.6392245,2.2677834,-0.02821476,-0.03378276,-0.0018338348,2.3194308,1.3187,1.4833907,-0.0003936064,-0.0011665588
SFXN1,1.126832,-0.02010549,0.6344025,0.689811,-0.02070656,-0.005213176,0.2975413,1.9111812,-0.030000385,-0.02916305,-0.004811839,2.3534868,1.348174,1.128421,0.09913291,0.055902623
SGF29,1.4125849,-0.023292638,0.8017308,0.64857644,-0.020635482,-0.008703591,0.6392245,2.2677834,-0.02821476,-0.03378276,-0.0018338348,2.3194308,1.3187,1.4833907,-0.0003936064,-0.0011665588
SGO2,1.4125849,-0.023292638,0.8017308,0.64857644,-0.020635482,-0.008703591,0.6392245,2.2677834,-0.02821476,-0.03378276,-0.0018338348,2.3194308,1.3187,1.4833907,-0.0003936064,-0.0011665588
SGSM1,1.4888421,-0.019520069,0.5995763,0.706227,-0.018661655,-0.007817254,0.48694384,2.0320282,-0.025060697,-0.030242924,0.032263,2.138259,1.4176911,1.3404392,-0.0011982796,0.075745426
SH2D1B,1.4125849,-0.023292638,0.8017308,0.64857644,-0.020635482,-0.008703591,0.6392245,2.2677834,-0.02821476,-0.03378276,-0.0018338348,2.3194308,1.3187,1.4833907,-0.0003936064,-0.0011665588
SH2D2A,1.4125849,-0.023292638,0.8017308,0.64857644,-0.020635482,-0.008703591,0.6392245,2.2677834,-0.02821476,-0.03378276,-0.0018338348,2.3194308,1.3187,1.4833907,-0.0003936064,-0.0011665588
SH2D3A,1.4125849,-0.023292638,0.8017308,0.64857644,-0.020635482,-0.008703591,0.6392245,2.2677834,-0.02821476,-0.03378276,-0.0018338348,2.3194308,1.3187,1.4833907,-0.0003936064,-0.0011665588
SH3BGRL2,1.4125849,-0.023292638,0.8017308,0.64857644,-0.020635482,-0.008703591,0.6392245,2.2677834,-0.02821476,-0.03378276,-0.0018338348,2.3194308,1.3187,1.4833907,-0.0003936064,-0.0011665588
SH3YL1,1.4125849,-0.023292638,0.8017308,0.64857644,-0.020635482,-0.008703591,0.6392245,2.2677834,-0.02821476,-0.03378276,-0.0018338348,2.3194308,1.3187,1.4833907,-0.0003936064,-0.0011665588
SHBG,1.4125849,-0.023292638,0.8017308,0.64857644,-0.020635482,-0.008703591,0.6392245,2.2677834,-0.02821476,-0.03378276,-0.0018338348,2.3194308,1.3187,1.4833907,-0.0003936064,-0.0011665588
SHISA2,1.4105314,-0.02325152,0.7991245,0.64747995,-0.02061072,-0.008690771,0.636172,2.2631497,-0.028197767,-0.033744883,-0.0018489436,2.318945,1.3171363,1.4813086,-0.00036405234,-0.0011508906
SHISA7,1.3990097,-0.024409989,0.6565998,0.71784043,-0.018224292,-0.010813156,0.78649265,2.1349409,-0.026574137,-0.031696294,-0.00041077577,2.0664485,1.2636955,1.4521892,0.017155461,-0.0031857484
SHISAL2A,1.126832,-0.02010549,0.6344025,0.689811,-0.02070656,-0.005213176,0.2975413,1.9111812,-0.030000385,-0.02916305,-0.004811839,2.3534868,1.348174,1.128421,0.09913291,0.055902623
SHLD1,1.4125849,-0.023292638,0.8017308,0.64857644,-0.020635482,-0.008703591,0.6392245,2.2677834,-0.02821476,-0.03378276,-0.0018338348,2.3194308,1.3187,1.4833907,-0.0003936064,-0.0011665588
SHOX2,1.4125849,-0.023292638,0.8017308,0.64857644,-0.020635482,-0.008703591,0.6392245,2.2677834,-0.02821476,-0.03378276,-0.0018338348,2.3194308,1.3187,1.4833907,-0.0003936064,-0.0011665588
SHPRH,1.4125849,-0.023292638,0.8017308,0.64857644,-0.020635482,-0.008703591,0.6392245,2.2677834,-0.02821476,-0.03378276,-0.0018338348,2.3194308,1.3187,1.4833907,-0.0003936064,-0.0011665588
SIAH2-AS1,1.4125849,-0.023292638,0.8017308,0.64857644,-0.020635482,-0.008703591,0.6392245,2.2677834,-0.02821476,-0.03378276,-0.0018338348,2.3194308,1.3187,1.4833907,-0.0003936064,-0.0011665588
SIDT1,1.4125849,-0.023292638,0.8017308,0.64857644,-0.020635482,-0.008703591,0.6392245,2.2677834,-0.02821476,-0.03378276,-0.0018338348,2.3194308,1.3187,1.4833907,-0.0003936064,-0.0011665588
SIGIRR,1.4125849,-0.023292638,0.8017308,0.64857644,-0.020635482,-0.008703591,0.6392245,2.2677834,-0.02821476,-0.03378276,-0.0018338348,2.3194308,1.3187,1.4833907,-0.0003936064,-0.0011665588
SIRPG,1.4125849,-0.023292638,0.8017308,0.64857644,-0.020635482,-0.008703591,0.6392245,2.2677834,-0.02821476,-0.03378276,-0.0018338348,2.3194308,1.3187,1.4833907,-0.0003936064,-0.0011665588
SIRT1,1.4119403,-0.023287145,0.8012377,0.6480238,-0.020629754,-0.008701521,0.63917047,2.2672544,-0.028204247,-0.033771235,-0.0018239474,2.3188732,1.3180033,1.4826823,-0.00038925154,-0.0011607714
SIRT2,1.3631161,-0.02299893,0.7466802,0.5809038,-0.020684186,-0.008977619,0.6507747,2.2593186,-0.027513223,-0.033306327,-0.0016783503,2.360078,1.3591167,1.4793756,-0.00010953039,-0.001000255
SIX1,1.4119402,-0.023287145,0.80123776,0.64802384,-0.020629754,-0.008701521,0.6391705,2.2672544,-0.028204247,-0.03377123,-0.0018239487,2.318873,1.3180033,1.4826823,-0.000389252,-0.0011607715
SIX3-AS1,1.4125849,-0.023292638,0.8017308,0.64857644,-0.020635482,-0.008703591,0.6392245,2.2677834,-0.02821476,-0.03378276,-0.0018338348,2.3194308,1.3187,1.4833907,-0.0003936064,-0.0011665588
SIX5,1.4125849,-0.023292638,0.8017308,0.64857644,-0.020635482,-0.008703591,0.6392245,2.2677834,-0.02821476,-0.03378276,-0.0018338348,2.3194308,1.3187,1.4833907,-0.0003936064,-0.0011665588
SKIDA1,1.4125849,-0.023292638,0.8017308,0.64857644,-0.020635482,-0.008703591,0.6392245,2.2677834,-0.02821476,-0.03378276,-0.0018338348,2.3194308,1.3187,1.4833907,-0.0003936064,-0.0011665588
SLA2,1.4257208,-0.020498574,0.7843302,0.8327015,-0.017688166,-0.0056659756,0.40663305,2.18491,-0.024219073,-0.03131682,-0.00043343223,2.081935,1.0538237,1.4636254,-0.0024027827,0.073803805
SLAIN1,1.4125849,-0.023292638,0.8017308,0.64857644,-0.020635482,-0.008703591,0.6392245,2.2677834,-0.02821476,-0.03378276,-0.0018338348,2.3194308,1.3187,1.4833907,-0.0003936064,-0.0011665588
SLAMF6,1.2886138,-0.023398282,0.8040318,0.7168919,-0.01999081,-0.008039989,0.60573524,2.2904255,-0.0264793,-0.033872407,-0.00012055656,2.241349,1.1201737,1.327325,0.13501322,-0.00014173068
SLAMF7,1.4125849,-0.023292638,0.8017308,0.64857644,-0.020635482,-0.008703591,0.6392245,2.2677834,-0.02821476,-0.03378276,-0.0018338348,2.3194308,1.3187,1.4833907,-0.0003936064,-0.0011665588
SLC14A1,1.4137145,-0.02329587,0.8009426,0.6493965,-0.020645084,-0.008709131,0.6389275,2.2688508,-0.02820855,-0.033780575,-0.0018293677,2.320351,1.3191029,1.482799,-0.0003975999,-0.0011733394
SLC14A2,1.2886138,-0.023398282,0.8040318,0.7168919,-0.01999081,-0.008039989,0.60573524,2.2904255,-0.0264793,-0.033872407,-0.00012055656,2.241349,1.1201737,1.327325,0.13501322,-0.00014173068
SLC16A1-AS1,1.4125849,-0.023292638,0.8017308,0.64857644,-0.020635482,-0.008703591,0.6392245,2.2677834,-0.02821476,-0.03378276,-0.0018338348,2.3194308,1.3187,1.4833907,-0.0003936064,-0.0011665588
SLC16A10,1.4125849,-0.023292638,0.8017308,0.64857644,-0.020635482,-0.008703591,0.6392245,2.2677834,-0.02821476,-0.03378276,-0.0018338348,2.3194308,1.3187,1.4833907,-0.0003936064,-0.0011665588
SLC16A11,1.4125849,-0.023292638,0.8017308,0.64857644,-0.020635482,-0.008703591,0.6392245,2.2677834,-0.02821476,-0.03378276,-0.0018338348,2.3194308,1.3187,1.4833907,-0.0003936064,-0.0011665588
SLC16A13,1.2886138,-0.023398282,0.8040318,0.7168919,-0.01999081,-0.008039989,0.60573524,2.2904255,-0.0264793,-0.033872407,-0.00012055656,2.241349,1.1201737,1.327325,0.13501322,-0.00014173068
SLC17A3,1.3652904,-0.022982465,0.74883455,0.5799632,-0.020713909,-0.0089688385,0.6520258,2.2598364,-0.027539706,-0.03332276,-0.0016806397,2.3615706,1.3598664,1.4768136,-0.00013004898,-0.0010180708
SLC1A1,1.4125849,-0.023292638,0.8017308,0.64857644,-0.020635482,-0.008703591,0.6392245,2.2677834,-0.02821476,-0.03378276,-0.0018338348,2.3194308,1.3187,1.4833907,-0.0003936064,-0.0011665588
SLC22A23,1.4125849,-0.023292638,0.8017308,0.64857644,-0.020635482,-0.008703591,0.6392245,2.2677834,-0.02821476,-0.03378276,-0.0018338348,2.3194308,1.3187,1.4833907,-0.0003936064,-0.0011665588
SLC24A3,1.4012469,-0.023200698,0.8177106,0.66221416,-0.020660646,-0.008795722,0.6483879,2.2673604,-0.028187595,-0.033784505,-0.0018746037,2.2989755,1.2971774,1.4900368,-0.00041457056,-0.0013077301
SLC25A4,1.4125849,-0.023292638,0.8017308,0.64857644,-0.020635482,-0.008703591,0.6392245,2.2677834,-0.02821476,-0.03378276,-0.0018338348,2.3194308,1.3187,1.4833907,-0.0003936064,-0.0011665588
SLC25A42,1.4125849,-0.023292638,0.8017308,0.64857644,-0.020635482,-0.008703591,0.6392245,2.2677834,-0.02821476,-0.03378276,-0.0018338348,2.3194308,1.3187,1.4833907,-0.0003936064,-0.0011665588
SLC25A45,1.4257208,-0.020498574,0.7843302,0.8327015,-0.017688166,-0.0056659756,0.40663305,2.18491,-0.024219073,-0.03131682,-0.00043343223,2.081935,1.0538237,1.4636254,-0.0024027827,0.073803805
SLC25A5-AS1,1.3836825,-0.017413972,0.8113065,0.6075636,-0.01796539,-0.0036888032,0.5947544,1.9731756,-0.021793326,-0.02756791,0.054307774,1.8688791,1.0282929,1.2369311,-0.0011369021,0.11677435
SLC26A11,1.4125849,-0.023292638,0.8017308,0.64857644,-0.020635482,-0.008703591,0.6392245,2.2677834,-0.02821476,-0.03378276,-0.0018338348,2.3194308,1.3187,1.4833907,-0.0003936064,-0.0011665588
SLC2A14,1.4125849,-0.023292638,0.8017308,0.64857644,-0.020635482,-0.008703591,0.6392245,2.2677834,-0.02821476,-0.03378276,-0.0018338348,2.3194308,1.3187,1.4833907,-0.0003936064,-0.0011665588
SLC2A4RG,1.4125849,-0.023292638,0.8017308,0.64857644,-0.020635482,-0.008703591,0.6392245,2.2677834,-0.02821476,-0.03378276,-0.0018338348,2.3194308,1.3187,1.4833907,-0.0003936064,-0.0011665588
SLC30A5,1.492775,-0.023186313,0.95870185,0.5833332,-0.01813574,-0.010468844,0.6704174,2.3450425,-0.026279798,-0.033630207,-0.000938206,2.2868438,1.2921569,1.4577509,0.14635035,-0.002894342
SLC35D1,1.4125849,-0.023292638,0.8017308,0.64857644,-0.020635482,-0.008703591,0.6392245,2.2677834,-0.02821476,-0.03378276,-0.0018338348,2.3194308,1.3187,1.4833907,-0.0003936064,-0.0011665588
SLC35G3,1.4125849,-0.023292638,0.8017308,0.64857644,-0.020635482,-0.008703591,0.6392245,2.2677834,-0.02821476,-0.03378276,-0.0018338348,2.3194308,1.3187,1.4833907,-0.0003936064,-0.0011665588
SLC37A3,1.4125849,-0.023292638,0.8017308,0.64857644,-0.020635482,-0.008703591,0.6392245,2.2677834,-0.02821476,-0.03378276,-0.0018338348,2.3194308,1.3187,1.4833907,-0.0003936064,-0.0011665588
SLC37A4,1.4125849,-0.023292638,0.8017308,0.64857644,-0.020635482,-0.008703591,0.6392245,2.2677834,-0.02821476,-0.03378276,-0.0018338348,2.3194308,1.3187,1.4833907,-0.0003936064,-0.0011665588
SLC39A10,1.4125849,-0.023292638,0.8017308,0.64857644,-0.020635482,-0.008703591,0.6392245,2.2677834,-0.02821476,-0.03378276,-0.0018338348,2.3194308,1.3187,1.4833907,-0.0003936064,-0.0011665588
SLC41A1,1.4125849,-0.023292638,0.8017308,0.64857644,-0.020635482,-0.008703591,0.6392245,2.2677834,-0.02821476,-0.03378276,-0.0018338348,2.3194308,1.3187,1.4833907,-0.0003936064,-0.0011665588
SLC44A2,1.4125849,-0.023292638,0.8017308,0.64857644,-0.020635482,-0.008703591,0.6392245,2.2677834,-0.02821476,-0.03378276,-0.0018338348,2.3194308,1.3187,1.4833907,-0.0003936064,-0.0011665588
SLC45A4,1.4125849,-0.023292638,0.8017308,0.64857644,-0.020635482,-0.008703591,0.6392245,2.2677834,-0.02821476,-0.03378276,-0.0018338348,2.3194308,1.3187,1.4833907,-0.0003936064,-0.0011665588
SLC4A10,1.4125849,-0.023292638,0.8017308,0.64857644,-0.020635482,-0.008703591,0.6392245,2.2677834,-0.02821476,-0.03378276,-0.0018338348,2.3194308,1.3187,1.4833907,-0.0003936064,-0.0011665588
SLC4A11,1.4125849,-0.023292638,0.8017308,0.64857644,-0.020635482,-0.008703591,0.6392245,2.2677834,-0.02821476,-0.03378276,-0.0018338348,2.3194308,1.3187,1.4833907,-0.0003936064,-0.0011665588
SLC5A4-AS1,1.4124852,-0.023287594,0.8008888,0.64767927,-0.020629339,-0.008697394,0.63905823,2.266973,-0.028219497,-0.03378779,-0.0018381361,2.319236,1.3185261,1.4836047,-0.00039514242,-0.0011609077
SLC6A20,1.4125849,-0.023292638,0.8017308,0.64857644,-0.020635482,-0.008703591,0.6392245,2.2677834,-0.02821476,-0.03378276,-0.0018338348,2.3194308,1.3187,1.4833907,-0.0003936064,-0.0011665588
SLC7A5,1.4125849,-0.023292638,0.8017308,0.64857644,-0.020635482,-0.008703591,0.6392245,2.2677834,-0.02821476,-0.03378276,-0.0018338348,2.3194308,1.3187,1.4833907,-0.0003936064,-0.0011665588
SLC7A6,1.4125849,-0.023292638,0.8017308,0.64857644,-0.020635482,-0.008703591,0.6392245,2.2677834,-0.02821476,-0.03378276,-0.0018338348,2.3194308,1.3187,1.4833907,-0.0003936064,-0.0011665588
SLCO4A1,1.4128786,-0.023291998,0.8022895,0.6483322,-0.020632925,-0.00869935,0.6393917,2.2664604,-0.02821781,-0.03377153,-0.0018395947,2.3200302,1.3189737,1.4830514,-0.00038116693,-0.001174243
SLF1,1.4125849,-0.023292638,0.8017308,0.64857644,-0.020635482,-0.008703591,0.6392245,2.2677834,-0.02821476,-0.03378276,-0.0018338348,2.3194308,1.3187,1.4833907,-0.0003936064,-0.0011665588
SLF2,1.1811891,-0.02336758,0.8673708,0.4515238,-0.020416684,-0.007459277,0.6556559,2.014089,-0.025762348,-0.031247132,-0.0032129735,2.166435,1.2660637,1.4031541,-0.0017633601,-0.002374121
SLFN12L,1.4125849,-0.023292638,0.8017308,0.64857644,-0.020635482,-0.008703591,0.6392245,2.2677834,-0.02821476,-0.03378276,-0.0018338348,2.3194308,1.3187,1.4833907,-0.0003936064,-0.0011665588
SLFN13,1.341615,-0.023524133,0.81807286,0.63170266,-0.019818472,-0.008723032,0.6229923,2.2128026,-0.028302183,-0.03313144,-0.0025555568,2.2256222,1.367491,1.4789721,-0.001114267,-0.0012814783
SLFN5,1.4125849,-0.023292638,0.8017308,0.64857644,-0.020635482,-0.008703591,0.6392245,2.2677834,-0.02821476,-0.03378276,-0.0018338348,2.3194308,1.3187,1.4833907,-0.0003936064,-0.0011665588
SMAD7,0.84639573,-0.018838307,0.75011086,0.13140972,-0.018431362,-0.010100438,0.6792216,2.0285668,-0.023178607,-0.02809504,-0.0007654804,1.8435819,1.1105574,1.3355336,0.13505079,0.0041726455
SMARCA1,1.4125849,-0.023292638,0.8017308,0.64857644,-0.020635482,-0.008703591,0.6392245,2.2677834,-0.02821476,-0.03378276,-0.0018338348,2.3194308,1.3187,1.4833907,-0.0003936064,-0.0011665588
SMARCA5-AS1,1.4257208,-0.020498574,0.7843302,0.8327015,-0.017688166,-0.0056659756,0.40663305,2.18491,-0.024219073,-0.03131682,-0.00043343223,2.081935,1.0538237,1.4636254,-0.0024027827,0.073803805
SMIM19,1.4125849,-0.023292638,0.8017308,0.64857644,-0.020635482,-0.008703591,0.6392245,2.2677834,-0.02821476,-0.03378276,-0.0018338348,2.3194308,1.3187,1.4833907,-0.0003936064,-0.0011665588
SMIM6,1.4125849,-0.023292638,0.8017308,0.64857644,-0.020635482,-0.008703591,0.6392245,2.2677834,-0.02821476,-0.03378276,-0.0018338348,2.3194308,1.3187,1.4833907,-0.0003936064,-0.0011665588
SNAI3-AS1,1.3334565,-0.022655603,0.6764404,0.7163209,-0.021132011,-0.009517721,0.6202348,2.2548416,-0.027702961,-0.033619776,-0.0026536824,2.3853042,1.3727156,1.569263,0.03282824,-0.0010957164
SNAP47-AS1,1.4125849,-0.023292638,0.8017308,0.64857644,-0.020635482,-0.008703591,0.6392245,2.2677834,-0.02821476,-0.03378276,-0.0018338348,2.3194308,1.3187,1.4833907,-0.0003936064,-0.0011665588
SNED1,1.4125849,-0.023292638,0.8017308,0.64857644,-0.020635482,-0.008703591,0.6392245,2.2677834,-0.02821476,-0.03378276,-0.0018338348,2.3194308,1.3187,1.4833907,-0.0003936064,-0.0011665588
SNHG18,1.4887425,-0.01951502,0.59873426,0.70532984,-0.018655512,-0.007811057,0.48677754,2.031218,-0.025065433,-0.030247953,0.031832863,2.1380641,1.4175173,1.3406532,-0.0011998155,0.07631054
SNHG22,1.4125849,-0.023292638,0.8017308,0.64857644,-0.020635482,-0.008703591,0.6392245,2.2677834,-0.02821476,-0.03378276,-0.0018338348,2.3194308,1.3187,1.4833907,-0.0003936064,-0.0011665588
SNTA1,0.84639573,-0.018838307,0.75011086,0.13140972,-0.018431362,-0.010100438,0.6792216,2.0285668,-0.023178607,-0.02809504,-0.0007654804,1.8435819,1.1105574,1.3355336,0.13505079,0.0041726455
SNTB2,1.4125849,-0.023292638,0.8017308,0.64857644,-0.020635482,-0.008703591,0.6392245,2.2677834,-0.02821476,-0.03378276,-0.0018338348,2.3194308,1.3187,1.4833907,-0.0003936064,-0.0011665588
SNX25,1.4125849,-0.023292638,0.8017308,0.64857644,-0.020635482,-0.008703591,0.6392245,2.2677834,-0.02821476,-0.03378276,-0.0018338348,2.3194308,1.3187,1.4833907,-0.0003936064,-0.0011665588
SNX32,1.4125849,-0.023292638,0.8017308,0.64857644,-0.020635482,-0.008703591,0.6392245,2.2677834,-0.02821476,-0.03378276,-0.0018338348,2.3194308,1.3187,1.4833907,-0.0003936064,-0.0011665588
SOCS1,1.3321224,-0.023294413,0.735883,0.6972524,-0.020130107,-0.008047949,0.6280316,2.1828496,-0.028478064,-0.034258723,-0.002596739,2.301553,1.340568,1.3898956,-0.00060153723,-0.0017894763
SORCS2,1.4125849,-0.023292638,0.8017308,0.64857644,-0.020635482,-0.008703591,0.6392245,2.2677834,-0.02821476,-0.03378276,-0.0018338348,2.3194308,1.3187,1.4833907,-0.0003936064,-0.0011665588
SOX13,1.4125849,-0.023292638,0.8017308,0.64857644,-0.020635482,-0.008703591,0.6392245,2.2677834,-0.02821476,-0.03378276,-0.0018338348,2.3194308,1.3187,1.4833907,-0.0003936064,-0.0011665588
SOX2-OT,1.4123738,-0.02328774,0.80262357,0.6487583,-0.020633606,-0.008713098,0.6401319,2.2666583,-0.028221542,-0.033781063,-0.001831303,2.318974,1.3176168,1.4840212,-0.0003836432,-0.0011672133
SOX4,1.4057446,-0.022360967,0.72661376,0.69704837,-0.021062478,-0.00905183,0.59670836,2.2342224,-0.02838456,-0.034341816,-0.00255012,2.3474753,1.3277274,1.5099218,0.017992303,-0.0009825572
SOX5,1.4119402,-0.023287145,0.80123776,0.64802384,-0.020629754,-0.008701521,0.6391705,2.2672544,-0.028204247,-0.03377123,-0.0018239487,2.318873,1.3180033,1.4826823,-0.000389252,-0.0011607715
SOX6,1.4125849,-0.023292638,0.8017308,0.64857644,-0.020635482,-0.008703591,0.6392245,2.2677834,-0.02821476,-0.03378276,-0.0018338348,2.3194308,1.3187,1.4833907,-0.0003936064,-0.0011665588
SP140,1.41103,-0.02327839,0.8014369,0.6470954,-0.020652328,-0.008714188,0.6401549,2.265462,-0.028223475,-0.033767477,-0.0018437773,2.3199003,1.3163702,1.4821539,-0.0004132001,-0.0011554653
SP4,1.4119402,-0.023287145,0.80123776,0.64802384,-0.020629754,-0.008701521,0.6391705,2.2672544,-0.028204247,-0.03377123,-0.0018239487,2.318873,1.3180033,1.4826823,-0.000389252,-0.0011607715
SP6,1.4888421,-0.019520069,0.5995763,0.706227,-0.018661655,-0.007817254,0.48694384,2.0320282,-0.025060697,-0.030242924,0.032263,2.138259,1.4176911,1.3404392,-0.0011982796,0.075745426
SPA17,1.4125849,-0.023292638,0.8017308,0.64857644,-0.020635482,-0.008703591,0.6392245,2.2677834,-0.02821476,-0.03378276,-0.0018338348,2.3194308,1.3187,1.4833907,-0.0003936064,-0.0011665588
SPAG16-DT,1.4848722,-0.021887915,0.75252235,0.6572543,-0.01905726,-0.007781316,0.5756423,2.1572971,-0.027092801,-0.03268414,-0.00041093177,2.2740304,1.1220263,1.4568973,-0.00074900565,-0.00036190182
SPAG5-AS1,1.3990097,-0.024409989,0.6565998,0.71784043,-0.018224292,-0.010813156,0.78649265,2.1349409,-0.026574137,-0.031696294,-0.00041077577,2.0664485,1.2636955,1.4521892,0.017155461,-0.0031857484
SPAG6,1.4125849,-0.023292638,0.8017308,0.64857644,-0.020635482,-0.008703591,0.6392245,2.2677834,-0.02821476,-0.03378276,-0.0018338348,2.3194308,1.3187,1.4833907,-0.0003936064,-0.0011665588
SPATA12,1.4125849,-0.023292638,0.8017308,0.64857644,-0.020635482,-0.008703591,0.6392245,2.2677834,-0.02821476,-0.03378276,-0.0018338348,2.3194308,1.3187,1.4833907,-0.0003936064,-0.0011665588
SPATA32,1.41103,-0.02327839,0.8014369,0.6470954,-0.020652328,-0.008714188,0.6401549,2.265462,-0.028223475,-0.033767477,-0.0018437773,2.3199003,1.3163702,1.4821539,-0.0004132001,-0.0011554653
SPATA33,1.492775,-0.023186313,0.95870185,0.5833332,-0.01813574,-0.010468844,0.6704174,2.3450425,-0.026279798,-0.033630207,-0.000938206,2.2868438,1.2921569,1.4577509,0.14635035,-0.002894342
SPATA5,1.4125849,-0.023292638,0.8017308,0.64857644,-0.020635482,-0.008703591,0.6392245,2.2677834,-0.02821476,-0.03378276,-0.0018338348,2.3194308,1.3187,1.4833907,-0.0003936064,-0.0011665588
SPEF2,1.4125849,-0.023292638,0.8017308,0.64857644,-0.020635482,-0.008703591,0.6392245,2.2677834,-0.02821476,-0.03378276,-0.0018338348,2.3194308,1.3187,1.4833907,-0.0003936064,-0.0011665588
SPIB,1.4125849,-0.023292638,0.8017308,0.64857644,-0.020635482,-0.008703591,0.6392245,2.2677834,-0.02821476,-0.03378276,-0.0018338348,2.3194308,1.3187,1.4833907,-0.0003936064,-0.0011665588
SPINK2,1.4137145,-0.02329587,0.8009426,0.6493965,-0.020645084,-0.008709131,0.6389275,2.2688508,-0.02820855,-0.033780575,-0.0018293677,2.320351,1.3191029,1.482799,-0.0003975999,-0.0011733394
SPIRE2,1.4125849,-0.023292638,0.8017308,0.64857644,-0.020635482,-0.008703591,0.6392245,2.2677834,-0.02821476,-0.03378276,-0.0018338348,2.3194308,1.3187,1.4833907,-0.0003936064,-0.0011665588
SPON1,1.4125849,-0.023292638,0.8017308,0.64857644,-0.020635482,-0.008703591,0.6392245,2.2677834,-0.02821476,-0.03378276,-0.0018338348,2.3194308,1.3187,1.4833907,-0.0003936064,-0.0011665588
SPON2,1.4137145,-0.02329587,0.8009426,0.6493965,-0.020645084,-0.008709131,0.6389275,2.2688508,-0.02820855,-0.033780575,-0.0018293677,2.320351,1.3191029,1.482799,-0.0003975999,-0.0011733394
SPP1,1.4125849,-0.023292638,0.8017308,0.64857644,-0.020635482,-0.008703591,0.6392245,2.2677834,-0.02821476,-0.03378276,-0.0018338348,2.3194308,1.3187,1.4833907,-0.0003936064,-0.0011665588
SPRY2,1.4125849,-0.023292638,0.8017308,0.64857644,-0.020635482,-0.008703591,0.6392245,2.2677834,-0.02821476,-0.03378276,-0.0018338348,2.3194308,1.3187,1.4833907,-0.0003936064,-0.0011665588
SPRY4-AS1,1.4125849,-0.023292638,0.8017308,0.64857644,-0.020635482,-0.008703591,0.6392245,2.2677834,-0.02821476,-0.03378276,-0.0018338348,2.3194308,1.3187,1.4833907,-0.0003936064,-0.0011665588
SPTBN1,1.4125849,-0.023292638,0.8017308,0.64857644,-0.020635482,-0.008703591,0.6392245,2.2677834,-0.02821476,-0.03378276,-0.0018338348,2.3194308,1.3187,1.4833907,-0.0003936064,-0.0011665588
SPTBN5,1.1812887,-0.023372626,0.8682128,0.45242098,-0.020422827,-0.0074654743,0.6558222,2.0148993,-0.02575761,-0.0312421,-0.003208672,2.1666298,1.2662375,1.4029402,-0.0017618241,-0.002379772
SPTSSB,1.4125849,-0.023292638,0.8017308,0.64857644,-0.020635482,-0.008703591,0.6392245,2.2677834,-0.02821476,-0.03378276,-0.0018338348,2.3194308,1.3187,1.4833907,-0.0003936064,-0.0011665588
SRBD1,1.4105314,-0.02325152,0.7991245,0.64747995,-0.02061072,-0.008690771,0.636172,2.2631497,-0.028197767,-0.033744883,-0.0018489436,2.318945,1.3171363,1.4813086,-0.00036405234,-0.0011508906
SREBF2-AS1,1.4125849,-0.023292638,0.8017308,0.64857644,-0.020635482,-0.008703591,0.6392245,2.2677834,-0.02821476,-0.03378276,-0.0018338348,2.3194308,1.3187,1.4833907,-0.0003936064,-0.0011665588
SRGAP3-AS4,1.4125849,-0.023292638,0.8017308,0.64857644,-0.020635482,-0.008703591,0.6392245,2.2677834,-0.02821476,-0.03378276,-0.0018338348,2.3194308,1.3187,1.4833907,-0.0003936064,-0.0011665588
SS18L2,1.4271156,-0.023392387,0.8295836,0.69112873,-0.020968633,-0.009397985,0.6499647,2.2774303,-0.027450422,-0.033606153,-0.0025052973,2.2597353,1.3681476,1.5032365,-0.00049101916,-0.0013785011
ST3GAL3,1.4121956,-0.0232928,0.8024285,0.64799565,-0.020630991,-0.008695753,0.6389291,2.2674978,-0.028209936,-0.033783376,-0.0018392464,2.3199787,1.3190559,1.4839792,-0.00039519905,-0.0011674433
ST3GAL6-AS1,1.4257208,-0.020498574,0.7843302,0.8327015,-0.017688166,-0.0056659756,0.40663305,2.18491,-0.024219073,-0.03131682,-0.00043343223,2.081935,1.0538237,1.4636254,-0.0024027827,0.073803805
ST8SIA1,1.4125849,-0.023292638,0.8017308,0.64857644,-0.020635482,-0.008703591,0.6392245,2.2677834,-0.02821476,-0.03378276,-0.0018338348,2.3194308,1.3187,1.4833907,-0.0003936064,-0.0011665588
ST8SIA6,1.4125849,-0.023292638,0.8017308,0.64857644,-0.020635482,-0.008703591,0.6392245,2.2677834,-0.02821476,-0.03378276,-0.0018338348,2.3194308,1.3187,1.4833907,-0.0003936064,-0.0011665588
STAC2,1.4125849,-0.023292638,0.8017308,0.64857644,-0.020635482,-0.008703591,0.6392245,2.2677834,-0.02821476,-0.03378276,-0.0018338348,2.3194308,1.3187,1.4833907,-0.0003936064,-0.0011665588
STAMBPL1,1.4125849,-0.023292638,0.8017308,0.64857644,-0.020635482,-0.008703591,0.6392245,2.2677834,-0.02821476,-0.03378276,-0.0018338348,2.3194308,1.3187,1.4833907,-0.0003936064,-0.0011665588
STAP1,1.4125849,-0.023292638,0.8017308,0.64857644,-0.020635482,-0.008703591,0.6392245,2.2677834,-0.02821476,-0.03378276,-0.0018338348,2.3194308,1.3187,1.4833907,-0.0003936064,-0.0011665588
STARD9,1.4888421,-0.019520069,0.5995763,0.706227,-0.018661655,-0.007817254,0.48694384,2.0320282,-0.025060697,-0.030242924,0.032263,2.138259,1.4176911,1.3404392,-0.0011982796,0.075745426
STAT5B,1.5351171,-0.02544457,0.91706485,0.8278976,-0.021238195,-0.00975388,0.66498256,2.313774,-0.032169666,-0.036785662,-0.007430618,2.333439,1.6936393,1.6916127,-0.003071792,-0.0042659617
STEAP1B,1.4125849,-0.023292638,0.8017308,0.64857644,-0.020635482,-0.008703591,0.6392245,2.2677834,-0.02821476,-0.03378276,-0.0018338348,2.3194308,1.3187,1.4833907,-0.0003936064,-0.0011665588
STMN3,1.4125849,-0.023292638,0.8017308,0.64857644,-0.020635482,-0.008703591,0.6392245,2.2677834,-0.02821476,-0.03378276,-0.0018338348,2.3194308,1.3187,1.4833907,-0.0003936064,-0.0011665588
STON1-GTF2A1L,1.4125849,-0.023292638,0.8017308,0.64857644,-0.020635482,-0.008703591,0.6392245,2.2677834,-0.02821476,-0.03378276,-0.0018338348,2.3194308,1.3187,1.4833907,-0.0003936064,-0.0011665588
STPG1,1.4125849,-0.023292638,0.8017308,0.64857644,-0.020635482,-0.008703591,0.6392245,2.2677834,-0.02821476,-0.03378276,-0.0018338348,2.3194308,1.3187,1.4833907,-0.0003936064,-0.0011665588
STPG2,1.4689817,-0.023641355,0.8653239,0.62186706,-0.019994741,-0.008188886,0.6042081,2.1962237,-0.027275238,-0.034094058,-0.0014807768,2.3370345,1.3937435,1.4784871,-0.0010179308,-0.00110205
STPG3-AS1,1.4125849,-0.023292638,0.8017308,0.64857644,-0.020635482,-0.008703591,0.6392245,2.2677834,-0.02821476,-0.03378276,-0.0018338348,2.3194308,1.3187,1.4833907,-0.0003936064,-0.0011665588
STRBP,1.4125849,-0.023292638,0.8017308,0.64857644,-0.020635482,-0.008703591,0.6392245,2.2677834,-0.02821476,-0.03378276,-0.0018338348,2.3194308,1.3187,1.4833907,-0.0003936064,-0.0011665588
STX18-AS1,1.4125849,-0.023292638,0.8017308,0.64857644,-0.020635482,-0.008703591,0.6392245,2.2677834,-0.02821476,-0.03378276,-0.0018338348,2.3194308,1.3187,1.4833907,-0.0003936064,-0.0011665588
STX1A,1.4125849,-0.023292638,0.8017308,0.64857644,-0.020635482,-0.008703591,0.6392245,2.2677834,-0.02821476,-0.03378276,-0.0018338348,2.3194308,1.3187,1.4833907,-0.0003936064,-0.0011665588
STXBP5L,1.4125849,-0.023292638,0.8017308,0.64857644,-0.020635482,-0.008703591,0.6392245,2.2677834,-0.02821476,-0.03378276,-0.0018338348,2.3194308,1.3187,1.4833907,-0.0003936064,-0.0011665588
SUGCT,1.3990097,-0.024409989,0.6565998,0.71784043,-0.018224292,-0.010813156,0.78649265,2.1349409,-0.026574137,-0.031696294,-0.00041077577,2.0664485,1.2636955,1.4521892,0.017155461,-0.0031857484
SULF2,1.4125849,-0.023292638,0.8017308,0.64857644,-0.020635482,-0.008703591,0.6392245,2.2677834,-0.02821476,-0.03378276,-0.0018338348,2.3194308,1.3187,1.4833907,-0.0003936064,-0.0011665588
SULT6B1,1.4125849,-0.023292638,0.8017308,0.64857644,-0.020635482,-0.008703591,0.6392245,2.2677834,-0.02821476,-0.03378276,-0.0018338348,2.3194308,1.3187,1.4833907,-0.0003936064,-0.0011665588
SUPT3H,1.4125849,-0.023292638,0.8017308,0.64857644,-0.020635482,-0.008703591,0.6392245,2.2677834,-0.02821476,-0.03378276,-0.0018338348,2.3194308,1.3187,1.4833907,-0.0003936064,-0.0011665588
SUPT7L,1.4125849,-0.023292638,0.8017308,0.64857644,-0.020635482,-0.008703591,0.6392245,2.2677834,-0.02821476,-0.03378276,-0.0018338348,2.3194308,1.3187,1.4833907,-0.0003936064,-0.0011665588
SUSD4,1.4125849,-0.023292638,0.8017308,0.64857644,-0.020635482,-0.008703591,0.6392245,2.2677834,-0.02821476,-0.03378276,-0.0018338348,2.3194308,1.3187,1.4833907,-0.0003936064,-0.0011665588
SVEP1,1.4125849,-0.023292638,0.8017308,0.64857644,-0.020635482,-0.008703591,0.6392245,2.2677834,-0.02821476,-0.03378276,-0.0018338348,2.3194308,1.3187,1.4833907,-0.0003936064,-0.0011665588
SVIP,1.4125849,-0.023292638,0.8017308,0.64857644,-0.020635482,-0.008703591,0.6392245,2.2677834,-0.02821476,-0.03378276,-0.0018338348,2.3194308,1.3187,1.4833907,-0.0003936064,-0.0011665588
SYDE2,1.4125849,-0.023292638,0.8017308,0.64857644,-0.020635482,-0.008703591,0.6392245,2.2677834,-0.02821476,-0.03378276,-0.0018338348,2.3194308,1.3187,1.4833907,-0.0003936064,-0.0011665588
SYN2,1.4125849,-0.023292638,0.8017308,0.64857644,-0.020635482,-0.008703591,0.6392245,2.2677834,-0.02821476,-0.03378276,-0.0018338348,2.3194308,1.3187,1.4833907,-0.0003936064,-0.0011665588
SYNE1,1.4125849,-0.023292638,0.8017308,0.64857644,-0.020635482,-0.008703591,0.6392245,2.2677834,-0.02821476,-0.03378276,-0.0018338348,2.3194308,1.3187,1.4833907,-0.0003936064,-0.0011665588
SYNGAP1,1.4125849,-0.023292638,0.8017308,0.64857644,-0.020635482,-0.008703591,0.6392245,2.2677834,-0.02821476,-0.03378276,-0.0018338348,2.3194308,1.3187,1.4833907,-0.0003936064,-0.0011665588
SYNJ2,1.4125849,-0.023292638,0.8017308,0.64857644,-0.020635482,-0.008703591,0.6392245,2.2677834,-0.02821476,-0.03378276,-0.0018338348,2.3194308,1.3187,1.4833907,-0.0003936064,-0.0011665588
SYT1,1.4124068,-0.02327248,0.79874843,0.6493369,-0.020631136,-0.008673036,0.6366332,2.2652888,-0.028169967,-0.03375177,-0.0018434615,2.3161504,1.3161155,1.4865477,-0.0003547457,-0.0011790764
SYT5,1.4257208,-0.020498574,0.7843302,0.8327015,-0.017688166,-0.0056659756,0.40663305,2.18491,-0.024219073,-0.03131682,-0.00043343223,2.081935,1.0538237,1.4636254,-0.0024027827,0.073803805
SYT7,1.4125849,-0.023292638,0.8017308,0.64857644,-0.020635482,-0.008703591,0.6392245,2.2677834,-0.02821476,-0.03378276,-0.0018338348,2.3194308,1.3187,1.4833907,-0.0003936064,-0.0011665588
SYTL2,1.3652904,-0.022982465,0.74883455,0.5799632,-0.020713909,-0.0089688385,0.6520258,2.2598364,-0.027539706,-0.03332276,-0.0016806397,2.3615706,1.3598664,1.4768136,-0.00013004898,-0.0010180708
TAC3,1.4125849,-0.023292638,0.8017308,0.64857644,-0.020635482,-0.008703591,0.6392245,2.2677834,-0.02821476,-0.03378276,-0.0018338348,2.3194308,1.3187,1.4833907,-0.0003936064,-0.0011665588
TAF11,1.4125849,-0.023292638,0.8017308,0.64857644,-0.020635482,-0.008703591,0.6392245,2.2677834,-0.02821476,-0.03378276,-0.0018338348,2.3194308,1.3187,1.4833907,-0.0003936064,-0.0011665588
TAF1A-AS1,1.4125849,-0.023292638,0.8017308,0.64857644,-0.020635482,-0.008703591,0.6392245,2.2677834,-0.02821476,-0.03378276,-0.0018338348,2.3194308,1.3187,1.4833907,-0.0003936064,-0.0011665588
TAF1C,1.4125849,-0.023292638,0.8017308,0.64857644,-0.020635482,-0.008703591,0.6392245,2.2677834,-0.02821476,-0.03378276,-0.0018338348,2.3194308,1.3187,1.4833907,-0.0003936064,-0.0011665588
TAF3,1.4124852,-0.023287594,0.8008888,0.64767927,-0.020629339,-0.008697394,0.63905823,2.266973,-0.028219497,-0.03378779,-0.0018381361,2.319236,1.3185261,1.4836047,-0.00039514242,-0.0011609077
TANC1,1.41103,-0.02327839,0.8014369,0.6470954,-0.020652328,-0.008714188,0.6401549,2.265462,-0.028223475,-0.033767477,-0.0018437773,2.3199003,1.3163702,1.4821539,-0.0004132001,-0.0011554653
TBC1D16,1.4872873,-0.019505817,0.59928244,0.70474595,-0.0186785,-0.00782785,0.48787427,2.029707,-0.025069412,-0.030227639,0.03126875,2.1387284,1.4153614,1.3392024,-0.0012178732,0.076854795
TBC1D17,1.4104106,-0.023309104,0.79957646,0.64951706,-0.020605762,-0.008712372,0.6379734,2.2672656,-0.028188275,-0.03376633,-0.0018315454,2.3179383,1.3179502,1.4859527,-0.00037308782,-0.001148743
TBC1D31,1.4125849,-0.023292638,0.8017308,0.64857644,-0.020635482,-0.008703591,0.6392245,2.2677834,-0.02821476,-0.03378276,-0.0018338348,2.3194308,1.3187,1.4833907,-0.0003936064,-0.0011665588
TBC1D32,1.4127346,-0.023292562,0.8026385,0.64761823,-0.020632455,-0.008697822,0.6380586,2.2673407,-0.028206052,-0.03379725,-0.0018370403,2.3197758,1.3196402,1.4823432,-0.00040205597,-0.0011777007
TBC1D4,1.41103,-0.02327839,0.8014369,0.6470954,-0.020652328,-0.008714188,0.6401549,2.265462,-0.028223475,-0.033767477,-0.0018437773,2.3199003,1.3163702,1.4821539,-0.0004132001,-0.0011554653
TBC1D8-AS1,1.4125849,-0.023292638,0.8017308,0.64857644,-0.020635482,-0.008703591,0.6392245,2.2677834,-0.02821476,-0.03378276,-0.0018338348,2.3194308,1.3187,1.4833907,-0.0003936064,-0.0011665588
TBCCD1,1.4125849,-0.023292638,0.8017308,0.64857644,-0.020635482,-0.008703591,0.6392245,2.2677834,-0.02821476,-0.03378276,-0.0018338348,2.3194308,1.3187,1.4833907,-0.0003936064,-0.0011665588
TBCE,1.3946742,-0.022655874,0.6661938,0.64601344,-0.019384641,-0.008034056,0.6784773,2.2764227,-0.027240228,-0.03443405,-0.0026611283,2.1614032,1.1651657,1.4507954,-0.0009890946,-0.0018357891
TBKBP1,1.4125849,-0.023292638,0.8017308,0.64857644,-0.020635482,-0.008703591,0.6392245,2.2677834,-0.02821476,-0.03378276,-0.0018338348,2.3194308,1.3187,1.4833907,-0.0003936064,-0.0011665588
TBX10,1.4125849,-0.023292638,0.8017308,0.64857644,-0.020635482,-0.008703591,0.6392245,2.2677834,-0.02821476,-0.03378276,-0.0018338348,2.3194308,1.3187,1.4833907,-0.0003936064,-0.0011665588
TBX20,1.4271156,-0.023392387,0.8295836,0.69112873,-0.020968633,-0.009397985,0.6499647,2.2774303,-0.027450422,-0.033606153,-0.0025052973,2.2597353,1.3681476,1.5032365,-0.00049101916,-0.0013785011
TBX21,1.4125849,-0.023292638,0.8017308,0.64857644,-0.020635482,-0.008703591,0.6392245,2.2677834,-0.02821476,-0.03378276,-0.0018338348,2.3194308,1.3187,1.4833907,-0.0003936064,-0.0011665588
TCEAL9,1.4125849,-0.023292638,0.8017308,0.64857644,-0.020635482,-0.008703591,0.6392245,2.2677834,-0.02821476,-0.03378276,-0.0018338348,2.3194308,1.3187,1.4833907,-0.0003936064,-0.0011665588
TCF15,1.4125849,-0.023292638,0.8017308,0.64857644,-0.020635482,-0.008703591,0.6392245,2.2677834,-0.02821476,-0.03378276,-0.0018338348,2.3194308,1.3187,1.4833907,-0.0003936064,-0.0011665588
TCF19,1.4125849,-0.023292638,0.8017308,0.64857644,-0.020635482,-0.008703591,0.6392245,2.2677834,-0.02821476,-0.03378276,-0.0018338348,2.3194308,1.3187,1.4833907,-0.0003936064,-0.0011665588
TCF20,1.4125849,-0.023292638,0.8017308,0.64857644,-0.020635482,-0.008703591,0.6392245,2.2677834,-0.02821476,-0.03378276,-0.0018338348,2.3194308,1.3187,1.4833907,-0.0003936064,-0.0011665588
TCF7L1,1.4125849,-0.023292638,0.8017308,0.64857644,-0.020635482,-0.008703591,0.6392245,2.2677834,-0.02821476,-0.03378276,-0.0018338348,2.3194308,1.3187,1.4833907,-0.0003936064,-0.0011665588
TCL1A,1.4125849,-0.023292638,0.8017308,0.64857644,-0.020635482,-0.008703591,0.6392245,2.2677834,-0.02821476,-0.03378276,-0.0018338348,2.3194308,1.3187,1.4833907,-0.0003936064,-0.0011665588
TCTA,1.4125849,-0.023292638,0.8017308,0.64857644,-0.020635482,-0.008703591,0.6392245,2.2677834,-0.02821476,-0.03378276,-0.0018338348,2.3194308,1.3187,1.4833907,-0.0003936064,-0.0011665588
TCTN2,1.4125849,-0.023292638,0.8017308,0.64857644,-0.020635482,-0.008703591,0.6392245,2.2677834,-0.02821476,-0.03378276,-0.0018338348,2.3194308,1.3187,1.4833907,-0.0003936064,-0.0011665588
TDRD1,1.4125849,-0.023292638,0.8017308,0.64857644,-0.020635482,-0.008703591,0.6392245,2.2677834,-0.02821476,-0.03378276,-0.0018338348,2.3194308,1.3187,1.4833907,-0.0003936064,-0.0011665588
TECR,1.4271156,-0.023392387,0.8295836,0.69112873,-0.020968633,-0.009397985,0.6499647,2.2774303,-0.027450422,-0.033606153,-0.0025052973,2.2597353,1.3681476,1.5032365,-0.00049101916,-0.0013785011
TENM1,1.4121956,-0.0232928,0.8024285,0.64799565,-0.020630991,-0.008695753,0.6389291,2.2674978,-0.028209936,-0.033783376,-0.0018392464,2.3199787,1.3190559,1.4839792,-0.00039519905,-0.0011674433
TENM2,1.4125849,-0.023292638,0.8017308,0.64857644,-0.020635482,-0.008703591,0.6392245,2.2677834,-0.02821476,-0.03378276,-0.0018338348,2.3194308,1.3187,1.4833907,-0.0003936064,-0.0011665588
TET1,1.4125849,-0.023292638,0.8017308,0.64857644,-0.020635482,-0.008703591,0.6392245,2.2677834,-0.02821476,-0.03378276,-0.0018338348,2.3194308,1.3187,1.4833907,-0.0003936064,-0.0011665588
TEX14,1.4125849,-0.023292638,0.8017308,0.64857644,-0.020635482,-0.008703591,0.6392245,2.2677834,-0.02821476,-0.03378276,-0.0018338348,2.3194308,1.3187,1.4833907,-0.0003936064,-0.0011665588
TEX53,0.84639573,-0.018838307,0.75011086,0.13140972,-0.018431362,-0.010100438,0.6792216,2.0285668,-0.023178607,-0.02809504,-0.0007654804,1.8435819,1.1105574,1.3355336,0.13505079,0.0041726455
TEX55,1.4125849,-0.023292638,0.8017308,0.64857644,-0.020635482,-0.008703591,0.6392245,2.2677834,-0.02821476,-0.03378276,-0.0018338348,2.3194308,1.3187,1.4833907,-0.0003936064,-0.0011665588
TFAP2A-AS1,1.4125849,-0.023292638,0.8017308,0.64857644,-0.020635482,-0.008703591,0.6392245,2.2677834,-0.02821476,-0.03378276,-0.0018338348,2.3194308,1.3187,1.4833907,-0.0003936064,-0.0011665588
TFCP2,1.4119402,-0.023287145,0.80123776,0.64802384,-0.020629754,-0.008701521,0.6391705,2.2672544,-0.028204247,-0.03377123,-0.0018239487,2.318873,1.3180033,1.4826823,-0.000389252,-0.0011607715
TFDP2,1.4125849,-0.023292638,0.8017308,0.64857644,-0.020635482,-0.008703591,0.6392245,2.2677834,-0.02821476,-0.03378276,-0.0018338348,2.3194308,1.3187,1.4833907,-0.0003936064,-0.0011665588
TFR2,1.4125849,-0.023292638,0.8017308,0.64857644,-0.020635482,-0.008703591,0.6392245,2.2677834,-0.02821476,-0.03378276,-0.0018338348,2.3194308,1.3187,1.4833907,-0.0003936064,-0.0011665588
TGFB3,1.4125849,-0.023292638,0.8017308,0.64857644,-0.020635482,-0.008703591,0.6392245,2.2677834,-0.02821476,-0.03378276,-0.0018338348,2.3194308,1.3187,1.4833907,-0.0003936064,-0.0011665588
THBS1,1.4125849,-0.023292638,0.8017308,0.64857644,-0.020635482,-0.008703591,0.6392245,2.2677834,-0.02821476,-0.03378276,-0.0018338348,2.3194308,1.3187,1.4833907,-0.0003936064,-0.0011665588
THEGL,1.4128786,-0.023291998,0.8022895,0.6483322,-0.020632925,-0.00869935,0.6393917,2.2664604,-0.02821781,-0.03377153,-0.0018395947,2.3200302,1.3189737,1.4830514,-0.00038116693,-0.001174243
THEM4,1.4125849,-0.023292638,0.8017308,0.64857644,-0.020635482,-0.008703591,0.6392245,2.2677834,-0.02821476,-0.03378276,-0.0018338348,2.3194308,1.3187,1.4833907,-0.0003936064,-0.0011665588
THORLNC,1.4125849,-0.023292638,0.8017308,0.64857644,-0.020635482,-0.008703591,0.6392245,2.2677834,-0.02821476,-0.03378276,-0.0018338348,2.3194308,1.3187,1.4833907,-0.0003936064,-0.0011665588
THSD8,1.4125849,-0.023292638,0.8017308,0.64857644,-0.020635482,-0.008703591,0.6392245,2.2677834,-0.02821476,-0.03378276,-0.0018338348,2.3194308,1.3187,1.4833907,-0.0003936064,-0.0011665588
TIGD2,1.4125849,-0.023292638,0.8017308,0.64857644,-0.020635482,-0.008703591,0.6392245,2.2677834,-0.02821476,-0.03378276,-0.0018338348,2.3194308,1.3187,1.4833907,-0.0003936064,-0.0011665588
TIGD4,1.4125849,-0.023292638,0.8017308,0.64857644,-0.020635482,-0.008703591,0.6392245,2.2677834,-0.02821476,-0.03378276,-0.0018338348,2.3194308,1.3187,1.4833907,-0.0003936064,-0.0011665588
TIMP3,1.4125849,-0.023292638,0.8017308,0.64857644,-0.020635482,-0.008703591,0.6392245,2.2677834,-0.02821476,-0.03378276,-0.0018338348,2.3194308,1.3187,1.4833907,-0.0003936064,-0.0011665588
TLCD1,1.4125849,-0.023292638,0.8017308,0.64857644,-0.020635482,-0.008703591,0.6392245,2.2677834,-0.02821476,-0.03378276,-0.0018338348,2.3194308,1.3187,1.4833907,-0.0003936064,-0.0011665588
TLCD5,1.4125849,-0.023292638,0.8017308,0.64857644,-0.020635482,-0.008703591,0.6392245,2.2677834,-0.02821476,-0.03378276,-0.0018338348,2.3194308,1.3187,1.4833907,-0.0003936064,-0.0011665588
TLE1,1.4125849,-0.023292638,0.8017308,0.64857644,-0.020635482,-0.008703591,0.6392245,2.2677834,-0.02821476,-0.03378276,-0.0018338348,2.3194308,1.3187,1.4833907,-0.0003936064,-0.0011665588
TLN2,1.4884528,-0.01952023,0.60027397,0.7056462,-0.018657165,-0.007809416,0.4866485,2.0317426,-0.025055872,-0.030243542,0.031721827,2.1388068,1.4180471,1.3410277,-0.0011998721,0.07565698
TM4SF19-AS1,1.4104106,-0.023309104,0.79957646,0.64951706,-0.020605762,-0.008712372,0.6379734,2.2672656,-0.028188275,-0.03376633,-0.0018315454,2.3179383,1.3179502,1.4859527,-0.00037308782,-0.001148743
TMC6,1.3652904,-0.022982465,0.74883455,0.5799632,-0.020713909,-0.0089688385,0.6520258,2.2598364,-0.027539706,-0.03332276,-0.0016806397,2.3615706,1.3598664,1.4768136,-0.00013004898,-0.0010180708
TMCC2,1.4125849,-0.023292638,0.8017308,0.64857644,-0.020635482,-0.008703591,0.6392245,2.2677834,-0.02821476,-0.03378276,-0.0018338348,2.3194308,1.3187,1.4833907,-0.0003936064,-0.0011665588
TMEM107,1.4125849,-0.023292638,0.8017308,0.64857644,-0.020635482,-0.008703591,0.6392245,2.2677834,-0.02821476,-0.03378276,-0.0018338348,2.3194308,1.3187,1.4833907,-0.0003936064,-0.0011665588
TMEM117,1.5046868,-0.021733219,0.8811911,0.7689369,-0.01877653,-0.009070712,0.5666421,2.1968246,-0.028077228,-0.031377513,-0.0031115457,2.233477,1.2062994,1.5893044,-0.0007109964,-0.0024455206
TMEM151B,1.4253315,-0.020498736,0.78502786,0.8321207,-0.017683676,-0.005658137,0.40633768,2.1846244,-0.024214251,-0.03131744,-0.00043884397,2.0824828,1.0541797,1.464214,-0.0024043752,0.07371536
TMEM156,1.4125849,-0.023292638,0.8017308,0.64857644,-0.020635482,-0.008703591,0.6392245,2.2677834,-0.02821476,-0.03378276,-0.0018338348,2.3194308,1.3187,1.4833907,-0.0003936064,-0.0011665588
TMEM169,1.4125849,-0.023292638,0.8017308,0.64857644,-0.020635482,-0.008703591,0.6392245,2.2677834,-0.02821476,-0.03378276,-0.0018338348,2.3194308,1.3187,1.4833907,-0.0003936064,-0.0011665588
TMEM177,1.4104106,-0.023309104,0.79957646,0.64951706,-0.020605762,-0.008712372,0.6379734,2.2672656,-0.028188275,-0.03376633,-0.0018315454,2.3179383,1.3179502,1.4859527,-0.00037308782,-0.001148743
TMEM181,1.4125849,-0.023292638,0.8017308,0.64857644,-0.020635482,-0.008703591,0.6392245,2.2677834,-0.02821476,-0.03378276,-0.0018338348,2.3194308,1.3187,1.4833907,-0.0003936064,-0.0011665588
TMEM182,1.4125849,-0.023292638,0.8017308,0.64857644,-0.020635482,-0.008703591,0.6392245,2.2677834,-0.02821476,-0.03378276,-0.0018338348,2.3194308,1.3187,1.4833907,-0.0003936064,-0.0011665588
TMEM223,1.4125849,-0.023292638,0.8017308,0.64857644,-0.020635482,-0.008703591,0.6392245,2.2677834,-0.02821476,-0.03378276,-0.0018338348,2.3194308,1.3187,1.4833907,-0.0003936064,-0.0011665588
TMEM225B,1.4105314,-0.02325152,0.7991245,0.64747995,-0.02061072,-0.008690771,0.636172,2.2631497,-0.028197767,-0.033744883,-0.0018489436,2.318945,1.3171363,1.4813086,-0.00036405234,-0.0011508906
TMEM238,1.3990097,-0.024409989,0.6565998,0.71784043,-0.018224292,-0.010813156,0.78649265,2.1349409,-0.026574137,-0.031696294,-0.00041077577,2.0664485,1.2636955,1.4521892,0.017155461,-0.0031857484
TMEM239,1.4125849,-0.023292638,0.8017308,0.64857644,-0.020635482,-0.008703591,0.6392245,2.2677834,-0.02821476,-0.03378276,-0.0018338348,2.3194308,1.3187,1.4833907,-0.0003936064,-0.0011665588
TMEM245,1.4125849,-0.023292638,0.8017308,0.64857644,-0.020635482,-0.008703591,0.6392245,2.2677834,-0.02821476,-0.03378276,-0.0018338348,2.3194308,1.3187,1.4833907,-0.0003936064,-0.0011665588
TMEM272,1.4125849,-0.023292638,0.8017308,0.64857644,-0.020635482,-0.008703591,0.6392245,2.2677834,-0.02821476,-0.03378276,-0.0018338348,2.3194308,1.3187,1.4833907,-0.0003936064,-0.0011665588
TMEM41B,1.4125849,-0.023292638,0.8017308,0.64857644,-0.020635482,-0.008703591,0.6392245,2.2677834,-0.02821476,-0.03378276,-0.0018338348,2.3194308,1.3187,1.4833907,-0.0003936064,-0.0011665588
TMEM45B,1.4125849,-0.023292638,0.8017308,0.64857644,-0.020635482,-0.008703591,0.6392245,2.2677834,-0.02821476,-0.03378276,-0.0018338348,2.3194308,1.3187,1.4833907,-0.0003936064,-0.0011665588
TMEM65,1.4125849,-0.023292638,0.8017308,0.64857644,-0.020635482,-0.008703591,0.6392245,2.2677834,-0.02821476,-0.03378276,-0.0018338348,2.3194308,1.3187,1.4833907,-0.0003936064,-0.0011665588
TMEM67,1.4125849,-0.023292638,0.8017308,0.64857644,-0.020635482,-0.008703591,0.6392245,2.2677834,-0.02821476,-0.03378276,-0.0018338348,2.3194308,1.3187,1.4833907,-0.0003936064,-0.0011665588
TMEM95,1.4125849,-0.023292638,0.8017308,0.64857644,-0.020635482,-0.008703591,0.6392245,2.2677834,-0.02821476,-0.03378276,-0.0018338348,2.3194308,1.3187,1.4833907,-0.0003936064,-0.0011665588
TMEM98,1.4125849,-0.023292638,0.8017308,0.64857644,-0.020635482,-0.008703591,0.6392245,2.2677834,-0.02821476,-0.03378276,-0.0018338348,2.3194308,1.3187,1.4833907,-0.0003936064,-0.0011665588
TMIGD2,1.4125849,-0.023292638,0.8017308,0.64857644,-0.020635482,-0.008703591,0.6392245,2.2677834,-0.02821476,-0.03378276,-0.0018338348,2.3194308,1.3187,1.4833907,-0.0003936064,-0.0011665588
TMPRSS13,1.4125849,-0.023292638,0.8017308,0.64857644,-0.020635482,-0.008703591,0.6392245,2.2677834,-0.02821476,-0.03378276,-0.0018338348,2.3194308,1.3187,1.4833907,-0.0003936064,-0.0011665588
TMUB1,1.4125849,-0.023292638,0.8017308,0.64857644,-0.020635482,-0.008703591,0.6392245,2.2677834,-0.02821476,-0.03378276,-0.0018338348,2.3194308,1.3187,1.4833907,-0.0003936064,-0.0011665588
TNF,1.4385487,-0.023233542,0.65399456,0.4899652,-0.018885203,-0.0075042443,0.7034171,2.0774946,-0.026521225,-0.031670522,-0.0019080188,2.1927478,1.2201753,1.3568985,-0.0017953678,-0.0012156734
TNFAIP6,1.4125849,-0.023292638,0.8017308,0.64857644,-0.020635482,-0.008703591,0.6392245,2.2677834,-0.02821476,-0.03378276,-0.0018338348,2.3194308,1.3187,1.4833907,-0.0003936064,-0.0011665588
TNFRSF10D,1.4125849,-0.023292638,0.8017308,0.64857644,-0.020635482,-0.008703591,0.6392245,2.2677834,-0.02821476,-0.03378276,-0.0018338348,2.3194308,1.3187,1.4833907,-0.0003936064,-0.0011665588
TNFRSF11A,1.1812887,-0.023372626,0.8682128,0.45242098,-0.020422827,-0.0074654743,0.6558222,2.0148993,-0.02575761,-0.0312421,-0.003208672,2.1666298,1.2662375,1.4029402,-0.0017618241,-0.002379772
TNFRSF13C,1.4125849,-0.023292638,0.8017308,0.64857644,-0.020635482,-0.008703591,0.6392245,2.2677834,-0.02821476,-0.03378276,-0.0018338348,2.3194308,1.3187,1.4833907,-0.0003936064,-0.0011665588
TNFRSF17,1.4848722,-0.021887915,0.75252235,0.6572543,-0.01905726,-0.007781316,0.5756423,2.1572971,-0.027092801,-0.03268414,-0.00041093177,2.2740304,1.1220263,1.4568973,-0.00074900565,-0.00036190182
TNFRSF18,1.4137145,-0.02329587,0.8009426,0.6493965,-0.020645084,-0.008709131,0.6389275,2.2688508,-0.02820855,-0.033780575,-0.0018293677,2.320351,1.3191029,1.482799,-0.0003975999,-0.0011733394
TNFRSF25,1.3990097,-0.024409989,0.6565998,0.71784043,-0.018224292,-0.010813156,0.78649265,2.1349409,-0.026574137,-0.031696294,-0.00041077577,2.0664485,1.2636955,1.4521892,0.017155461,-0.0031857484
TNFRSF4,1.3396465,-0.023580937,0.7509962,0.66734135,-0.020699682,-0.009167733,0.6626581,2.2878432,-0.02752281,-0.03304971,-0.0019281758,2.356728,1.3630004,1.5420486,-0.00024037166,-0.0012737679
TNIP3,1.4257208,-0.020498574,0.7843302,0.8327015,-0.017688166,-0.0056659756,0.40663305,2.18491,-0.024219073,-0.03131682,-0.00043343223,2.081935,1.0538237,1.4636254,-0.0024027827,0.073803805
TNNC1,1.4125849,-0.023292638,0.8017308,0.64857644,-0.020635482,-0.008703591,0.6392245,2.2677834,-0.02821476,-0.03378276,-0.0018338348,2.3194308,1.3187,1.4833907,-0.0003936064,-0.0011665588
TNXB,1.4125849,-0.023292638,0.8017308,0.64857644,-0.020635482,-0.008703591,0.6392245,2.2677834,-0.02821476,-0.03378276,-0.0018338348,2.3194308,1.3187,1.4833907,-0.0003936064,-0.0011665588
TOB1-AS1,1.4125849,-0.023292638,0.8017308,0.64857644,-0.020635482,-0.008703591,0.6392245,2.2677834,-0.02821476,-0.03378276,-0.0018338348,2.3194308,1.3187,1.4833907,-0.0003936064,-0.0011665588
TOGARAM2,1.4125849,-0.023292638,0.8017308,0.64857644,-0.020635482,-0.008703591,0.6392245,2.2677834,-0.02821476,-0.03378276,-0.0018338348,2.3194308,1.3187,1.4833907,-0.0003936064,-0.0011665588
TP53I13,1.4125849,-0.023292638,0.8017308,0.64857644,-0.020635482,-0.008703591,0.6392245,2.2677834,-0.02821476,-0.03378276,-0.0018338348,2.3194308,1.3187,1.4833907,-0.0003936064,-0.0011665588
TP53TG1,1.41103,-0.02327839,0.8014369,0.6470954,-0.020652328,-0.008714188,0.6401549,2.265462,-0.028223475,-0.033767477,-0.0018437773,2.3199003,1.3163702,1.4821539,-0.0004132001,-0.0011554653
TPD52,1.2141207,-0.02367233,0.7530033,0.73417574,-0.020071851,-0.008514726,0.6300992,2.3081641,-0.025796067,-0.033124074,-0.0002248401,2.279116,1.1621443,1.3847461,0.14837731,-0.00023784592
TPST1,1.3990097,-0.024409989,0.6565998,0.71784043,-0.018224292,-0.010813156,0.78649265,2.1349409,-0.026574137,-0.031696294,-0.00041077577,2.0664485,1.2636955,1.4521892,0.017155461,-0.0031857484
TPT1-AS1,1.4125849,-0.023292638,0.8017308,0.64857644,-0.020635482,-0.008703591,0.6392245,2.2677834,-0.02821476,-0.03378276,-0.0018338348,2.3194308,1.3187,1.4833907,-0.0003936064,-0.0011665588
TRABD2A,0.84639573,-0.018838307,0.75011086,0.13140972,-0.018431362,-0.010100438,0.6792216,2.0285668,-0.023178607,-0.02809504,-0.0007654804,1.8435819,1.1105574,1.3355336,0.13505079,0.0041726455
TRAF1,1.4125849,-0.023292638,0.8017308,0.64857644,-0.020635482,-0.008703591,0.6392245,2.2677834,-0.02821476,-0.03378276,-0.0018338348,2.3194308,1.3187,1.4833907,-0.0003936064,-0.0011665588
TRAF5,1.4125849,-0.023292638,0.8017308,0.64857644,-0.020635482,-0.008703591,0.6392245,2.2677834,-0.02821476,-0.03378276,-0.0018338348,2.3194308,1.3187,1.4833907,-0.0003936064,-0.0011665588
TRAJ14,1.4124852,-0.023287594,0.8008888,0.64767927,-0.020629339,-0.008697394,0.63905823,2.266973,-0.028219497,-0.03378779,-0.0018381361,2.319236,1.3185261,1.4836047,-0.00039514242,-0.0011609077
TRAJ33,1.5046868,-0.021733219,0.8811911,0.7689369,-0.01877653,-0.009070712,0.5666421,2.1968246,-0.028077228,-0.031377513,-0.0031115457,2.233477,1.2062994,1.5893044,-0.0007109964,-0.0024455206
TRAJ44,1.4125849,-0.023292638,0.8017308,0.64857644,-0.020635482,-0.008703591,0.6392245,2.2677834,-0.02821476,-0.03378276,-0.0018338348,2.3194308,1.3187,1.4833907,-0.0003936064,-0.0011665588
TRAJ48,1.4125849,-0.023292638,0.8017308,0.64857644,-0.020635482,-0.008703591,0.6392245,2.2677834,-0.02821476,-0.03378276,-0.0018338348,2.3194308,1.3187,1.4833907,-0.0003936064,-0.0011665588
TRAK2,1.4105314,-0.02325152,0.7991245,0.64747995,-0.02061072,-0.008690771,0.636172,2.2631497,-0.028197767,-0.033744883,-0.0018489436,2.318945,1.3171363,1.4813086,-0.00036405234,-0.0011508906
TRANK1,1.4125849,-0.023292638,0.8017308,0.64857644,-0.020635482,-0.008703591,0.6392245,2.2677834,-0.02821476,-0.03378276,-0.0018338348,2.3194308,1.3187,1.4833907,-0.0003936064,-0.0011665588
TRAP1,1.4125849,-0.023292638,0.8017308,0.64857644,-0.020635482,-0.008703591,0.6392245,2.2677834,-0.02821476,-0.03378276,-0.0018338348,2.3194308,1.3187,1.4833907,-0.0003936064,-0.0011665588
TRAT1,1.3322722,-0.023294337,0.73679066,0.6962942,-0.020127079,-0.008042178,0.6268657,2.182407,-0.02846936,-0.034273215,-0.0025999444,2.301898,1.3415082,1.3888481,-0.00060998707,-0.0018006181
TRAV1-2,1.4125849,-0.023292638,0.8017308,0.64857644,-0.020635482,-0.008703591,0.6392245,2.2677834,-0.02821476,-0.03378276,-0.0018338348,2.3194308,1.3187,1.4833907,-0.0003936064,-0.0011665588
TRAV18,1.4125849,-0.023292638,0.8017308,0.64857644,-0.020635482,-0.008703591,0.6392245,2.2677834,-0.02821476,-0.03378276,-0.0018338348,2.3194308,1.3187,1.4833907,-0.0003936064,-0.0011665588
TRAV19,1.4125849,-0.023292638,0.8017308,0.64857644,-0.020635482,-0.008703591,0.6392245,2.2677834,-0.02821476,-0.03378276,-0.0018338348,2.3194308,1.3187,1.4833907,-0.0003936064,-0.0011665588
TRAV22,1.4125849,-0.023292638,0.8017308,0.64857644,-0.020635482,-0.008703591,0.6392245,2.2677834,-0.02821476,-0.03378276,-0.0018338348,2.3194308,1.3187,1.4833907,-0.0003936064,-0.0011665588
TRAV25,1.3946742,-0.022655874,0.6661938,0.64601344,-0.019384641,-0.008034056,0.6784773,2.2764227,-0.027240228,-0.03443405,-0.0026611283,2.1614032,1.1651657,1.4507954,-0.0009890946,-0.0018357891
TRAV26-1,1.4125849,-0.023292638,0.8017308,0.64857644,-0.020635482,-0.008703591,0.6392245,2.2677834,-0.02821476,-0.03378276,-0.0018338348,2.3194308,1.3187,1.4833907,-0.0003936064,-0.0011665588
TRAV6,1.4125849,-0.023292638,0.8017308,0.64857644,-0.020635482,-0.008703591,0.6392245,2.2677834,-0.02821476,-0.03378276,-0.0018338348,2.3194308,1.3187,1.4833907,-0.0003936064,-0.0011665588
TRAV8-2,1.4125849,-0.023292638,0.8017308,0.64857644,-0.020635482,-0.008703591,0.6392245,2.2677834,-0.02821476,-0.03378276,-0.0018338348,2.3194308,1.3187,1.4833907,-0.0003936064,-0.0011665588
TRAV8-6,1.4125849,-0.023292638,0.8017308,0.64857644,-0.020635482,-0.008703591,0.6392245,2.2677834,-0.02821476,-0.03378276,-0.0018338348,2.3194308,1.3187,1.4833907,-0.0003936064,-0.0011665588
TRAV9-2,1.4127346,-0.023292562,0.8026385,0.64761823,-0.020632455,-0.008697822,0.6380586,2.2673407,-0.028206052,-0.03379725,-0.0018370403,2.3197758,1.3196402,1.4823432,-0.00040205597,-0.0011777007
TRBJ1-4,1.4858432,-0.023543715,0.7068908,0.55857843,-0.018806776,-0.0072389976,0.6906159,2.0854418,-0.027196279,-0.032130525,-0.002061214,2.150608,1.1790088,1.3634757,-0.0020589253,-0.0013641614
TRBV11-3,1.4125849,-0.023292638,0.8017308,0.64857644,-0.020635482,-0.008703591,0.6392245,2.2677834,-0.02821476,-0.03378276,-0.0018338348,2.3194308,1.3187,1.4833907,-0.0003936064,-0.0011665588
TRBV13,1.3652904,-0.022982465,0.74883455,0.5799632,-0.020713909,-0.0089688385,0.6520258,2.2598364,-0.027539706,-0.03332276,-0.0016806397,2.3615706,1.3598664,1.4768136,-0.00013004898,-0.0010180708
TRBV21-1,1.4125849,-0.023292638,0.8017308,0.64857644,-0.020635482,-0.008703591,0.6392245,2.2677834,-0.02821476,-0.03378276,-0.0018338348,2.3194308,1.3187,1.4833907,-0.0003936064,-0.0011665588
TRBV23-1,1.4128786,-0.023291998,0.8022895,0.6483322,-0.020632925,-0.00869935,0.6393917,2.2664604,-0.02821781,-0.03377153,-0.0018395947,2.3200302,1.3189737,1.4830514,-0.00038116693,-0.001174243
TRDC,1.4125849,-0.023292638,0.8017308,0.64857644,-0.020635482,-0.008703591,0.6392245,2.2677834,-0.02821476,-0.03378276,-0.0018338348,2.3194308,1.3187,1.4833907,-0.0003936064,-0.0011665588
TRDJ1,1.341615,-0.023524133,0.81807286,0.63170266,-0.019818472,-0.008723032,0.6229923,2.2128026,-0.028302183,-0.03313144,-0.0025555568,2.2256222,1.367491,1.4789721,-0.001114267,-0.0012814783
TRDV1,1.3946742,-0.022655874,0.6661938,0.64601344,-0.019384641,-0.008034056,0.6784773,2.2764227,-0.027240228,-0.03443405,-0.0026611283,2.1614032,1.1651657,1.4507954,-0.0009890946,-0.0018357891
TRDV2,1.4125849,-0.023292638,0.8017308,0.64857644,-0.020635482,-0.008703591,0.6392245,2.2677834,-0.02821476,-0.03378276,-0.0018338348,2.3194308,1.3187,1.4833907,-0.0003936064,-0.0011665588
TRGC1,1.4125849,-0.023292638,0.8017308,0.64857644,-0.020635482,-0.008703591,0.6392245,2.2677834,-0.02821476,-0.03378276,-0.0018338348,2.3194308,1.3187,1.4833907,-0.0003936064,-0.0011665588
TRGC2,0.84639573,-0.018838307,0.75011086,0.13140972,-0.018431362,-0.010100438,0.6792216,2.0285668,-0.023178607,-0.02809504,-0.0007654804,1.8435819,1.1105574,1.3355336,0.13505079,0.0041726455
TRGJP1,1.4125849,-0.023292638,0.8017308,0.64857644,-0.020635482,-0.008703591,0.6392245,2.2677834,-0.02821476,-0.03378276,-0.0018338348,2.3194308,1.3187,1.4833907,-0.0003936064,-0.0011665588
TRGV10,1.4125849,-0.023292638,0.8017308,0.64857644,-0.020635482,-0.008703591,0.6392245,2.2677834,-0.02821476,-0.03378276,-0.0018338348,2.3194308,1.3187,1.4833907,-0.0003936064,-0.0011665588
TRGV2,1.4271156,-0.023392387,0.8295836,0.69112873,-0.020968633,-0.009397985,0.6499647,2.2774303,-0.027450422,-0.033606153,-0.0025052973,2.2597353,1.3681476,1.5032365,-0.00049101916,-0.0013785011
TRGV8,1.4125849,-0.023292638,0.8017308,0.64857644,-0.020635482,-0.008703591,0.6392245,2.2677834,-0.02821476,-0.03378276,-0.0018338348,2.3194308,1.3187,1.4833907,-0.0003936064,-0.0011665588
TRGV9,1.4125849,-0.023292638,0.8017308,0.64857644,-0.020635482,-0.008703591,0.6392245,2.2677834,-0.02821476,-0.03378276,-0.0018338348,2.3194308,1.3187,1.4833907,-0.0003936064,-0.0011665588
TRIM14,1.4125849,-0.023292638,0.8017308,0.64857644,-0.020635482,-0.008703591,0.6392245,2.2677834,-0.02821476,-0.03378276,-0.0018338348,2.3194308,1.3187,1.4833907,-0.0003936064,-0.0011665588
TRIM23,1.4125849,-0.023292638,0.8017308,0.64857644,-0.020635482,-0.008703591,0.6392245,2.2677834,-0.02821476,-0.03378276,-0.0018338348,2.3194308,1.3187,1.4833907,-0.0003936064,-0.0011665588
TRIM69,1.4125849,-0.023292638,0.8017308,0.64857644,-0.020635482,-0.008703591,0.6392245,2.2677834,-0.02821476,-0.03378276,-0.0018338348,2.3194308,1.3187,1.4833907,-0.0003936064,-0.0011665588
TRIP11,1.4125849,-0.023292638,0.8017308,0.64857644,-0.020635482,-0.008703591,0.6392245,2.2677834,-0.02821476,-0.03378276,-0.0018338348,2.3194308,1.3187,1.4833907,-0.0003936064,-0.0011665588
TRMT11,1.4125849,-0.023292638,0.8017308,0.64857644,-0.020635482,-0.008703591,0.6392245,2.2677834,-0.02821476,-0.03378276,-0.0018338348,2.3194308,1.3187,1.4833907,-0.0003936064,-0.0011665588
TRMT13,1.4125849,-0.023292638,0.8017308,0.64857644,-0.020635482,-0.008703591,0.6392245,2.2677834,-0.02821476,-0.03378276,-0.0018338348,2.3194308,1.3187,1.4833907,-0.0003936064,-0.0011665588
TRNAU1AP,1.3719233,-0.020202128,0.8260185,0.42567998,-0.020891516,-0.0066852653,0.8238241,2.0558758,-0.025735507,-0.030018141,-0.00085700926,2.1026256,1.2929144,1.2610902,0.0930728,-0.0007604649
TRO,1.4125849,-0.023292638,0.8017308,0.64857644,-0.020635482,-0.008703591,0.6392245,2.2677834,-0.02821476,-0.03378276,-0.0018338348,2.3194308,1.3187,1.4833907,-0.0003936064,-0.0011665588
TRPC1,1.4125849,-0.023292638,0.8017308,0.64857644,-0.020635482,-0.008703591,0.6392245,2.2677834,-0.02821476,-0.03378276,-0.0018338348,2.3194308,1.3187,1.4833907,-0.0003936064,-0.0011665588
TRPM6,1.4125849,-0.023292638,0.8017308,0.64857644,-0.020635482,-0.008703591,0.6392245,2.2677834,-0.02821476,-0.03378276,-0.0018338348,2.3194308,1.3187,1.4833907,-0.0003936064,-0.0011665588
TSACC,1.3414369,-0.023503976,0.8150905,0.6324631,-0.019814126,-0.008692475,0.62040097,2.210308,-0.02825739,-0.03310045,-0.0025651837,2.2223418,1.3649064,1.4821291,-0.0010754063,-0.001293996
TSC22D1-AS1,1.4125849,-0.023292638,0.8017308,0.64857644,-0.020635482,-0.008703591,0.6392245,2.2677834,-0.02821476,-0.03378276,-0.0018338348,2.3194308,1.3187,1.4833907,-0.0003936064,-0.0011665588
TSEN54,1.3652904,-0.022982465,0.74883455,0.5799632,-0.020713909,-0.0089688385,0.6520258,2.2598364,-0.027539706,-0.03332276,-0.0016806397,2.3615706,1.3598664,1.4768136,-0.00013004898,-0.0010180708
TSGA10,1.4125849,-0.023292638,0.8017308,0.64857644,-0.020635482,-0.008703591,0.6392245,2.2677834,-0.02821476,-0.03378276,-0.0018338348,2.3194308,1.3187,1.4833907,-0.0003936064,-0.0011665588
TSHZ2,1.4125849,-0.023292638,0.8017308,0.64857644,-0.020635482,-0.008703591,0.6392245,2.2677834,-0.02821476,-0.03378276,-0.0018338348,2.3194308,1.3187,1.4833907,-0.0003936064,-0.0011665588
TSPAN18,1.4125849,-0.023292638,0.8017308,0.64857644,-0.020635482,-0.008703591,0.6392245,2.2677834,-0.02821476,-0.03378276,-0.0018338348,2.3194308,1.3187,1.4833907,-0.0003936064,-0.0011665588
TSPOAP1,1.3321224,-0.023294413,0.735883,0.6972524,-0.020130107,-0.008047949,0.6280316,2.1828496,-0.028478064,-0.034258723,-0.002596739,2.301553,1.340568,1.3898956,-0.00060153723,-0.0017894763
TSPOAP1-AS1,1.4125849,-0.023292638,0.8017308,0.64857644,-0.020635482,-0.008703591,0.6392245,2.2677834,-0.02821476,-0.03378276,-0.0018338348,2.3194308,1.3187,1.4833907,-0.0003936064,-0.0011665588
TSPYL2,1.4125849,-0.023292638,0.8017308,0.64857644,-0.020635482,-0.008703591,0.6392245,2.2677834,-0.02821476,-0.03378276,-0.0018338348,2.3194308,1.3187,1.4833907,-0.0003936064,-0.0011665588
TSTD1,1.4125849,-0.023292638,0.8017308,0.64857644,-0.020635482,-0.008703591,0.6392245,2.2677834,-0.02821476,-0.03378276,-0.0018338348,2.3194308,1.3187,1.4833907,-0.0003936064,-0.0011665588
TTC16,1.4477803,-0.01937685,0.55903554,0.55976546,-0.019329078,-0.007462445,0.48328066,1.9944278,-0.023716684,-0.029194945,0.055814832,2.1764863,1.3155603,1.2532868,-0.0005378583,0.1865727
TTC27,1.4125849,-0.023292638,0.8017308,0.64857644,-0.020635482,-0.008703591,0.6392245,2.2677834,-0.02821476,-0.03378276,-0.0018338348,2.3194308,1.3187,1.4833907,-0.0003936064,-0.0011665588
TTC28,1.4848722,-0.021887915,0.75252235,0.6572543,-0.01905726,-0.007781316,0.5756423,2.1572971,-0.027092801,-0.03268414,-0.00041093177,2.2740304,1.1220263,1.4568973,-0.00074900565,-0.00036190182
TTC28-AS1,1.4125849,-0.023292638,0.8017308,0.64857644,-0.020635482,-0.008703591,0.6392245,2.2677834,-0.02821476,-0.03378276,-0.0018338348,2.3194308,1.3187,1.4833907,-0.0003936064,-0.0011665588
TTC38,1.4125849,-0.023292638,0.8017308,0.64857644,-0.020635482,-0.008703591,0.6392245,2.2677834,-0.02821476,-0.03378276,-0.0018338348,2.3194308,1.3187,1.4833907,-0.0003936064,-0.0011665588
TTC39B,1.4125849,-0.023292638,0.8017308,0.64857644,-0.020635482,-0.008703591,0.6392245,2.2677834,-0.02821476,-0.03378276,-0.0018338348,2.3194308,1.3187,1.4833907,-0.0003936064,-0.0011665588
TTF1,1.4125849,-0.023292638,0.8017308,0.64857644,-0.020635482,-0.008703591,0.6392245,2.2677834,-0.02821476,-0.03378276,-0.0018338348,2.3194308,1.3187,1.4833907,-0.0003936064,-0.0011665588
TTLL6,1.4125849,-0.023292638,0.8017308,0.64857644,-0.020635482,-0.008703591,0.6392245,2.2677834,-0.02821476,-0.03378276,-0.0018338348,2.3194308,1.3187,1.4833907,-0.0003936064,-0.0011665588
TTR,1.4125849,-0.023292638,0.8017308,0.64857644,-0.020635482,-0.008703591,0.6392245,2.2677834,-0.02821476,-0.03378276,-0.0018338348,2.3194308,1.3187,1.4833907,-0.0003936064,-0.0011665588
TUBA1C,1.4012469,-0.023200698,0.8177106,0.66221416,-0.020660646,-0.008795722,0.6483879,2.2673604,-0.028187595,-0.033784505,-0.0018746037,2.2989755,1.2971774,1.4900368,-0.00041457056,-0.0013077301
TUBA4B,1.4125849,-0.023292638,0.8017308,0.64857644,-0.020635482,-0.008703591,0.6392245,2.2677834,-0.02821476,-0.03378276,-0.0018338348,2.3194308,1.3187,1.4833907,-0.0003936064,-0.0011665588
TUBD1,1.4125849,-0.023292638,0.8017308,0.64857644,-0.020635482,-0.008703591,0.6392245,2.2677834,-0.02821476,-0.03378276,-0.0018338348,2.3194308,1.3187,1.4833907,-0.0003936064,-0.0011665588
TUBGCP5,1.4271156,-0.023392387,0.8295836,0.69112873,-0.020968633,-0.009397985,0.6499647,2.2774303,-0.027450422,-0.033606153,-0.0025052973,2.2597353,1.3681476,1.5032365,-0.00049101916,-0.0013785011
TUBGCP6,1.4125849,-0.023292638,0.8017308,0.64857644,-0.020635482,-0.008703591,0.6392245,2.2677834,-0.02821476,-0.03378276,-0.0018338348,2.3194308,1.3187,1.4833907,-0.0003936064,-0.0011665588
TXK,1.4125849,-0.023292638,0.8017308,0.64857644,-0.020635482,-0.008703591,0.6392245,2.2677834,-0.02821476,-0.03378276,-0.0018338348,2.3194308,1.3187,1.4833907,-0.0003936064,-0.0011665588
UBAP2,1.4121956,-0.0232928,0.8024285,0.64799565,-0.020630991,-0.008695753,0.6389291,2.2674978,-0.028209936,-0.033783376,-0.0018392464,2.3199787,1.3190559,1.4839792,-0.00039519905,-0.0011674433
UBASH3A,1.4063948,-0.022367306,0.7271749,0.69755614,-0.021067811,-0.0090535795,0.5968012,2.2347817,-0.028394908,-0.034352824,-0.0025593417,2.348007,1.3284153,1.5106052,0.017504789,-0.0009885073
UBE2C,1.4125849,-0.023292638,0.8017308,0.64857644,-0.020635482,-0.008703591,0.6392245,2.2677834,-0.02821476,-0.03378276,-0.0018338348,2.3194308,1.3187,1.4833907,-0.0003936064,-0.0011665588
UBE2D3-AS1,1.3990097,-0.024409989,0.6565998,0.71784043,-0.018224292,-0.010813156,0.78649265,2.1349409,-0.026574137,-0.031696294,-0.00041077577,2.0664485,1.2636955,1.4521892,0.017155461,-0.0031857484
UBE3D,1.1812887,-0.023372626,0.8682128,0.45242098,-0.020422827,-0.0074654743,0.6558222,2.0148993,-0.02575761,-0.0312421,-0.003208672,2.1666298,1.2662375,1.4029402,-0.0017618241,-0.002379772
UBTF,1.3652904,-0.022982465,0.74883455,0.5799632,-0.020713909,-0.0089688385,0.6520258,2.2598364,-0.027539706,-0.03332276,-0.0016806397,2.3615706,1.3598664,1.4768136,-0.00013004898,-0.0010180708
UBXN2A,1.4125849,-0.023292638,0.8017308,0.64857644,-0.020635482,-0.008703591,0.6392245,2.2677834,-0.02821476,-0.03378276,-0.0018338348,2.3194308,1.3187,1.4833907,-0.0003936064,-0.0011665588
UCKL1,1.492775,-0.023186313,0.95870185,0.5833332,-0.01813574,-0.010468844,0.6704174,2.3450425,-0.026279798,-0.033630207,-0.000938206,2.2868438,1.2921569,1.4577509,0.14635035,-0.002894342
UCN,1.4125849,-0.023292638,0.8017308,0.64857644,-0.020635482,-0.008703591,0.6392245,2.2677834,-0.02821476,-0.03378276,-0.0018338348,2.3194308,1.3187,1.4833907,-0.0003936064,-0.0011665588
UCN2,1.3946742,-0.022655874,0.6661938,0.64601344,-0.019384641,-0.008034056,0.6784773,2.2764227,-0.027240228,-0.03443405,-0.0026611283,2.1614032,1.1651657,1.4507954,-0.0009890946,-0.0018357891
UCP1,1.4125849,-0.023292638,0.8017308,0.64857644,-0.020635482,-0.008703591,0.6392245,2.2677834,-0.02821476,-0.03378276,-0.0018338348,2.3194308,1.3187,1.4833907,-0.0003936064,-0.0011665588
UFL1-AS1,1.4125849,-0.023292638,0.8017308,0.64857644,-0.020635482,-0.008703591,0.6392245,2.2677834,-0.02821476,-0.03378276,-0.0018338348,2.3194308,1.3187,1.4833907,-0.0003936064,-0.0011665588
ULBP1,1.4125849,-0.023292638,0.8017308,0.64857644,-0.020635482,-0.008703591,0.6392245,2.2677834,-0.02821476,-0.03378276,-0.0018338348,2.3194308,1.3187,1.4833907,-0.0003936064,-0.0011665588
ULBP2,1.4125849,-0.023292638,0.8017308,0.64857644,-0.020635482,-0.008703591,0.6392245,2.2677834,-0.02821476,-0.03378276,-0.0018338348,2.3194308,1.3187,1.4833907,-0.0003936064,-0.0011665588
ULK3,1.4125849,-0.023292638,0.8017308,0.64857644,-0.020635482,-0.008703591,0.6392245,2.2677834,-0.02821476,-0.03378276,-0.0018338348,2.3194308,1.3187,1.4833907,-0.0003936064,-0.0011665588
ULK4,1.4125849,-0.023292638,0.8017308,0.64857644,-0.020635482,-0.008703591,0.6392245,2.2677834,-0.02821476,-0.03378276,-0.0018338348,2.3194308,1.3187,1.4833907,-0.0003936064,-0.0011665588
UNC13A,1.4125849,-0.023292638,0.8017308,0.64857644,-0.020635482,-0.008703591,0.6392245,2.2677834,-0.02821476,-0.03378276,-0.0018338348,2.3194308,1.3187,1.4833907,-0.0003936064,-0.0011665588
UNC5B-AS1,1.492775,-0.023186313,0.95870185,0.5833332,-0.01813574,-0.010468844,0.6704174,2.3450425,-0.026279798,-0.033630207,-0.000938206,2.2868438,1.2921569,1.4577509,0.14635035,-0.002894342
UNKL,1.4888421,-0.019520069,0.5995763,0.706227,-0.018661655,-0.007817254,0.48694384,2.0320282,-0.025060697,-0.030242924,0.032263,2.138259,1.4176911,1.3404392,-0.0011982796,0.075745426
UPK2,1.4125849,-0.023292638,0.8017308,0.64857644,-0.020635482,-0.008703591,0.6392245,2.2677834,-0.02821476,-0.03378276,-0.0018338348,2.3194308,1.3187,1.4833907,-0.0003936064,-0.0011665588
UPP2,1.4125849,-0.023292638,0.8017308,0.64857644,-0.020635482,-0.008703591,0.6392245,2.2677834,-0.02821476,-0.03378276,-0.0018338348,2.3194308,1.3187,1.4833907,-0.0003936064,-0.0011665588
URGCP,1.4125849,-0.023292638,0.8017308,0.64857644,-0.020635482,-0.008703591,0.6392245,2.2677834,-0.02821476,-0.03378276,-0.0018338348,2.3194308,1.3187,1.4833907,-0.0003936064,-0.0011665588
USH1G,1.4125849,-0.023292638,0.8017308,0.64857644,-0.020635482,-0.008703591,0.6392245,2.2677834,-0.02821476,-0.03378276,-0.0018338348,2.3194308,1.3187,1.4833907,-0.0003936064,-0.0011665588
USP11,1.4125849,-0.023292638,0.8017308,0.64857644,-0.020635482,-0.008703591,0.6392245,2.2677834,-0.02821476,-0.03378276,-0.0018338348,2.3194308,1.3187,1.4833907,-0.0003936064,-0.0011665588
USP2-AS1,1.4888421,-0.019520069,0.5995763,0.706227,-0.018661655,-0.007817254,0.48694384,2.0320282,-0.025060697,-0.030242924,0.032263,2.138259,1.4176911,1.3404392,-0.0011982796,0.075745426
USP20,1.4124068,-0.02327248,0.79874843,0.6493369,-0.020631136,-0.008673036,0.6366332,2.2652888,-0.028169967,-0.03375177,-0.0018434615,2.3161504,1.3161155,1.4865477,-0.0003547457,-0.0011790764
USP28,1.4125849,-0.023292638,0.8017308,0.64857644,-0.020635482,-0.008703591,0.6392245,2.2677834,-0.02821476,-0.03378276,-0.0018338348,2.3194308,1.3187,1.4833907,-0.0003936064,-0.0011665588
USP44,1.4125849,-0.023292638,0.8017308,0.64857644,-0.020635482,-0.008703591,0.6392245,2.2677834,-0.02821476,-0.03378276,-0.0018338348,2.3194308,1.3187,1.4833907,-0.0003936064,-0.0011665588
USP45,1.4125849,-0.023292638,0.8017308,0.64857644,-0.020635482,-0.008703591,0.6392245,2.2677834,-0.02821476,-0.03378276,-0.0018338348,2.3194308,1.3187,1.4833907,-0.0003936064,-0.0011665588
USP53,1.4137145,-0.02329587,0.8009426,0.6493965,-0.020645084,-0.008709131,0.6389275,2.2688508,-0.02820855,-0.033780575,-0.0018293677,2.320351,1.3191029,1.482799,-0.0003975999,-0.0011733394
UST,1.4105314,-0.02325152,0.7991245,0.64747995,-0.02061072,-0.008690771,0.636172,2.2631497,-0.028197767,-0.033744883,-0.0018489436,2.318945,1.3171363,1.4813086,-0.00036405234,-0.0011508906
VAMP1,1.4125849,-0.023292638,0.8017308,0.64857644,-0.020635482,-0.008703591,0.6392245,2.2677834,-0.02821476,-0.03378276,-0.0018338348,2.3194308,1.3187,1.4833907,-0.0003936064,-0.0011665588
VANGL2,1.4125849,-0.023292638,0.8017308,0.64857644,-0.020635482,-0.008703591,0.6392245,2.2677834,-0.02821476,-0.03378276,-0.0018338348,2.3194308,1.3187,1.4833907,-0.0003936064,-0.0011665588
VCAN,1.4125849,-0.023292638,0.8017308,0.64857644,-0.020635482,-0.008703591,0.6392245,2.2677834,-0.02821476,-0.03378276,-0.0018338348,2.3194308,1.3187,1.4833907,-0.0003936064,-0.0011665588
VEGFC,1.126832,-0.02010549,0.6344025,0.689811,-0.02070656,-0.005213176,0.2975413,1.9111812,-0.030000385,-0.02916305,-0.004811839,2.3534868,1.348174,1.128421,0.09913291,0.055902623
VGLL3,1.4125849,-0.023292638,0.8017308,0.64857644,-0.020635482,-0.008703591,0.6392245,2.2677834,-0.02821476,-0.03378276,-0.0018338348,2.3194308,1.3187,1.4833907,-0.0003936064,-0.0011665588
VIPR2,1.4125849,-0.023292638,0.8017308,0.64857644,-0.020635482,-0.008703591,0.6392245,2.2677834,-0.02821476,-0.03378276,-0.0018338348,2.3194308,1.3187,1.4833907,-0.0003936064,-0.0011665588
VPS13A-AS1,1.4104106,-0.023309104,0.79957646,0.64951706,-0.020605762,-0.008712372,0.6379734,2.2672656,-0.028188275,-0.03376633,-0.0018315454,2.3179383,1.3179502,1.4859527,-0.00037308782,-0.001148743
VPS33B-DT,1.4125849,-0.023292638,0.8017308,0.64857644,-0.020635482,-0.008703591,0.6392245,2.2677834,-0.02821476,-0.03378276,-0.0018338348,2.3194308,1.3187,1.4833907,-0.0003936064,-0.0011665588
VXN,1.4125849,-0.023292638,0.8017308,0.64857644,-0.020635482,-0.008703591,0.6392245,2.2677834,-0.02821476,-0.03378276,-0.0018338348,2.3194308,1.3187,1.4833907,-0.0003936064,-0.0011665588
WAKMAR2,1.4125849,-0.023292638,0.8017308,0.64857644,-0.020635482,-0.008703591,0.6392245,2.2677834,-0.02821476,-0.03378276,-0.0018338348,2.3194308,1.3187,1.4833907,-0.0003936064,-0.0011665588
WARS2-AS1,1.4125849,-0.023292638,0.8017308,0.64857644,-0.020635482,-0.008703591,0.6392245,2.2677834,-0.02821476,-0.03378276,-0.0018338348,2.3194308,1.3187,1.4833907,-0.0003936064,-0.0011665588
WASF3,1.4125849,-0.023292638,0.8017308,0.64857644,-0.020635482,-0.008703591,0.6392245,2.2677834,-0.02821476,-0.03378276,-0.0018338348,2.3194308,1.3187,1.4833907,-0.0003936064,-0.0011665588
WDR12,1.4125849,-0.023292638,0.8017308,0.64857644,-0.020635482,-0.008703591,0.6392245,2.2677834,-0.02821476,-0.03378276,-0.0018338348,2.3194308,1.3187,1.4833907,-0.0003936064,-0.0011665588
WDR27,1.4271156,-0.023392387,0.8295836,0.69112873,-0.020968633,-0.009397985,0.6499647,2.2774303,-0.027450422,-0.033606153,-0.0025052973,2.2597353,1.3681476,1.5032365,-0.00049101916,-0.0013785011
WDR44,1.3946742,-0.022655874,0.6661938,0.64601344,-0.019384641,-0.008034056,0.6784773,2.2764227,-0.027240228,-0.03443405,-0.0026611283,2.1614032,1.1651657,1.4507954,-0.0009890946,-0.0018357891
WDR54,1.4125849,-0.023292638,0.8017308,0.64857644,-0.020635482,-0.008703591,0.6392245,2.2677834,-0.02821476,-0.03378276,-0.0018338348,2.3194308,1.3187,1.4833907,-0.0003936064,-0.0011665588
WDR74,1.4125849,-0.023292638,0.8017308,0.64857644,-0.020635482,-0.008703591,0.6392245,2.2677834,-0.02821476,-0.03378276,-0.0018338348,2.3194308,1.3187,1.4833907,-0.0003936064,-0.0011665588
WDR76,1.4125849,-0.023292638,0.8017308,0.64857644,-0.020635482,-0.008703591,0.6392245,2.2677834,-0.02821476,-0.03378276,-0.0018338348,2.3194308,1.3187,1.4833907,-0.0003936064,-0.0011665588
WDR86,1.4125849,-0.023292638,0.8017308,0.64857644,-0.020635482,-0.008703591,0.6392245,2.2677834,-0.02821476,-0.03378276,-0.0018338348,2.3194308,1.3187,1.4833907,-0.0003936064,-0.0011665588
WEE2-AS1,1.4125849,-0.023292638,0.8017308,0.64857644,-0.020635482,-0.008703591,0.6392245,2.2677834,-0.02821476,-0.03378276,-0.0018338348,2.3194308,1.3187,1.4833907,-0.0003936064,-0.0011665588
WFDC3,1.4125849,-0.023292638,0.8017308,0.64857644,-0.020635482,-0.008703591,0.6392245,2.2677834,-0.02821476,-0.03378276,-0.0018338348,2.3194308,1.3187,1.4833907,-0.0003936064,-0.0011665588
WIF1,1.4125849,-0.023292638,0.8017308,0.64857644,-0.020635482,-0.008703591,0.6392245,2.2677834,-0.02821476,-0.03378276,-0.0018338348,2.3194308,1.3187,1.4833907,-0.0003936064,-0.0011665588
WNT10B,1.2886138,-0.023398282,0.8040318,0.7168919,-0.01999081,-0.008039989,0.60573524,2.2904255,-0.0264793,-0.033872407,-0.00012055656,2.241349,1.1201737,1.327325,0.13501322,-0.00014173068
WNT11,1.4125849,-0.023292638,0.8017308,0.64857644,-0.020635482,-0.008703591,0.6392245,2.2677834,-0.02821476,-0.03378276,-0.0018338348,2.3194308,1.3187,1.4833907,-0.0003936064,-0.0011665588
WNT3A,1.4125849,-0.023292638,0.8017308,0.64857644,-0.020635482,-0.008703591,0.6392245,2.2677834,-0.02821476,-0.03378276,-0.0018338348,2.3194308,1.3187,1.4833907,-0.0003936064,-0.0011665588
WRN,1.1956413,-0.023452215,0.8930832,0.4957337,-0.020751633,-0.008129313,0.66397107,2.0220518,-0.024948481,-0.031034503,-0.0038897614,2.1036541,1.3131006,1.425943,-0.0018203761,-0.0026042317
WWC2-AS2,1.4271156,-0.023392387,0.8295836,0.69112873,-0.020968633,-0.009397985,0.6499647,2.2774303,-0.027450422,-0.033606153,-0.0025052973,2.2597353,1.3681476,1.5032365,-0.00049101916,-0.0013785011
XCL1,1.4125849,-0.023292638,0.8017308,0.64857644,-0.020635482,-0.008703591,0.6392245,2.2677834,-0.02821476,-0.03378276,-0.0018338348,2.3194308,1.3187,1.4833907,-0.0003936064,-0.0011665588
XCL2,1.4125849,-0.023292638,0.8017308,0.64857644,-0.020635482,-0.008703591,0.6392245,2.2677834,-0.02821476,-0.03378276,-0.0018338348,2.3194308,1.3187,1.4833907,-0.0003936064,-0.0011665588
XKR5,1.4125849,-0.023292638,0.8017308,0.64857644,-0.020635482,-0.008703591,0.6392245,2.2677834,-0.02821476,-0.03378276,-0.0018338348,2.3194308,1.3187,1.4833907,-0.0003936064,-0.0011665588
XKR6,1.3414038,-0.023519235,0.8189656,0.6318845,-0.019816596,-0.008732539,0.62389964,2.2116776,-0.028308965,-0.03312974,-0.0025530248,2.2251654,1.3664079,1.4796026,-0.0011043042,-0.0012821328
XRCC2,1.4125849,-0.023292638,0.8017308,0.64857644,-0.020635482,-0.008703591,0.6392245,2.2677834,-0.02821476,-0.03378276,-0.0018338348,2.3194308,1.3187,1.4833907,-0.0003936064,-0.0011665588
XRRA1,1.4125849,-0.023292638,0.8017308,0.64857644,-0.020635482,-0.008703591,0.6392245,2.2677834,-0.02821476,-0.03378276,-0.0018338348,2.3194308,1.3187,1.4833907,-0.0003936064,-0.0011665588
YES1,1.4125849,-0.023292638,0.8017308,0.64857644,-0.020635482,-0.008703591,0.6392245,2.2677834,-0.02821476,-0.03378276,-0.0018338348,2.3194308,1.3187,1.4833907,-0.0003936064,-0.0011665588
YPEL1,1.4125849,-0.023292638,0.8017308,0.64857644,-0.020635482,-0.008703591,0.6392245,2.2677834,-0.02821476,-0.03378276,-0.0018338348,2.3194308,1.3187,1.4833907,-0.0003936064,-0.0011665588
ZAP70,1.4105314,-0.02325152,0.7991245,0.64747995,-0.02061072,-0.008690771,0.636172,2.2631497,-0.028197767,-0.033744883,-0.0018489436,2.318945,1.3171363,1.4813086,-0.00036405234,-0.0011508906
ZAR1L,1.4125849,-0.023292638,0.8017308,0.64857644,-0.020635482,-0.008703591,0.6392245,2.2677834,-0.02821476,-0.03378276,-0.0018338348,2.3194308,1.3187,1.4833907,-0.0003936064,-0.0011665588
ZBP1,1.4125849,-0.023292638,0.8017308,0.64857644,-0.020635482,-0.008703591,0.6392245,2.2677834,-0.02821476,-0.03378276,-0.0018338348,2.3194308,1.3187,1.4833907,-0.0003936064,-0.0011665588
ZBTB10,1.4125849,-0.023292638,0.8017308,0.64857644,-0.020635482,-0.008703591,0.6392245,2.2677834,-0.02821476,-0.03378276,-0.0018338348,2.3194308,1.3187,1.4833907,-0.0003936064,-0.0011665588
ZBTB16,1.4125849,-0.023292638,0.8017308,0.64857644,-0.020635482,-0.008703591,0.6392245,2.2677834,-0.02821476,-0.03378276,-0.0018338348,2.3194308,1.3187,1.4833907,-0.0003936064,-0.0011665588
ZBTB25,1.4125849,-0.023292638,0.8017308,0.64857644,-0.020635482,-0.008703591,0.6392245,2.2677834,-0.02821476,-0.03378276,-0.0018338348,2.3194308,1.3187,1.4833907,-0.0003936064,-0.0011665588
ZBTB44-DT,1.4125849,-0.023292638,0.8017308,0.64857644,-0.020635482,-0.008703591,0.6392245,2.2677834,-0.02821476,-0.03378276,-0.0018338348,2.3194308,1.3187,1.4833907,-0.0003936064,-0.0011665588
ZBTB8B,1.4858432,-0.023543715,0.7068908,0.55857843,-0.018806776,-0.0072389976,0.6906159,2.0854418,-0.027196279,-0.032130525,-0.002061214,2.150608,1.1790088,1.3634757,-0.0020589253,-0.0013641614
ZC3H12D,1.4125849,-0.023292638,0.8017308,0.64857644,-0.020635482,-0.008703591,0.6392245,2.2677834,-0.02821476,-0.03378276,-0.0018338348,2.3194308,1.3187,1.4833907,-0.0003936064,-0.0011665588
ZC3H8,1.5046868,-0.021733219,0.8811911,0.7689369,-0.01877653,-0.009070712,0.5666421,2.1968246,-0.028077228,-0.031377513,-0.0031115457,2.233477,1.2062994,1.5893044,-0.0007109964,-0.0024455206
ZC4H2,1.4125849,-0.023292638,0.8017308,0.64857644,-0.020635482,-0.008703591,0.6392245,2.2677834,-0.02821476,-0.03378276,-0.0018338348,2.3194308,1.3187,1.4833907,-0.0003936064,-0.0011665588
ZCCHC18,1.4125849,-0.023292638,0.8017308,0.64857644,-0.020635482,-0.008703591,0.6392245,2.2677834,-0.02821476,-0.03378276,-0.0018338348,2.3194308,1.3187,1.4833907,-0.0003936064,-0.0011665588
ZCCHC2,1.4125849,-0.023292638,0.8017308,0.64857644,-0.020635482,-0.008703591,0.6392245,2.2677834,-0.02821476,-0.03378276,-0.0018338348,2.3194308,1.3187,1.4833907,-0.0003936064,-0.0011665588
ZDBF2,1.4125849,-0.023292638,0.8017308,0.64857644,-0.020635482,-0.008703591,0.6392245,2.2677834,-0.02821476,-0.03378276,-0.0018338348,2.3194308,1.3187,1.4833907,-0.0003936064,-0.0011665588
ZFP37,1.5049807,-0.021732576,0.88174975,0.7686926,-0.018773973,-0.009066471,0.5668093,2.1955013,-0.028080277,-0.03136628,-0.0031173055,2.2340765,1.2065731,1.5889652,-0.0006985569,-0.002453205
ZFP57,1.4125849,-0.023292638,0.8017308,0.64857644,-0.020635482,-0.008703591,0.6392245,2.2677834,-0.02821476,-0.03378276,-0.0018338348,2.3194308,1.3187,1.4833907,-0.0003936064,-0.0011665588
ZFP90,1.4125849,-0.023292638,0.8017308,0.64857644,-0.020635482,-0.008703591,0.6392245,2.2677834,-0.02821476,-0.03378276,-0.0018338348,2.3194308,1.3187,1.4833907,-0.0003936064,-0.0011665588
ZFPM1,1.4125849,-0.023292638,0.8017308,0.64857644,-0.020635482,-0.008703591,0.6392245,2.2677834,-0.02821476,-0.03378276,-0.0018338348,2.3194308,1.3187,1.4833907,-0.0003936064,-0.0011665588
ZFR2,1.4125849,-0.023292638,0.8017308,0.64857644,-0.020635482,-0.008703591,0.6392245,2.2677834,-0.02821476,-0.03378276,-0.0018338348,2.3194308,1.3187,1.4833907,-0.0003936064,-0.0011665588
ZFX-AS1,1.3990097,-0.024409989,0.6565998,0.71784043,-0.018224292,-0.010813156,0.78649265,2.1349409,-0.026574137,-0.031696294,-0.00041077577,2.0664485,1.2636955,1.4521892,0.017155461,-0.0031857484
ZFYVE28,1.4125849,-0.023292638,0.8017308,0.64857644,-0.020635482,-0.008703591,0.6392245,2.2677834,-0.02821476,-0.03378276,-0.0018338348,2.3194308,1.3187,1.4833907,-0.0003936064,-0.0011665588
ZFYVE9,1.4121956,-0.0232928,0.8024285,0.64799565,-0.020630991,-0.008695753,0.6389291,2.2674978,-0.028209936,-0.033783376,-0.0018392464,2.3199787,1.3190559,1.4839792,-0.00039519905,-0.0011674433
ZKSCAN2-DT,1.4121956,-0.0232928,0.8024285,0.64799565,-0.020630991,-0.008695753,0.6389291,2.2674978,-0.028209936,-0.033783376,-0.0018392464,2.3199787,1.3190559,1.4839792,-0.00039519905,-0.0011674433
ZMAT1,1.4125849,-0.023292638,0.8017308,0.64857644,-0.020635482,-0.008703591,0.6392245,2.2677834,-0.02821476,-0.03378276,-0.0018338348,2.3194308,1.3187,1.4833907,-0.0003936064,-0.0011665588
ZMAT4,1.4125849,-0.023292638,0.8017308,0.64857644,-0.020635482,-0.008703591,0.6392245,2.2677834,-0.02821476,-0.03378276,-0.0018338348,2.3194308,1.3187,1.4833907,-0.0003936064,-0.0011665588
ZMIZ2,1.4125849,-0.023292638,0.8017308,0.64857644,-0.020635482,-0.008703591,0.6392245,2.2677834,-0.02821476,-0.03378276,-0.0018338348,2.3194308,1.3187,1.4833907,-0.0003936064,-0.0011665588
ZMYND10-AS1,1.4125849,-0.023292638,0.8017308,0.64857644,-0.020635482,-0.008703591,0.6392245,2.2677834,-0.02821476,-0.03378276,-0.0018338348,2.3194308,1.3187,1.4833907,-0.0003936064,-0.0011665588
ZMYND12,1.4125849,-0.023292638,0.8017308,0.64857644,-0.020635482,-0.008703591,0.6392245,2.2677834,-0.02821476,-0.03378276,-0.0018338348,2.3194308,1.3187,1.4833907,-0.0003936064,-0.0011665588
ZMYND8,1.4125849,-0.023292638,0.8017308,0.64857644,-0.020635482,-0.008703591,0.6392245,2.2677834,-0.02821476,-0.03378276,-0.0018338348,2.3194308,1.3187,1.4833907,-0.0003936064,-0.0011665588
ZNF101,1.4125849,-0.023292638,0.8017308,0.64857644,-0.020635482,-0.008703591,0.6392245,2.2677834,-0.02821476,-0.03378276,-0.0018338348,2.3194308,1.3187,1.4833907,-0.0003936064,-0.0011665588
ZNF107,1.4125849,-0.023292638,0.8017308,0.64857644,-0.020635482,-0.008703591,0.6392245,2.2677834,-0.02821476,-0.03378276,-0.0018338348,2.3194308,1.3187,1.4833907,-0.0003936064,-0.0011665588
ZNF138,1.4125849,-0.023292638,0.8017308,0.64857644,-0.020635482,-0.008703591,0.6392245,2.2677834,-0.02821476,-0.03378276,-0.0018338348,2.3194308,1.3187,1.4833907,-0.0003936064,-0.0011665588
ZNF14,1.4125849,-0.023292638,0.8017308,0.64857644,-0.020635482,-0.008703591,0.6392245,2.2677834,-0.02821476,-0.03378276,-0.0018338348,2.3194308,1.3187,1.4833907,-0.0003936064,-0.0011665588
ZNF143,1.4125849,-0.023292638,0.8017308,0.64857644,-0.020635482,-0.008703591,0.6392245,2.2677834,-0.02821476,-0.03378276,-0.0018338348,2.3194308,1.3187,1.4833907,-0.0003936064,-0.0011665588
ZNF213,1.4125849,-0.023292638,0.8017308,0.64857644,-0.020635482,-0.008703591,0.6392245,2.2677834,-0.02821476,-0.03378276,-0.0018338348,2.3194308,1.3187,1.4833907,-0.0003936064,-0.0011665588
ZNF221,0.84639573,-0.018838307,0.75011086,0.13140972,-0.018431362,-0.010100438,0.6792216,2.0285668,-0.023178607,-0.02809504,-0.0007654804,1.8435819,1.1105574,1.3355336,0.13505079,0.0041726455
ZNF25-DT,1.4125849,-0.023292638,0.8017308,0.64857644,-0.020635482,-0.008703591,0.6392245,2.2677834,-0.02821476,-0.03378276,-0.0018338348,2.3194308,1.3187,1.4833907,-0.0003936064,-0.0011665588
ZNF253,1.4125849,-0.023292638,0.8017308,0.64857644,-0.020635482,-0.008703591,0.6392245,2.2677834,-0.02821476,-0.03378276,-0.0018338348,2.3194308,1.3187,1.4833907,-0.0003936064,-0.0011665588
ZNF254,1.4125849,-0.023292638,0.8017308,0.64857644,-0.020635482,-0.008703591,0.6392245,2.2677834,-0.02821476,-0.03378276,-0.0018338348,2.3194308,1.3187,1.4833907,-0.0003936064,-0.0011665588
ZNF257,1.4125849,-0.023292638,0.8017308,0.64857644,-0.020635482,-0.008703591,0.6392245,2.2677834,-0.02821476,-0.03378276,-0.0018338348,2.3194308,1.3187,1.4833907,-0.0003936064,-0.0011665588
ZNF266,0.84639573,-0.018838307,0.75011086,0.13140972,-0.018431362,-0.010100438,0.6792216,2.0285668,-0.023178607,-0.02809504,-0.0007654804,1.8435819,1.1105574,1.3355336,0.13505079,0.0041726455
ZNF32,1.4125849,-0.023292638,0.8017308,0.64857644,-0.020635482,-0.008703591,0.6392245,2.2677834,-0.02821476,-0.03378276,-0.0018338348,2.3194308,1.3187,1.4833907,-0.0003936064,-0.0011665588
ZNF329,1.4125849,-0.023292638,0.8017308,0.64857644,-0.020635482,-0.008703591,0.6392245,2.2677834,-0.02821476,-0.03378276,-0.0018338348,2.3194308,1.3187,1.4833907,-0.0003936064,-0.0011665588
ZNF335,1.0502238,-0.013369512,0.9059273,-0.002477683,-0.012437775,-0.0057385033,0.61979836,1.7254225,-0.011947944,-0.018553108,1.1399366,1.6778471,0.7517958,0.80149055,0.49706736,0.513212
ZNF337,1.4125849,-0.023292638,0.8017308,0.64857644,-0.020635482,-0.008703591,0.6392245,2.2677834,-0.02821476,-0.03378276,-0.0018338348,2.3194308,1.3187,1.4833907,-0.0003936064,-0.0011665588
ZNF337-AS1,1.4125849,-0.023292638,0.8017308,0.64857644,-0.020635482,-0.008703591,0.6392245,2.2677834,-0.02821476,-0.03378276,-0.0018338348,2.3194308,1.3187,1.4833907,-0.0003936064,-0.0011665588
ZNF365,1.4125849,-0.023292638,0.8017308,0.64857644,-0.020635482,-0.008703591,0.6392245,2.2677834,-0.02821476,-0.03378276,-0.0018338348,2.3194308,1.3187,1.4833907,-0.0003936064,-0.0011665588
ZNF367,1.4127346,-0.023292562,0.8026385,0.64761823,-0.020632455,-0.008697822,0.6380586,2.2673407,-0.028206052,-0.03379725,-0.0018370403,2.3197758,1.3196402,1.4823432,-0.00040205597,-0.0011777007
ZNF416,1.4125849,-0.023292638,0.8017308,0.64857644,-0.020635482,-0.008703591,0.6392245,2.2677834,-0.02821476,-0.03378276,-0.0018338348,2.3194308,1.3187,1.4833907,-0.0003936064,-0.0011665588
ZNF425,1.4125849,-0.023292638,0.8017308,0.64857644,-0.020635482,-0.008703591,0.6392245,2.2677834,-0.02821476,-0.03378276,-0.0018338348,2.3194308,1.3187,1.4833907,-0.0003936064,-0.0011665588
ZNF439,1.4869729,-0.023546945,0.70610267,0.5593984,-0.018816378,-0.0072445367,0.6903189,2.0865092,-0.027190069,-0.032128338,-0.0020567465,2.1515284,1.1794118,1.362884,-0.002062919,-0.001370942
ZNF446,1.4125849,-0.023292638,0.8017308,0.64857644,-0.020635482,-0.008703591,0.6392245,2.2677834,-0.02821476,-0.03378276,-0.0018338348,2.3194308,1.3187,1.4833907,-0.0003936064,-0.0011665588
ZNF483,1.4125849,-0.023292638,0.8017308,0.64857644,-0.020635482,-0.008703591,0.6392245,2.2677834,-0.02821476,-0.03378276,-0.0018338348,2.3194308,1.3187,1.4833907,-0.0003936064,-0.0011665588
ZNF490,1.4125849,-0.023292638,0.8017308,0.64857644,-0.020635482,-0.008703591,0.6392245,2.2677834,-0.02821476,-0.03378276,-0.0018338348,2.3194308,1.3187,1.4833907,-0.0003936064,-0.0011665588
ZNF507,1.4125849,-0.023292638,0.8017308,0.64857644,-0.020635482,-0.008703591,0.6392245,2.2677834,-0.02821476,-0.03378276,-0.0018338348,2.3194308,1.3187,1.4833907,-0.0003936064,-0.0011665588
ZNF513,1.4125849,-0.023292638,0.8017308,0.64857644,-0.020635482,-0.008703591,0.6392245,2.2677834,-0.02821476,-0.03378276,-0.0018338348,2.3194308,1.3187,1.4833907,-0.0003936064,-0.0011665588
ZNF527,1.4125849,-0.023292638,0.8017308,0.64857644,-0.020635482,-0.008703591,0.6392245,2.2677834,-0.02821476,-0.03378276,-0.0018338348,2.3194308,1.3187,1.4833907,-0.0003936064,-0.0011665588
ZNF528-AS1,1.4271156,-0.023392387,0.8295836,0.69112873,-0.020968633,-0.009397985,0.6499647,2.2774303,-0.027450422,-0.033606153,-0.0025052973,2.2597353,1.3681476,1.5032365,-0.00049101916,-0.0013785011
ZNF529,1.4125849,-0.023292638,0.8017308,0.64857644,-0.020635482,-0.008703591,0.6392245,2.2677834,-0.02821476,-0.03378276,-0.0018338348,2.3194308,1.3187,1.4833907,-0.0003936064,-0.0011665588
ZNF529-AS1,1.4125849,-0.023292638,0.8017308,0.64857644,-0.020635482,-0.008703591,0.6392245,2.2677834,-0.02821476,-0.03378276,-0.0018338348,2.3194308,1.3187,1.4833907,-0.0003936064,-0.0011665588
ZNF552,1.4125849,-0.023292638,0.8017308,0.64857644,-0.020635482,-0.008703591,0.6392245,2.2677834,-0.02821476,-0.03378276,-0.0018338348,2.3194308,1.3187,1.4833907,-0.0003936064,-0.0011665588
ZNF558,1.4125849,-0.023292638,0.8017308,0.64857644,-0.020635482,-0.008703591,0.6392245,2.2677834,-0.02821476,-0.03378276,-0.0018338348,2.3194308,1.3187,1.4833907,-0.0003936064,-0.0011665588
ZNF563,1.4125849,-0.023292638,0.8017308,0.64857644,-0.020635482,-0.008703591,0.6392245,2.2677834,-0.02821476,-0.03378276,-0.0018338348,2.3194308,1.3187,1.4833907,-0.0003936064,-0.0011665588
ZNF572,1.4125849,-0.023292638,0.8017308,0.64857644,-0.020635482,-0.008703591,0.6392245,2.2677834,-0.02821476,-0.03378276,-0.0018338348,2.3194308,1.3187,1.4833907,-0.0003936064,-0.0011665588
ZNF573,1.4125849,-0.023292638,0.8017308,0.64857644,-0.020635482,-0.008703591,0.6392245,2.2677834,-0.02821476,-0.03378276,-0.0018338348,2.3194308,1.3187,1.4833907,-0.0003936064,-0.0011665588
ZNF584,1.4125849,-0.023292638,0.8017308,0.64857644,-0.020635482,-0.008703591,0.6392245,2.2677834,-0.02821476,-0.03378276,-0.0018338348,2.3194308,1.3187,1.4833907,-0.0003936064,-0.0011665588
ZNF585B,1.4125849,-0.023292638,0.8017308,0.64857644,-0.020635482,-0.008703591,0.6392245,2.2677834,-0.02821476,-0.03378276,-0.0018338348,2.3194308,1.3187,1.4833907,-0.0003936064,-0.0011665588
ZNF600,1.4125849,-0.023292638,0.8017308,0.64857644,-0.020635482,-0.008703591,0.6392245,2.2677834,-0.02821476,-0.03378276,-0.0018338348,2.3194308,1.3187,1.4833907,-0.0003936064,-0.0011665588
ZNF611,1.4125849,-0.023292638,0.8017308,0.64857644,-0.020635482,-0.008703591,0.6392245,2.2677834,-0.02821476,-0.03378276,-0.0018338348,2.3194308,1.3187,1.4833907,-0.0003936064,-0.0011665588
ZNF626,1.4125849,-0.023292638,0.8017308,0.64857644,-0.020635482,-0.008703591,0.6392245,2.2677834,-0.02821476,-0.03378276,-0.0018338348,2.3194308,1.3187,1.4833907,-0.0003936064,-0.0011665588
ZNF66,1.4125849,-0.023292638,0.8017308,0.64857644,-0.020635482,-0.008703591,0.6392245,2.2677834,-0.02821476,-0.03378276,-0.0018338348,2.3194308,1.3187,1.4833907,-0.0003936064,-0.0011665588
ZNF675,1.5046868,-0.021733219,0.8811911,0.7689369,-0.01877653,-0.009070712,0.5666421,2.1968246,-0.028077228,-0.031377513,-0.0031115457,2.233477,1.2062994,1.5893044,-0.0007109964,-0.0024455206
ZNF682,1.4125849,-0.023292638,0.8017308,0.64857644,-0.020635482,-0.008703591,0.6392245,2.2677834,-0.02821476,-0.03378276,-0.0018338348,2.3194308,1.3187,1.4833907,-0.0003936064,-0.0011665588
ZNF687-AS1,1.371523,-0.023149423,0.76118994,0.5021149,-0.021302905,-0.008348783,0.63556135,2.2301831,-0.026870748,-0.03273478,-0.0015983166,2.357658,1.2165691,1.3962382,0.026681513,-5.8287158e-05
ZNF699,1.4125849,-0.023292638,0.8017308,0.64857644,-0.020635482,-0.008703591,0.6392245,2.2677834,-0.02821476,-0.03378276,-0.0018338348,2.3194308,1.3187,1.4833907,-0.0003936064,-0.0011665588
ZNF704,1.4125849,-0.023292638,0.8017308,0.64857644,-0.020635482,-0.008703591,0.6392245,2.2677834,-0.02821476,-0.03378276,-0.0018338348,2.3194308,1.3187,1.4833907,-0.0003936064,-0.0011665588
ZNF721,1.4125849,-0.023292638,0.8017308,0.64857644,-0.020635482,-0.008703591,0.6392245,2.2677834,-0.02821476,-0.03378276,-0.0018338348,2.3194308,1.3187,1.4833907,-0.0003936064,-0.0011665588
ZNF724,1.4125849,-0.023292638,0.8017308,0.64857644,-0.020635482,-0.008703591,0.6392245,2.2677834,-0.02821476,-0.03378276,-0.0018338348,2.3194308,1.3187,1.4833907,-0.0003936064,-0.0011665588
ZNF732,1.4125849,-0.023292638,0.8017308,0.64857644,-0.020635482,-0.008703591,0.6392245,2.2677834,-0.02821476,-0.03378276,-0.0018338348,2.3194308,1.3187,1.4833907,-0.0003936064,-0.0011665588
ZNF737,1.4125849,-0.023292638,0.8017308,0.64857644,-0.020635482,-0.008703591,0.6392245,2.2677834,-0.02821476,-0.03378276,-0.0018338348,2.3194308,1.3187,1.4833907,-0.0003936064,-0.0011665588
ZNF75A,1.4125849,-0.023292638,0.8017308,0.64857644,-0.020635482,-0.008703591,0.6392245,2.2677834,-0.02821476,-0.03378276,-0.0018338348,2.3194308,1.3187,1.4833907,-0.0003936064,-0.0011665588
ZNF771,1.4125849,-0.023292638,0.8017308,0.64857644,-0.020635482,-0.008703591,0.6392245,2.2677834,-0.02821476,-0.03378276,-0.0018338348,2.3194308,1.3187,1.4833907,-0.0003936064,-0.0011665588
ZNF780B,1.4125849,-0.023292638,0.8017308,0.64857644,-0.020635482,-0.008703591,0.6392245,2.2677834,-0.02821476,-0.03378276,-0.0018338348,2.3194308,1.3187,1.4833907,-0.0003936064,-0.0011665588
ZNF786,1.4125849,-0.023292638,0.8017308,0.64857644,-0.020635482,-0.008703591,0.6392245,2.2677834,-0.02821476,-0.03378276,-0.0018338348,2.3194308,1.3187,1.4833907,-0.0003936064,-0.0011665588
ZNF808,1.4125849,-0.023292638,0.8017308,0.64857644,-0.020635482,-0.008703591,0.6392245,2.2677834,-0.02821476,-0.03378276,-0.0018338348,2.3194308,1.3187,1.4833907,-0.0003936064,-0.0011665588
ZNF821,1.371523,-0.023149423,0.76118994,0.5021149,-0.021302905,-0.008348783,0.63556135,2.2301831,-0.026870748,-0.03273478,-0.0015983166,2.357658,1.2165691,1.3962382,0.026681513,-5.8287158e-05
ZNF827,1.4125849,-0.023292638,0.8017308,0.64857644,-0.020635482,-0.008703591,0.6392245,2.2677834,-0.02821476,-0.03378276,-0.0018338348,2.3194308,1.3187,1.4833907,-0.0003936064,-0.0011665588
ZNF83,1.1812887,-0.023372626,0.8682128,0.45242098,-0.020422827,-0.0074654743,0.6558222,2.0148993,-0.02575761,-0.0312421,-0.003208672,2.1666298,1.2662375,1.4029402,-0.0017618241,-0.002379772
ZNF830,1.4125849,-0.023292638,0.8017308,0.64857644,-0.020635482,-0.008703591,0.6392245,2.2677834,-0.02821476,-0.03378276,-0.0018338348,2.3194308,1.3187,1.4833907,-0.0003936064,-0.0011665588
ZNF831,1.4125849,-0.023292638,0.8017308,0.64857644,-0.020635482,-0.008703591,0.6392245,2.2677834,-0.02821476,-0.03378276,-0.0018338348,2.3194308,1.3187,1.4833907,-0.0003936064,-0.0011665588
ZNF839,1.4125849,-0.023292638,0.8017308,0.64857644,-0.020635482,-0.008703591,0.6392245,2.2677834,-0.02821476,-0.03378276,-0.0018338348,2.3194308,1.3187,1.4833907,-0.0003936064,-0.0011665588
ZNF845,1.4105314,-0.02325152,0.7991245,0.64747995,-0.02061072,-0.008690771,0.636172,2.2631497,-0.028197767,-0.033744883,-0.0018489436,2.318945,1.3171363,1.4813086,-0.00036405234,-0.0011508906
ZNF85,1.4125849,-0.023292638,0.8017308,0.64857644,-0.020635482,-0.008703591,0.6392245,2.2677834,-0.02821476,-0.03378276,-0.0018338348,2.3194308,1.3187,1.4833907,-0.0003936064,-0.0011665588
ZNF853,1.4125849,-0.023292638,0.8017308,0.64857644,-0.020635482,-0.008703591,0.6392245,2.2677834,-0.02821476,-0.03378276,-0.0018338348,2.3194308,1.3187,1.4833907,-0.0003936064,-0.0011665588
ZNF91,1.4125849,-0.023292638,0.8017308,0.64857644,-0.020635482,-0.008703591,0.6392245,2.2677834,-0.02821476,-0.03378276,-0.0018338348,2.3194308,1.3187,1.4833907,-0.0003936064,-0.0011665588
ZNHIT6,1.4125849,-0.023292638,0.8017308,0.64857644,-0.020635482,-0.008703591,0.6392245,2.2677834,-0.02821476,-0.03378276,-0.0018338348,2.3194308,1.3187,1.4833907,-0.0003936064,-0.0011665588
ZPBP,1.4125849,-0.023292638,0.8017308,0.64857644,-0.020635482,-0.008703591,0.6392245,2.2677834,-0.02821476,-0.03378276,-0.0018338348,2.3194308,1.3187,1.4833907,-0.0003936064,-0.0011665588
ZSWIM3,1.4125849,-0.023292638,0.8017308,0.64857644,-0.020635482,-0.008703591,0.6392245,2.2677834,-0.02821476,-0.03378276,-0.0018338348,2.3194308,1.3187,1.4833907,-0.0003936064,-0.0011665588
ZSWIM5,1.4125849,-0.023292638,0.8017308,0.64857644,-0.020635482,-0.008703591,0.6392245,2.2677834,-0.02821476,-0.03378276,-0.0018338348,2.3194308,1.3187,1.4833907,-0.0003936064,-0.0011665588
ZWILCH,1.4125849,-0.023292638,0.8017308,0.64857644,-0.020635482,-0.008703591,0.6392245,2.2677834,-0.02821476,-0.03378276,-0.0018338348,2.3194308,1.3187,1.4833907,-0.0003936064,-0.0011665588
ZXDB,1.4125849,-0.023292638,0.8017308,0.64857644,-0.020635482,-0.008703591,0.6392245,2.2677834,-0.02821476,-0.03378276,-0.0018338348,2.3194308,1.3187,1.4833907,-0.0003936064,-0.0011665588
ATAC_A2M,1.4012469,-0.023200698,0.8177106,0.66221416,-0.020660646,-0.008795722,0.6483879,2.2673604,-0.028187595,-0.033784505,-0.0018746037,2.2989755,1.2971774,1.4900368,-0.00041457056,-0.0013077301
ATAC_ABCA3,1.4125849,-0.023292638,0.8017308,0.64857644,-0.020635482,-0.008703591,0.6392245,2.2677834,-0.02821476,-0.03378276,-0.0018338348,2.3194308,1.3187,1.4833907,-0.0003936064,-0.0011665588
ATAC_ABCA5,1.4125849,-0.023292638,0.8017308,0.64857644,-0.020635482,-0.008703591,0.6392245,2.2677834,-0.02821476,-0.03378276,-0.0018338348,2.3194308,1.3187,1.4833907,-0.0003936064,-0.0011665588
ATAC_ABCC10,1.4125849,-0.023292638,0.8017308,0.64857644,-0.020635482,-0.008703591,0.6392245,2.2677834,-0.02821476,-0.03378276,-0.0018338348,2.3194308,1.3187,1.4833907,-0.0003936064,-0.0011665588
ATAC_ABCD2,1.4125849,-0.023292638,0.8017308,0.64857644,-0.020635482,-0.008703591,0.6392245,2.2677834,-0.02821476,-0.03378276,-0.0018338348,2.3194308,1.3187,1.4833907,-0.0003936064,-0.0011665588
ATAC_ABCG1,1.4125849,-0.023292638,0.8017308,0.64857644,-0.020635482,-0.008703591,0.6392245,2.2677834,-0.02821476,-0.03378276,-0.0018338348,2.3194308,1.3187,1.4833907,-0.0003936064,-0.0011665588
ATAC_ABCG2,1.4125849,-0.023292638,0.8017308,0.64857644,-0.020635482,-0.008703591,0.6392245,2.2677834,-0.02821476,-0.03378276,-0.0018338348,2.3194308,1.3187,1.4833907,-0.0003936064,-0.0011665588
ATAC_ABHD17A,1.4848722,-0.021887915,0.75252235,0.6572543,-0.01905726,-0.007781316,0.5756423,2.1572971,-0.027092801,-0.03268414,-0.00041093177,2.2740304,1.1220263,1.4568973,-0.00074900565,-0.00036190182
ATAC_ACAD11,1.4125849,-0.023292638,0.8017308,0.64857644,-0.020635482,-0.008703591,0.6392245,2.2677834,-0.02821476,-0.03378276,-0.0018338348,2.3194308,1.3187,1.4833907,-0.0003936064,-0.0011665588
ATAC_ACBD7,1.4125849,-0.023292638,0.8017308,0.64857644,-0.020635482,-0.008703591,0.6392245,2.2677834,-0.02821476,-0.03378276,-0.0018338348,2.3194308,1.3187,1.4833907,-0.0003936064,-0.0011665588
ATAC_ACOT6,1.4125849,-0.023292638,0.8017308,0.64857644,-0.020635482,-0.008703591,0.6392245,2.2677834,-0.02821476,-0.03378276,-0.0018338348,2.3194308,1.3187,1.4833907,-0.0003936064,-0.0011665588
ATAC_ACP7,1.4125849,-0.023292638,0.8017308,0.64857644,-0.020635482,-0.008703591,0.6392245,2.2677834,-0.02821476,-0.03378276,-0.0018338348,2.3194308,1.3187,1.4833907,-0.0003936064,-0.0011665588
ATAC_ACTA2-AS1,1.3396465,-0.023580937,0.7509962,0.66734135,-0.020699682,-0.009167733,0.6626581,2.2878432,-0.02752281,-0.03304971,-0.0019281758,2.356728,1.3630004,1.5420486,-0.00024037166,-0.0012737679
ATAC_ACVR1C,1.371523,-0.023149423,0.76118994,0.5021149,-0.021302905,-0.008348783,0.63556135,2.2301831,-0.026870748,-0.03273478,-0.0015983166,2.357658,1.2165691,1.3962382,0.026681513,-5.8287158e-05
ATAC_ACVR2B-AS1,1.4124068,-0.02327248,0.79874843,0.6493369,-0.020631136,-0.008673036,0.6366332,2.2652888,-0.028169967,-0.03375177,-0.0018434615,2.3161504,1.3161155,1.4865477,-0.0003547457,-0.0011790764
ATAC_ADAM12,1.4257208,-0.020498574,0.7843302,0.8327015,-0.017688166,-0.0056659756,0.40663305,2.18491,-0.024219073,-0.03131682,-0.00043343223,2.081935,1.0538237,1.4636254,-0.0024027827,0.073803805
ATAC_ADAM22,1.4125849,-0.023292638,0.8017308,0.64857644,-0.020635482,-0.008703591,0.6392245,2.2677834,-0.02821476,-0.03378276,-0.0018338348,2.3194308,1.3187,1.4833907,-0.0003936064,-0.0011665588
ATAC_ADAM23,1.4125849,-0.023292638,0.8017308,0.64857644,-0.020635482,-0.008703591,0.6392245,2.2677834,-0.02821476,-0.03378276,-0.0018338348,2.3194308,1.3187,1.4833907,-0.0003936064,-0.0011665588
ATAC_ADAM28,1.4125849,-0.023292638,0.8017308,0.64857644,-0.020635482,-0.008703591,0.6392245,2.2677834,-0.02821476,-0.03378276,-0.0018338348,2.3194308,1.3187,1.4833907,-0.0003936064,-0.0011665588
ATAC_ADAM8,1.4125849,-0.023292638,0.8017308,0.64857644,-0.020635482,-0.008703591,0.6392245,2.2677834,-0.02821476,-0.03378276,-0.0018338348,2.3194308,1.3187,1.4833907,-0.0003936064,-0.0011665588
ATAC_ADAMTS1,1.4125849,-0.023292638,0.8017308,0.64857644,-0.020635482,-0.008703591,0.6392245,2.2677834,-0.02821476,-0.03378276,-0.0018338348,2.3194308,1.3187,1.4833907,-0.0003936064,-0.0011665588
ATAC_ADAMTS10,1.4123738,-0.02328774,0.80262357,0.6487583,-0.020633606,-0.008713098,0.6401319,2.2666583,-0.028221542,-0.033781063,-0.001831303,2.318974,1.3176168,1.4840212,-0.0003836432,-0.0011672133
ATAC_ADAMTS14,1.4125849,-0.023292638,0.8017308,0.64857644,-0.020635482,-0.008703591,0.6392245,2.2677834,-0.02821476,-0.03378276,-0.0018338348,2.3194308,1.3187,1.4833907,-0.0003936064,-0.0011665588
ATAC_ADAMTS17,0.9768553,-0.023480043,0.804666,0.56941235,-0.019272778,-0.0061462284,0.61114,1.9526078,-0.024285456,-0.031807713,-0.0022582985,2.0706701,1.0895791,1.1533794,-0.00022601619,-0.0019778612
ATAC_ADAMTS3,1.4125849,-0.023292638,0.8017308,0.64857644,-0.020635482,-0.008703591,0.6392245,2.2677834,-0.02821476,-0.03378276,-0.0018338348,2.3194308,1.3187,1.4833907,-0.0003936064,-0.0011665588
ATAC_ADAMTS6,1.4137145,-0.02329587,0.8009426,0.6493965,-0.020645084,-0.008709131,0.6389275,2.2688508,-0.02820855,-0.033780575,-0.0018293677,2.320351,1.3191029,1.482799,-0.0003975999,-0.0011733394
ATAC_ADGRF1,1.4125849,-0.023292638,0.8017308,0.64857644,-0.020635482,-0.008703591,0.6392245,2.2677834,-0.02821476,-0.03378276,-0.0018338348,2.3194308,1.3187,1.4833907,-0.0003936064,-0.0011665588
ATAC_ADGRF2,1.4124068,-0.02327248,0.79874843,0.6493369,-0.020631136,-0.008673036,0.6366332,2.2652888,-0.028169967,-0.03375177,-0.0018434615,2.3161504,1.3161155,1.4865477,-0.0003547457,-0.0011790764
ATAC_ADGRG1,1.4271156,-0.023392387,0.8295836,0.69112873,-0.020968633,-0.009397985,0.6499647,2.2774303,-0.027450422,-0.033606153,-0.0025052973,2.2597353,1.3681476,1.5032365,-0.00049101916,-0.0013785011
ATAC_ADGRG5,1.4125849,-0.023292638,0.8017308,0.64857644,-0.020635482,-0.008703591,0.6392245,2.2677834,-0.02821476,-0.03378276,-0.0018338348,2.3194308,1.3187,1.4833907,-0.0003936064,-0.0011665588
ATAC_ADIRF,1.4063948,-0.022367306,0.7271749,0.69755614,-0.021067811,-0.0090535795,0.5968012,2.2347817,-0.028394908,-0.034352824,-0.0025593417,2.348007,1.3284153,1.5106052,0.017504789,-0.0009885073
ATAC_ADRA1D,1.4125849,-0.023292638,0.8017308,0.64857644,-0.020635482,-0.008703591,0.6392245,2.2677834,-0.02821476,-0.03378276,-0.0018338348,2.3194308,1.3187,1.4833907,-0.0003936064,-0.0011665588
ATAC_ADRB2,1.4105314,-0.02325152,0.7991245,0.64747995,-0.02061072,-0.008690771,0.636172,2.2631497,-0.028197767,-0.033744883,-0.0018489436,2.318945,1.3171363,1.4813086,-0.00036405234,-0.0011508906
ATAC_AEBP2,1.4125849,-0.023292638,0.8017308,0.64857644,-0.020635482,-0.008703591,0.6392245,2.2677834,-0.02821476,-0.03378276,-0.0018338348,2.3194308,1.3187,1.4833907,-0.0003936064,-0.0011665588
ATAC_AGBL2,1.4125849,-0.023292638,0.8017308,0.64857644,-0.020635482,-0.008703591,0.6392245,2.2677834,-0.02821476,-0.03378276,-0.0018338348,2.3194308,1.3187,1.4833907,-0.0003936064,-0.0011665588
ATAC_AGBL3,1.4848722,-0.021887915,0.75252235,0.6572543,-0.01905726,-0.007781316,0.5756423,2.1572971,-0.027092801,-0.03268414,-0.00041093177,2.2740304,1.1220263,1.4568973,-0.00074900565,-0.00036190182
ATAC_AGFG2,1.4125849,-0.023292638,0.8017308,0.64857644,-0.020635482,-0.008703591,0.6392245,2.2677834,-0.02821476,-0.03378276,-0.0018338348,2.3194308,1.3187,1.4833907,-0.0003936064,-0.0011665588
ATAC_AJM1,1.4125849,-0.023292638,0.8017308,0.64857644,-0.020635482,-0.008703591,0.6392245,2.2677834,-0.02821476,-0.03378276,-0.0018338348,2.3194308,1.3187,1.4833907,-0.0003936064,-0.0011665588
ATAC_AK1,1.4125849,-0.023292638,0.8017308,0.64857644,-0.020635482,-0.008703591,0.6392245,2.2677834,-0.02821476,-0.03378276,-0.0018338348,2.3194308,1.3187,1.4833907,-0.0003936064,-0.0011665588
ATAC_AK5,1.4125849,-0.023292638,0.8017308,0.64857644,-0.020635482,-0.008703591,0.6392245,2.2677834,-0.02821476,-0.03378276,-0.0018338348,2.3194308,1.3187,1.4833907,-0.0003936064,-0.0011665588
ATAC_AK7,1.4125849,-0.023292638,0.8017308,0.64857644,-0.020635482,-0.008703591,0.6392245,2.2677834,-0.02821476,-0.03378276,-0.0018338348,2.3194308,1.3187,1.4833907,-0.0003936064,-0.0011665588
ATAC_AK9,1.4125849,-0.023292638,0.8017308,0.64857644,-0.020635482,-0.008703591,0.6392245,2.2677834,-0.02821476,-0.03378276,-0.0018338348,2.3194308,1.3187,1.4833907,-0.0003936064,-0.0011665588
ATAC_AKAP5,1.4642034,-0.018662866,0.90846115,0.54528,-0.01903691,-0.0070829424,0.753833,1.9874113,-0.025642766,-0.027643885,-0.0021250937,2.019952,1.1830983,1.3638468,0.05744776,-0.002026909
ATAC_AKTIP,1.4124852,-0.023287594,0.8008888,0.64767927,-0.020629339,-0.008697394,0.63905823,2.266973,-0.028219497,-0.03378779,-0.0018381361,2.319236,1.3185261,1.4836047,-0.00039514242,-0.0011609077
ATAC_ALOX5AP,1.503132,-0.02171897,0.88089716,0.7674558,-0.018793374,-0.009081308,0.5675725,2.194503,-0.028085943,-0.031362228,-0.0031214883,2.2339466,1.2039697,1.5880677,-0.0007305901,-0.0024344272
ATAC_AMIGO1,1.4888421,-0.019520069,0.5995763,0.706227,-0.018661655,-0.007817254,0.48694384,2.0320282,-0.025060697,-0.030242924,0.032263,2.138259,1.4176911,1.3404392,-0.0011982796,0.075745426
ATAC_AMT,1.4125849,-0.023292638,0.8017308,0.64857644,-0.020635482,-0.008703591,0.6392245,2.2677834,-0.02821476,-0.03378276,-0.0018338348,2.3194308,1.3187,1.4833907,-0.0003936064,-0.0011665588
ATAC_ANGPTL6,1.4125849,-0.023292638,0.8017308,0.64857644,-0.020635482,-0.008703591,0.6392245,2.2677834,-0.02821476,-0.03378276,-0.0018338348,2.3194308,1.3187,1.4833907,-0.0003936064,-0.0011665588
ATAC_ANK1,1.4125849,-0.023292638,0.8017308,0.64857644,-0.020635482,-0.008703591,0.6392245,2.2677834,-0.02821476,-0.03378276,-0.0018338348,2.3194308,1.3187,1.4833907,-0.0003936064,-0.0011665588
ATAC_ANK3,1.4125849,-0.023292638,0.8017308,0.64857644,-0.020635482,-0.008703591,0.6392245,2.2677834,-0.02821476,-0.03378276,-0.0018338348,2.3194308,1.3187,1.4833907,-0.0003936064,-0.0011665588
ATAC_ANKAR,1.4125849,-0.023292638,0.8017308,0.64857644,-0.020635482,-0.008703591,0.6392245,2.2677834,-0.02821476,-0.03378276,-0.0018338348,2.3194308,1.3187,1.4833907,-0.0003936064,-0.0011665588
ATAC_ANKRD26,1.4125849,-0.023292638,0.8017308,0.64857644,-0.020635482,-0.008703591,0.6392245,2.2677834,-0.02821476,-0.03378276,-0.0018338348,2.3194308,1.3187,1.4833907,-0.0003936064,-0.0011665588
ATAC_ANKRD29,1.4125849,-0.023292638,0.8017308,0.64857644,-0.020635482,-0.008703591,0.6392245,2.2677834,-0.02821476,-0.03378276,-0.0018338348,2.3194308,1.3187,1.4833907,-0.0003936064,-0.0011665588
ATAC_ANKRD31,1.4125849,-0.023292638,0.8017308,0.64857644,-0.020635482,-0.008703591,0.6392245,2.2677834,-0.02821476,-0.03378276,-0.0018338348,2.3194308,1.3187,1.4833907,-0.0003936064,-0.0011665588
ATAC_ANKRD36,1.341615,-0.023524133,0.81807286,0.63170266,-0.019818472,-0.008723032,0.6229923,2.2128026,-0.028302183,-0.03313144,-0.0025555568,2.2256222,1.367491,1.4789721,-0.001114267,-0.0012814783
ATAC_ANKRD36B,1.4125849,-0.023292638,0.8017308,0.64857644,-0.020635482,-0.008703591,0.6392245,2.2677834,-0.02821476,-0.03378276,-0.0018338348,2.3194308,1.3187,1.4833907,-0.0003936064,-0.0011665588
ATAC_ANKRD36C,1.4125849,-0.023292638,0.8017308,0.64857644,-0.020635482,-0.008703591,0.6392245,2.2677834,-0.02821476,-0.03378276,-0.0018338348,2.3194308,1.3187,1.4833907,-0.0003936064,-0.0011665588
ATAC_ANKRD39,1.4125849,-0.023292638,0.8017308,0.64857644,-0.020635482,-0.008703591,0.6392245,2.2677834,-0.02821476,-0.03378276,-0.0018338348,2.3194308,1.3187,1.4833907,-0.0003936064,-0.0011665588
ATAC_ANO10,1.4125849,-0.023292638,0.8017308,0.64857644,-0.020635482,-0.008703591,0.6392245,2.2677834,-0.02821476,-0.03378276,-0.0018338348,2.3194308,1.3187,1.4833907,-0.0003936064,-0.0011665588
ATAC_ANTXRL,1.4858432,-0.023543715,0.7068908,0.55857843,-0.018806776,-0.0072389976,0.6906159,2.0854418,-0.027196279,-0.032130525,-0.002061214,2.150608,1.1790088,1.3634757,-0.0020589253,-0.0013641614
ATAC_AP1G2,1.4125849,-0.023292638,0.8017308,0.64857644,-0.020635482,-0.008703591,0.6392245,2.2677834,-0.02821476,-0.03378276,-0.0018338348,2.3194308,1.3187,1.4833907,-0.0003936064,-0.0011665588
ATAC_AP3B2,1.4125849,-0.023292638,0.8017308,0.64857644,-0.020635482,-0.008703591,0.6392245,2.2677834,-0.02821476,-0.03378276,-0.0018338348,2.3194308,1.3187,1.4833907,-0.0003936064,-0.0011665588
ATAC_AP5Z1,1.4125849,-0.023292638,0.8017308,0.64857644,-0.020635482,-0.008703591,0.6392245,2.2677834,-0.02821476,-0.03378276,-0.0018338348,2.3194308,1.3187,1.4833907,-0.0003936064,-0.0011665588
ATAC_APBB2,1.5046868,-0.021733219,0.8811911,0.7689369,-0.01877653,-0.009070712,0.5666421,2.1968246,-0.028077228,-0.031377513,-0.0031115457,2.233477,1.2062994,1.5893044,-0.0007109964,-0.0024455206
ATAC_APOB,1.4125849,-0.023292638,0.8017308,0.64857644,-0.020635482,-0.008703591,0.6392245,2.2677834,-0.02821476,-0.03378276,-0.0018338348,2.3194308,1.3187,1.4833907,-0.0003936064,-0.0011665588
ATAC_APOBEC4,1.4125849,-0.023292638,0.8017308,0.64857644,-0.020635482,-0.008703591,0.6392245,2.2677834,-0.02821476,-0.03378276,-0.0018338348,2.3194308,1.3187,1.4833907,-0.0003936064,-0.0011665588
ATAC_AQP3,1.4125849,-0.023292638,0.8017308,0.64857644,-0.020635482,-0.008703591,0.6392245,2.2677834,-0.02821476,-0.03378276,-0.0018338348,2.3194308,1.3187,1.4833907,-0.0003936064,-0.0011665588
ATAC_AREG,1.4848722,-0.021887915,0.75252235,0.6572543,-0.01905726,-0.007781316,0.5756423,2.1572971,-0.027092801,-0.03268414,-0.00041093177,2.2740304,1.1220263,1.4568973,-0.00074900565,-0.00036190182
ATAC_ARF4-AS1,1.4125849,-0.023292638,0.8017308,0.64857644,-0.020635482,-0.008703591,0.6392245,2.2677834,-0.02821476,-0.03378276,-0.0018338348,2.3194308,1.3187,1.4833907,-0.0003936064,-0.0011665588
ATAC_ARHGAP10,1.371523,-0.023149423,0.76118994,0.5021149,-0.021302905,-0.008348783,0.63556135,2.2301831,-0.026870748,-0.03273478,-0.0015983166,2.357658,1.2165691,1.3962382,0.026681513,-5.8287158e-05
ATAC_ARHGAP24,1.4125849,-0.023292638,0.8017308,0.64857644,-0.020635482,-0.008703591,0.6392245,2.2677834,-0.02821476,-0.03378276,-0.0018338348,2.3194308,1.3187,1.4833907,-0.0003936064,-0.0011665588
ATAC_ARHGAP33,1.4125849,-0.023292638,0.8017308,0.64857644,-0.020635482,-0.008703591,0.6392245,2.2677834,-0.02821476,-0.03378276,-0.0018338348,2.3194308,1.3187,1.4833907,-0.0003936064,-0.0011665588
ATAC_ARHGAP35,1.4125849,-0.023292638,0.8017308,0.64857644,-0.020635482,-0.008703591,0.6392245,2.2677834,-0.02821476,-0.03378276,-0.0018338348,2.3194308,1.3187,1.4833907,-0.0003936064,-0.0011665588
ATAC_ARHGAP39,1.4125849,-0.023292638,0.8017308,0.64857644,-0.020635482,-0.008703591,0.6392245,2.2677834,-0.02821476,-0.03378276,-0.0018338348,2.3194308,1.3187,1.4833907,-0.0003936064,-0.0011665588
ATAC_ARHGAP5,1.4125849,-0.023292638,0.8017308,0.64857644,-0.020635482,-0.008703591,0.6392245,2.2677834,-0.02821476,-0.03378276,-0.0018338348,2.3194308,1.3187,1.4833907,-0.0003936064,-0.0011665588
ATAC_ARHGAP8,1.4125849,-0.023292638,0.8017308,0.64857644,-0.020635482,-0.008703591,0.6392245,2.2677834,-0.02821476,-0.03378276,-0.0018338348,2.3194308,1.3187,1.4833907,-0.0003936064,-0.0011665588
ATAC_ARHGEF10,1.4125849,-0.023292638,0.8017308,0.64857644,-0.020635482,-0.008703591,0.6392245,2.2677834,-0.02821476,-0.03378276,-0.0018338348,2.3194308,1.3187,1.4833907,-0.0003936064,-0.0011665588
ATAC_ARHGEF12,1.1812887,-0.023372626,0.8682128,0.45242098,-0.020422827,-0.0074654743,0.6558222,2.0148993,-0.02575761,-0.0312421,-0.003208672,2.1666298,1.2662375,1.4029402,-0.0017618241,-0.002379772
ATAC_ARHGEF25,1.4125849,-0.023292638,0.8017308,0.64857644,-0.020635482,-0.008703591,0.6392245,2.2677834,-0.02821476,-0.03378276,-0.0018338348,2.3194308,1.3187,1.4833907,-0.0003936064,-0.0011665588
ATAC_ARIH2OS,1.4125849,-0.023292638,0.8017308,0.64857644,-0.020635482,-0.008703591,0.6392245,2.2677834,-0.02821476,-0.03378276,-0.0018338348,2.3194308,1.3187,1.4833907,-0.0003936064,-0.0011665588
ATAC_ARL4D,1.4125849,-0.023292638,0.8017308,0.64857644,-0.020635482,-0.008703591,0.6392245,2.2677834,-0.02821476,-0.03378276,-0.0018338348,2.3194308,1.3187,1.4833907,-0.0003936064,-0.0011665588
ATAC_ARRDC3,1.4125849,-0.023292638,0.8017308,0.64857644,-0.020635482,-0.008703591,0.6392245,2.2677834,-0.02821476,-0.03378276,-0.0018338348,2.3194308,1.3187,1.4833907,-0.0003936064,-0.0011665588
ATAC_ARSJ,1.4125849,-0.023292638,0.8017308,0.64857644,-0.020635482,-0.008703591,0.6392245,2.2677834,-0.02821476,-0.03378276,-0.0018338348,2.3194308,1.3187,1.4833907,-0.0003936064,-0.0011665588
ATAC_ART5,1.4125849,-0.023292638,0.8017308,0.64857644,-0.020635482,-0.008703591,0.6392245,2.2677834,-0.02821476,-0.03378276,-0.0018338348,2.3194308,1.3187,1.4833907,-0.0003936064,-0.0011665588
ATAC_ASIC1,1.4125849,-0.023292638,0.8017308,0.64857644,-0.020635482,-0.008703591,0.6392245,2.2677834,-0.02821476,-0.03378276,-0.0018338348,2.3194308,1.3187,1.4833907,-0.0003936064,-0.0011665588
ATAC_ASXL1,1.4125849,-0.023292638,0.8017308,0.64857644,-0.020635482,-0.008703591,0.6392245,2.2677834,-0.02821476,-0.03378276,-0.0018338348,2.3194308,1.3187,1.4833907,-0.0003936064,-0.0011665588
ATAC_ATAD3B,1.4125849,-0.023292638,0.8017308,0.64857644,-0.020635482,-0.008703591,0.6392245,2.2677834,-0.02821476,-0.03378276,-0.0018338348,2.3194308,1.3187,1.4833907,-0.0003936064,-0.0011665588
ATAC_ATF7IP2,1.4125849,-0.023292638,0.8017308,0.64857644,-0.020635482,-0.008703591,0.6392245,2.2677834,-0.02821476,-0.03378276,-0.0018338348,2.3194308,1.3187,1.4833907,-0.0003936064,-0.0011665588
ATAC_ATG16L1,1.126832,-0.02010549,0.6344025,0.689811,-0.02070656,-0.005213176,0.2975413,1.9111812,-0.030000385,-0.02916305,-0.004811839,2.3534868,1.348174,1.128421,0.09913291,0.055902623
ATAC_ATG4D,1.4137145,-0.02329587,0.8009426,0.6493965,-0.020645084,-0.008709131,0.6389275,2.2688508,-0.02820855,-0.033780575,-0.0018293677,2.320351,1.3191029,1.482799,-0.0003975999,-0.0011733394
ATAC_ATN1,1.4125849,-0.023292638,0.8017308,0.64857644,-0.020635482,-0.008703591,0.6392245,2.2677834,-0.02821476,-0.03378276,-0.0018338348,2.3194308,1.3187,1.4833907,-0.0003936064,-0.0011665588
ATAC_ATP1A3,1.4125849,-0.023292638,0.8017308,0.64857644,-0.020635482,-0.008703591,0.6392245,2.2677834,-0.02821476,-0.03378276,-0.0018338348,2.3194308,1.3187,1.4833907,-0.0003936064,-0.0011665588
ATAC_ATP1B2,1.4125849,-0.023292638,0.8017308,0.64857644,-0.020635482,-0.008703591,0.6392245,2.2677834,-0.02821476,-0.03378276,-0.0018338348,2.3194308,1.3187,1.4833907,-0.0003936064,-0.0011665588
ATAC_ATP2A3,1.4125849,-0.023292638,0.8017308,0.64857644,-0.020635482,-0.008703591,0.6392245,2.2677834,-0.02821476,-0.03378276,-0.0018338348,2.3194308,1.3187,1.4833907,-0.0003936064,-0.0011665588
ATAC_ATP6V1H,1.4125849,-0.023292638,0.8017308,0.64857644,-0.020635482,-0.008703591,0.6392245,2.2677834,-0.02821476,-0.03378276,-0.0018338348,2.3194308,1.3187,1.4833907,-0.0003936064,-0.0011665588
ATAC_ATP8B2,1.3652904,-0.022982465,0.74883455,0.5799632,-0.020713909,-0.0089688385,0.6520258,2.2598364,-0.027539706,-0.03332276,-0.0016806397,2.3615706,1.3598664,1.4768136,-0.00013004898,-0.0010180708
ATAC_ATP9A,1.4888421,-0.019520069,0.5995763,0.706227,-0.018661655,-0.007817254,0.48694384,2.0320282,-0.025060697,-0.030242924,0.032263,2.138259,1.4176911,1.3404392,-0.0011982796,0.075745426
ATAC_ATXN2-AS,1.1103188,-0.023604121,0.88455486,0.4355472,-0.019605815,-0.0074849143,0.63958997,1.9599185,-0.025845034,-0.030590778,-0.003930394,2.0728211,1.3150285,1.3985215,-0.0024824848,-0.0024946916
ATAC_ATXN7L3B,1.4125849,-0.023292638,0.8017308,0.64857644,-0.020635482,-0.008703591,0.6392245,2.2677834,-0.02821476,-0.03378276,-0.0018338348,2.3194308,1.3187,1.4833907,-0.0003936064,-0.0011665588
ATAC_AVP,1.4125849,-0.023292638,0.8017308,0.64857644,-0.020635482,-0.008703591,0.6392245,2.2677834,-0.02821476,-0.03378276,-0.0018338348,2.3194308,1.3187,1.4833907,-0.0003936064,-0.0011665588
ATAC_AXDND1,1.4125849,-0.023292638,0.8017308,0.64857644,-0.020635482,-0.008703591,0.6392245,2.2677834,-0.02821476,-0.03378276,-0.0018338348,2.3194308,1.3187,1.4833907,-0.0003936064,-0.0011665588
ATAC_AXIN1,1.492775,-0.023186313,0.95870185,0.5833332,-0.01813574,-0.010468844,0.6704174,2.3450425,-0.026279798,-0.033630207,-0.000938206,2.2868438,1.2921569,1.4577509,0.14635035,-0.002894342
ATAC_AXL,1.4689817,-0.023641355,0.8653239,0.62186706,-0.019994741,-0.008188886,0.6042081,2.1962237,-0.027275238,-0.034094058,-0.0014807768,2.3370345,1.3937435,1.4784871,-0.0010179308,-0.00110205
ATAC_B3GLCT,1.4125849,-0.023292638,0.8017308,0.64857644,-0.020635482,-0.008703591,0.6392245,2.2677834,-0.02821476,-0.03378276,-0.0018338348,2.3194308,1.3187,1.4833907,-0.0003936064,-0.0011665588
ATAC_B4GALNT3,1.4125849,-0.023292638,0.8017308,0.64857644,-0.020635482,-0.008703591,0.6392245,2.2677834,-0.02821476,-0.03378276,-0.0018338348,2.3194308,1.3187,1.4833907,-0.0003936064,-0.0011665588
ATAC_B4GALNT4,1.4125849,-0.023292638,0.8017308,0.64857644,-0.020635482,-0.008703591,0.6392245,2.2677834,-0.02821476,-0.03378276,-0.0018338348,2.3194308,1.3187,1.4833907,-0.0003936064,-0.0011665588
ATAC_BAIAP3,1.4125849,-0.023292638,0.8017308,0.64857644,-0.020635482,-0.008703591,0.6392245,2.2677834,-0.02821476,-0.03378276,-0.0018338348,2.3194308,1.3187,1.4833907,-0.0003936064,-0.0011665588
ATAC_BAMBI,1.4125849,-0.023292638,0.8017308,0.64857644,-0.020635482,-0.008703591,0.6392245,2.2677834,-0.02821476,-0.03378276,-0.0018338348,2.3194308,1.3187,1.4833907,-0.0003936064,-0.0011665588
ATAC_BATF,1.4125849,-0.023292638,0.8017308,0.64857644,-0.020635482,-0.008703591,0.6392245,2.2677834,-0.02821476,-0.03378276,-0.0018338348,2.3194308,1.3187,1.4833907,-0.0003936064,-0.0011665588
ATAC_BAZ1B,1.3652904,-0.022982465,0.74883455,0.5799632,-0.020713909,-0.0089688385,0.6520258,2.2598364,-0.027539706,-0.03332276,-0.0016806397,2.3615706,1.3598664,1.4768136,-0.00013004898,-0.0010180708
ATAC_BCAS4,1.4125849,-0.023292638,0.8017308,0.64857644,-0.020635482,-0.008703591,0.6392245,2.2677834,-0.02821476,-0.03378276,-0.0018338348,2.3194308,1.3187,1.4833907,-0.0003936064,-0.0011665588
ATAC_BCKDHB,1.4123738,-0.02328774,0.80262357,0.6487583,-0.020633606,-0.008713098,0.6401319,2.2666583,-0.028221542,-0.033781063,-0.001831303,2.318974,1.3176168,1.4840212,-0.0003836432,-0.0011672133
ATAC_BCL2L13,1.4124852,-0.023287594,0.8008888,0.64767927,-0.020629339,-0.008697394,0.63905823,2.266973,-0.028219497,-0.03378779,-0.0018381361,2.319236,1.3185261,1.4836047,-0.00039514242,-0.0011609077
ATAC_BCL6B,1.4689817,-0.023641355,0.8653239,0.62186706,-0.019994741,-0.008188886,0.6042081,2.1962237,-0.027275238,-0.034094058,-0.0014807768,2.3370345,1.3937435,1.4784871,-0.0010179308,-0.00110205
ATAC_BDP1,1.341615,-0.023524133,0.81807286,0.63170266,-0.019818472,-0.008723032,0.6229923,2.2128026,-0.028302183,-0.03313144,-0.0025555568,2.2256222,1.367491,1.4789721,-0.001114267,-0.0012814783
ATAC_BEND5,1.4125849,-0.023292638,0.8017308,0.64857644,-0.020635482,-0.008703591,0.6392245,2.2677834,-0.02821476,-0.03378276,-0.0018338348,2.3194308,1.3187,1.4833907,-0.0003936064,-0.0011665588
ATAC_BET1,1.3721014,-0.020222288,0.8290009,0.42491955,-0.020895863,-0.006715822,0.8264154,2.05837,-0.025780298,-0.030049132,-0.0008473828,2.1059058,1.2954988,1.2579331,0.08918674,-0.0007479474
ATAC_BEX2,1.3721014,-0.020222288,0.8290009,0.42491955,-0.020895863,-0.006715822,0.8264154,2.05837,-0.025780298,-0.030049132,-0.0008473828,2.1059058,1.2954988,1.2579331,0.08918674,-0.0007479474
ATAC_BEX3,1.4848722,-0.021887915,0.75252235,0.6572543,-0.01905726,-0.007781316,0.5756423,2.1572971,-0.027092801,-0.03268414,-0.00041093177,2.2740304,1.1220263,1.4568973,-0.00074900565,-0.00036190182
ATAC_BHLHE40-AS1,1.4125849,-0.023292638,0.8017308,0.64857644,-0.020635482,-0.008703591,0.6392245,2.2677834,-0.02821476,-0.03378276,-0.0018338348,2.3194308,1.3187,1.4833907,-0.0003936064,-0.0011665588
ATAC_BICDL1,1.4125849,-0.023292638,0.8017308,0.64857644,-0.020635482,-0.008703591,0.6392245,2.2677834,-0.02821476,-0.03378276,-0.0018338348,2.3194308,1.3187,1.4833907,-0.0003936064,-0.0011665588
ATAC_BICDL2,1.4125849,-0.023292638,0.8017308,0.64857644,-0.020635482,-0.008703591,0.6392245,2.2677834,-0.02821476,-0.03378276,-0.0018338348,2.3194308,1.3187,1.4833907,-0.0003936064,-0.0011665588
ATAC_BIN1,1.4125849,-0.023292638,0.8017308,0.64857644,-0.020635482,-0.008703591,0.6392245,2.2677834,-0.02821476,-0.03378276,-0.0018338348,2.3194308,1.3187,1.4833907,-0.0003936064,-0.0011665588
ATAC_BIRC7,1.4125849,-0.023292638,0.8017308,0.64857644,-0.020635482,-0.008703591,0.6392245,2.2677834,-0.02821476,-0.03378276,-0.0018338348,2.3194308,1.3187,1.4833907,-0.0003936064,-0.0011665588
ATAC_BLNK,1.4125849,-0.023292638,0.8017308,0.64857644,-0.020635482,-0.008703591,0.6392245,2.2677834,-0.02821476,-0.03378276,-0.0018338348,2.3194308,1.3187,1.4833907,-0.0003936064,-0.0011665588
ATAC_BMP2,1.4125849,-0.023292638,0.8017308,0.64857644,-0.020635482,-0.008703591,0.6392245,2.2677834,-0.02821476,-0.03378276,-0.0018338348,2.3194308,1.3187,1.4833907,-0.0003936064,-0.0011665588
ATAC_BMP3,1.4125849,-0.023292638,0.8017308,0.64857644,-0.020635482,-0.008703591,0.6392245,2.2677834,-0.02821476,-0.03378276,-0.0018338348,2.3194308,1.3187,1.4833907,-0.0003936064,-0.0011665588
ATAC_BMPER,1.4125849,-0.023292638,0.8017308,0.64857644,-0.020635482,-0.008703591,0.6392245,2.2677834,-0.02821476,-0.03378276,-0.0018338348,2.3194308,1.3187,1.4833907,-0.0003936064,-0.0011665588
ATAC_BMPR1B-DT,1.4125849,-0.023292638,0.8017308,0.64857644,-0.020635482,-0.008703591,0.6392245,2.2677834,-0.02821476,-0.03378276,-0.0018338348,2.3194308,1.3187,1.4833907,-0.0003936064,-0.0011665588
ATAC_BNC2,1.4125849,-0.023292638,0.8017308,0.64857644,-0.020635482,-0.008703591,0.6392245,2.2677834,-0.02821476,-0.03378276,-0.0018338348,2.3194308,1.3187,1.4833907,-0.0003936064,-0.0011665588
ATAC_BPGM,1.4125849,-0.023292638,0.8017308,0.64857644,-0.020635482,-0.008703591,0.6392245,2.2677834,-0.02821476,-0.03378276,-0.0018338348,2.3194308,1.3187,1.4833907,-0.0003936064,-0.0011665588
ATAC_BRDT,1.4125849,-0.023292638,0.8017308,0.64857644,-0.020635482,-0.008703591,0.6392245,2.2677834,-0.02821476,-0.03378276,-0.0018338348,2.3194308,1.3187,1.4833907,-0.0003936064,-0.0011665588
ATAC_BRF1,1.3354249,-0.0225988,0.74351704,0.68068236,-0.0202508,-0.009073019,0.5805689,2.179801,-0.028482331,-0.0337015,-0.0032810639,2.2541983,1.3772062,1.5061865,-0.0005456132,-0.0011034268
ATAC_BRIX1,1.41103,-0.02327839,0.8014369,0.6470954,-0.020652328,-0.008714188,0.6401549,2.265462,-0.028223475,-0.033767477,-0.0018437773,2.3199003,1.3163702,1.4821539,-0.0004132001,-0.0011554653
ATAC_BRPF1,1.4125849,-0.023292638,0.8017308,0.64857644,-0.020635482,-0.008703591,0.6392245,2.2677834,-0.02821476,-0.03378276,-0.0018338348,2.3194308,1.3187,1.4833907,-0.0003936064,-0.0011665588
ATAC_BSX,1.4125849,-0.023292638,0.8017308,0.64857644,-0.020635482,-0.008703591,0.6392245,2.2677834,-0.02821476,-0.03378276,-0.0018338348,2.3194308,1.3187,1.4833907,-0.0003936064,-0.0011665588
ATAC_BTBD17,1.4125849,-0.023292638,0.8017308,0.64857644,-0.020635482,-0.008703591,0.6392245,2.2677834,-0.02821476,-0.03378276,-0.0018338348,2.3194308,1.3187,1.4833907,-0.0003936064,-0.0011665588
ATAC_BTBD6,1.4125849,-0.023292638,0.8017308,0.64857644,-0.020635482,-0.008703591,0.6392245,2.2677834,-0.02821476,-0.03378276,-0.0018338348,2.3194308,1.3187,1.4833907,-0.0003936064,-0.0011665588
ATAC_BTBD8,1.41103,-0.02327839,0.8014369,0.6470954,-0.020652328,-0.008714188,0.6401549,2.265462,-0.028223475,-0.033767477,-0.0018437773,2.3199003,1.3163702,1.4821539,-0.0004132001,-0.0011554653
ATAC_BTG3-AS1,1.4125849,-0.023292638,0.8017308,0.64857644,-0.020635482,-0.008703591,0.6392245,2.2677834,-0.02821476,-0.03378276,-0.0018338348,2.3194308,1.3187,1.4833907,-0.0003936064,-0.0011665588
ATAC_BTN3A1,1.4125849,-0.023292638,0.8017308,0.64857644,-0.020635482,-0.008703591,0.6392245,2.2677834,-0.02821476,-0.03378276,-0.0018338348,2.3194308,1.3187,1.4833907,-0.0003936064,-0.0011665588
ATAC_BTRC,1.4125849,-0.023292638,0.8017308,0.64857644,-0.020635482,-0.008703591,0.6392245,2.2677834,-0.02821476,-0.03378276,-0.0018338348,2.3194308,1.3187,1.4833907,-0.0003936064,-0.0011665588
ATAC_C10orf95,1.4125849,-0.023292638,0.8017308,0.64857644,-0.020635482,-0.008703591,0.6392245,2.2677834,-0.02821476,-0.03378276,-0.0018338348,2.3194308,1.3187,1.4833907,-0.0003936064,-0.0011665588
ATAC_C11orf52,1.4125849,-0.023292638,0.8017308,0.64857644,-0.020635482,-0.008703591,0.6392245,2.2677834,-0.02821476,-0.03378276,-0.0018338348,2.3194308,1.3187,1.4833907,-0.0003936064,-0.0011665588
ATAC_C11orf65,1.4125849,-0.023292638,0.8017308,0.64857644,-0.020635482,-0.008703591,0.6392245,2.2677834,-0.02821476,-0.03378276,-0.0018338348,2.3194308,1.3187,1.4833907,-0.0003936064,-0.0011665588
ATAC_C12orf42,1.4125849,-0.023292638,0.8017308,0.64857644,-0.020635482,-0.008703591,0.6392245,2.2677834,-0.02821476,-0.03378276,-0.0018338348,2.3194308,1.3187,1.4833907,-0.0003936064,-0.0011665588
ATAC_C15orf61,1.4125849,-0.023292638,0.8017308,0.64857644,-0.020635482,-0.008703591,0.6392245,2.2677834,-0.02821476,-0.03378276,-0.0018338348,2.3194308,1.3187,1.4833907,-0.0003936064,-0.0011665588
ATAC_C17orf80,1.4888421,-0.019520069,0.5995763,0.706227,-0.018661655,-0.007817254,0.48694384,2.0320282,-0.025060697,-0.030242924,0.032263,2.138259,1.4176911,1.3404392,-0.0011982796,0.075745426
ATAC_C17orf99,1.4125849,-0.023292638,0.8017308,0.64857644,-0.020635482,-0.008703591,0.6392245,2.2677834,-0.02821476,-0.03378276,-0.0018338348,2.3194308,1.3187,1.4833907,-0.0003936064,-0.0011665588
ATAC_C19orf25,1.4125849,-0.023292638,0.8017308,0.64857644,-0.020635482,-0.008703591,0.6392245,2.2677834,-0.02821476,-0.03378276,-0.0018338348,2.3194308,1.3187,1.4833907,-0.0003936064,-0.0011665588
ATAC_C19orf84,1.4125849,-0.023292638,0.8017308,0.64857644,-0.020635482,-0.008703591,0.6392245,2.2677834,-0.02821476,-0.03378276,-0.0018338348,2.3194308,1.3187,1.4833907,-0.0003936064,-0.0011665588
ATAC_C1QL4,1.4125849,-0.023292638,0.8017308,0.64857644,-0.020635482,-0.008703591,0.6392245,2.2677834,-0.02821476,-0.03378276,-0.0018338348,2.3194308,1.3187,1.4833907,-0.0003936064,-0.0011665588
ATAC_C1QTNF12,1.4125849,-0.023292638,0.8017308,0.64857644,-0.020635482,-0.008703591,0.6392245,2.2677834,-0.02821476,-0.03378276,-0.0018338348,2.3194308,1.3187,1.4833907,-0.0003936064,-0.0011665588
ATAC_C1orf141,1.4123738,-0.02328774,0.80262357,0.6487583,-0.020633606,-0.008713098,0.6401319,2.2666583,-0.028221542,-0.033781063,-0.001831303,2.318974,1.3176168,1.4840212,-0.0003836432,-0.0011672133
ATAC_C1orf159,1.3321224,-0.023294413,0.735883,0.6972524,-0.020130107,-0.008047949,0.6280316,2.1828496,-0.028478064,-0.034258723,-0.002596739,2.301553,1.340568,1.3898956,-0.00060153723,-0.0017894763
ATAC_C1orf35,1.4125849,-0.023292638,0.8017308,0.64857644,-0.020635482,-0.008703591,0.6392245,2.2677834,-0.02821476,-0.03378276,-0.0018338348,2.3194308,1.3187,1.4833907,-0.0003936064,-0.0011665588
ATAC_C2CD4B,1.4125849,-0.023292638,0.8017308,0.64857644,-0.020635482,-0.008703591,0.6392245,2.2677834,-0.02821476,-0.03378276,-0.0018338348,2.3194308,1.3187,1.4833907,-0.0003936064,-0.0011665588
ATAC_C3orf52,1.4125849,-0.023292638,0.8017308,0.64857644,-0.020635482,-0.008703591,0.6392245,2.2677834,-0.02821476,-0.03378276,-0.0018338348,2.3194308,1.3187,1.4833907,-0.0003936064,-0.0011665588
ATAC_C4BPA,1.4125849,-0.023292638,0.8017308,0.64857644,-0.020635482,-0.008703591,0.6392245,2.2677834,-0.02821476,-0.03378276,-0.0018338348,2.3194308,1.3187,1.4833907,-0.0003936064,-0.0011665588
ATAC_C5orf67,1.4125849,-0.023292638,0.8017308,0.64857644,-0.020635482,-0.008703591,0.6392245,2.2677834,-0.02821476,-0.03378276,-0.0018338348,2.3194308,1.3187,1.4833907,-0.0003936064,-0.0011665588
ATAC_C6orf141,1.4125849,-0.023292638,0.8017308,0.64857644,-0.020635482,-0.008703591,0.6392245,2.2677834,-0.02821476,-0.03378276,-0.0018338348,2.3194308,1.3187,1.4833907,-0.0003936064,-0.0011665588
ATAC_C7orf31,1.4125849,-0.023292638,0.8017308,0.64857644,-0.020635482,-0.008703591,0.6392245,2.2677834,-0.02821476,-0.03378276,-0.0018338348,2.3194308,1.3187,1.4833907,-0.0003936064,-0.0011665588
ATAC_CA6,1.4125849,-0.023292638,0.8017308,0.64857644,-0.020635482,-0.008703591,0.6392245,2.2677834,-0.02821476,-0.03378276,-0.0018338348,2.3194308,1.3187,1.4833907,-0.0003936064,-0.0011665588
ATAC_CACNA1C-AS1,1.2886138,-0.023398282,0.8040318,0.7168919,-0.01999081,-0.008039989,0.60573524,2.2904255,-0.0264793,-0.033872407,-0.00012055656,2.241349,1.1201737,1.327325,0.13501322,-0.00014173068
ATAC_CACNA1H,1.4689817,-0.023641355,0.8653239,0.62186706,-0.019994741,-0.008188886,0.6042081,2.1962237,-0.027275238,-0.034094058,-0.0014807768,2.3370345,1.3937435,1.4784871,-0.0010179308,-0.00110205
ATAC_CACNA2D2,1.4125849,-0.023292638,0.8017308,0.64857644,-0.020635482,-0.008703591,0.6392245,2.2677834,-0.02821476,-0.03378276,-0.0018338348,2.3194308,1.3187,1.4833907,-0.0003936064,-0.0011665588
ATAC_CADM1,1.3652904,-0.022982465,0.74883455,0.5799632,-0.020713909,-0.0089688385,0.6520258,2.2598364,-0.027539706,-0.03332276,-0.0016806397,2.3615706,1.3598664,1.4768136,-0.00013004898,-0.0010180708
ATAC_CADM2,1.4848722,-0.021887915,0.75252235,0.6572543,-0.01905726,-0.007781316,0.5756423,2.1572971,-0.027092801,-0.03268414,-0.00041093177,2.2740304,1.1220263,1.4568973,-0.00074900565,-0.00036190182
ATAC_CALB2,1.126832,-0.02010549,0.6344025,0.689811,-0.02070656,-0.005213176,0.2975413,1.9111812,-0.030000385,-0.02916305,-0.004811839,2.3534868,1.348174,1.128421,0.09913291,0.055902623
ATAC_CAMTA1-DT,1.4125849,-0.023292638,0.8017308,0.64857644,-0.020635482,-0.008703591,0.6392245,2.2677834,-0.02821476,-0.03378276,-0.0018338348,2.3194308,1.3187,1.4833907,-0.0003936064,-0.0011665588
ATAC_CAPN12,1.4125849,-0.023292638,0.8017308,0.64857644,-0.020635482,-0.008703591,0.6392245,2.2677834,-0.02821476,-0.03378276,-0.0018338348,2.3194308,1.3187,1.4833907,-0.0003936064,-0.0011665588
ATAC_CAPRIN2,1.5412691,-0.022236628,0.8161155,0.6305449,-0.01841652,-0.00726661,0.5406259,2.0857375,-0.026153283,-0.032995436,-5.7873633e-05,2.291634,1.1970698,1.4519937,-0.0013733299,-0.00029739275
ATAC_CARMIL2,1.4125849,-0.023292638,0.8017308,0.64857644,-0.020635482,-0.008703591,0.6392245,2.2677834,-0.02821476,-0.03378276,-0.0018338348,2.3194308,1.3187,1.4833907,-0.0003936064,-0.0011665588
ATAC_CARNS1,1.4125849,-0.023292638,0.8017308,0.64857644,-0.020635482,-0.008703591,0.6392245,2.2677834,-0.02821476,-0.03378276,-0.0018338348,2.3194308,1.3187,1.4833907,-0.0003936064,-0.0011665588
ATAC_CASKIN1,1.4012469,-0.023200698,0.8177106,0.66221416,-0.020660646,-0.008795722,0.6483879,2.2673604,-0.028187595,-0.033784505,-0.0018746037,2.2989755,1.2971774,1.4900368,-0.00041457056,-0.0013077301
ATAC_CASP8,1.4125849,-0.023292638,0.8017308,0.64857644,-0.020635482,-0.008703591,0.6392245,2.2677834,-0.02821476,-0.03378276,-0.0018338348,2.3194308,1.3187,1.4833907,-0.0003936064,-0.0011665588
ATAC_CASP8AP2,1.4125849,-0.023292638,0.8017308,0.64857644,-0.020635482,-0.008703591,0.6392245,2.2677834,-0.02821476,-0.03378276,-0.0018338348,2.3194308,1.3187,1.4833907,-0.0003936064,-0.0011665588
ATAC_CBFB,1.4858432,-0.023543715,0.7068908,0.55857843,-0.018806776,-0.0072389976,0.6906159,2.0854418,-0.027196279,-0.032130525,-0.002061214,2.150608,1.1790088,1.3634757,-0.0020589253,-0.0013641614
ATAC_CBX4,1.4128786,-0.023291998,0.8022895,0.6483322,-0.020632925,-0.00869935,0.6393917,2.2664604,-0.02821781,-0.03377153,-0.0018395947,2.3200302,1.3189737,1.4830514,-0.00038116693,-0.001174243
ATAC_CCDC134,1.4125849,-0.023292638,0.8017308,0.64857644,-0.020635482,-0.008703591,0.6392245,2.2677834,-0.02821476,-0.03378276,-0.0018338348,2.3194308,1.3187,1.4833907,-0.0003936064,-0.0011665588
ATAC_CCDC141,1.4125849,-0.023292638,0.8017308,0.64857644,-0.020635482,-0.008703591,0.6392245,2.2677834,-0.02821476,-0.03378276,-0.0018338348,2.3194308,1.3187,1.4833907,-0.0003936064,-0.0011665588
ATAC_CCDC15-DT,1.4125849,-0.023292638,0.8017308,0.64857644,-0.020635482,-0.008703591,0.6392245,2.2677834,-0.02821476,-0.03378276,-0.0018338348,2.3194308,1.3187,1.4833907,-0.0003936064,-0.0011665588
ATAC_CCDC158,1.4125849,-0.023292638,0.8017308,0.64857644,-0.020635482,-0.008703591,0.6392245,2.2677834,-0.02821476,-0.03378276,-0.0018338348,2.3194308,1.3187,1.4833907,-0.0003936064,-0.0011665588
ATAC_CCDC171,1.4125849,-0.023292638,0.8017308,0.64857644,-0.020635482,-0.008703591,0.6392245,2.2677834,-0.02821476,-0.03378276,-0.0018338348,2.3194308,1.3187,1.4833907,-0.0003936064,-0.0011665588
ATAC_CCDC34,1.4125849,-0.023292638,0.8017308,0.64857644,-0.020635482,-0.008703591,0.6392245,2.2677834,-0.02821476,-0.03378276,-0.0018338348,2.3194308,1.3187,1.4833907,-0.0003936064,-0.0011665588
ATAC_CCDC42,1.4125849,-0.023292638,0.8017308,0.64857644,-0.020635482,-0.008703591,0.6392245,2.2677834,-0.02821476,-0.03378276,-0.0018338348,2.3194308,1.3187,1.4833907,-0.0003936064,-0.0011665588
ATAC_CCDC62,1.4125849,-0.023292638,0.8017308,0.64857644,-0.020635482,-0.008703591,0.6392245,2.2677834,-0.02821476,-0.03378276,-0.0018338348,2.3194308,1.3187,1.4833907,-0.0003936064,-0.0011665588
ATAC_CCER2,1.4125849,-0.023292638,0.8017308,0.64857644,-0.020635482,-0.008703591,0.6392245,2.2677834,-0.02821476,-0.03378276,-0.0018338348,2.3194308,1.3187,1.4833907,-0.0003936064,-0.0011665588
ATAC_CCKBR,1.4125849,-0.023292638,0.8017308,0.64857644,-0.020635482,-0.008703591,0.6392245,2.2677834,-0.02821476,-0.03378276,-0.0018338348,2.3194308,1.3187,1.4833907,-0.0003936064,-0.0011665588
ATAC_CCL22,1.4858432,-0.023543715,0.7068908,0.55857843,-0.018806776,-0.0072389976,0.6906159,2.0854418,-0.027196279,-0.032130525,-0.002061214,2.150608,1.1790088,1.3634757,-0.0020589253,-0.0013641614
ATAC_CCL3,1.4858432,-0.023543715,0.7068908,0.55857843,-0.018806776,-0.0072389976,0.6906159,2.0854418,-0.027196279,-0.032130525,-0.002061214,2.150608,1.1790088,1.3634757,-0.0020589253,-0.0013641614
ATAC_CCL4,1.4125849,-0.023292638,0.8017308,0.64857644,-0.020635482,-0.008703591,0.6392245,2.2677834,-0.02821476,-0.03378276,-0.0018338348,2.3194308,1.3187,1.4833907,-0.0003936064,-0.0011665588
ATAC_CCL4L2,1.4104106,-0.023309104,0.79957646,0.64951706,-0.020605762,-0.008712372,0.6379734,2.2672656,-0.028188275,-0.03376633,-0.0018315454,2.3179383,1.3179502,1.4859527,-0.00037308782,-0.001148743
ATAC_CCL5,1.3946742,-0.022655874,0.6661938,0.64601344,-0.019384641,-0.008034056,0.6784773,2.2764227,-0.027240228,-0.03443405,-0.0026611283,2.1614032,1.1651657,1.4507954,-0.0009890946,-0.0018357891
ATAC_CCND2,1.4125849,-0.023292638,0.8017308,0.64857644,-0.020635482,-0.008703591,0.6392245,2.2677834,-0.02821476,-0.03378276,-0.0018338348,2.3194308,1.3187,1.4833907,-0.0003936064,-0.0011665588
ATAC_CCNI2,1.4385487,-0.023233542,0.65399456,0.4899652,-0.018885203,-0.0075042443,0.7034171,2.0774946,-0.026521225,-0.031670522,-0.0019080188,2.1927478,1.2201753,1.3568985,-0.0017953678,-0.0012156734
ATAC_CCR6,1.4125849,-0.023292638,0.8017308,0.64857644,-0.020635482,-0.008703591,0.6392245,2.2677834,-0.02821476,-0.03378276,-0.0018338348,2.3194308,1.3187,1.4833907,-0.0003936064,-0.0011665588
ATAC_CCSER1,1.4125849,-0.023292638,0.8017308,0.64857644,-0.020635482,-0.008703591,0.6392245,2.2677834,-0.02821476,-0.03378276,-0.0018338348,2.3194308,1.3187,1.4833907,-0.0003936064,-0.0011665588
ATAC_CD160,1.4125849,-0.023292638,0.8017308,0.64857644,-0.020635482,-0.008703591,0.6392245,2.2677834,-0.02821476,-0.03378276,-0.0018338348,2.3194308,1.3187,1.4833907,-0.0003936064,-0.0011665588
ATAC_CD200R1L,1.4125849,-0.023292638,0.8017308,0.64857644,-0.020635482,-0.008703591,0.6392245,2.2677834,-0.02821476,-0.03378276,-0.0018338348,2.3194308,1.3187,1.4833907,-0.0003936064,-0.0011665588
ATAC_CD226,1.4125849,-0.023292638,0.8017308,0.64857644,-0.020635482,-0.008703591,0.6392245,2.2677834,-0.02821476,-0.03378276,-0.0018338348,2.3194308,1.3187,1.4833907,-0.0003936064,-0.0011665588
ATAC_CD28,1.492775,-0.023186313,0.95870185,0.5833332,-0.01813574,-0.010468844,0.6704174,2.3450425,-0.026279798,-0.033630207,-0.000938206,2.2868438,1.2921569,1.4577509,0.14635035,-0.002894342
ATAC_CD320,1.4848722,-0.021887915,0.75252235,0.6572543,-0.01905726,-0.007781316,0.5756423,2.1572971,-0.027092801,-0.03268414,-0.00041093177,2.2740304,1.1220263,1.4568973,-0.00074900565,-0.00036190182
ATAC_CD38,1.4125849,-0.023292638,0.8017308,0.64857644,-0.020635482,-0.008703591,0.6392245,2.2677834,-0.02821476,-0.03378276,-0.0018338348,2.3194308,1.3187,1.4833907,-0.0003936064,-0.0011665588
ATAC_CD40LG,1.4125849,-0.023292638,0.8017308,0.64857644,-0.020635482,-0.008703591,0.6392245,2.2677834,-0.02821476,-0.03378276,-0.0018338348,2.3194308,1.3187,1.4833907,-0.0003936064,-0.0011665588
ATAC_CD5L,1.4121956,-0.0232928,0.8024285,0.64799565,-0.020630991,-0.008695753,0.6389291,2.2674978,-0.028209936,-0.033783376,-0.0018392464,2.3199787,1.3190559,1.4839792,-0.00039519905,-0.0011674433
ATAC_CD7,1.4121956,-0.0232928,0.8024285,0.64799565,-0.020630991,-0.008695753,0.6389291,2.2674978,-0.028209936,-0.033783376,-0.0018392464,2.3199787,1.3190559,1.4839792,-0.00039519905,-0.0011674433
ATAC_CD79A,1.4125849,-0.023292638,0.8017308,0.64857644,-0.020635482,-0.008703591,0.6392245,2.2677834,-0.02821476,-0.03378276,-0.0018338348,2.3194308,1.3187,1.4833907,-0.0003936064,-0.0011665588
ATAC_CD8A,1.4125849,-0.023292638,0.8017308,0.64857644,-0.020635482,-0.008703591,0.6392245,2.2677834,-0.02821476,-0.03378276,-0.0018338348,2.3194308,1.3187,1.4833907,-0.0003936064,-0.0011665588
ATAC_CDC14B,1.4257208,-0.020498574,0.7843302,0.8327015,-0.017688166,-0.0056659756,0.40663305,2.18491,-0.024219073,-0.03131682,-0.00043343223,2.081935,1.0538237,1.4636254,-0.0024027827,0.073803805
ATAC_CDC25C,1.2886138,-0.023398282,0.8040318,0.7168919,-0.01999081,-0.008039989,0.60573524,2.2904255,-0.0264793,-0.033872407,-0.00012055656,2.241349,1.1201737,1.327325,0.13501322,-0.00014173068
ATAC_CDC42-AS1,1.4848722,-0.021887915,0.75252235,0.6572543,-0.01905726,-0.007781316,0.5756423,2.1572971,-0.027092801,-0.03268414,-0.00041093177,2.2740304,1.1220263,1.4568973,-0.00074900565,-0.00036190182
ATAC_CDH2,1.4125849,-0.023292638,0.8017308,0.64857644,-0.020635482,-0.008703591,0.6392245,2.2677834,-0.02821476,-0.03378276,-0.0018338348,2.3194308,1.3187,1.4833907,-0.0003936064,-0.0011665588
ATAC_CDHR1,1.4125849,-0.023292638,0.8017308,0.64857644,-0.020635482,-0.008703591,0.6392245,2.2677834,-0.02821476,-0.03378276,-0.0018338348,2.3194308,1.3187,1.4833907,-0.0003936064,-0.0011665588
ATAC_CDHR3,1.4125849,-0.023292638,0.8017308,0.64857644,-0.020635482,-0.008703591,0.6392245,2.2677834,-0.02821476,-0.03378276,-0.0018338348,2.3194308,1.3187,1.4833907,-0.0003936064,-0.0011665588
ATAC_CDK5RAP2,1.4125849,-0.023292638,0.8017308,0.64857644,-0.020635482,-0.008703591,0.6392245,2.2677834,-0.02821476,-0.03378276,-0.0018338348,2.3194308,1.3187,1.4833907,-0.0003936064,-0.0011665588
ATAC_CDK9,1.4125849,-0.023292638,0.8017308,0.64857644,-0.020635482,-0.008703591,0.6392245,2.2677834,-0.02821476,-0.03378276,-0.0018338348,2.3194308,1.3187,1.4833907,-0.0003936064,-0.0011665588
ATAC_CDKN1C,1.4125849,-0.023292638,0.8017308,0.64857644,-0.020635482,-0.008703591,0.6392245,2.2677834,-0.02821476,-0.03378276,-0.0018338348,2.3194308,1.3187,1.4833907,-0.0003936064,-0.0011665588
ATAC_CDO1,1.4127346,-0.023292562,0.8026385,0.64761823,-0.020632455,-0.008697822,0.6380586,2.2673407,-0.028206052,-0.03379725,-0.0018370403,2.3197758,1.3196402,1.4823432,-0.00040205597,-0.0011777007
ATAC_CEACAM21,1.4125849,-0.023292638,0.8017308,0.64857644,-0.020635482,-0.008703591,0.6392245,2.2677834,-0.02821476,-0.03378276,-0.0018338348,2.3194308,1.3187,1.4833907,-0.0003936064,-0.0011665588
ATAC_CEBPD,1.4125849,-0.023292638,0.8017308,0.64857644,-0.020635482,-0.008703591,0.6392245,2.2677834,-0.02821476,-0.03378276,-0.0018338348,2.3194308,1.3187,1.4833907,-0.0003936064,-0.0011665588
ATAC_CELF5,1.4125849,-0.023292638,0.8017308,0.64857644,-0.020635482,-0.008703591,0.6392245,2.2677834,-0.02821476,-0.03378276,-0.0018338348,2.3194308,1.3187,1.4833907,-0.0003936064,-0.0011665588
ATAC_CENPM,1.4063948,-0.022367306,0.7271749,0.69755614,-0.021067811,-0.0090535795,0.5968012,2.2347817,-0.028394908,-0.034352824,-0.0025593417,2.348007,1.3284153,1.5106052,0.017504789,-0.0009885073
ATAC_CENPV,1.4848722,-0.021887915,0.75252235,0.6572543,-0.01905726,-0.007781316,0.5756423,2.1572971,-0.027092801,-0.03268414,-0.00041093177,2.2740304,1.1220263,1.4568973,-0.00074900565,-0.00036190182
ATAC_CEP126,1.4125849,-0.023292638,0.8017308,0.64857644,-0.020635482,-0.008703591,0.6392245,2.2677834,-0.02821476,-0.03378276,-0.0018338348,2.3194308,1.3187,1.4833907,-0.0003936064,-0.0011665588
ATAC_CEP128,1.4125849,-0.023292638,0.8017308,0.64857644,-0.020635482,-0.008703591,0.6392245,2.2677834,-0.02821476,-0.03378276,-0.0018338348,2.3194308,1.3187,1.4833907,-0.0003936064,-0.0011665588
ATAC_CEP19,1.4125849,-0.023292638,0.8017308,0.64857644,-0.020635482,-0.008703591,0.6392245,2.2677834,-0.02821476,-0.03378276,-0.0018338348,2.3194308,1.3187,1.4833907,-0.0003936064,-0.0011665588
ATAC_CEP295,1.3395468,-0.023575893,0.75015414,0.6664442,-0.020693537,-0.009161535,0.6624918,2.287033,-0.027527548,-0.03305474,-0.0019324769,2.3565333,1.3628265,1.5422626,-0.00024190768,-0.0012681168
ATAC_CEP70,1.4137145,-0.02329587,0.8009426,0.6493965,-0.020645084,-0.008709131,0.6389275,2.2688508,-0.02820855,-0.033780575,-0.0018293677,2.320351,1.3191029,1.482799,-0.0003975999,-0.0011733394
ATAC_CEP97,1.4125849,-0.023292638,0.8017308,0.64857644,-0.020635482,-0.008703591,0.6392245,2.2677834,-0.02821476,-0.03378276,-0.0018338348,2.3194308,1.3187,1.4833907,-0.0003936064,-0.0011665588
ATAC_CERCAM,1.4125849,-0.023292638,0.8017308,0.64857644,-0.020635482,-0.008703591,0.6392245,2.2677834,-0.02821476,-0.03378276,-0.0018338348,2.3194308,1.3187,1.4833907,-0.0003936064,-0.0011665588
ATAC_CERNA1,1.4125849,-0.023292638,0.8017308,0.64857644,-0.020635482,-0.008703591,0.6392245,2.2677834,-0.02821476,-0.03378276,-0.0018338348,2.3194308,1.3187,1.4833907,-0.0003936064,-0.0011665588
ATAC_CFAP36,1.4125849,-0.023292638,0.8017308,0.64857644,-0.020635482,-0.008703591,0.6392245,2.2677834,-0.02821476,-0.03378276,-0.0018338348,2.3194308,1.3187,1.4833907,-0.0003936064,-0.0011665588
ATAC_CFAP44,1.492775,-0.023186313,0.95870185,0.5833332,-0.01813574,-0.010468844,0.6704174,2.3450425,-0.026279798,-0.033630207,-0.000938206,2.2868438,1.2921569,1.4577509,0.14635035,-0.002894342
ATAC_CFAP61,1.4125849,-0.023292638,0.8017308,0.64857644,-0.020635482,-0.008703591,0.6392245,2.2677834,-0.02821476,-0.03378276,-0.0018338348,2.3194308,1.3187,1.4833907,-0.0003936064,-0.0011665588
ATAC_CFAP70,1.4125849,-0.023292638,0.8017308,0.64857644,-0.020635482,-0.008703591,0.6392245,2.2677834,-0.02821476,-0.03378276,-0.0018338348,2.3194308,1.3187,1.4833907,-0.0003936064,-0.0011665588
ATAC_CFAP74,1.4125849,-0.023292638,0.8017308,0.64857644,-0.020635482,-0.008703591,0.6392245,2.2677834,-0.02821476,-0.03378276,-0.0018338348,2.3194308,1.3187,1.4833907,-0.0003936064,-0.0011665588
ATAC_CFAP97,1.4125849,-0.023292638,0.8017308,0.64857644,-0.020635482,-0.008703591,0.6392245,2.2677834,-0.02821476,-0.03378276,-0.0018338348,2.3194308,1.3187,1.4833907,-0.0003936064,-0.0011665588
ATAC_CFAP97D2,1.4121956,-0.0232928,0.8024285,0.64799565,-0.020630991,-0.008695753,0.6389291,2.2674978,-0.028209936,-0.033783376,-0.0018392464,2.3199787,1.3190559,1.4839792,-0.00039519905,-0.0011674433
ATAC_CFB,1.4125849,-0.023292638,0.8017308,0.64857644,-0.020635482,-0.008703591,0.6392245,2.2677834,-0.02821476,-0.03378276,-0.0018338348,2.3194308,1.3187,1.4833907,-0.0003936064,-0.0011665588
ATAC_CHAC1,1.4125849,-0.023292638,0.8017308,0.64857644,-0.020635482,-0.008703591,0.6392245,2.2677834,-0.02821476,-0.03378276,-0.0018338348,2.3194308,1.3187,1.4833907,-0.0003936064,-0.0011665588
ATAC_CHD7,1.3396465,-0.023580937,0.7509962,0.66734135,-0.020699682,-0.009167733,0.6626581,2.2878432,-0.02752281,-0.03304971,-0.0019281758,2.356728,1.3630004,1.5420486,-0.00024037166,-0.0012737679
ATAC_CHI3L2,1.492775,-0.023186313,0.95870185,0.5833332,-0.01813574,-0.010468844,0.6704174,2.3450425,-0.026279798,-0.033630207,-0.000938206,2.2868438,1.2921569,1.4577509,0.14635035,-0.002894342
ATAC_CHODL,1.4125849,-0.023292638,0.8017308,0.64857644,-0.020635482,-0.008703591,0.6392245,2.2677834,-0.02821476,-0.03378276,-0.0018338348,2.3194308,1.3187,1.4833907,-0.0003936064,-0.0011665588
ATAC_CHRNA1,1.4125849,-0.023292638,0.8017308,0.64857644,-0.020635482,-0.008703591,0.6392245,2.2677834,-0.02821476,-0.03378276,-0.0018338348,2.3194308,1.3187,1.4833907,-0.0003936064,-0.0011665588
ATAC_CHRNA9,1.4125849,-0.023292638,0.8017308,0.64857644,-0.020635482,-0.008703591,0.6392245,2.2677834,-0.02821476,-0.03378276,-0.0018338348,2.3194308,1.3187,1.4833907,-0.0003936064,-0.0011665588
ATAC_CHST10,1.4125849,-0.023292638,0.8017308,0.64857644,-0.020635482,-0.008703591,0.6392245,2.2677834,-0.02821476,-0.03378276,-0.0018338348,2.3194308,1.3187,1.4833907,-0.0003936064,-0.0011665588
ATAC_CHST12,1.4125849,-0.023292638,0.8017308,0.64857644,-0.020635482,-0.008703591,0.6392245,2.2677834,-0.02821476,-0.03378276,-0.0018338348,2.3194308,1.3187,1.4833907,-0.0003936064,-0.0011665588
ATAC_CHTF18,1.4125849,-0.023292638,0.8017308,0.64857644,-0.020635482,-0.008703591,0.6392245,2.2677834,-0.02821476,-0.03378276,-0.0018338348,2.3194308,1.3187,1.4833907,-0.0003936064,-0.0011665588
ATAC_CISH,1.4125849,-0.023292638,0.8017308,0.64857644,-0.020635482,-0.008703591,0.6392245,2.2677834,-0.02821476,-0.03378276,-0.0018338348,2.3194308,1.3187,1.4833907,-0.0003936064,-0.0011665588
ATAC_CKAP2L,1.4124852,-0.023287594,0.8008888,0.64767927,-0.020629339,-0.008697394,0.63905823,2.266973,-0.028219497,-0.03378779,-0.0018381361,2.319236,1.3185261,1.4836047,-0.00039514242,-0.0011609077
ATAC_CKMT2,1.4271156,-0.023392387,0.8295836,0.69112873,-0.020968633,-0.009397985,0.6499647,2.2774303,-0.027450422,-0.033606153,-0.0025052973,2.2597353,1.3681476,1.5032365,-0.00049101916,-0.0013785011
ATAC_CLDN16,1.4125849,-0.023292638,0.8017308,0.64857644,-0.020635482,-0.008703591,0.6392245,2.2677834,-0.02821476,-0.03378276,-0.0018338348,2.3194308,1.3187,1.4833907,-0.0003936064,-0.0011665588
ATAC_CLDN23,1.4125849,-0.023292638,0.8017308,0.64857644,-0.020635482,-0.008703591,0.6392245,2.2677834,-0.02821476,-0.03378276,-0.0018338348,2.3194308,1.3187,1.4833907,-0.0003936064,-0.0011665588
ATAC_CLEC2L,1.4125849,-0.023292638,0.8017308,0.64857644,-0.020635482,-0.008703591,0.6392245,2.2677834,-0.02821476,-0.03378276,-0.0018338348,2.3194308,1.3187,1.4833907,-0.0003936064,-0.0011665588
ATAC_CLIC3,1.4125849,-0.023292638,0.8017308,0.64857644,-0.020635482,-0.008703591,0.6392245,2.2677834,-0.02821476,-0.03378276,-0.0018338348,2.3194308,1.3187,1.4833907,-0.0003936064,-0.0011665588
ATAC_CLIC6,1.4127346,-0.023292562,0.8026385,0.64761823,-0.020632455,-0.008697822,0.6380586,2.2673407,-0.028206052,-0.03379725,-0.0018370403,2.3197758,1.3196402,1.4823432,-0.00040205597,-0.0011777007
ATAC_CLSTN1,1.4125849,-0.023292638,0.8017308,0.64857644,-0.020635482,-0.008703591,0.6392245,2.2677834,-0.02821476,-0.03378276,-0.0018338348,2.3194308,1.3187,1.4833907,-0.0003936064,-0.0011665588
ATAC_CLU,1.4125849,-0.023292638,0.8017308,0.64857644,-0.020635482,-0.008703591,0.6392245,2.2677834,-0.02821476,-0.03378276,-0.0018338348,2.3194308,1.3187,1.4833907,-0.0003936064,-0.0011665588
ATAC_CLUAP1,1.3652904,-0.022982465,0.74883455,0.5799632,-0.020713909,-0.0089688385,0.6520258,2.2598364,-0.027539706,-0.03332276,-0.0016806397,2.3615706,1.3598664,1.4768136,-0.00013004898,-0.0010180708
ATAC_CLYBL,1.4125849,-0.023292638,0.8017308,0.64857644,-0.020635482,-0.008703591,0.6392245,2.2677834,-0.02821476,-0.03378276,-0.0018338348,2.3194308,1.3187,1.4833907,-0.0003936064,-0.0011665588
ATAC_CMSS1,1.4125849,-0.023292638,0.8017308,0.64857644,-0.020635482,-0.008703591,0.6392245,2.2677834,-0.02821476,-0.03378276,-0.0018338348,2.3194308,1.3187,1.4833907,-0.0003936064,-0.0011665588
ATAC_CNIH3,1.4125849,-0.023292638,0.8017308,0.64857644,-0.020635482,-0.008703591,0.6392245,2.2677834,-0.02821476,-0.03378276,-0.0018338348,2.3194308,1.3187,1.4833907,-0.0003936064,-0.0011665588
ATAC_CNR2,1.4125849,-0.023292638,0.8017308,0.64857644,-0.020635482,-0.008703591,0.6392245,2.2677834,-0.02821476,-0.03378276,-0.0018338348,2.3194308,1.3187,1.4833907,-0.0003936064,-0.0011665588
ATAC_COG6,1.4888421,-0.019520069,0.5995763,0.706227,-0.018661655,-0.007817254,0.48694384,2.0320282,-0.025060697,-0.030242924,0.032263,2.138259,1.4176911,1.3404392,-0.0011982796,0.075745426
ATAC_COIL,1.4125849,-0.023292638,0.8017308,0.64857644,-0.020635482,-0.008703591,0.6392245,2.2677834,-0.02821476,-0.03378276,-0.0018338348,2.3194308,1.3187,1.4833907,-0.0003936064,-0.0011665588
ATAC_COL12A1,1.4125849,-0.023292638,0.8017308,0.64857644,-0.020635482,-0.008703591,0.6392245,2.2677834,-0.02821476,-0.03378276,-0.0018338348,2.3194308,1.3187,1.4833907,-0.0003936064,-0.0011665588
ATAC_COLGALT2,1.126832,-0.02010549,0.6344025,0.689811,-0.02070656,-0.005213176,0.2975413,1.9111812,-0.030000385,-0.02916305,-0.004811839,2.3534868,1.348174,1.128421,0.09913291,0.055902623
ATAC_COLQ,1.4125849,-0.023292638,0.8017308,0.64857644,-0.020635482,-0.008703591,0.6392245,2.2677834,-0.02821476,-0.03378276,-0.0018338348,2.3194308,1.3187,1.4833907,-0.0003936064,-0.0011665588
ATAC_COMP,1.4125849,-0.023292638,0.8017308,0.64857644,-0.020635482,-0.008703591,0.6392245,2.2677834,-0.02821476,-0.03378276,-0.0018338348,2.3194308,1.3187,1.4833907,-0.0003936064,-0.0011665588
ATAC_CORO2A,1.4127346,-0.023292562,0.8026385,0.64761823,-0.020632455,-0.008697822,0.6380586,2.2673407,-0.028206052,-0.03379725,-0.0018370403,2.3197758,1.3196402,1.4823432,-0.00040205597,-0.0011777007
ATAC_CPLX2,1.4125849,-0.023292638,0.8017308,0.64857644,-0.020635482,-0.008703591,0.6392245,2.2677834,-0.02821476,-0.03378276,-0.0018338348,2.3194308,1.3187,1.4833907,-0.0003936064,-0.0011665588
ATAC_CPLX3,1.4125849,-0.023292638,0.8017308,0.64857644,-0.020635482,-0.008703591,0.6392245,2.2677834,-0.02821476,-0.03378276,-0.0018338348,2.3194308,1.3187,1.4833907,-0.0003936064,-0.0011665588
ATAC_CPNE5,1.4125849,-0.023292638,0.8017308,0.64857644,-0.020635482,-0.008703591,0.6392245,2.2677834,-0.02821476,-0.03378276,-0.0018338348,2.3194308,1.3187,1.4833907,-0.0003936064,-0.0011665588
ATAC_CPNE6,1.3990097,-0.024409989,0.6565998,0.71784043,-0.018224292,-0.010813156,0.78649265,2.1349409,-0.026574137,-0.031696294,-0.00041077577,2.0664485,1.2636955,1.4521892,0.017155461,-0.0031857484
ATAC_CPT1B,1.4125849,-0.023292638,0.8017308,0.64857644,-0.020635482,-0.008703591,0.6392245,2.2677834,-0.02821476,-0.03378276,-0.0018338348,2.3194308,1.3187,1.4833907,-0.0003936064,-0.0011665588
ATAC_CPVL,1.4125849,-0.023292638,0.8017308,0.64857644,-0.020635482,-0.008703591,0.6392245,2.2677834,-0.02821476,-0.03378276,-0.0018338348,2.3194308,1.3187,1.4833907,-0.0003936064,-0.0011665588
ATAC_CR2,1.4125849,-0.023292638,0.8017308,0.64857644,-0.020635482,-0.008703591,0.6392245,2.2677834,-0.02821476,-0.03378276,-0.0018338348,2.3194308,1.3187,1.4833907,-0.0003936064,-0.0011665588
ATAC_CRADD,1.4125849,-0.023292638,0.8017308,0.64857644,-0.020635482,-0.008703591,0.6392245,2.2677834,-0.02821476,-0.03378276,-0.0018338348,2.3194308,1.3187,1.4833907,-0.0003936064,-0.0011665588
ATAC_CREB5,1.3652904,-0.022982465,0.74883455,0.5799632,-0.020713909,-0.0089688385,0.6520258,2.2598364,-0.027539706,-0.03332276,-0.0016806397,2.3615706,1.3598664,1.4768136,-0.00013004898,-0.0010180708
ATAC_CRHR1,1.4125849,-0.023292638,0.8017308,0.64857644,-0.020635482,-0.008703591,0.6392245,2.2677834,-0.02821476,-0.03378276,-0.0018338348,2.3194308,1.3187,1.4833907,-0.0003936064,-0.0011665588
ATAC_CRIM1-DT,1.4125849,-0.023292638,0.8017308,0.64857644,-0.020635482,-0.008703591,0.6392245,2.2677834,-0.02821476,-0.03378276,-0.0018338348,2.3194308,1.3187,1.4833907,-0.0003936064,-0.0011665588
ATAC_CRIP2,1.4125849,-0.023292638,0.8017308,0.64857644,-0.020635482,-0.008703591,0.6392245,2.2677834,-0.02821476,-0.03378276,-0.0018338348,2.3194308,1.3187,1.4833907,-0.0003936064,-0.0011665588
ATAC_CRISPLD1,1.4125849,-0.023292638,0.8017308,0.64857644,-0.020635482,-0.008703591,0.6392245,2.2677834,-0.02821476,-0.03378276,-0.0018338348,2.3194308,1.3187,1.4833907,-0.0003936064,-0.0011665588
ATAC_CRTAM,1.4125849,-0.023292638,0.8017308,0.64857644,-0.020635482,-0.008703591,0.6392245,2.2677834,-0.02821476,-0.03378276,-0.0018338348,2.3194308,1.3187,1.4833907,-0.0003936064,-0.0011665588
ATAC_CRTC1,1.2886138,-0.023398282,0.8040318,0.7168919,-0.01999081,-0.008039989,0.60573524,2.2904255,-0.0264793,-0.033872407,-0.00012055656,2.241349,1.1201737,1.327325,0.13501322,-0.00014173068
ATAC_CRYBB1,1.3396465,-0.023580937,0.7509962,0.66734135,-0.020699682,-0.009167733,0.6626581,2.2878432,-0.02752281,-0.03304971,-0.0019281758,2.356728,1.3630004,1.5420486,-0.00024037166,-0.0012737679
ATAC_CSF3R,1.4125849,-0.023292638,0.8017308,0.64857644,-0.020635482,-0.008703591,0.6392245,2.2677834,-0.02821476,-0.03378276,-0.0018338348,2.3194308,1.3187,1.4833907,-0.0003936064,-0.0011665588
ATAC_CSRNP2,1.4125849,-0.023292638,0.8017308,0.64857644,-0.020635482,-0.008703591,0.6392245,2.2677834,-0.02821476,-0.03378276,-0.0018338348,2.3194308,1.3187,1.4833907,-0.0003936064,-0.0011665588
ATAC_CST7,1.4105314,-0.02325152,0.7991245,0.64747995,-0.02061072,-0.008690771,0.636172,2.2631497,-0.028197767,-0.033744883,-0.0018489436,2.318945,1.3171363,1.4813086,-0.00036405234,-0.0011508906
ATAC_CSTF3-DT,1.4125849,-0.023292638,0.8017308,0.64857644,-0.020635482,-0.008703591,0.6392245,2.2677834,-0.02821476,-0.03378276,-0.0018338348,2.3194308,1.3187,1.4833907,-0.0003936064,-0.0011665588
ATAC_CT70,1.4125849,-0.023292638,0.8017308,0.64857644,-0.020635482,-0.008703591,0.6392245,2.2677834,-0.02821476,-0.03378276,-0.0018338348,2.3194308,1.3187,1.4833907,-0.0003936064,-0.0011665588
ATAC_CTH,1.4125849,-0.023292638,0.8017308,0.64857644,-0.020635482,-0.008703591,0.6392245,2.2677834,-0.02821476,-0.03378276,-0.0018338348,2.3194308,1.3187,1.4833907,-0.0003936064,-0.0011665588
ATAC_CTLA4,1.4858432,-0.023543715,0.7068908,0.55857843,-0.018806776,-0.0072389976,0.6906159,2.0854418,-0.027196279,-0.032130525,-0.002061214,2.150608,1.1790088,1.3634757,-0.0020589253,-0.0013641614
ATAC_CTNND2,1.3652904,-0.022982465,0.74883455,0.5799632,-0.020713909,-0.0089688385,0.6520258,2.2598364,-0.027539706,-0.03332276,-0.0016806397,2.3615706,1.3598664,1.4768136,-0.00013004898,-0.0010180708
ATAC_CTRB1,1.4125849,-0.023292638,0.8017308,0.64857644,-0.020635482,-0.008703591,0.6392245,2.2677834,-0.02821476,-0.03378276,-0.0018338348,2.3194308,1.3187,1.4833907,-0.0003936064,-0.0011665588
ATAC_CTSW,1.4125849,-0.023292638,0.8017308,0.64857644,-0.020635482,-0.008703591,0.6392245,2.2677834,-0.02821476,-0.03378276,-0.0018338348,2.3194308,1.3187,1.4833907,-0.0003936064,-0.0011665588
ATAC_CUBN,1.4125849,-0.023292638,0.8017308,0.64857644,-0.020635482,-0.008703591,0.6392245,2.2677834,-0.02821476,-0.03378276,-0.0018338348,2.3194308,1.3187,1.4833907,-0.0003936064,-0.0011665588
ATAC_CWF19L1,1.4125849,-0.023292638,0.8017308,0.64857644,-0.020635482,-0.008703591,0.6392245,2.2677834,-0.02821476,-0.03378276,-0.0018338348,2.3194308,1.3187,1.4833907,-0.0003936064,-0.0011665588
ATAC_CXCL10,0.84639573,-0.018838307,0.75011086,0.13140972,-0.018431362,-0.010100438,0.6792216,2.0285668,-0.023178607,-0.02809504,-0.0007654804,1.8435819,1.1105574,1.3355336,0.13505079,0.0041726455
ATAC_CXCL3,1.4125849,-0.023292638,0.8017308,0.64857644,-0.020635482,-0.008703591,0.6392245,2.2677834,-0.02821476,-0.03378276,-0.0018338348,2.3194308,1.3187,1.4833907,-0.0003936064,-0.0011665588
ATAC_CXCL8,1.5046868,-0.021733219,0.8811911,0.7689369,-0.01877653,-0.009070712,0.5666421,2.1968246,-0.028077228,-0.031377513,-0.0031115457,2.233477,1.2062994,1.5893044,-0.0007109964,-0.0024455206
ATAC_CXCR5,1.4125849,-0.023292638,0.8017308,0.64857644,-0.020635482,-0.008703591,0.6392245,2.2677834,-0.02821476,-0.03378276,-0.0018338348,2.3194308,1.3187,1.4833907,-0.0003936064,-0.0011665588
ATAC_CXXC4,1.4125849,-0.023292638,0.8017308,0.64857644,-0.020635482,-0.008703591,0.6392245,2.2677834,-0.02821476,-0.03378276,-0.0018338348,2.3194308,1.3187,1.4833907,-0.0003936064,-0.0011665588
ATAC_CYB561D1,1.4125849,-0.023292638,0.8017308,0.64857644,-0.020635482,-0.008703591,0.6392245,2.2677834,-0.02821476,-0.03378276,-0.0018338348,2.3194308,1.3187,1.4833907,-0.0003936064,-0.0011665588
ATAC_CYP4F22,1.4125849,-0.023292638,0.8017308,0.64857644,-0.020635482,-0.008703591,0.6392245,2.2677834,-0.02821476,-0.03378276,-0.0018338348,2.3194308,1.3187,1.4833907,-0.0003936064,-0.0011665588
ATAC_CYP51A1-AS1,1.4125849,-0.023292638,0.8017308,0.64857644,-0.020635482,-0.008703591,0.6392245,2.2677834,-0.02821476,-0.03378276,-0.0018338348,2.3194308,1.3187,1.4833907,-0.0003936064,-0.0011665588
ATAC_D2HGDH,1.4125849,-0.023292638,0.8017308,0.64857644,-0.020635482,-0.008703591,0.6392245,2.2677834,-0.02821476,-0.03378276,-0.0018338348,2.3194308,1.3187,1.4833907,-0.0003936064,-0.0011665588
ATAC_DAPK2,1.115494,-0.020013548,0.6503823,0.7034487,-0.020731725,-0.005305306,0.30670473,1.9107584,-0.029973222,-0.029164795,-0.0048526083,2.3330317,1.3266515,1.1350671,0.097036466,0.0417855
ATAC_DBN1,1.4125849,-0.023292638,0.8017308,0.64857644,-0.020635482,-0.008703591,0.6392245,2.2677834,-0.02821476,-0.03378276,-0.0018338348,2.3194308,1.3187,1.4833907,-0.0003936064,-0.0011665588
ATAC_DCAF10,1.4063948,-0.022367306,0.7271749,0.69755614,-0.021067811,-0.0090535795,0.5968012,2.2347817,-0.028394908,-0.034352824,-0.0025593417,2.348007,1.3284153,1.5106052,0.017504789,-0.0009885073
ATAC_DCAKD,1.4125849,-0.023292638,0.8017308,0.64857644,-0.020635482,-0.008703591,0.6392245,2.2677834,-0.02821476,-0.03378276,-0.0018338348,2.3194308,1.3187,1.4833907,-0.0003936064,-0.0011665588
ATAC_DCDC2,1.4125849,-0.023292638,0.8017308,0.64857644,-0.020635482,-0.008703591,0.6392245,2.2677834,-0.02821476,-0.03378276,-0.0018338348,2.3194308,1.3187,1.4833907,-0.0003936064,-0.0011665588
ATAC_DCLK3,1.4125849,-0.023292638,0.8017308,0.64857644,-0.020635482,-0.008703591,0.6392245,2.2677834,-0.02821476,-0.03378276,-0.0018338348,2.3194308,1.3187,1.4833907,-0.0003936064,-0.0011665588
ATAC_DDB2,1.3990097,-0.024409989,0.6565998,0.71784043,-0.018224292,-0.010813156,0.78649265,2.1349409,-0.026574137,-0.031696294,-0.00041077577,2.0664485,1.2636955,1.4521892,0.017155461,-0.0031857484
ATAC_DDX50,1.4125849,-0.023292638,0.8017308,0.64857644,-0.020635482,-0.008703591,0.6392245,2.2677834,-0.02821476,-0.03378276,-0.0018338348,2.3194308,1.3187,1.4833907,-0.0003936064,-0.0011665588
ATAC_DENND1C,1.3396465,-0.023580937,0.7509962,0.66734135,-0.020699682,-0.009167733,0.6626581,2.2878432,-0.02752281,-0.03304971,-0.0019281758,2.356728,1.3630004,1.5420486,-0.00024037166,-0.0012737679
ATAC_DENND2C,1.4125849,-0.023292638,0.8017308,0.64857644,-0.020635482,-0.008703591,0.6392245,2.2677834,-0.02821476,-0.03378276,-0.0018338348,2.3194308,1.3187,1.4833907,-0.0003936064,-0.0011665588
ATAC_DENND2D,1.4125849,-0.023292638,0.8017308,0.64857644,-0.020635482,-0.008703591,0.6392245,2.2677834,-0.02821476,-0.03378276,-0.0018338348,2.3194308,1.3187,1.4833907,-0.0003936064,-0.0011665588
ATAC_DENND6A-DT,1.371523,-0.023149423,0.76118994,0.5021149,-0.021302905,-0.008348783,0.63556135,2.2301831,-0.026870748,-0.03273478,-0.0015983166,2.357658,1.2165691,1.3962382,0.026681513,-5.8287158e-05
ATAC_DGCR8,1.4125849,-0.023292638,0.8017308,0.64857644,-0.020635482,-0.008703591,0.6392245,2.2677834,-0.02821476,-0.03378276,-0.0018338348,2.3194308,1.3187,1.4833907,-0.0003936064,-0.0011665588
ATAC_DGKH,1.4125849,-0.023292638,0.8017308,0.64857644,-0.020635482,-0.008703591,0.6392245,2.2677834,-0.02821476,-0.03378276,-0.0018338348,2.3194308,1.3187,1.4833907,-0.0003936064,-0.0011665588
ATAC_DHDH,1.4125849,-0.023292638,0.8017308,0.64857644,-0.020635482,-0.008703591,0.6392245,2.2677834,-0.02821476,-0.03378276,-0.0018338348,2.3194308,1.3187,1.4833907,-0.0003936064,-0.0011665588
ATAC_DHH,1.4125849,-0.023292638,0.8017308,0.64857644,-0.020635482,-0.008703591,0.6392245,2.2677834,-0.02821476,-0.03378276,-0.0018338348,2.3194308,1.3187,1.4833907,-0.0003936064,-0.0011665588
ATAC_DHX16,1.4063948,-0.022367306,0.7271749,0.69755614,-0.021067811,-0.0090535795,0.5968012,2.2347817,-0.028394908,-0.034352824,-0.0025593417,2.348007,1.3284153,1.5106052,0.017504789,-0.0009885073
ATAC_DHX30,1.4125849,-0.023292638,0.8017308,0.64857644,-0.020635482,-0.008703591,0.6392245,2.2677834,-0.02821476,-0.03378276,-0.0018338348,2.3194308,1.3187,1.4833907,-0.0003936064,-0.0011665588
ATAC_DIAPH3,1.4125849,-0.023292638,0.8017308,0.64857644,-0.020635482,-0.008703591,0.6392245,2.2677834,-0.02821476,-0.03378276,-0.0018338348,2.3194308,1.3187,1.4833907,-0.0003936064,-0.0011665588
ATAC_DIP2C,1.4125849,-0.023292638,0.8017308,0.64857644,-0.020635482,-0.008703591,0.6392245,2.2677834,-0.02821476,-0.03378276,-0.0018338348,2.3194308,1.3187,1.4833907,-0.0003936064,-0.0011665588
ATAC_DIRC3,1.4125849,-0.023292638,0.8017308,0.64857644,-0.020635482,-0.008703591,0.6392245,2.2677834,-0.02821476,-0.03378276,-0.0018338348,2.3194308,1.3187,1.4833907,-0.0003936064,-0.0011665588
ATAC_DISP1,1.3652904,-0.022982465,0.74883455,0.5799632,-0.020713909,-0.0089688385,0.6520258,2.2598364,-0.027539706,-0.03332276,-0.0016806397,2.3615706,1.3598664,1.4768136,-0.00013004898,-0.0010180708
ATAC_DISP3,1.4124068,-0.02327248,0.79874843,0.6493369,-0.020631136,-0.008673036,0.6366332,2.2652888,-0.028169967,-0.03375177,-0.0018434615,2.3161504,1.3161155,1.4865477,-0.0003547457,-0.0011790764
ATAC_DLEU7,1.4125849,-0.023292638,0.8017308,0.64857644,-0.020635482,-0.008703591,0.6392245,2.2677834,-0.02821476,-0.03378276,-0.0018338348,2.3194308,1.3187,1.4833907,-0.0003936064,-0.0011665588
ATAC_DLG1-AS1,1.4125849,-0.023292638,0.8017308,0.64857644,-0.020635482,-0.008703591,0.6392245,2.2677834,-0.02821476,-0.03378276,-0.0018338348,2.3194308,1.3187,1.4833907,-0.0003936064,-0.0011665588
ATAC_DLGAP1-AS1,1.4125849,-0.023292638,0.8017308,0.64857644,-0.020635482,-0.008703591,0.6392245,2.2677834,-0.02821476,-0.03378276,-0.0018338348,2.3194308,1.3187,1.4833907,-0.0003936064,-0.0011665588
ATAC_DLL3,1.4125849,-0.023292638,0.8017308,0.64857644,-0.020635482,-0.008703591,0.6392245,2.2677834,-0.02821476,-0.03378276,-0.0018338348,2.3194308,1.3187,1.4833907,-0.0003936064,-0.0011665588
ATAC_DLX2-DT,1.4125849,-0.023292638,0.8017308,0.64857644,-0.020635482,-0.008703591,0.6392245,2.2677834,-0.02821476,-0.03378276,-0.0018338348,2.3194308,1.3187,1.4833907,-0.0003936064,-0.0011665588
ATAC_DNAAF2,1.3396465,-0.023580937,0.7509962,0.66734135,-0.020699682,-0.009167733,0.6626581,2.2878432,-0.02752281,-0.03304971,-0.0019281758,2.356728,1.3630004,1.5420486,-0.00024037166,-0.0012737679
ATAC_DNAH5,0.847136,-0.018841702,0.7500204,0.13164894,-0.018436471,-0.010098139,0.6786292,2.0293489,-0.023167577,-0.02809347,-0.00076642504,1.8450501,1.1113162,1.3355305,0.13449217,0.0034061372
ATAC_DNAH6,1.4125849,-0.023292638,0.8017308,0.64857644,-0.020635482,-0.008703591,0.6392245,2.2677834,-0.02821476,-0.03378276,-0.0018338348,2.3194308,1.3187,1.4833907,-0.0003936064,-0.0011665588
ATAC_DNAH7,1.4454805,-0.02287614,0.9058056,0.51471996,-0.018214166,-0.010734091,0.6832187,2.3370955,-0.025604744,-0.033170205,-0.00078501087,2.3289835,1.3333234,1.4511738,0.1727061,-0.002745854
ATAC_DNAJC18,1.4125849,-0.023292638,0.8017308,0.64857644,-0.020635482,-0.008703591,0.6392245,2.2677834,-0.02821476,-0.03378276,-0.0018338348,2.3194308,1.3187,1.4833907,-0.0003936064,-0.0011665588
ATAC_DNAJC22,1.4125849,-0.023292638,0.8017308,0.64857644,-0.020635482,-0.008703591,0.6392245,2.2677834,-0.02821476,-0.03378276,-0.0018338348,2.3194308,1.3187,1.4833907,-0.0003936064,-0.0011665588
ATAC_DNAJC24,1.4125849,-0.023292638,0.8017308,0.64857644,-0.020635482,-0.008703591,0.6392245,2.2677834,-0.02821476,-0.03378276,-0.0018338348,2.3194308,1.3187,1.4833907,-0.0003936064,-0.0011665588
ATAC_DNAJC28,1.3652904,-0.022982465,0.74883455,0.5799632,-0.020713909,-0.0089688385,0.6520258,2.2598364,-0.027539706,-0.03332276,-0.0016806397,2.3615706,1.3598664,1.4768136,-0.00013004898,-0.0010180708
ATAC_DNAJC3-DT,1.4125849,-0.023292638,0.8017308,0.64857644,-0.020635482,-0.008703591,0.6392245,2.2677834,-0.02821476,-0.03378276,-0.0018338348,2.3194308,1.3187,1.4833907,-0.0003936064,-0.0011665588
ATAC_DNAJC6,1.4124068,-0.02327248,0.79874843,0.6493369,-0.020631136,-0.008673036,0.6366332,2.2652888,-0.028169967,-0.03375177,-0.0018434615,2.3161504,1.3161155,1.4865477,-0.0003547457,-0.0011790764
ATAC_DNMT3A,1.4125849,-0.023292638,0.8017308,0.64857644,-0.020635482,-0.008703591,0.6392245,2.2677834,-0.02821476,-0.03378276,-0.0018338348,2.3194308,1.3187,1.4833907,-0.0003936064,-0.0011665588
ATAC_DPEP1,1.4125849,-0.023292638,0.8017308,0.64857644,-0.020635482,-0.008703591,0.6392245,2.2677834,-0.02821476,-0.03378276,-0.0018338348,2.3194308,1.3187,1.4833907,-0.0003936064,-0.0011665588
ATAC_DPH7,1.4125849,-0.023292638,0.8017308,0.64857644,-0.020635482,-0.008703591,0.6392245,2.2677834,-0.02821476,-0.03378276,-0.0018338348,2.3194308,1.3187,1.4833907,-0.0003936064,-0.0011665588
ATAC_DRC7,1.4128786,-0.023291998,0.8022895,0.6483322,-0.020632925,-0.00869935,0.6393917,2.2664604,-0.02821781,-0.03377153,-0.0018395947,2.3200302,1.3189737,1.4830514,-0.00038116693,-0.001174243
ATAC_DSCAML1,1.4689817,-0.023641355,0.8653239,0.62186706,-0.019994741,-0.008188886,0.6042081,2.1962237,-0.027275238,-0.034094058,-0.0014807768,2.3370345,1.3937435,1.4784871,-0.0010179308,-0.00110205
ATAC_DTD1,1.4125849,-0.023292638,0.8017308,0.64857644,-0.020635482,-0.008703591,0.6392245,2.2677834,-0.02821476,-0.03378276,-0.0018338348,2.3194308,1.3187,1.4833907,-0.0003936064,-0.0011665588
ATAC_DTHD1,0.84639573,-0.018838307,0.75011086,0.13140972,-0.018431362,-0.010100438,0.6792216,2.0285668,-0.023178607,-0.02809504,-0.0007654804,1.8435819,1.1105574,1.3355336,0.13505079,0.0041726455
ATAC_DTNB,1.4271156,-0.023392387,0.8295836,0.69112873,-0.020968633,-0.009397985,0.6499647,2.2774303,-0.027450422,-0.033606153,-0.0025052973,2.2597353,1.3681476,1.5032365,-0.00049101916,-0.0013785011
ATAC_DTX3,1.4125849,-0.023292638,0.8017308,0.64857644,-0.020635482,-0.008703591,0.6392245,2.2677834,-0.02821476,-0.03378276,-0.0018338348,2.3194308,1.3187,1.4833907,-0.0003936064,-0.0011665588
ATAC_DUSP16,1.4125849,-0.023292638,0.8017308,0.64857644,-0.020635482,-0.008703591,0.6392245,2.2677834,-0.02821476,-0.03378276,-0.0018338348,2.3194308,1.3187,1.4833907,-0.0003936064,-0.0011665588
ATAC_DUSP19,1.4125849,-0.023292638,0.8017308,0.64857644,-0.020635482,-0.008703591,0.6392245,2.2677834,-0.02821476,-0.03378276,-0.0018338348,2.3194308,1.3187,1.4833907,-0.0003936064,-0.0011665588
ATAC_DVL1,1.4125849,-0.023292638,0.8017308,0.64857644,-0.020635482,-0.008703591,0.6392245,2.2677834,-0.02821476,-0.03378276,-0.0018338348,2.3194308,1.3187,1.4833907,-0.0003936064,-0.0011665588
ATAC_DYNC2H1,1.4125849,-0.023292638,0.8017308,0.64857644,-0.020635482,-0.008703591,0.6392245,2.2677834,-0.02821476,-0.03378276,-0.0018338348,2.3194308,1.3187,1.4833907,-0.0003936064,-0.0011665588
ATAC_DYNLRB2,1.4125849,-0.023292638,0.8017308,0.64857644,-0.020635482,-0.008703591,0.6392245,2.2677834,-0.02821476,-0.03378276,-0.0018338348,2.3194308,1.3187,1.4833907,-0.0003936064,-0.0011665588
ATAC_DZIP3,1.4125849,-0.023292638,0.8017308,0.64857644,-0.020635482,-0.008703591,0.6392245,2.2677834,-0.02821476,-0.03378276,-0.0018338348,2.3194308,1.3187,1.4833907,-0.0003936064,-0.0011665588
ATAC_E4F1,1.4125849,-0.023292638,0.8017308,0.64857644,-0.020635482,-0.008703591,0.6392245,2.2677834,-0.02821476,-0.03378276,-0.0018338348,2.3194308,1.3187,1.4833907,-0.0003936064,-0.0011665588
ATAC_EBF1,1.4125849,-0.023292638,0.8017308,0.64857644,-0.020635482,-0.008703591,0.6392245,2.2677834,-0.02821476,-0.03378276,-0.0018338348,2.3194308,1.3187,1.4833907,-0.0003936064,-0.0011665588
ATAC_EBF2,1.126832,-0.02010549,0.6344025,0.689811,-0.02070656,-0.005213176,0.2975413,1.9111812,-0.030000385,-0.02916305,-0.004811839,2.3534868,1.348174,1.128421,0.09913291,0.055902623
ATAC_EBF3,1.4271156,-0.023392387,0.8295836,0.69112873,-0.020968633,-0.009397985,0.6499647,2.2774303,-0.027450422,-0.033606153,-0.0025052973,2.2597353,1.3681476,1.5032365,-0.00049101916,-0.0013785011
ATAC_EDA,1.4125849,-0.023292638,0.8017308,0.64857644,-0.020635482,-0.008703591,0.6392245,2.2677834,-0.02821476,-0.03378276,-0.0018338348,2.3194308,1.3187,1.4833907,-0.0003936064,-0.0011665588
ATAC_EDAR,1.4125849,-0.023292638,0.8017308,0.64857644,-0.020635482,-0.008703591,0.6392245,2.2677834,-0.02821476,-0.03378276,-0.0018338348,2.3194308,1.3187,1.4833907,-0.0003936064,-0.0011665588
ATAC_EDN2,1.2886138,-0.023398282,0.8040318,0.7168919,-0.01999081,-0.008039989,0.60573524,2.2904255,-0.0264793,-0.033872407,-0.00012055656,2.241349,1.1201737,1.327325,0.13501322,-0.00014173068
ATAC_EEF1AKMT1,1.4125849,-0.023292638,0.8017308,0.64857644,-0.020635482,-0.008703591,0.6392245,2.2677834,-0.02821476,-0.03378276,-0.0018338348,2.3194308,1.3187,1.4833907,-0.0003936064,-0.0011665588
ATAC_EFHD1,1.4888421,-0.019520069,0.5995763,0.706227,-0.018661655,-0.007817254,0.48694384,2.0320282,-0.025060697,-0.030242924,0.032263,2.138259,1.4176911,1.3404392,-0.0011982796,0.075745426
ATAC_EFNA5,1.4257208,-0.020498574,0.7843302,0.8327015,-0.017688166,-0.0056659756,0.40663305,2.18491,-0.024219073,-0.03131682,-0.00043343223,2.081935,1.0538237,1.4636254,-0.0024027827,0.073803805
ATAC_EIF1B-AS1,1.4125849,-0.023292638,0.8017308,0.64857644,-0.020635482,-0.008703591,0.6392245,2.2677834,-0.02821476,-0.03378276,-0.0018338348,2.3194308,1.3187,1.4833907,-0.0003936064,-0.0011665588
ATAC_EIF2AK3-DT,1.4125849,-0.023292638,0.8017308,0.64857644,-0.020635482,-0.008703591,0.6392245,2.2677834,-0.02821476,-0.03378276,-0.0018338348,2.3194308,1.3187,1.4833907,-0.0003936064,-0.0011665588
ATAC_EIF3J-DT,1.4125849,-0.023292638,0.8017308,0.64857644,-0.020635482,-0.008703591,0.6392245,2.2677834,-0.02821476,-0.03378276,-0.0018338348,2.3194308,1.3187,1.4833907,-0.0003936064,-0.0011665588
ATAC_ELOVL2-AS1,1.4125849,-0.023292638,0.8017308,0.64857644,-0.020635482,-0.008703591,0.6392245,2.2677834,-0.02821476,-0.03378276,-0.0018338348,2.3194308,1.3187,1.4833907,-0.0003936064,-0.0011665588
ATAC_ELP1,1.4125849,-0.023292638,0.8017308,0.64857644,-0.020635482,-0.008703591,0.6392245,2.2677834,-0.02821476,-0.03378276,-0.0018338348,2.3194308,1.3187,1.4833907,-0.0003936064,-0.0011665588
ATAC_EML2,1.4125849,-0.023292638,0.8017308,0.64857644,-0.020635482,-0.008703591,0.6392245,2.2677834,-0.02821476,-0.03378276,-0.0018338348,2.3194308,1.3187,1.4833907,-0.0003936064,-0.0011665588
ATAC_EML5,1.4125849,-0.023292638,0.8017308,0.64857644,-0.020635482,-0.008703591,0.6392245,2.2677834,-0.02821476,-0.03378276,-0.0018338348,2.3194308,1.3187,1.4833907,-0.0003936064,-0.0011665588
ATAC_ENGASE,1.4125849,-0.023292638,0.8017308,0.64857644,-0.020635482,-0.008703591,0.6392245,2.2677834,-0.02821476,-0.03378276,-0.0018338348,2.3194308,1.3187,1.4833907,-0.0003936064,-0.0011665588
ATAC_ENO1-AS1,1.2864395,-0.023414748,0.80187744,0.7178325,-0.019961089,-0.008048769,0.60448414,2.289908,-0.026452817,-0.033855975,-0.00011826714,2.2398567,1.119424,1.329887,0.13706508,-0.00012391486
ATAC_ENO2,1.4125849,-0.023292638,0.8017308,0.64857644,-0.020635482,-0.008703591,0.6392245,2.2677834,-0.02821476,-0.03378276,-0.0018338348,2.3194308,1.3187,1.4833907,-0.0003936064,-0.0011665588
ATAC_ENOSF1,1.4123738,-0.02328774,0.80262357,0.6487583,-0.020633606,-0.008713098,0.6401319,2.2666583,-0.028221542,-0.033781063,-0.001831303,2.318974,1.3176168,1.4840212,-0.0003836432,-0.0011672133
ATAC_ENPP1,1.4125849,-0.023292638,0.8017308,0.64857644,-0.020635482,-0.008703591,0.6392245,2.2677834,-0.02821476,-0.03378276,-0.0018338348,2.3194308,1.3187,1.4833907,-0.0003936064,-0.0011665588
ATAC_EOMES,1.4125849,-0.023292638,0.8017308,0.64857644,-0.020635482,-0.008703591,0.6392245,2.2677834,-0.02821476,-0.03378276,-0.0018338348,2.3194308,1.3187,1.4833907,-0.0003936064,-0.0011665588
ATAC_EPB41L5,1.4125849,-0.023292638,0.8017308,0.64857644,-0.020635482,-0.008703591,0.6392245,2.2677834,-0.02821476,-0.03378276,-0.0018338348,2.3194308,1.3187,1.4833907,-0.0003936064,-0.0011665588
ATAC_EPHA1-AS1,1.4125849,-0.023292638,0.8017308,0.64857644,-0.020635482,-0.008703591,0.6392245,2.2677834,-0.02821476,-0.03378276,-0.0018338348,2.3194308,1.3187,1.4833907,-0.0003936064,-0.0011665588
ATAC_EPHA4,1.4125849,-0.023292638,0.8017308,0.64857644,-0.020635482,-0.008703591,0.6392245,2.2677834,-0.02821476,-0.03378276,-0.0018338348,2.3194308,1.3187,1.4833907,-0.0003936064,-0.0011665588
ATAC_EPHA6,1.4125849,-0.023292638,0.8017308,0.64857644,-0.020635482,-0.008703591,0.6392245,2.2677834,-0.02821476,-0.03378276,-0.0018338348,2.3194308,1.3187,1.4833907,-0.0003936064,-0.0011665588
ATAC_EPHA7,1.4125849,-0.023292638,0.8017308,0.64857644,-0.020635482,-0.008703591,0.6392245,2.2677834,-0.02821476,-0.03378276,-0.0018338348,2.3194308,1.3187,1.4833907,-0.0003936064,-0.0011665588
ATAC_EPHX2,1.4125849,-0.023292638,0.8017308,0.64857644,-0.020635482,-0.008703591,0.6392245,2.2677834,-0.02821476,-0.03378276,-0.0018338348,2.3194308,1.3187,1.4833907,-0.0003936064,-0.0011665588
ATAC_ERAP2,1.4125849,-0.023292638,0.8017308,0.64857644,-0.020635482,-0.008703591,0.6392245,2.2677834,-0.02821476,-0.03378276,-0.0018338348,2.3194308,1.3187,1.4833907,-0.0003936064,-0.0011665588
ATAC_ERBB2,1.4125849,-0.023292638,0.8017308,0.64857644,-0.020635482,-0.008703591,0.6392245,2.2677834,-0.02821476,-0.03378276,-0.0018338348,2.3194308,1.3187,1.4833907,-0.0003936064,-0.0011665588
ATAC_ERCC5,1.4125849,-0.023292638,0.8017308,0.64857644,-0.020635482,-0.008703591,0.6392245,2.2677834,-0.02821476,-0.03378276,-0.0018338348,2.3194308,1.3187,1.4833907,-0.0003936064,-0.0011665588
ATAC_ERCC6L,1.4125849,-0.023292638,0.8017308,0.64857644,-0.020635482,-0.008703591,0.6392245,2.2677834,-0.02821476,-0.03378276,-0.0018338348,2.3194308,1.3187,1.4833907,-0.0003936064,-0.0011665588
ATAC_EREG,1.4125849,-0.023292638,0.8017308,0.64857644,-0.020635482,-0.008703591,0.6392245,2.2677834,-0.02821476,-0.03378276,-0.0018338348,2.3194308,1.3187,1.4833907,-0.0003936064,-0.0011665588
ATAC_ERFE,1.4125849,-0.023292638,0.8017308,0.64857644,-0.020635482,-0.008703591,0.6392245,2.2677834,-0.02821476,-0.03378276,-0.0018338348,2.3194308,1.3187,1.4833907,-0.0003936064,-0.0011665588
ATAC_ERICH6-AS1,1.4125849,-0.023292638,0.8017308,0.64857644,-0.020635482,-0.008703591,0.6392245,2.2677834,-0.02821476,-0.03378276,-0.0018338348,2.3194308,1.3187,1.4833907,-0.0003936064,-0.0011665588
ATAC_ERLEC1,1.4125849,-0.023292638,0.8017308,0.64857644,-0.020635482,-0.008703591,0.6392245,2.2677834,-0.02821476,-0.03378276,-0.0018338348,2.3194308,1.3187,1.4833907,-0.0003936064,-0.0011665588
ATAC_ERP27,1.4125849,-0.023292638,0.8017308,0.64857644,-0.020635482,-0.008703591,0.6392245,2.2677834,-0.02821476,-0.03378276,-0.0018338348,2.3194308,1.3187,1.4833907,-0.0003936064,-0.0011665588
ATAC_ESR2,1.4125849,-0.023292638,0.8017308,0.64857644,-0.020635482,-0.008703591,0.6392245,2.2677834,-0.02821476,-0.03378276,-0.0018338348,2.3194308,1.3187,1.4833907,-0.0003936064,-0.0011665588
ATAC_ETFBKMT,0.7754258,-0.019069802,0.766453,0.11453588,-0.01761435,-0.010119879,0.6629893,1.9735862,-0.02326603,-0.027443718,-0.0014872021,1.7497733,1.1593484,1.3311149,0.062984735,-7.3193085e-05
ATAC_ETNPPL,1.4125849,-0.023292638,0.8017308,0.64857644,-0.020635482,-0.008703591,0.6392245,2.2677834,-0.02821476,-0.03378276,-0.0018338348,2.3194308,1.3187,1.4833907,-0.0003936064,-0.0011665588
ATAC_EVA1C,1.4127346,-0.023292562,0.8026385,0.64761823,-0.020632455,-0.008697822,0.6380586,2.2673407,-0.028206052,-0.03379725,-0.0018370403,2.3197758,1.3196402,1.4823432,-0.00040205597,-0.0011777007
ATAC_EWSAT1,1.4888421,-0.019520069,0.5995763,0.706227,-0.018661655,-0.007817254,0.48694384,2.0320282,-0.025060697,-0.030242924,0.032263,2.138259,1.4176911,1.3404392,-0.0011982796,0.075745426
ATAC_EXPH5,1.4125849,-0.023292638,0.8017308,0.64857644,-0.020635482,-0.008703591,0.6392245,2.2677834,-0.02821476,-0.03378276,-0.0018338348,2.3194308,1.3187,1.4833907,-0.0003936064,-0.0011665588
ATAC_EZR-AS1,1.4125849,-0.023292638,0.8017308,0.64857644,-0.020635482,-0.008703591,0.6392245,2.2677834,-0.02821476,-0.03378276,-0.0018338348,2.3194308,1.3187,1.4833907,-0.0003936064,-0.0011665588
ATAC_F12,1.4124068,-0.02327248,0.79874843,0.6493369,-0.020631136,-0.008673036,0.6366332,2.2652888,-0.028169967,-0.03375177,-0.0018434615,2.3161504,1.3161155,1.4865477,-0.0003547457,-0.0011790764
ATAC_F2R,1.4125849,-0.023292638,0.8017308,0.64857644,-0.020635482,-0.008703591,0.6392245,2.2677834,-0.02821476,-0.03378276,-0.0018338348,2.3194308,1.3187,1.4833907,-0.0003936064,-0.0011665588
ATAC_FAAH2,1.4125849,-0.023292638,0.8017308,0.64857644,-0.020635482,-0.008703591,0.6392245,2.2677834,-0.02821476,-0.03378276,-0.0018338348,2.3194308,1.3187,1.4833907,-0.0003936064,-0.0011665588
ATAC_FAAP100,1.4125849,-0.023292638,0.8017308,0.64857644,-0.020635482,-0.008703591,0.6392245,2.2677834,-0.02821476,-0.03378276,-0.0018338348,2.3194308,1.3187,1.4833907,-0.0003936064,-0.0011665588
ATAC_FAAP24,1.4125849,-0.023292638,0.8017308,0.64857644,-0.020635482,-0.008703591,0.6392245,2.2677834,-0.02821476,-0.03378276,-0.0018338348,2.3194308,1.3187,1.4833907,-0.0003936064,-0.0011665588
ATAC_FABP12,1.2886138,-0.023398282,0.8040318,0.7168919,-0.01999081,-0.008039989,0.60573524,2.2904255,-0.0264793,-0.033872407,-0.00012055656,2.241349,1.1201737,1.327325,0.13501322,-0.00014173068
ATAC_FADS3,1.1812887,-0.023372626,0.8682128,0.45242098,-0.020422827,-0.0074654743,0.6558222,2.0148993,-0.02575761,-0.0312421,-0.003208672,2.1666298,1.2662375,1.4029402,-0.0017618241,-0.002379772
ATAC_FAHD2B,1.4125849,-0.023292638,0.8017308,0.64857644,-0.020635482,-0.008703591,0.6392245,2.2677834,-0.02821476,-0.03378276,-0.0018338348,2.3194308,1.3187,1.4833907,-0.0003936064,-0.0011665588
ATAC_FALEC,1.3705466,-0.020208037,0.828707,0.42343846,-0.020912707,-0.006726418,0.82734585,2.0560489,-0.025789015,-0.030033847,-0.0008573253,2.1063752,1.2931691,1.2566963,0.087227374,-0.00073685375
ATAC_FAM110D,1.3990097,-0.024409989,0.6565998,0.71784043,-0.018224292,-0.010813156,0.78649265,2.1349409,-0.026574137,-0.031696294,-0.00041077577,2.0664485,1.2636955,1.4521892,0.017155461,-0.0031857484
ATAC_FAM161B,1.4125849,-0.023292638,0.8017308,0.64857644,-0.020635482,-0.008703591,0.6392245,2.2677834,-0.02821476,-0.03378276,-0.0018338348,2.3194308,1.3187,1.4833907,-0.0003936064,-0.0011665588
ATAC_FAM166B,1.4125849,-0.023292638,0.8017308,0.64857644,-0.020635482,-0.008703591,0.6392245,2.2677834,-0.02821476,-0.03378276,-0.0018338348,2.3194308,1.3187,1.4833907,-0.0003936064,-0.0011665588
ATAC_FAM166C,1.4125849,-0.023292638,0.8017308,0.64857644,-0.020635482,-0.008703591,0.6392245,2.2677834,-0.02821476,-0.03378276,-0.0018338348,2.3194308,1.3187,1.4833907,-0.0003936064,-0.0011665588
ATAC_FAM170B,1.4125849,-0.023292638,0.8017308,0.64857644,-0.020635482,-0.008703591,0.6392245,2.2677834,-0.02821476,-0.03378276,-0.0018338348,2.3194308,1.3187,1.4833907,-0.0003936064,-0.0011665588
ATAC_FAM182A,1.4125849,-0.023292638,0.8017308,0.64857644,-0.020635482,-0.008703591,0.6392245,2.2677834,-0.02821476,-0.03378276,-0.0018338348,2.3194308,1.3187,1.4833907,-0.0003936064,-0.0011665588
ATAC_FAM184A,1.4125849,-0.023292638,0.8017308,0.64857644,-0.020635482,-0.008703591,0.6392245,2.2677834,-0.02821476,-0.03378276,-0.0018338348,2.3194308,1.3187,1.4833907,-0.0003936064,-0.0011665588
ATAC_FAM185A,1.4125849,-0.023292638,0.8017308,0.64857644,-0.020635482,-0.008703591,0.6392245,2.2677834,-0.02821476,-0.03378276,-0.0018338348,2.3194308,1.3187,1.4833907,-0.0003936064,-0.0011665588
ATAC_FAM222B,1.4125849,-0.023292638,0.8017308,0.64857644,-0.020635482,-0.008703591,0.6392245,2.2677834,-0.02821476,-0.03378276,-0.0018338348,2.3194308,1.3187,1.4833907,-0.0003936064,-0.0011665588
ATAC_FAM227B,1.4125849,-0.023292638,0.8017308,0.64857644,-0.020635482,-0.008703591,0.6392245,2.2677834,-0.02821476,-0.03378276,-0.0018338348,2.3194308,1.3187,1.4833907,-0.0003936064,-0.0011665588
ATAC_FAM43A,1.341615,-0.023524133,0.81807286,0.63170266,-0.019818472,-0.008723032,0.6229923,2.2128026,-0.028302183,-0.03313144,-0.0025555568,2.2256222,1.367491,1.4789721,-0.001114267,-0.0012814783
ATAC_FAM83D,1.4689817,-0.023641355,0.8653239,0.62186706,-0.019994741,-0.008188886,0.6042081,2.1962237,-0.027275238,-0.034094058,-0.0014807768,2.3370345,1.3937435,1.4784871,-0.0010179308,-0.00110205
ATAC_FAM86B2,1.4125849,-0.023292638,0.8017308,0.64857644,-0.020635482,-0.008703591,0.6392245,2.2677834,-0.02821476,-0.03378276,-0.0018338348,2.3194308,1.3187,1.4833907,-0.0003936064,-0.0011665588
ATAC_FANK1,1.4125849,-0.023292638,0.8017308,0.64857644,-0.020635482,-0.008703591,0.6392245,2.2677834,-0.02821476,-0.03378276,-0.0018338348,2.3194308,1.3187,1.4833907,-0.0003936064,-0.0011665588
ATAC_FASLG,1.4125849,-0.023292638,0.8017308,0.64857644,-0.020635482,-0.008703591,0.6392245,2.2677834,-0.02821476,-0.03378276,-0.0018338348,2.3194308,1.3187,1.4833907,-0.0003936064,-0.0011665588
ATAC_FAT4,1.3652904,-0.022982465,0.74883455,0.5799632,-0.020713909,-0.0089688385,0.6520258,2.2598364,-0.027539706,-0.03332276,-0.0016806397,2.3615706,1.3598664,1.4768136,-0.00013004898,-0.0010180708
ATAC_FBF1,1.4125849,-0.023292638,0.8017308,0.64857644,-0.020635482,-0.008703591,0.6392245,2.2677834,-0.02821476,-0.03378276,-0.0018338348,2.3194308,1.3187,1.4833907,-0.0003936064,-0.0011665588
ATAC_FBXO16,1.4125849,-0.023292638,0.8017308,0.64857644,-0.020635482,-0.008703591,0.6392245,2.2677834,-0.02821476,-0.03378276,-0.0018338348,2.3194308,1.3187,1.4833907,-0.0003936064,-0.0011665588
ATAC_FBXO32,1.3396465,-0.023580937,0.7509962,0.66734135,-0.020699682,-0.009167733,0.6626581,2.2878432,-0.02752281,-0.03304971,-0.0019281758,2.356728,1.3630004,1.5420486,-0.00024037166,-0.0012737679
ATAC_FBXW4,1.4125849,-0.023292638,0.8017308,0.64857644,-0.020635482,-0.008703591,0.6392245,2.2677834,-0.02821476,-0.03378276,-0.0018338348,2.3194308,1.3187,1.4833907,-0.0003936064,-0.0011665588
ATAC_FBXW5,1.3990097,-0.024409989,0.6565998,0.71784043,-0.018224292,-0.010813156,0.78649265,2.1349409,-0.026574137,-0.031696294,-0.00041077577,2.0664485,1.2636955,1.4521892,0.017155461,-0.0031857484
ATAC_FCER1A,1.4125849,-0.023292638,0.8017308,0.64857644,-0.020635482,-0.008703591,0.6392245,2.2677834,-0.02821476,-0.03378276,-0.0018338348,2.3194308,1.3187,1.4833907,-0.0003936064,-0.0011665588
ATAC_FCER2,1.4125849,-0.023292638,0.8017308,0.64857644,-0.020635482,-0.008703591,0.6392245,2.2677834,-0.02821476,-0.03378276,-0.0018338348,2.3194308,1.3187,1.4833907,-0.0003936064,-0.0011665588
ATAC_FCF1,1.4125849,-0.023292638,0.8017308,0.64857644,-0.020635482,-0.008703591,0.6392245,2.2677834,-0.02821476,-0.03378276,-0.0018338348,2.3194308,1.3187,1.4833907,-0.0003936064,-0.0011665588
ATAC_FCGR3A,1.4105314,-0.02325152,0.7991245,0.64747995,-0.02061072,-0.008690771,0.636172,2.2631497,-0.028197767,-0.033744883,-0.0018489436,2.318945,1.3171363,1.4813086,-0.00036405234,-0.0011508906
ATAC_FCMR,1.4125849,-0.023292638,0.8017308,0.64857644,-0.020635482,-0.008703591,0.6392245,2.2677834,-0.02821476,-0.03378276,-0.0018338348,2.3194308,1.3187,1.4833907,-0.0003936064,-0.0011665588
ATAC_FCN1,1.4125849,-0.023292638,0.8017308,0.64857644,-0.020635482,-0.008703591,0.6392245,2.2677834,-0.02821476,-0.03378276,-0.0018338348,2.3194308,1.3187,1.4833907,-0.0003936064,-0.0011665588
ATAC_FCRL1,1.3946742,-0.022655874,0.6661938,0.64601344,-0.019384641,-0.008034056,0.6784773,2.2764227,-0.027240228,-0.03443405,-0.0026611283,2.1614032,1.1651657,1.4507954,-0.0009890946,-0.0018357891
ATAC_FCRL3,1.4124852,-0.023287594,0.8008888,0.64767927,-0.020629339,-0.008697394,0.63905823,2.266973,-0.028219497,-0.03378779,-0.0018381361,2.319236,1.3185261,1.4836047,-0.00039514242,-0.0011609077
ATAC_FCRL6,1.4125849,-0.023292638,0.8017308,0.64857644,-0.020635482,-0.008703591,0.6392245,2.2677834,-0.02821476,-0.03378276,-0.0018338348,2.3194308,1.3187,1.4833907,-0.0003936064,-0.0011665588
ATAC_FGF5,1.4125849,-0.023292638,0.8017308,0.64857644,-0.020635482,-0.008703591,0.6392245,2.2677834,-0.02821476,-0.03378276,-0.0018338348,2.3194308,1.3187,1.4833907,-0.0003936064,-0.0011665588
ATAC_FGF9,1.4125849,-0.023292638,0.8017308,0.64857644,-0.020635482,-0.008703591,0.6392245,2.2677834,-0.02821476,-0.03378276,-0.0018338348,2.3194308,1.3187,1.4833907,-0.0003936064,-0.0011665588
ATAC_FGFBP2,1.4125849,-0.023292638,0.8017308,0.64857644,-0.020635482,-0.008703591,0.6392245,2.2677834,-0.02821476,-0.03378276,-0.0018338348,2.3194308,1.3187,1.4833907,-0.0003936064,-0.0011665588
ATAC_FGFBP3,1.4125849,-0.023292638,0.8017308,0.64857644,-0.020635482,-0.008703591,0.6392245,2.2677834,-0.02821476,-0.03378276,-0.0018338348,2.3194308,1.3187,1.4833907,-0.0003936064,-0.0011665588
ATAC_FHIT,1.4125849,-0.023292638,0.8017308,0.64857644,-0.020635482,-0.008703591,0.6392245,2.2677834,-0.02821476,-0.03378276,-0.0018338348,2.3194308,1.3187,1.4833907,-0.0003936064,-0.0011665588
ATAC_FIBCD1,1.4125849,-0.023292638,0.8017308,0.64857644,-0.020635482,-0.008703591,0.6392245,2.2677834,-0.02821476,-0.03378276,-0.0018338348,2.3194308,1.3187,1.4833907,-0.0003936064,-0.0011665588
ATAC_FILIP1L,1.3986204,-0.024410153,0.6572975,0.71725965,-0.018219799,-0.010805318,0.7861973,2.1346552,-0.026569314,-0.031696912,-0.00041618748,2.0669963,1.2640514,1.4527777,0.016996197,-0.0031866329
ATAC_FKBP11,1.4125849,-0.023292638,0.8017308,0.64857644,-0.020635482,-0.008703591,0.6392245,2.2677834,-0.02821476,-0.03378276,-0.0018338348,2.3194308,1.3187,1.4833907,-0.0003936064,-0.0011665588
ATAC_FLG-AS1,1.4125849,-0.023292638,0.8017308,0.64857644,-0.020635482,-0.008703591,0.6392245,2.2677834,-0.02821476,-0.03378276,-0.0018338348,2.3194308,1.3187,1.4833907,-0.0003936064,-0.0011665588
ATAC_FLNB,1.4125849,-0.023292638,0.8017308,0.64857644,-0.020635482,-0.008703591,0.6392245,2.2677834,-0.02821476,-0.03378276,-0.0018338348,2.3194308,1.3187,1.4833907,-0.0003936064,-0.0011665588
ATAC_FLNC-AS1,1.4125849,-0.023292638,0.8017308,0.64857644,-0.020635482,-0.008703591,0.6392245,2.2677834,-0.02821476,-0.03378276,-0.0018338348,2.3194308,1.3187,1.4833907,-0.0003936064,-0.0011665588
ATAC_FLT3LG,1.4125849,-0.023292638,0.8017308,0.64857644,-0.020635482,-0.008703591,0.6392245,2.2677834,-0.02821476,-0.03378276,-0.0018338348,2.3194308,1.3187,1.4833907,-0.0003936064,-0.0011665588
ATAC_FLT4,1.2886138,-0.023398282,0.8040318,0.7168919,-0.01999081,-0.008039989,0.60573524,2.2904255,-0.0264793,-0.033872407,-0.00012055656,2.241349,1.1201737,1.327325,0.13501322,-0.00014173068
ATAC_FLYWCH1,1.4137145,-0.02329587,0.8009426,0.6493965,-0.020645084,-0.008709131,0.6389275,2.2688508,-0.02820855,-0.033780575,-0.0018293677,2.320351,1.3191029,1.482799,-0.0003975999,-0.0011733394
ATAC_FMR1-AS1,1.4125849,-0.023292638,0.8017308,0.64857644,-0.020635482,-0.008703591,0.6392245,2.2677834,-0.02821476,-0.03378276,-0.0018338348,2.3194308,1.3187,1.4833907,-0.0003936064,-0.0011665588
ATAC_FOCAD,1.4125849,-0.023292638,0.8017308,0.64857644,-0.020635482,-0.008703591,0.6392245,2.2677834,-0.02821476,-0.03378276,-0.0018338348,2.3194308,1.3187,1.4833907,-0.0003936064,-0.0011665588
ATAC_FOXB1,1.4125849,-0.023292638,0.8017308,0.64857644,-0.020635482,-0.008703591,0.6392245,2.2677834,-0.02821476,-0.03378276,-0.0018338348,2.3194308,1.3187,1.4833907,-0.0003936064,-0.0011665588
ATAC_FOXC1,1.4125849,-0.023292638,0.8017308,0.64857644,-0.020635482,-0.008703591,0.6392245,2.2677834,-0.02821476,-0.03378276,-0.0018338348,2.3194308,1.3187,1.4833907,-0.0003936064,-0.0011665588
ATAC_FOXD2,1.4851661,-0.021887273,0.753081,0.65700996,-0.019054705,-0.0077770744,0.5758095,2.155974,-0.027095854,-0.03267291,-0.00041669168,2.2746298,1.1223,1.456558,-0.00073656614,-0.00036958605
ATAC_FOXJ1,1.4257208,-0.020498574,0.7843302,0.8327015,-0.017688166,-0.0056659756,0.40663305,2.18491,-0.024219073,-0.03131682,-0.00043343223,2.081935,1.0538237,1.4636254,-0.0024027827,0.073803805
ATAC_FOXP4-AS1,1.126832,-0.02010549,0.6344025,0.689811,-0.02070656,-0.005213176,0.2975413,1.9111812,-0.030000385,-0.02916305,-0.004811839,2.3534868,1.348174,1.128421,0.09913291,0.055902623
ATAC_FOXRED2,1.4125849,-0.023292638,0.8017308,0.64857644,-0.020635482,-0.008703591,0.6392245,2.2677834,-0.02821476,-0.03378276,-0.0018338348,2.3194308,1.3187,1.4833907,-0.0003936064,-0.0011665588
ATAC_FRG1-DT,1.4125849,-0.023292638,0.8017308,0.64857644,-0.020635482,-0.008703591,0.6392245,2.2677834,-0.02821476,-0.03378276,-0.0018338348,2.3194308,1.3187,1.4833907,-0.0003936064,-0.0011665588
ATAC_FRMD6-AS2,1.341615,-0.023524133,0.81807286,0.63170266,-0.019818472,-0.008723032,0.6229923,2.2128026,-0.028302183,-0.03313144,-0.0025555568,2.2256222,1.367491,1.4789721,-0.001114267,-0.0012814783
ATAC_FXYD1,1.4125849,-0.023292638,0.8017308,0.64857644,-0.020635482,-0.008703591,0.6392245,2.2677834,-0.02821476,-0.03378276,-0.0018338348,2.3194308,1.3187,1.4833907,-0.0003936064,-0.0011665588
ATAC_FZD4-DT,1.4125849,-0.023292638,0.8017308,0.64857644,-0.020635482,-0.008703591,0.6392245,2.2677834,-0.02821476,-0.03378276,-0.0018338348,2.3194308,1.3187,1.4833907,-0.0003936064,-0.0011665588
ATAC_G0S2,1.4125849,-0.023292638,0.8017308,0.64857644,-0.020635482,-0.008703591,0.6392245,2.2677834,-0.02821476,-0.03378276,-0.0018338348,2.3194308,1.3187,1.4833907,-0.0003936064,-0.0011665588
ATAC_GAB2,1.4125849,-0.023292638,0.8017308,0.64857644,-0.020635482,-0.008703591,0.6392245,2.2677834,-0.02821476,-0.03378276,-0.0018338348,2.3194308,1.3187,1.4833907,-0.0003936064,-0.0011665588
ATAC_GABPB2,1.4125849,-0.023292638,0.8017308,0.64857644,-0.020635482,-0.008703591,0.6392245,2.2677834,-0.02821476,-0.03378276,-0.0018338348,2.3194308,1.3187,1.4833907,-0.0003936064,-0.0011665588
ATAC_GADD45A,1.3990097,-0.024409989,0.6565998,0.71784043,-0.018224292,-0.010813156,0.78649265,2.1349409,-0.026574137,-0.031696294,-0.00041077577,2.0664485,1.2636955,1.4521892,0.017155461,-0.0031857484
ATAC_GALM,1.4125849,-0.023292638,0.8017308,0.64857644,-0.020635482,-0.008703591,0.6392245,2.2677834,-0.02821476,-0.03378276,-0.0018338348,2.3194308,1.3187,1.4833907,-0.0003936064,-0.0011665588
ATAC_GALNT12,1.4125849,-0.023292638,0.8017308,0.64857644,-0.020635482,-0.008703591,0.6392245,2.2677834,-0.02821476,-0.03378276,-0.0018338348,2.3194308,1.3187,1.4833907,-0.0003936064,-0.0011665588
ATAC_GALNTL5,1.4125849,-0.023292638,0.8017308,0.64857644,-0.020635482,-0.008703591,0.6392245,2.2677834,-0.02821476,-0.03378276,-0.0018338348,2.3194308,1.3187,1.4833907,-0.0003936064,-0.0011665588
ATAC_GALNTL6,1.4125849,-0.023292638,0.8017308,0.64857644,-0.020635482,-0.008703591,0.6392245,2.2677834,-0.02821476,-0.03378276,-0.0018338348,2.3194308,1.3187,1.4833907,-0.0003936064,-0.0011665588
ATAC_GAS2,1.4125849,-0.023292638,0.8017308,0.64857644,-0.020635482,-0.008703591,0.6392245,2.2677834,-0.02821476,-0.03378276,-0.0018338348,2.3194308,1.3187,1.4833907,-0.0003936064,-0.0011665588
ATAC_GAS8,1.4125849,-0.023292638,0.8017308,0.64857644,-0.020635482,-0.008703591,0.6392245,2.2677834,-0.02821476,-0.03378276,-0.0018338348,2.3194308,1.3187,1.4833907,-0.0003936064,-0.0011665588
ATAC_GASK1A,1.4125849,-0.023292638,0.8017308,0.64857644,-0.020635482,-0.008703591,0.6392245,2.2677834,-0.02821476,-0.03378276,-0.0018338348,2.3194308,1.3187,1.4833907,-0.0003936064,-0.0011665588
ATAC_GATA3,1.4125849,-0.023292638,0.8017308,0.64857644,-0.020635482,-0.008703591,0.6392245,2.2677834,-0.02821476,-0.03378276,-0.0018338348,2.3194308,1.3187,1.4833907,-0.0003936064,-0.0011665588
ATAC_GBP5,1.4125849,-0.023292638,0.8017308,0.64857644,-0.020635482,-0.008703591,0.6392245,2.2677834,-0.02821476,-0.03378276,-0.0018338348,2.3194308,1.3187,1.4833907,-0.0003936064,-0.0011665588
ATAC_GBX1,1.4119844,-0.023287902,0.80332124,0.6481775,-0.020629115,-0.00870526,0.6398365,2.2663727,-0.02821672,-0.03378168,-0.0018367147,2.319522,1.3179728,1.4846097,-0.00038523585,-0.0011680978
ATAC_GCG,1.4125849,-0.023292638,0.8017308,0.64857644,-0.020635482,-0.008703591,0.6392245,2.2677834,-0.02821476,-0.03378276,-0.0018338348,2.3194308,1.3187,1.4833907,-0.0003936064,-0.0011665588
ATAC_GCK,1.4125849,-0.023292638,0.8017308,0.64857644,-0.020635482,-0.008703591,0.6392245,2.2677834,-0.02821476,-0.03378276,-0.0018338348,2.3194308,1.3187,1.4833907,-0.0003936064,-0.0011665588
ATAC_GCNT4,1.4125849,-0.023292638,0.8017308,0.64857644,-0.020635482,-0.008703591,0.6392245,2.2677834,-0.02821476,-0.03378276,-0.0018338348,2.3194308,1.3187,1.4833907,-0.0003936064,-0.0011665588
ATAC_GDF15,1.4124068,-0.02327248,0.79874843,0.6493369,-0.020631136,-0.008673036,0.6366332,2.2652888,-0.028169967,-0.03375177,-0.0018434615,2.3161504,1.3161155,1.4865477,-0.0003547457,-0.0011790764
ATAC_GDPD5,1.4125849,-0.023292638,0.8017308,0.64857644,-0.020635482,-0.008703591,0.6392245,2.2677834,-0.02821476,-0.03378276,-0.0018338348,2.3194308,1.3187,1.4833907,-0.0003936064,-0.0011665588
ATAC_GEM,1.4121956,-0.0232928,0.8024285,0.64799565,-0.020630991,-0.008695753,0.6389291,2.2674978,-0.028209936,-0.033783376,-0.0018392464,2.3199787,1.3190559,1.4839792,-0.00039519905,-0.0011674433
ATAC_GFOD1-AS1,1.3652904,-0.022982465,0.74883455,0.5799632,-0.020713909,-0.0089688385,0.6520258,2.2598364,-0.027539706,-0.03332276,-0.0016806397,2.3615706,1.3598664,1.4768136,-0.00013004898,-0.0010180708
ATAC_GFPT2,1.4125849,-0.023292638,0.8017308,0.64857644,-0.020635482,-0.008703591,0.6392245,2.2677834,-0.02821476,-0.03378276,-0.0018338348,2.3194308,1.3187,1.4833907,-0.0003936064,-0.0011665588
ATAC_GFRA3,1.4125849,-0.023292638,0.8017308,0.64857644,-0.020635482,-0.008703591,0.6392245,2.2677834,-0.02821476,-0.03378276,-0.0018338348,2.3194308,1.3187,1.4833907,-0.0003936064,-0.0011665588
ATAC_GIMAP5,1.4125849,-0.023292638,0.8017308,0.64857644,-0.020635482,-0.008703591,0.6392245,2.2677834,-0.02821476,-0.03378276,-0.0018338348,2.3194308,1.3187,1.4833907,-0.0003936064,-0.0011665588
ATAC_GIPR,1.4105314,-0.02325152,0.7991245,0.64747995,-0.02061072,-0.008690771,0.636172,2.2631497,-0.028197767,-0.033744883,-0.0018489436,2.318945,1.3171363,1.4813086,-0.00036405234,-0.0011508906
ATAC_GJA3,1.4125849,-0.023292638,0.8017308,0.64857644,-0.020635482,-0.008703591,0.6392245,2.2677834,-0.02821476,-0.03378276,-0.0018338348,2.3194308,1.3187,1.4833907,-0.0003936064,-0.0011665588
ATAC_GJC3,1.4125849,-0.023292638,0.8017308,0.64857644,-0.020635482,-0.008703591,0.6392245,2.2677834,-0.02821476,-0.03378276,-0.0018338348,2.3194308,1.3187,1.4833907,-0.0003936064,-0.0011665588
ATAC_GLB1L3,1.4257208,-0.020498574,0.7843302,0.8327015,-0.017688166,-0.0056659756,0.40663305,2.18491,-0.024219073,-0.03131682,-0.00043343223,2.081935,1.0538237,1.4636254,-0.0024027827,0.073803805
ATAC_GLI4,1.4848722,-0.021887915,0.75252235,0.6572543,-0.01905726,-0.007781316,0.5756423,2.1572971,-0.027092801,-0.03268414,-0.00041093177,2.2740304,1.1220263,1.4568973,-0.00074900565,-0.00036190182
ATAC_GLIPR1L2,1.4125849,-0.023292638,0.8017308,0.64857644,-0.020635482,-0.008703591,0.6392245,2.2677834,-0.02821476,-0.03378276,-0.0018338348,2.3194308,1.3187,1.4833907,-0.0003936064,-0.0011665588
ATAC_GNAL,1.4689817,-0.023641355,0.8653239,0.62186706,-0.019994741,-0.008188886,0.6042081,2.1962237,-0.027275238,-0.034094058,-0.0014807768,2.3370345,1.3937435,1.4784871,-0.0010179308,-0.00110205
ATAC_GNAS-AS1,1.492775,-0.023186313,0.95870185,0.5833332,-0.01813574,-0.010468844,0.6704174,2.3450425,-0.026279798,-0.033630207,-0.000938206,2.2868438,1.2921569,1.4577509,0.14635035,-0.002894342
ATAC_GNG11,1.4125849,-0.023292638,0.8017308,0.64857644,-0.020635482,-0.008703591,0.6392245,2.2677834,-0.02821476,-0.03378276,-0.0018338348,2.3194308,1.3187,1.4833907,-0.0003936064,-0.0011665588
ATAC_GNG3,1.4125849,-0.023292638,0.8017308,0.64857644,-0.020635482,-0.008703591,0.6392245,2.2677834,-0.02821476,-0.03378276,-0.0018338348,2.3194308,1.3187,1.4833907,-0.0003936064,-0.0011665588
ATAC_GNG7,1.4125849,-0.023292638,0.8017308,0.64857644,-0.020635482,-0.008703591,0.6392245,2.2677834,-0.02821476,-0.03378276,-0.0018338348,2.3194308,1.3187,1.4833907,-0.0003936064,-0.0011665588
ATAC_GNMT,1.4125849,-0.023292638,0.8017308,0.64857644,-0.020635482,-0.008703591,0.6392245,2.2677834,-0.02821476,-0.03378276,-0.0018338348,2.3194308,1.3187,1.4833907,-0.0003936064,-0.0011665588
ATAC_GOLGA8A,1.4125849,-0.023292638,0.8017308,0.64857644,-0.020635482,-0.008703591,0.6392245,2.2677834,-0.02821476,-0.03378276,-0.0018338348,2.3194308,1.3187,1.4833907,-0.0003936064,-0.0011665588
ATAC_GOLGA8B,1.4125849,-0.023292638,0.8017308,0.64857644,-0.020635482,-0.008703591,0.6392245,2.2677834,-0.02821476,-0.03378276,-0.0018338348,2.3194308,1.3187,1.4833907,-0.0003936064,-0.0011665588
ATAC_GORAB-AS1,1.4125849,-0.023292638,0.8017308,0.64857644,-0.020635482,-0.008703591,0.6392245,2.2677834,-0.02821476,-0.03378276,-0.0018338348,2.3194308,1.3187,1.4833907,-0.0003936064,-0.0011665588
ATAC_GP1BB,1.4127346,-0.023292562,0.8026385,0.64761823,-0.020632455,-0.008697822,0.6380586,2.2673407,-0.028206052,-0.03379725,-0.0018370403,2.3197758,1.3196402,1.4823432,-0.00040205597,-0.0011777007
ATAC_GP5,1.3321224,-0.023294413,0.735883,0.6972524,-0.020130107,-0.008047949,0.6280316,2.1828496,-0.028478064,-0.034258723,-0.002596739,2.301553,1.340568,1.3898956,-0.00060153723,-0.0017894763
ATAC_GPHN,1.4125849,-0.023292638,0.8017308,0.64857644,-0.020635482,-0.008703591,0.6392245,2.2677834,-0.02821476,-0.03378276,-0.0018338348,2.3194308,1.3187,1.4833907,-0.0003936064,-0.0011665588
ATAC_GPM6A,1.4125849,-0.023292638,0.8017308,0.64857644,-0.020635482,-0.008703591,0.6392245,2.2677834,-0.02821476,-0.03378276,-0.0018338348,2.3194308,1.3187,1.4833907,-0.0003936064,-0.0011665588
ATAC_GPR17,1.4125849,-0.023292638,0.8017308,0.64857644,-0.020635482,-0.008703591,0.6392245,2.2677834,-0.02821476,-0.03378276,-0.0018338348,2.3194308,1.3187,1.4833907,-0.0003936064,-0.0011665588
ATAC_GPR171,1.4125849,-0.023292638,0.8017308,0.64857644,-0.020635482,-0.008703591,0.6392245,2.2677834,-0.02821476,-0.03378276,-0.0018338348,2.3194308,1.3187,1.4833907,-0.0003936064,-0.0011665588
ATAC_GPR174,1.4125849,-0.023292638,0.8017308,0.64857644,-0.020635482,-0.008703591,0.6392245,2.2677834,-0.02821476,-0.03378276,-0.0018338348,2.3194308,1.3187,1.4833907,-0.0003936064,-0.0011665588
ATAC_GPR63,1.4125849,-0.023292638,0.8017308,0.64857644,-0.020635482,-0.008703591,0.6392245,2.2677834,-0.02821476,-0.03378276,-0.0018338348,2.3194308,1.3187,1.4833907,-0.0003936064,-0.0011665588
ATAC_GPR65,1.4125849,-0.023292638,0.8017308,0.64857644,-0.020635482,-0.008703591,0.6392245,2.2677834,-0.02821476,-0.03378276,-0.0018338348,2.3194308,1.3187,1.4833907,-0.0003936064,-0.0011665588
ATAC_GPR87,1.4125849,-0.023292638,0.8017308,0.64857644,-0.020635482,-0.008703591,0.6392245,2.2677834,-0.02821476,-0.03378276,-0.0018338348,2.3194308,1.3187,1.4833907,-0.0003936064,-0.0011665588
ATAC_GPR88,1.4125849,-0.023292638,0.8017308,0.64857644,-0.020635482,-0.008703591,0.6392245,2.2677834,-0.02821476,-0.03378276,-0.0018338348,2.3194308,1.3187,1.4833907,-0.0003936064,-0.0011665588
ATAC_GPRACR,1.4137145,-0.02329587,0.8009426,0.6493965,-0.020645084,-0.008709131,0.6389275,2.2688508,-0.02820855,-0.033780575,-0.0018293677,2.320351,1.3191029,1.482799,-0.0003975999,-0.0011733394
ATAC_GRAP2,1.4125849,-0.023292638,0.8017308,0.64857644,-0.020635482,-0.008703591,0.6392245,2.2677834,-0.02821476,-0.03378276,-0.0018338348,2.3194308,1.3187,1.4833907,-0.0003936064,-0.0011665588
ATAC_GREM2,1.4125849,-0.023292638,0.8017308,0.64857644,-0.020635482,-0.008703591,0.6392245,2.2677834,-0.02821476,-0.03378276,-0.0018338348,2.3194308,1.3187,1.4833907,-0.0003936064,-0.0011665588
ATAC_GRIA4,1.4124852,-0.023287594,0.8008888,0.64767927,-0.020629339,-0.008697394,0.63905823,2.266973,-0.028219497,-0.03378779,-0.0018381361,2.319236,1.3185261,1.4836047,-0.00039514242,-0.0011609077
ATAC_GRIK4,1.4125849,-0.023292638,0.8017308,0.64857644,-0.020635482,-0.008703591,0.6392245,2.2677834,-0.02821476,-0.03378276,-0.0018338348,2.3194308,1.3187,1.4833907,-0.0003936064,-0.0011665588
ATAC_GSG1,1.4125849,-0.023292638,0.8017308,0.64857644,-0.020635482,-0.008703591,0.6392245,2.2677834,-0.02821476,-0.03378276,-0.0018338348,2.3194308,1.3187,1.4833907,-0.0003936064,-0.0011665588
ATAC_GSTM3,0.84639573,-0.018838307,0.75011086,0.13140972,-0.018431362,-0.010100438,0.6792216,2.0285668,-0.023178607,-0.02809504,-0.0007654804,1.8435819,1.1105574,1.3355336,0.13505079,0.0041726455
ATAC_GTDC1,1.4125849,-0.023292638,0.8017308,0.64857644,-0.020635482,-0.008703591,0.6392245,2.2677834,-0.02821476,-0.03378276,-0.0018338348,2.3194308,1.3187,1.4833907,-0.0003936064,-0.0011665588
ATAC_GTF2H3,1.4125849,-0.023292638,0.8017308,0.64857644,-0.020635482,-0.008703591,0.6392245,2.2677834,-0.02821476,-0.03378276,-0.0018338348,2.3194308,1.3187,1.4833907,-0.0003936064,-0.0011665588
ATAC_GTF3A,1.4125849,-0.023292638,0.8017308,0.64857644,-0.020635482,-0.008703591,0.6392245,2.2677834,-0.02821476,-0.03378276,-0.0018338348,2.3194308,1.3187,1.4833907,-0.0003936064,-0.0011665588
ATAC_GTPBP8,1.4125849,-0.023292638,0.8017308,0.64857644,-0.020635482,-0.008703591,0.6392245,2.2677834,-0.02821476,-0.03378276,-0.0018338348,2.3194308,1.3187,1.4833907,-0.0003936064,-0.0011665588
ATAC_GXYLT2,1.4125849,-0.023292638,0.8017308,0.64857644,-0.020635482,-0.008703591,0.6392245,2.2677834,-0.02821476,-0.03378276,-0.0018338348,2.3194308,1.3187,1.4833907,-0.0003936064,-0.0011665588
ATAC_GYPC,1.4125849,-0.023292638,0.8017308,0.64857644,-0.020635482,-0.008703591,0.6392245,2.2677834,-0.02821476,-0.03378276,-0.0018338348,2.3194308,1.3187,1.4833907,-0.0003936064,-0.0011665588
ATAC_GZMA,1.371523,-0.023149423,0.76118994,0.5021149,-0.021302905,-0.008348783,0.63556135,2.2301831,-0.026870748,-0.03273478,-0.0015983166,2.357658,1.2165691,1.3962382,0.026681513,-5.8287158e-05
ATAC_GZMB,1.2886138,-0.023398282,0.8040318,0.7168919,-0.01999081,-0.008039989,0.60573524,2.2904255,-0.0264793,-0.033872407,-0.00012055656,2.241349,1.1201737,1.327325,0.13501322,-0.00014173068
ATAC_GZMH,1.4125849,-0.023292638,0.8017308,0.64857644,-0.020635482,-0.008703591,0.6392245,2.2677834,-0.02821476,-0.03378276,-0.0018338348,2.3194308,1.3187,1.4833907,-0.0003936064,-0.0011665588
ATAC_GZMK,1.4125849,-0.023292638,0.8017308,0.64857644,-0.020635482,-0.008703591,0.6392245,2.2677834,-0.02821476,-0.03378276,-0.0018338348,2.3194308,1.3187,1.4833907,-0.0003936064,-0.0011665588
ATAC_GZMM,1.4125849,-0.023292638,0.8017308,0.64857644,-0.020635482,-0.008703591,0.6392245,2.2677834,-0.02821476,-0.03378276,-0.0018338348,2.3194308,1.3187,1.4833907,-0.0003936064,-0.0011665588
ATAC_HABP4,1.4125849,-0.023292638,0.8017308,0.64857644,-0.020635482,-0.008703591,0.6392245,2.2677834,-0.02821476,-0.03378276,-0.0018338348,2.3194308,1.3187,1.4833907,-0.0003936064,-0.0011665588
ATAC_HAPLN3,1.4124852,-0.023287594,0.8008888,0.64767927,-0.020629339,-0.008697394,0.63905823,2.266973,-0.028219497,-0.03378779,-0.0018381361,2.319236,1.3185261,1.4836047,-0.00039514242,-0.0011609077
ATAC_HARBI1,1.4012469,-0.023200698,0.8177106,0.66221416,-0.020660646,-0.008795722,0.6483879,2.2673604,-0.028187595,-0.033784505,-0.0018746037,2.2989755,1.2971774,1.4900368,-0.00041457056,-0.0013077301
ATAC_HAS2-AS1,1.4125849,-0.023292638,0.8017308,0.64857644,-0.020635482,-0.008703591,0.6392245,2.2677834,-0.02821476,-0.03378276,-0.0018338348,2.3194308,1.3187,1.4833907,-0.0003936064,-0.0011665588
ATAC_HBQ1,1.4125849,-0.023292638,0.8017308,0.64857644,-0.020635482,-0.008703591,0.6392245,2.2677834,-0.02821476,-0.03378276,-0.0018338348,2.3194308,1.3187,1.4833907,-0.0003936064,-0.0011665588
ATAC_HCG14,1.4125849,-0.023292638,0.8017308,0.64857644,-0.020635482,-0.008703591,0.6392245,2.2677834,-0.02821476,-0.03378276,-0.0018338348,2.3194308,1.3187,1.4833907,-0.0003936064,-0.0011665588
ATAC_HCG25,1.4125849,-0.023292638,0.8017308,0.64857644,-0.020635482,-0.008703591,0.6392245,2.2677834,-0.02821476,-0.03378276,-0.0018338348,2.3194308,1.3187,1.4833907,-0.0003936064,-0.0011665588
ATAC_HCG27,1.4125849,-0.023292638,0.8017308,0.64857644,-0.020635482,-0.008703591,0.6392245,2.2677834,-0.02821476,-0.03378276,-0.0018338348,2.3194308,1.3187,1.4833907,-0.0003936064,-0.0011665588
ATAC_HCP5,1.4125849,-0.023292638,0.8017308,0.64857644,-0.020635482,-0.008703591,0.6392245,2.2677834,-0.02821476,-0.03378276,-0.0018338348,2.3194308,1.3187,1.4833907,-0.0003936064,-0.0011665588
ATAC_HCRT,1.4125849,-0.023292638,0.8017308,0.64857644,-0.020635482,-0.008703591,0.6392245,2.2677834,-0.02821476,-0.03378276,-0.0018338348,2.3194308,1.3187,1.4833907,-0.0003936064,-0.0011665588
ATAC_HDAC11-AS1,1.4125849,-0.023292638,0.8017308,0.64857644,-0.020635482,-0.008703591,0.6392245,2.2677834,-0.02821476,-0.03378276,-0.0018338348,2.3194308,1.3187,1.4833907,-0.0003936064,-0.0011665588
ATAC_HDAC8,1.4125849,-0.023292638,0.8017308,0.64857644,-0.020635482,-0.008703591,0.6392245,2.2677834,-0.02821476,-0.03378276,-0.0018338348,2.3194308,1.3187,1.4833907,-0.0003936064,-0.0011665588
ATAC_HDAC9,1.4125849,-0.023292638,0.8017308,0.64857644,-0.020635482,-0.008703591,0.6392245,2.2677834,-0.02821476,-0.03378276,-0.0018338348,2.3194308,1.3187,1.4833907,-0.0003936064,-0.0011665588
ATAC_HDHD3,1.4125849,-0.023292638,0.8017308,0.64857644,-0.020635482,-0.008703591,0.6392245,2.2677834,-0.02821476,-0.03378276,-0.0018338348,2.3194308,1.3187,1.4833907,-0.0003936064,-0.0011665588
ATAC_HEG1,1.4125849,-0.023292638,0.8017308,0.64857644,-0.020635482,-0.008703591,0.6392245,2.2677834,-0.02821476,-0.03378276,-0.0018338348,2.3194308,1.3187,1.4833907,-0.0003936064,-0.0011665588
ATAC_HELB,1.4125849,-0.023292638,0.8017308,0.64857644,-0.020635482,-0.008703591,0.6392245,2.2677834,-0.02821476,-0.03378276,-0.0018338348,2.3194308,1.3187,1.4833907,-0.0003936064,-0.0011665588
ATAC_HELLS,1.4125849,-0.023292638,0.8017308,0.64857644,-0.020635482,-0.008703591,0.6392245,2.2677834,-0.02821476,-0.03378276,-0.0018338348,2.3194308,1.3187,1.4833907,-0.0003936064,-0.0011665588
ATAC_HEMK1,1.4125849,-0.023292638,0.8017308,0.64857644,-0.020635482,-0.008703591,0.6392245,2.2677834,-0.02821476,-0.03378276,-0.0018338348,2.3194308,1.3187,1.4833907,-0.0003936064,-0.0011665588
ATAC_HERC2,1.4125849,-0.023292638,0.8017308,0.64857644,-0.020635482,-0.008703591,0.6392245,2.2677834,-0.02821476,-0.03378276,-0.0018338348,2.3194308,1.3187,1.4833907,-0.0003936064,-0.0011665588
ATAC_HERC5,1.4105314,-0.02325152,0.7991245,0.64747995,-0.02061072,-0.008690771,0.636172,2.2631497,-0.028197767,-0.033744883,-0.0018489436,2.318945,1.3171363,1.4813086,-0.00036405234,-0.0011508906
ATAC_HERC6,1.4125849,-0.023292638,0.8017308,0.64857644,-0.020635482,-0.008703591,0.6392245,2.2677834,-0.02821476,-0.03378276,-0.0018338348,2.3194308,1.3187,1.4833907,-0.0003936064,-0.0011665588
ATAC_HES2,1.4125849,-0.023292638,0.8017308,0.64857644,-0.020635482,-0.008703591,0.6392245,2.2677834,-0.02821476,-0.03378276,-0.0018338348,2.3194308,1.3187,1.4833907,-0.0003936064,-0.0011665588
ATAC_HES7,1.4125849,-0.023292638,0.8017308,0.64857644,-0.020635482,-0.008703591,0.6392245,2.2677834,-0.02821476,-0.03378276,-0.0018338348,2.3194308,1.3187,1.4833907,-0.0003936064,-0.0011665588
ATAC_HEXIM1,1.4125849,-0.023292638,0.8017308,0.64857644,-0.020635482,-0.008703591,0.6392245,2.2677834,-0.02821476,-0.03378276,-0.0018338348,2.3194308,1.3187,1.4833907,-0.0003936064,-0.0011665588
ATAC_HHAT,1.4125849,-0.023292638,0.8017308,0.64857644,-0.020635482,-0.008703591,0.6392245,2.2677834,-0.02821476,-0.03378276,-0.0018338348,2.3194308,1.3187,1.4833907,-0.0003936064,-0.0011665588
ATAC_HIBADH,1.4123738,-0.02328774,0.80262357,0.6487583,-0.020633606,-0.008713098,0.6401319,2.2666583,-0.028221542,-0.033781063,-0.001831303,2.318974,1.3176168,1.4840212,-0.0003836432,-0.0011672133
ATAC_HIF1A-AS1,1.4125849,-0.023292638,0.8017308,0.64857644,-0.020635482,-0.008703591,0.6392245,2.2677834,-0.02821476,-0.03378276,-0.0018338348,2.3194308,1.3187,1.4833907,-0.0003936064,-0.0011665588
ATAC_HIGD2B,1.4125849,-0.023292638,0.8017308,0.64857644,-0.020635482,-0.008703591,0.6392245,2.2677834,-0.02821476,-0.03378276,-0.0018338348,2.3194308,1.3187,1.4833907,-0.0003936064,-0.0011665588
ATAC_HIP1,1.4125849,-0.023292638,0.8017308,0.64857644,-0.020635482,-0.008703591,0.6392245,2.2677834,-0.02821476,-0.03378276,-0.0018338348,2.3194308,1.3187,1.4833907,-0.0003936064,-0.0011665588
ATAC_HIP1R,1.4125849,-0.023292638,0.8017308,0.64857644,-0.020635482,-0.008703591,0.6392245,2.2677834,-0.02821476,-0.03378276,-0.0018338348,2.3194308,1.3187,1.4833907,-0.0003936064,-0.0011665588
ATAC_HIPK1-AS1,1.4125849,-0.023292638,0.8017308,0.64857644,-0.020635482,-0.008703591,0.6392245,2.2677834,-0.02821476,-0.03378276,-0.0018338348,2.3194308,1.3187,1.4833907,-0.0003936064,-0.0011665588
ATAC_HIVEP3,1.3721014,-0.020222288,0.8290009,0.42491955,-0.020895863,-0.006715822,0.8264154,2.05837,-0.025780298,-0.030049132,-0.0008473828,2.1059058,1.2954988,1.2579331,0.08918674,-0.0007479474
ATAC_HKDC1,1.4125849,-0.023292638,0.8017308,0.64857644,-0.020635482,-0.008703591,0.6392245,2.2677834,-0.02821476,-0.03378276,-0.0018338348,2.3194308,1.3187,1.4833907,-0.0003936064,-0.0011665588
ATAC_HLA-DQA1,1.126832,-0.02010549,0.6344025,0.689811,-0.02070656,-0.005213176,0.2975413,1.9111812,-0.030000385,-0.02916305,-0.004811839,2.3534868,1.348174,1.128421,0.09913291,0.055902623
ATAC_HLA-DQB1,1.4125849,-0.023292638,0.8017308,0.64857644,-0.020635482,-0.008703591,0.6392245,2.2677834,-0.02821476,-0.03378276,-0.0018338348,2.3194308,1.3187,1.4833907,-0.0003936064,-0.0011665588
ATAC_HLCS,1.4125849,-0.023292638,0.8017308,0.64857644,-0.020635482,-0.008703591,0.6392245,2.2677834,-0.02821476,-0.03378276,-0.0018338348,2.3194308,1.3187,1.4833907,-0.0003936064,-0.0011665588
ATAC_HLTF-AS1,1.4125849,-0.023292638,0.8017308,0.64857644,-0.020635482,-0.008703591,0.6392245,2.2677834,-0.02821476,-0.03378276,-0.0018338348,2.3194308,1.3187,1.4833907,-0.0003936064,-0.0011665588
ATAC_HMCES,1.4125849,-0.023292638,0.8017308,0.64857644,-0.020635482,-0.008703591,0.6392245,2.2677834,-0.02821476,-0.03378276,-0.0018338348,2.3194308,1.3187,1.4833907,-0.0003936064,-0.0011665588
ATAC_HMGA1P4,1.4125849,-0.023292638,0.8017308,0.64857644,-0.020635482,-0.008703591,0.6392245,2.2677834,-0.02821476,-0.03378276,-0.0018338348,2.3194308,1.3187,1.4833907,-0.0003936064,-0.0011665588
ATAC_HMOX2,1.4125849,-0.023292638,0.8017308,0.64857644,-0.020635482,-0.008703591,0.6392245,2.2677834,-0.02821476,-0.03378276,-0.0018338348,2.3194308,1.3187,1.4833907,-0.0003936064,-0.0011665588
ATAC_HOMER1,1.4125849,-0.023292638,0.8017308,0.64857644,-0.020635482,-0.008703591,0.6392245,2.2677834,-0.02821476,-0.03378276,-0.0018338348,2.3194308,1.3187,1.4833907,-0.0003936064,-0.0011665588
ATAC_HOOK2,1.4125849,-0.023292638,0.8017308,0.64857644,-0.020635482,-0.008703591,0.6392245,2.2677834,-0.02821476,-0.03378276,-0.0018338348,2.3194308,1.3187,1.4833907,-0.0003936064,-0.0011665588
ATAC_HOPX,1.41103,-0.02327839,0.8014369,0.6470954,-0.020652328,-0.008714188,0.6401549,2.265462,-0.028223475,-0.033767477,-0.0018437773,2.3199003,1.3163702,1.4821539,-0.0004132001,-0.0011554653
ATAC_HOXA13,1.4125849,-0.023292638,0.8017308,0.64857644,-0.020635482,-0.008703591,0.6392245,2.2677834,-0.02821476,-0.03378276,-0.0018338348,2.3194308,1.3187,1.4833907,-0.0003936064,-0.0011665588
ATAC_HOXB-AS1,1.4125849,-0.023292638,0.8017308,0.64857644,-0.020635482,-0.008703591,0.6392245,2.2677834,-0.02821476,-0.03378276,-0.0018338348,2.3194308,1.3187,1.4833907,-0.0003936064,-0.0011665588
ATAC_HOXB-AS3,1.4125849,-0.023292638,0.8017308,0.64857644,-0.020635482,-0.008703591,0.6392245,2.2677834,-0.02821476,-0.03378276,-0.0018338348,2.3194308,1.3187,1.4833907,-0.0003936064,-0.0011665588
ATAC_HOXB9,1.4888421,-0.019520069,0.5995763,0.706227,-0.018661655,-0.007817254,0.48694384,2.0320282,-0.025060697,-0.030242924,0.032263,2.138259,1.4176911,1.3404392,-0.0011982796,0.075745426
ATAC_HOXC12,1.4125849,-0.023292638,0.8017308,0.64857644,-0.020635482,-0.008703591,0.6392245,2.2677834,-0.02821476,-0.03378276,-0.0018338348,2.3194308,1.3187,1.4833907,-0.0003936064,-0.0011665588
ATAC_HOXC4,1.4125849,-0.023292638,0.8017308,0.64857644,-0.020635482,-0.008703591,0.6392245,2.2677834,-0.02821476,-0.03378276,-0.0018338348,2.3194308,1.3187,1.4833907,-0.0003936064,-0.0011665588
ATAC_HPN,1.4104106,-0.023309104,0.79957646,0.64951706,-0.020605762,-0.008712372,0.6379734,2.2672656,-0.028188275,-0.03376633,-0.0018315454,2.3179383,1.3179502,1.4859527,-0.00037308782,-0.001148743
ATAC_HS3ST3B1,1.4888421,-0.019520069,0.5995763,0.706227,-0.018661655,-0.007817254,0.48694384,2.0320282,-0.025060697,-0.030242924,0.032263,2.138259,1.4176911,1.3404392,-0.0011982796,0.075745426
ATAC_HSBP1L1,1.4125849,-0.023292638,0.8017308,0.64857644,-0.020635482,-0.008703591,0.6392245,2.2677834,-0.02821476,-0.03378276,-0.0018338348,2.3194308,1.3187,1.4833907,-0.0003936064,-0.0011665588
ATAC_HSF5,1.4125849,-0.023292638,0.8017308,0.64857644,-0.020635482,-0.008703591,0.6392245,2.2677834,-0.02821476,-0.03378276,-0.0018338348,2.3194308,1.3187,1.4833907,-0.0003936064,-0.0011665588
ATAC_HSH2D,1.2886138,-0.023398282,0.8040318,0.7168919,-0.01999081,-0.008039989,0.60573524,2.2904255,-0.0264793,-0.033872407,-0.00012055656,2.241349,1.1201737,1.327325,0.13501322,-0.00014173068
ATAC_HSPB1,1.4125849,-0.023292638,0.8017308,0.64857644,-0.020635482,-0.008703591,0.6392245,2.2677834,-0.02821476,-0.03378276,-0.0018338348,2.3194308,1.3187,1.4833907,-0.0003936064,-0.0011665588
ATAC_HTR2A,1.4125849,-0.023292638,0.8017308,0.64857644,-0.020635482,-0.008703591,0.6392245,2.2677834,-0.02821476,-0.03378276,-0.0018338348,2.3194308,1.3187,1.4833907,-0.0003936064,-0.0011665588
ATAC_HTRA3,1.4125849,-0.023292638,0.8017308,0.64857644,-0.020635482,-0.008703591,0.6392245,2.2677834,-0.02821476,-0.03378276,-0.0018338348,2.3194308,1.3187,1.4833907,-0.0003936064,-0.0011665588
ATAC_IBA57-DT,1.4125849,-0.023292638,0.8017308,0.64857644,-0.020635482,-0.008703591,0.6392245,2.2677834,-0.02821476,-0.03378276,-0.0018338348,2.3194308,1.3187,1.4833907,-0.0003936064,-0.0011665588
ATAC_ICE1,1.4121956,-0.0232928,0.8024285,0.64799565,-0.020630991,-0.008695753,0.6389291,2.2674978,-0.028209936,-0.033783376,-0.0018392464,2.3199787,1.3190559,1.4839792,-0.00039519905,-0.0011674433
ATAC_ICOS,1.4125849,-0.023292638,0.8017308,0.64857644,-0.020635482,-0.008703591,0.6392245,2.2677834,-0.02821476,-0.03378276,-0.0018338348,2.3194308,1.3187,1.4833907,-0.0003936064,-0.0011665588
ATAC_ID3,1.4125849,-0.023292638,0.8017308,0.64857644,-0.020635482,-0.008703591,0.6392245,2.2677834,-0.02821476,-0.03378276,-0.0018338348,2.3194308,1.3187,1.4833907,-0.0003936064,-0.0011665588
ATAC_IER5L,1.4125849,-0.023292638,0.8017308,0.64857644,-0.020635482,-0.008703591,0.6392245,2.2677834,-0.02821476,-0.03378276,-0.0018338348,2.3194308,1.3187,1.4833907,-0.0003936064,-0.0011665588
ATAC_IFFO2,1.4125849,-0.023292638,0.8017308,0.64857644,-0.020635482,-0.008703591,0.6392245,2.2677834,-0.02821476,-0.03378276,-0.0018338348,2.3194308,1.3187,1.4833907,-0.0003936064,-0.0011665588
ATAC_IFI6,1.4125849,-0.023292638,0.8017308,0.64857644,-0.020635482,-0.008703591,0.6392245,2.2677834,-0.02821476,-0.03378276,-0.0018338348,2.3194308,1.3187,1.4833907,-0.0003936064,-0.0011665588
ATAC_IFIT2,1.4689817,-0.023641355,0.8653239,0.62186706,-0.019994741,-0.008188886,0.6042081,2.1962237,-0.027275238,-0.034094058,-0.0014807768,2.3370345,1.3937435,1.4784871,-0.0010179308,-0.00110205
ATAC_IFNG,1.4125849,-0.023292638,0.8017308,0.64857644,-0.020635482,-0.008703591,0.6392245,2.2677834,-0.02821476,-0.03378276,-0.0018338348,2.3194308,1.3187,1.4833907,-0.0003936064,-0.0011665588
ATAC_IFNG-AS1,1.4125849,-0.023292638,0.8017308,0.64857644,-0.020635482,-0.008703591,0.6392245,2.2677834,-0.02821476,-0.03378276,-0.0018338348,2.3194308,1.3187,1.4833907,-0.0003936064,-0.0011665588
ATAC_IFNL1,1.4125849,-0.023292638,0.8017308,0.64857644,-0.020635482,-0.008703591,0.6392245,2.2677834,-0.02821476,-0.03378276,-0.0018338348,2.3194308,1.3187,1.4833907,-0.0003936064,-0.0011665588
ATAC_IFT122,1.4125849,-0.023292638,0.8017308,0.64857644,-0.020635482,-0.008703591,0.6392245,2.2677834,-0.02821476,-0.03378276,-0.0018338348,2.3194308,1.3187,1.4833907,-0.0003936064,-0.0011665588
ATAC_IFT46,1.3721014,-0.020222288,0.8290009,0.42491955,-0.020895863,-0.006715822,0.8264154,2.05837,-0.025780298,-0.030049132,-0.0008473828,2.1059058,1.2954988,1.2579331,0.08918674,-0.0007479474
ATAC_IFT88,1.4125849,-0.023292638,0.8017308,0.64857644,-0.020635482,-0.008703591,0.6392245,2.2677834,-0.02821476,-0.03378276,-0.0018338348,2.3194308,1.3187,1.4833907,-0.0003936064,-0.0011665588
ATAC_IGHA1,1.4125849,-0.023292638,0.8017308,0.64857644,-0.020635482,-0.008703591,0.6392245,2.2677834,-0.02821476,-0.03378276,-0.0018338348,2.3194308,1.3187,1.4833907,-0.0003936064,-0.0011665588
ATAC_IGHA2,1.4125849,-0.023292638,0.8017308,0.64857644,-0.020635482,-0.008703591,0.6392245,2.2677834,-0.02821476,-0.03378276,-0.0018338348,2.3194308,1.3187,1.4833907,-0.0003936064,-0.0011665588
ATAC_IGHG2,1.4125849,-0.023292638,0.8017308,0.64857644,-0.020635482,-0.008703591,0.6392245,2.2677834,-0.02821476,-0.03378276,-0.0018338348,2.3194308,1.3187,1.4833907,-0.0003936064,-0.0011665588
ATAC_IGHV1-3,1.4125849,-0.023292638,0.8017308,0.64857644,-0.020635482,-0.008703591,0.6392245,2.2677834,-0.02821476,-0.03378276,-0.0018338348,2.3194308,1.3187,1.4833907,-0.0003936064,-0.0011665588
ATAC_IGHV2-70,1.4125849,-0.023292638,0.8017308,0.64857644,-0.020635482,-0.008703591,0.6392245,2.2677834,-0.02821476,-0.03378276,-0.0018338348,2.3194308,1.3187,1.4833907,-0.0003936064,-0.0011665588
ATAC_IGHV3-43,1.4124852,-0.023287594,0.8008888,0.64767927,-0.020629339,-0.008697394,0.63905823,2.266973,-0.028219497,-0.03378779,-0.0018381361,2.319236,1.3185261,1.4836047,-0.00039514242,-0.0011609077
ATAC_IGHV5-51,1.4125849,-0.023292638,0.8017308,0.64857644,-0.020635482,-0.008703591,0.6392245,2.2677834,-0.02821476,-0.03378276,-0.0018338348,2.3194308,1.3187,1.4833907,-0.0003936064,-0.0011665588
ATAC_IGKC,1.4125849,-0.023292638,0.8017308,0.64857644,-0.020635482,-0.008703591,0.6392245,2.2677834,-0.02821476,-0.03378276,-0.0018338348,2.3194308,1.3187,1.4833907,-0.0003936064,-0.0011665588
ATAC_IGLON5,1.4125849,-0.023292638,0.8017308,0.64857644,-0.020635482,-0.008703591,0.6392245,2.2677834,-0.02821476,-0.03378276,-0.0018338348,2.3194308,1.3187,1.4833907,-0.0003936064,-0.0011665588
ATAC_IGLV1-40,1.4125849,-0.023292638,0.8017308,0.64857644,-0.020635482,-0.008703591,0.6392245,2.2677834,-0.02821476,-0.03378276,-0.0018338348,2.3194308,1.3187,1.4833907,-0.0003936064,-0.0011665588
ATAC_IGLV1-44,1.4125849,-0.023292638,0.8017308,0.64857644,-0.020635482,-0.008703591,0.6392245,2.2677834,-0.02821476,-0.03378276,-0.0018338348,2.3194308,1.3187,1.4833907,-0.0003936064,-0.0011665588
ATAC_IGLV1-51,1.4125849,-0.023292638,0.8017308,0.64857644,-0.020635482,-0.008703591,0.6392245,2.2677834,-0.02821476,-0.03378276,-0.0018338348,2.3194308,1.3187,1.4833907,-0.0003936064,-0.0011665588
ATAC_IGLV2-14,1.4125849,-0.023292638,0.8017308,0.64857644,-0.020635482,-0.008703591,0.6392245,2.2677834,-0.02821476,-0.03378276,-0.0018338348,2.3194308,1.3187,1.4833907,-0.0003936064,-0.0011665588
ATAC_IGLV3-10,1.4125849,-0.023292638,0.8017308,0.64857644,-0.020635482,-0.008703591,0.6392245,2.2677834,-0.02821476,-0.03378276,-0.0018338348,2.3194308,1.3187,1.4833907,-0.0003936064,-0.0011665588
ATAC_IGLV3-9,1.4125849,-0.023292638,0.8017308,0.64857644,-0.020635482,-0.008703591,0.6392245,2.2677834,-0.02821476,-0.03378276,-0.0018338348,2.3194308,1.3187,1.4833907,-0.0003936064,-0.0011665588
ATAC_IGLV7-43,1.4125849,-0.023292638,0.8017308,0.64857644,-0.020635482,-0.008703591,0.6392245,2.2677834,-0.02821476,-0.03378276,-0.0018338348,2.3194308,1.3187,1.4833907,-0.0003936064,-0.0011665588
ATAC_IGLV9-49,1.4125849,-0.023292638,0.8017308,0.64857644,-0.020635482,-0.008703591,0.6392245,2.2677834,-0.02821476,-0.03378276,-0.0018338348,2.3194308,1.3187,1.4833907,-0.0003936064,-0.0011665588
ATAC_IGSF21-AS1,1.4125849,-0.023292638,0.8017308,0.64857644,-0.020635482,-0.008703591,0.6392245,2.2677834,-0.02821476,-0.03378276,-0.0018338348,2.3194308,1.3187,1.4833907,-0.0003936064,-0.0011665588
ATAC_IGSF9B,1.371523,-0.023149423,0.76118994,0.5021149,-0.021302905,-0.008348783,0.63556135,2.2301831,-0.026870748,-0.03273478,-0.0015983166,2.357658,1.2165691,1.3962382,0.026681513,-5.8287158e-05
ATAC_IKZF2,1.4125849,-0.023292638,0.8017308,0.64857644,-0.020635482,-0.008703591,0.6392245,2.2677834,-0.02821476,-0.03378276,-0.0018338348,2.3194308,1.3187,1.4833907,-0.0003936064,-0.0011665588
ATAC_IKZF3,1.4125849,-0.023292638,0.8017308,0.64857644,-0.020635482,-0.008703591,0.6392245,2.2677834,-0.02821476,-0.03378276,-0.0018338348,2.3194308,1.3187,1.4833907,-0.0003936064,-0.0011665588
ATAC_IL11,1.4125849,-0.023292638,0.8017308,0.64857644,-0.020635482,-0.008703591,0.6392245,2.2677834,-0.02821476,-0.03378276,-0.0018338348,2.3194308,1.3187,1.4833907,-0.0003936064,-0.0011665588
ATAC_IL11RA,1.4125849,-0.023292638,0.8017308,0.64857644,-0.020635482,-0.008703591,0.6392245,2.2677834,-0.02821476,-0.03378276,-0.0018338348,2.3194308,1.3187,1.4833907,-0.0003936064,-0.0011665588
ATAC_IL12RB2,1.4125849,-0.023292638,0.8017308,0.64857644,-0.020635482,-0.008703591,0.6392245,2.2677834,-0.02821476,-0.03378276,-0.0018338348,2.3194308,1.3187,1.4833907,-0.0003936064,-0.0011665588
ATAC_IL17D,1.4125849,-0.023292638,0.8017308,0.64857644,-0.020635482,-0.008703591,0.6392245,2.2677834,-0.02821476,-0.03378276,-0.0018338348,2.3194308,1.3187,1.4833907,-0.0003936064,-0.0011665588
ATAC_IL18RAP,1.4125849,-0.023292638,0.8017308,0.64857644,-0.020635482,-0.008703591,0.6392245,2.2677834,-0.02821476,-0.03378276,-0.0018338348,2.3194308,1.3187,1.4833907,-0.0003936064,-0.0011665588
ATAC_IL19,1.4125849,-0.023292638,0.8017308,0.64857644,-0.020635482,-0.008703591,0.6392245,2.2677834,-0.02821476,-0.03378276,-0.0018338348,2.3194308,1.3187,1.4833907,-0.0003936064,-0.0011665588
ATAC_IL1B,1.4121956,-0.0232928,0.8024285,0.64799565,-0.020630991,-0.008695753,0.6389291,2.2674978,-0.028209936,-0.033783376,-0.0018392464,2.3199787,1.3190559,1.4839792,-0.00039519905,-0.0011674433
ATAC_IL2,1.4125849,-0.023292638,0.8017308,0.64857644,-0.020635482,-0.008703591,0.6392245,2.2677834,-0.02821476,-0.03378276,-0.0018338348,2.3194308,1.3187,1.4833907,-0.0003936064,-0.0011665588
ATAC_IL21R,1.4125849,-0.023292638,0.8017308,0.64857644,-0.020635482,-0.008703591,0.6392245,2.2677834,-0.02821476,-0.03378276,-0.0018338348,2.3194308,1.3187,1.4833907,-0.0003936064,-0.0011665588
ATAC_IL2RA,1.4125849,-0.023292638,0.8017308,0.64857644,-0.020635482,-0.008703591,0.6392245,2.2677834,-0.02821476,-0.03378276,-0.0018338348,2.3194308,1.3187,1.4833907,-0.0003936064,-0.0011665588
ATAC_IL2RB,1.4125849,-0.023292638,0.8017308,0.64857644,-0.020635482,-0.008703591,0.6392245,2.2677834,-0.02821476,-0.03378276,-0.0018338348,2.3194308,1.3187,1.4833907,-0.0003936064,-0.0011665588
ATAC_IL6,1.4125849,-0.023292638,0.8017308,0.64857644,-0.020635482,-0.008703591,0.6392245,2.2677834,-0.02821476,-0.03378276,-0.0018338348,2.3194308,1.3187,1.4833907,-0.0003936064,-0.0011665588
ATAC_IL6R-AS1,1.492775,-0.023186313,0.95870185,0.5833332,-0.01813574,-0.010468844,0.6704174,2.3450425,-0.026279798,-0.033630207,-0.000938206,2.2868438,1.2921569,1.4577509,0.14635035,-0.002894342
ATAC_ILF3-DT,1.4125849,-0.023292638,0.8017308,0.64857644,-0.020635482,-0.008703591,0.6392245,2.2677834,-0.02821476,-0.03378276,-0.0018338348,2.3194308,1.3187,1.4833907,-0.0003936064,-0.0011665588
ATAC_ING1,1.4125849,-0.023292638,0.8017308,0.64857644,-0.020635482,-0.008703591,0.6392245,2.2677834,-0.02821476,-0.03378276,-0.0018338348,2.3194308,1.3187,1.4833907,-0.0003936064,-0.0011665588
ATAC_INPP5E,1.4125849,-0.023292638,0.8017308,0.64857644,-0.020635482,-0.008703591,0.6392245,2.2677834,-0.02821476,-0.03378276,-0.0018338348,2.3194308,1.3187,1.4833907,-0.0003936064,-0.0011665588
ATAC_INSM2,1.4125849,-0.023292638,0.8017308,0.64857644,-0.020635482,-0.008703591,0.6392245,2.2677834,-0.02821476,-0.03378276,-0.0018338348,2.3194308,1.3187,1.4833907,-0.0003936064,-0.0011665588
ATAC_INTS1,1.4137145,-0.02329587,0.8009426,0.6493965,-0.020645084,-0.008709131,0.6389275,2.2688508,-0.02820855,-0.033780575,-0.0018293677,2.320351,1.3191029,1.482799,-0.0003975999,-0.0011733394
ATAC_INTS11,1.1266539,-0.020085331,0.63142014,0.6905714,-0.020702217,-0.0051826197,0.29494998,1.9086865,-0.029955594,-0.02913206,-0.0048214663,2.3502064,1.3455894,1.131578,0.10301898,0.054650865
ATAC_INTS4,1.4125849,-0.023292638,0.8017308,0.64857644,-0.020635482,-0.008703591,0.6392245,2.2677834,-0.02821476,-0.03378276,-0.0018338348,2.3194308,1.3187,1.4833907,-0.0003936064,-0.0011665588
ATAC_INTS6L-AS1,1.4125849,-0.023292638,0.8017308,0.64857644,-0.020635482,-0.008703591,0.6392245,2.2677834,-0.02821476,-0.03378276,-0.0018338348,2.3194308,1.3187,1.4833907,-0.0003936064,-0.0011665588
ATAC_INVS,1.4125849,-0.023292638,0.8017308,0.64857644,-0.020635482,-0.008703591,0.6392245,2.2677834,-0.02821476,-0.03378276,-0.0018338348,2.3194308,1.3187,1.4833907,-0.0003936064,-0.0011665588
ATAC_IPP,1.4125849,-0.023292638,0.8017308,0.64857644,-0.020635482,-0.008703591,0.6392245,2.2677834,-0.02821476,-0.03378276,-0.0018338348,2.3194308,1.3187,1.4833907,-0.0003936064,-0.0011665588
ATAC_IQCB1,1.4271156,-0.023392387,0.8295836,0.69112873,-0.020968633,-0.009397985,0.6499647,2.2774303,-0.027450422,-0.033606153,-0.0025052973,2.2597353,1.3681476,1.5032365,-0.00049101916,-0.0013785011
ATAC_IQCC,1.4125849,-0.023292638,0.8017308,0.64857644,-0.020635482,-0.008703591,0.6392245,2.2677834,-0.02821476,-0.03378276,-0.0018338348,2.3194308,1.3187,1.4833907,-0.0003936064,-0.0011665588
ATAC_IRGM,1.4125849,-0.023292638,0.8017308,0.64857644,-0.020635482,-0.008703591,0.6392245,2.2677834,-0.02821476,-0.03378276,-0.0018338348,2.3194308,1.3187,1.4833907,-0.0003936064,-0.0011665588
ATAC_ISM1,1.371523,-0.023149423,0.76118994,0.5021149,-0.021302905,-0.008348783,0.63556135,2.2301831,-0.026870748,-0.03273478,-0.0015983166,2.357658,1.2165691,1.3962382,0.026681513,-5.8287158e-05
ATAC_ITGA10,1.4125849,-0.023292638,0.8017308,0.64857644,-0.020635482,-0.008703591,0.6392245,2.2677834,-0.02821476,-0.03378276,-0.0018338348,2.3194308,1.3187,1.4833907,-0.0003936064,-0.0011665588
ATAC_ITGA2B,1.4377275,-0.021577667,0.70053375,0.58768284,-0.019132659,-0.008040792,0.58727765,2.1489072,-0.026409043,-0.032238625,-0.00026094218,2.3165152,1.164133,1.4492726,-0.00049389806,-0.00022455573
ATAC_ITGA6,1.4125849,-0.023292638,0.8017308,0.64857644,-0.020635482,-0.008703591,0.6392245,2.2677834,-0.02821476,-0.03378276,-0.0018338348,2.3194308,1.3187,1.4833907,-0.0003936064,-0.0011665588
ATAC_ITGAD,1.4125849,-0.023292638,0.8017308,0.64857644,-0.020635482,-0.008703591,0.6392245,2.2677834,-0.02821476,-0.03378276,-0.0018338348,2.3194308,1.3187,1.4833907,-0.0003936064,-0.0011665588
ATAC_ITGB1BP2,1.4125849,-0.023292638,0.8017308,0.64857644,-0.020635482,-0.008703591,0.6392245,2.2677834,-0.02821476,-0.03378276,-0.0018338348,2.3194308,1.3187,1.4833907,-0.0003936064,-0.0011665588
ATAC_ITGB2-AS1,1.4125849,-0.023292638,0.8017308,0.64857644,-0.020635482,-0.008703591,0.6392245,2.2677834,-0.02821476,-0.03378276,-0.0018338348,2.3194308,1.3187,1.4833907,-0.0003936064,-0.0011665588
ATAC_ITPR3,1.4125849,-0.023292638,0.8017308,0.64857644,-0.020635482,-0.008703591,0.6392245,2.2677834,-0.02821476,-0.03378276,-0.0018338348,2.3194308,1.3187,1.4833907,-0.0003936064,-0.0011665588
ATAC_ITPRIPL1,1.4125849,-0.023292638,0.8017308,0.64857644,-0.020635482,-0.008703591,0.6392245,2.2677834,-0.02821476,-0.03378276,-0.0018338348,2.3194308,1.3187,1.4833907,-0.0003936064,-0.0011665588
ATAC_JADE2,1.4888421,-0.019520069,0.5995763,0.706227,-0.018661655,-0.007817254,0.48694384,2.0320282,-0.025060697,-0.030242924,0.032263,2.138259,1.4176911,1.3404392,-0.0011982796,0.075745426
ATAC_JAKMIP2,1.4125849,-0.023292638,0.8017308,0.64857644,-0.020635482,-0.008703591,0.6392245,2.2677834,-0.02821476,-0.03378276,-0.0018338348,2.3194308,1.3187,1.4833907,-0.0003936064,-0.0011665588
ATAC_JAM2,1.4128786,-0.023291998,0.8022895,0.6483322,-0.020632925,-0.00869935,0.6393917,2.2664604,-0.02821781,-0.03377153,-0.0018395947,2.3200302,1.3189737,1.4830514,-0.00038116693,-0.001174243
ATAC_JAM3,1.4125849,-0.023292638,0.8017308,0.64857644,-0.020635482,-0.008703591,0.6392245,2.2677834,-0.02821476,-0.03378276,-0.0018338348,2.3194308,1.3187,1.4833907,-0.0003936064,-0.0011665588
ATAC_JAZF1-AS1,1.4858432,-0.023543715,0.7068908,0.55857843,-0.018806776,-0.0072389976,0.6906159,2.0854418,-0.027196279,-0.032130525,-0.002061214,2.150608,1.1790088,1.3634757,-0.0020589253,-0.0013641614
ATAC_JPX,1.4125849,-0.023292638,0.8017308,0.64857644,-0.020635482,-0.008703591,0.6392245,2.2677834,-0.02821476,-0.03378276,-0.0018338348,2.3194308,1.3187,1.4833907,-0.0003936064,-0.0011665588
ATAC_KALRN,0.84639573,-0.018838307,0.75011086,0.13140972,-0.018431362,-0.010100438,0.6792216,2.0285668,-0.023178607,-0.02809504,-0.0007654804,1.8435819,1.1105574,1.3355336,0.13505079,0.0041726455
ATAC_KANK1,1.4127346,-0.023292562,0.8026385,0.64761823,-0.020632455,-0.008697822,0.6380586,2.2673407,-0.028206052,-0.03379725,-0.0018370403,2.3197758,1.3196402,1.4823432,-0.00040205597,-0.0011777007
ATAC_KANK3,1.4125849,-0.023292638,0.8017308,0.64857644,-0.020635482,-0.008703591,0.6392245,2.2677834,-0.02821476,-0.03378276,-0.0018338348,2.3194308,1.3187,1.4833907,-0.0003936064,-0.0011665588
ATAC_KANSL1-AS1,1.4125849,-0.023292638,0.8017308,0.64857644,-0.020635482,-0.008703591,0.6392245,2.2677834,-0.02821476,-0.03378276,-0.0018338348,2.3194308,1.3187,1.4833907,-0.0003936064,-0.0011665588
ATAC_KANTR,1.4125849,-0.023292638,0.8017308,0.64857644,-0.020635482,-0.008703591,0.6392245,2.2677834,-0.02821476,-0.03378276,-0.0018338348,2.3194308,1.3187,1.4833907,-0.0003936064,-0.0011665588
ATAC_KAT2A,1.2886138,-0.023398282,0.8040318,0.7168919,-0.01999081,-0.008039989,0.60573524,2.2904255,-0.0264793,-0.033872407,-0.00012055656,2.241349,1.1201737,1.327325,0.13501322,-0.00014173068
ATAC_KATNBL1,1.4125849,-0.023292638,0.8017308,0.64857644,-0.020635482,-0.008703591,0.6392245,2.2677834,-0.02821476,-0.03378276,-0.0018338348,2.3194308,1.3187,1.4833907,-0.0003936064,-0.0011665588
ATAC_KAZALD1,1.5046868,-0.021733219,0.8811911,0.7689369,-0.01877653,-0.009070712,0.5666421,2.1968246,-0.028077228,-0.031377513,-0.0031115457,2.233477,1.2062994,1.5893044,-0.0007109964,-0.0024455206
ATAC_KCNA3,1.4125849,-0.023292638,0.8017308,0.64857644,-0.020635482,-0.008703591,0.6392245,2.2677834,-0.02821476,-0.03378276,-0.0018338348,2.3194308,1.3187,1.4833907,-0.0003936064,-0.0011665588
ATAC_KCNE2,1.4125849,-0.023292638,0.8017308,0.64857644,-0.020635482,-0.008703591,0.6392245,2.2677834,-0.02821476,-0.03378276,-0.0018338348,2.3194308,1.3187,1.4833907,-0.0003936064,-0.0011665588
ATAC_KCNG1,1.4125849,-0.023292638,0.8017308,0.64857644,-0.020635482,-0.008703591,0.6392245,2.2677834,-0.02821476,-0.03378276,-0.0018338348,2.3194308,1.3187,1.4833907,-0.0003936064,-0.0011665588
ATAC_KCNH6,1.4125849,-0.023292638,0.8017308,0.64857644,-0.020635482,-0.008703591,0.6392245,2.2677834,-0.02821476,-0.03378276,-0.0018338348,2.3194308,1.3187,1.4833907,-0.0003936064,-0.0011665588
ATAC_KCNN1,1.4125849,-0.023292638,0.8017308,0.64857644,-0.020635482,-0.008703591,0.6392245,2.2677834,-0.02821476,-0.03378276,-0.0018338348,2.3194308,1.3187,1.4833907,-0.0003936064,-0.0011665588
ATAC_KDM2B-DT,1.4125849,-0.023292638,0.8017308,0.64857644,-0.020635482,-0.008703591,0.6392245,2.2677834,-0.02821476,-0.03378276,-0.0018338348,2.3194308,1.3187,1.4833907,-0.0003936064,-0.0011665588
ATAC_KHDC1,1.4124068,-0.02327248,0.79874843,0.6493369,-0.020631136,-0.008673036,0.6366332,2.2652888,-0.028169967,-0.03375177,-0.0018434615,2.3161504,1.3161155,1.4865477,-0.0003547457,-0.0011790764
ATAC_KHDRBS2,1.4125849,-0.023292638,0.8017308,0.64857644,-0.020635482,-0.008703591,0.6392245,2.2677834,-0.02821476,-0.03378276,-0.0018338348,2.3194308,1.3187,1.4833907,-0.0003936064,-0.0011665588
ATAC_KIAA0040,1.4858432,-0.023543715,0.7068908,0.55857843,-0.018806776,-0.0072389976,0.6906159,2.0854418,-0.027196279,-0.032130525,-0.002061214,2.150608,1.1790088,1.3634757,-0.0020589253,-0.0013641614
ATAC_KIAA1671,1.4125849,-0.023292638,0.8017308,0.64857644,-0.020635482,-0.008703591,0.6392245,2.2677834,-0.02821476,-0.03378276,-0.0018338348,2.3194308,1.3187,1.4833907,-0.0003936064,-0.0011665588
ATAC_KIF12,1.4125849,-0.023292638,0.8017308,0.64857644,-0.020635482,-0.008703591,0.6392245,2.2677834,-0.02821476,-0.03378276,-0.0018338348,2.3194308,1.3187,1.4833907,-0.0003936064,-0.0011665588
ATAC_KIF21A,1.4125849,-0.023292638,0.8017308,0.64857644,-0.020635482,-0.008703591,0.6392245,2.2677834,-0.02821476,-0.03378276,-0.0018338348,2.3194308,1.3187,1.4833907,-0.0003936064,-0.0011665588
ATAC_KIF21B,1.4125849,-0.023292638,0.8017308,0.64857644,-0.020635482,-0.008703591,0.6392245,2.2677834,-0.02821476,-0.03378276,-0.0018338348,2.3194308,1.3187,1.4833907,-0.0003936064,-0.0011665588
ATAC_KIF2A,1.341615,-0.023524133,0.81807286,0.63170266,-0.019818472,-0.008723032,0.6229923,2.2128026,-0.028302183,-0.03313144,-0.0025555568,2.2256222,1.367491,1.4789721,-0.001114267,-0.0012814783
ATAC_KIF3A,1.4125849,-0.023292638,0.8017308,0.64857644,-0.020635482,-0.008703591,0.6392245,2.2677834,-0.02821476,-0.03378276,-0.0018338348,2.3194308,1.3187,1.4833907,-0.0003936064,-0.0011665588
ATAC_KIF5C,1.4127346,-0.023292562,0.8026385,0.64761823,-0.020632455,-0.008697822,0.6380586,2.2673407,-0.028206052,-0.03379725,-0.0018370403,2.3197758,1.3196402,1.4823432,-0.00040205597,-0.0011777007
ATAC_KIN,1.4012469,-0.023200698,0.8177106,0.66221416,-0.020660646,-0.008795722,0.6483879,2.2673604,-0.028187595,-0.033784505,-0.0018746037,2.2989755,1.2971774,1.4900368,-0.00041457056,-0.0013077301
ATAC_KIR2DL1,1.4125849,-0.023292638,0.8017308,0.64857644,-0.020635482,-0.008703591,0.6392245,2.2677834,-0.02821476,-0.03378276,-0.0018338348,2.3194308,1.3187,1.4833907,-0.0003936064,-0.0011665588
ATAC_KIR2DL4,1.4125849,-0.023292638,0.8017308,0.64857644,-0.020635482,-0.008703591,0.6392245,2.2677834,-0.02821476,-0.03378276,-0.0018338348,2.3194308,1.3187,1.4833907,-0.0003936064,-0.0011665588
ATAC_KIR3DL1,1.4125849,-0.023292638,0.8017308,0.64857644,-0.020635482,-0.008703591,0.6392245,2.2677834,-0.02821476,-0.03378276,-0.0018338348,2.3194308,1.3187,1.4833907,-0.0003936064,-0.0011665588
ATAC_KIR3DL2,1.4125849,-0.023292638,0.8017308,0.64857644,-0.020635482,-0.008703591,0.6392245,2.2677834,-0.02821476,-0.03378276,-0.0018338348,2.3194308,1.3187,1.4833907,-0.0003936064,-0.0011665588
ATAC_KIZ,1.4125849,-0.023292638,0.8017308,0.64857644,-0.020635482,-0.008703591,0.6392245,2.2677834,-0.02821476,-0.03378276,-0.0018338348,2.3194308,1.3187,1.4833907,-0.0003936064,-0.0011665588
ATAC_KLF3-AS1,1.4125849,-0.023292638,0.8017308,0.64857644,-0.020635482,-0.008703591,0.6392245,2.2677834,-0.02821476,-0.03378276,-0.0018338348,2.3194308,1.3187,1.4833907,-0.0003936064,-0.0011665588
ATAC_KLHDC1,1.3990097,-0.024409989,0.6565998,0.71784043,-0.018224292,-0.010813156,0.78649265,2.1349409,-0.026574137,-0.031696294,-0.00041077577,2.0664485,1.2636955,1.4521892,0.017155461,-0.0031857484
ATAC_KLHDC10,1.4125849,-0.023292638,0.8017308,0.64857644,-0.020635482,-0.008703591,0.6392245,2.2677834,-0.02821476,-0.03378276,-0.0018338348,2.3194308,1.3187,1.4833907,-0.0003936064,-0.0011665588
ATAC_KLHDC4,1.4125849,-0.023292638,0.8017308,0.64857644,-0.020635482,-0.008703591,0.6392245,2.2677834,-0.02821476,-0.03378276,-0.0018338348,2.3194308,1.3187,1.4833907,-0.0003936064,-0.0011665588
ATAC_KLHL11,1.41103,-0.02327839,0.8014369,0.6470954,-0.020652328,-0.008714188,0.6401549,2.265462,-0.028223475,-0.033767477,-0.0018437773,2.3199003,1.3163702,1.4821539,-0.0004132001,-0.0011554653
ATAC_KLHL29,1.492775,-0.023186313,0.95870185,0.5833332,-0.01813574,-0.010468844,0.6704174,2.3450425,-0.026279798,-0.033630207,-0.000938206,2.2868438,1.2921569,1.4577509,0.14635035,-0.002894342
ATAC_KLHL32,1.4125849,-0.023292638,0.8017308,0.64857644,-0.020635482,-0.008703591,0.6392245,2.2677834,-0.02821476,-0.03378276,-0.0018338348,2.3194308,1.3187,1.4833907,-0.0003936064,-0.0011665588
ATAC_KLRB1,1.4125849,-0.023292638,0.8017308,0.64857644,-0.020635482,-0.008703591,0.6392245,2.2677834,-0.02821476,-0.03378276,-0.0018338348,2.3194308,1.3187,1.4833907,-0.0003936064,-0.0011665588
ATAC_KLRC1,1.4125849,-0.023292638,0.8017308,0.64857644,-0.020635482,-0.008703591,0.6392245,2.2677834,-0.02821476,-0.03378276,-0.0018338348,2.3194308,1.3187,1.4833907,-0.0003936064,-0.0011665588
ATAC_KLRF1,1.2886138,-0.023398282,0.8040318,0.7168919,-0.01999081,-0.008039989,0.60573524,2.2904255,-0.0264793,-0.033872407,-0.00012055656,2.241349,1.1201737,1.327325,0.13501322,-0.00014173068
ATAC_KLRG1,1.4888421,-0.019520069,0.5995763,0.706227,-0.018661655,-0.007817254,0.48694384,2.0320282,-0.025060697,-0.030242924,0.032263,2.138259,1.4176911,1.3404392,-0.0011982796,0.075745426
ATAC_KLRK1,1.4125849,-0.023292638,0.8017308,0.64857644,-0.020635482,-0.008703591,0.6392245,2.2677834,-0.02821476,-0.03378276,-0.0018338348,2.3194308,1.3187,1.4833907,-0.0003936064,-0.0011665588
ATAC_KNOP1,1.4125849,-0.023292638,0.8017308,0.64857644,-0.020635482,-0.008703591,0.6392245,2.2677834,-0.02821476,-0.03378276,-0.0018338348,2.3194308,1.3187,1.4833907,-0.0003936064,-0.0011665588
ATAC_KPNA2,1.4125849,-0.023292638,0.8017308,0.64857644,-0.020635482,-0.008703591,0.6392245,2.2677834,-0.02821476,-0.03378276,-0.0018338348,2.3194308,1.3187,1.4833907,-0.0003936064,-0.0011665588
ATAC_KPNA5,1.3652904,-0.022982465,0.74883455,0.5799632,-0.020713909,-0.0089688385,0.6520258,2.2598364,-0.027539706,-0.03332276,-0.0016806397,2.3615706,1.3598664,1.4768136,-0.00013004898,-0.0010180708
ATAC_KRBA2,1.4125849,-0.023292638,0.8017308,0.64857644,-0.020635482,-0.008703591,0.6392245,2.2677834,-0.02821476,-0.03378276,-0.0018338348,2.3194308,1.3187,1.4833907,-0.0003936064,-0.0011665588
ATAC_KRI1,1.4125849,-0.023292638,0.8017308,0.64857644,-0.020635482,-0.008703591,0.6392245,2.2677834,-0.02821476,-0.03378276,-0.0018338348,2.3194308,1.3187,1.4833907,-0.0003936064,-0.0011665588
ATAC_KRT33A,1.4125849,-0.023292638,0.8017308,0.64857644,-0.020635482,-0.008703591,0.6392245,2.2677834,-0.02821476,-0.03378276,-0.0018338348,2.3194308,1.3187,1.4833907,-0.0003936064,-0.0011665588
ATAC_KRT73-AS1,1.3946742,-0.022655874,0.6661938,0.64601344,-0.019384641,-0.008034056,0.6784773,2.2764227,-0.027240228,-0.03443405,-0.0026611283,2.1614032,1.1651657,1.4507954,-0.0009890946,-0.0018357891
ATAC_KRT74,1.4125849,-0.023292638,0.8017308,0.64857644,-0.020635482,-0.008703591,0.6392245,2.2677834,-0.02821476,-0.03378276,-0.0018338348,2.3194308,1.3187,1.4833907,-0.0003936064,-0.0011665588
ATAC_KRT80,1.4125849,-0.023292638,0.8017308,0.64857644,-0.020635482,-0.008703591,0.6392245,2.2677834,-0.02821476,-0.03378276,-0.0018338348,2.3194308,1.3187,1.4833907,-0.0003936064,-0.0011665588
ATAC_KRTDAP,1.4125849,-0.023292638,0.8017308,0.64857644,-0.020635482,-0.008703591,0.6392245,2.2677834,-0.02821476,-0.03378276,-0.0018338348,2.3194308,1.3187,1.4833907,-0.0003936064,-0.0011665588
ATAC_L2HGDH,1.4125849,-0.023292638,0.8017308,0.64857644,-0.020635482,-0.008703591,0.6392245,2.2677834,-0.02821476,-0.03378276,-0.0018338348,2.3194308,1.3187,1.4833907,-0.0003936064,-0.0011665588
ATAC_LAG3,1.4125849,-0.023292638,0.8017308,0.64857644,-0.020635482,-0.008703591,0.6392245,2.2677834,-0.02821476,-0.03378276,-0.0018338348,2.3194308,1.3187,1.4833907,-0.0003936064,-0.0011665588
ATAC_LAIR2,1.4271156,-0.023392387,0.8295836,0.69112873,-0.020968633,-0.009397985,0.6499647,2.2774303,-0.027450422,-0.033606153,-0.0025052973,2.2597353,1.3681476,1.5032365,-0.00049101916,-0.0013785011
ATAC_LAMA3,1.4125849,-0.023292638,0.8017308,0.64857644,-0.020635482,-0.008703591,0.6392245,2.2677834,-0.02821476,-0.03378276,-0.0018338348,2.3194308,1.3187,1.4833907,-0.0003936064,-0.0011665588
ATAC_LAMP3,1.4125849,-0.023292638,0.8017308,0.64857644,-0.020635482,-0.008703591,0.6392245,2.2677834,-0.02821476,-0.03378276,-0.0018338348,2.3194308,1.3187,1.4833907,-0.0003936064,-0.0011665588
ATAC_LANCL1,1.4125849,-0.023292638,0.8017308,0.64857644,-0.020635482,-0.008703591,0.6392245,2.2677834,-0.02821476,-0.03378276,-0.0018338348,2.3194308,1.3187,1.4833907,-0.0003936064,-0.0011665588
ATAC_LANCL3,1.4125849,-0.023292638,0.8017308,0.64857644,-0.020635482,-0.008703591,0.6392245,2.2677834,-0.02821476,-0.03378276,-0.0018338348,2.3194308,1.3187,1.4833907,-0.0003936064,-0.0011665588
ATAC_LAT,1.4125849,-0.023292638,0.8017308,0.64857644,-0.020635482,-0.008703591,0.6392245,2.2677834,-0.02821476,-0.03378276,-0.0018338348,2.3194308,1.3187,1.4833907,-0.0003936064,-0.0011665588
ATAC_LAX1,1.4125849,-0.023292638,0.8017308,0.64857644,-0.020635482,-0.008703591,0.6392245,2.2677834,-0.02821476,-0.03378276,-0.0018338348,2.3194308,1.3187,1.4833907,-0.0003936064,-0.0011665588
ATAC_LCK,1.4125849,-0.023292638,0.8017308,0.64857644,-0.020635482,-0.008703591,0.6392245,2.2677834,-0.02821476,-0.03378276,-0.0018338348,2.3194308,1.3187,1.4833907,-0.0003936064,-0.0011665588
ATAC_LCLAT1,1.4125849,-0.023292638,0.8017308,0.64857644,-0.020635482,-0.008703591,0.6392245,2.2677834,-0.02821476,-0.03378276,-0.0018338348,2.3194308,1.3187,1.4833907,-0.0003936064,-0.0011665588
ATAC_LDAH,1.3655841,-0.022981824,0.7493932,0.57971895,-0.02071135,-0.008964597,0.652193,2.2585135,-0.027542755,-0.033311527,-0.0016863996,2.36217,1.3601401,1.4764743,-0.000117609496,-0.0010257551
ATAC_LDB2,1.4125849,-0.023292638,0.8017308,0.64857644,-0.020635482,-0.008703591,0.6392245,2.2677834,-0.02821476,-0.03378276,-0.0018338348,2.3194308,1.3187,1.4833907,-0.0003936064,-0.0011665588
ATAC_LDHC,1.4125849,-0.023292638,0.8017308,0.64857644,-0.020635482,-0.008703591,0.6392245,2.2677834,-0.02821476,-0.03378276,-0.0018338348,2.3194308,1.3187,1.4833907,-0.0003936064,-0.0011665588
ATAC_LDLRAP1,1.4125849,-0.023292638,0.8017308,0.64857644,-0.020635482,-0.008703591,0.6392245,2.2677834,-0.02821476,-0.03378276,-0.0018338348,2.3194308,1.3187,1.4833907,-0.0003936064,-0.0011665588
ATAC_LEF1-AS1,1.4125849,-0.023292638,0.8017308,0.64857644,-0.020635482,-0.008703591,0.6392245,2.2677834,-0.02821476,-0.03378276,-0.0018338348,2.3194308,1.3187,1.4833907,-0.0003936064,-0.0011665588
ATAC_LEFTY2,1.4125849,-0.023292638,0.8017308,0.64857644,-0.020635482,-0.008703591,0.6392245,2.2677834,-0.02821476,-0.03378276,-0.0018338348,2.3194308,1.3187,1.4833907,-0.0003936064,-0.0011665588
ATAC_LEMD3,1.4125849,-0.023292638,0.8017308,0.64857644,-0.020635482,-0.008703591,0.6392245,2.2677834,-0.02821476,-0.03378276,-0.0018338348,2.3194308,1.3187,1.4833907,-0.0003936064,-0.0011665588
ATAC_LETM2,1.3990097,-0.024409989,0.6565998,0.71784043,-0.018224292,-0.010813156,0.78649265,2.1349409,-0.026574137,-0.031696294,-0.00041077577,2.0664485,1.2636955,1.4521892,0.017155461,-0.0031857484
ATAC_LEXM,1.371523,-0.023149423,0.76118994,0.5021149,-0.021302905,-0.008348783,0.63556135,2.2301831,-0.026870748,-0.03273478,-0.0015983166,2.357658,1.2165691,1.3962382,0.026681513,-5.8287158e-05
ATAC_LGALS8-AS1,1.4257208,-0.020498574,0.7843302,0.8327015,-0.017688166,-0.0056659756,0.40663305,2.18491,-0.024219073,-0.03131682,-0.00043343223,2.081935,1.0538237,1.4636254,-0.0024027827,0.073803805
ATAC_LGALS9B,1.4125849,-0.023292638,0.8017308,0.64857644,-0.020635482,-0.008703591,0.6392245,2.2677834,-0.02821476,-0.03378276,-0.0018338348,2.3194308,1.3187,1.4833907,-0.0003936064,-0.0011665588
ATAC_LGR6,1.4125849,-0.023292638,0.8017308,0.64857644,-0.020635482,-0.008703591,0.6392245,2.2677834,-0.02821476,-0.03378276,-0.0018338348,2.3194308,1.3187,1.4833907,-0.0003936064,-0.0011665588
ATAC_LHFPL1,1.4125849,-0.023292638,0.8017308,0.64857644,-0.020635482,-0.008703591,0.6392245,2.2677834,-0.02821476,-0.03378276,-0.0018338348,2.3194308,1.3187,1.4833907,-0.0003936064,-0.0011665588
ATAC_LHX1-DT,1.4125849,-0.023292638,0.8017308,0.64857644,-0.020635482,-0.008703591,0.6392245,2.2677834,-0.02821476,-0.03378276,-0.0018338348,2.3194308,1.3187,1.4833907,-0.0003936064,-0.0011665588
ATAC_LIM2,1.4125849,-0.023292638,0.8017308,0.64857644,-0.020635482,-0.008703591,0.6392245,2.2677834,-0.02821476,-0.03378276,-0.0018338348,2.3194308,1.3187,1.4833907,-0.0003936064,-0.0011665588
ATAC_LIMA1,1.4125849,-0.023292638,0.8017308,0.64857644,-0.020635482,-0.008703591,0.6392245,2.2677834,-0.02821476,-0.03378276,-0.0018338348,2.3194308,1.3187,1.4833907,-0.0003936064,-0.0011665588
ATAC_LIME1,1.4125849,-0.023292638,0.8017308,0.64857644,-0.020635482,-0.008703591,0.6392245,2.2677834,-0.02821476,-0.03378276,-0.0018338348,2.3194308,1.3187,1.4833907,-0.0003936064,-0.0011665588
ATAC_LIN7B,1.4121956,-0.0232928,0.8024285,0.64799565,-0.020630991,-0.008695753,0.6389291,2.2674978,-0.028209936,-0.033783376,-0.0018392464,2.3199787,1.3190559,1.4839792,-0.00039519905,-0.0011674433
ATAC_LINC00092,1.4125849,-0.023292638,0.8017308,0.64857644,-0.020635482,-0.008703591,0.6392245,2.2677834,-0.02821476,-0.03378276,-0.0018338348,2.3194308,1.3187,1.4833907,-0.0003936064,-0.0011665588
ATAC_LINC00237,1.4125849,-0.023292638,0.8017308,0.64857644,-0.020635482,-0.008703591,0.6392245,2.2677834,-0.02821476,-0.03378276,-0.0018338348,2.3194308,1.3187,1.4833907,-0.0003936064,-0.0011665588
ATAC_LINC00240,1.4012469,-0.023200698,0.8177106,0.66221416,-0.020660646,-0.008795722,0.6483879,2.2673604,-0.028187595,-0.033784505,-0.0018746037,2.2989755,1.2971774,1.4900368,-0.00041457056,-0.0013077301
ATAC_LINC00243,1.4125849,-0.023292638,0.8017308,0.64857644,-0.020635482,-0.008703591,0.6392245,2.2677834,-0.02821476,-0.03378276,-0.0018338348,2.3194308,1.3187,1.4833907,-0.0003936064,-0.0011665588
ATAC_LINC00299,1.4125849,-0.023292638,0.8017308,0.64857644,-0.020635482,-0.008703591,0.6392245,2.2677834,-0.02821476,-0.03378276,-0.0018338348,2.3194308,1.3187,1.4833907,-0.0003936064,-0.0011665588
ATAC_LINC00323,1.4125849,-0.023292638,0.8017308,0.64857644,-0.020635482,-0.008703591,0.6392245,2.2677834,-0.02821476,-0.03378276,-0.0018338348,2.3194308,1.3187,1.4833907,-0.0003936064,-0.0011665588
ATAC_LINC00390,1.4125849,-0.023292638,0.8017308,0.64857644,-0.020635482,-0.008703591,0.6392245,2.2677834,-0.02821476,-0.03378276,-0.0018338348,2.3194308,1.3187,1.4833907,-0.0003936064,-0.0011665588
ATAC_LINC00402,1.4125849,-0.023292638,0.8017308,0.64857644,-0.020635482,-0.008703591,0.6392245,2.2677834,-0.02821476,-0.03378276,-0.0018338348,2.3194308,1.3187,1.4833907,-0.0003936064,-0.0011665588
ATAC_LINC00461,1.4125849,-0.023292638,0.8017308,0.64857644,-0.020635482,-0.008703591,0.6392245,2.2677834,-0.02821476,-0.03378276,-0.0018338348,2.3194308,1.3187,1.4833907,-0.0003936064,-0.0011665588
ATAC_LINC00469,1.5046585,-0.021712985,0.87911636,0.7687391,-0.018769158,-0.009034386,0.56288487,2.1938872,-0.028023731,-0.03136101,-0.003124378,2.2305417,1.204655,1.591414,-0.0006805855,-0.0024691802
ATAC_LINC00471,1.2886138,-0.023398282,0.8040318,0.7168919,-0.01999081,-0.008039989,0.60573524,2.2904255,-0.0264793,-0.033872407,-0.00012055656,2.241349,1.1201737,1.327325,0.13501322,-0.00014173068
ATAC_LINC00502,1.4125849,-0.023292638,0.8017308,0.64857644,-0.020635482,-0.008703591,0.6392245,2.2677834,-0.02821476,-0.03378276,-0.0018338348,2.3194308,1.3187,1.4833907,-0.0003936064,-0.0011665588
ATAC_LINC00551,1.4125849,-0.023292638,0.8017308,0.64857644,-0.020635482,-0.008703591,0.6392245,2.2677834,-0.02821476,-0.03378276,-0.0018338348,2.3194308,1.3187,1.4833907,-0.0003936064,-0.0011665588
ATAC_LINC00554,1.4125849,-0.023292638,0.8017308,0.64857644,-0.020635482,-0.008703591,0.6392245,2.2677834,-0.02821476,-0.03378276,-0.0018338348,2.3194308,1.3187,1.4833907,-0.0003936064,-0.0011665588
ATAC_LINC00563,1.4125849,-0.023292638,0.8017308,0.64857644,-0.020635482,-0.008703591,0.6392245,2.2677834,-0.02821476,-0.03378276,-0.0018338348,2.3194308,1.3187,1.4833907,-0.0003936064,-0.0011665588
ATAC_LINC00582,1.4125849,-0.023292638,0.8017308,0.64857644,-0.020635482,-0.008703591,0.6392245,2.2677834,-0.02821476,-0.03378276,-0.0018338348,2.3194308,1.3187,1.4833907,-0.0003936064,-0.0011665588
ATAC_LINC00612,1.4125849,-0.023292638,0.8017308,0.64857644,-0.020635482,-0.008703591,0.6392245,2.2677834,-0.02821476,-0.03378276,-0.0018338348,2.3194308,1.3187,1.4833907,-0.0003936064,-0.0011665588
ATAC_LINC00623,1.4125849,-0.023292638,0.8017308,0.64857644,-0.020635482,-0.008703591,0.6392245,2.2677834,-0.02821476,-0.03378276,-0.0018338348,2.3194308,1.3187,1.4833907,-0.0003936064,-0.0011665588
ATAC_LINC00649,1.4125849,-0.023292638,0.8017308,0.64857644,-0.020635482,-0.008703591,0.6392245,2.2677834,-0.02821476,-0.03378276,-0.0018338348,2.3194308,1.3187,1.4833907,-0.0003936064,-0.0011665588
ATAC_LINC00652,1.4125849,-0.023292638,0.8017308,0.64857644,-0.020635482,-0.008703591,0.6392245,2.2677834,-0.02821476,-0.03378276,-0.0018338348,2.3194308,1.3187,1.4833907,-0.0003936064,-0.0011665588
ATAC_LINC00661,1.4125849,-0.023292638,0.8017308,0.64857644,-0.020635482,-0.008703591,0.6392245,2.2677834,-0.02821476,-0.03378276,-0.0018338348,2.3194308,1.3187,1.4833907,-0.0003936064,-0.0011665588
ATAC_LINC00685,1.4848722,-0.021887915,0.75252235,0.6572543,-0.01905726,-0.007781316,0.5756423,2.1572971,-0.027092801,-0.03268414,-0.00041093177,2.2740304,1.1220263,1.4568973,-0.00074900565,-0.00036190182
ATAC_LINC00850,1.4125849,-0.023292638,0.8017308,0.64857644,-0.020635482,-0.008703591,0.6392245,2.2677834,-0.02821476,-0.03378276,-0.0018338348,2.3194308,1.3187,1.4833907,-0.0003936064,-0.0011665588
ATAC_LINC00867,1.4125849,-0.023292638,0.8017308,0.64857644,-0.020635482,-0.008703591,0.6392245,2.2677834,-0.02821476,-0.03378276,-0.0018338348,2.3194308,1.3187,1.4833907,-0.0003936064,-0.0011665588
ATAC_LINC00882,1.4125849,-0.023292638,0.8017308,0.64857644,-0.020635482,-0.008703591,0.6392245,2.2677834,-0.02821476,-0.03378276,-0.0018338348,2.3194308,1.3187,1.4833907,-0.0003936064,-0.0011665588
ATAC_LINC00926,1.4125849,-0.023292638,0.8017308,0.64857644,-0.020635482,-0.008703591,0.6392245,2.2677834,-0.02821476,-0.03378276,-0.0018338348,2.3194308,1.3187,1.4833907,-0.0003936064,-0.0011665588
ATAC_LINC00944,1.4125849,-0.023292638,0.8017308,0.64857644,-0.020635482,-0.008703591,0.6392245,2.2677834,-0.02821476,-0.03378276,-0.0018338348,2.3194308,1.3187,1.4833907,-0.0003936064,-0.0011665588
ATAC_LINC00970,1.4125849,-0.023292638,0.8017308,0.64857644,-0.020635482,-0.008703591,0.6392245,2.2677834,-0.02821476,-0.03378276,-0.0018338348,2.3194308,1.3187,1.4833907,-0.0003936064,-0.0011665588
ATAC_LINC01004,1.4125849,-0.023292638,0.8017308,0.64857644,-0.020635482,-0.008703591,0.6392245,2.2677834,-0.02821476,-0.03378276,-0.0018338348,2.3194308,1.3187,1.4833907,-0.0003936064,-0.0011665588
ATAC_LINC01033,0.84639573,-0.018838307,0.75011086,0.13140972,-0.018431362,-0.010100438,0.6792216,2.0285668,-0.023178607,-0.02809504,-0.0007654804,1.8435819,1.1105574,1.3355336,0.13505079,0.0041726455
ATAC_LINC01063,1.4125849,-0.023292638,0.8017308,0.64857644,-0.020635482,-0.008703591,0.6392245,2.2677834,-0.02821476,-0.03378276,-0.0018338348,2.3194308,1.3187,1.4833907,-0.0003936064,-0.0011665588
ATAC_LINC01077,1.486137,-0.023543071,0.7074495,0.5583341,-0.018804219,-0.0072347564,0.6907831,2.0841188,-0.027199328,-0.032119293,-0.0020669736,2.1512074,1.1792825,1.3631364,-0.002046486,-0.0013718456
ATAC_LINC01135,1.4123738,-0.02328774,0.80262357,0.6487583,-0.020633606,-0.008713098,0.6401319,2.2666583,-0.028221542,-0.033781063,-0.001831303,2.318974,1.3176168,1.4840212,-0.0003836432,-0.0011672133
ATAC_LINC01151,1.4689817,-0.023641355,0.8653239,0.62186706,-0.019994741,-0.008188886,0.6042081,2.1962237,-0.027275238,-0.034094058,-0.0014807768,2.3370345,1.3937435,1.4784871,-0.0010179308,-0.00110205
ATAC_LINC01232,1.1812887,-0.023372626,0.8682128,0.45242098,-0.020422827,-0.0074654743,0.6558222,2.0148993,-0.02575761,-0.0312421,-0.003208672,2.1666298,1.2662375,1.4029402,-0.0017618241,-0.002379772
ATAC_LINC01237,1.4125849,-0.023292638,0.8017308,0.64857644,-0.020635482,-0.008703591,0.6392245,2.2677834,-0.02821476,-0.03378276,-0.0018338348,2.3194308,1.3187,1.4833907,-0.0003936064,-0.0011665588
ATAC_LINC01278,1.4125849,-0.023292638,0.8017308,0.64857644,-0.020635482,-0.008703591,0.6392245,2.2677834,-0.02821476,-0.03378276,-0.0018338348,2.3194308,1.3187,1.4833907,-0.0003936064,-0.0011665588
ATAC_LINC01315,1.4125849,-0.023292638,0.8017308,0.64857644,-0.020635482,-0.008703591,0.6392245,2.2677834,-0.02821476,-0.03378276,-0.0018338348,2.3194308,1.3187,1.4833907,-0.0003936064,-0.0011665588
ATAC_LINC01381,1.4125849,-0.023292638,0.8017308,0.64857644,-0.020635482,-0.008703591,0.6392245,2.2677834,-0.02821476,-0.03378276,-0.0018338348,2.3194308,1.3187,1.4833907,-0.0003936064,-0.0011665588
ATAC_LINC01413,1.4125849,-0.023292638,0.8017308,0.64857644,-0.020635482,-0.008703591,0.6392245,2.2677834,-0.02821476,-0.03378276,-0.0018338348,2.3194308,1.3187,1.4833907,-0.0003936064,-0.0011665588
ATAC_LINC01426,1.4125849,-0.023292638,0.8017308,0.64857644,-0.020635482,-0.008703591,0.6392245,2.2677834,-0.02821476,-0.03378276,-0.0018338348,2.3194308,1.3187,1.4833907,-0.0003936064,-0.0011665588
ATAC_LINC01431,1.4125849,-0.023292638,0.8017308,0.64857644,-0.020635482,-0.008703591,0.6392245,2.2677834,-0.02821476,-0.03378276,-0.0018338348,2.3194308,1.3187,1.4833907,-0.0003936064,-0.0011665588
ATAC_LINC01524,1.4137145,-0.02329587,0.8009426,0.6493965,-0.020645084,-0.008709131,0.6389275,2.2688508,-0.02820855,-0.033780575,-0.0018293677,2.320351,1.3191029,1.482799,-0.0003975999,-0.0011733394
ATAC_LINC01550,1.4125849,-0.023292638,0.8017308,0.64857644,-0.020635482,-0.008703591,0.6392245,2.2677834,-0.02821476,-0.03378276,-0.0018338348,2.3194308,1.3187,1.4833907,-0.0003936064,-0.0011665588
ATAC_LINC01585,1.4125849,-0.023292638,0.8017308,0.64857644,-0.020635482,-0.008703591,0.6392245,2.2677834,-0.02821476,-0.03378276,-0.0018338348,2.3194308,1.3187,1.4833907,-0.0003936064,-0.0011665588
ATAC_LINC01588,1.3217359,-0.022944171,0.6154592,0.66477835,-0.019448841,-0.0084981965,0.70191085,2.2964828,-0.026548278,-0.033701003,-0.0027554694,2.1987004,1.209466,1.5094533,-0.00083586003,-0.0019429981
ATAC_LINC01679,0.84639573,-0.018838307,0.75011086,0.13140972,-0.018431362,-0.010100438,0.6792216,2.0285668,-0.023178607,-0.02809504,-0.0007654804,1.8435819,1.1105574,1.3355336,0.13505079,0.0041726455
ATAC_LINC01695,1.4125849,-0.023292638,0.8017308,0.64857644,-0.020635482,-0.008703591,0.6392245,2.2677834,-0.02821476,-0.03378276,-0.0018338348,2.3194308,1.3187,1.4833907,-0.0003936064,-0.0011665588
ATAC_LINC01716,1.4125849,-0.023292638,0.8017308,0.64857644,-0.020635482,-0.008703591,0.6392245,2.2677834,-0.02821476,-0.03378276,-0.0018338348,2.3194308,1.3187,1.4833907,-0.0003936064,-0.0011665588
ATAC_LINC01725,1.4125849,-0.023292638,0.8017308,0.64857644,-0.020635482,-0.008703591,0.6392245,2.2677834,-0.02821476,-0.03378276,-0.0018338348,2.3194308,1.3187,1.4833907,-0.0003936064,-0.0011665588
ATAC_LINC01727,1.4125849,-0.023292638,0.8017308,0.64857644,-0.020635482,-0.008703591,0.6392245,2.2677834,-0.02821476,-0.03378276,-0.0018338348,2.3194308,1.3187,1.4833907,-0.0003936064,-0.0011665588
ATAC_LINC01764,1.4125849,-0.023292638,0.8017308,0.64857644,-0.020635482,-0.008703591,0.6392245,2.2677834,-0.02821476,-0.03378276,-0.0018338348,2.3194308,1.3187,1.4833907,-0.0003936064,-0.0011665588
ATAC_LINC01765,0.84639573,-0.018838307,0.75011086,0.13140972,-0.018431362,-0.010100438,0.6792216,2.0285668,-0.023178607,-0.02809504,-0.0007654804,1.8435819,1.1105574,1.3355336,0.13505079,0.0041726455
ATAC_LINC01775,1.3607634,-0.020130346,0.84498066,0.43855724,-0.020921025,-0.006807952,0.8355788,2.0579474,-0.025753135,-0.030050877,-0.0008881515,2.0854506,1.2739763,1.2645793,0.0870903,-0.0008891183
ATAC_LINC01778,1.4125849,-0.023292638,0.8017308,0.64857644,-0.020635482,-0.008703591,0.6392245,2.2677834,-0.02821476,-0.03378276,-0.0018338348,2.3194308,1.3187,1.4833907,-0.0003936064,-0.0011665588
ATAC_LINC01780,1.4125849,-0.023292638,0.8017308,0.64857644,-0.020635482,-0.008703591,0.6392245,2.2677834,-0.02821476,-0.03378276,-0.0018338348,2.3194308,1.3187,1.4833907,-0.0003936064,-0.0011665588
ATAC_LINC01792,1.4125849,-0.023292638,0.8017308,0.64857644,-0.020635482,-0.008703591,0.6392245,2.2677834,-0.02821476,-0.03378276,-0.0018338348,2.3194308,1.3187,1.4833907,-0.0003936064,-0.0011665588
ATAC_LINC01805,1.4125849,-0.023292638,0.8017308,0.64857644,-0.020635482,-0.008703591,0.6392245,2.2677834,-0.02821476,-0.03378276,-0.0018338348,2.3194308,1.3187,1.4833907,-0.0003936064,-0.0011665588
ATAC_LINC01816,1.4125849,-0.023292638,0.8017308,0.64857644,-0.020635482,-0.008703591,0.6392245,2.2677834,-0.02821476,-0.03378276,-0.0018338348,2.3194308,1.3187,1.4833907,-0.0003936064,-0.0011665588
ATAC_LINC01825,1.4130284,-0.023291921,0.80319715,0.647374,-0.020629896,-0.0086935805,0.6382258,2.2660177,-0.028209103,-0.033786017,-0.0018428002,2.3203752,1.3199139,1.4820039,-0.0003896168,-0.0011853849
ATAC_LINC01829,1.4125849,-0.023292638,0.8017308,0.64857644,-0.020635482,-0.008703591,0.6392245,2.2677834,-0.02821476,-0.03378276,-0.0018338348,2.3194308,1.3187,1.4833907,-0.0003936064,-0.0011665588
ATAC_LINC01841,1.3652904,-0.022982465,0.74883455,0.5799632,-0.020713909,-0.0089688385,0.6520258,2.2598364,-0.027539706,-0.03332276,-0.0016806397,2.3615706,1.3598664,1.4768136,-0.00013004898,-0.0010180708
ATAC_LINC01843,0.84639573,-0.018838307,0.75011086,0.13140972,-0.018431362,-0.010100438,0.6792216,2.0285668,-0.023178607,-0.02809504,-0.0007654804,1.8435819,1.1105574,1.3355336,0.13505079,0.0041726455
ATAC_LINC01857,1.4125849,-0.023292638,0.8017308,0.64857644,-0.020635482,-0.008703591,0.6392245,2.2677834,-0.02821476,-0.03378276,-0.0018338348,2.3194308,1.3187,1.4833907,-0.0003936064,-0.0011665588
ATAC_LINC01865,1.4125849,-0.023292638,0.8017308,0.64857644,-0.020635482,-0.008703591,0.6392245,2.2677834,-0.02821476,-0.03378276,-0.0018338348,2.3194308,1.3187,1.4833907,-0.0003936064,-0.0011665588
ATAC_LINC01870,1.3990097,-0.024409989,0.6565998,0.71784043,-0.018224292,-0.010813156,0.78649265,2.1349409,-0.026574137,-0.031696294,-0.00041077577,2.0664485,1.2636955,1.4521892,0.017155461,-0.0031857484
ATAC_LINC01871,1.4125849,-0.023292638,0.8017308,0.64857644,-0.020635482,-0.008703591,0.6392245,2.2677834,-0.02821476,-0.03378276,-0.0018338348,2.3194308,1.3187,1.4833907,-0.0003936064,-0.0011665588
ATAC_LINC01872,1.4125849,-0.023292638,0.8017308,0.64857644,-0.020635482,-0.008703591,0.6392245,2.2677834,-0.02821476,-0.03378276,-0.0018338348,2.3194308,1.3187,1.4833907,-0.0003936064,-0.0011665588
ATAC_LINC01876,1.4125849,-0.023292638,0.8017308,0.64857644,-0.020635482,-0.008703591,0.6392245,2.2677834,-0.02821476,-0.03378276,-0.0018338348,2.3194308,1.3187,1.4833907,-0.0003936064,-0.0011665588
ATAC_LINC01887,1.4125849,-0.023292638,0.8017308,0.64857644,-0.020635482,-0.008703591,0.6392245,2.2677834,-0.02821476,-0.03378276,-0.0018338348,2.3194308,1.3187,1.4833907,-0.0003936064,-0.0011665588
ATAC_LINC01891,1.3694695,-0.023108304,0.7585836,0.5010184,-0.021278143,-0.008335962,0.6325088,2.2255495,-0.026853757,-0.032696903,-0.0016134254,2.357172,1.2150054,1.3941561,0.02963692,-4.2618885e-05
ATAC_LINC01895,1.4125849,-0.023292638,0.8017308,0.64857644,-0.020635482,-0.008703591,0.6392245,2.2677834,-0.02821476,-0.03378276,-0.0018338348,2.3194308,1.3187,1.4833907,-0.0003936064,-0.0011665588
ATAC_LINC01964,1.4125849,-0.023292638,0.8017308,0.64857644,-0.020635482,-0.008703591,0.6392245,2.2677834,-0.02821476,-0.03378276,-0.0018338348,2.3194308,1.3187,1.4833907,-0.0003936064,-0.0011665588
ATAC_LINC01970,1.4125849,-0.023292638,0.8017308,0.64857644,-0.020635482,-0.008703591,0.6392245,2.2677834,-0.02821476,-0.03378276,-0.0018338348,2.3194308,1.3187,1.4833907,-0.0003936064,-0.0011665588
ATAC_LINC01973,1.4125849,-0.023292638,0.8017308,0.64857644,-0.020635482,-0.008703591,0.6392245,2.2677834,-0.02821476,-0.03378276,-0.0018338348,2.3194308,1.3187,1.4833907,-0.0003936064,-0.0011665588
ATAC_LINC01983,1.4125849,-0.023292638,0.8017308,0.64857644,-0.020635482,-0.008703591,0.6392245,2.2677834,-0.02821476,-0.03378276,-0.0018338348,2.3194308,1.3187,1.4833907,-0.0003936064,-0.0011665588
ATAC_LINC01985,1.4125849,-0.023292638,0.8017308,0.64857644,-0.020635482,-0.008703591,0.6392245,2.2677834,-0.02821476,-0.03378276,-0.0018338348,2.3194308,1.3187,1.4833907,-0.0003936064,-0.0011665588
ATAC_LINC01986,1.4125849,-0.023292638,0.8017308,0.64857644,-0.020635482,-0.008703591,0.6392245,2.2677834,-0.02821476,-0.03378276,-0.0018338348,2.3194308,1.3187,1.4833907,-0.0003936064,-0.0011665588
ATAC_LINC01991,1.4125849,-0.023292638,0.8017308,0.64857644,-0.020635482,-0.008703591,0.6392245,2.2677834,-0.02821476,-0.03378276,-0.0018338348,2.3194308,1.3187,1.4833907,-0.0003936064,-0.0011665588
ATAC_LINC02022,1.4689817,-0.023641355,0.8653239,0.62186706,-0.019994741,-0.008188886,0.6042081,2.1962237,-0.027275238,-0.034094058,-0.0014807768,2.3370345,1.3937435,1.4784871,-0.0010179308,-0.00110205
ATAC_LINC02029,1.4125849,-0.023292638,0.8017308,0.64857644,-0.020635482,-0.008703591,0.6392245,2.2677834,-0.02821476,-0.03378276,-0.0018338348,2.3194308,1.3187,1.4833907,-0.0003936064,-0.0011665588
ATAC_LINC02042,1.4125849,-0.023292638,0.8017308,0.64857644,-0.020635482,-0.008703591,0.6392245,2.2677834,-0.02821476,-0.03378276,-0.0018338348,2.3194308,1.3187,1.4833907,-0.0003936064,-0.0011665588
ATAC_LINC02084,1.4125849,-0.023292638,0.8017308,0.64857644,-0.020635482,-0.008703591,0.6392245,2.2677834,-0.02821476,-0.03378276,-0.0018338348,2.3194308,1.3187,1.4833907,-0.0003936064,-0.0011665588
ATAC_LINC02125,1.4125849,-0.023292638,0.8017308,0.64857644,-0.020635482,-0.008703591,0.6392245,2.2677834,-0.02821476,-0.03378276,-0.0018338348,2.3194308,1.3187,1.4833907,-0.0003936064,-0.0011665588
ATAC_LINC02129,1.4125849,-0.023292638,0.8017308,0.64857644,-0.020635482,-0.008703591,0.6392245,2.2677834,-0.02821476,-0.03378276,-0.0018338348,2.3194308,1.3187,1.4833907,-0.0003936064,-0.0011665588
ATAC_LINC02132,1.4125849,-0.023292638,0.8017308,0.64857644,-0.020635482,-0.008703591,0.6392245,2.2677834,-0.02821476,-0.03378276,-0.0018338348,2.3194308,1.3187,1.4833907,-0.0003936064,-0.0011665588
ATAC_LINC02136,1.36642,-0.022985697,0.74804634,0.58078325,-0.020723509,-0.008974377,0.6517288,2.2609038,-0.027533498,-0.033320572,-0.0016761726,2.3624907,1.3602693,1.4762219,-0.0001340425,-0.0010248515
ATAC_LINC02175,1.4125849,-0.023292638,0.8017308,0.64857644,-0.020635482,-0.008703591,0.6392245,2.2677834,-0.02821476,-0.03378276,-0.0018338348,2.3194308,1.3187,1.4833907,-0.0003936064,-0.0011665588
ATAC_LINC02197,1.4125849,-0.023292638,0.8017308,0.64857644,-0.020635482,-0.008703591,0.6392245,2.2677834,-0.02821476,-0.03378276,-0.0018338348,2.3194308,1.3187,1.4833907,-0.0003936064,-0.0011665588
ATAC_LINC02265,1.4125849,-0.023292638,0.8017308,0.64857644,-0.020635482,-0.008703591,0.6392245,2.2677834,-0.02821476,-0.03378276,-0.0018338348,2.3194308,1.3187,1.4833907,-0.0003936064,-0.0011665588
ATAC_LINC02273,1.3946742,-0.022655874,0.6661938,0.64601344,-0.019384641,-0.008034056,0.6784773,2.2764227,-0.027240228,-0.03443405,-0.0026611283,2.1614032,1.1651657,1.4507954,-0.0009890946,-0.0018357891
ATAC_LINC02288,1.4125849,-0.023292638,0.8017308,0.64857644,-0.020635482,-0.008703591,0.6392245,2.2677834,-0.02821476,-0.03378276,-0.0018338348,2.3194308,1.3187,1.4833907,-0.0003936064,-0.0011665588
ATAC_LINC02299,1.4125849,-0.023292638,0.8017308,0.64857644,-0.020635482,-0.008703591,0.6392245,2.2677834,-0.02821476,-0.03378276,-0.0018338348,2.3194308,1.3187,1.4833907,-0.0003936064,-0.0011665588
ATAC_LINC02320,0.84639573,-0.018838307,0.75011086,0.13140972,-0.018431362,-0.010100438,0.6792216,2.0285668,-0.023178607,-0.02809504,-0.0007654804,1.8435819,1.1105574,1.3355336,0.13505079,0.0041726455
ATAC_LINC02321,1.4125849,-0.023292638,0.8017308,0.64857644,-0.020635482,-0.008703591,0.6392245,2.2677834,-0.02821476,-0.03378276,-0.0018338348,2.3194308,1.3187,1.4833907,-0.0003936064,-0.0011665588
ATAC_LINC02323,1.4125849,-0.023292638,0.8017308,0.64857644,-0.020635482,-0.008703591,0.6392245,2.2677834,-0.02821476,-0.03378276,-0.0018338348,2.3194308,1.3187,1.4833907,-0.0003936064,-0.0011665588
ATAC_LINC02336,1.5046868,-0.021733219,0.8811911,0.7689369,-0.01877653,-0.009070712,0.5666421,2.1968246,-0.028077228,-0.031377513,-0.0031115457,2.233477,1.2062994,1.5893044,-0.0007109964,-0.0024455206
ATAC_LINC02399,1.4125849,-0.023292638,0.8017308,0.64857644,-0.020635482,-0.008703591,0.6392245,2.2677834,-0.02821476,-0.03378276,-0.0018338348,2.3194308,1.3187,1.4833907,-0.0003936064,-0.0011665588
ATAC_LINC02404,1.4125849,-0.023292638,0.8017308,0.64857644,-0.020635482,-0.008703591,0.6392245,2.2677834,-0.02821476,-0.03378276,-0.0018338348,2.3194308,1.3187,1.4833907,-0.0003936064,-0.0011665588
ATAC_LINC02426,1.4125849,-0.023292638,0.8017308,0.64857644,-0.020635482,-0.008703591,0.6392245,2.2677834,-0.02821476,-0.03378276,-0.0018338348,2.3194308,1.3187,1.4833907,-0.0003936064,-0.0011665588
ATAC_LINC02442,1.4104106,-0.023309104,0.79957646,0.64951706,-0.020605762,-0.008712372,0.6379734,2.2672656,-0.028188275,-0.03376633,-0.0018315454,2.3179383,1.3179502,1.4859527,-0.00037308782,-0.001148743
ATAC_LINC02446,1.4124852,-0.023287594,0.8008888,0.64767927,-0.020629339,-0.008697394,0.63905823,2.266973,-0.028219497,-0.03378779,-0.0018381361,2.319236,1.3185261,1.4836047,-0.00039514242,-0.0011609077
ATAC_LINC02447,1.4888421,-0.019520069,0.5995763,0.706227,-0.018661655,-0.007817254,0.48694384,2.0320282,-0.025060697,-0.030242924,0.032263,2.138259,1.4176911,1.3404392,-0.0011982796,0.075745426
ATAC_LINC02452,1.4125849,-0.023292638,0.8017308,0.64857644,-0.020635482,-0.008703591,0.6392245,2.2677834,-0.02821476,-0.03378276,-0.0018338348,2.3194308,1.3187,1.4833907,-0.0003936064,-0.0011665588
ATAC_LINC02455,1.4125849,-0.023292638,0.8017308,0.64857644,-0.020635482,-0.008703591,0.6392245,2.2677834,-0.02821476,-0.03378276,-0.0018338348,2.3194308,1.3187,1.4833907,-0.0003936064,-0.0011665588
ATAC_LINC02520,1.2886138,-0.023398282,0.8040318,0.7168919,-0.01999081,-0.008039989,0.60573524,2.2904255,-0.0264793,-0.033872407,-0.00012055656,2.241349,1.1201737,1.327325,0.13501322,-0.00014173068
ATAC_LINC02558,1.4125849,-0.023292638,0.8017308,0.64857644,-0.020635482,-0.008703591,0.6392245,2.2677834,-0.02821476,-0.03378276,-0.0018338348,2.3194308,1.3187,1.4833907,-0.0003936064,-0.0011665588
ATAC_LINC02561,1.4125849,-0.023292638,0.8017308,0.64857644,-0.020635482,-0.008703591,0.6392245,2.2677834,-0.02821476,-0.03378276,-0.0018338348,2.3194308,1.3187,1.4833907,-0.0003936064,-0.0011665588
ATAC_LINC02569,1.4888421,-0.019520069,0.5995763,0.706227,-0.018661655,-0.007817254,0.48694384,2.0320282,-0.025060697,-0.030242924,0.032263,2.138259,1.4176911,1.3404392,-0.0011982796,0.075745426
ATAC_LINC02580,1.4125849,-0.023292638,0.8017308,0.64857644,-0.020635482,-0.008703591,0.6392245,2.2677834,-0.02821476,-0.03378276,-0.0018338348,2.3194308,1.3187,1.4833907,-0.0003936064,-0.0011665588
ATAC_LINC02685,1.4125849,-0.023292638,0.8017308,0.64857644,-0.020635482,-0.008703591,0.6392245,2.2677834,-0.02821476,-0.03378276,-0.0018338348,2.3194308,1.3187,1.4833907,-0.0003936064,-0.0011665588
ATAC_LINC02694,1.4125849,-0.023292638,0.8017308,0.64857644,-0.020635482,-0.008703591,0.6392245,2.2677834,-0.02821476,-0.03378276,-0.0018338348,2.3194308,1.3187,1.4833907,-0.0003936064,-0.0011665588
ATAC_LINC02695,1.4125849,-0.023292638,0.8017308,0.64857644,-0.020635482,-0.008703591,0.6392245,2.2677834,-0.02821476,-0.03378276,-0.0018338348,2.3194308,1.3187,1.4833907,-0.0003936064,-0.0011665588
ATAC_LINC02696,1.4125849,-0.023292638,0.8017308,0.64857644,-0.020635482,-0.008703591,0.6392245,2.2677834,-0.02821476,-0.03378276,-0.0018338348,2.3194308,1.3187,1.4833907,-0.0003936064,-0.0011665588
ATAC_LINC02725,1.4125849,-0.023292638,0.8017308,0.64857644,-0.020635482,-0.008703591,0.6392245,2.2677834,-0.02821476,-0.03378276,-0.0018338348,2.3194308,1.3187,1.4833907,-0.0003936064,-0.0011665588
ATAC_LINC02730,1.4125849,-0.023292638,0.8017308,0.64857644,-0.020635482,-0.008703591,0.6392245,2.2677834,-0.02821476,-0.03378276,-0.0018338348,2.3194308,1.3187,1.4833907,-0.0003936064,-0.0011665588
ATAC_LINC02761,1.4125849,-0.023292638,0.8017308,0.64857644,-0.020635482,-0.008703591,0.6392245,2.2677834,-0.02821476,-0.03378276,-0.0018338348,2.3194308,1.3187,1.4833907,-0.0003936064,-0.0011665588
ATAC_LINC02768,1.4858432,-0.023543715,0.7068908,0.55857843,-0.018806776,-0.0072389976,0.6906159,2.0854418,-0.027196279,-0.032130525,-0.002061214,2.150608,1.1790088,1.3634757,-0.0020589253,-0.0013641614
ATAC_LINC02774,1.4125849,-0.023292638,0.8017308,0.64857644,-0.020635482,-0.008703591,0.6392245,2.2677834,-0.02821476,-0.03378276,-0.0018338348,2.3194308,1.3187,1.4833907,-0.0003936064,-0.0011665588
ATAC_LINC02828,1.4125849,-0.023292638,0.8017308,0.64857644,-0.020635482,-0.008703591,0.6392245,2.2677834,-0.02821476,-0.03378276,-0.0018338348,2.3194308,1.3187,1.4833907,-0.0003936064,-0.0011665588
ATAC_LINC02851,1.4125849,-0.023292638,0.8017308,0.64857644,-0.020635482,-0.008703591,0.6392245,2.2677834,-0.02821476,-0.03378276,-0.0018338348,2.3194308,1.3187,1.4833907,-0.0003936064,-0.0011665588
ATAC_LINGO2,1.4125849,-0.023292638,0.8017308,0.64857644,-0.020635482,-0.008703591,0.6392245,2.2677834,-0.02821476,-0.03378276,-0.0018338348,2.3194308,1.3187,1.4833907,-0.0003936064,-0.0011665588
ATAC_LINGO4,1.3946742,-0.022655874,0.6661938,0.64601344,-0.019384641,-0.008034056,0.6784773,2.2764227,-0.027240228,-0.03443405,-0.0026611283,2.1614032,1.1651657,1.4507954,-0.0009890946,-0.0018357891
ATAC_LIPC,1.4125849,-0.023292638,0.8017308,0.64857644,-0.020635482,-0.008703591,0.6392245,2.2677834,-0.02821476,-0.03378276,-0.0018338348,2.3194308,1.3187,1.4833907,-0.0003936064,-0.0011665588
ATAC_LIX1-AS1,1.4125849,-0.023292638,0.8017308,0.64857644,-0.020635482,-0.008703591,0.6392245,2.2677834,-0.02821476,-0.03378276,-0.0018338348,2.3194308,1.3187,1.4833907,-0.0003936064,-0.0011665588
ATAC_LLGL2,1.4125849,-0.023292638,0.8017308,0.64857644,-0.020635482,-0.008703591,0.6392245,2.2677834,-0.02821476,-0.03378276,-0.0018338348,2.3194308,1.3187,1.4833907,-0.0003936064,-0.0011665588
ATAC_LMTK3,1.126832,-0.02010549,0.6344025,0.689811,-0.02070656,-0.005213176,0.2975413,1.9111812,-0.030000385,-0.02916305,-0.004811839,2.3534868,1.348174,1.128421,0.09913291,0.055902623
ATAC_LNCTAM34A,1.4271156,-0.023392387,0.8295836,0.69112873,-0.020968633,-0.009397985,0.6499647,2.2774303,-0.027450422,-0.033606153,-0.0025052973,2.2597353,1.3681476,1.5032365,-0.00049101916,-0.0013785011
ATAC_LPAR3,1.4125849,-0.023292638,0.8017308,0.64857644,-0.020635482,-0.008703591,0.6392245,2.2677834,-0.02821476,-0.03378276,-0.0018338348,2.3194308,1.3187,1.4833907,-0.0003936064,-0.0011665588
ATAC_LPGAT1-AS1,1.4125849,-0.023292638,0.8017308,0.64857644,-0.020635482,-0.008703591,0.6392245,2.2677834,-0.02821476,-0.03378276,-0.0018338348,2.3194308,1.3187,1.4833907,-0.0003936064,-0.0011665588
ATAC_LRAT,1.4125849,-0.023292638,0.8017308,0.64857644,-0.020635482,-0.008703591,0.6392245,2.2677834,-0.02821476,-0.03378276,-0.0018338348,2.3194308,1.3187,1.4833907,-0.0003936064,-0.0011665588
ATAC_LRFN2,1.4125849,-0.023292638,0.8017308,0.64857644,-0.020635482,-0.008703591,0.6392245,2.2677834,-0.02821476,-0.03378276,-0.0018338348,2.3194308,1.3187,1.4833907,-0.0003936064,-0.0011665588
ATAC_LRIF1,1.4125849,-0.023292638,0.8017308,0.64857644,-0.020635482,-0.008703591,0.6392245,2.2677834,-0.02821476,-0.03378276,-0.0018338348,2.3194308,1.3187,1.4833907,-0.0003936064,-0.0011665588
ATAC_LRIG1,1.4121956,-0.0232928,0.8024285,0.64799565,-0.020630991,-0.008695753,0.6389291,2.2674978,-0.028209936,-0.033783376,-0.0018392464,2.3199787,1.3190559,1.4839792,-0.00039519905,-0.0011674433
ATAC_LRMDA,1.5046868,-0.021733219,0.8811911,0.7689369,-0.01877653,-0.009070712,0.5666421,2.1968246,-0.028077228,-0.031377513,-0.0031115457,2.233477,1.2062994,1.5893044,-0.0007109964,-0.0024455206
ATAC_LRP1B,1.4137145,-0.02329587,0.8009426,0.6493965,-0.020645084,-0.008709131,0.6389275,2.2688508,-0.02820855,-0.033780575,-0.0018293677,2.320351,1.3191029,1.482799,-0.0003975999,-0.0011733394
ATAC_LRP2,1.2591842,-0.02358271,0.6851485,0.7160172,-0.020194305,-0.008512089,0.6514652,2.2029095,-0.027786115,-0.033525676,-0.0026910799,2.3388503,1.3848683,1.4485534,-0.0004483023,-0.0018966859
ATAC_LRP5,1.4888421,-0.019520069,0.5995763,0.706227,-0.018661655,-0.007817254,0.48694384,2.0320282,-0.025060697,-0.030242924,0.032263,2.138259,1.4176911,1.3404392,-0.0011982796,0.075745426
ATAC_LRP6,1.4125849,-0.023292638,0.8017308,0.64857644,-0.020635482,-0.008703591,0.6392245,2.2677834,-0.02821476,-0.03378276,-0.0018338348,2.3194308,1.3187,1.4833907,-0.0003936064,-0.0011665588
ATAC_LRRC14B,1.4125849,-0.023292638,0.8017308,0.64857644,-0.020635482,-0.008703591,0.6392245,2.2677834,-0.02821476,-0.03378276,-0.0018338348,2.3194308,1.3187,1.4833907,-0.0003936064,-0.0011665588
ATAC_LRRC63,1.4125849,-0.023292638,0.8017308,0.64857644,-0.020635482,-0.008703591,0.6392245,2.2677834,-0.02821476,-0.03378276,-0.0018338348,2.3194308,1.3187,1.4833907,-0.0003936064,-0.0011665588
ATAC_LRRC9,1.4063948,-0.022367306,0.7271749,0.69755614,-0.021067811,-0.0090535795,0.5968012,2.2347817,-0.028394908,-0.034352824,-0.0025593417,2.348007,1.3284153,1.5106052,0.017504789,-0.0009885073
ATAC_LRRCC1,1.4125849,-0.023292638,0.8017308,0.64857644,-0.020635482,-0.008703591,0.6392245,2.2677834,-0.02821476,-0.03378276,-0.0018338348,2.3194308,1.3187,1.4833907,-0.0003936064,-0.0011665588
ATAC_LRRIQ3,1.4125849,-0.023292638,0.8017308,0.64857644,-0.020635482,-0.008703591,0.6392245,2.2677834,-0.02821476,-0.03378276,-0.0018338348,2.3194308,1.3187,1.4833907,-0.0003936064,-0.0011665588
ATAC_LRRN1,1.3990097,-0.024409989,0.6565998,0.71784043,-0.018224292,-0.010813156,0.78649265,2.1349409,-0.026574137,-0.031696294,-0.00041077577,2.0664485,1.2636955,1.4521892,0.017155461,-0.0031857484
ATAC_LRRN3,1.4125849,-0.023292638,0.8017308,0.64857644,-0.020635482,-0.008703591,0.6392245,2.2677834,-0.02821476,-0.03378276,-0.0018338348,2.3194308,1.3187,1.4833907,-0.0003936064,-0.0011665588
ATAC_LRTM1,0.9027926,-0.01918702,0.81370413,0.10470031,-0.01779062,-0.0095857335,0.64420515,1.9570074,-0.022239085,-0.028406333,-0.0004124225,1.8611856,1.1856009,1.33063,0.07261832,0.010623597
ATAC_LSR,1.4123738,-0.02328774,0.80262357,0.6487583,-0.020633606,-0.008713098,0.6401319,2.2666583,-0.028221542,-0.033781063,-0.001831303,2.318974,1.3176168,1.4840212,-0.0003836432,-0.0011672133
ATAC_LTBP1,1.4125849,-0.023292638,0.8017308,0.64857644,-0.020635482,-0.008703591,0.6392245,2.2677834,-0.02821476,-0.03378276,-0.0018338348,2.3194308,1.3187,1.4833907,-0.0003936064,-0.0011665588
ATAC_LTBP3,1.4125849,-0.023292638,0.8017308,0.64857644,-0.020635482,-0.008703591,0.6392245,2.2677834,-0.02821476,-0.03378276,-0.0018338348,2.3194308,1.3187,1.4833907,-0.0003936064,-0.0011665588
ATAC_LTBP4,1.4125849,-0.023292638,0.8017308,0.64857644,-0.020635482,-0.008703591,0.6392245,2.2677834,-0.02821476,-0.03378276,-0.0018338348,2.3194308,1.3187,1.4833907,-0.0003936064,-0.0011665588
ATAC_LURAP1,1.3246715,-0.019133579,0.7109219,0.32819816,-0.021991266,-0.006680444,0.7777376,1.9852735,-0.024571644,-0.029540224,-0.0013469977,2.169429,1.2004988,1.2011522,0.21598035,0.052585863
ATAC_LY6E-DT,1.4125849,-0.023292638,0.8017308,0.64857644,-0.020635482,-0.008703591,0.6392245,2.2677834,-0.02821476,-0.03378276,-0.0018338348,2.3194308,1.3187,1.4833907,-0.0003936064,-0.0011665588
ATAC_LY9,1.4125849,-0.023292638,0.8017308,0.64857644,-0.020635482,-0.008703591,0.6392245,2.2677834,-0.02821476,-0.03378276,-0.0018338348,2.3194308,1.3187,1.4833907,-0.0003936064,-0.0011665588
ATAC_LZTS1,1.4125849,-0.023292638,0.8017308,0.64857644,-0.020635482,-0.008703591,0.6392245,2.2677834,-0.02821476,-0.03378276,-0.0018338348,2.3194308,1.3187,1.4833907,-0.0003936064,-0.0011665588
ATAC_MADCAM1,1.4012469,-0.023200698,0.8177106,0.66221416,-0.020660646,-0.008795722,0.6483879,2.2673604,-0.028187595,-0.033784505,-0.0018746037,2.2989755,1.2971774,1.4900368,-0.00041457056,-0.0013077301
ATAC_MAF,1.5046868,-0.021733219,0.8811911,0.7689369,-0.01877653,-0.009070712,0.5666421,2.1968246,-0.028077228,-0.031377513,-0.0031115457,2.233477,1.2062994,1.5893044,-0.0007109964,-0.0024455206
ATAC_MAFA,1.4013966,-0.023200622,0.81861824,0.66125596,-0.020657618,-0.008789952,0.647222,2.2669177,-0.02817889,-0.033798993,-0.0018778093,2.2993205,1.2981176,1.4889894,-0.00042302042,-0.001318872
ATAC_MAGED1,1.4125849,-0.023292638,0.8017308,0.64857644,-0.020635482,-0.008703591,0.6392245,2.2677834,-0.02821476,-0.03378276,-0.0018338348,2.3194308,1.3187,1.4833907,-0.0003936064,-0.0011665588
ATAC_MAGI3,1.4125849,-0.023292638,0.8017308,0.64857644,-0.020635482,-0.008703591,0.6392245,2.2677834,-0.02821476,-0.03378276,-0.0018338348,2.3194308,1.3187,1.4833907,-0.0003936064,-0.0011665588
ATAC_MAGIX,1.4125849,-0.023292638,0.8017308,0.64857644,-0.020635482,-0.008703591,0.6392245,2.2677834,-0.02821476,-0.03378276,-0.0018338348,2.3194308,1.3187,1.4833907,-0.0003936064,-0.0011665588
ATAC_MAL,1.4125849,-0.023292638,0.8017308,0.64857644,-0.020635482,-0.008703591,0.6392245,2.2677834,-0.02821476,-0.03378276,-0.0018338348,2.3194308,1.3187,1.4833907,-0.0003936064,-0.0011665588
ATAC_MAML3,1.4125849,-0.023292638,0.8017308,0.64857644,-0.020635482,-0.008703591,0.6392245,2.2677834,-0.02821476,-0.03378276,-0.0018338348,2.3194308,1.3187,1.4833907,-0.0003936064,-0.0011665588
ATAC_MAMLD1,1.4125849,-0.023292638,0.8017308,0.64857644,-0.020635482,-0.008703591,0.6392245,2.2677834,-0.02821476,-0.03378276,-0.0018338348,2.3194308,1.3187,1.4833907,-0.0003936064,-0.0011665588
ATAC_MAMSTR,1.4125849,-0.023292638,0.8017308,0.64857644,-0.020635482,-0.008703591,0.6392245,2.2677834,-0.02821476,-0.03378276,-0.0018338348,2.3194308,1.3187,1.4833907,-0.0003936064,-0.0011665588
ATAC_MAN1B1-DT,1.4125849,-0.023292638,0.8017308,0.64857644,-0.020635482,-0.008703591,0.6392245,2.2677834,-0.02821476,-0.03378276,-0.0018338348,2.3194308,1.3187,1.4833907,-0.0003936064,-0.0011665588
ATAC_MAN1C1,1.4125849,-0.023292638,0.8017308,0.64857644,-0.020635482,-0.008703591,0.6392245,2.2677834,-0.02821476,-0.03378276,-0.0018338348,2.3194308,1.3187,1.4833907,-0.0003936064,-0.0011665588
ATAC_MANEAL,1.4063948,-0.022367306,0.7271749,0.69755614,-0.021067811,-0.0090535795,0.5968012,2.2347817,-0.028394908,-0.034352824,-0.0025593417,2.348007,1.3284153,1.5106052,0.017504789,-0.0009885073
ATAC_MAP1LC3A,1.4125849,-0.023292638,0.8017308,0.64857644,-0.020635482,-0.008703591,0.6392245,2.2677834,-0.02821476,-0.03378276,-0.0018338348,2.3194308,1.3187,1.4833907,-0.0003936064,-0.0011665588
ATAC_MAP2K6,1.4125849,-0.023292638,0.8017308,0.64857644,-0.020635482,-0.008703591,0.6392245,2.2677834,-0.02821476,-0.03378276,-0.0018338348,2.3194308,1.3187,1.4833907,-0.0003936064,-0.0011665588
ATAC_MAP3K14,1.4125849,-0.023292638,0.8017308,0.64857644,-0.020635482,-0.008703591,0.6392245,2.2677834,-0.02821476,-0.03378276,-0.0018338348,2.3194308,1.3187,1.4833907,-0.0003936064,-0.0011665588
ATAC_MAP4K1,1.4125849,-0.023292638,0.8017308,0.64857644,-0.020635482,-0.008703591,0.6392245,2.2677834,-0.02821476,-0.03378276,-0.0018338348,2.3194308,1.3187,1.4833907,-0.0003936064,-0.0011665588
ATAC_MAP4K2,1.1810777,-0.023367727,0.8691056,0.45260283,-0.020420952,-0.0074749812,0.6567296,2.0137742,-0.025764393,-0.031240404,-0.0032061404,2.166173,1.2651544,1.4035707,-0.001751861,-0.0023804265
ATAC_MAP4K5,1.4125849,-0.023292638,0.8017308,0.64857644,-0.020635482,-0.008703591,0.6392245,2.2677834,-0.02821476,-0.03378276,-0.0018338348,2.3194308,1.3187,1.4833907,-0.0003936064,-0.0011665588
ATAC_MAP9,1.4125849,-0.023292638,0.8017308,0.64857644,-0.020635482,-0.008703591,0.6392245,2.2677834,-0.02821476,-0.03378276,-0.0018338348,2.3194308,1.3187,1.4833907,-0.0003936064,-0.0011665588
ATAC_MAPK12,1.4125849,-0.023292638,0.8017308,0.64857644,-0.020635482,-0.008703591,0.6392245,2.2677834,-0.02821476,-0.03378276,-0.0018338348,2.3194308,1.3187,1.4833907,-0.0003936064,-0.0011665588
ATAC_MAPK4,1.4125849,-0.023292638,0.8017308,0.64857644,-0.020635482,-0.008703591,0.6392245,2.2677834,-0.02821476,-0.03378276,-0.0018338348,2.3194308,1.3187,1.4833907,-0.0003936064,-0.0011665588
ATAC_MAST1,1.4125849,-0.023292638,0.8017308,0.64857644,-0.020635482,-0.008703591,0.6392245,2.2677834,-0.02821476,-0.03378276,-0.0018338348,2.3194308,1.3187,1.4833907,-0.0003936064,-0.0011665588
ATAC_MAST4,1.4125849,-0.023292638,0.8017308,0.64857644,-0.020635482,-0.008703591,0.6392245,2.2677834,-0.02821476,-0.03378276,-0.0018338348,2.3194308,1.3187,1.4833907,-0.0003936064,-0.0011665588
ATAC_MAST4-AS1,1.4125849,-0.023292638,0.8017308,0.64857644,-0.020635482,-0.008703591,0.6392245,2.2677834,-0.02821476,-0.03378276,-0.0018338348,2.3194308,1.3187,1.4833907,-0.0003936064,-0.0011665588
ATAC_MATK,1.3396465,-0.023580937,0.7509962,0.66734135,-0.020699682,-0.009167733,0.6626581,2.2878432,-0.02752281,-0.03304971,-0.0019281758,2.356728,1.3630004,1.5420486,-0.00024037166,-0.0012737679
ATAC_MATN1,1.4125849,-0.023292638,0.8017308,0.64857644,-0.020635482,-0.008703591,0.6392245,2.2677834,-0.02821476,-0.03378276,-0.0018338348,2.3194308,1.3187,1.4833907,-0.0003936064,-0.0011665588
ATAC_MBNL3,1.4012469,-0.023200698,0.8177106,0.66221416,-0.020660646,-0.008795722,0.6483879,2.2673604,-0.028187595,-0.033784505,-0.0018746037,2.2989755,1.2971774,1.4900368,-0.00041457056,-0.0013077301
ATAC_MC1R,1.4125849,-0.023292638,0.8017308,0.64857644,-0.020635482,-0.008703591,0.6392245,2.2677834,-0.02821476,-0.03378276,-0.0018338348,2.3194308,1.3187,1.4833907,-0.0003936064,-0.0011665588
ATAC_MCF2L,1.3990097,-0.024409989,0.6565998,0.71784043,-0.018224292,-0.010813156,0.78649265,2.1349409,-0.026574137,-0.031696294,-0.00041077577,2.0664485,1.2636955,1.4521892,0.017155461,-0.0031857484
ATAC_MCF2L-AS1,1.4125849,-0.023292638,0.8017308,0.64857644,-0.020635482,-0.008703591,0.6392245,2.2677834,-0.02821476,-0.03378276,-0.0018338348,2.3194308,1.3187,1.4833907,-0.0003936064,-0.0011665588
ATAC_MCM8-AS1,1.4125849,-0.023292638,0.8017308,0.64857644,-0.020635482,-0.008703591,0.6392245,2.2677834,-0.02821476,-0.03378276,-0.0018338348,2.3194308,1.3187,1.4833907,-0.0003936064,-0.0011665588
ATAC_MCOLN2,1.4858432,-0.023543715,0.7068908,0.55857843,-0.018806776,-0.0072389976,0.6906159,2.0854418,-0.027196279,-0.032130525,-0.002061214,2.150608,1.1790088,1.3634757,-0.0020589253,-0.0013641614
ATAC_MCTP1,1.41103,-0.02327839,0.8014369,0.6470954,-0.020652328,-0.008714188,0.6401549,2.265462,-0.028223475,-0.033767477,-0.0018437773,2.3199003,1.3163702,1.4821539,-0.0004132001,-0.0011554653
ATAC_MCTP2,1.4125849,-0.023292638,0.8017308,0.64857644,-0.020635482,-0.008703591,0.6392245,2.2677834,-0.02821476,-0.03378276,-0.0018338348,2.3194308,1.3187,1.4833907,-0.0003936064,-0.0011665588
ATAC_MDFI,1.4257208,-0.020498574,0.7843302,0.8327015,-0.017688166,-0.0056659756,0.40663305,2.18491,-0.024219073,-0.03131682,-0.00043343223,2.081935,1.0538237,1.4636254,-0.0024027827,0.073803805
ATAC_MDH1B,1.3321224,-0.023294413,0.735883,0.6972524,-0.020130107,-0.008047949,0.6280316,2.1828496,-0.028478064,-0.034258723,-0.002596739,2.301553,1.340568,1.3898956,-0.00060153723,-0.0017894763
ATAC_MDP1,1.4125849,-0.023292638,0.8017308,0.64857644,-0.020635482,-0.008703591,0.6392245,2.2677834,-0.02821476,-0.03378276,-0.0018338348,2.3194308,1.3187,1.4833907,-0.0003936064,-0.0011665588
ATAC_MEAK7,1.4125849,-0.023292638,0.8017308,0.64857644,-0.020635482,-0.008703591,0.6392245,2.2677834,-0.02821476,-0.03378276,-0.0018338348,2.3194308,1.3187,1.4833907,-0.0003936064,-0.0011665588
ATAC_MED7,1.41103,-0.02327839,0.8014369,0.6470954,-0.020652328,-0.008714188,0.6401549,2.265462,-0.028223475,-0.033767477,-0.0018437773,2.3199003,1.3163702,1.4821539,-0.0004132001,-0.0011554653
ATAC_MEGF6,1.4125849,-0.023292638,0.8017308,0.64857644,-0.020635482,-0.008703591,0.6392245,2.2677834,-0.02821476,-0.03378276,-0.0018338348,2.3194308,1.3187,1.4833907,-0.0003936064,-0.0011665588
ATAC_MEIG1,0.84639573,-0.018838307,0.75011086,0.13140972,-0.018431362,-0.010100438,0.6792216,2.0285668,-0.023178607,-0.02809504,-0.0007654804,1.8435819,1.1105574,1.3355336,0.13505079,0.0041726455
ATAC_MELK,1.4125849,-0.023292638,0.8017308,0.64857644,-0.020635482,-0.008703591,0.6392245,2.2677834,-0.02821476,-0.03378276,-0.0018338348,2.3194308,1.3187,1.4833907,-0.0003936064,-0.0011665588
ATAC_METTL23,1.492775,-0.023186313,0.95870185,0.5833332,-0.01813574,-0.010468844,0.6704174,2.3450425,-0.026279798,-0.033630207,-0.000938206,2.2868438,1.2921569,1.4577509,0.14635035,-0.002894342
ATAC_MEX3A,1.4125849,-0.023292638,0.8017308,0.64857644,-0.020635482,-0.008703591,0.6392245,2.2677834,-0.02821476,-0.03378276,-0.0018338348,2.3194308,1.3187,1.4833907,-0.0003936064,-0.0011665588
ATAC_MFSD6,1.1812887,-0.023372626,0.8682128,0.45242098,-0.020422827,-0.0074654743,0.6558222,2.0148993,-0.02575761,-0.0312421,-0.003208672,2.1666298,1.2662375,1.4029402,-0.0017618241,-0.002379772
ATAC_MGA,1.4125849,-0.023292638,0.8017308,0.64857644,-0.020635482,-0.008703591,0.6392245,2.2677834,-0.02821476,-0.03378276,-0.0018338348,2.3194308,1.3187,1.4833907,-0.0003936064,-0.0011665588
ATAC_MGAT4A,1.4125849,-0.023292638,0.8017308,0.64857644,-0.020635482,-0.008703591,0.6392245,2.2677834,-0.02821476,-0.03378276,-0.0018338348,2.3194308,1.3187,1.4833907,-0.0003936064,-0.0011665588
ATAC_MGAT5B,1.4104106,-0.023309104,0.79957646,0.64951706,-0.020605762,-0.008712372,0.6379734,2.2672656,-0.028188275,-0.03376633,-0.0018315454,2.3179383,1.3179502,1.4859527,-0.00037308782,-0.001148743
ATAC_MIA2,1.4125849,-0.023292638,0.8017308,0.64857644,-0.020635482,-0.008703591,0.6392245,2.2677834,-0.02821476,-0.03378276,-0.0018338348,2.3194308,1.3187,1.4833907,-0.0003936064,-0.0011665588
ATAC_MIAT,1.3721014,-0.020222288,0.8290009,0.42491955,-0.020895863,-0.006715822,0.8264154,2.05837,-0.025780298,-0.030049132,-0.0008473828,2.1059058,1.2954988,1.2579331,0.08918674,-0.0007479474
ATAC_MIB2,1.4125849,-0.023292638,0.8017308,0.64857644,-0.020635482,-0.008703591,0.6392245,2.2677834,-0.02821476,-0.03378276,-0.0018338348,2.3194308,1.3187,1.4833907,-0.0003936064,-0.0011665588
ATAC_MICAL3,1.4125849,-0.023292638,0.8017308,0.64857644,-0.020635482,-0.008703591,0.6392245,2.2677834,-0.02821476,-0.03378276,-0.0018338348,2.3194308,1.3187,1.4833907,-0.0003936064,-0.0011665588
ATAC_MICU3,1.4125849,-0.023292638,0.8017308,0.64857644,-0.020635482,-0.008703591,0.6392245,2.2677834,-0.02821476,-0.03378276,-0.0018338348,2.3194308,1.3187,1.4833907,-0.0003936064,-0.0011665588
ATAC_MINCR,1.4125849,-0.023292638,0.8017308,0.64857644,-0.020635482,-0.008703591,0.6392245,2.2677834,-0.02821476,-0.03378276,-0.0018338348,2.3194308,1.3187,1.4833907,-0.0003936064,-0.0011665588
ATAC_MINDY4,1.4125849,-0.023292638,0.8017308,0.64857644,-0.020635482,-0.008703591,0.6392245,2.2677834,-0.02821476,-0.03378276,-0.0018338348,2.3194308,1.3187,1.4833907,-0.0003936064,-0.0011665588
ATAC_MINK1,1.4125849,-0.023292638,0.8017308,0.64857644,-0.020635482,-0.008703591,0.6392245,2.2677834,-0.02821476,-0.03378276,-0.0018338348,2.3194308,1.3187,1.4833907,-0.0003936064,-0.0011665588
ATAC_MIR181A2HG,1.4125849,-0.023292638,0.8017308,0.64857644,-0.020635482,-0.008703591,0.6392245,2.2677834,-0.02821476,-0.03378276,-0.0018338348,2.3194308,1.3187,1.4833907,-0.0003936064,-0.0011665588
ATAC_MIR194-2HG,1.4125849,-0.023292638,0.8017308,0.64857644,-0.020635482,-0.008703591,0.6392245,2.2677834,-0.02821476,-0.03378276,-0.0018338348,2.3194308,1.3187,1.4833907,-0.0003936064,-0.0011665588
ATAC_MIR31HG,1.4125849,-0.023292638,0.8017308,0.64857644,-0.020635482,-0.008703591,0.6392245,2.2677834,-0.02821476,-0.03378276,-0.0018338348,2.3194308,1.3187,1.4833907,-0.0003936064,-0.0011665588
ATAC_MIR3663HG,1.3652904,-0.022982465,0.74883455,0.5799632,-0.020713909,-0.0089688385,0.6520258,2.2598364,-0.027539706,-0.03332276,-0.0016806397,2.3615706,1.3598664,1.4768136,-0.00013004898,-0.0010180708
ATAC_MIR3936HG,1.4125849,-0.023292638,0.8017308,0.64857644,-0.020635482,-0.008703591,0.6392245,2.2677834,-0.02821476,-0.03378276,-0.0018338348,2.3194308,1.3187,1.4833907,-0.0003936064,-0.0011665588
ATAC_MIR663AHG,1.4123738,-0.02328774,0.80262357,0.6487583,-0.020633606,-0.008713098,0.6401319,2.2666583,-0.028221542,-0.033781063,-0.001831303,2.318974,1.3176168,1.4840212,-0.0003836432,-0.0011672133
ATAC_MIR762HG,1.4125849,-0.023292638,0.8017308,0.64857644,-0.020635482,-0.008703591,0.6392245,2.2677834,-0.02821476,-0.03378276,-0.0018338348,2.3194308,1.3187,1.4833907,-0.0003936064,-0.0011665588
ATAC_MIS12,1.4125849,-0.023292638,0.8017308,0.64857644,-0.020635482,-0.008703591,0.6392245,2.2677834,-0.02821476,-0.03378276,-0.0018338348,2.3194308,1.3187,1.4833907,-0.0003936064,-0.0011665588
ATAC_MLC1,1.4127346,-0.023292562,0.8026385,0.64761823,-0.020632455,-0.008697822,0.6380586,2.2673407,-0.028206052,-0.03379725,-0.0018370403,2.3197758,1.3196402,1.4823432,-0.00040205597,-0.0011777007
ATAC_MLLT11,1.4125849,-0.023292638,0.8017308,0.64857644,-0.020635482,-0.008703591,0.6392245,2.2677834,-0.02821476,-0.03378276,-0.0018338348,2.3194308,1.3187,1.4833907,-0.0003936064,-0.0011665588
ATAC_MLLT3,1.4125849,-0.023292638,0.8017308,0.64857644,-0.020635482,-0.008703591,0.6392245,2.2677834,-0.02821476,-0.03378276,-0.0018338348,2.3194308,1.3187,1.4833907,-0.0003936064,-0.0011665588
ATAC_MMP23B,1.4125849,-0.023292638,0.8017308,0.64857644,-0.020635482,-0.008703591,0.6392245,2.2677834,-0.02821476,-0.03378276,-0.0018338348,2.3194308,1.3187,1.4833907,-0.0003936064,-0.0011665588
ATAC_MMP25-AS1,1.4125849,-0.023292638,0.8017308,0.64857644,-0.020635482,-0.008703591,0.6392245,2.2677834,-0.02821476,-0.03378276,-0.0018338348,2.3194308,1.3187,1.4833907,-0.0003936064,-0.0011665588
ATAC_MMRN2,1.4125849,-0.023292638,0.8017308,0.64857644,-0.020635482,-0.008703591,0.6392245,2.2677834,-0.02821476,-0.03378276,-0.0018338348,2.3194308,1.3187,1.4833907,-0.0003936064,-0.0011665588
ATAC_MNDA,1.4123738,-0.02328774,0.80262357,0.6487583,-0.020633606,-0.008713098,0.6401319,2.2666583,-0.028221542,-0.033781063,-0.001831303,2.318974,1.3176168,1.4840212,-0.0003836432,-0.0011672133
ATAC_MNX1-AS1,1.4125849,-0.023292638,0.8017308,0.64857644,-0.020635482,-0.008703591,0.6392245,2.2677834,-0.02821476,-0.03378276,-0.0018338348,2.3194308,1.3187,1.4833907,-0.0003936064,-0.0011665588
ATAC_MOCOS,1.4125849,-0.023292638,0.8017308,0.64857644,-0.020635482,-0.008703591,0.6392245,2.2677834,-0.02821476,-0.03378276,-0.0018338348,2.3194308,1.3187,1.4833907,-0.0003936064,-0.0011665588
ATAC_MOGAT3,1.4125849,-0.023292638,0.8017308,0.64857644,-0.020635482,-0.008703591,0.6392245,2.2677834,-0.02821476,-0.03378276,-0.0018338348,2.3194308,1.3187,1.4833907,-0.0003936064,-0.0011665588
ATAC_MORC2-AS1,1.4125849,-0.023292638,0.8017308,0.64857644,-0.020635482,-0.008703591,0.6392245,2.2677834,-0.02821476,-0.03378276,-0.0018338348,2.3194308,1.3187,1.4833907,-0.0003936064,-0.0011665588
ATAC_MORN3,1.4125849,-0.023292638,0.8017308,0.64857644,-0.020635482,-0.008703591,0.6392245,2.2677834,-0.02821476,-0.03378276,-0.0018338348,2.3194308,1.3187,1.4833907,-0.0003936064,-0.0011665588
ATAC_MOSMO,1.4125849,-0.023292638,0.8017308,0.64857644,-0.020635482,-0.008703591,0.6392245,2.2677834,-0.02821476,-0.03378276,-0.0018338348,2.3194308,1.3187,1.4833907,-0.0003936064,-0.0011665588
ATAC_MPHOSPH9,1.4124852,-0.023287594,0.8008888,0.64767927,-0.020629339,-0.008697394,0.63905823,2.266973,-0.028219497,-0.03378779,-0.0018381361,2.319236,1.3185261,1.4836047,-0.00039514242,-0.0011609077
ATAC_MPZL3,1.3396465,-0.023580937,0.7509962,0.66734135,-0.020699682,-0.009167733,0.6626581,2.2878432,-0.02752281,-0.03304971,-0.0019281758,2.356728,1.3630004,1.5420486,-0.00024037166,-0.0012737679
ATAC_MRPL1,1.4125849,-0.023292638,0.8017308,0.64857644,-0.020635482,-0.008703591,0.6392245,2.2677834,-0.02821476,-0.03378276,-0.0018338348,2.3194308,1.3187,1.4833907,-0.0003936064,-0.0011665588
ATAC_MRPL10,1.4125849,-0.023292638,0.8017308,0.64857644,-0.020635482,-0.008703591,0.6392245,2.2677834,-0.02821476,-0.03378276,-0.0018338348,2.3194308,1.3187,1.4833907,-0.0003936064,-0.0011665588
ATAC_MRPS31,1.4125849,-0.023292638,0.8017308,0.64857644,-0.020635482,-0.008703591,0.6392245,2.2677834,-0.02821476,-0.03378276,-0.0018338348,2.3194308,1.3187,1.4833907,-0.0003936064,-0.0011665588
ATAC_MRTFB,1.4125849,-0.023292638,0.8017308,0.64857644,-0.020635482,-0.008703591,0.6392245,2.2677834,-0.02821476,-0.03378276,-0.0018338348,2.3194308,1.3187,1.4833907,-0.0003936064,-0.0011665588
ATAC_MS4A1,1.4121956,-0.0232928,0.8024285,0.64799565,-0.020630991,-0.008695753,0.6389291,2.2674978,-0.028209936,-0.033783376,-0.0018392464,2.3199787,1.3190559,1.4839792,-0.00039519905,-0.0011674433
ATAC_MSANTD3,1.4125849,-0.023292638,0.8017308,0.64857644,-0.020635482,-0.008703591,0.6392245,2.2677834,-0.02821476,-0.03378276,-0.0018338348,2.3194308,1.3187,1.4833907,-0.0003936064,-0.0011665588
ATAC_MSC-AS1,1.3946742,-0.022655874,0.6661938,0.64601344,-0.019384641,-0.008034056,0.6784773,2.2764227,-0.027240228,-0.03443405,-0.0026611283,2.1614032,1.1651657,1.4507954,-0.0009890946,-0.0018357891
ATAC_MSTO1,1.1812887,-0.023372626,0.8682128,0.45242098,-0.020422827,-0.0074654743,0.6558222,2.0148993,-0.02575761,-0.0312421,-0.003208672,2.1666298,1.2662375,1.4029402,-0.0017618241,-0.002379772
ATAC_MTA3,1.4125849,-0.023292638,0.8017308,0.64857644,-0.020635482,-0.008703591,0.6392245,2.2677834,-0.02821476,-0.03378276,-0.0018338348,2.3194308,1.3187,1.4833907,-0.0003936064,-0.0011665588
ATAC_MTERF1,1.4124852,-0.023287594,0.8008888,0.64767927,-0.020629339,-0.008697394,0.63905823,2.266973,-0.028219497,-0.03378779,-0.0018381361,2.319236,1.3185261,1.4836047,-0.00039514242,-0.0011609077
ATAC_MTFMT,1.4012469,-0.023200698,0.8177106,0.66221416,-0.020660646,-0.008795722,0.6483879,2.2673604,-0.028187595,-0.033784505,-0.0018746037,2.2989755,1.2971774,1.4900368,-0.00041457056,-0.0013077301
ATAC_MTFP1,1.4125849,-0.023292638,0.8017308,0.64857644,-0.020635482,-0.008703591,0.6392245,2.2677834,-0.02821476,-0.03378276,-0.0018338348,2.3194308,1.3187,1.4833907,-0.0003936064,-0.0011665588
ATAC_MTHFD2,1.4125849,-0.023292638,0.8017308,0.64857644,-0.020635482,-0.008703591,0.6392245,2.2677834,-0.02821476,-0.03378276,-0.0018338348,2.3194308,1.3187,1.4833907,-0.0003936064,-0.0011665588
ATAC_MTMR2,1.4125849,-0.023292638,0.8017308,0.64857644,-0.020635482,-0.008703591,0.6392245,2.2677834,-0.02821476,-0.03378276,-0.0018338348,2.3194308,1.3187,1.4833907,-0.0003936064,-0.0011665588
ATAC_MTMR8,1.4125849,-0.023292638,0.8017308,0.64857644,-0.020635482,-0.008703591,0.6392245,2.2677834,-0.02821476,-0.03378276,-0.0018338348,2.3194308,1.3187,1.4833907,-0.0003936064,-0.0011665588
ATAC_MTSS1,1.4125849,-0.023292638,0.8017308,0.64857644,-0.020635482,-0.008703591,0.6392245,2.2677834,-0.02821476,-0.03378276,-0.0018338348,2.3194308,1.3187,1.4833907,-0.0003936064,-0.0011665588
ATAC_MUC17,1.4125849,-0.023292638,0.8017308,0.64857644,-0.020635482,-0.008703591,0.6392245,2.2677834,-0.02821476,-0.03378276,-0.0018338348,2.3194308,1.3187,1.4833907,-0.0003936064,-0.0011665588
ATAC_MUS81,1.4137145,-0.02329587,0.8009426,0.6493965,-0.020645084,-0.008709131,0.6389275,2.2688508,-0.02820855,-0.033780575,-0.0018293677,2.320351,1.3191029,1.482799,-0.0003975999,-0.0011733394
ATAC_MUTYH,1.4125849,-0.023292638,0.8017308,0.64857644,-0.020635482,-0.008703591,0.6392245,2.2677834,-0.02821476,-0.03378276,-0.0018338348,2.3194308,1.3187,1.4833907,-0.0003936064,-0.0011665588
ATAC_MYBL1,1.4123071,-0.023267435,0.7979064,0.6484397,-0.020624992,-0.008666838,0.6364669,2.2644784,-0.028174706,-0.0337568,-0.0018477626,2.3159556,1.3159416,1.4867617,-0.0003562817,-0.0011734252
ATAC_MYO1D,1.4125849,-0.023292638,0.8017308,0.64857644,-0.020635482,-0.008703591,0.6392245,2.2677834,-0.02821476,-0.03378276,-0.0018338348,2.3194308,1.3187,1.4833907,-0.0003936064,-0.0011665588
ATAC_MYO5B,1.4125849,-0.023292638,0.8017308,0.64857644,-0.020635482,-0.008703591,0.6392245,2.2677834,-0.02821476,-0.03378276,-0.0018338348,2.3194308,1.3187,1.4833907,-0.0003936064,-0.0011665588
ATAC_MYO6,1.4105314,-0.02325152,0.7991245,0.64747995,-0.02061072,-0.008690771,0.636172,2.2631497,-0.028197767,-0.033744883,-0.0018489436,2.318945,1.3171363,1.4813086,-0.00036405234,-0.0011508906
ATAC_MYRF,1.1812887,-0.023372626,0.8682128,0.45242098,-0.020422827,-0.0074654743,0.6558222,2.0148993,-0.02575761,-0.0312421,-0.003208672,2.1666298,1.2662375,1.4029402,-0.0017618241,-0.002379772
ATAC_MZB1,1.4063948,-0.022367306,0.7271749,0.69755614,-0.021067811,-0.0090535795,0.5968012,2.2347817,-0.028394908,-0.034352824,-0.0025593417,2.348007,1.3284153,1.5106052,0.017504789,-0.0009885073
ATAC_NAP1L2,1.4125849,-0.023292638,0.8017308,0.64857644,-0.020635482,-0.008703591,0.6392245,2.2677834,-0.02821476,-0.03378276,-0.0018338348,2.3194308,1.3187,1.4833907,-0.0003936064,-0.0011665588
ATAC_NARS2,1.4125849,-0.023292638,0.8017308,0.64857644,-0.020635482,-0.008703591,0.6392245,2.2677834,-0.02821476,-0.03378276,-0.0018338348,2.3194308,1.3187,1.4833907,-0.0003936064,-0.0011665588
ATAC_NAV3,1.4125849,-0.023292638,0.8017308,0.64857644,-0.020635482,-0.008703591,0.6392245,2.2677834,-0.02821476,-0.03378276,-0.0018338348,2.3194308,1.3187,1.4833907,-0.0003936064,-0.0011665588
ATAC_NBDY,1.4124068,-0.02327248,0.79874843,0.6493369,-0.020631136,-0.008673036,0.6366332,2.2652888,-0.028169967,-0.03375177,-0.0018434615,2.3161504,1.3161155,1.4865477,-0.0003547457,-0.0011790764
ATAC_NBEA,1.4125849,-0.023292638,0.8017308,0.64857644,-0.020635482,-0.008703591,0.6392245,2.2677834,-0.02821476,-0.03378276,-0.0018338348,2.3194308,1.3187,1.4833907,-0.0003936064,-0.0011665588
ATAC_NBEAL2,1.4125849,-0.023292638,0.8017308,0.64857644,-0.020635482,-0.008703591,0.6392245,2.2677834,-0.02821476,-0.03378276,-0.0018338348,2.3194308,1.3187,1.4833907,-0.0003936064,-0.0011665588
ATAC_NCALD,1.4125849,-0.023292638,0.8017308,0.64857644,-0.020635482,-0.008703591,0.6392245,2.2677834,-0.02821476,-0.03378276,-0.0018338348,2.3194308,1.3187,1.4833907,-0.0003936064,-0.0011665588
ATAC_NCAM1,1.4125849,-0.023292638,0.8017308,0.64857644,-0.020635482,-0.008703591,0.6392245,2.2677834,-0.02821476,-0.03378276,-0.0018338348,2.3194308,1.3187,1.4833907,-0.0003936064,-0.0011665588
ATAC_NCAM2,1.4125849,-0.023292638,0.8017308,0.64857644,-0.020635482,-0.008703591,0.6392245,2.2677834,-0.02821476,-0.03378276,-0.0018338348,2.3194308,1.3187,1.4833907,-0.0003936064,-0.0011665588
ATAC_NCAPG2,1.4125849,-0.023292638,0.8017308,0.64857644,-0.020635482,-0.008703591,0.6392245,2.2677834,-0.02821476,-0.03378276,-0.0018338348,2.3194308,1.3187,1.4833907,-0.0003936064,-0.0011665588
ATAC_NCK1-DT,1.4125849,-0.023292638,0.8017308,0.64857644,-0.020635482,-0.008703591,0.6392245,2.2677834,-0.02821476,-0.03378276,-0.0018338348,2.3194308,1.3187,1.4833907,-0.0003936064,-0.0011665588
ATAC_NCR1,1.4125849,-0.023292638,0.8017308,0.64857644,-0.020635482,-0.008703591,0.6392245,2.2677834,-0.02821476,-0.03378276,-0.0018338348,2.3194308,1.3187,1.4833907,-0.0003936064,-0.0011665588
ATAC_NCR2,1.3990097,-0.024409989,0.6565998,0.71784043,-0.018224292,-0.010813156,0.78649265,2.1349409,-0.026574137,-0.031696294,-0.00041077577,2.0664485,1.2636955,1.4521892,0.017155461,-0.0031857484
ATAC_NCR3,1.4125849,-0.023292638,0.8017308,0.64857644,-0.020635482,-0.008703591,0.6392245,2.2677834,-0.02821476,-0.03378276,-0.0018338348,2.3194308,1.3187,1.4833907,-0.0003936064,-0.0011665588
ATAC_NDC1,1.4125849,-0.023292638,0.8017308,0.64857644,-0.020635482,-0.008703591,0.6392245,2.2677834,-0.02821476,-0.03378276,-0.0018338348,2.3194308,1.3187,1.4833907,-0.0003936064,-0.0011665588
ATAC_NDE1,1.4848722,-0.021887915,0.75252235,0.6572543,-0.01905726,-0.007781316,0.5756423,2.1572971,-0.027092801,-0.03268414,-0.00041093177,2.2740304,1.1220263,1.4568973,-0.00074900565,-0.00036190182
ATAC_NDFIP2-AS1,1.4125849,-0.023292638,0.8017308,0.64857644,-0.020635482,-0.008703591,0.6392245,2.2677834,-0.02821476,-0.03378276,-0.0018338348,2.3194308,1.3187,1.4833907,-0.0003936064,-0.0011665588
ATAC_NDST1-AS1,1.4125849,-0.023292638,0.8017308,0.64857644,-0.020635482,-0.008703591,0.6392245,2.2677834,-0.02821476,-0.03378276,-0.0018338348,2.3194308,1.3187,1.4833907,-0.0003936064,-0.0011665588
ATAC_NDUFB2-AS1,1.4125849,-0.023292638,0.8017308,0.64857644,-0.020635482,-0.008703591,0.6392245,2.2677834,-0.02821476,-0.03378276,-0.0018338348,2.3194308,1.3187,1.4833907,-0.0003936064,-0.0011665588
ATAC_NDUFV2-AS1,1.4125849,-0.023292638,0.8017308,0.64857644,-0.020635482,-0.008703591,0.6392245,2.2677834,-0.02821476,-0.03378276,-0.0018338348,2.3194308,1.3187,1.4833907,-0.0003936064,-0.0011665588
ATAC_NECTIN4,1.4121956,-0.0232928,0.8024285,0.64799565,-0.020630991,-0.008695753,0.6389291,2.2674978,-0.028209936,-0.033783376,-0.0018392464,2.3199787,1.3190559,1.4839792,-0.00039519905,-0.0011674433
ATAC_NEIL1,1.4125849,-0.023292638,0.8017308,0.64857644,-0.020635482,-0.008703591,0.6392245,2.2677834,-0.02821476,-0.03378276,-0.0018338348,2.3194308,1.3187,1.4833907,-0.0003936064,-0.0011665588
ATAC_NEO1,1.4125849,-0.023292638,0.8017308,0.64857644,-0.020635482,-0.008703591,0.6392245,2.2677834,-0.02821476,-0.03378276,-0.0018338348,2.3194308,1.3187,1.4833907,-0.0003936064,-0.0011665588
ATAC_NEURL4,1.4125849,-0.023292638,0.8017308,0.64857644,-0.020635482,-0.008703591,0.6392245,2.2677834,-0.02821476,-0.03378276,-0.0018338348,2.3194308,1.3187,1.4833907,-0.0003936064,-0.0011665588
ATAC_NEUROG3,1.4124852,-0.023287594,0.8008888,0.64767927,-0.020629339,-0.008697394,0.63905823,2.266973,-0.028219497,-0.03378779,-0.0018381361,2.319236,1.3185261,1.4836047,-0.00039514242,-0.0011609077
ATAC_NEXMIF,1.4012469,-0.023200698,0.8177106,0.66221416,-0.020660646,-0.008795722,0.6483879,2.2673604,-0.028187595,-0.033784505,-0.0018746037,2.2989755,1.2971774,1.4900368,-0.00041457056,-0.0013077301
ATAC_NFATC1,1.4125849,-0.023292638,0.8017308,0.64857644,-0.020635482,-0.008703591,0.6392245,2.2677834,-0.02821476,-0.03378276,-0.0018338348,2.3194308,1.3187,1.4833907,-0.0003936064,-0.0011665588
ATAC_NFIA,1.4105314,-0.02325152,0.7991245,0.64747995,-0.02061072,-0.008690771,0.636172,2.2631497,-0.028197767,-0.033744883,-0.0018489436,2.318945,1.3171363,1.4813086,-0.00036405234,-0.0011508906
ATAC_NGFR,1.4125849,-0.023292638,0.8017308,0.64857644,-0.020635482,-0.008703591,0.6392245,2.2677834,-0.02821476,-0.03378276,-0.0018338348,2.3194308,1.3187,1.4833907,-0.0003936064,-0.0011665588
ATAC_NHLRC1,1.4121956,-0.0232928,0.8024285,0.64799565,-0.020630991,-0.008695753,0.6389291,2.2674978,-0.028209936,-0.033783376,-0.0018392464,2.3199787,1.3190559,1.4839792,-0.00039519905,-0.0011674433
ATAC_NIBAN1,1.4125849,-0.023292638,0.8017308,0.64857644,-0.020635482,-0.008703591,0.6392245,2.2677834,-0.02821476,-0.03378276,-0.0018338348,2.3194308,1.3187,1.4833907,-0.0003936064,-0.0011665588
ATAC_NIBAN3,1.4271156,-0.023392387,0.8295836,0.69112873,-0.020968633,-0.009397985,0.6499647,2.2774303,-0.027450422,-0.033606153,-0.0025052973,2.2597353,1.3681476,1.5032365,-0.00049101916,-0.0013785011
ATAC_NIFK-AS1,1.4125849,-0.023292638,0.8017308,0.64857644,-0.020635482,-0.008703591,0.6392245,2.2677834,-0.02821476,-0.03378276,-0.0018338348,2.3194308,1.3187,1.4833907,-0.0003936064,-0.0011665588
ATAC_NIPA1,1.4125849,-0.023292638,0.8017308,0.64857644,-0.020635482,-0.008703591,0.6392245,2.2677834,-0.02821476,-0.03378276,-0.0018338348,2.3194308,1.3187,1.4833907,-0.0003936064,-0.0011665588
ATAC_NIPAL3,1.4125849,-0.023292638,0.8017308,0.64857644,-0.020635482,-0.008703591,0.6392245,2.2677834,-0.02821476,-0.03378276,-0.0018338348,2.3194308,1.3187,1.4833907,-0.0003936064,-0.0011665588
ATAC_NKAIN2,1.4125849,-0.023292638,0.8017308,0.64857644,-0.020635482,-0.008703591,0.6392245,2.2677834,-0.02821476,-0.03378276,-0.0018338348,2.3194308,1.3187,1.4833907,-0.0003936064,-0.0011665588
ATAC_NKD1,1.2886138,-0.023398282,0.8040318,0.7168919,-0.01999081,-0.008039989,0.60573524,2.2904255,-0.0264793,-0.033872407,-0.00012055656,2.241349,1.1201737,1.327325,0.13501322,-0.00014173068
ATAC_NKG7,1.4105314,-0.02325152,0.7991245,0.64747995,-0.02061072,-0.008690771,0.636172,2.2631497,-0.028197767,-0.033744883,-0.0018489436,2.318945,1.3171363,1.4813086,-0.00036405234,-0.0011508906
ATAC_NKX6-3,1.4125849,-0.023292638,0.8017308,0.64857644,-0.020635482,-0.008703591,0.6392245,2.2677834,-0.02821476,-0.03378276,-0.0018338348,2.3194308,1.3187,1.4833907,-0.0003936064,-0.0011665588
ATAC_NLRC3,1.4125849,-0.023292638,0.8017308,0.64857644,-0.020635482,-0.008703591,0.6392245,2.2677834,-0.02821476,-0.03378276,-0.0018338348,2.3194308,1.3187,1.4833907,-0.0003936064,-0.0011665588
ATAC_NLRP2,1.4125849,-0.023292638,0.8017308,0.64857644,-0.020635482,-0.008703591,0.6392245,2.2677834,-0.02821476,-0.03378276,-0.0018338348,2.3194308,1.3187,1.4833907,-0.0003936064,-0.0011665588
ATAC_NLRP7,1.4125849,-0.023292638,0.8017308,0.64857644,-0.020635482,-0.008703591,0.6392245,2.2677834,-0.02821476,-0.03378276,-0.0018338348,2.3194308,1.3187,1.4833907,-0.0003936064,-0.0011665588
ATAC_NME7,0.84639573,-0.018838307,0.75011086,0.13140972,-0.018431362,-0.010100438,0.6792216,2.0285668,-0.023178607,-0.02809504,-0.0007654804,1.8435819,1.1105574,1.3355336,0.13505079,0.0041726455
ATAC_NMT2,1.4125849,-0.023292638,0.8017308,0.64857644,-0.020635482,-0.008703591,0.6392245,2.2677834,-0.02821476,-0.03378276,-0.0018338348,2.3194308,1.3187,1.4833907,-0.0003936064,-0.0011665588
ATAC_NMUR1,1.4125849,-0.023292638,0.8017308,0.64857644,-0.020635482,-0.008703591,0.6392245,2.2677834,-0.02821476,-0.03378276,-0.0018338348,2.3194308,1.3187,1.4833907,-0.0003936064,-0.0011665588
ATAC_NOG,1.4125849,-0.023292638,0.8017308,0.64857644,-0.020635482,-0.008703591,0.6392245,2.2677834,-0.02821476,-0.03378276,-0.0018338348,2.3194308,1.3187,1.4833907,-0.0003936064,-0.0011665588
ATAC_NOL4L,1.4125849,-0.023292638,0.8017308,0.64857644,-0.020635482,-0.008703591,0.6392245,2.2677834,-0.02821476,-0.03378276,-0.0018338348,2.3194308,1.3187,1.4833907,-0.0003936064,-0.0011665588
ATAC_NOL8,1.3652904,-0.022982465,0.74883455,0.5799632,-0.020713909,-0.0089688385,0.6520258,2.2598364,-0.027539706,-0.03332276,-0.0016806397,2.3615706,1.3598664,1.4768136,-0.00013004898,-0.0010180708
ATAC_NOTCH2NLB,1.4888421,-0.019520069,0.5995763,0.706227,-0.018661655,-0.007817254,0.48694384,2.0320282,-0.025060697,-0.030242924,0.032263,2.138259,1.4176911,1.3404392,-0.0011982796,0.075745426
ATAC_NPAS1,1.4125849,-0.023292638,0.8017308,0.64857644,-0.020635482,-0.008703591,0.6392245,2.2677834,-0.02821476,-0.03378276,-0.0018338348,2.3194308,1.3187,1.4833907,-0.0003936064,-0.0011665588
ATAC_NPAT,1.4125849,-0.023292638,0.8017308,0.64857644,-0.020635482,-0.008703591,0.6392245,2.2677834,-0.02821476,-0.03378276,-0.0018338348,2.3194308,1.3187,1.4833907,-0.0003936064,-0.0011665588
ATAC_NPEPL1,1.4124852,-0.023287594,0.8008888,0.64767927,-0.020629339,-0.008697394,0.63905823,2.266973,-0.028219497,-0.03378779,-0.0018381361,2.319236,1.3185261,1.4836047,-0.00039514242,-0.0011609077
ATAC_NPHP1,1.4125849,-0.023292638,0.8017308,0.64857644,-0.020635482,-0.008703591,0.6392245,2.2677834,-0.02821476,-0.03378276,-0.0018338348,2.3194308,1.3187,1.4833907,-0.0003936064,-0.0011665588
ATAC_NPIPB4,1.4125849,-0.023292638,0.8017308,0.64857644,-0.020635482,-0.008703591,0.6392245,2.2677834,-0.02821476,-0.03378276,-0.0018338348,2.3194308,1.3187,1.4833907,-0.0003936064,-0.0011665588
ATAC_NPR1,1.4125849,-0.023292638,0.8017308,0.64857644,-0.020635482,-0.008703591,0.6392245,2.2677834,-0.02821476,-0.03378276,-0.0018338348,2.3194308,1.3187,1.4833907,-0.0003936064,-0.0011665588
ATAC_NPR2,1.4125849,-0.023292638,0.8017308,0.64857644,-0.020635482,-0.008703591,0.6392245,2.2677834,-0.02821476,-0.03378276,-0.0018338348,2.3194308,1.3187,1.4833907,-0.0003936064,-0.0011665588
ATAC_NPRL2,1.4125849,-0.023292638,0.8017308,0.64857644,-0.020635482,-0.008703591,0.6392245,2.2677834,-0.02821476,-0.03378276,-0.0018338348,2.3194308,1.3187,1.4833907,-0.0003936064,-0.0011665588
ATAC_NPTX2,1.4125849,-0.023292638,0.8017308,0.64857644,-0.020635482,-0.008703591,0.6392245,2.2677834,-0.02821476,-0.03378276,-0.0018338348,2.3194308,1.3187,1.4833907,-0.0003936064,-0.0011665588
ATAC_NPTXR,1.4125849,-0.023292638,0.8017308,0.64857644,-0.020635482,-0.008703591,0.6392245,2.2677834,-0.02821476,-0.03378276,-0.0018338348,2.3194308,1.3187,1.4833907,-0.0003936064,-0.0011665588
ATAC_NR3C2,1.4125849,-0.023292638,0.8017308,0.64857644,-0.020635482,-0.008703591,0.6392245,2.2677834,-0.02821476,-0.03378276,-0.0018338348,2.3194308,1.3187,1.4833907,-0.0003936064,-0.0011665588
ATAC_NRCAM,1.4125849,-0.023292638,0.8017308,0.64857644,-0.020635482,-0.008703591,0.6392245,2.2677834,-0.02821476,-0.03378276,-0.0018338348,2.3194308,1.3187,1.4833907,-0.0003936064,-0.0011665588
ATAC_NRG2,1.4125849,-0.023292638,0.8017308,0.64857644,-0.020635482,-0.008703591,0.6392245,2.2677834,-0.02821476,-0.03378276,-0.0018338348,2.3194308,1.3187,1.4833907,-0.0003936064,-0.0011665588
ATAC_NRN1L,0.84639573,-0.018838307,0.75011086,0.13140972,-0.018431362,-0.010100438,0.6792216,2.0285668,-0.023178607,-0.02809504,-0.0007654804,1.8435819,1.1105574,1.3355336,0.13505079,0.0041726455
ATAC_NRTN,1.371523,-0.023149423,0.76118994,0.5021149,-0.021302905,-0.008348783,0.63556135,2.2301831,-0.026870748,-0.03273478,-0.0015983166,2.357658,1.2165691,1.3962382,0.026681513,-5.8287158e-05
ATAC_NSD2,1.4125849,-0.023292638,0.8017308,0.64857644,-0.020635482,-0.008703591,0.6392245,2.2677834,-0.02821476,-0.03378276,-0.0018338348,2.3194308,1.3187,1.4833907,-0.0003936064,-0.0011665588
ATAC_NSUN6,1.4125849,-0.023292638,0.8017308,0.64857644,-0.020635482,-0.008703591,0.6392245,2.2677834,-0.02821476,-0.03378276,-0.0018338348,2.3194308,1.3187,1.4833907,-0.0003936064,-0.0011665588
ATAC_NT5M,1.4125849,-0.023292638,0.8017308,0.64857644,-0.020635482,-0.008703591,0.6392245,2.2677834,-0.02821476,-0.03378276,-0.0018338348,2.3194308,1.3187,1.4833907,-0.0003936064,-0.0011665588
ATAC_NTNG1,1.4125849,-0.023292638,0.8017308,0.64857644,-0.020635482,-0.008703591,0.6392245,2.2677834,-0.02821476,-0.03378276,-0.0018338348,2.3194308,1.3187,1.4833907,-0.0003936064,-0.0011665588
ATAC_NTRK1,1.4125849,-0.023292638,0.8017308,0.64857644,-0.020635482,-0.008703591,0.6392245,2.2677834,-0.02821476,-0.03378276,-0.0018338348,2.3194308,1.3187,1.4833907,-0.0003936064,-0.0011665588
ATAC_NTRK2,1.1812887,-0.023372626,0.8682128,0.45242098,-0.020422827,-0.0074654743,0.6558222,2.0148993,-0.02575761,-0.0312421,-0.003208672,2.1666298,1.2662375,1.4029402,-0.0017618241,-0.002379772
ATAC_NUAK1,1.4125849,-0.023292638,0.8017308,0.64857644,-0.020635482,-0.008703591,0.6392245,2.2677834,-0.02821476,-0.03378276,-0.0018338348,2.3194308,1.3187,1.4833907,-0.0003936064,-0.0011665588
ATAC_NUP205,1.4125849,-0.023292638,0.8017308,0.64857644,-0.020635482,-0.008703591,0.6392245,2.2677834,-0.02821476,-0.03378276,-0.0018338348,2.3194308,1.3187,1.4833907,-0.0003936064,-0.0011665588
ATAC_NUP210L,1.4125849,-0.023292638,0.8017308,0.64857644,-0.020635482,-0.008703591,0.6392245,2.2677834,-0.02821476,-0.03378276,-0.0018338348,2.3194308,1.3187,1.4833907,-0.0003936064,-0.0011665588
ATAC_NVL,1.4125849,-0.023292638,0.8017308,0.64857644,-0.020635482,-0.008703591,0.6392245,2.2677834,-0.02821476,-0.03378276,-0.0018338348,2.3194308,1.3187,1.4833907,-0.0003936064,-0.0011665588
ATAC_NYAP1,1.4125849,-0.023292638,0.8017308,0.64857644,-0.020635482,-0.008703591,0.6392245,2.2677834,-0.02821476,-0.03378276,-0.0018338348,2.3194308,1.3187,1.4833907,-0.0003936064,-0.0011665588
ATAC_OAT,1.4125849,-0.023292638,0.8017308,0.64857644,-0.020635482,-0.008703591,0.6392245,2.2677834,-0.02821476,-0.03378276,-0.0018338348,2.3194308,1.3187,1.4833907,-0.0003936064,-0.0011665588
ATAC_OBSCN-AS1,1.4125849,-0.023292638,0.8017308,0.64857644,-0.020635482,-0.008703591,0.6392245,2.2677834,-0.02821476,-0.03378276,-0.0018338348,2.3194308,1.3187,1.4833907,-0.0003936064,-0.0011665588
ATAC_OCA2,1.4125849,-0.023292638,0.8017308,0.64857644,-0.020635482,-0.008703591,0.6392245,2.2677834,-0.02821476,-0.03378276,-0.0018338348,2.3194308,1.3187,1.4833907,-0.0003936064,-0.0011665588
ATAC_OCIAD2,0.8609264,-0.018938055,0.7779637,0.17396203,-0.018764513,-0.010794831,0.6899618,2.0382137,-0.02241427,-0.027918432,-0.0014369426,1.7838864,1.160005,1.3553795,0.1253095,-0.00017021573
ATAC_OGDHL,1.4125849,-0.023292638,0.8017308,0.64857644,-0.020635482,-0.008703591,0.6392245,2.2677834,-0.02821476,-0.03378276,-0.0018338348,2.3194308,1.3187,1.4833907,-0.0003936064,-0.0011665588
ATAC_OLMALINC,1.4125849,-0.023292638,0.8017308,0.64857644,-0.020635482,-0.008703591,0.6392245,2.2677834,-0.02821476,-0.03378276,-0.0018338348,2.3194308,1.3187,1.4833907,-0.0003936064,-0.0011665588
ATAC_ONECUT1,1.4125849,-0.023292638,0.8017308,0.64857644,-0.020635482,-0.008703591,0.6392245,2.2677834,-0.02821476,-0.03378276,-0.0018338348,2.3194308,1.3187,1.4833907,-0.0003936064,-0.0011665588
ATAC_OPTN,1.4125849,-0.023292638,0.8017308,0.64857644,-0.020635482,-0.008703591,0.6392245,2.2677834,-0.02821476,-0.03378276,-0.0018338348,2.3194308,1.3187,1.4833907,-0.0003936064,-0.0011665588
ATAC_OR2AG2,1.3652904,-0.022982465,0.74883455,0.5799632,-0.020713909,-0.0089688385,0.6520258,2.2598364,-0.027539706,-0.03332276,-0.0016806397,2.3615706,1.3598664,1.4768136,-0.00013004898,-0.0010180708
ATAC_ORC2,1.3990097,-0.024409989,0.6565998,0.71784043,-0.018224292,-0.010813156,0.78649265,2.1349409,-0.026574137,-0.031696294,-0.00041077577,2.0664485,1.2636955,1.4521892,0.017155461,-0.0031857484
ATAC_ORM2,1.4125849,-0.023292638,0.8017308,0.64857644,-0.020635482,-0.008703591,0.6392245,2.2677834,-0.02821476,-0.03378276,-0.0018338348,2.3194308,1.3187,1.4833907,-0.0003936064,-0.0011665588
ATAC_OSBPL3,1.4125849,-0.023292638,0.8017308,0.64857644,-0.020635482,-0.008703591,0.6392245,2.2677834,-0.02821476,-0.03378276,-0.0018338348,2.3194308,1.3187,1.4833907,-0.0003936064,-0.0011665588
ATAC_OSBPL7,1.4125849,-0.023292638,0.8017308,0.64857644,-0.020635482,-0.008703591,0.6392245,2.2677834,-0.02821476,-0.03378276,-0.0018338348,2.3194308,1.3187,1.4833907,-0.0003936064,-0.0011665588
ATAC_OSER1-DT,1.3721014,-0.020222288,0.8290009,0.42491955,-0.020895863,-0.006715822,0.8264154,2.05837,-0.025780298,-0.030049132,-0.0008473828,2.1059058,1.2954988,1.2579331,0.08918674,-0.0007479474
ATAC_OTUD6B-AS1,1.4125849,-0.023292638,0.8017308,0.64857644,-0.020635482,-0.008703591,0.6392245,2.2677834,-0.02821476,-0.03378276,-0.0018338348,2.3194308,1.3187,1.4833907,-0.0003936064,-0.0011665588
ATAC_OTUD7B,1.4125849,-0.023292638,0.8017308,0.64857644,-0.020635482,-0.008703591,0.6392245,2.2677834,-0.02821476,-0.03378276,-0.0018338348,2.3194308,1.3187,1.4833907,-0.0003936064,-0.0011665588
ATAC_OVCH1-AS1,1.4125849,-0.023292638,0.8017308,0.64857644,-0.020635482,-0.008703591,0.6392245,2.2677834,-0.02821476,-0.03378276,-0.0018338348,2.3194308,1.3187,1.4833907,-0.0003936064,-0.0011665588
ATAC_OVOL3,1.4125849,-0.023292638,0.8017308,0.64857644,-0.020635482,-0.008703591,0.6392245,2.2677834,-0.02821476,-0.03378276,-0.0018338348,2.3194308,1.3187,1.4833907,-0.0003936064,-0.0011665588
ATAC_P2RY10,1.4125849,-0.023292638,0.8017308,0.64857644,-0.020635482,-0.008703591,0.6392245,2.2677834,-0.02821476,-0.03378276,-0.0018338348,2.3194308,1.3187,1.4833907,-0.0003936064,-0.0011665588
ATAC_P2RY11,1.3652904,-0.022982465,0.74883455,0.5799632,-0.020713909,-0.0089688385,0.6520258,2.2598364,-0.027539706,-0.03332276,-0.0016806397,2.3615706,1.3598664,1.4768136,-0.00013004898,-0.0010180708
ATAC_P3H2-AS1,1.4125849,-0.023292638,0.8017308,0.64857644,-0.020635482,-0.008703591,0.6392245,2.2677834,-0.02821476,-0.03378276,-0.0018338348,2.3194308,1.3187,1.4833907,-0.0003936064,-0.0011665588
ATAC_P3H4,1.4125849,-0.023292638,0.8017308,0.64857644,-0.020635482,-0.008703591,0.6392245,2.2677834,-0.02821476,-0.03378276,-0.0018338348,2.3194308,1.3187,1.4833907,-0.0003936064,-0.0011665588
ATAC_PAFAH2,1.4125849,-0.023292638,0.8017308,0.64857644,-0.020635482,-0.008703591,0.6392245,2.2677834,-0.02821476,-0.03378276,-0.0018338348,2.3194308,1.3187,1.4833907,-0.0003936064,-0.0011665588
ATAC_PAM,1.4125849,-0.023292638,0.8017308,0.64857644,-0.020635482,-0.008703591,0.6392245,2.2677834,-0.02821476,-0.03378276,-0.0018338348,2.3194308,1.3187,1.4833907,-0.0003936064,-0.0011665588
ATAC_PANX3,1.4125849,-0.023292638,0.8017308,0.64857644,-0.020635482,-0.008703591,0.6392245,2.2677834,-0.02821476,-0.03378276,-0.0018338348,2.3194308,1.3187,1.4833907,-0.0003936064,-0.0011665588
ATAC_PAPOLB,1.4125849,-0.023292638,0.8017308,0.64857644,-0.020635482,-0.008703591,0.6392245,2.2677834,-0.02821476,-0.03378276,-0.0018338348,2.3194308,1.3187,1.4833907,-0.0003936064,-0.0011665588
ATAC_PARD6B,1.4125849,-0.023292638,0.8017308,0.64857644,-0.020635482,-0.008703591,0.6392245,2.2677834,-0.02821476,-0.03378276,-0.0018338348,2.3194308,1.3187,1.4833907,-0.0003936064,-0.0011665588
ATAC_PARN,1.3946742,-0.022655874,0.6661938,0.64601344,-0.019384641,-0.008034056,0.6784773,2.2764227,-0.027240228,-0.03443405,-0.0026611283,2.1614032,1.1651657,1.4507954,-0.0009890946,-0.0018357891
ATAC_PARP15,1.4125849,-0.023292638,0.8017308,0.64857644,-0.020635482,-0.008703591,0.6392245,2.2677834,-0.02821476,-0.03378276,-0.0018338348,2.3194308,1.3187,1.4833907,-0.0003936064,-0.0011665588
ATAC_PARP16,1.4125849,-0.023292638,0.8017308,0.64857644,-0.020635482,-0.008703591,0.6392245,2.2677834,-0.02821476,-0.03378276,-0.0018338348,2.3194308,1.3187,1.4833907,-0.0003936064,-0.0011665588
ATAC_PATL2,1.4125849,-0.023292638,0.8017308,0.64857644,-0.020635482,-0.008703591,0.6392245,2.2677834,-0.02821476,-0.03378276,-0.0018338348,2.3194308,1.3187,1.4833907,-0.0003936064,-0.0011665588
ATAC_PAUPAR,1.4125849,-0.023292638,0.8017308,0.64857644,-0.020635482,-0.008703591,0.6392245,2.2677834,-0.02821476,-0.03378276,-0.0018338348,2.3194308,1.3187,1.4833907,-0.0003936064,-0.0011665588
ATAC_PAX5,1.4125849,-0.023292638,0.8017308,0.64857644,-0.020635482,-0.008703591,0.6392245,2.2677834,-0.02821476,-0.03378276,-0.0018338348,2.3194308,1.3187,1.4833907,-0.0003936064,-0.0011665588
ATAC_PAXX,1.3721014,-0.020222288,0.8290009,0.42491955,-0.020895863,-0.006715822,0.8264154,2.05837,-0.025780298,-0.030049132,-0.0008473828,2.1059058,1.2954988,1.2579331,0.08918674,-0.0007479474
ATAC_PBX4,1.4125849,-0.023292638,0.8017308,0.64857644,-0.020635482,-0.008703591,0.6392245,2.2677834,-0.02821476,-0.03378276,-0.0018338348,2.3194308,1.3187,1.4833907,-0.0003936064,-0.0011665588
ATAC_PCAT1,1.4125849,-0.023292638,0.8017308,0.64857644,-0.020635482,-0.008703591,0.6392245,2.2677834,-0.02821476,-0.03378276,-0.0018338348,2.3194308,1.3187,1.4833907,-0.0003936064,-0.0011665588
ATAC_PCBP4,1.4125849,-0.023292638,0.8017308,0.64857644,-0.020635482,-0.008703591,0.6392245,2.2677834,-0.02821476,-0.03378276,-0.0018338348,2.3194308,1.3187,1.4833907,-0.0003936064,-0.0011665588
ATAC_PCDH19,1.4137145,-0.02329587,0.8009426,0.6493965,-0.020645084,-0.008709131,0.6389275,2.2688508,-0.02820855,-0.033780575,-0.0018293677,2.320351,1.3191029,1.482799,-0.0003975999,-0.0011733394
ATAC_PCDH9,1.4125849,-0.023292638,0.8017308,0.64857644,-0.020635482,-0.008703591,0.6392245,2.2677834,-0.02821476,-0.03378276,-0.0018338348,2.3194308,1.3187,1.4833907,-0.0003936064,-0.0011665588
ATAC_PCDHGA10,1.4125849,-0.023292638,0.8017308,0.64857644,-0.020635482,-0.008703591,0.6392245,2.2677834,-0.02821476,-0.03378276,-0.0018338348,2.3194308,1.3187,1.4833907,-0.0003936064,-0.0011665588
ATAC_PCDHGB2,1.4125849,-0.023292638,0.8017308,0.64857644,-0.020635482,-0.008703591,0.6392245,2.2677834,-0.02821476,-0.03378276,-0.0018338348,2.3194308,1.3187,1.4833907,-0.0003936064,-0.0011665588
ATAC_PCDHGC3,1.3541907,-0.019585524,0.69346386,0.42235655,-0.01964502,-0.0060462863,0.8656682,2.0670097,-0.024805767,-0.030700423,-0.0016746763,1.9478781,1.1419646,1.2253379,0.029637918,-0.0014171773
ATAC_PCNT,1.4125849,-0.023292638,0.8017308,0.64857644,-0.020635482,-0.008703591,0.6392245,2.2677834,-0.02821476,-0.03378276,-0.0018338348,2.3194308,1.3187,1.4833907,-0.0003936064,-0.0011665588
ATAC_PCNX3,1.4125849,-0.023292638,0.8017308,0.64857644,-0.020635482,-0.008703591,0.6392245,2.2677834,-0.02821476,-0.03378276,-0.0018338348,2.3194308,1.3187,1.4833907,-0.0003936064,-0.0011665588
ATAC_PCOTH,1.4125849,-0.023292638,0.8017308,0.64857644,-0.020635482,-0.008703591,0.6392245,2.2677834,-0.02821476,-0.03378276,-0.0018338348,2.3194308,1.3187,1.4833907,-0.0003936064,-0.0011665588
ATAC_PDCD1,1.4125849,-0.023292638,0.8017308,0.64857644,-0.020635482,-0.008703591,0.6392245,2.2677834,-0.02821476,-0.03378276,-0.0018338348,2.3194308,1.3187,1.4833907,-0.0003936064,-0.0011665588
ATAC_PDE4D,1.4128786,-0.023291998,0.8022895,0.6483322,-0.020632925,-0.00869935,0.6393917,2.2664604,-0.02821781,-0.03377153,-0.0018395947,2.3200302,1.3189737,1.4830514,-0.00038116693,-0.001174243
ATAC_PDE5A,1.4060055,-0.02236747,0.72787255,0.69697535,-0.02106332,-0.009045741,0.5965058,2.234496,-0.028390085,-0.034353442,-0.0025647536,2.3485548,1.3287712,1.5111938,0.017345525,-0.0009893918
ATAC_PDE9A,1.4125849,-0.023292638,0.8017308,0.64857644,-0.020635482,-0.008703591,0.6392245,2.2677834,-0.02821476,-0.03378276,-0.0018338348,2.3194308,1.3187,1.4833907,-0.0003936064,-0.0011665588
ATAC_PDGFD,1.4125849,-0.023292638,0.8017308,0.64857644,-0.020635482,-0.008703591,0.6392245,2.2677834,-0.02821476,-0.03378276,-0.0018338348,2.3194308,1.3187,1.4833907,-0.0003936064,-0.0011665588
ATAC_PDZD4,1.4125849,-0.023292638,0.8017308,0.64857644,-0.020635482,-0.008703591,0.6392245,2.2677834,-0.02821476,-0.03378276,-0.0018338348,2.3194308,1.3187,1.4833907,-0.0003936064,-0.0011665588
ATAC_PDZK1IP1,1.4125849,-0.023292638,0.8017308,0.64857644,-0.020635482,-0.008703591,0.6392245,2.2677834,-0.02821476,-0.03378276,-0.0018338348,2.3194308,1.3187,1.4833907,-0.0003936064,-0.0011665588
ATAC_PECR,1.4125849,-0.023292638,0.8017308,0.64857644,-0.020635482,-0.008703591,0.6392245,2.2677834,-0.02821476,-0.03378276,-0.0018338348,2.3194308,1.3187,1.4833907,-0.0003936064,-0.0011665588
ATAC_PERP,1.2406833,-0.02186171,0.8346902,0.4732554,-0.018886615,-0.006645925,0.60233384,1.9016687,-0.024617206,-0.03012994,-0.0018364806,2.1012435,1.0457115,1.3818561,-0.0021577813,-0.0017051926
ATAC_PEX12,1.2886138,-0.023398282,0.8040318,0.7168919,-0.01999081,-0.008039989,0.60573524,2.2904255,-0.0264793,-0.033872407,-0.00012055656,2.241349,1.1201737,1.327325,0.13501322,-0.00014173068
ATAC_PFKFB1,1.4125849,-0.023292638,0.8017308,0.64857644,-0.020635482,-0.008703591,0.6392245,2.2677834,-0.02821476,-0.03378276,-0.0018338348,2.3194308,1.3187,1.4833907,-0.0003936064,-0.0011665588
ATAC_PFKP,1.4125849,-0.023292638,0.8017308,0.64857644,-0.020635482,-0.008703591,0.6392245,2.2677834,-0.02821476,-0.03378276,-0.0018338348,2.3194308,1.3187,1.4833907,-0.0003936064,-0.0011665588
ATAC_PGAP1,1.3990097,-0.024409989,0.6565998,0.71784043,-0.018224292,-0.010813156,0.78649265,2.1349409,-0.026574137,-0.031696294,-0.00041077577,2.0664485,1.2636955,1.4521892,0.017155461,-0.0031857484
ATAC_PGBD4,1.4125849,-0.023292638,0.8017308,0.64857644,-0.020635482,-0.008703591,0.6392245,2.2677834,-0.02821476,-0.03378276,-0.0018338348,2.3194308,1.3187,1.4833907,-0.0003936064,-0.0011665588
ATAC_PGGHG,1.4271156,-0.023392387,0.8295836,0.69112873,-0.020968633,-0.009397985,0.6499647,2.2774303,-0.027450422,-0.033606153,-0.0025052973,2.2597353,1.3681476,1.5032365,-0.00049101916,-0.0013785011
ATAC_PGM2L1,1.4125849,-0.023292638,0.8017308,0.64857644,-0.020635482,-0.008703591,0.6392245,2.2677834,-0.02821476,-0.03378276,-0.0018338348,2.3194308,1.3187,1.4833907,-0.0003936064,-0.0011665588
ATAC_PGM5P4-AS1,1.4137145,-0.02329587,0.8009426,0.6493965,-0.020645084,-0.008709131,0.6389275,2.2688508,-0.02820855,-0.033780575,-0.0018293677,2.320351,1.3191029,1.482799,-0.0003975999,-0.0011733394
ATAC_PHC1,1.4848722,-0.021887915,0.75252235,0.6572543,-0.01905726,-0.007781316,0.5756423,2.1572971,-0.027092801,-0.03268414,-0.00041093177,2.2740304,1.1220263,1.4568973,-0.00074900565,-0.00036190182
ATAC_PHF1,1.341615,-0.023524133,0.81807286,0.63170266,-0.019818472,-0.008723032,0.6229923,2.2128026,-0.028302183,-0.03313144,-0.0025555568,2.2256222,1.367491,1.4789721,-0.001114267,-0.0012814783
ATAC_PHF7,1.371523,-0.023149423,0.76118994,0.5021149,-0.021302905,-0.008348783,0.63556135,2.2301831,-0.026870748,-0.03273478,-0.0015983166,2.357658,1.2165691,1.3962382,0.026681513,-5.8287158e-05
ATAC_PHLDA3,1.3652904,-0.022982465,0.74883455,0.5799632,-0.020713909,-0.0089688385,0.6520258,2.2598364,-0.027539706,-0.03332276,-0.0016806397,2.3615706,1.3598664,1.4768136,-0.00013004898,-0.0010180708
ATAC_PHLDB3,1.4125849,-0.023292638,0.8017308,0.64857644,-0.020635482,-0.008703591,0.6392245,2.2677834,-0.02821476,-0.03378276,-0.0018338348,2.3194308,1.3187,1.4833907,-0.0003936064,-0.0011665588
ATAC_PHOX2A,1.4125849,-0.023292638,0.8017308,0.64857644,-0.020635482,-0.008703591,0.6392245,2.2677834,-0.02821476,-0.03378276,-0.0018338348,2.3194308,1.3187,1.4833907,-0.0003936064,-0.0011665588
ATAC_PHYH,1.4125849,-0.023292638,0.8017308,0.64857644,-0.020635482,-0.008703591,0.6392245,2.2677834,-0.02821476,-0.03378276,-0.0018338348,2.3194308,1.3187,1.4833907,-0.0003936064,-0.0011665588
ATAC_PHYHIPL,1.4125849,-0.023292638,0.8017308,0.64857644,-0.020635482,-0.008703591,0.6392245,2.2677834,-0.02821476,-0.03378276,-0.0018338348,2.3194308,1.3187,1.4833907,-0.0003936064,-0.0011665588
ATAC_PICART1,1.4125849,-0.023292638,0.8017308,0.64857644,-0.020635482,-0.008703591,0.6392245,2.2677834,-0.02821476,-0.03378276,-0.0018338348,2.3194308,1.3187,1.4833907,-0.0003936064,-0.0011665588
ATAC_PID1,1.4125849,-0.023292638,0.8017308,0.64857644,-0.020635482,-0.008703591,0.6392245,2.2677834,-0.02821476,-0.03378276,-0.0018338348,2.3194308,1.3187,1.4833907,-0.0003936064,-0.0011665588
ATAC_PIF1,1.4888421,-0.019520069,0.5995763,0.706227,-0.018661655,-0.007817254,0.48694384,2.0320282,-0.025060697,-0.030242924,0.032263,2.138259,1.4176911,1.3404392,-0.0011982796,0.075745426
ATAC_PIGK,1.4125849,-0.023292638,0.8017308,0.64857644,-0.020635482,-0.008703591,0.6392245,2.2677834,-0.02821476,-0.03378276,-0.0018338348,2.3194308,1.3187,1.4833907,-0.0003936064,-0.0011665588
ATAC_PIGL,1.4125849,-0.023292638,0.8017308,0.64857644,-0.020635482,-0.008703591,0.6392245,2.2677834,-0.02821476,-0.03378276,-0.0018338348,2.3194308,1.3187,1.4833907,-0.0003936064,-0.0011665588
ATAC_PITPNM2,1.4125849,-0.023292638,0.8017308,0.64857644,-0.020635482,-0.008703591,0.6392245,2.2677834,-0.02821476,-0.03378276,-0.0018338348,2.3194308,1.3187,1.4833907,-0.0003936064,-0.0011665588
ATAC_PKD1,1.4125849,-0.023292638,0.8017308,0.64857644,-0.020635482,-0.008703591,0.6392245,2.2677834,-0.02821476,-0.03378276,-0.0018338348,2.3194308,1.3187,1.4833907,-0.0003936064,-0.0011665588
ATAC_PKIA,1.4125849,-0.023292638,0.8017308,0.64857644,-0.020635482,-0.008703591,0.6392245,2.2677834,-0.02821476,-0.03378276,-0.0018338348,2.3194308,1.3187,1.4833907,-0.0003936064,-0.0011665588
ATAC_PLA2G4E-AS1,1.3721014,-0.020222288,0.8290009,0.42491955,-0.020895863,-0.006715822,0.8264154,2.05837,-0.025780298,-0.030049132,-0.0008473828,2.1059058,1.2954988,1.2579331,0.08918674,-0.0007479474
ATAC_PLA2G6,1.4125849,-0.023292638,0.8017308,0.64857644,-0.020635482,-0.008703591,0.6392245,2.2677834,-0.02821476,-0.03378276,-0.0018338348,2.3194308,1.3187,1.4833907,-0.0003936064,-0.0011665588
ATAC_PLAAT2,1.4125849,-0.023292638,0.8017308,0.64857644,-0.020635482,-0.008703591,0.6392245,2.2677834,-0.02821476,-0.03378276,-0.0018338348,2.3194308,1.3187,1.4833907,-0.0003936064,-0.0011665588
ATAC_PLAC1,1.4125849,-0.023292638,0.8017308,0.64857644,-0.020635482,-0.008703591,0.6392245,2.2677834,-0.02821476,-0.03378276,-0.0018338348,2.3194308,1.3187,1.4833907,-0.0003936064,-0.0011665588
ATAC_PLAUR,1.4125849,-0.023292638,0.8017308,0.64857644,-0.020635482,-0.008703591,0.6392245,2.2677834,-0.02821476,-0.03378276,-0.0018338348,2.3194308,1.3187,1.4833907,-0.0003936064,-0.0011665588
ATAC_PLCG1,1.4125849,-0.023292638,0.8017308,0.64857644,-0.020635482,-0.008703591,0.6392245,2.2677834,-0.02821476,-0.03378276,-0.0018338348,2.3194308,1.3187,1.4833907,-0.0003936064,-0.0011665588
ATAC_PLCL1,1.492775,-0.023186313,0.95870185,0.5833332,-0.01813574,-0.010468844,0.6704174,2.3450425,-0.026279798,-0.033630207,-0.000938206,2.2868438,1.2921569,1.4577509,0.14635035,-0.002894342
ATAC_PLCXD2,1.4125849,-0.023292638,0.8017308,0.64857644,-0.020635482,-0.008703591,0.6392245,2.2677834,-0.02821476,-0.03378276,-0.0018338348,2.3194308,1.3187,1.4833907,-0.0003936064,-0.0011665588
ATAC_PLD5,1.4125849,-0.023292638,0.8017308,0.64857644,-0.020635482,-0.008703591,0.6392245,2.2677834,-0.02821476,-0.03378276,-0.0018338348,2.3194308,1.3187,1.4833907,-0.0003936064,-0.0011665588
ATAC_PLEKHA1,1.4125849,-0.023292638,0.8017308,0.64857644,-0.020635482,-0.008703591,0.6392245,2.2677834,-0.02821476,-0.03378276,-0.0018338348,2.3194308,1.3187,1.4833907,-0.0003936064,-0.0011665588
ATAC_PLEKHA5,1.4125849,-0.023292638,0.8017308,0.64857644,-0.020635482,-0.008703591,0.6392245,2.2677834,-0.02821476,-0.03378276,-0.0018338348,2.3194308,1.3187,1.4833907,-0.0003936064,-0.0011665588
ATAC_PLEKHF1,1.4104106,-0.023309104,0.79957646,0.64951706,-0.020605762,-0.008712372,0.6379734,2.2672656,-0.028188275,-0.03376633,-0.0018315454,2.3179383,1.3179502,1.4859527,-0.00037308782,-0.001148743
ATAC_PLEKHG1,1.4125849,-0.023292638,0.8017308,0.64857644,-0.020635482,-0.008703591,0.6392245,2.2677834,-0.02821476,-0.03378276,-0.0018338348,2.3194308,1.3187,1.4833907,-0.0003936064,-0.0011665588
ATAC_PLGRKT,1.4125849,-0.023292638,0.8017308,0.64857644,-0.020635482,-0.008703591,0.6392245,2.2677834,-0.02821476,-0.03378276,-0.0018338348,2.3194308,1.3187,1.4833907,-0.0003936064,-0.0011665588
ATAC_PLPP1,1.3946742,-0.022655874,0.6661938,0.64601344,-0.019384641,-0.008034056,0.6784773,2.2764227,-0.027240228,-0.03443405,-0.0026611283,2.1614032,1.1651657,1.4507954,-0.0009890946,-0.0018357891
ATAC_PLPPR3,1.4125849,-0.023292638,0.8017308,0.64857644,-0.020635482,-0.008703591,0.6392245,2.2677834,-0.02821476,-0.03378276,-0.0018338348,2.3194308,1.3187,1.4833907,-0.0003936064,-0.0011665588
ATAC_PLXDC1,1.4137145,-0.02329587,0.8009426,0.6493965,-0.020645084,-0.008709131,0.6389275,2.2688508,-0.02820855,-0.033780575,-0.0018293677,2.320351,1.3191029,1.482799,-0.0003975999,-0.0011733394
ATAC_PLXDC2,1.4125849,-0.023292638,0.8017308,0.64857644,-0.020635482,-0.008703591,0.6392245,2.2677834,-0.02821476,-0.03378276,-0.0018338348,2.3194308,1.3187,1.4833907,-0.0003936064,-0.0011665588
ATAC_PLXNA3,1.4125849,-0.023292638,0.8017308,0.64857644,-0.020635482,-0.008703591,0.6392245,2.2677834,-0.02821476,-0.03378276,-0.0018338348,2.3194308,1.3187,1.4833907,-0.0003936064,-0.0011665588
ATAC_PM20D1,1.4125849,-0.023292638,0.8017308,0.64857644,-0.020635482,-0.008703591,0.6392245,2.2677834,-0.02821476,-0.03378276,-0.0018338348,2.3194308,1.3187,1.4833907,-0.0003936064,-0.0011665588
ATAC_PMS1,1.4125849,-0.023292638,0.8017308,0.64857644,-0.020635482,-0.008703591,0.6392245,2.2677834,-0.02821476,-0.03378276,-0.0018338348,2.3194308,1.3187,1.4833907,-0.0003936064,-0.0011665588
ATAC_PNMT,1.4125849,-0.023292638,0.8017308,0.64857644,-0.020635482,-0.008703591,0.6392245,2.2677834,-0.02821476,-0.03378276,-0.0018338348,2.3194308,1.3187,1.4833907,-0.0003936064,-0.0011665588
ATAC_PNPLA2,1.4125849,-0.023292638,0.8017308,0.64857644,-0.020635482,-0.008703591,0.6392245,2.2677834,-0.02821476,-0.03378276,-0.0018338348,2.3194308,1.3187,1.4833907,-0.0003936064,-0.0011665588
ATAC_PNPLA3,1.4125849,-0.023292638,0.8017308,0.64857644,-0.020635482,-0.008703591,0.6392245,2.2677834,-0.02821476,-0.03378276,-0.0018338348,2.3194308,1.3187,1.4833907,-0.0003936064,-0.0011665588
ATAC_POC5,1.3396465,-0.023580937,0.7509962,0.66734135,-0.020699682,-0.009167733,0.6626581,2.2878432,-0.02752281,-0.03304971,-0.0019281758,2.356728,1.3630004,1.5420486,-0.00024037166,-0.0012737679
ATAC_POLR3E,1.4125849,-0.023292638,0.8017308,0.64857644,-0.020635482,-0.008703591,0.6392245,2.2677834,-0.02821476,-0.03378276,-0.0018338348,2.3194308,1.3187,1.4833907,-0.0003936064,-0.0011665588
ATAC_POMT1,1.4125849,-0.023292638,0.8017308,0.64857644,-0.020635482,-0.008703591,0.6392245,2.2677834,-0.02821476,-0.03378276,-0.0018338348,2.3194308,1.3187,1.4833907,-0.0003936064,-0.0011665588
ATAC_POT1-AS1,1.4104106,-0.023309104,0.79957646,0.64951706,-0.020605762,-0.008712372,0.6379734,2.2672656,-0.028188275,-0.03376633,-0.0018315454,2.3179383,1.3179502,1.4859527,-0.00037308782,-0.001148743
ATAC_POU3F1,1.4125849,-0.023292638,0.8017308,0.64857644,-0.020635482,-0.008703591,0.6392245,2.2677834,-0.02821476,-0.03378276,-0.0018338348,2.3194308,1.3187,1.4833907,-0.0003936064,-0.0011665588
ATAC_POU6F1,1.4125849,-0.023292638,0.8017308,0.64857644,-0.020635482,-0.008703591,0.6392245,2.2677834,-0.02821476,-0.03378276,-0.0018338348,2.3194308,1.3187,1.4833907,-0.0003936064,-0.0011665588
ATAC_PPIAL4G,1.4125849,-0.023292638,0.8017308,0.64857644,-0.020635482,-0.008703591,0.6392245,2.2677834,-0.02821476,-0.03378276,-0.0018338348,2.3194308,1.3187,1.4833907,-0.0003936064,-0.0011665588
ATAC_PPM1E,1.4125849,-0.023292638,0.8017308,0.64857644,-0.020635482,-0.008703591,0.6392245,2.2677834,-0.02821476,-0.03378276,-0.0018338348,2.3194308,1.3187,1.4833907,-0.0003936064,-0.0011665588
ATAC_PPM1K-DT,1.4125849,-0.023292638,0.8017308,0.64857644,-0.020635482,-0.008703591,0.6392245,2.2677834,-0.02821476,-0.03378276,-0.0018338348,2.3194308,1.3187,1.4833907,-0.0003936064,-0.0011665588
ATAC_PPP1R10,1.4125849,-0.023292638,0.8017308,0.64857644,-0.020635482,-0.008703591,0.6392245,2.2677834,-0.02821476,-0.03378276,-0.0018338348,2.3194308,1.3187,1.4833907,-0.0003936064,-0.0011665588
ATAC_PPP1R12A-AS1,1.4125849,-0.023292638,0.8017308,0.64857644,-0.020635482,-0.008703591,0.6392245,2.2677834,-0.02821476,-0.03378276,-0.0018338348,2.3194308,1.3187,1.4833907,-0.0003936064,-0.0011665588
ATAC_PPP1R14B-AS1,1.3721014,-0.020222288,0.8290009,0.42491955,-0.020895863,-0.006715822,0.8264154,2.05837,-0.025780298,-0.030049132,-0.0008473828,2.1059058,1.2954988,1.2579331,0.08918674,-0.0007479474
ATAC_PPP1R36,1.4125849,-0.023292638,0.8017308,0.64857644,-0.020635482,-0.008703591,0.6392245,2.2677834,-0.02821476,-0.03378276,-0.0018338348,2.3194308,1.3187,1.4833907,-0.0003936064,-0.0011665588
ATAC_PPP1R9A,1.4125849,-0.023292638,0.8017308,0.64857644,-0.020635482,-0.008703591,0.6392245,2.2677834,-0.02821476,-0.03378276,-0.0018338348,2.3194308,1.3187,1.4833907,-0.0003936064,-0.0011665588
ATAC_PPP2R3B,1.4125849,-0.023292638,0.8017308,0.64857644,-0.020635482,-0.008703591,0.6392245,2.2677834,-0.02821476,-0.03378276,-0.0018338348,2.3194308,1.3187,1.4833907,-0.0003936064,-0.0011665588
ATAC_PPP4R1-AS1,1.4125849,-0.023292638,0.8017308,0.64857644,-0.020635482,-0.008703591,0.6392245,2.2677834,-0.02821476,-0.03378276,-0.0018338348,2.3194308,1.3187,1.4833907,-0.0003936064,-0.0011665588
ATAC_PRAG1,1.4125849,-0.023292638,0.8017308,0.64857644,-0.020635482,-0.008703591,0.6392245,2.2677834,-0.02821476,-0.03378276,-0.0018338348,2.3194308,1.3187,1.4833907,-0.0003936064,-0.0011665588
ATAC_PRAME,1.4105314,-0.02325152,0.7991245,0.64747995,-0.02061072,-0.008690771,0.636172,2.2631497,-0.028197767,-0.033744883,-0.0018489436,2.318945,1.3171363,1.4813086,-0.00036405234,-0.0011508906
ATAC_PRDM1,1.4125849,-0.023292638,0.8017308,0.64857644,-0.020635482,-0.008703591,0.6392245,2.2677834,-0.02821476,-0.03378276,-0.0018338348,2.3194308,1.3187,1.4833907,-0.0003936064,-0.0011665588
ATAC_PREPL,1.4106811,-0.023251444,0.80003214,0.64652175,-0.020607693,-0.008685001,0.63500607,2.262707,-0.028189063,-0.03375937,-0.0018521491,2.31929,1.3180764,1.4802611,-0.0003725022,-0.0011620325
ATAC_PREX2,1.4125849,-0.023292638,0.8017308,0.64857644,-0.020635482,-0.008703591,0.6392245,2.2677834,-0.02821476,-0.03378276,-0.0018338348,2.3194308,1.3187,1.4833907,-0.0003936064,-0.0011665588
ATAC_PRF1,1.4125849,-0.023292638,0.8017308,0.64857644,-0.020635482,-0.008703591,0.6392245,2.2677834,-0.02821476,-0.03378276,-0.0018338348,2.3194308,1.3187,1.4833907,-0.0003936064,-0.0011665588
ATAC_PRICKLE4,1.4125849,-0.023292638,0.8017308,0.64857644,-0.020635482,-0.008703591,0.6392245,2.2677834,-0.02821476,-0.03378276,-0.0018338348,2.3194308,1.3187,1.4833907,-0.0003936064,-0.0011665588
ATAC_PRIM2,1.4063948,-0.022367306,0.7271749,0.69755614,-0.021067811,-0.0090535795,0.5968012,2.2347817,-0.028394908,-0.034352824,-0.0025593417,2.348007,1.3284153,1.5106052,0.017504789,-0.0009885073
ATAC_PRKAR1B,1.4125849,-0.023292638,0.8017308,0.64857644,-0.020635482,-0.008703591,0.6392245,2.2677834,-0.02821476,-0.03378276,-0.0018338348,2.3194308,1.3187,1.4833907,-0.0003936064,-0.0011665588
ATAC_PRKCA-AS1,1.4127346,-0.023292562,0.8026385,0.64761823,-0.020632455,-0.008697822,0.6380586,2.2673407,-0.028206052,-0.03379725,-0.0018370403,2.3197758,1.3196402,1.4823432,-0.00040205597,-0.0011777007
ATAC_PRKCG,1.4125849,-0.023292638,0.8017308,0.64857644,-0.020635482,-0.008703591,0.6392245,2.2677834,-0.02821476,-0.03378276,-0.0018338348,2.3194308,1.3187,1.4833907,-0.0003936064,-0.0011665588
ATAC_PRKCQ-AS1,1.4125849,-0.023292638,0.8017308,0.64857644,-0.020635482,-0.008703591,0.6392245,2.2677834,-0.02821476,-0.03378276,-0.0018338348,2.3194308,1.3187,1.4833907,-0.0003936064,-0.0011665588
ATAC_PRKD2,1.4858432,-0.023543715,0.7068908,0.55857843,-0.018806776,-0.0072389976,0.6906159,2.0854418,-0.027196279,-0.032130525,-0.002061214,2.150608,1.1790088,1.3634757,-0.0020589253,-0.0013641614
ATAC_PRKN,1.4125849,-0.023292638,0.8017308,0.64857644,-0.020635482,-0.008703591,0.6392245,2.2677834,-0.02821476,-0.03378276,-0.0018338348,2.3194308,1.3187,1.4833907,-0.0003936064,-0.0011665588
ATAC_PRKRIP1,1.4125849,-0.023292638,0.8017308,0.64857644,-0.020635482,-0.008703591,0.6392245,2.2677834,-0.02821476,-0.03378276,-0.0018338348,2.3194308,1.3187,1.4833907,-0.0003936064,-0.0011665588
ATAC_PRKX,1.4125849,-0.023292638,0.8017308,0.64857644,-0.020635482,-0.008703591,0.6392245,2.2677834,-0.02821476,-0.03378276,-0.0018338348,2.3194308,1.3187,1.4833907,-0.0003936064,-0.0011665588
ATAC_PRORP,1.4125849,-0.023292638,0.8017308,0.64857644,-0.020635482,-0.008703591,0.6392245,2.2677834,-0.02821476,-0.03378276,-0.0018338348,2.3194308,1.3187,1.4833907,-0.0003936064,-0.0011665588
ATAC_PROS1,1.4125849,-0.023292638,0.8017308,0.64857644,-0.020635482,-0.008703591,0.6392245,2.2677834,-0.02821476,-0.03378276,-0.0018338348,2.3194308,1.3187,1.4833907,-0.0003936064,-0.0011665588
ATAC_PROX2,1.4125849,-0.023292638,0.8017308,0.64857644,-0.020635482,-0.008703591,0.6392245,2.2677834,-0.02821476,-0.03378276,-0.0018338348,2.3194308,1.3187,1.4833907,-0.0003936064,-0.0011665588
ATAC_PRR3,1.5046868,-0.021733219,0.8811911,0.7689369,-0.01877653,-0.009070712,0.5666421,2.1968246,-0.028077228,-0.031377513,-0.0031115457,2.233477,1.2062994,1.5893044,-0.0007109964,-0.0024455206
ATAC_PRR5,1.4125849,-0.023292638,0.8017308,0.64857644,-0.020635482,-0.008703591,0.6392245,2.2677834,-0.02821476,-0.03378276,-0.0018338348,2.3194308,1.3187,1.4833907,-0.0003936064,-0.0011665588
ATAC_PRR5L,1.4125849,-0.023292638,0.8017308,0.64857644,-0.020635482,-0.008703591,0.6392245,2.2677834,-0.02821476,-0.03378276,-0.0018338348,2.3194308,1.3187,1.4833907,-0.0003936064,-0.0011665588
ATAC_PRRG2,1.4125849,-0.023292638,0.8017308,0.64857644,-0.020635482,-0.008703591,0.6392245,2.2677834,-0.02821476,-0.03378276,-0.0018338348,2.3194308,1.3187,1.4833907,-0.0003936064,-0.0011665588
ATAC_PRRT2,1.4125849,-0.023292638,0.8017308,0.64857644,-0.020635482,-0.008703591,0.6392245,2.2677834,-0.02821476,-0.03378276,-0.0018338348,2.3194308,1.3187,1.4833907,-0.0003936064,-0.0011665588
ATAC_PRRT4,1.4125849,-0.023292638,0.8017308,0.64857644,-0.020635482,-0.008703591,0.6392245,2.2677834,-0.02821476,-0.03378276,-0.0018338348,2.3194308,1.3187,1.4833907,-0.0003936064,-0.0011665588
ATAC_PRSS22,1.4105314,-0.02325152,0.7991245,0.64747995,-0.02061072,-0.008690771,0.636172,2.2631497,-0.028197767,-0.033744883,-0.0018489436,2.318945,1.3171363,1.4813086,-0.00036405234,-0.0011508906
ATAC_PRSS35,1.4125849,-0.023292638,0.8017308,0.64857644,-0.020635482,-0.008703591,0.6392245,2.2677834,-0.02821476,-0.03378276,-0.0018338348,2.3194308,1.3187,1.4833907,-0.0003936064,-0.0011665588
ATAC_PRSS38,1.4125849,-0.023292638,0.8017308,0.64857644,-0.020635482,-0.008703591,0.6392245,2.2677834,-0.02821476,-0.03378276,-0.0018338348,2.3194308,1.3187,1.4833907,-0.0003936064,-0.0011665588
ATAC_PRTG,1.4125849,-0.023292638,0.8017308,0.64857644,-0.020635482,-0.008703591,0.6392245,2.2677834,-0.02821476,-0.03378276,-0.0018338348,2.3194308,1.3187,1.4833907,-0.0003936064,-0.0011665588
ATAC_PSD2-AS1,1.4125849,-0.023292638,0.8017308,0.64857644,-0.020635482,-0.008703591,0.6392245,2.2677834,-0.02821476,-0.03378276,-0.0018338348,2.3194308,1.3187,1.4833907,-0.0003936064,-0.0011665588
ATAC_PSD4,1.4121956,-0.0232928,0.8024285,0.64799565,-0.020630991,-0.008695753,0.6389291,2.2674978,-0.028209936,-0.033783376,-0.0018392464,2.3199787,1.3190559,1.4839792,-0.00039519905,-0.0011674433
ATAC_PSMD5,1.4125849,-0.023292638,0.8017308,0.64857644,-0.020635482,-0.008703591,0.6392245,2.2677834,-0.02821476,-0.03378276,-0.0018338348,2.3194308,1.3187,1.4833907,-0.0003936064,-0.0011665588
ATAC_PSORS1C1,1.4125849,-0.023292638,0.8017308,0.64857644,-0.020635482,-0.008703591,0.6392245,2.2677834,-0.02821476,-0.03378276,-0.0018338348,2.3194308,1.3187,1.4833907,-0.0003936064,-0.0011665588
ATAC_PTCH1,1.4125849,-0.023292638,0.8017308,0.64857644,-0.020635482,-0.008703591,0.6392245,2.2677834,-0.02821476,-0.03378276,-0.0018338348,2.3194308,1.3187,1.4833907,-0.0003936064,-0.0011665588
ATAC_PTCH2,1.4125849,-0.023292638,0.8017308,0.64857644,-0.020635482,-0.008703591,0.6392245,2.2677834,-0.02821476,-0.03378276,-0.0018338348,2.3194308,1.3187,1.4833907,-0.0003936064,-0.0011665588
ATAC_PTGDR,1.4124852,-0.023287594,0.8008888,0.64767927,-0.020629339,-0.008697394,0.63905823,2.266973,-0.028219497,-0.03378779,-0.0018381361,2.319236,1.3185261,1.4836047,-0.00039514242,-0.0011609077
ATAC_PTGDS,1.4125849,-0.023292638,0.8017308,0.64857644,-0.020635482,-0.008703591,0.6392245,2.2677834,-0.02821476,-0.03378276,-0.0018338348,2.3194308,1.3187,1.4833907,-0.0003936064,-0.0011665588
ATAC_PTH2,1.4271156,-0.023392387,0.8295836,0.69112873,-0.020968633,-0.009397985,0.6499647,2.2774303,-0.027450422,-0.033606153,-0.0025052973,2.2597353,1.3681476,1.5032365,-0.00049101916,-0.0013785011
ATAC_PTOV1-AS1,1.4125849,-0.023292638,0.8017308,0.64857644,-0.020635482,-0.008703591,0.6392245,2.2677834,-0.02821476,-0.03378276,-0.0018338348,2.3194308,1.3187,1.4833907,-0.0003936064,-0.0011665588
ATAC_PTPN12,1.4858432,-0.023543715,0.7068908,0.55857843,-0.018806776,-0.0072389976,0.6906159,2.0854418,-0.027196279,-0.032130525,-0.002061214,2.150608,1.1790088,1.3634757,-0.0020589253,-0.0013641614
ATAC_PTPN22,1.41103,-0.02327839,0.8014369,0.6470954,-0.020652328,-0.008714188,0.6401549,2.265462,-0.028223475,-0.033767477,-0.0018437773,2.3199003,1.3163702,1.4821539,-0.0004132001,-0.0011554653
ATAC_PTPN7,1.4124068,-0.02327248,0.79874843,0.6493369,-0.020631136,-0.008673036,0.6366332,2.2652888,-0.028169967,-0.03375177,-0.0018434615,2.3161504,1.3161155,1.4865477,-0.0003547457,-0.0011790764
ATAC_PTPRG,1.4125849,-0.023292638,0.8017308,0.64857644,-0.020635482,-0.008703591,0.6392245,2.2677834,-0.02821476,-0.03378276,-0.0018338348,2.3194308,1.3187,1.4833907,-0.0003936064,-0.0011665588
ATAC_PTPRK,1.4125849,-0.023292638,0.8017308,0.64857644,-0.020635482,-0.008703591,0.6392245,2.2677834,-0.02821476,-0.03378276,-0.0018338348,2.3194308,1.3187,1.4833907,-0.0003936064,-0.0011665588
ATAC_PTPRM,1.4125849,-0.023292638,0.8017308,0.64857644,-0.020635482,-0.008703591,0.6392245,2.2677834,-0.02821476,-0.03378276,-0.0018338348,2.3194308,1.3187,1.4833907,-0.0003936064,-0.0011665588
ATAC_PURA,1.4125849,-0.023292638,0.8017308,0.64857644,-0.020635482,-0.008703591,0.6392245,2.2677834,-0.02821476,-0.03378276,-0.0018338348,2.3194308,1.3187,1.4833907,-0.0003936064,-0.0011665588
ATAC_PWWP3A,1.4125849,-0.023292638,0.8017308,0.64857644,-0.020635482,-0.008703591,0.6392245,2.2677834,-0.02821476,-0.03378276,-0.0018338348,2.3194308,1.3187,1.4833907,-0.0003936064,-0.0011665588
ATAC_PYHIN1,1.4125849,-0.023292638,0.8017308,0.64857644,-0.020635482,-0.008703591,0.6392245,2.2677834,-0.02821476,-0.03378276,-0.0018338348,2.3194308,1.3187,1.4833907,-0.0003936064,-0.0011665588
ATAC_RAB11FIP3,1.4123738,-0.02328774,0.80262357,0.6487583,-0.020633606,-0.008713098,0.6401319,2.2666583,-0.028221542,-0.033781063,-0.001831303,2.318974,1.3176168,1.4840212,-0.0003836432,-0.0011672133
ATAC_RAB17,1.4125849,-0.023292638,0.8017308,0.64857644,-0.020635482,-0.008703591,0.6392245,2.2677834,-0.02821476,-0.03378276,-0.0018338348,2.3194308,1.3187,1.4833907,-0.0003936064,-0.0011665588
ATAC_RAB26,1.4125849,-0.023292638,0.8017308,0.64857644,-0.020635482,-0.008703591,0.6392245,2.2677834,-0.02821476,-0.03378276,-0.0018338348,2.3194308,1.3187,1.4833907,-0.0003936064,-0.0011665588
ATAC_RAB27B,1.4125849,-0.023292638,0.8017308,0.64857644,-0.020635482,-0.008703591,0.6392245,2.2677834,-0.02821476,-0.03378276,-0.0018338348,2.3194308,1.3187,1.4833907,-0.0003936064,-0.0011665588
ATAC_RAB30-DT,1.4127346,-0.023292562,0.8026385,0.64761823,-0.020632455,-0.008697822,0.6380586,2.2673407,-0.028206052,-0.03379725,-0.0018370403,2.3197758,1.3196402,1.4823432,-0.00040205597,-0.0011777007
ATAC_RAB3IL1,1.4125849,-0.023292638,0.8017308,0.64857644,-0.020635482,-0.008703591,0.6392245,2.2677834,-0.02821476,-0.03378276,-0.0018338348,2.3194308,1.3187,1.4833907,-0.0003936064,-0.0011665588
ATAC_RAB9B,1.4125849,-0.023292638,0.8017308,0.64857644,-0.020635482,-0.008703591,0.6392245,2.2677834,-0.02821476,-0.03378276,-0.0018338348,2.3194308,1.3187,1.4833907,-0.0003936064,-0.0011665588
ATAC_RABEP2,1.4125849,-0.023292638,0.8017308,0.64857644,-0.020635482,-0.008703591,0.6392245,2.2677834,-0.02821476,-0.03378276,-0.0018338348,2.3194308,1.3187,1.4833907,-0.0003936064,-0.0011665588
ATAC_RABEPK,1.4689817,-0.023641355,0.8653239,0.62186706,-0.019994741,-0.008188886,0.6042081,2.1962237,-0.027275238,-0.034094058,-0.0014807768,2.3370345,1.3937435,1.4784871,-0.0010179308,-0.00110205
ATAC_RABGAP1L-DT,1.4125849,-0.023292638,0.8017308,0.64857644,-0.020635482,-0.008703591,0.6392245,2.2677834,-0.02821476,-0.03378276,-0.0018338348,2.3194308,1.3187,1.4833907,-0.0003936064,-0.0011665588
ATAC_RAC3,1.2886138,-0.023398282,0.8040318,0.7168919,-0.01999081,-0.008039989,0.60573524,2.2904255,-0.0264793,-0.033872407,-0.00012055656,2.241349,1.1201737,1.327325,0.13501322,-0.00014173068
ATAC_RAD23B,1.3990097,-0.024409989,0.6565998,0.71784043,-0.018224292,-0.010813156,0.78649265,2.1349409,-0.026574137,-0.031696294,-0.00041077577,2.0664485,1.2636955,1.4521892,0.017155461,-0.0031857484
ATAC_RAD51-AS1,1.4121956,-0.0232928,0.8024285,0.64799565,-0.020630991,-0.008695753,0.6389291,2.2674978,-0.028209936,-0.033783376,-0.0018392464,2.3199787,1.3190559,1.4839792,-0.00039519905,-0.0011674433
ATAC_RAD9A,1.1132568,-0.02122284,0.4892715,0.759075,-0.01829537,-0.007322742,0.44480938,1.7783387,-0.028359763,-0.027076581,-0.0033887806,2.1005046,1.2931695,1.0972195,0.155649,-0.0014601633
ATAC_RADIL,1.4125849,-0.023292638,0.8017308,0.64857644,-0.020635482,-0.008703591,0.6392245,2.2677834,-0.02821476,-0.03378276,-0.0018338348,2.3194308,1.3187,1.4833907,-0.0003936064,-0.0011665588
ATAC_RADX,1.4125849,-0.023292638,0.8017308,0.64857644,-0.020635482,-0.008703591,0.6392245,2.2677834,-0.02821476,-0.03378276,-0.0018338348,2.3194308,1.3187,1.4833907,-0.0003936064,-0.0011665588
ATAC_RALGDS,1.4125849,-0.023292638,0.8017308,0.64857644,-0.020635482,-0.008703591,0.6392245,2.2677834,-0.02821476,-0.03378276,-0.0018338348,2.3194308,1.3187,1.4833907,-0.0003936064,-0.0011665588
ATAC_RALY-AS1,1.3946742,-0.022655874,0.6661938,0.64601344,-0.019384641,-0.008034056,0.6784773,2.2764227,-0.027240228,-0.03443405,-0.0026611283,2.1614032,1.1651657,1.4507954,-0.0009890946,-0.0018357891
ATAC_RAMP1,1.4125849,-0.023292638,0.8017308,0.64857644,-0.020635482,-0.008703591,0.6392245,2.2677834,-0.02821476,-0.03378276,-0.0018338348,2.3194308,1.3187,1.4833907,-0.0003936064,-0.0011665588
ATAC_RASAL3,1.4125849,-0.023292638,0.8017308,0.64857644,-0.020635482,-0.008703591,0.6392245,2.2677834,-0.02821476,-0.03378276,-0.0018338348,2.3194308,1.3187,1.4833907,-0.0003936064,-0.0011665588
ATAC_RASGEF1A,1.4125849,-0.023292638,0.8017308,0.64857644,-0.020635482,-0.008703591,0.6392245,2.2677834,-0.02821476,-0.03378276,-0.0018338348,2.3194308,1.3187,1.4833907,-0.0003936064,-0.0011665588
ATAC_RASGRF2,1.41103,-0.02327839,0.8014369,0.6470954,-0.020652328,-0.008714188,0.6401549,2.265462,-0.028223475,-0.033767477,-0.0018437773,2.3199003,1.3163702,1.4821539,-0.0004132001,-0.0011554653
ATAC_RASIP1,1.4125849,-0.023292638,0.8017308,0.64857644,-0.020635482,-0.008703591,0.6392245,2.2677834,-0.02821476,-0.03378276,-0.0018338348,2.3194308,1.3187,1.4833907,-0.0003936064,-0.0011665588
ATAC_RASL11B,1.4125849,-0.023292638,0.8017308,0.64857644,-0.020635482,-0.008703591,0.6392245,2.2677834,-0.02821476,-0.03378276,-0.0018338348,2.3194308,1.3187,1.4833907,-0.0003936064,-0.0011665588
ATAC_RASSF1-AS1,1.4125849,-0.023292638,0.8017308,0.64857644,-0.020635482,-0.008703591,0.6392245,2.2677834,-0.02821476,-0.03378276,-0.0018338348,2.3194308,1.3187,1.4833907,-0.0003936064,-0.0011665588
ATAC_RB1-DT,1.4124852,-0.023287594,0.8008888,0.64767927,-0.020629339,-0.008697394,0.63905823,2.266973,-0.028219497,-0.03378779,-0.0018381361,2.319236,1.3185261,1.4836047,-0.00039514242,-0.0011609077
ATAC_RBIS,1.4125849,-0.023292638,0.8017308,0.64857644,-0.020635482,-0.008703591,0.6392245,2.2677834,-0.02821476,-0.03378276,-0.0018338348,2.3194308,1.3187,1.4833907,-0.0003936064,-0.0011665588
ATAC_RBL1,1.3721014,-0.020222288,0.8290009,0.42491955,-0.020895863,-0.006715822,0.8264154,2.05837,-0.025780298,-0.030049132,-0.0008473828,2.1059058,1.2954988,1.2579331,0.08918674,-0.0007479474
ATAC_RBM38,1.4125849,-0.023292638,0.8017308,0.64857644,-0.020635482,-0.008703591,0.6392245,2.2677834,-0.02821476,-0.03378276,-0.0018338348,2.3194308,1.3187,1.4833907,-0.0003936064,-0.0011665588
ATAC_RBM48,1.4125849,-0.023292638,0.8017308,0.64857644,-0.020635482,-0.008703591,0.6392245,2.2677834,-0.02821476,-0.03378276,-0.0018338348,2.3194308,1.3187,1.4833907,-0.0003936064,-0.0011665588
ATAC_RBP4,1.4125849,-0.023292638,0.8017308,0.64857644,-0.020635482,-0.008703591,0.6392245,2.2677834,-0.02821476,-0.03378276,-0.0018338348,2.3194308,1.3187,1.4833907,-0.0003936064,-0.0011665588
ATAC_RCAN3,1.4125849,-0.023292638,0.8017308,0.64857644,-0.020635482,-0.008703591,0.6392245,2.2677834,-0.02821476,-0.03378276,-0.0018338348,2.3194308,1.3187,1.4833907,-0.0003936064,-0.0011665588
ATAC_RCAN3AS,1.4124852,-0.023287594,0.8008888,0.64767927,-0.020629339,-0.008697394,0.63905823,2.266973,-0.028219497,-0.03378779,-0.0018381361,2.319236,1.3185261,1.4836047,-0.00039514242,-0.0011609077
ATAC_RDH12,1.4125849,-0.023292638,0.8017308,0.64857644,-0.020635482,-0.008703591,0.6392245,2.2677834,-0.02821476,-0.03378276,-0.0018338348,2.3194308,1.3187,1.4833907,-0.0003936064,-0.0011665588
ATAC_REST,1.4125849,-0.023292638,0.8017308,0.64857644,-0.020635482,-0.008703591,0.6392245,2.2677834,-0.02821476,-0.03378276,-0.0018338348,2.3194308,1.3187,1.4833907,-0.0003936064,-0.0011665588
ATAC_REXO1,1.4063948,-0.022367306,0.7271749,0.69755614,-0.021067811,-0.0090535795,0.5968012,2.2347817,-0.028394908,-0.034352824,-0.0025593417,2.348007,1.3284153,1.5106052,0.017504789,-0.0009885073
ATAC_REXO4,1.4125849,-0.023292638,0.8017308,0.64857644,-0.020635482,-0.008703591,0.6392245,2.2677834,-0.02821476,-0.03378276,-0.0018338348,2.3194308,1.3187,1.4833907,-0.0003936064,-0.0011665588
ATAC_RGL2,1.4125849,-0.023292638,0.8017308,0.64857644,-0.020635482,-0.008703591,0.6392245,2.2677834,-0.02821476,-0.03378276,-0.0018338348,2.3194308,1.3187,1.4833907,-0.0003936064,-0.0011665588
ATAC_RGS1,1.4125849,-0.023292638,0.8017308,0.64857644,-0.020635482,-0.008703591,0.6392245,2.2677834,-0.02821476,-0.03378276,-0.0018338348,2.3194308,1.3187,1.4833907,-0.0003936064,-0.0011665588
ATAC_RGS10,1.4125849,-0.023292638,0.8017308,0.64857644,-0.020635482,-0.008703591,0.6392245,2.2677834,-0.02821476,-0.03378276,-0.0018338348,2.3194308,1.3187,1.4833907,-0.0003936064,-0.0011665588
ATAC_RGS16,1.3321224,-0.023294413,0.735883,0.6972524,-0.020130107,-0.008047949,0.6280316,2.1828496,-0.028478064,-0.034258723,-0.002596739,2.301553,1.340568,1.3898956,-0.00060153723,-0.0017894763
ATAC_RGS3,1.4125849,-0.023292638,0.8017308,0.64857644,-0.020635482,-0.008703591,0.6392245,2.2677834,-0.02821476,-0.03378276,-0.0018338348,2.3194308,1.3187,1.4833907,-0.0003936064,-0.0011665588
ATAC_RGS6,1.4125849,-0.023292638,0.8017308,0.64857644,-0.020635482,-0.008703591,0.6392245,2.2677834,-0.02821476,-0.03378276,-0.0018338348,2.3194308,1.3187,1.4833907,-0.0003936064,-0.0011665588
ATAC_RGS7,1.4105314,-0.02325152,0.7991245,0.64747995,-0.02061072,-0.008690771,0.636172,2.2631497,-0.028197767,-0.033744883,-0.0018489436,2.318945,1.3171363,1.4813086,-0.00036405234,-0.0011508906
ATAC_RGS9,1.4125849,-0.023292638,0.8017308,0.64857644,-0.020635482,-0.008703591,0.6392245,2.2677834,-0.02821476,-0.03378276,-0.0018338348,2.3194308,1.3187,1.4833907,-0.0003936064,-0.0011665588
ATAC_RHBDD1,1.4125849,-0.023292638,0.8017308,0.64857644,-0.020635482,-0.008703591,0.6392245,2.2677834,-0.02821476,-0.03378276,-0.0018338348,2.3194308,1.3187,1.4833907,-0.0003936064,-0.0011665588
ATAC_RHCE,1.4124852,-0.023287594,0.8008888,0.64767927,-0.020629339,-0.008697394,0.63905823,2.266973,-0.028219497,-0.03378779,-0.0018381361,2.319236,1.3185261,1.4836047,-0.00039514242,-0.0011609077
ATAC_RHO,1.4125849,-0.023292638,0.8017308,0.64857644,-0.020635482,-0.008703591,0.6392245,2.2677834,-0.02821476,-0.03378276,-0.0018338348,2.3194308,1.3187,1.4833907,-0.0003936064,-0.0011665588
ATAC_RHOT2,1.4125849,-0.023292638,0.8017308,0.64857644,-0.020635482,-0.008703591,0.6392245,2.2677834,-0.02821476,-0.03378276,-0.0018338348,2.3194308,1.3187,1.4833907,-0.0003936064,-0.0011665588
ATAC_RHOXF1,1.4125849,-0.023292638,0.8017308,0.64857644,-0.020635482,-0.008703591,0.6392245,2.2677834,-0.02821476,-0.03378276,-0.0018338348,2.3194308,1.3187,1.4833907,-0.0003936064,-0.0011665588
ATAC_RHPN1-AS1,1.4125849,-0.023292638,0.8017308,0.64857644,-0.020635482,-0.008703591,0.6392245,2.2677834,-0.02821476,-0.03378276,-0.0018338348,2.3194308,1.3187,1.4833907,-0.0003936064,-0.0011665588
ATAC_RIF1,1.4984969,-0.020807888,0.80663514,0.8179166,-0.01920886,-0.009420699,0.5242188,2.1638227,-0.028257377,-0.031947576,-0.0038370525,2.2620533,1.2160146,1.616519,-0.000142342,-0.0022674692
ATAC_RILPL1,1.4125849,-0.023292638,0.8017308,0.64857644,-0.020635482,-0.008703591,0.6392245,2.2677834,-0.02821476,-0.03378276,-0.0018338348,2.3194308,1.3187,1.4833907,-0.0003936064,-0.0011665588
ATAC_RIMKLB,1.4125849,-0.023292638,0.8017308,0.64857644,-0.020635482,-0.008703591,0.6392245,2.2677834,-0.02821476,-0.03378276,-0.0018338348,2.3194308,1.3187,1.4833907,-0.0003936064,-0.0011665588
ATAC_RN7SL832P,1.4125849,-0.023292638,0.8017308,0.64857644,-0.020635482,-0.008703591,0.6392245,2.2677834,-0.02821476,-0.03378276,-0.0018338348,2.3194308,1.3187,1.4833907,-0.0003936064,-0.0011665588
ATAC_RNASE11,1.4125849,-0.023292638,0.8017308,0.64857644,-0.020635482,-0.008703591,0.6392245,2.2677834,-0.02821476,-0.03378276,-0.0018338348,2.3194308,1.3187,1.4833907,-0.0003936064,-0.0011665588
ATAC_RNASEH2A,1.3721014,-0.020222288,0.8290009,0.42491955,-0.020895863,-0.006715822,0.8264154,2.05837,-0.025780298,-0.030049132,-0.0008473828,2.1059058,1.2954988,1.2579331,0.08918674,-0.0007479474
ATAC_RNF113A,1.4125849,-0.023292638,0.8017308,0.64857644,-0.020635482,-0.008703591,0.6392245,2.2677834,-0.02821476,-0.03378276,-0.0018338348,2.3194308,1.3187,1.4833907,-0.0003936064,-0.0011665588
ATAC_RNF115,1.4125849,-0.023292638,0.8017308,0.64857644,-0.020635482,-0.008703591,0.6392245,2.2677834,-0.02821476,-0.03378276,-0.0018338348,2.3194308,1.3187,1.4833907,-0.0003936064,-0.0011665588
ATAC_RNF125,1.4125849,-0.023292638,0.8017308,0.64857644,-0.020635482,-0.008703591,0.6392245,2.2677834,-0.02821476,-0.03378276,-0.0018338348,2.3194308,1.3187,1.4833907,-0.0003936064,-0.0011665588
ATAC_RNF126,1.5581305,-0.022138989,0.6576824,0.5672562,-0.017228555,-0.006316722,0.62703365,1.9749554,-0.02607432,-0.031031903,-0.0006383109,2.1052077,0.9823351,1.3369823,-0.0024143248,-0.0005595043
ATAC_RNF144A,1.4125849,-0.023292638,0.8017308,0.64857644,-0.020635482,-0.008703591,0.6392245,2.2677834,-0.02821476,-0.03378276,-0.0018338348,2.3194308,1.3187,1.4833907,-0.0003936064,-0.0011665588
ATAC_RNF157,1.4125849,-0.023292638,0.8017308,0.64857644,-0.020635482,-0.008703591,0.6392245,2.2677834,-0.02821476,-0.03378276,-0.0018338348,2.3194308,1.3187,1.4833907,-0.0003936064,-0.0011665588
ATAC_RNF165,1.4125849,-0.023292638,0.8017308,0.64857644,-0.020635482,-0.008703591,0.6392245,2.2677834,-0.02821476,-0.03378276,-0.0018338348,2.3194308,1.3187,1.4833907,-0.0003936064,-0.0011665588
ATAC_RNF169,1.4125849,-0.023292638,0.8017308,0.64857644,-0.020635482,-0.008703591,0.6392245,2.2677834,-0.02821476,-0.03378276,-0.0018338348,2.3194308,1.3187,1.4833907,-0.0003936064,-0.0011665588
ATAC_RNF34,1.1812887,-0.023372626,0.8682128,0.45242098,-0.020422827,-0.0074654743,0.6558222,2.0148993,-0.02575761,-0.0312421,-0.003208672,2.1666298,1.2662375,1.4029402,-0.0017618241,-0.002379772
ATAC_RNF43,1.4125849,-0.023292638,0.8017308,0.64857644,-0.020635482,-0.008703591,0.6392245,2.2677834,-0.02821476,-0.03378276,-0.0018338348,2.3194308,1.3187,1.4833907,-0.0003936064,-0.0011665588
ATAC_RNFT1-DT,1.4125849,-0.023292638,0.8017308,0.64857644,-0.020635482,-0.008703591,0.6392245,2.2677834,-0.02821476,-0.03378276,-0.0018338348,2.3194308,1.3187,1.4833907,-0.0003936064,-0.0011665588
ATAC_RNLS,1.2611526,-0.023525907,0.7522251,0.6803786,-0.019313097,-0.008067388,0.61179936,2.127869,-0.028565487,-0.033607405,-0.0033184611,2.2077444,1.389359,1.385477,-0.0013221978,-0.0019043958
ATAC_ROBO3,1.4125849,-0.023292638,0.8017308,0.64857644,-0.020635482,-0.008703591,0.6392245,2.2677834,-0.02821476,-0.03378276,-0.0018338348,2.3194308,1.3187,1.4833907,-0.0003936064,-0.0011665588
ATAC_ROR2,1.4125849,-0.023292638,0.8017308,0.64857644,-0.020635482,-0.008703591,0.6392245,2.2677834,-0.02821476,-0.03378276,-0.0018338348,2.3194308,1.3187,1.4833907,-0.0003936064,-0.0011665588
ATAC_RORA-AS1,1.4125849,-0.023292638,0.8017308,0.64857644,-0.020635482,-0.008703591,0.6392245,2.2677834,-0.02821476,-0.03378276,-0.0018338348,2.3194308,1.3187,1.4833907,-0.0003936064,-0.0011665588
ATAC_RP1L1,1.4125849,-0.023292638,0.8017308,0.64857644,-0.020635482,-0.008703591,0.6392245,2.2677834,-0.02821476,-0.03378276,-0.0018338348,2.3194308,1.3187,1.4833907,-0.0003936064,-0.0011665588
ATAC_RPGRIP1L,1.1812887,-0.023372626,0.8682128,0.45242098,-0.020422827,-0.0074654743,0.6558222,2.0148993,-0.02575761,-0.0312421,-0.003208672,2.1666298,1.2662375,1.4029402,-0.0017618241,-0.002379772
ATAC_RPH3AL,1.4125849,-0.023292638,0.8017308,0.64857644,-0.020635482,-0.008703591,0.6392245,2.2677834,-0.02821476,-0.03378276,-0.0018338348,2.3194308,1.3187,1.4833907,-0.0003936064,-0.0011665588
ATAC_RRM2,1.4125849,-0.023292638,0.8017308,0.64857644,-0.020635482,-0.008703591,0.6392245,2.2677834,-0.02821476,-0.03378276,-0.0018338348,2.3194308,1.3187,1.4833907,-0.0003936064,-0.0011665588
ATAC_RSPH14,1.4125849,-0.023292638,0.8017308,0.64857644,-0.020635482,-0.008703591,0.6392245,2.2677834,-0.02821476,-0.03378276,-0.0018338348,2.3194308,1.3187,1.4833907,-0.0003936064,-0.0011665588
ATAC_RTKN2,1.4125849,-0.023292638,0.8017308,0.64857644,-0.020635482,-0.008703591,0.6392245,2.2677834,-0.02821476,-0.03378276,-0.0018338348,2.3194308,1.3187,1.4833907,-0.0003936064,-0.0011665588
ATAC_RTN4RL2,1.4125849,-0.023292638,0.8017308,0.64857644,-0.020635482,-0.008703591,0.6392245,2.2677834,-0.02821476,-0.03378276,-0.0018338348,2.3194308,1.3187,1.4833907,-0.0003936064,-0.0011665588
ATAC_RTP5,1.4125849,-0.023292638,0.8017308,0.64857644,-0.020635482,-0.008703591,0.6392245,2.2677834,-0.02821476,-0.03378276,-0.0018338348,2.3194308,1.3187,1.4833907,-0.0003936064,-0.0011665588
ATAC_RTTN,1.4257208,-0.020498574,0.7843302,0.8327015,-0.017688166,-0.0056659756,0.40663305,2.18491,-0.024219073,-0.03131682,-0.00043343223,2.081935,1.0538237,1.4636254,-0.0024027827,0.073803805
ATAC_RUBCNL,1.4125849,-0.023292638,0.8017308,0.64857644,-0.020635482,-0.008703591,0.6392245,2.2677834,-0.02821476,-0.03378276,-0.0018338348,2.3194308,1.3187,1.4833907,-0.0003936064,-0.0011665588
ATAC_RUNX2,1.4125849,-0.023292638,0.8017308,0.64857644,-0.020635482,-0.008703591,0.6392245,2.2677834,-0.02821476,-0.03378276,-0.0018338348,2.3194308,1.3187,1.4833907,-0.0003936064,-0.0011665588
ATAC_RWDD1,1.4125849,-0.023292638,0.8017308,0.64857644,-0.020635482,-0.008703591,0.6392245,2.2677834,-0.02821476,-0.03378276,-0.0018338348,2.3194308,1.3187,1.4833907,-0.0003936064,-0.0011665588
ATAC_S100A12,1.3652904,-0.022982465,0.74883455,0.5799632,-0.020713909,-0.0089688385,0.6520258,2.2598364,-0.027539706,-0.03332276,-0.0016806397,2.3615706,1.3598664,1.4768136,-0.00013004898,-0.0010180708
ATAC_S100B,1.3946742,-0.022655874,0.6661938,0.64601344,-0.019384641,-0.008034056,0.6784773,2.2764227,-0.027240228,-0.03443405,-0.0026611283,2.1614032,1.1651657,1.4507954,-0.0009890946,-0.0018357891
ATAC_S1PR1,1.4125849,-0.023292638,0.8017308,0.64857644,-0.020635482,-0.008703591,0.6392245,2.2677834,-0.02821476,-0.03378276,-0.0018338348,2.3194308,1.3187,1.4833907,-0.0003936064,-0.0011665588
ATAC_S1PR5,1.4125849,-0.023292638,0.8017308,0.64857644,-0.020635482,-0.008703591,0.6392245,2.2677834,-0.02821476,-0.03378276,-0.0018338348,2.3194308,1.3187,1.4833907,-0.0003936064,-0.0011665588
ATAC_SAMD11,1.4125849,-0.023292638,0.8017308,0.64857644,-0.020635482,-0.008703591,0.6392245,2.2677834,-0.02821476,-0.03378276,-0.0018338348,2.3194308,1.3187,1.4833907,-0.0003936064,-0.0011665588
ATAC_SARS2,1.4125849,-0.023292638,0.8017308,0.64857644,-0.020635482,-0.008703591,0.6392245,2.2677834,-0.02821476,-0.03378276,-0.0018338348,2.3194308,1.3187,1.4833907,-0.0003936064,-0.0011665588
ATAC_SBF1,1.4125849,-0.023292638,0.8017308,0.64857644,-0.020635482,-0.008703591,0.6392245,2.2677834,-0.02821476,-0.03378276,-0.0018338348,2.3194308,1.3187,1.4833907,-0.0003936064,-0.0011665588
ATAC_SCAI,1.3207846,-0.023202471,0.75186276,0.7108901,-0.02015527,-0.008140079,0.637195,2.182427,-0.0284509,-0.03426047,-0.0026375079,2.2810977,1.3190454,1.3965417,-0.00062250166,-0.0019306474
ATAC_SCFD2,1.4125849,-0.023292638,0.8017308,0.64857644,-0.020635482,-0.008703591,0.6392245,2.2677834,-0.02821476,-0.03378276,-0.0018338348,2.3194308,1.3187,1.4833907,-0.0003936064,-0.0011665588
ATAC_SCLY,1.4125849,-0.023292638,0.8017308,0.64857644,-0.020635482,-0.008703591,0.6392245,2.2677834,-0.02821476,-0.03378276,-0.0018338348,2.3194308,1.3187,1.4833907,-0.0003936064,-0.0011665588
ATAC_SCN2A,1.4123738,-0.02328774,0.80262357,0.6487583,-0.020633606,-0.008713098,0.6401319,2.2666583,-0.028221542,-0.033781063,-0.001831303,2.318974,1.3176168,1.4840212,-0.0003836432,-0.0011672133
ATAC_SCN5A,1.4125849,-0.023292638,0.8017308,0.64857644,-0.020635482,-0.008703591,0.6392245,2.2677834,-0.02821476,-0.03378276,-0.0018338348,2.3194308,1.3187,1.4833907,-0.0003936064,-0.0011665588
ATAC_SCOC-AS1,1.4125849,-0.023292638,0.8017308,0.64857644,-0.020635482,-0.008703591,0.6392245,2.2677834,-0.02821476,-0.03378276,-0.0018338348,2.3194308,1.3187,1.4833907,-0.0003936064,-0.0011665588
ATAC_SCUBE1,1.4279199,-0.023498135,0.82478315,0.47540548,-0.020662164,-0.007834077,0.6005449,2.1586235,-0.025931226,-0.033046078,-0.0012452586,2.3752615,1.2916126,1.3913347,-0.00035750953,0.00062217563
ATAC_SDCBP2,1.4125849,-0.023292638,0.8017308,0.64857644,-0.020635482,-0.008703591,0.6392245,2.2677834,-0.02821476,-0.03378276,-0.0018338348,2.3194308,1.3187,1.4833907,-0.0003936064,-0.0011665588
ATAC_SDK2,1.4125849,-0.023292638,0.8017308,0.64857644,-0.020635482,-0.008703591,0.6392245,2.2677834,-0.02821476,-0.03378276,-0.0018338348,2.3194308,1.3187,1.4833907,-0.0003936064,-0.0011665588
ATAC_SDR42E2,1.4125849,-0.023292638,0.8017308,0.64857644,-0.020635482,-0.008703591,0.6392245,2.2677834,-0.02821476,-0.03378276,-0.0018338348,2.3194308,1.3187,1.4833907,-0.0003936064,-0.0011665588
ATAC_SEC14L2,1.4125849,-0.023292638,0.8017308,0.64857644,-0.020635482,-0.008703591,0.6392245,2.2677834,-0.02821476,-0.03378276,-0.0018338348,2.3194308,1.3187,1.4833907,-0.0003936064,-0.0011665588
ATAC_SEC14L5,1.4125849,-0.023292638,0.8017308,0.64857644,-0.020635482,-0.008703591,0.6392245,2.2677834,-0.02821476,-0.03378276,-0.0018338348,2.3194308,1.3187,1.4833907,-0.0003936064,-0.0011665588
ATAC_SEC23A-AS1,1.4012469,-0.023200698,0.8177106,0.66221416,-0.020660646,-0.008795722,0.6483879,2.2673604,-0.028187595,-0.033784505,-0.0018746037,2.2989755,1.2971774,1.4900368,-0.00041457056,-0.0013077301
ATAC_SEC31B,1.4125849,-0.023292638,0.8017308,0.64857644,-0.020635482,-0.008703591,0.6392245,2.2677834,-0.02821476,-0.03378276,-0.0018338348,2.3194308,1.3187,1.4833907,-0.0003936064,-0.0011665588
ATAC_SELP,1.4271156,-0.023392387,0.8295836,0.69112873,-0.020968633,-0.009397985,0.6499647,2.2774303,-0.027450422,-0.033606153,-0.0025052973,2.2597353,1.3681476,1.5032365,-0.00049101916,-0.0013785011
ATAC_SEMA3D,1.4125849,-0.023292638,0.8017308,0.64857644,-0.020635482,-0.008703591,0.6392245,2.2677834,-0.02821476,-0.03378276,-0.0018338348,2.3194308,1.3187,1.4833907,-0.0003936064,-0.0011665588
ATAC_SEMA4C,1.4125849,-0.023292638,0.8017308,0.64857644,-0.020635482,-0.008703591,0.6392245,2.2677834,-0.02821476,-0.03378276,-0.0018338348,2.3194308,1.3187,1.4833907,-0.0003936064,-0.0011665588
ATAC_SEMA6C,1.4125849,-0.023292638,0.8017308,0.64857644,-0.020635482,-0.008703591,0.6392245,2.2677834,-0.02821476,-0.03378276,-0.0018338348,2.3194308,1.3187,1.4833907,-0.0003936064,-0.0011665588
ATAC_SEPTIN4-AS1,1.4125849,-0.023292638,0.8017308,0.64857644,-0.020635482,-0.008703591,0.6392245,2.2677834,-0.02821476,-0.03378276,-0.0018338348,2.3194308,1.3187,1.4833907,-0.0003936064,-0.0011665588
ATAC_SERPINA1,1.4125849,-0.023292638,0.8017308,0.64857644,-0.020635482,-0.008703591,0.6392245,2.2677834,-0.02821476,-0.03378276,-0.0018338348,2.3194308,1.3187,1.4833907,-0.0003936064,-0.0011665588
ATAC_SERPINB9,1.4271156,-0.023392387,0.8295836,0.69112873,-0.020968633,-0.009397985,0.6499647,2.2774303,-0.027450422,-0.033606153,-0.0025052973,2.2597353,1.3681476,1.5032365,-0.00049101916,-0.0013785011
ATAC_SERPINB9P1,1.4125849,-0.023292638,0.8017308,0.64857644,-0.020635482,-0.008703591,0.6392245,2.2677834,-0.02821476,-0.03378276,-0.0018338348,2.3194308,1.3187,1.4833907,-0.0003936064,-0.0011665588
ATAC_SERPINE1,1.4105314,-0.02325152,0.7991245,0.64747995,-0.02061072,-0.008690771,0.636172,2.2631497,-0.028197767,-0.033744883,-0.0018489436,2.318945,1.3171363,1.4813086,-0.00036405234,-0.0011508906
ATAC_SERPINE2,1.4125849,-0.023292638,0.8017308,0.64857644,-0.020635482,-0.008703591,0.6392245,2.2677834,-0.02821476,-0.03378276,-0.0018338348,2.3194308,1.3187,1.4833907,-0.0003936064,-0.0011665588
ATAC_SERTAD1,1.4125849,-0.023292638,0.8017308,0.64857644,-0.020635482,-0.008703591,0.6392245,2.2677834,-0.02821476,-0.03378276,-0.0018338348,2.3194308,1.3187,1.4833907,-0.0003936064,-0.0011665588
ATAC_SFI1,1.4125849,-0.023292638,0.8017308,0.64857644,-0.020635482,-0.008703591,0.6392245,2.2677834,-0.02821476,-0.03378276,-0.0018338348,2.3194308,1.3187,1.4833907,-0.0003936064,-0.0011665588
ATAC_SFMBT1,1.1812887,-0.023372626,0.8682128,0.45242098,-0.020422827,-0.0074654743,0.6558222,2.0148993,-0.02575761,-0.0312421,-0.003208672,2.1666298,1.2662375,1.4029402,-0.0017618241,-0.002379772
ATAC_SFXN1,1.4125849,-0.023292638,0.8017308,0.64857644,-0.020635482,-0.008703591,0.6392245,2.2677834,-0.02821476,-0.03378276,-0.0018338348,2.3194308,1.3187,1.4833907,-0.0003936064,-0.0011665588
ATAC_SGF29,1.4125849,-0.023292638,0.8017308,0.64857644,-0.020635482,-0.008703591,0.6392245,2.2677834,-0.02821476,-0.03378276,-0.0018338348,2.3194308,1.3187,1.4833907,-0.0003936064,-0.0011665588
ATAC_SGO2,1.4125849,-0.023292638,0.8017308,0.64857644,-0.020635482,-0.008703591,0.6392245,2.2677834,-0.02821476,-0.03378276,-0.0018338348,2.3194308,1.3187,1.4833907,-0.0003936064,-0.0011665588
ATAC_SGSM1,1.4124852,-0.023287594,0.8008888,0.64767927,-0.020629339,-0.008697394,0.63905823,2.266973,-0.028219497,-0.03378779,-0.0018381361,2.319236,1.3185261,1.4836047,-0.00039514242,-0.0011609077
ATAC_SH2D1B,1.4125849,-0.023292638,0.8017308,0.64857644,-0.020635482,-0.008703591,0.6392245,2.2677834,-0.02821476,-0.03378276,-0.0018338348,2.3194308,1.3187,1.4833907,-0.0003936064,-0.0011665588
ATAC_SH2D2A,1.4125849,-0.023292638,0.8017308,0.64857644,-0.020635482,-0.008703591,0.6392245,2.2677834,-0.02821476,-0.03378276,-0.0018338348,2.3194308,1.3187,1.4833907,-0.0003936064,-0.0011665588
ATAC_SH2D3A,1.4271156,-0.023392387,0.8295836,0.69112873,-0.020968633,-0.009397985,0.6499647,2.2774303,-0.027450422,-0.033606153,-0.0025052973,2.2597353,1.3681476,1.5032365,-0.00049101916,-0.0013785011
ATAC_SH3BGRL2,1.4125849,-0.023292638,0.8017308,0.64857644,-0.020635482,-0.008703591,0.6392245,2.2677834,-0.02821476,-0.03378276,-0.0018338348,2.3194308,1.3187,1.4833907,-0.0003936064,-0.0011665588
ATAC_SH3YL1,1.4125849,-0.023292638,0.8017308,0.64857644,-0.020635482,-0.008703591,0.6392245,2.2677834,-0.02821476,-0.03378276,-0.0018338348,2.3194308,1.3187,1.4833907,-0.0003936064,-0.0011665588
ATAC_SHBG,1.3946742,-0.022655874,0.6661938,0.64601344,-0.019384641,-0.008034056,0.6784773,2.2764227,-0.027240228,-0.03443405,-0.0026611283,2.1614032,1.1651657,1.4507954,-0.0009890946,-0.0018357891
ATAC_SHISA2,1.4125849,-0.023292638,0.8017308,0.64857644,-0.020635482,-0.008703591,0.6392245,2.2677834,-0.02821476,-0.03378276,-0.0018338348,2.3194308,1.3187,1.4833907,-0.0003936064,-0.0011665588
ATAC_SHISA7,1.4125849,-0.023292638,0.8017308,0.64857644,-0.020635482,-0.008703591,0.6392245,2.2677834,-0.02821476,-0.03378276,-0.0018338348,2.3194308,1.3187,1.4833907,-0.0003936064,-0.0011665588
ATAC_SHISAL2A,1.126832,-0.02010549,0.6344025,0.689811,-0.02070656,-0.005213176,0.2975413,1.9111812,-0.030000385,-0.02916305,-0.004811839,2.3534868,1.348174,1.128421,0.09913291,0.055902623
ATAC_SHLD1,1.4125849,-0.023292638,0.8017308,0.64857644,-0.020635482,-0.008703591,0.6392245,2.2677834,-0.02821476,-0.03378276,-0.0018338348,2.3194308,1.3187,1.4833907,-0.0003936064,-0.0011665588
ATAC_SHOX2,1.4125849,-0.023292638,0.8017308,0.64857644,-0.020635482,-0.008703591,0.6392245,2.2677834,-0.02821476,-0.03378276,-0.0018338348,2.3194308,1.3187,1.4833907,-0.0003936064,-0.0011665588
ATAC_SHPRH,1.1812887,-0.023372626,0.8682128,0.45242098,-0.020422827,-0.0074654743,0.6558222,2.0148993,-0.02575761,-0.0312421,-0.003208672,2.1666298,1.2662375,1.4029402,-0.0017618241,-0.002379772
ATAC_SIAH2-AS1,1.4125849,-0.023292638,0.8017308,0.64857644,-0.020635482,-0.008703591,0.6392245,2.2677834,-0.02821476,-0.03378276,-0.0018338348,2.3194308,1.3187,1.4833907,-0.0003936064,-0.0011665588
ATAC_SIDT1,1.4125849,-0.023292638,0.8017308,0.64857644,-0.020635482,-0.008703591,0.6392245,2.2677834,-0.02821476,-0.03378276,-0.0018338348,2.3194308,1.3187,1.4833907,-0.0003936064,-0.0011665588
ATAC_SIGIRR,1.4124852,-0.023287594,0.8008888,0.64767927,-0.020629339,-0.008697394,0.63905823,2.266973,-0.028219497,-0.03378779,-0.0018381361,2.319236,1.3185261,1.4836047,-0.00039514242,-0.0011609077
ATAC_SIRPG,1.4125849,-0.023292638,0.8017308,0.64857644,-0.020635482,-0.008703591,0.6392245,2.2677834,-0.02821476,-0.03378276,-0.0018338348,2.3194308,1.3187,1.4833907,-0.0003936064,-0.0011665588
ATAC_SIRT1,1.4125849,-0.023292638,0.8017308,0.64857644,-0.020635482,-0.008703591,0.6392245,2.2677834,-0.02821476,-0.03378276,-0.0018338348,2.3194308,1.3187,1.4833907,-0.0003936064,-0.0011665588
ATAC_SIRT2,1.4125849,-0.023292638,0.8017308,0.64857644,-0.020635482,-0.008703591,0.6392245,2.2677834,-0.02821476,-0.03378276,-0.0018338348,2.3194308,1.3187,1.4833907,-0.0003936064,-0.0011665588
ATAC_SIX1,1.4123738,-0.02328774,0.80262357,0.6487583,-0.020633606,-0.008713098,0.6401319,2.2666583,-0.028221542,-0.033781063,-0.001831303,2.318974,1.3176168,1.4840212,-0.0003836432,-0.0011672133
ATAC_SIX3-AS1,1.4125849,-0.023292638,0.8017308,0.64857644,-0.020635482,-0.008703591,0.6392245,2.2677834,-0.02821476,-0.03378276,-0.0018338348,2.3194308,1.3187,1.4833907,-0.0003936064,-0.0011665588
ATAC_SIX5,1.4125849,-0.023292638,0.8017308,0.64857644,-0.020635482,-0.008703591,0.6392245,2.2677834,-0.02821476,-0.03378276,-0.0018338348,2.3194308,1.3187,1.4833907,-0.0003936064,-0.0011665588
ATAC_SKIDA1,1.247552,-0.023255067,0.763491,0.57043034,-0.02065823,-0.0076851794,0.60207206,2.2528253,-0.025135288,-0.03282443,0.011496182,2.2795763,1.0180428,1.2401726,0.20105538,0.09665414
ATAC_SLA2,1.4125849,-0.023292638,0.8017308,0.64857644,-0.020635482,-0.008703591,0.6392245,2.2677834,-0.02821476,-0.03378276,-0.0018338348,2.3194308,1.3187,1.4833907,-0.0003936064,-0.0011665588
ATAC_SLAIN1,1.4125849,-0.023292638,0.8017308,0.64857644,-0.020635482,-0.008703591,0.6392245,2.2677834,-0.02821476,-0.03378276,-0.0018338348,2.3194308,1.3187,1.4833907,-0.0003936064,-0.0011665588
ATAC_SLAMF6,1.4125849,-0.023292638,0.8017308,0.64857644,-0.020635482,-0.008703591,0.6392245,2.2677834,-0.02821476,-0.03378276,-0.0018338348,2.3194308,1.3187,1.4833907,-0.0003936064,-0.0011665588
ATAC_SLAMF7,1.4125849,-0.023292638,0.8017308,0.64857644,-0.020635482,-0.008703591,0.6392245,2.2677834,-0.02821476,-0.03378276,-0.0018338348,2.3194308,1.3187,1.4833907,-0.0003936064,-0.0011665588
ATAC_SLC14A1,1.4105314,-0.02325152,0.7991245,0.64747995,-0.02061072,-0.008690771,0.636172,2.2631497,-0.028197767,-0.033744883,-0.0018489436,2.318945,1.3171363,1.4813086,-0.00036405234,-0.0011508906
ATAC_SLC14A2,1.4125849,-0.023292638,0.8017308,0.64857644,-0.020635482,-0.008703591,0.6392245,2.2677834,-0.02821476,-0.03378276,-0.0018338348,2.3194308,1.3187,1.4833907,-0.0003936064,-0.0011665588
ATAC_SLC16A1-AS1,1.4123738,-0.02328774,0.80262357,0.6487583,-0.020633606,-0.008713098,0.6401319,2.2666583,-0.028221542,-0.033781063,-0.001831303,2.318974,1.3176168,1.4840212,-0.0003836432,-0.0011672133
ATAC_SLC16A10,1.4125849,-0.023292638,0.8017308,0.64857644,-0.020635482,-0.008703591,0.6392245,2.2677834,-0.02821476,-0.03378276,-0.0018338348,2.3194308,1.3187,1.4833907,-0.0003936064,-0.0011665588
ATAC_SLC16A11,1.4125849,-0.023292638,0.8017308,0.64857644,-0.020635482,-0.008703591,0.6392245,2.2677834,-0.02821476,-0.03378276,-0.0018338348,2.3194308,1.3187,1.4833907,-0.0003936064,-0.0011665588
ATAC_SLC16A13,1.4125849,-0.023292638,0.8017308,0.64857644,-0.020635482,-0.008703591,0.6392245,2.2677834,-0.02821476,-0.03378276,-0.0018338348,2.3194308,1.3187,1.4833907,-0.0003936064,-0.0011665588
ATAC_SLC17A3,1.4125849,-0.023292638,0.8017308,0.64857644,-0.020635482,-0.008703591,0.6392245,2.2677834,-0.02821476,-0.03378276,-0.0018338348,2.3194308,1.3187,1.4833907,-0.0003936064,-0.0011665588
ATAC_SLC1A1,1.4125849,-0.023292638,0.8017308,0.64857644,-0.020635482,-0.008703591,0.6392245,2.2677834,-0.02821476,-0.03378276,-0.0018338348,2.3194308,1.3187,1.4833907,-0.0003936064,-0.0011665588
ATAC_SLC22A23,1.4063948,-0.022367306,0.7271749,0.69755614,-0.021067811,-0.0090535795,0.5968012,2.2347817,-0.028394908,-0.034352824,-0.0025593417,2.348007,1.3284153,1.5106052,0.017504789,-0.0009885073
ATAC_SLC24A3,1.4125849,-0.023292638,0.8017308,0.64857644,-0.020635482,-0.008703591,0.6392245,2.2677834,-0.02821476,-0.03378276,-0.0018338348,2.3194308,1.3187,1.4833907,-0.0003936064,-0.0011665588
ATAC_SLC25A4,1.4125849,-0.023292638,0.8017308,0.64857644,-0.020635482,-0.008703591,0.6392245,2.2677834,-0.02821476,-0.03378276,-0.0018338348,2.3194308,1.3187,1.4833907,-0.0003936064,-0.0011665588
ATAC_SLC25A42,1.3321224,-0.023294413,0.735883,0.6972524,-0.020130107,-0.008047949,0.6280316,2.1828496,-0.028478064,-0.034258723,-0.002596739,2.301553,1.340568,1.3898956,-0.00060153723,-0.0017894763
ATAC_SLC25A45,1.4125849,-0.023292638,0.8017308,0.64857644,-0.020635482,-0.008703591,0.6392245,2.2677834,-0.02821476,-0.03378276,-0.0018338348,2.3194308,1.3187,1.4833907,-0.0003936064,-0.0011665588
ATAC_SLC25A5-AS1,1.4125849,-0.023292638,0.8017308,0.64857644,-0.020635482,-0.008703591,0.6392245,2.2677834,-0.02821476,-0.03378276,-0.0018338348,2.3194308,1.3187,1.4833907,-0.0003936064,-0.0011665588
ATAC_SLC26A11,1.4125849,-0.023292638,0.8017308,0.64857644,-0.020635482,-0.008703591,0.6392245,2.2677834,-0.02821476,-0.03378276,-0.0018338348,2.3194308,1.3187,1.4833907,-0.0003936064,-0.0011665588
ATAC_SLC2A14,1.3396465,-0.023580937,0.7509962,0.66734135,-0.020699682,-0.009167733,0.6626581,2.2878432,-0.02752281,-0.03304971,-0.0019281758,2.356728,1.3630004,1.5420486,-0.00024037166,-0.0012737679
ATAC_SLC2A4RG,1.4125849,-0.023292638,0.8017308,0.64857644,-0.020635482,-0.008703591,0.6392245,2.2677834,-0.02821476,-0.03378276,-0.0018338348,2.3194308,1.3187,1.4833907,-0.0003936064,-0.0011665588
ATAC_SLC30A5,1.4125849,-0.023292638,0.8017308,0.64857644,-0.020635482,-0.008703591,0.6392245,2.2677834,-0.02821476,-0.03378276,-0.0018338348,2.3194308,1.3187,1.4833907,-0.0003936064,-0.0011665588
ATAC_SLC35D1,1.4125849,-0.023292638,0.8017308,0.64857644,-0.020635482,-0.008703591,0.6392245,2.2677834,-0.02821476,-0.03378276,-0.0018338348,2.3194308,1.3187,1.4833907,-0.0003936064,-0.0011665588
ATAC_SLC35G3,1.4125849,-0.023292638,0.8017308,0.64857644,-0.020635482,-0.008703591,0.6392245,2.2677834,-0.02821476,-0.03378276,-0.0018338348,2.3194308,1.3187,1.4833907,-0.0003936064,-0.0011665588
ATAC_SLC37A3,1.4125849,-0.023292638,0.8017308,0.64857644,-0.020635482,-0.008703591,0.6392245,2.2677834,-0.02821476,-0.03378276,-0.0018338348,2.3194308,1.3187,1.4833907,-0.0003936064,-0.0011665588
ATAC_SLC37A4,1.4125849,-0.023292638,0.8017308,0.64857644,-0.020635482,-0.008703591,0.6392245,2.2677834,-0.02821476,-0.03378276,-0.0018338348,2.3194308,1.3187,1.4833907,-0.0003936064,-0.0011665588
ATAC_SLC39A10,1.4125849,-0.023292638,0.8017308,0.64857644,-0.020635482,-0.008703591,0.6392245,2.2677834,-0.02821476,-0.03378276,-0.0018338348,2.3194308,1.3187,1.4833907,-0.0003936064,-0.0011665588
ATAC_SLC41A1,1.4125849,-0.023292638,0.8017308,0.64857644,-0.020635482,-0.008703591,0.6392245,2.2677834,-0.02821476,-0.03378276,-0.0018338348,2.3194308,1.3187,1.4833907,-0.0003936064,-0.0011665588
ATAC_SLC44A2,1.371523,-0.023149423,0.76118994,0.5021149,-0.021302905,-0.008348783,0.63556135,2.2301831,-0.026870748,-0.03273478,-0.0015983166,2.357658,1.2165691,1.3962382,0.026681513,-5.8287158e-05
ATAC_SLC45A4,1.4125849,-0.023292638,0.8017308,0.64857644,-0.020635482,-0.008703591,0.6392245,2.2677834,-0.02821476,-0.03378276,-0.0018338348,2.3194308,1.3187,1.4833907,-0.0003936064,-0.0011665588
ATAC_SLC4A10,1.4125849,-0.023292638,0.8017308,0.64857644,-0.020635482,-0.008703591,0.6392245,2.2677834,-0.02821476,-0.03378276,-0.0018338348,2.3194308,1.3187,1.4833907,-0.0003936064,-0.0011665588
ATAC_SLC4A11,1.4125849,-0.023292638,0.8017308,0.64857644,-0.020635482,-0.008703591,0.6392245,2.2677834,-0.02821476,-0.03378276,-0.0018338348,2.3194308,1.3187,1.4833907,-0.0003936064,-0.0011665588
ATAC_SLC5A4-AS1,1.4125849,-0.023292638,0.8017308,0.64857644,-0.020635482,-0.008703591,0.6392245,2.2677834,-0.02821476,-0.03378276,-0.0018338348,2.3194308,1.3187,1.4833907,-0.0003936064,-0.0011665588
ATAC_SLC6A20,1.4125849,-0.023292638,0.8017308,0.64857644,-0.020635482,-0.008703591,0.6392245,2.2677834,-0.02821476,-0.03378276,-0.0018338348,2.3194308,1.3187,1.4833907,-0.0003936064,-0.0011665588
ATAC_SLC7A5,1.1812887,-0.023372626,0.8682128,0.45242098,-0.020422827,-0.0074654743,0.6558222,2.0148993,-0.02575761,-0.0312421,-0.003208672,2.1666298,1.2662375,1.4029402,-0.0017618241,-0.002379772
ATAC_SLC7A6,1.341615,-0.023524133,0.81807286,0.63170266,-0.019818472,-0.008723032,0.6229923,2.2128026,-0.028302183,-0.03313144,-0.0025555568,2.2256222,1.367491,1.4789721,-0.001114267,-0.0012814783
ATAC_SLCO4A1,1.4125849,-0.023292638,0.8017308,0.64857644,-0.020635482,-0.008703591,0.6392245,2.2677834,-0.02821476,-0.03378276,-0.0018338348,2.3194308,1.3187,1.4833907,-0.0003936064,-0.0011665588
ATAC_SLF1,1.4125849,-0.023292638,0.8017308,0.64857644,-0.020635482,-0.008703591,0.6392245,2.2677834,-0.02821476,-0.03378276,-0.0018338348,2.3194308,1.3187,1.4833907,-0.0003936064,-0.0011665588
ATAC_SLF2,1.4125849,-0.023292638,0.8017308,0.64857644,-0.020635482,-0.008703591,0.6392245,2.2677834,-0.02821476,-0.03378276,-0.0018338348,2.3194308,1.3187,1.4833907,-0.0003936064,-0.0011665588
ATAC_SLFN12L,1.3652904,-0.022982465,0.74883455,0.5799632,-0.020713909,-0.0089688385,0.6520258,2.2598364,-0.027539706,-0.03332276,-0.0016806397,2.3615706,1.3598664,1.4768136,-0.00013004898,-0.0010180708
ATAC_SLFN13,1.4260145,-0.02049793,0.78488886,0.8324572,-0.017685609,-0.0056617344,0.40680024,2.183587,-0.024222126,-0.03130559,-0.00043919182,2.0825343,1.0540974,1.4632862,-0.0023903432,0.07303538
ATAC_SLFN5,1.4125849,-0.023292638,0.8017308,0.64857644,-0.020635482,-0.008703591,0.6392245,2.2677834,-0.02821476,-0.03378276,-0.0018338348,2.3194308,1.3187,1.4833907,-0.0003936064,-0.0011665588
ATAC_SMAD7,1.4124068,-0.02327248,0.79874843,0.6493369,-0.020631136,-0.008673036,0.6366332,2.2652888,-0.028169967,-0.03375177,-0.0018434615,2.3161504,1.3161155,1.4865477,-0.0003547457,-0.0011790764
ATAC_SMARCA1,1.4125849,-0.023292638,0.8017308,0.64857644,-0.020635482,-0.008703591,0.6392245,2.2677834,-0.02821476,-0.03378276,-0.0018338348,2.3194308,1.3187,1.4833907,-0.0003936064,-0.0011665588
ATAC_SMARCA5-AS1,1.126832,-0.02010549,0.6344025,0.689811,-0.02070656,-0.005213176,0.2975413,1.9111812,-0.030000385,-0.02916305,-0.004811839,2.3534868,1.348174,1.128421,0.09913291,0.055902623
ATAC_SMIM19,0.84639573,-0.018838307,0.75011086,0.13140972,-0.018431362,-0.010100438,0.6792216,2.0285668,-0.023178607,-0.02809504,-0.0007654804,1.8435819,1.1105574,1.3355336,0.13505079,0.0041726455
ATAC_SMIM6,1.4125849,-0.023292638,0.8017308,0.64857644,-0.020635482,-0.008703591,0.6392245,2.2677834,-0.02821476,-0.03378276,-0.0018338348,2.3194308,1.3187,1.4833907,-0.0003936064,-0.0011665588
ATAC_SNAI3-AS1,1.4125849,-0.023292638,0.8017308,0.64857644,-0.020635482,-0.008703591,0.6392245,2.2677834,-0.02821476,-0.03378276,-0.0018338348,2.3194308,1.3187,1.4833907,-0.0003936064,-0.0011665588
ATAC_SNAP47-AS1,1.4125849,-0.023292638,0.8017308,0.64857644,-0.020635482,-0.008703591,0.6392245,2.2677834,-0.02821476,-0.03378276,-0.0018338348,2.3194308,1.3187,1.4833907,-0.0003936064,-0.0011665588
ATAC_SNED1,1.4125849,-0.023292638,0.8017308,0.64857644,-0.020635482,-0.008703591,0.6392245,2.2677834,-0.02821476,-0.03378276,-0.0018338348,2.3194308,1.3187,1.4833907,-0.0003936064,-0.0011665588
ATAC_SNHG18,1.4123738,-0.02328774,0.80262357,0.6487583,-0.020633606,-0.008713098,0.6401319,2.2666583,-0.028221542,-0.033781063,-0.001831303,2.318974,1.3176168,1.4840212,-0.0003836432,-0.0011672133
ATAC_SNHG22,1.4125849,-0.023292638,0.8017308,0.64857644,-0.020635482,-0.008703591,0.6392245,2.2677834,-0.02821476,-0.03378276,-0.0018338348,2.3194308,1.3187,1.4833907,-0.0003936064,-0.0011665588
ATAC_SNTA1,1.4125849,-0.023292638,0.8017308,0.64857644,-0.020635482,-0.008703591,0.6392245,2.2677834,-0.02821476,-0.03378276,-0.0018338348,2.3194308,1.3187,1.4833907,-0.0003936064,-0.0011665588
ATAC_SNTB2,1.3652904,-0.022982465,0.74883455,0.5799632,-0.020713909,-0.0089688385,0.6520258,2.2598364,-0.027539706,-0.03332276,-0.0016806397,2.3615706,1.3598664,1.4768136,-0.00013004898,-0.0010180708
ATAC_SNX25,1.4125849,-0.023292638,0.8017308,0.64857644,-0.020635482,-0.008703591,0.6392245,2.2677834,-0.02821476,-0.03378276,-0.0018338348,2.3194308,1.3187,1.4833907,-0.0003936064,-0.0011665588
ATAC_SNX32,1.4125849,-0.023292638,0.8017308,0.64857644,-0.020635482,-0.008703591,0.6392245,2.2677834,-0.02821476,-0.03378276,-0.0018338348,2.3194308,1.3187,1.4833907,-0.0003936064,-0.0011665588
ATAC_SOCS1,1.4125849,-0.023292638,0.8017308,0.64857644,-0.020635482,-0.008703591,0.6392245,2.2677834,-0.02821476,-0.03378276,-0.0018338348,2.3194308,1.3187,1.4833907,-0.0003936064,-0.0011665588
ATAC_SORCS2,1.4125849,-0.023292638,0.8017308,0.64857644,-0.020635482,-0.008703591,0.6392245,2.2677834,-0.02821476,-0.03378276,-0.0018338348,2.3194308,1.3187,1.4833907,-0.0003936064,-0.0011665588
ATAC_SOX13,1.4125849,-0.023292638,0.8017308,0.64857644,-0.020635482,-0.008703591,0.6392245,2.2677834,-0.02821476,-0.03378276,-0.0018338348,2.3194308,1.3187,1.4833907,-0.0003936064,-0.0011665588
ATAC_SOX2-OT,1.4012469,-0.023200698,0.8177106,0.66221416,-0.020660646,-0.008795722,0.6483879,2.2673604,-0.028187595,-0.033784505,-0.0018746037,2.2989755,1.2971774,1.4900368,-0.00041457056,-0.0013077301
ATAC_SOX4,1.4104106,-0.023309104,0.79957646,0.64951706,-0.020605762,-0.008712372,0.6379734,2.2672656,-0.028188275,-0.03376633,-0.0018315454,2.3179383,1.3179502,1.4859527,-0.00037308782,-0.001148743
ATAC_SOX5,1.4125849,-0.023292638,0.8017308,0.64857644,-0.020635482,-0.008703591,0.6392245,2.2677834,-0.02821476,-0.03378276,-0.0018338348,2.3194308,1.3187,1.4833907,-0.0003936064,-0.0011665588
ATAC_SOX6,1.4125849,-0.023292638,0.8017308,0.64857644,-0.020635482,-0.008703591,0.6392245,2.2677834,-0.02821476,-0.03378276,-0.0018338348,2.3194308,1.3187,1.4833907,-0.0003936064,-0.0011665588
ATAC_SP140,1.3990097,-0.024409989,0.6565998,0.71784043,-0.018224292,-0.010813156,0.78649265,2.1349409,-0.026574137,-0.031696294,-0.00041077577,2.0664485,1.2636955,1.4521892,0.017155461,-0.0031857484
ATAC_SP4,1.4125849,-0.023292638,0.8017308,0.64857644,-0.020635482,-0.008703591,0.6392245,2.2677834,-0.02821476,-0.03378276,-0.0018338348,2.3194308,1.3187,1.4833907,-0.0003936064,-0.0011665588
ATAC_SP6,1.4125849,-0.023292638,0.8017308,0.64857644,-0.020635482,-0.008703591,0.6392245,2.2677834,-0.02821476,-0.03378276,-0.0018338348,2.3194308,1.3187,1.4833907,-0.0003936064,-0.0011665588
ATAC_SPA17,1.371523,-0.023149423,0.76118994,0.5021149,-0.021302905,-0.008348783,0.63556135,2.2301831,-0.026870748,-0.03273478,-0.0015983166,2.357658,1.2165691,1.3962382,0.026681513,-5.8287158e-05
ATAC_SPAG16-DT,1.4104106,-0.023309104,0.79957646,0.64951706,-0.020605762,-0.008712372,0.6379734,2.2672656,-0.028188275,-0.03376633,-0.0018315454,2.3179383,1.3179502,1.4859527,-0.00037308782,-0.001148743
ATAC_SPAG5-AS1,1.4125849,-0.023292638,0.8017308,0.64857644,-0.020635482,-0.008703591,0.6392245,2.2677834,-0.02821476,-0.03378276,-0.0018338348,2.3194308,1.3187,1.4833907,-0.0003936064,-0.0011665588
ATAC_SPAG6,1.4125849,-0.023292638,0.8017308,0.64857644,-0.020635482,-0.008703591,0.6392245,2.2677834,-0.02821476,-0.03378276,-0.0018338348,2.3194308,1.3187,1.4833907,-0.0003936064,-0.0011665588
ATAC_SPATA12,1.4125849,-0.023292638,0.8017308,0.64857644,-0.020635482,-0.008703591,0.6392245,2.2677834,-0.02821476,-0.03378276,-0.0018338348,2.3194308,1.3187,1.4833907,-0.0003936064,-0.0011665588
ATAC_SPATA32,1.4125849,-0.023292638,0.8017308,0.64857644,-0.020635482,-0.008703591,0.6392245,2.2677834,-0.02821476,-0.03378276,-0.0018338348,2.3194308,1.3187,1.4833907,-0.0003936064,-0.0011665588
ATAC_SPATA33,1.4125849,-0.023292638,0.8017308,0.64857644,-0.020635482,-0.008703591,0.6392245,2.2677834,-0.02821476,-0.03378276,-0.0018338348,2.3194308,1.3187,1.4833907,-0.0003936064,-0.0011665588
ATAC_SPATA5,1.4125849,-0.023292638,0.8017308,0.64857644,-0.020635482,-0.008703591,0.6392245,2.2677834,-0.02821476,-0.03378276,-0.0018338348,2.3194308,1.3187,1.4833907,-0.0003936064,-0.0011665588
ATAC_SPEF2,1.4125849,-0.023292638,0.8017308,0.64857644,-0.020635482,-0.008703591,0.6392245,2.2677834,-0.02821476,-0.03378276,-0.0018338348,2.3194308,1.3187,1.4833907,-0.0003936064,-0.0011665588
ATAC_SPIB,1.4128786,-0.023291998,0.8022895,0.6483322,-0.020632925,-0.00869935,0.6393917,2.2664604,-0.02821781,-0.03377153,-0.0018395947,2.3200302,1.3189737,1.4830514,-0.00038116693,-0.001174243
ATAC_SPINK2,1.4125849,-0.023292638,0.8017308,0.64857644,-0.020635482,-0.008703591,0.6392245,2.2677834,-0.02821476,-0.03378276,-0.0018338348,2.3194308,1.3187,1.4833907,-0.0003936064,-0.0011665588
ATAC_SPIRE2,1.4063948,-0.022367306,0.7271749,0.69755614,-0.021067811,-0.0090535795,0.5968012,2.2347817,-0.028394908,-0.034352824,-0.0025593417,2.348007,1.3284153,1.5106052,0.017504789,-0.0009885073
ATAC_SPON1,1.3990097,-0.024409989,0.6565998,0.71784043,-0.018224292,-0.010813156,0.78649265,2.1349409,-0.026574137,-0.031696294,-0.00041077577,2.0664485,1.2636955,1.4521892,0.017155461,-0.0031857484
ATAC_SPON2,1.4888421,-0.019520069,0.5995763,0.706227,-0.018661655,-0.007817254,0.48694384,2.0320282,-0.025060697,-0.030242924,0.032263,2.138259,1.4176911,1.3404392,-0.0011982796,0.075745426
ATAC_SPP1,1.126832,-0.02010549,0.6344025,0.689811,-0.02070656,-0.005213176,0.2975413,1.9111812,-0.030000385,-0.02916305,-0.004811839,2.3534868,1.348174,1.128421,0.09913291,0.055902623
ATAC_SPRY2,0.8462961,-0.018833263,0.74926883,0.13051255,-0.018425219,-0.01009424,0.6790553,2.0277567,-0.023183346,-0.028100068,-0.00076978176,1.8433871,1.1103835,1.3357475,0.13489719,0.0047378168
ATAC_SPRY4-AS1,1.4125849,-0.023292638,0.8017308,0.64857644,-0.020635482,-0.008703591,0.6392245,2.2677834,-0.02821476,-0.03378276,-0.0018338348,2.3194308,1.3187,1.4833907,-0.0003936064,-0.0011665588
ATAC_SPTBN1,0.84639573,-0.018838307,0.75011086,0.13140972,-0.018431362,-0.010100438,0.6792216,2.0285668,-0.023178607,-0.02809504,-0.0007654804,1.8435819,1.1105574,1.3355336,0.13505079,0.0041726455
ATAC_SPTBN5,1.4121956,-0.0232928,0.8024285,0.64799565,-0.020630991,-0.008695753,0.6389291,2.2674978,-0.028209936,-0.033783376,-0.0018392464,2.3199787,1.3190559,1.4839792,-0.00039519905,-0.0011674433
ATAC_SPTSSB,1.4125849,-0.023292638,0.8017308,0.64857644,-0.020635482,-0.008703591,0.6392245,2.2677834,-0.02821476,-0.03378276,-0.0018338348,2.3194308,1.3187,1.4833907,-0.0003936064,-0.0011665588
ATAC_SRBD1,1.4125849,-0.023292638,0.8017308,0.64857644,-0.020635482,-0.008703591,0.6392245,2.2677834,-0.02821476,-0.03378276,-0.0018338348,2.3194308,1.3187,1.4833907,-0.0003936064,-0.0011665588
ATAC_SREBF2-AS1,1.4125849,-0.023292638,0.8017308,0.64857644,-0.020635482,-0.008703591,0.6392245,2.2677834,-0.02821476,-0.03378276,-0.0018338348,2.3194308,1.3187,1.4833907,-0.0003936064,-0.0011665588
ATAC_SRGAP3-AS4,1.4125849,-0.023292638,0.8017308,0.64857644,-0.020635482,-0.008703591,0.6392245,2.2677834,-0.02821476,-0.03378276,-0.0018338348,2.3194308,1.3187,1.4833907,-0.0003936064,-0.0011665588
ATAC_SS18L2,1.4105314,-0.02325152,0.7991245,0.64747995,-0.02061072,-0.008690771,0.636172,2.2631497,-0.028197767,-0.033744883,-0.0018489436,2.318945,1.3171363,1.4813086,-0.00036405234,-0.0011508906
ATAC_ST3GAL3,1.4125849,-0.023292638,0.8017308,0.64857644,-0.020635482,-0.008703591,0.6392245,2.2677834,-0.02821476,-0.03378276,-0.0018338348,2.3194308,1.3187,1.4833907,-0.0003936064,-0.0011665588
ATAC_ST3GAL6-AS1,1.4125849,-0.023292638,0.8017308,0.64857644,-0.020635482,-0.008703591,0.6392245,2.2677834,-0.02821476,-0.03378276,-0.0018338348,2.3194308,1.3187,1.4833907,-0.0003936064,-0.0011665588
ATAC_ST8SIA1,1.4125849,-0.023292638,0.8017308,0.64857644,-0.020635482,-0.008703591,0.6392245,2.2677834,-0.02821476,-0.03378276,-0.0018338348,2.3194308,1.3187,1.4833907,-0.0003936064,-0.0011665588
ATAC_ST8SIA6,1.4125849,-0.023292638,0.8017308,0.64857644,-0.020635482,-0.008703591,0.6392245,2.2677834,-0.02821476,-0.03378276,-0.0018338348,2.3194308,1.3187,1.4833907,-0.0003936064,-0.0011665588
ATAC_STAC2,1.1812887,-0.023372626,0.8682128,0.45242098,-0.020422827,-0.0074654743,0.6558222,2.0148993,-0.02575761,-0.0312421,-0.003208672,2.1666298,1.2662375,1.4029402,-0.0017618241,-0.002379772
ATAC_STAMBPL1,1.4125849,-0.023292638,0.8017308,0.64857644,-0.020635482,-0.008703591,0.6392245,2.2677834,-0.02821476,-0.03378276,-0.0018338348,2.3194308,1.3187,1.4833907,-0.0003936064,-0.0011665588
ATAC_STAP1,1.4125849,-0.023292638,0.8017308,0.64857644,-0.020635482,-0.008703591,0.6392245,2.2677834,-0.02821476,-0.03378276,-0.0018338348,2.3194308,1.3187,1.4833907,-0.0003936064,-0.0011665588
ATAC_STARD9,1.4104106,-0.023309104,0.79957646,0.64951706,-0.020605762,-0.008712372,0.6379734,2.2672656,-0.028188275,-0.03376633,-0.0018315454,2.3179383,1.3179502,1.4859527,-0.00037308782,-0.001148743
ATAC_STAT5B,1.4848722,-0.021887915,0.75252235,0.6572543,-0.01905726,-0.007781316,0.5756423,2.1572971,-0.027092801,-0.03268414,-0.00041093177,2.2740304,1.1220263,1.4568973,-0.00074900565,-0.00036190182
ATAC_STEAP1B,1.4125849,-0.023292638,0.8017308,0.64857644,-0.020635482,-0.008703591,0.6392245,2.2677834,-0.02821476,-0.03378276,-0.0018338348,2.3194308,1.3187,1.4833907,-0.0003936064,-0.0011665588
ATAC_STMN3,1.4125849,-0.023292638,0.8017308,0.64857644,-0.020635482,-0.008703591,0.6392245,2.2677834,-0.02821476,-0.03378276,-0.0018338348,2.3194308,1.3187,1.4833907,-0.0003936064,-0.0011665588
ATAC_STON1-GTF2A1L,1.4125849,-0.023292638,0.8017308,0.64857644,-0.020635482,-0.008703591,0.6392245,2.2677834,-0.02821476,-0.03378276,-0.0018338348,2.3194308,1.3187,1.4833907,-0.0003936064,-0.0011665588
ATAC_STPG1,1.4125849,-0.023292638,0.8017308,0.64857644,-0.020635482,-0.008703591,0.6392245,2.2677834,-0.02821476,-0.03378276,-0.0018338348,2.3194308,1.3187,1.4833907,-0.0003936064,-0.0011665588
ATAC_STPG2,1.4125849,-0.023292638,0.8017308,0.64857644,-0.020635482,-0.008703591,0.6392245,2.2677834,-0.02821476,-0.03378276,-0.0018338348,2.3194308,1.3187,1.4833907,-0.0003936064,-0.0011665588
ATAC_STPG3-AS1,1.4125849,-0.023292638,0.8017308,0.64857644,-0.020635482,-0.008703591,0.6392245,2.2677834,-0.02821476,-0.03378276,-0.0018338348,2.3194308,1.3187,1.4833907,-0.0003936064,-0.0011665588
ATAC_STRBP,1.3652904,-0.022982465,0.74883455,0.5799632,-0.020713909,-0.0089688385,0.6520258,2.2598364,-0.027539706,-0.03332276,-0.0016806397,2.3615706,1.3598664,1.4768136,-0.00013004898,-0.0010180708
ATAC_STX18-AS1,1.4125849,-0.023292638,0.8017308,0.64857644,-0.020635482,-0.008703591,0.6392245,2.2677834,-0.02821476,-0.03378276,-0.0018338348,2.3194308,1.3187,1.4833907,-0.0003936064,-0.0011665588
ATAC_STX1A,1.4125849,-0.023292638,0.8017308,0.64857644,-0.020635482,-0.008703591,0.6392245,2.2677834,-0.02821476,-0.03378276,-0.0018338348,2.3194308,1.3187,1.4833907,-0.0003936064,-0.0011665588
ATAC_STXBP5L,1.4125849,-0.023292638,0.8017308,0.64857644,-0.020635482,-0.008703591,0.6392245,2.2677834,-0.02821476,-0.03378276,-0.0018338348,2.3194308,1.3187,1.4833907,-0.0003936064,-0.0011665588
ATAC_SUGCT,1.4125849,-0.023292638,0.8017308,0.64857644,-0.020635482,-0.008703591,0.6392245,2.2677834,-0.02821476,-0.03378276,-0.0018338348,2.3194308,1.3187,1.4833907,-0.0003936064,-0.0011665588
ATAC_SULF2,1.4125849,-0.023292638,0.8017308,0.64857644,-0.020635482,-0.008703591,0.6392245,2.2677834,-0.02821476,-0.03378276,-0.0018338348,2.3194308,1.3187,1.4833907,-0.0003936064,-0.0011665588
ATAC_SULT6B1,1.4125849,-0.023292638,0.8017308,0.64857644,-0.020635482,-0.008703591,0.6392245,2.2677834,-0.02821476,-0.03378276,-0.0018338348,2.3194308,1.3187,1.4833907,-0.0003936064,-0.0011665588
ATAC_SUPT3H,1.424166,-0.020484323,0.7840363,0.83122045,-0.01770501,-0.0056765717,0.40756345,2.1825886,-0.02422779,-0.031301536,-0.00044337474,2.0824044,1.051494,1.4623886,-0.0024223763,0.074913174
ATAC_SUPT7L,1.4125849,-0.023292638,0.8017308,0.64857644,-0.020635482,-0.008703591,0.6392245,2.2677834,-0.02821476,-0.03378276,-0.0018338348,2.3194308,1.3187,1.4833907,-0.0003936064,-0.0011665588
ATAC_SUSD4,1.4125849,-0.023292638,0.8017308,0.64857644,-0.020635482,-0.008703591,0.6392245,2.2677834,-0.02821476,-0.03378276,-0.0018338348,2.3194308,1.3187,1.4833907,-0.0003936064,-0.0011665588
ATAC_SVEP1,1.4125849,-0.023292638,0.8017308,0.64857644,-0.020635482,-0.008703591,0.6392245,2.2677834,-0.02821476,-0.03378276,-0.0018338348,2.3194308,1.3187,1.4833907,-0.0003936064,-0.0011665588
ATAC_SVIP,1.4125849,-0.023292638,0.8017308,0.64857644,-0.020635482,-0.008703591,0.6392245,2.2677834,-0.02821476,-0.03378276,-0.0018338348,2.3194308,1.3187,1.4833907,-0.0003936064,-0.0011665588
ATAC_SYDE2,1.4125849,-0.023292638,0.8017308,0.64857644,-0.020635482,-0.008703591,0.6392245,2.2677834,-0.02821476,-0.03378276,-0.0018338348,2.3194308,1.3187,1.4833907,-0.0003936064,-0.0011665588
ATAC_SYN2,1.4125849,-0.023292638,0.8017308,0.64857644,-0.020635482,-0.008703591,0.6392245,2.2677834,-0.02821476,-0.03378276,-0.0018338348,2.3194308,1.3187,1.4833907,-0.0003936064,-0.0011665588
ATAC_SYNE1,1.4124852,-0.023287594,0.8008888,0.64767927,-0.020629339,-0.008697394,0.63905823,2.266973,-0.028219497,-0.03378779,-0.0018381361,2.319236,1.3185261,1.4836047,-0.00039514242,-0.0011609077
ATAC_SYNGAP1,0.84639573,-0.018838307,0.75011086,0.13140972,-0.018431362,-0.010100438,0.6792216,2.0285668,-0.023178607,-0.02809504,-0.0007654804,1.8435819,1.1105574,1.3355336,0.13505079,0.0041726455
ATAC_SYNJ2,1.4125849,-0.023292638,0.8017308,0.64857644,-0.020635482,-0.008703591,0.6392245,2.2677834,-0.02821476,-0.03378276,-0.0018338348,2.3194308,1.3187,1.4833907,-0.0003936064,-0.0011665588
ATAC_SYT1,1.4125849,-0.023292638,0.8017308,0.64857644,-0.020635482,-0.008703591,0.6392245,2.2677834,-0.02821476,-0.03378276,-0.0018338348,2.3194308,1.3187,1.4833907,-0.0003936064,-0.0011665588
ATAC_SYT5,1.4125849,-0.023292638,0.8017308,0.64857644,-0.020635482,-0.008703591,0.6392245,2.2677834,-0.02821476,-0.03378276,-0.0018338348,2.3194308,1.3187,1.4833907,-0.0003936064,-0.0011665588
ATAC_SYT7,1.4125849,-0.023292638,0.8017308,0.64857644,-0.020635482,-0.008703591,0.6392245,2.2677834,-0.02821476,-0.03378276,-0.0018338348,2.3194308,1.3187,1.4833907,-0.0003936064,-0.0011665588
ATAC_SYTL2,1.4012469,-0.023200698,0.8177106,0.66221416,-0.020660646,-0.008795722,0.6483879,2.2673604,-0.028187595,-0.033784505,-0.0018746037,2.2989755,1.2971774,1.4900368,-0.00041457056,-0.0013077301
ATAC_TAC3,1.4125849,-0.023292638,0.8017308,0.64857644,-0.020635482,-0.008703591,0.6392245,2.2677834,-0.02821476,-0.03378276,-0.0018338348,2.3194308,1.3187,1.4833907,-0.0003936064,-0.0011665588
ATAC_TAF11,1.4257208,-0.020498574,0.7843302,0.8327015,-0.017688166,-0.0056659756,0.40663305,2.18491,-0.024219073,-0.03131682,-0.00043343223,2.081935,1.0538237,1.4636254,-0.0024027827,0.073803805
ATAC_TAF1A-AS1,1.4125849,-0.023292638,0.8017308,0.64857644,-0.020635482,-0.008703591,0.6392245,2.2677834,-0.02821476,-0.03378276,-0.0018338348,2.3194308,1.3187,1.4833907,-0.0003936064,-0.0011665588
ATAC_TAF1C,1.4125849,-0.023292638,0.8017308,0.64857644,-0.020635482,-0.008703591,0.6392245,2.2677834,-0.02821476,-0.03378276,-0.0018338348,2.3194308,1.3187,1.4833907,-0.0003936064,-0.0011665588
ATAC_TAF3,1.4125849,-0.023292638,0.8017308,0.64857644,-0.020635482,-0.008703591,0.6392245,2.2677834,-0.02821476,-0.03378276,-0.0018338348,2.3194308,1.3187,1.4833907,-0.0003936064,-0.0011665588
ATAC_TANC1,1.4125849,-0.023292638,0.8017308,0.64857644,-0.020635482,-0.008703591,0.6392245,2.2677834,-0.02821476,-0.03378276,-0.0018338348,2.3194308,1.3187,1.4833907,-0.0003936064,-0.0011665588
ATAC_TBC1D16,1.4125849,-0.023292638,0.8017308,0.64857644,-0.020635482,-0.008703591,0.6392245,2.2677834,-0.02821476,-0.03378276,-0.0018338348,2.3194308,1.3187,1.4833907,-0.0003936064,-0.0011665588
ATAC_TBC1D17,1.4271156,-0.023392387,0.8295836,0.69112873,-0.020968633,-0.009397985,0.6499647,2.2774303,-0.027450422,-0.033606153,-0.0025052973,2.2597353,1.3681476,1.5032365,-0.00049101916,-0.0013785011
ATAC_TBC1D31,1.4125849,-0.023292638,0.8017308,0.64857644,-0.020635482,-0.008703591,0.6392245,2.2677834,-0.02821476,-0.03378276,-0.0018338348,2.3194308,1.3187,1.4833907,-0.0003936064,-0.0011665588
ATAC_TBC1D32,1.4125849,-0.023292638,0.8017308,0.64857644,-0.020635482,-0.008703591,0.6392245,2.2677834,-0.02821476,-0.03378276,-0.0018338348,2.3194308,1.3187,1.4833907,-0.0003936064,-0.0011665588
ATAC_TBC1D4,1.4125849,-0.023292638,0.8017308,0.64857644,-0.020635482,-0.008703591,0.6392245,2.2677834,-0.02821476,-0.03378276,-0.0018338348,2.3194308,1.3187,1.4833907,-0.0003936064,-0.0011665588
ATAC_TBC1D8-AS1,1.4101423,-0.023226464,0.7970348,0.64842224,-0.0206045,-0.008669721,0.63448805,2.25953,-0.028159758,-0.033712193,-0.0018560387,2.315208,1.3134686,1.4850961,-0.0003152284,-0.0011640626
ATAC_TBCCD1,1.4125849,-0.023292638,0.8017308,0.64857644,-0.020635482,-0.008703591,0.6392245,2.2677834,-0.02821476,-0.03378276,-0.0018338348,2.3194308,1.3187,1.4833907,-0.0003936064,-0.0011665588
ATAC_TBCE,1.4125849,-0.023292638,0.8017308,0.64857644,-0.020635482,-0.008703591,0.6392245,2.2677834,-0.02821476,-0.03378276,-0.0018338348,2.3194308,1.3187,1.4833907,-0.0003936064,-0.0011665588
ATAC_TBKBP1,1.4125849,-0.023292638,0.8017308,0.64857644,-0.020635482,-0.008703591,0.6392245,2.2677834,-0.02821476,-0.03378276,-0.0018338348,2.3194308,1.3187,1.4833907,-0.0003936064,-0.0011665588
ATAC_TBX10,1.4856322,-0.023538815,0.70778364,0.5587603,-0.018804902,-0.0072485046,0.69152325,2.0843167,-0.02720306,-0.032128826,-0.002058682,2.1501515,1.1779256,1.3641062,-0.0020489623,-0.0013648157
ATAC_TBX20,1.341615,-0.023524133,0.81807286,0.63170266,-0.019818472,-0.008723032,0.6229923,2.2128026,-0.028302183,-0.03313144,-0.0025555568,2.2256222,1.367491,1.4789721,-0.001114267,-0.0012814783
ATAC_TBX21,1.4888421,-0.019520069,0.5995763,0.706227,-0.018661655,-0.007817254,0.48694384,2.0320282,-0.025060697,-0.030242924,0.032263,2.138259,1.4176911,1.3404392,-0.0011982796,0.075745426
ATAC_TCEAL9,1.4125849,-0.023292638,0.8017308,0.64857644,-0.020635482,-0.008703591,0.6392245,2.2677834,-0.02821476,-0.03378276,-0.0018338348,2.3194308,1.3187,1.4833907,-0.0003936064,-0.0011665588
ATAC_TCF15,1.4125849,-0.023292638,0.8017308,0.64857644,-0.020635482,-0.008703591,0.6392245,2.2677834,-0.02821476,-0.03378276,-0.0018338348,2.3194308,1.3187,1.4833907,-0.0003936064,-0.0011665588
ATAC_TCF19,1.4125849,-0.023292638,0.8017308,0.64857644,-0.020635482,-0.008703591,0.6392245,2.2677834,-0.02821476,-0.03378276,-0.0018338348,2.3194308,1.3187,1.4833907,-0.0003936064,-0.0011665588
ATAC_TCF20,1.4125849,-0.023292638,0.8017308,0.64857644,-0.020635482,-0.008703591,0.6392245,2.2677834,-0.02821476,-0.03378276,-0.0018338348,2.3194308,1.3187,1.4833907,-0.0003936064,-0.0011665588
ATAC_TCF7L1,1.4752669,-0.020637417,0.45444533,0.775491,-0.016250465,-0.00992682,0.634212,1.8991857,-0.023420071,-0.028156456,0.1745689,1.8852766,1.3626866,1.3092377,-0.00063311873,-0.0012617352
ATAC_TCL1A,1.3721014,-0.020222288,0.8290009,0.42491955,-0.020895863,-0.006715822,0.8264154,2.05837,-0.025780298,-0.030049132,-0.0008473828,2.1059058,1.2954988,1.2579331,0.08918674,-0.0007479474
ATAC_TCTA,1.4125849,-0.023292638,0.8017308,0.64857644,-0.020635482,-0.008703591,0.6392245,2.2677834,-0.02821476,-0.03378276,-0.0018338348,2.3194308,1.3187,1.4833907,-0.0003936064,-0.0011665588
ATAC_TCTN2,1.4125849,-0.023292638,0.8017308,0.64857644,-0.020635482,-0.008703591,0.6392245,2.2677834,-0.02821476,-0.03378276,-0.0018338348,2.3194308,1.3187,1.4833907,-0.0003936064,-0.0011665588
ATAC_TDRD1,1.4125849,-0.023292638,0.8017308,0.64857644,-0.020635482,-0.008703591,0.6392245,2.2677834,-0.02821476,-0.03378276,-0.0018338348,2.3194308,1.3187,1.4833907,-0.0003936064,-0.0011665588
ATAC_TECR,1.4846941,-0.021867756,0.74954,0.6580147,-0.019052917,-0.0077507594,0.573051,2.1548023,-0.027048012,-0.03265315,-0.00042055853,2.27075,1.1194417,1.4600543,-0.00071014493,-0.00037441938
ATAC_TENM1,1.4125849,-0.023292638,0.8017308,0.64857644,-0.020635482,-0.008703591,0.6392245,2.2677834,-0.02821476,-0.03378276,-0.0018338348,2.3194308,1.3187,1.4833907,-0.0003936064,-0.0011665588
ATAC_TENM2,1.4125849,-0.023292638,0.8017308,0.64857644,-0.020635482,-0.008703591,0.6392245,2.2677834,-0.02821476,-0.03378276,-0.0018338348,2.3194308,1.3187,1.4833907,-0.0003936064,-0.0011665588
ATAC_TET1,1.4125849,-0.023292638,0.8017308,0.64857644,-0.020635482,-0.008703591,0.6392245,2.2677834,-0.02821476,-0.03378276,-0.0018338348,2.3194308,1.3187,1.4833907,-0.0003936064,-0.0011665588
ATAC_TEX14,1.4125849,-0.023292638,0.8017308,0.64857644,-0.020635482,-0.008703591,0.6392245,2.2677834,-0.02821476,-0.03378276,-0.0018338348,2.3194308,1.3187,1.4833907,-0.0003936064,-0.0011665588
ATAC_TEX53,1.4012469,-0.023200698,0.8177106,0.66221416,-0.020660646,-0.008795722,0.6483879,2.2673604,-0.028187595,-0.033784505,-0.0018746037,2.2989755,1.2971774,1.4900368,-0.00041457056,-0.0013077301
ATAC_TEX55,1.4121956,-0.0232928,0.8024285,0.64799565,-0.020630991,-0.008695753,0.6389291,2.2674978,-0.028209936,-0.033783376,-0.0018392464,2.3199787,1.3190559,1.4839792,-0.00039519905,-0.0011674433
ATAC_TFAP2A-AS1,1.4125849,-0.023292638,0.8017308,0.64857644,-0.020635482,-0.008703591,0.6392245,2.2677834,-0.02821476,-0.03378276,-0.0018338348,2.3194308,1.3187,1.4833907,-0.0003936064,-0.0011665588
ATAC_TFCP2,1.4125849,-0.023292638,0.8017308,0.64857644,-0.020635482,-0.008703591,0.6392245,2.2677834,-0.02821476,-0.03378276,-0.0018338348,2.3194308,1.3187,1.4833907,-0.0003936064,-0.0011665588
ATAC_TFDP2,1.341615,-0.023524133,0.81807286,0.63170266,-0.019818472,-0.008723032,0.6229923,2.2128026,-0.028302183,-0.03313144,-0.0025555568,2.2256222,1.367491,1.4789721,-0.001114267,-0.0012814783
ATAC_TFR2,1.4125849,-0.023292638,0.8017308,0.64857644,-0.020635482,-0.008703591,0.6392245,2.2677834,-0.02821476,-0.03378276,-0.0018338348,2.3194308,1.3187,1.4833907,-0.0003936064,-0.0011665588
ATAC_TGFB3,1.4125849,-0.023292638,0.8017308,0.64857644,-0.020635482,-0.008703591,0.6392245,2.2677834,-0.02821476,-0.03378276,-0.0018338348,2.3194308,1.3187,1.4833907,-0.0003936064,-0.0011665588
ATAC_THBS1,1.4012469,-0.023200698,0.8177106,0.66221416,-0.020660646,-0.008795722,0.6483879,2.2673604,-0.028187595,-0.033784505,-0.0018746037,2.2989755,1.2971774,1.4900368,-0.00041457056,-0.0013077301
ATAC_THEGL,1.4125849,-0.023292638,0.8017308,0.64857644,-0.020635482,-0.008703591,0.6392245,2.2677834,-0.02821476,-0.03378276,-0.0018338348,2.3194308,1.3187,1.4833907,-0.0003936064,-0.0011665588
ATAC_THEM4,1.2943205,-0.02321396,0.7651766,0.56308943,-0.019896897,-0.008988278,0.63579357,2.2048554,-0.02762713,-0.032671437,-0.0024023615,2.267762,1.4086574,1.472395,-0.0008507097,-0.0011329904
ATAC_THORLNC,1.4125849,-0.023292638,0.8017308,0.64857644,-0.020635482,-0.008703591,0.6392245,2.2677834,-0.02821476,-0.03378276,-0.0018338348,2.3194308,1.3187,1.4833907,-0.0003936064,-0.0011665588
ATAC_THSD8,1.4271156,-0.023392387,0.8295836,0.69112873,-0.020968633,-0.009397985,0.6499647,2.2774303,-0.027450422,-0.033606153,-0.0025052973,2.2597353,1.3681476,1.5032365,-0.00049101916,-0.0013785011
ATAC_TIGD2,1.4125849,-0.023292638,0.8017308,0.64857644,-0.020635482,-0.008703591,0.6392245,2.2677834,-0.02821476,-0.03378276,-0.0018338348,2.3194308,1.3187,1.4833907,-0.0003936064,-0.0011665588
ATAC_TIGD4,1.1812887,-0.023372626,0.8682128,0.45242098,-0.020422827,-0.0074654743,0.6558222,2.0148993,-0.02575761,-0.0312421,-0.003208672,2.1666298,1.2662375,1.4029402,-0.0017618241,-0.002379772
ATAC_TIMP3,1.4125849,-0.023292638,0.8017308,0.64857644,-0.020635482,-0.008703591,0.6392245,2.2677834,-0.02821476,-0.03378276,-0.0018338348,2.3194308,1.3187,1.4833907,-0.0003936064,-0.0011665588
ATAC_TLCD1,1.4125849,-0.023292638,0.8017308,0.64857644,-0.020635482,-0.008703591,0.6392245,2.2677834,-0.02821476,-0.03378276,-0.0018338348,2.3194308,1.3187,1.4833907,-0.0003936064,-0.0011665588
ATAC_TLCD5,1.4125849,-0.023292638,0.8017308,0.64857644,-0.020635482,-0.008703591,0.6392245,2.2677834,-0.02821476,-0.03378276,-0.0018338348,2.3194308,1.3187,1.4833907,-0.0003936064,-0.0011665588
ATAC_TLE1,1.4125849,-0.023292638,0.8017308,0.64857644,-0.020635482,-0.008703591,0.6392245,2.2677834,-0.02821476,-0.03378276,-0.0018338348,2.3194308,1.3187,1.4833907,-0.0003936064,-0.0011665588
ATAC_TLN2,1.4012469,-0.023200698,0.8177106,0.66221416,-0.020660646,-0.008795722,0.6483879,2.2673604,-0.028187595,-0.033784505,-0.0018746037,2.2989755,1.2971774,1.4900368,-0.00041457056,-0.0013077301
ATAC_TM4SF19-AS1,1.4125849,-0.023292638,0.8017308,0.64857644,-0.020635482,-0.008703591,0.6392245,2.2677834,-0.02821476,-0.03378276,-0.0018338348,2.3194308,1.3187,1.4833907,-0.0003936064,-0.0011665588
ATAC_TMC6,1.1812887,-0.023372626,0.8682128,0.45242098,-0.020422827,-0.0074654743,0.6558222,2.0148993,-0.02575761,-0.0312421,-0.003208672,2.1666298,1.2662375,1.4029402,-0.0017618241,-0.002379772
ATAC_TMCC2,1.4125849,-0.023292638,0.8017308,0.64857644,-0.020635482,-0.008703591,0.6392245,2.2677834,-0.02821476,-0.03378276,-0.0018338348,2.3194308,1.3187,1.4833907,-0.0003936064,-0.0011665588
ATAC_TMEM107,1.4125849,-0.023292638,0.8017308,0.64857644,-0.020635482,-0.008703591,0.6392245,2.2677834,-0.02821476,-0.03378276,-0.0018338348,2.3194308,1.3187,1.4833907,-0.0003936064,-0.0011665588
ATAC_TMEM117,1.4125849,-0.023292638,0.8017308,0.64857644,-0.020635482,-0.008703591,0.6392245,2.2677834,-0.02821476,-0.03378276,-0.0018338348,2.3194308,1.3187,1.4833907,-0.0003936064,-0.0011665588
ATAC_TMEM151B,1.5046868,-0.021733219,0.8811911,0.7689369,-0.01877653,-0.009070712,0.5666421,2.1968246,-0.028077228,-0.031377513,-0.0031115457,2.233477,1.2062994,1.5893044,-0.0007109964,-0.0024455206
ATAC_TMEM156,1.4104106,-0.023309104,0.79957646,0.64951706,-0.020605762,-0.008712372,0.6379734,2.2672656,-0.028188275,-0.03376633,-0.0018315454,2.3179383,1.3179502,1.4859527,-0.00037308782,-0.001148743
ATAC_TMEM169,1.4125849,-0.023292638,0.8017308,0.64857644,-0.020635482,-0.008703591,0.6392245,2.2677834,-0.02821476,-0.03378276,-0.0018338348,2.3194308,1.3187,1.4833907,-0.0003936064,-0.0011665588
ATAC_TMEM177,1.4125849,-0.023292638,0.8017308,0.64857644,-0.020635482,-0.008703591,0.6392245,2.2677834,-0.02821476,-0.03378276,-0.0018338348,2.3194308,1.3187,1.4833907,-0.0003936064,-0.0011665588
ATAC_TMEM181,1.4125849,-0.023292638,0.8017308,0.64857644,-0.020635482,-0.008703591,0.6392245,2.2677834,-0.02821476,-0.03378276,-0.0018338348,2.3194308,1.3187,1.4833907,-0.0003936064,-0.0011665588
ATAC_TMEM182,1.4125849,-0.023292638,0.8017308,0.64857644,-0.020635482,-0.008703591,0.6392245,2.2677834,-0.02821476,-0.03378276,-0.0018338348,2.3194308,1.3187,1.4833907,-0.0003936064,-0.0011665588
ATAC_TMEM223,1.4125849,-0.023292638,0.8017308,0.64857644,-0.020635482,-0.008703591,0.6392245,2.2677834,-0.02821476,-0.03378276,-0.0018338348,2.3194308,1.3187,1.4833907,-0.0003936064,-0.0011665588
ATAC_TMEM225B,1.4127346,-0.023292562,0.8026385,0.64761823,-0.020632455,-0.008697822,0.6380586,2.2673407,-0.028206052,-0.03379725,-0.0018370403,2.3197758,1.3196402,1.4823432,-0.00040205597,-0.0011777007
ATAC_TMEM238,1.4125849,-0.023292638,0.8017308,0.64857644,-0.020635482,-0.008703591,0.6392245,2.2677834,-0.02821476,-0.03378276,-0.0018338348,2.3194308,1.3187,1.4833907,-0.0003936064,-0.0011665588
ATAC_TMEM239,1.4125849,-0.023292638,0.8017308,0.64857644,-0.020635482,-0.008703591,0.6392245,2.2677834,-0.02821476,-0.03378276,-0.0018338348,2.3194308,1.3187,1.4833907,-0.0003936064,-0.0011665588
ATAC_TMEM245,1.4125849,-0.023292638,0.8017308,0.64857644,-0.020635482,-0.008703591,0.6392245,2.2677834,-0.02821476,-0.03378276,-0.0018338348,2.3194308,1.3187,1.4833907,-0.0003936064,-0.0011665588
ATAC_TMEM272,1.4125849,-0.023292638,0.8017308,0.64857644,-0.020635482,-0.008703591,0.6392245,2.2677834,-0.02821476,-0.03378276,-0.0018338348,2.3194308,1.3187,1.4833907,-0.0003936064,-0.0011665588
ATAC_TMEM41B,1.4125849,-0.023292638,0.8017308,0.64857644,-0.020635482,-0.008703591,0.6392245,2.2677834,-0.02821476,-0.03378276,-0.0018338348,2.3194308,1.3187,1.4833907,-0.0003936064,-0.0011665588
ATAC_TMEM45B,1.4125849,-0.023292638,0.8017308,0.64857644,-0.020635482,-0.008703591,0.6392245,2.2677834,-0.02821476,-0.03378276,-0.0018338348,2.3194308,1.3187,1.4833907,-0.0003936064,-0.0011665588
ATAC_TMEM65,1.4125849,-0.023292638,0.8017308,0.64857644,-0.020635482,-0.008703591,0.6392245,2.2677834,-0.02821476,-0.03378276,-0.0018338348,2.3194308,1.3187,1.4833907,-0.0003936064,-0.0011665588
ATAC_TMEM67,1.4125849,-0.023292638,0.8017308,0.64857644,-0.020635482,-0.008703591,0.6392245,2.2677834,-0.02821476,-0.03378276,-0.0018338348,2.3194308,1.3187,1.4833907,-0.0003936064,-0.0011665588
ATAC_TMEM95,1.3310395,-0.020079069,0.7884601,0.27845803,-0.021563284,-0.006361013,0.82275224,2.0207698,-0.024436288,-0.029001154,-0.0006118643,2.144133,1.1933681,1.1707808,0.15522888,0.03603252
ATAC_TMEM98,1.4125849,-0.023292638,0.8017308,0.64857644,-0.020635482,-0.008703591,0.6392245,2.2677834,-0.02821476,-0.03378276,-0.0018338348,2.3194308,1.3187,1.4833907,-0.0003936064,-0.0011665588
ATAC_TMIGD2,1.492775,-0.023186313,0.95870185,0.5833332,-0.01813574,-0.010468844,0.6704174,2.3450425,-0.026279798,-0.033630207,-0.000938206,2.2868438,1.2921569,1.4577509,0.14635035,-0.002894342
ATAC_TMPRSS13,1.4125849,-0.023292638,0.8017308,0.64857644,-0.020635482,-0.008703591,0.6392245,2.2677834,-0.02821476,-0.03378276,-0.0018338348,2.3194308,1.3187,1.4833907,-0.0003936064,-0.0011665588
ATAC_TMUB1,1.4125849,-0.023292638,0.8017308,0.64857644,-0.020635482,-0.008703591,0.6392245,2.2677834,-0.02821476,-0.03378276,-0.0018338348,2.3194308,1.3187,1.4833907,-0.0003936064,-0.0011665588
ATAC_TNF,1.5046868,-0.021733219,0.8811911,0.7689369,-0.01877653,-0.009070712,0.5666421,2.1968246,-0.028077228,-0.031377513,-0.0031115457,2.233477,1.2062994,1.5893044,-0.0007109964,-0.0024455206
ATAC_TNFAIP6,1.4125849,-0.023292638,0.8017308,0.64857644,-0.020635482,-0.008703591,0.6392245,2.2677834,-0.02821476,-0.03378276,-0.0018338348,2.3194308,1.3187,1.4833907,-0.0003936064,-0.0011665588
ATAC_TNFRSF10D,1.4125849,-0.023292638,0.8017308,0.64857644,-0.020635482,-0.008703591,0.6392245,2.2677834,-0.02821476,-0.03378276,-0.0018338348,2.3194308,1.3187,1.4833907,-0.0003936064,-0.0011665588
ATAC_TNFRSF11A,1.4125849,-0.023292638,0.8017308,0.64857644,-0.020635482,-0.008703591,0.6392245,2.2677834,-0.02821476,-0.03378276,-0.0018338348,2.3194308,1.3187,1.4833907,-0.0003936064,-0.0011665588
ATAC_TNFRSF13C,1.4125849,-0.023292638,0.8017308,0.64857644,-0.020635482,-0.008703591,0.6392245,2.2677834,-0.02821476,-0.03378276,-0.0018338348,2.3194308,1.3187,1.4833907,-0.0003936064,-0.0011665588
ATAC_TNFRSF17,1.4125849,-0.023292638,0.8017308,0.64857644,-0.020635482,-0.008703591,0.6392245,2.2677834,-0.02821476,-0.03378276,-0.0018338348,2.3194308,1.3187,1.4833907,-0.0003936064,-0.0011665588
ATAC_TNFRSF18,1.4125849,-0.023292638,0.8017308,0.64857644,-0.020635482,-0.008703591,0.6392245,2.2677834,-0.02821476,-0.03378276,-0.0018338348,2.3194308,1.3187,1.4833907,-0.0003936064,-0.0011665588
ATAC_TNFRSF25,1.4125849,-0.023292638,0.8017308,0.64857644,-0.020635482,-0.008703591,0.6392245,2.2677834,-0.02821476,-0.03378276,-0.0018338348,2.3194308,1.3187,1.4833907,-0.0003936064,-0.0011665588
ATAC_TNFRSF4,1.4125849,-0.023292638,0.8017308,0.64857644,-0.020635482,-0.008703591,0.6392245,2.2677834,-0.02821476,-0.03378276,-0.0018338348,2.3194308,1.3187,1.4833907,-0.0003936064,-0.0011665588
ATAC_TNIP3,1.4271156,-0.023392387,0.8295836,0.69112873,-0.020968633,-0.009397985,0.6499647,2.2774303,-0.027450422,-0.033606153,-0.0025052973,2.2597353,1.3681476,1.5032365,-0.00049101916,-0.0013785011
ATAC_TNNC1,1.4848722,-0.021887915,0.75252235,0.6572543,-0.01905726,-0.007781316,0.5756423,2.1572971,-0.027092801,-0.03268414,-0.00041093177,2.2740304,1.1220263,1.4568973,-0.00074900565,-0.00036190182
ATAC_TNXB,1.4125849,-0.023292638,0.8017308,0.64857644,-0.020635482,-0.008703591,0.6392245,2.2677834,-0.02821476,-0.03378276,-0.0018338348,2.3194308,1.3187,1.4833907,-0.0003936064,-0.0011665588
ATAC_TOB1-AS1,1.4125849,-0.023292638,0.8017308,0.64857644,-0.020635482,-0.008703591,0.6392245,2.2677834,-0.02821476,-0.03378276,-0.0018338348,2.3194308,1.3187,1.4833907,-0.0003936064,-0.0011665588
ATAC_TOGARAM2,1.4125849,-0.023292638,0.8017308,0.64857644,-0.020635482,-0.008703591,0.6392245,2.2677834,-0.02821476,-0.03378276,-0.0018338348,2.3194308,1.3187,1.4833907,-0.0003936064,-0.0011665588
ATAC_TP53I13,1.4125849,-0.023292638,0.8017308,0.64857644,-0.020635482,-0.008703591,0.6392245,2.2677834,-0.02821476,-0.03378276,-0.0018338348,2.3194308,1.3187,1.4833907,-0.0003936064,-0.0011665588
ATAC_TP53TG1,1.3321224,-0.023294413,0.735883,0.6972524,-0.020130107,-0.008047949,0.6280316,2.1828496,-0.028478064,-0.034258723,-0.002596739,2.301553,1.340568,1.3898956,-0.00060153723,-0.0017894763
ATAC_TPD52,1.4125849,-0.023292638,0.8017308,0.64857644,-0.020635482,-0.008703591,0.6392245,2.2677834,-0.02821476,-0.03378276,-0.0018338348,2.3194308,1.3187,1.4833907,-0.0003936064,-0.0011665588
ATAC_TPST1,1.4274093,-0.023391744,0.83014226,0.6908845,-0.020966077,-0.009393744,0.6501319,2.2761073,-0.027453473,-0.03359492,-0.0025110568,2.2603347,1.3684213,1.5028973,-0.0004785797,-0.0013861853
ATAC_TPT1-AS1,1.4125849,-0.023292638,0.8017308,0.64857644,-0.020635482,-0.008703591,0.6392245,2.2677834,-0.02821476,-0.03378276,-0.0018338348,2.3194308,1.3187,1.4833907,-0.0003936064,-0.0011665588
ATAC_TRABD2A,1.4125849,-0.023292638,0.8017308,0.64857644,-0.020635482,-0.008703591,0.6392245,2.2677834,-0.02821476,-0.03378276,-0.0018338348,2.3194308,1.3187,1.4833907,-0.0003936064,-0.0011665588
ATAC_TRAF1,1.4125849,-0.023292638,0.8017308,0.64857644,-0.020635482,-0.008703591,0.6392245,2.2677834,-0.02821476,-0.03378276,-0.0018338348,2.3194308,1.3187,1.4833907,-0.0003936064,-0.0011665588
ATAC_TRAF5,1.4115403,-0.023312334,0.79878825,0.65033704,-0.020615363,-0.008717911,0.6376764,2.2683332,-0.028182067,-0.033764143,-0.0018270783,2.3188586,1.3183532,1.4853611,-0.00037708133,-0.0011555236
ATAC_TRAJ14,1.4125849,-0.023292638,0.8017308,0.64857644,-0.020635482,-0.008703591,0.6392245,2.2677834,-0.02821476,-0.03378276,-0.0018338348,2.3194308,1.3187,1.4833907,-0.0003936064,-0.0011665588
ATAC_TRAJ33,1.4858432,-0.023543715,0.7068908,0.55857843,-0.018806776,-0.0072389976,0.6906159,2.0854418,-0.027196279,-0.032130525,-0.002061214,2.150608,1.1790088,1.3634757,-0.0020589253,-0.0013641614
ATAC_TRAJ44,1.4125849,-0.023292638,0.8017308,0.64857644,-0.020635482,-0.008703591,0.6392245,2.2677834,-0.02821476,-0.03378276,-0.0018338348,2.3194308,1.3187,1.4833907,-0.0003936064,-0.0011665588
ATAC_TRAJ48,1.4125849,-0.023292638,0.8017308,0.64857644,-0.020635482,-0.008703591,0.6392245,2.2677834,-0.02821476,-0.03378276,-0.0018338348,2.3194308,1.3187,1.4833907,-0.0003936064,-0.0011665588
ATAC_TRAK2,1.4125849,-0.023292638,0.8017308,0.64857644,-0.020635482,-0.008703591,0.6392245,2.2677834,-0.02821476,-0.03378276,-0.0018338348,2.3194308,1.3187,1.4833907,-0.0003936064,-0.0011665588
ATAC_TRANK1,1.4125849,-0.023292638,0.8017308,0.64857644,-0.020635482,-0.008703591,0.6392245,2.2677834,-0.02821476,-0.03378276,-0.0018338348,2.3194308,1.3187,1.4833907,-0.0003936064,-0.0011665588
ATAC_TRAP1,1.4125849,-0.023292638,0.8017308,0.64857644,-0.020635482,-0.008703591,0.6392245,2.2677834,-0.02821476,-0.03378276,-0.0018338348,2.3194308,1.3187,1.4833907,-0.0003936064,-0.0011665588
ATAC_TRAT1,1.4125849,-0.023292638,0.8017308,0.64857644,-0.020635482,-0.008703591,0.6392245,2.2677834,-0.02821476,-0.03378276,-0.0018338348,2.3194308,1.3187,1.4833907,-0.0003936064,-0.0011665588
ATAC_TRAV1-2,1.4105314,-0.02325152,0.7991245,0.64747995,-0.02061072,-0.008690771,0.636172,2.2631497,-0.028197767,-0.033744883,-0.0018489436,2.318945,1.3171363,1.4813086,-0.00036405234,-0.0011508906
ATAC_TRAV18,1.4125849,-0.023292638,0.8017308,0.64857644,-0.020635482,-0.008703591,0.6392245,2.2677834,-0.02821476,-0.03378276,-0.0018338348,2.3194308,1.3187,1.4833907,-0.0003936064,-0.0011665588
ATAC_TRAV19,1.3396465,-0.023580937,0.7509962,0.66734135,-0.020699682,-0.009167733,0.6626581,2.2878432,-0.02752281,-0.03304971,-0.0019281758,2.356728,1.3630004,1.5420486,-0.00024037166,-0.0012737679
ATAC_TRAV22,1.4125849,-0.023292638,0.8017308,0.64857644,-0.020635482,-0.008703591,0.6392245,2.2677834,-0.02821476,-0.03378276,-0.0018338348,2.3194308,1.3187,1.4833907,-0.0003936064,-0.0011665588
ATAC_TRAV25,1.4125849,-0.023292638,0.8017308,0.64857644,-0.020635482,-0.008703591,0.6392245,2.2677834,-0.02821476,-0.03378276,-0.0018338348,2.3194308,1.3187,1.4833907,-0.0003936064,-0.0011665588
ATAC_TRAV26-1,1.4125849,-0.023292638,0.8017308,0.64857644,-0.020635482,-0.008703591,0.6392245,2.2677834,-0.02821476,-0.03378276,-0.0018338348,2.3194308,1.3187,1.4833907,-0.0003936064,-0.0011665588
ATAC_TRAV6,1.3721014,-0.020222288,0.8290009,0.42491955,-0.020895863,-0.006715822,0.8264154,2.05837,-0.025780298,-0.030049132,-0.0008473828,2.1059058,1.2954988,1.2579331,0.08918674,-0.0007479474
ATAC_TRAV8-2,1.4125849,-0.023292638,0.8017308,0.64857644,-0.020635482,-0.008703591,0.6392245,2.2677834,-0.02821476,-0.03378276,-0.0018338348,2.3194308,1.3187,1.4833907,-0.0003936064,-0.0011665588
ATAC_TRAV8-6,1.4125849,-0.023292638,0.8017308,0.64857644,-0.020635482,-0.008703591,0.6392245,2.2677834,-0.02821476,-0.03378276,-0.0018338348,2.3194308,1.3187,1.4833907,-0.0003936064,-0.0011665588
ATAC_TRAV9-2,1.3396465,-0.023580937,0.7509962,0.66734135,-0.020699682,-0.009167733,0.6626581,2.2878432,-0.02752281,-0.03304971,-0.0019281758,2.356728,1.3630004,1.5420486,-0.00024037166,-0.0012737679
ATAC_TRBJ1-4,1.4125849,-0.023292638,0.8017308,0.64857644,-0.020635482,-0.008703591,0.6392245,2.2677834,-0.02821476,-0.03378276,-0.0018338348,2.3194308,1.3187,1.4833907,-0.0003936064,-0.0011665588
ATAC_TRBV11-3,1.4125849,-0.023292638,0.8017308,0.64857644,-0.020635482,-0.008703591,0.6392245,2.2677834,-0.02821476,-0.03378276,-0.0018338348,2.3194308,1.3187,1.4833907,-0.0003936064,-0.0011665588
ATAC_TRBV13,1.4930688,-0.02318567,0.9592605,0.58308893,-0.018133184,-0.010464602,0.6705846,2.3437195,-0.026282849,-0.033618975,-0.00094396557,2.2874432,1.2924306,1.4574116,0.1475943,-0.002902026
ATAC_TRBV21-1,1.4125849,-0.023292638,0.8017308,0.64857644,-0.020635482,-0.008703591,0.6392245,2.2677834,-0.02821476,-0.03378276,-0.0018338348,2.3194308,1.3187,1.4833907,-0.0003936064,-0.0011665588
ATAC_TRBV23-1,1.4125849,-0.023292638,0.8017308,0.64857644,-0.020635482,-0.008703591,0.6392245,2.2677834,-0.02821476,-0.03378276,-0.0018338348,2.3194308,1.3187,1.4833907,-0.0003936064,-0.0011665588
ATAC_TRDC,1.4125849,-0.023292638,0.8017308,0.64857644,-0.020635482,-0.008703591,0.6392245,2.2677834,-0.02821476,-0.03378276,-0.0018338348,2.3194308,1.3187,1.4833907,-0.0003936064,-0.0011665588
ATAC_TRDJ1,1.4125849,-0.023292638,0.8017308,0.64857644,-0.020635482,-0.008703591,0.6392245,2.2677834,-0.02821476,-0.03378276,-0.0018338348,2.3194308,1.3187,1.4833907,-0.0003936064,-0.0011665588
ATAC_TRDV1,1.4125849,-0.023292638,0.8017308,0.64857644,-0.020635482,-0.008703591,0.6392245,2.2677834,-0.02821476,-0.03378276,-0.0018338348,2.3194308,1.3187,1.4833907,-0.0003936064,-0.0011665588
ATAC_TRDV2,1.492775,-0.023186313,0.95870185,0.5833332,-0.01813574,-0.010468844,0.6704174,2.3450425,-0.026279798,-0.033630207,-0.000938206,2.2868438,1.2921569,1.4577509,0.14635035,-0.002894342
ATAC_TRGC1,1.4125849,-0.023292638,0.8017308,0.64857644,-0.020635482,-0.008703591,0.6392245,2.2677834,-0.02821476,-0.03378276,-0.0018338348,2.3194308,1.3187,1.4833907,-0.0003936064,-0.0011665588
ATAC_TRGC2,1.4125849,-0.023292638,0.8017308,0.64857644,-0.020635482,-0.008703591,0.6392245,2.2677834,-0.02821476,-0.03378276,-0.0018338348,2.3194308,1.3187,1.4833907,-0.0003936064,-0.0011665588
ATAC_TRGJP1,1.4125849,-0.023292638,0.8017308,0.64857644,-0.020635482,-0.008703591,0.6392245,2.2677834,-0.02821476,-0.03378276,-0.0018338348,2.3194308,1.3187,1.4833907,-0.0003936064,-0.0011665588
ATAC_TRGV10,1.4125849,-0.023292638,0.8017308,0.64857644,-0.020635482,-0.008703591,0.6392245,2.2677834,-0.02821476,-0.03378276,-0.0018338348,2.3194308,1.3187,1.4833907,-0.0003936064,-0.0011665588
ATAC_TRGV2,1.4125849,-0.023292638,0.8017308,0.64857644,-0.020635482,-0.008703591,0.6392245,2.2677834,-0.02821476,-0.03378276,-0.0018338348,2.3194308,1.3187,1.4833907,-0.0003936064,-0.0011665588
ATAC_TRGV8,1.4125849,-0.023292638,0.8017308,0.64857644,-0.020635482,-0.008703591,0.6392245,2.2677834,-0.02821476,-0.03378276,-0.0018338348,2.3194308,1.3187,1.4833907,-0.0003936064,-0.0011665588
ATAC_TRGV9,1.4125849,-0.023292638,0.8017308,0.64857644,-0.020635482,-0.008703591,0.6392245,2.2677834,-0.02821476,-0.03378276,-0.0018338348,2.3194308,1.3187,1.4833907,-0.0003936064,-0.0011665588
ATAC_TRIM14,1.4063948,-0.022367306,0.7271749,0.69755614,-0.021067811,-0.0090535795,0.5968012,2.2347817,-0.028394908,-0.034352824,-0.0025593417,2.348007,1.3284153,1.5106052,0.017504789,-0.0009885073
ATAC_TRIM23,1.4125849,-0.023292638,0.8017308,0.64857644,-0.020635482,-0.008703591,0.6392245,2.2677834,-0.02821476,-0.03378276,-0.0018338348,2.3194308,1.3187,1.4833907,-0.0003936064,-0.0011665588
ATAC_TRIM69,1.4125849,-0.023292638,0.8017308,0.64857644,-0.020635482,-0.008703591,0.6392245,2.2677834,-0.02821476,-0.03378276,-0.0018338348,2.3194308,1.3187,1.4833907,-0.0003936064,-0.0011665588
ATAC_TRIP11,1.4125849,-0.023292638,0.8017308,0.64857644,-0.020635482,-0.008703591,0.6392245,2.2677834,-0.02821476,-0.03378276,-0.0018338348,2.3194308,1.3187,1.4833907,-0.0003936064,-0.0011665588
ATAC_TRMT11,1.4125849,-0.023292638,0.8017308,0.64857644,-0.020635482,-0.008703591,0.6392245,2.2677834,-0.02821476,-0.03378276,-0.0018338348,2.3194308,1.3187,1.4833907,-0.0003936064,-0.0011665588
ATAC_TRMT13,1.4128786,-0.023291998,0.8022895,0.6483322,-0.020632925,-0.00869935,0.6393917,2.2664604,-0.02821781,-0.03377153,-0.0018395947,2.3200302,1.3189737,1.4830514,-0.00038116693,-0.001174243
ATAC_TRNAU1AP,1.3652904,-0.022982465,0.74883455,0.5799632,-0.020713909,-0.0089688385,0.6520258,2.2598364,-0.027539706,-0.03332276,-0.0016806397,2.3615706,1.3598664,1.4768136,-0.00013004898,-0.0010180708
ATAC_TRO,1.4125849,-0.023292638,0.8017308,0.64857644,-0.020635482,-0.008703591,0.6392245,2.2677834,-0.02821476,-0.03378276,-0.0018338348,2.3194308,1.3187,1.4833907,-0.0003936064,-0.0011665588
ATAC_TRPC1,1.4271156,-0.023392387,0.8295836,0.69112873,-0.020968633,-0.009397985,0.6499647,2.2774303,-0.027450422,-0.033606153,-0.0025052973,2.2597353,1.3681476,1.5032365,-0.00049101916,-0.0013785011
ATAC_TRPM6,1.4125849,-0.023292638,0.8017308,0.64857644,-0.020635482,-0.008703591,0.6392245,2.2677834,-0.02821476,-0.03378276,-0.0018338348,2.3194308,1.3187,1.4833907,-0.0003936064,-0.0011665588
ATAC_TSACC,1.4125849,-0.023292638,0.8017308,0.64857644,-0.020635482,-0.008703591,0.6392245,2.2677834,-0.02821476,-0.03378276,-0.0018338348,2.3194308,1.3187,1.4833907,-0.0003936064,-0.0011665588
ATAC_TSC22D1-AS1,1.4121956,-0.0232928,0.8024285,0.64799565,-0.020630991,-0.008695753,0.6389291,2.2674978,-0.028209936,-0.033783376,-0.0018392464,2.3199787,1.3190559,1.4839792,-0.00039519905,-0.0011674433
ATAC_TSEN54,1.1812887,-0.023372626,0.8682128,0.45242098,-0.020422827,-0.0074654743,0.6558222,2.0148993,-0.02575761,-0.0312421,-0.003208672,2.1666298,1.2662375,1.4029402,-0.0017618241,-0.002379772
ATAC_TSGA10,1.4125849,-0.023292638,0.8017308,0.64857644,-0.020635482,-0.008703591,0.6392245,2.2677834,-0.02821476,-0.03378276,-0.0018338348,2.3194308,1.3187,1.4833907,-0.0003936064,-0.0011665588
ATAC_TSHZ2,1.4125849,-0.023292638,0.8017308,0.64857644,-0.020635482,-0.008703591,0.6392245,2.2677834,-0.02821476,-0.03378276,-0.0018338348,2.3194308,1.3187,1.4833907,-0.0003936064,-0.0011665588
ATAC_TSPAN18,1.4125849,-0.023292638,0.8017308,0.64857644,-0.020635482,-0.008703591,0.6392245,2.2677834,-0.02821476,-0.03378276,-0.0018338348,2.3194308,1.3187,1.4833907,-0.0003936064,-0.0011665588
ATAC_TSPOAP1,1.4858432,-0.023543715,0.7068908,0.55857843,-0.018806776,-0.0072389976,0.6906159,2.0854418,-0.027196279,-0.032130525,-0.002061214,2.150608,1.1790088,1.3634757,-0.0020589253,-0.0013641614
ATAC_TSPOAP1-AS1,1.4123738,-0.02328774,0.80262357,0.6487583,-0.020633606,-0.008713098,0.6401319,2.2666583,-0.028221542,-0.033781063,-0.001831303,2.318974,1.3176168,1.4840212,-0.0003836432,-0.0011672133
ATAC_TSPYL2,1.4063948,-0.022367306,0.7271749,0.69755614,-0.021067811,-0.0090535795,0.5968012,2.2347817,-0.028394908,-0.034352824,-0.0025593417,2.348007,1.3284153,1.5106052,0.017504789,-0.0009885073
ATAC_TSTD1,1.4125849,-0.023292638,0.8017308,0.64857644,-0.020635482,-0.008703591,0.6392245,2.2677834,-0.02821476,-0.03378276,-0.0018338348,2.3194308,1.3187,1.4833907,-0.0003936064,-0.0011665588
ATAC_TTC16,1.4125849,-0.023292638,0.8017308,0.64857644,-0.020635482,-0.008703591,0.6392245,2.2677834,-0.02821476,-0.03378276,-0.0018338348,2.3194308,1.3187,1.4833907,-0.0003936064,-0.0011665588
ATAC_TTC27,1.4125849,-0.023292638,0.8017308,0.64857644,-0.020635482,-0.008703591,0.6392245,2.2677834,-0.02821476,-0.03378276,-0.0018338348,2.3194308,1.3187,1.4833907,-0.0003936064,-0.0011665588
ATAC_TTC28,1.4848722,-0.021887915,0.75252235,0.6572543,-0.01905726,-0.007781316,0.5756423,2.1572971,-0.027092801,-0.03268414,-0.00041093177,2.2740304,1.1220263,1.4568973,-0.00074900565,-0.00036190182
ATAC_TTC28-AS1,1.4123738,-0.02328774,0.80262357,0.6487583,-0.020633606,-0.008713098,0.6401319,2.2666583,-0.028221542,-0.033781063,-0.001831303,2.318974,1.3176168,1.4840212,-0.0003836432,-0.0011672133
ATAC_TTC38,1.4888421,-0.019520069,0.5995763,0.706227,-0.018661655,-0.007817254,0.48694384,2.0320282,-0.025060697,-0.030242924,0.032263,2.138259,1.4176911,1.3404392,-0.0011982796,0.075745426
ATAC_TTC39B,1.5045087,-0.021713061,0.8782087,0.7696973,-0.018772185,-0.009040155,0.5640508,2.1943297,-0.028032435,-0.031346522,-0.0031211723,2.2301967,1.2037148,1.5924615,-0.0006721356,-0.0024580383
ATAC_TTF1,1.4125849,-0.023292638,0.8017308,0.64857644,-0.020635482,-0.008703591,0.6392245,2.2677834,-0.02821476,-0.03378276,-0.0018338348,2.3194308,1.3187,1.4833907,-0.0003936064,-0.0011665588
ATAC_TTLL6,1.4130284,-0.023291921,0.80319715,0.647374,-0.020629896,-0.0086935805,0.6382258,2.2660177,-0.028209103,-0.033786017,-0.0018428002,2.3203752,1.3199139,1.4820039,-0.0003896168,-0.0011853849
ATAC_TTR,1.4125849,-0.023292638,0.8017308,0.64857644,-0.020635482,-0.008703591,0.6392245,2.2677834,-0.02821476,-0.03378276,-0.0018338348,2.3194308,1.3187,1.4833907,-0.0003936064,-0.0011665588
ATAC_TUBA1C,1.4125849,-0.023292638,0.8017308,0.64857644,-0.020635482,-0.008703591,0.6392245,2.2677834,-0.02821476,-0.03378276,-0.0018338348,2.3194308,1.3187,1.4833907,-0.0003936064,-0.0011665588
ATAC_TUBA4B,1.4125849,-0.023292638,0.8017308,0.64857644,-0.020635482,-0.008703591,0.6392245,2.2677834,-0.02821476,-0.03378276,-0.0018338348,2.3194308,1.3187,1.4833907,-0.0003936064,-0.0011665588
ATAC_TUBD1,1.4125849,-0.023292638,0.8017308,0.64857644,-0.020635482,-0.008703591,0.6392245,2.2677834,-0.02821476,-0.03378276,-0.0018338348,2.3194308,1.3187,1.4833907,-0.0003936064,-0.0011665588
ATAC_TUBGCP5,1.4271156,-0.023392387,0.8295836,0.69112873,-0.020968633,-0.009397985,0.6499647,2.2774303,-0.027450422,-0.033606153,-0.0025052973,2.2597353,1.3681476,1.5032365,-0.00049101916,-0.0013785011
ATAC_TUBGCP6,1.4125849,-0.023292638,0.8017308,0.64857644,-0.020635482,-0.008703591,0.6392245,2.2677834,-0.02821476,-0.03378276,-0.0018338348,2.3194308,1.3187,1.4833907,-0.0003936064,-0.0011665588
ATAC_TXK,1.4125849,-0.023292638,0.8017308,0.64857644,-0.020635482,-0.008703591,0.6392245,2.2677834,-0.02821476,-0.03378276,-0.0018338348,2.3194308,1.3187,1.4833907,-0.0003936064,-0.0011665588
ATAC_UBAP2,1.3716727,-0.023149347,0.76209766,0.5011567,-0.021299876,-0.008343013,0.6343954,2.2297404,-0.026862042,-0.03274927,-0.0016015221,2.358003,1.2175093,1.3951907,0.025836527,-6.942905e-05
ATAC_UBASH3A,1.4125849,-0.023292638,0.8017308,0.64857644,-0.020635482,-0.008703591,0.6392245,2.2677834,-0.02821476,-0.03378276,-0.0018338348,2.3194308,1.3187,1.4833907,-0.0003936064,-0.0011665588
ATAC_UBE2C,1.4687707,-0.023636455,0.86621666,0.6220489,-0.019992866,-0.008198393,0.6051155,2.1950989,-0.02728202,-0.03409236,-0.0014782451,2.3365777,1.3926604,1.4791176,-0.0010079679,-0.0011027044
ATAC_UBE2D3-AS1,1.3721014,-0.020222288,0.8290009,0.42491955,-0.020895863,-0.006715822,0.8264154,2.05837,-0.025780298,-0.030049132,-0.0008473828,2.1059058,1.2954988,1.2579331,0.08918674,-0.0007479474
ATAC_UBE3D,1.4125849,-0.023292638,0.8017308,0.64857644,-0.020635482,-0.008703591,0.6392245,2.2677834,-0.02821476,-0.03378276,-0.0018338348,2.3194308,1.3187,1.4833907,-0.0003936064,-0.0011665588
ATAC_UBTF,1.4123738,-0.02328774,0.80262357,0.6487583,-0.020633606,-0.008713098,0.6401319,2.2666583,-0.028221542,-0.033781063,-0.001831303,2.318974,1.3176168,1.4840212,-0.0003836432,-0.0011672133
ATAC_UBXN2A,1.4125849,-0.023292638,0.8017308,0.64857644,-0.020635482,-0.008703591,0.6392245,2.2677834,-0.02821476,-0.03378276,-0.0018338348,2.3194308,1.3187,1.4833907,-0.0003936064,-0.0011665588
ATAC_UCKL1,1.4124068,-0.02327248,0.79874843,0.6493369,-0.020631136,-0.008673036,0.6366332,2.2652888,-0.028169967,-0.03375177,-0.0018434615,2.3161504,1.3161155,1.4865477,-0.0003547457,-0.0011790764
ATAC_UCN,1.4125849,-0.023292638,0.8017308,0.64857644,-0.020635482,-0.008703591,0.6392245,2.2677834,-0.02821476,-0.03378276,-0.0018338348,2.3194308,1.3187,1.4833907,-0.0003936064,-0.0011665588
ATAC_UCN2,1.4125849,-0.023292638,0.8017308,0.64857644,-0.020635482,-0.008703591,0.6392245,2.2677834,-0.02821476,-0.03378276,-0.0018338348,2.3194308,1.3187,1.4833907,-0.0003936064,-0.0011665588
ATAC_UCP1,1.492775,-0.023186313,0.95870185,0.5833332,-0.01813574,-0.010468844,0.6704174,2.3450425,-0.026279798,-0.033630207,-0.000938206,2.2868438,1.2921569,1.4577509,0.14635035,-0.002894342
ATAC_UFL1-AS1,1.2889076,-0.023397641,0.80459046,0.7166476,-0.019988252,-0.008035747,0.60590243,2.2891026,-0.026482351,-0.033861175,-0.0001263163,2.2419484,1.1204474,1.3269857,0.13625717,-0.0001494149
ATAC_ULBP1,1.4125849,-0.023292638,0.8017308,0.64857644,-0.020635482,-0.008703591,0.6392245,2.2677834,-0.02821476,-0.03378276,-0.0018338348,2.3194308,1.3187,1.4833907,-0.0003936064,-0.0011665588
ATAC_ULBP2,1.4125849,-0.023292638,0.8017308,0.64857644,-0.020635482,-0.008703591,0.6392245,2.2677834,-0.02821476,-0.03378276,-0.0018338348,2.3194308,1.3187,1.4833907,-0.0003936064,-0.0011665588
ATAC_ULK3,1.4125849,-0.023292638,0.8017308,0.64857644,-0.020635482,-0.008703591,0.6392245,2.2677834,-0.02821476,-0.03378276,-0.0018338348,2.3194308,1.3187,1.4833907,-0.0003936064,-0.0011665588
ATAC_ULK4,1.4125849,-0.023292638,0.8017308,0.64857644,-0.020635482,-0.008703591,0.6392245,2.2677834,-0.02821476,-0.03378276,-0.0018338348,2.3194308,1.3187,1.4833907,-0.0003936064,-0.0011665588
ATAC_UNC13A,1.4125849,-0.023292638,0.8017308,0.64857644,-0.020635482,-0.008703591,0.6392245,2.2677834,-0.02821476,-0.03378276,-0.0018338348,2.3194308,1.3187,1.4833907,-0.0003936064,-0.0011665588
ATAC_UNC5B-AS1,1.4125849,-0.023292638,0.8017308,0.64857644,-0.020635482,-0.008703591,0.6392245,2.2677834,-0.02821476,-0.03378276,-0.0018338348,2.3194308,1.3187,1.4833907,-0.0003936064,-0.0011665588
ATAC_UNKL,1.4125849,-0.023292638,0.8017308,0.64857644,-0.020635482,-0.008703591,0.6392245,2.2677834,-0.02821476,-0.03378276,-0.0018338348,2.3194308,1.3187,1.4833907,-0.0003936064,-0.0011665588
ATAC_UPK2,1.4555563,-0.024758628,0.72110057,0.69017285,-0.017580522,-0.010292683,0.7503103,2.0629387,-0.02562591,-0.032022078,-6.0923452e-05,2.084397,1.3396792,1.446238,-0.00046121984,-0.0031323815
ATAC_UPP2,1.4125849,-0.023292638,0.8017308,0.64857644,-0.020635482,-0.008703591,0.6392245,2.2677834,-0.02821476,-0.03378276,-0.0018338348,2.3194308,1.3187,1.4833907,-0.0003936064,-0.0011665588
ATAC_URGCP,1.4125849,-0.023292638,0.8017308,0.64857644,-0.020635482,-0.008703591,0.6392245,2.2677834,-0.02821476,-0.03378276,-0.0018338348,2.3194308,1.3187,1.4833907,-0.0003936064,-0.0011665588
ATAC_USH1G,1.4257208,-0.020498574,0.7843302,0.8327015,-0.017688166,-0.0056659756,0.40663305,2.18491,-0.024219073,-0.03131682,-0.00043343223,2.081935,1.0538237,1.4636254,-0.0024027827,0.073803805
ATAC_USP11,1.4125849,-0.023292638,0.8017308,0.64857644,-0.020635482,-0.008703591,0.6392245,2.2677834,-0.02821476,-0.03378276,-0.0018338348,2.3194308,1.3187,1.4833907,-0.0003936064,-0.0011665588
ATAC_USP2-AS1,1.4125849,-0.023292638,0.8017308,0.64857644,-0.020635482,-0.008703591,0.6392245,2.2677834,-0.02821476,-0.03378276,-0.0018338348,2.3194308,1.3187,1.4833907,-0.0003936064,-0.0011665588
ATAC_USP20,1.4125849,-0.023292638,0.8017308,0.64857644,-0.020635482,-0.008703591,0.6392245,2.2677834,-0.02821476,-0.03378276,-0.0018338348,2.3194308,1.3187,1.4833907,-0.0003936064,-0.0011665588
ATAC_USP28,1.218934,-0.01854607,0.7138627,0.8101714,-0.018847609,-0.005580297,0.22495888,1.8402222,-0.029862855,-0.026757803,-0.006089551,2.267533,1.2357733,1.2343346,0.06739393,-0.0007199356
ATAC_USP44,1.4123738,-0.02328774,0.80262357,0.6487583,-0.020633606,-0.008713098,0.6401319,2.2666583,-0.028221542,-0.033781063,-0.001831303,2.318974,1.3176168,1.4840212,-0.0003836432,-0.0011672133
ATAC_USP45,1.4125849,-0.023292638,0.8017308,0.64857644,-0.020635482,-0.008703591,0.6392245,2.2677834,-0.02821476,-0.03378276,-0.0018338348,2.3194308,1.3187,1.4833907,-0.0003936064,-0.0011665588
ATAC_USP53,1.4125849,-0.023292638,0.8017308,0.64857644,-0.020635482,-0.008703591,0.6392245,2.2677834,-0.02821476,-0.03378276,-0.0018338348,2.3194308,1.3187,1.4833907,-0.0003936064,-0.0011665588
ATAC_UST,1.4125849,-0.023292638,0.8017308,0.64857644,-0.020635482,-0.008703591,0.6392245,2.2677834,-0.02821476,-0.03378276,-0.0018338348,2.3194308,1.3187,1.4833907,-0.0003936064,-0.0011665588
ATAC_VAMP1,1.4125849,-0.023292638,0.8017308,0.64857644,-0.020635482,-0.008703591,0.6392245,2.2677834,-0.02821476,-0.03378276,-0.0018338348,2.3194308,1.3187,1.4833907,-0.0003936064,-0.0011665588
ATAC_VANGL2,1.4125849,-0.023292638,0.8017308,0.64857644,-0.020635482,-0.008703591,0.6392245,2.2677834,-0.02821476,-0.03378276,-0.0018338348,2.3194308,1.3187,1.4833907,-0.0003936064,-0.0011665588
ATAC_VCAN,1.4125849,-0.023292638,0.8017308,0.64857644,-0.020635482,-0.008703591,0.6392245,2.2677834,-0.02821476,-0.03378276,-0.0018338348,2.3194308,1.3187,1.4833907,-0.0003936064,-0.0011665588
ATAC_VEGFC,1.4125849,-0.023292638,0.8017308,0.64857644,-0.020635482,-0.008703591,0.6392245,2.2677834,-0.02821476,-0.03378276,-0.0018338348,2.3194308,1.3187,1.4833907,-0.0003936064,-0.0011665588
ATAC_VGLL3,1.4105314,-0.02325152,0.7991245,0.64747995,-0.02061072,-0.008690771,0.636172,2.2631497,-0.028197767,-0.033744883,-0.0018489436,2.318945,1.3171363,1.4813086,-0.00036405234,-0.0011508906
ATAC_VIPR2,1.4125849,-0.023292638,0.8017308,0.64857644,-0.020635482,-0.008703591,0.6392245,2.2677834,-0.02821476,-0.03378276,-0.0018338348,2.3194308,1.3187,1.4833907,-0.0003936064,-0.0011665588
ATAC_VPS13A-AS1,1.4125849,-0.023292638,0.8017308,0.64857644,-0.020635482,-0.008703591,0.6392245,2.2677834,-0.02821476,-0.03378276,-0.0018338348,2.3194308,1.3187,1.4833907,-0.0003936064,-0.0011665588
ATAC_VPS33B-DT,1.4125849,-0.023292638,0.8017308,0.64857644,-0.020635482,-0.008703591,0.6392245,2.2677834,-0.02821476,-0.03378276,-0.0018338348,2.3194308,1.3187,1.4833907,-0.0003936064,-0.0011665588
ATAC_VXN,1.4012469,-0.023200698,0.8177106,0.66221416,-0.020660646,-0.008795722,0.6483879,2.2673604,-0.028187595,-0.033784505,-0.0018746037,2.2989755,1.2971774,1.4900368,-0.00041457056,-0.0013077301
ATAC_WAKMAR2,1.4012469,-0.023200698,0.8177106,0.66221416,-0.020660646,-0.008795722,0.6483879,2.2673604,-0.028187595,-0.033784505,-0.0018746037,2.2989755,1.2971774,1.4900368,-0.00041457056,-0.0013077301
ATAC_WARS2-AS1,1.4125849,-0.023292638,0.8017308,0.64857644,-0.020635482,-0.008703591,0.6392245,2.2677834,-0.02821476,-0.03378276,-0.0018338348,2.3194308,1.3187,1.4833907,-0.0003936064,-0.0011665588
ATAC_WASF3,1.4125849,-0.023292638,0.8017308,0.64857644,-0.020635482,-0.008703591,0.6392245,2.2677834,-0.02821476,-0.03378276,-0.0018338348,2.3194308,1.3187,1.4833907,-0.0003936064,-0.0011665588
ATAC_WDR12,1.4125849,-0.023292638,0.8017308,0.64857644,-0.020635482,-0.008703591,0.6392245,2.2677834,-0.02821476,-0.03378276,-0.0018338348,2.3194308,1.3187,1.4833907,-0.0003936064,-0.0011665588
ATAC_WDR27,1.4125849,-0.023292638,0.8017308,0.64857644,-0.020635482,-0.008703591,0.6392245,2.2677834,-0.02821476,-0.03378276,-0.0018338348,2.3194308,1.3187,1.4833907,-0.0003936064,-0.0011665588
ATAC_WDR44,1.4125849,-0.023292638,0.8017308,0.64857644,-0.020635482,-0.008703591,0.6392245,2.2677834,-0.02821476,-0.03378276,-0.0018338348,2.3194308,1.3187,1.4833907,-0.0003936064,-0.0011665588
ATAC_WDR54,1.4125849,-0.023292638,0.8017308,0.64857644,-0.020635482,-0.008703591,0.6392245,2.2677834,-0.02821476,-0.03378276,-0.0018338348,2.3194308,1.3187,1.4833907,-0.0003936064,-0.0011665588
ATAC_WDR74,1.3396465,-0.023580937,0.7509962,0.66734135,-0.020699682,-0.009167733,0.6626581,2.2878432,-0.02752281,-0.03304971,-0.0019281758,2.356728,1.3630004,1.5420486,-0.00024037166,-0.0012737679
ATAC_WDR76,1.4125849,-0.023292638,0.8017308,0.64857644,-0.020635482,-0.008703591,0.6392245,2.2677834,-0.02821476,-0.03378276,-0.0018338348,2.3194308,1.3187,1.4833907,-0.0003936064,-0.0011665588
ATAC_WDR86,1.4125849,-0.023292638,0.8017308,0.64857644,-0.020635482,-0.008703591,0.6392245,2.2677834,-0.02821476,-0.03378276,-0.0018338348,2.3194308,1.3187,1.4833907,-0.0003936064,-0.0011665588
ATAC_WEE2-AS1,1.4125849,-0.023292638,0.8017308,0.64857644,-0.020635482,-0.008703591,0.6392245,2.2677834,-0.02821476,-0.03378276,-0.0018338348,2.3194308,1.3187,1.4833907,-0.0003936064,-0.0011665588
ATAC_WFDC3,1.4125849,-0.023292638,0.8017308,0.64857644,-0.020635482,-0.008703591,0.6392245,2.2677834,-0.02821476,-0.03378276,-0.0018338348,2.3194308,1.3187,1.4833907,-0.0003936064,-0.0011665588
ATAC_WIF1,1.4125849,-0.023292638,0.8017308,0.64857644,-0.020635482,-0.008703591,0.6392245,2.2677834,-0.02821476,-0.03378276,-0.0018338348,2.3194308,1.3187,1.4833907,-0.0003936064,-0.0011665588
ATAC_WNT10B,1.4123738,-0.02328774,0.80262357,0.6487583,-0.020633606,-0.008713098,0.6401319,2.2666583,-0.028221542,-0.033781063,-0.001831303,2.318974,1.3176168,1.4840212,-0.0003836432,-0.0011672133
ATAC_WNT11,1.4125849,-0.023292638,0.8017308,0.64857644,-0.020635482,-0.008703591,0.6392245,2.2677834,-0.02821476,-0.03378276,-0.0018338348,2.3194308,1.3187,1.4833907,-0.0003936064,-0.0011665588
ATAC_WNT3A,1.4125849,-0.023292638,0.8017308,0.64857644,-0.020635482,-0.008703591,0.6392245,2.2677834,-0.02821476,-0.03378276,-0.0018338348,2.3194308,1.3187,1.4833907,-0.0003936064,-0.0011665588
ATAC_WRN,1.4125849,-0.023292638,0.8017308,0.64857644,-0.020635482,-0.008703591,0.6392245,2.2677834,-0.02821476,-0.03378276,-0.0018338348,2.3194308,1.3187,1.4833907,-0.0003936064,-0.0011665588
ATAC_WWC2-AS2,1.4125849,-0.023292638,0.8017308,0.64857644,-0.020635482,-0.008703591,0.6392245,2.2677834,-0.02821476,-0.03378276,-0.0018338348,2.3194308,1.3187,1.4833907,-0.0003936064,-0.0011665588
ATAC_XCL1,1.4125849,-0.023292638,0.8017308,0.64857644,-0.020635482,-0.008703591,0.6392245,2.2677834,-0.02821476,-0.03378276,-0.0018338348,2.3194308,1.3187,1.4833907,-0.0003936064,-0.0011665588
ATAC_XCL2,1.4125849,-0.023292638,0.8017308,0.64857644,-0.020635482,-0.008703591,0.6392245,2.2677834,-0.02821476,-0.03378276,-0.0018338348,2.3194308,1.3187,1.4833907,-0.0003936064,-0.0011665588
ATAC_XKR5,1.371523,-0.023149423,0.76118994,0.5021149,-0.021302905,-0.008348783,0.63556135,2.2301831,-0.026870748,-0.03273478,-0.0015983166,2.357658,1.2165691,1.3962382,0.026681513,-5.8287158e-05
ATAC_XKR6,1.4125849,-0.023292638,0.8017308,0.64857644,-0.020635482,-0.008703591,0.6392245,2.2677834,-0.02821476,-0.03378276,-0.0018338348,2.3194308,1.3187,1.4833907,-0.0003936064,-0.0011665588
ATAC_XRCC2,1.4125849,-0.023292638,0.8017308,0.64857644,-0.020635482,-0.008703591,0.6392245,2.2677834,-0.02821476,-0.03378276,-0.0018338348,2.3194308,1.3187,1.4833907,-0.0003936064,-0.0011665588
ATAC_XRRA1,1.41103,-0.02327839,0.8014369,0.6470954,-0.020652328,-0.008714188,0.6401549,2.265462,-0.028223475,-0.033767477,-0.0018437773,2.3199003,1.3163702,1.4821539,-0.0004132001,-0.0011554653
ATAC_YES1,1.4125849,-0.023292638,0.8017308,0.64857644,-0.020635482,-0.008703591,0.6392245,2.2677834,-0.02821476,-0.03378276,-0.0018338348,2.3194308,1.3187,1.4833907,-0.0003936064,-0.0011665588
ATAC_YPEL1,1.4125849,-0.023292638,0.8017308,0.64857644,-0.020635482,-0.008703591,0.6392245,2.2677834,-0.02821476,-0.03378276,-0.0018338348,2.3194308,1.3187,1.4833907,-0.0003936064,-0.0011665588
ATAC_ZAP70,1.4125849,-0.023292638,0.8017308,0.64857644,-0.020635482,-0.008703591,0.6392245,2.2677834,-0.02821476,-0.03378276,-0.0018338348,2.3194308,1.3187,1.4833907,-0.0003936064,-0.0011665588
ATAC_ZAR1L,1.4125849,-0.023292638,0.8017308,0.64857644,-0.020635482,-0.008703591,0.6392245,2.2677834,-0.02821476,-0.03378276,-0.0018338348,2.3194308,1.3187,1.4833907,-0.0003936064,-0.0011665588
ATAC_ZBP1,1.126832,-0.02010549,0.6344025,0.689811,-0.02070656,-0.005213176,0.2975413,1.9111812,-0.030000385,-0.02916305,-0.004811839,2.3534868,1.348174,1.128421,0.09913291,0.055902623
ATAC_ZBTB10,1.4125849,-0.023292638,0.8017308,0.64857644,-0.020635482,-0.008703591,0.6392245,2.2677834,-0.02821476,-0.03378276,-0.0018338348,2.3194308,1.3187,1.4833907,-0.0003936064,-0.0011665588
ATAC_ZBTB16,1.4125849,-0.023292638,0.8017308,0.64857644,-0.020635482,-0.008703591,0.6392245,2.2677834,-0.02821476,-0.03378276,-0.0018338348,2.3194308,1.3187,1.4833907,-0.0003936064,-0.0011665588
ATAC_ZBTB25,1.1811891,-0.02336758,0.8673708,0.4515238,-0.020416684,-0.007459277,0.6556559,2.014089,-0.025762348,-0.031247132,-0.0032129735,2.166435,1.2660637,1.4031541,-0.0017633601,-0.002374121
ATAC_ZBTB44-DT,1.4121956,-0.0232928,0.8024285,0.64799565,-0.020630991,-0.008695753,0.6389291,2.2674978,-0.028209936,-0.033783376,-0.0018392464,2.3199787,1.3190559,1.4839792,-0.00039519905,-0.0011674433
ATAC_ZBTB8B,1.4125849,-0.023292638,0.8017308,0.64857644,-0.020635482,-0.008703591,0.6392245,2.2677834,-0.02821476,-0.03378276,-0.0018338348,2.3194308,1.3187,1.4833907,-0.0003936064,-0.0011665588
ATAC_ZC3H12D,1.4125849,-0.023292638,0.8017308,0.64857644,-0.020635482,-0.008703591,0.6392245,2.2677834,-0.02821476,-0.03378276,-0.0018338348,2.3194308,1.3187,1.4833907,-0.0003936064,-0.0011665588
ATAC_ZC3H8,1.3946742,-0.022655874,0.6661938,0.64601344,-0.019384641,-0.008034056,0.6784773,2.2764227,-0.027240228,-0.03443405,-0.0026611283,2.1614032,1.1651657,1.4507954,-0.0009890946,-0.0018357891
ATAC_ZC4H2,1.4125849,-0.023292638,0.8017308,0.64857644,-0.020635482,-0.008703591,0.6392245,2.2677834,-0.02821476,-0.03378276,-0.0018338348,2.3194308,1.3187,1.4833907,-0.0003936064,-0.0011665588
ATAC_ZCCHC18,1.3321224,-0.023294413,0.735883,0.6972524,-0.020130107,-0.008047949,0.6280316,2.1828496,-0.028478064,-0.034258723,-0.002596739,2.301553,1.340568,1.3898956,-0.00060153723,-0.0017894763
ATAC_ZCCHC2,1.492775,-0.023186313,0.95870185,0.5833332,-0.01813574,-0.010468844,0.6704174,2.3450425,-0.026279798,-0.033630207,-0.000938206,2.2868438,1.2921569,1.4577509,0.14635035,-0.002894342
ATAC_ZDBF2,1.4125849,-0.023292638,0.8017308,0.64857644,-0.020635482,-0.008703591,0.6392245,2.2677834,-0.02821476,-0.03378276,-0.0018338348,2.3194308,1.3187,1.4833907,-0.0003936064,-0.0011665588
ATAC_ZFP37,1.4848722,-0.021887915,0.75252235,0.6572543,-0.01905726,-0.007781316,0.5756423,2.1572971,-0.027092801,-0.03268414,-0.00041093177,2.2740304,1.1220263,1.4568973,-0.00074900565,-0.00036190182
ATAC_ZFP57,1.4125849,-0.023292638,0.8017308,0.64857644,-0.020635482,-0.008703591,0.6392245,2.2677834,-0.02821476,-0.03378276,-0.0018338348,2.3194308,1.3187,1.4833907,-0.0003936064,-0.0011665588
ATAC_ZFP90,1.3721014,-0.020222288,0.8290009,0.42491955,-0.020895863,-0.006715822,0.8264154,2.05837,-0.025780298,-0.030049132,-0.0008473828,2.1059058,1.2954988,1.2579331,0.08918674,-0.0007479474
ATAC_ZFPM1,1.4125849,-0.023292638,0.8017308,0.64857644,-0.020635482,-0.008703591,0.6392245,2.2677834,-0.02821476,-0.03378276,-0.0018338348,2.3194308,1.3187,1.4833907,-0.0003936064,-0.0011665588
ATAC_ZFR2,1.4125849,-0.023292638,0.8017308,0.64857644,-0.020635482,-0.008703591,0.6392245,2.2677834,-0.02821476,-0.03378276,-0.0018338348,2.3194308,1.3187,1.4833907,-0.0003936064,-0.0011665588
ATAC_ZFX-AS1,1.4125849,-0.023292638,0.8017308,0.64857644,-0.020635482,-0.008703591,0.6392245,2.2677834,-0.02821476,-0.03378276,-0.0018338348,2.3194308,1.3187,1.4833907,-0.0003936064,-0.0011665588
ATAC_ZFYVE28,1.4125849,-0.023292638,0.8017308,0.64857644,-0.020635482,-0.008703591,0.6392245,2.2677834,-0.02821476,-0.03378276,-0.0018338348,2.3194308,1.3187,1.4833907,-0.0003936064,-0.0011665588
ATAC_ZFYVE9,1.5046868,-0.021733219,0.8811911,0.7689369,-0.01877653,-0.009070712,0.5666421,2.1968246,-0.028077228,-0.031377513,-0.0031115457,2.233477,1.2062994,1.5893044,-0.0007109964,-0.0024455206
ATAC_ZKSCAN2-DT,1.4125849,-0.023292638,0.8017308,0.64857644,-0.020635482,-0.008703591,0.6392245,2.2677834,-0.02821476,-0.03378276,-0.0018338348,2.3194308,1.3187,1.4833907,-0.0003936064,-0.0011665588
ATAC_ZMAT1,1.4125849,-0.023292638,0.8017308,0.64857644,-0.020635482,-0.008703591,0.6392245,2.2677834,-0.02821476,-0.03378276,-0.0018338348,2.3194308,1.3187,1.4833907,-0.0003936064,-0.0011665588
ATAC_ZMAT4,1.492775,-0.023186313,0.95870185,0.5833332,-0.01813574,-0.010468844,0.6704174,2.3450425,-0.026279798,-0.033630207,-0.000938206,2.2868438,1.2921569,1.4577509,0.14635035,-0.002894342
ATAC_ZMIZ2,1.4125849,-0.023292638,0.8017308,0.64857644,-0.020635482,-0.008703591,0.6392245,2.2677834,-0.02821476,-0.03378276,-0.0018338348,2.3194308,1.3187,1.4833907,-0.0003936064,-0.0011665588
ATAC_ZMYND10-AS1,1.4477803,-0.01937685,0.55903554,0.55976546,-0.019329078,-0.007462445,0.48328066,1.9944278,-0.023716684,-0.029194945,0.055814832,2.1764863,1.3155603,1.2532868,-0.0005378583,0.1865727
ATAC_ZMYND12,1.4128786,-0.023291998,0.8022895,0.6483322,-0.020632925,-0.00869935,0.6393917,2.2664604,-0.02821781,-0.03377153,-0.0018395947,2.3200302,1.3189737,1.4830514,-0.00038116693,-0.001174243
ATAC_ZMYND8,1.4125849,-0.023292638,0.8017308,0.64857644,-0.020635482,-0.008703591,0.6392245,2.2677834,-0.02821476,-0.03378276,-0.0018338348,2.3194308,1.3187,1.4833907,-0.0003936064,-0.0011665588
ATAC_ZNF101,1.371523,-0.023149423,0.76118994,0.5021149,-0.021302905,-0.008348783,0.63556135,2.2301831,-0.026870748,-0.03273478,-0.0015983166,2.357658,1.2165691,1.3962382,0.026681513,-5.8287158e-05
ATAC_ZNF107,1.4125849,-0.023292638,0.8017308,0.64857644,-0.020635482,-0.008703591,0.6392245,2.2677834,-0.02821476,-0.03378276,-0.0018338348,2.3194308,1.3187,1.4833907,-0.0003936064,-0.0011665588
ATAC_ZNF138,1.4125849,-0.023292638,0.8017308,0.64857644,-0.020635482,-0.008703591,0.6392245,2.2677834,-0.02821476,-0.03378276,-0.0018338348,2.3194308,1.3187,1.4833907,-0.0003936064,-0.0011665588
ATAC_ZNF14,1.4125849,-0.023292638,0.8017308,0.64857644,-0.020635482,-0.008703591,0.6392245,2.2677834,-0.02821476,-0.03378276,-0.0018338348,2.3194308,1.3187,1.4833907,-0.0003936064,-0.0011665588
ATAC_ZNF143,1.4104106,-0.023309104,0.79957646,0.64951706,-0.020605762,-0.008712372,0.6379734,2.2672656,-0.028188275,-0.03376633,-0.0018315454,2.3179383,1.3179502,1.4859527,-0.00037308782,-0.001148743
ATAC_ZNF213,1.4125849,-0.023292638,0.8017308,0.64857644,-0.020635482,-0.008703591,0.6392245,2.2677834,-0.02821476,-0.03378276,-0.0018338348,2.3194308,1.3187,1.4833907,-0.0003936064,-0.0011665588
ATAC_ZNF221,1.4125849,-0.023292638,0.8017308,0.64857644,-0.020635482,-0.008703591,0.6392245,2.2677834,-0.02821476,-0.03378276,-0.0018338348,2.3194308,1.3187,1.4833907,-0.0003936064,-0.0011665588
ATAC_ZNF25-DT,1.4125849,-0.023292638,0.8017308,0.64857644,-0.020635482,-0.008703591,0.6392245,2.2677834,-0.02821476,-0.03378276,-0.0018338348,2.3194308,1.3187,1.4833907,-0.0003936064,-0.0011665588
ATAC_ZNF253,1.3652904,-0.022982465,0.74883455,0.5799632,-0.020713909,-0.0089688385,0.6520258,2.2598364,-0.027539706,-0.03332276,-0.0016806397,2.3615706,1.3598664,1.4768136,-0.00013004898,-0.0010180708
ATAC_ZNF254,1.4125849,-0.023292638,0.8017308,0.64857644,-0.020635482,-0.008703591,0.6392245,2.2677834,-0.02821476,-0.03378276,-0.0018338348,2.3194308,1.3187,1.4833907,-0.0003936064,-0.0011665588
ATAC_ZNF257,1.4125849,-0.023292638,0.8017308,0.64857644,-0.020635482,-0.008703591,0.6392245,2.2677834,-0.02821476,-0.03378276,-0.0018338348,2.3194308,1.3187,1.4833907,-0.0003936064,-0.0011665588
ATAC_ZNF266,1.4125849,-0.023292638,0.8017308,0.64857644,-0.020635482,-0.008703591,0.6392245,2.2677834,-0.02821476,-0.03378276,-0.0018338348,2.3194308,1.3187,1.4833907,-0.0003936064,-0.0011665588
ATAC_ZNF32,1.503132,-0.02171897,0.88089716,0.7674558,-0.018793374,-0.009081308,0.5675725,2.194503,-0.028085943,-0.031362228,-0.0031214883,2.2339466,1.2039697,1.5880677,-0.0007305901,-0.0024344272
ATAC_ZNF329,1.4125849,-0.023292638,0.8017308,0.64857644,-0.020635482,-0.008703591,0.6392245,2.2677834,-0.02821476,-0.03378276,-0.0018338348,2.3194308,1.3187,1.4833907,-0.0003936064,-0.0011665588
ATAC_ZNF335,1.4848722,-0.021887915,0.75252235,0.6572543,-0.01905726,-0.007781316,0.5756423,2.1572971,-0.027092801,-0.03268414,-0.00041093177,2.2740304,1.1220263,1.4568973,-0.00074900565,-0.00036190182
ATAC_ZNF337,1.4123738,-0.02328774,0.80262357,0.6487583,-0.020633606,-0.008713098,0.6401319,2.2666583,-0.028221542,-0.033781063,-0.001831303,2.318974,1.3176168,1.4840212,-0.0003836432,-0.0011672133
ATAC_ZNF337-AS1,1.4125849,-0.023292638,0.8017308,0.64857644,-0.020635482,-0.008703591,0.6392245,2.2677834,-0.02821476,-0.03378276,-0.0018338348,2.3194308,1.3187,1.4833907,-0.0003936064,-0.0011665588
ATAC_ZNF365,1.4125849,-0.023292638,0.8017308,0.64857644,-0.020635482,-0.008703591,0.6392245,2.2677834,-0.02821476,-0.03378276,-0.0018338348,2.3194308,1.3187,1.4833907,-0.0003936064,-0.0011665588
ATAC_ZNF367,1.4125849,-0.023292638,0.8017308,0.64857644,-0.020635482,-0.008703591,0.6392245,2.2677834,-0.02821476,-0.03378276,-0.0018338348,2.3194308,1.3187,1.4833907,-0.0003936064,-0.0011665588
ATAC_ZNF416,1.4125849,-0.023292638,0.8017308,0.64857644,-0.020635482,-0.008703591,0.6392245,2.2677834,-0.02821476,-0.03378276,-0.0018338348,2.3194308,1.3187,1.4833907,-0.0003936064,-0.0011665588
ATAC_ZNF425,1.4125849,-0.023292638,0.8017308,0.64857644,-0.020635482,-0.008703591,0.6392245,2.2677834,-0.02821476,-0.03378276,-0.0018338348,2.3194308,1.3187,1.4833907,-0.0003936064,-0.0011665588
ATAC_ZNF439,1.4125849,-0.023292638,0.8017308,0.64857644,-0.020635482,-0.008703591,0.6392245,2.2677834,-0.02821476,-0.03378276,-0.0018338348,2.3194308,1.3187,1.4833907,-0.0003936064,-0.0011665588
ATAC_ZNF446,1.4125849,-0.023292638,0.8017308,0.64857644,-0.020635482,-0.008703591,0.6392245,2.2677834,-0.02821476,-0.03378276,-0.0018338348,2.3194308,1.3187,1.4833907,-0.0003936064,-0.0011665588
ATAC_ZNF483,1.4125849,-0.023292638,0.8017308,0.64857644,-0.020635482,-0.008703591,0.6392245,2.2677834,-0.02821476,-0.03378276,-0.0018338348,2.3194308,1.3187,1.4833907,-0.0003936064,-0.0011665588
ATAC_ZNF490,1.4125849,-0.023292638,0.8017308,0.64857644,-0.020635482,-0.008703591,0.6392245,2.2677834,-0.02821476,-0.03378276,-0.0018338348,2.3194308,1.3187,1.4833907,-0.0003936064,-0.0011665588
ATAC_ZNF507,1.4124068,-0.02327248,0.79874843,0.6493369,-0.020631136,-0.008673036,0.6366332,2.2652888,-0.028169967,-0.03375177,-0.0018434615,2.3161504,1.3161155,1.4865477,-0.0003547457,-0.0011790764
ATAC_ZNF513,1.4125849,-0.023292638,0.8017308,0.64857644,-0.020635482,-0.008703591,0.6392245,2.2677834,-0.02821476,-0.03378276,-0.0018338348,2.3194308,1.3187,1.4833907,-0.0003936064,-0.0011665588
ATAC_ZNF527,1.3721014,-0.020222288,0.8290009,0.42491955,-0.020895863,-0.006715822,0.8264154,2.05837,-0.025780298,-0.030049132,-0.0008473828,2.1059058,1.2954988,1.2579331,0.08918674,-0.0007479474
ATAC_ZNF528-AS1,1.3714504,-0.019105861,0.729058,0.4523622,-0.01938184,-0.0062576877,0.7862668,1.9679438,-0.02396639,-0.028217463,0.04811795,2.0978026,1.1431255,1.2900976,0.06897025,-5.0499213e-05
ATAC_ZNF529,1.4125849,-0.023292638,0.8017308,0.64857644,-0.020635482,-0.008703591,0.6392245,2.2677834,-0.02821476,-0.03378276,-0.0018338348,2.3194308,1.3187,1.4833907,-0.0003936064,-0.0011665588
ATAC_ZNF529-AS1,1.4125849,-0.023292638,0.8017308,0.64857644,-0.020635482,-0.008703591,0.6392245,2.2677834,-0.02821476,-0.03378276,-0.0018338348,2.3194308,1.3187,1.4833907,-0.0003936064,-0.0011665588
ATAC_ZNF552,1.4125849,-0.023292638,0.8017308,0.64857644,-0.020635482,-0.008703591,0.6392245,2.2677834,-0.02821476,-0.03378276,-0.0018338348,2.3194308,1.3187,1.4833907,-0.0003936064,-0.0011665588
ATAC_ZNF558,1.4689817,-0.023641355,0.8653239,0.62186706,-0.019994741,-0.008188886,0.6042081,2.1962237,-0.027275238,-0.034094058,-0.0014807768,2.3370345,1.3937435,1.4784871,-0.0010179308,-0.00110205
ATAC_ZNF563,1.492775,-0.023186313,0.95870185,0.5833332,-0.01813574,-0.010468844,0.6704174,2.3450425,-0.026279798,-0.033630207,-0.000938206,2.2868438,1.2921569,1.4577509,0.14635035,-0.002894342
ATAC_ZNF572,1.4105314,-0.02325152,0.7991245,0.64747995,-0.02061072,-0.008690771,0.636172,2.2631497,-0.028197767,-0.033744883,-0.0018489436,2.318945,1.3171363,1.4813086,-0.00036405234,-0.0011508906
ATAC_ZNF573,1.4125849,-0.023292638,0.8017308,0.64857644,-0.020635482,-0.008703591,0.6392245,2.2677834,-0.02821476,-0.03378276,-0.0018338348,2.3194308,1.3187,1.4833907,-0.0003936064,-0.0011665588
ATAC_ZNF584,1.0028609,-0.020211134,0.63670355,0.75812644,-0.020061886,-0.004549573,0.26405203,1.9338235,-0.028264927,-0.029252699,-0.0030985612,2.2754052,1.1496476,0.9723553,0.27350676,0.15838549
ATAC_ZNF585B,1.4124852,-0.023287594,0.8008888,0.64767927,-0.020629339,-0.008697394,0.63905823,2.266973,-0.028219497,-0.03378779,-0.0018381361,2.319236,1.3185261,1.4836047,-0.00039514242,-0.0011609077
ATAC_ZNF600,1.4157776,-0.023300445,0.84556335,0.70476645,-0.020993797,-0.0094901165,0.65912807,2.2770076,-0.027423259,-0.033607896,-0.0025460662,2.2392802,1.3466251,1.5098827,-0.00051198364,-0.0015196722
ATAC_ZNF611,1.4125849,-0.023292638,0.8017308,0.64857644,-0.020635482,-0.008703591,0.6392245,2.2677834,-0.02821476,-0.03378276,-0.0018338348,2.3194308,1.3187,1.4833907,-0.0003936064,-0.0011665588
ATAC_ZNF626,1.4125849,-0.023292638,0.8017308,0.64857644,-0.020635482,-0.008703591,0.6392245,2.2677834,-0.02821476,-0.03378276,-0.0018338348,2.3194308,1.3187,1.4833907,-0.0003936064,-0.0011665588
ATAC_ZNF66,1.4125849,-0.023292638,0.8017308,0.64857644,-0.020635482,-0.008703591,0.6392245,2.2677834,-0.02821476,-0.03378276,-0.0018338348,2.3194308,1.3187,1.4833907,-0.0003936064,-0.0011665588
ATAC_ZNF675,1.4125849,-0.023292638,0.8017308,0.64857644,-0.020635482,-0.008703591,0.6392245,2.2677834,-0.02821476,-0.03378276,-0.0018338348,2.3194308,1.3187,1.4833907,-0.0003936064,-0.0011665588
ATAC_ZNF682,1.4125849,-0.023292638,0.8017308,0.64857644,-0.020635482,-0.008703591,0.6392245,2.2677834,-0.02821476,-0.03378276,-0.0018338348,2.3194308,1.3187,1.4833907,-0.0003936064,-0.0011665588
ATAC_ZNF687-AS1,1.4125849,-0.023292638,0.8017308,0.64857644,-0.020635482,-0.008703591,0.6392245,2.2677834,-0.02821476,-0.03378276,-0.0018338348,2.3194308,1.3187,1.4833907,-0.0003936064,-0.0011665588
ATAC_ZNF699,1.4125849,-0.023292638,0.8017308,0.64857644,-0.020635482,-0.008703591,0.6392245,2.2677834,-0.02821476,-0.03378276,-0.0018338348,2.3194308,1.3187,1.4833907,-0.0003936064,-0.0011665588
ATAC_ZNF704,1.4125849,-0.023292638,0.8017308,0.64857644,-0.020635482,-0.008703591,0.6392245,2.2677834,-0.02821476,-0.03378276,-0.0018338348,2.3194308,1.3187,1.4833907,-0.0003936064,-0.0011665588
ATAC_ZNF721,1.4125849,-0.023292638,0.8017308,0.64857644,-0.020635482,-0.008703591,0.6392245,2.2677834,-0.02821476,-0.03378276,-0.0018338348,2.3194308,1.3187,1.4833907,-0.0003936064,-0.0011665588
ATAC_ZNF724,1.4125849,-0.023292638,0.8017308,0.64857644,-0.020635482,-0.008703591,0.6392245,2.2677834,-0.02821476,-0.03378276,-0.0018338348,2.3194308,1.3187,1.4833907,-0.0003936064,-0.0011665588
ATAC_ZNF732,1.4125849,-0.023292638,0.8017308,0.64857644,-0.020635482,-0.008703591,0.6392245,2.2677834,-0.02821476,-0.03378276,-0.0018338348,2.3194308,1.3187,1.4833907,-0.0003936064,-0.0011665588
ATAC_ZNF737,1.4125849,-0.023292638,0.8017308,0.64857644,-0.020635482,-0.008703591,0.6392245,2.2677834,-0.02821476,-0.03378276,-0.0018338348,2.3194308,1.3187,1.4833907,-0.0003936064,-0.0011665588
ATAC_ZNF75A,1.4125849,-0.023292638,0.8017308,0.64857644,-0.020635482,-0.008703591,0.6392245,2.2677834,-0.02821476,-0.03378276,-0.0018338348,2.3194308,1.3187,1.4833907,-0.0003936064,-0.0011665588
ATAC_ZNF771,1.1812887,-0.023372626,0.8682128,0.45242098,-0.020422827,-0.0074654743,0.6558222,2.0148993,-0.02575761,-0.0312421,-0.003208672,2.1666298,1.2662375,1.4029402,-0.0017618241,-0.002379772
ATAC_ZNF780B,1.4125849,-0.023292638,0.8017308,0.64857644,-0.020635482,-0.008703591,0.6392245,2.2677834,-0.02821476,-0.03378276,-0.0018338348,2.3194308,1.3187,1.4833907,-0.0003936064,-0.0011665588
ATAC_ZNF786,1.4125849,-0.023292638,0.8017308,0.64857644,-0.020635482,-0.008703591,0.6392245,2.2677834,-0.02821476,-0.03378276,-0.0018338348,2.3194308,1.3187,1.4833907,-0.0003936064,-0.0011665588
ATAC_ZNF808,1.4125849,-0.023292638,0.8017308,0.64857644,-0.020635482,-0.008703591,0.6392245,2.2677834,-0.02821476,-0.03378276,-0.0018338348,2.3194308,1.3187,1.4833907,-0.0003936064,-0.0011665588
ATAC_ZNF821,1.4125849,-0.023292638,0.8017308,0.64857644,-0.020635482,-0.008703591,0.6392245,2.2677834,-0.02821476,-0.03378276,-0.0018338348,2.3194308,1.3187,1.4833907,-0.0003936064,-0.0011665588
ATAC_ZNF827,1.4125849,-0.023292638,0.8017308,0.64857644,-0.020635482,-0.008703591,0.6392245,2.2677834,-0.02821476,-0.03378276,-0.0018338348,2.3194308,1.3187,1.4833907,-0.0003936064,-0.0011665588
ATAC_ZNF83,1.4125849,-0.023292638,0.8017308,0.64857644,-0.020635482,-0.008703591,0.6392245,2.2677834,-0.02821476,-0.03378276,-0.0018338348,2.3194308,1.3187,1.4833907,-0.0003936064,-0.0011665588
ATAC_ZNF830,1.4125849,-0.023292638,0.8017308,0.64857644,-0.020635482,-0.008703591,0.6392245,2.2677834,-0.02821476,-0.03378276,-0.0018338348,2.3194308,1.3187,1.4833907,-0.0003936064,-0.0011665588
ATAC_ZNF831,1.4105314,-0.02325152,0.7991245,0.64747995,-0.02061072,-0.008690771,0.636172,2.2631497,-0.028197767,-0.033744883,-0.0018489436,2.318945,1.3171363,1.4813086,-0.00036405234,-0.0011508906
ATAC_ZNF839,1.4125849,-0.023292638,0.8017308,0.64857644,-0.020635482,-0.008703591,0.6392245,2.2677834,-0.02821476,-0.03378276,-0.0018338348,2.3194308,1.3187,1.4833907,-0.0003936064,-0.0011665588
ATAC_ZNF845,1.4063948,-0.022367306,0.7271749,0.69755614,-0.021067811,-0.0090535795,0.5968012,2.2347817,-0.028394908,-0.034352824,-0.0025593417,2.348007,1.3284153,1.5106052,0.017504789,-0.0009885073
ATAC_ZNF85,1.4848722,-0.021887915,0.75252235,0.6572543,-0.01905726,-0.007781316,0.5756423,2.1572971,-0.027092801,-0.03268414,-0.00041093177,2.2740304,1.1220263,1.4568973,-0.00074900565,-0.00036190182
ATAC_ZNF853,1.4125849,-0.023292638,0.8017308,0.64857644,-0.020635482,-0.008703591,0.6392245,2.2677834,-0.02821476,-0.03378276,-0.0018338348,2.3194308,1.3187,1.4833907,-0.0003936064,-0.0011665588
ATAC_ZNF91,1.4123071,-0.023267435,0.7979064,0.6484397,-0.020624992,-0.008666838,0.6364669,2.2644784,-0.028174706,-0.0337568,-0.0018477626,2.3159556,1.3159416,1.4867617,-0.0003562817,-0.0011734252
ATAC_ZNHIT6,1.4125849,-0.023292638,0.8017308,0.64857644,-0.020635482,-0.008703591,0.6392245,2.2677834,-0.02821476,-0.03378276,-0.0018338348,2.3194308,1.3187,1.4833907,-0.0003936064,-0.0011665588
ATAC_ZPBP,1.41103,-0.02327839,0.8014369,0.6470954,-0.020652328,-0.008714188,0.6401549,2.265462,-0.028223475,-0.033767477,-0.0018437773,2.3199003,1.3163702,1.4821539,-0.0004132001,-0.0011554653
ATAC_ZSWIM3,1.4125849,-0.023292638,0.8017308,0.64857644,-0.020635482,-0.008703591,0.6392245,2.2677834,-0.02821476,-0.03378276,-0.0018338348,2.3194308,1.3187,1.4833907,-0.0003936064,-0.0011665588
ATAC_ZSWIM5,0.84639573,-0.018838307,0.75011086,0.13140972,-0.018431362,-0.010100438,0.6792216,2.0285668,-0.023178607,-0.02809504,-0.0007654804,1.8435819,1.1105574,1.3355336,0.13505079,0.0041726455
ATAC_ZWILCH,1.4012469,-0.023200698,0.8177106,0.66221416,-0.020660646,-0.008795722,0.6483879,2.2673604,-0.028187595,-0.033784505,-0.0018746037,2.2989755,1.2971774,1.4900368,-0.00041457056,-0.0013077301
ATAC_ZXDB,1.492775,-0.023186313,0.95870185,0.5833332,-0.01813574,-0.010468844,0.6704174,2.3450425,-0.026279798,-0.033630207,-0.000938206,2.2868438,1.2921569,1.4577509,0.14635035,-0.002894342
