,0,1,2,3,4,5,6,7,8,9,10,11,12,13,14,15
A2M,-0.031475425,1.8559096,-0.008098906,-0.015873782,2.9294841,0.3031222,-0.0035038185,-0.023198618,2.3493445,3.3746789,2.9128296,-0.025719723,-0.009225501,-0.017161364,0.27075028,1.2310655
ABCA3,-0.02865178,2.0470111,-0.00398382,-0.010992918,2.3989716,0.5683776,-0.00034354642,-0.01882079,1.8254774,3.2885199,2.8303719,-0.019622121,-0.0112637235,-0.014684963,0.6694983,0.79910886
ABCA5,-0.031473584,1.8558726,-0.008100149,-0.015874755,2.9293447,0.3031933,-0.0035030162,-0.023198988,2.3494174,3.3747728,2.9127731,-0.025720196,-0.009223476,-0.01716082,0.270736,1.2310636
ABCC10,-0.031475425,1.8559096,-0.008098906,-0.015873782,2.9294841,0.3031222,-0.0035038185,-0.023198618,2.3493445,3.3746789,2.9128296,-0.025719723,-0.009225501,-0.017161364,0.27075028,1.2310655
ABCD2,-0.031467874,1.8566695,-0.008086521,-0.01586074,2.9296646,0.30242714,-0.0035120873,-0.023198945,2.349007,3.37293,2.9140284,-0.025701502,-0.009232426,-0.017166106,0.27152255,1.2314482
ABCG1,-0.031475425,1.8559096,-0.008098906,-0.015873782,2.9294841,0.3031222,-0.0035038185,-0.023198618,2.3493445,3.3746789,2.9128296,-0.025719723,-0.009225501,-0.017161364,0.27075028,1.2310655
ABCG2,-0.031475425,1.8559096,-0.008098906,-0.015873782,2.9294841,0.3031222,-0.0035038185,-0.023198618,2.3493445,3.3746789,2.9128296,-0.025719723,-0.009225501,-0.017161364,0.27075028,1.2310655
ABHD17A,-0.031436212,1.8576927,-0.0080937,-0.015873253,2.93173,0.30488384,-0.0035223328,-0.023213731,2.3471658,3.3759122,2.910639,-0.025697116,-0.009254335,-0.017129479,0.27206534,1.2302688
ACAD11,-0.031475425,1.8559096,-0.008098906,-0.015873782,2.9294841,0.3031222,-0.0035038185,-0.023198618,2.3493445,3.3746789,2.9128296,-0.025719723,-0.009225501,-0.017161364,0.27075028,1.2310655
ACBD7,-0.031475425,1.8559096,-0.008098906,-0.015873782,2.9294841,0.3031222,-0.0035038185,-0.023198618,2.3493445,3.3746789,2.9128296,-0.025719723,-0.009225501,-0.017161364,0.27075028,1.2310655
ACOT6,-0.031475425,1.8559096,-0.008098906,-0.015873782,2.9294841,0.3031222,-0.0035038185,-0.023198618,2.3493445,3.3746789,2.9128296,-0.025719723,-0.009225501,-0.017161364,0.27075028,1.2310655
ACP7,-0.031475425,1.8559096,-0.008098906,-0.015873782,2.9294841,0.3031222,-0.0035038185,-0.023198618,2.3493445,3.3746789,2.9128296,-0.025719723,-0.009225501,-0.017161364,0.27075028,1.2310655
ACTA2-AS1,-0.031475425,1.8559096,-0.008098906,-0.015873782,2.9294841,0.3031222,-0.0035038185,-0.023198618,2.3493445,3.3746789,2.9128296,-0.025719723,-0.009225501,-0.017161364,0.27075028,1.2310655
ACVR1C,-0.031475425,1.8559096,-0.008098906,-0.015873782,2.9294841,0.3031222,-0.0035038185,-0.023198618,2.3493445,3.3746789,2.9128296,-0.025719723,-0.009225501,-0.017161364,0.27075028,1.2310655
ACVR2B-AS1,-0.020718057,1.3761889,-0.00943372,-0.016077042,3.0244565,0.40300128,-0.00716536,-0.018238226,1.7366731,3.048444,2.402102,-0.017828412,-0.0048355027,-0.020705866,0.35342142,1.2579355
ADAM12,-0.031475425,1.8559096,-0.008098906,-0.015873782,2.9294841,0.3031222,-0.0035038185,-0.023198618,2.3493445,3.3746789,2.9128296,-0.025719723,-0.009225501,-0.017161364,0.27075028,1.2310655
ADAM22,-0.031475425,1.8559096,-0.008098906,-0.015873782,2.9294841,0.3031222,-0.0035038185,-0.023198618,2.3493445,3.3746789,2.9128296,-0.025719723,-0.009225501,-0.017161364,0.27075028,1.2310655
ADAM23,-0.031475425,1.8559096,-0.008098906,-0.015873782,2.9294841,0.3031222,-0.0035038185,-0.023198618,2.3493445,3.3746789,2.9128296,-0.025719723,-0.009225501,-0.017161364,0.27075028,1.2310655
ADAM28,-0.031469822,1.854997,-0.008106444,-0.015879026,2.9290235,0.30206248,-0.0035053676,-0.0231949,2.3480704,3.3746061,2.9129014,-0.025728822,-0.009222255,-0.017165754,0.27176356,1.2300326
ADAM8,-0.031475425,1.8559096,-0.008098906,-0.015873782,2.9294841,0.3031222,-0.0035038185,-0.023198618,2.3493445,3.3746789,2.9128296,-0.025719723,-0.009225501,-0.017161364,0.27075028,1.2310655
ADAMTS1,-0.031475425,1.8559096,-0.008098906,-0.015873782,2.9294841,0.3031222,-0.0035038185,-0.023198618,2.3493445,3.3746789,2.9128296,-0.025719723,-0.009225501,-0.017161364,0.27075028,1.2310655
ADAMTS10,-0.031475425,1.8559096,-0.008098906,-0.015873782,2.9294841,0.3031222,-0.0035038185,-0.023198618,2.3493445,3.3746789,2.9128296,-0.025719723,-0.009225501,-0.017161364,0.27075028,1.2310655
ADAMTS14,-0.031205844,1.9054899,-0.0076075443,-0.016291194,2.871641,0.26477396,-0.003059153,-0.023540948,2.3140776,3.3143666,2.9347296,-0.025496887,-0.009351532,-0.017653702,0.32254335,1.2362149
ADAMTS17,-0.031475425,1.8559096,-0.008098906,-0.015873782,2.9294841,0.3031222,-0.0035038185,-0.023198618,2.3493445,3.3746789,2.9128296,-0.025719723,-0.009225501,-0.017161364,0.27075028,1.2310655
ADAMTS3,-0.031475425,1.8559096,-0.008098906,-0.015873782,2.9294841,0.3031222,-0.0035038185,-0.023198618,2.3493445,3.3746789,2.9128296,-0.025719723,-0.009225501,-0.017161364,0.27075028,1.2310655
ADAMTS6,-0.031666633,1.7828383,-0.008340033,-0.014688535,2.8917937,0.3721151,-0.0039404514,-0.02201431,2.416828,3.2194922,2.8670027,-0.023815589,-0.01058203,-0.015880264,0.122603156,1.1117353
ADGRF1,-0.031475425,1.8559096,-0.008098906,-0.015873782,2.9294841,0.3031222,-0.0035038185,-0.023198618,2.3493445,3.3746789,2.9128296,-0.025719723,-0.009225501,-0.017161364,0.27075028,1.2310655
ADGRF2,-0.030792687,1.7494881,-0.0027444735,-0.013259403,2.9306023,-0.001019368,-0.0021434242,-0.021285726,2.1149755,3.490083,2.6580083,-0.025158081,-0.008455642,-0.01830693,0.5219057,1.3110136
ADGRG1,-0.031475425,1.8559096,-0.008098906,-0.015873782,2.9294841,0.3031222,-0.0035038185,-0.023198618,2.3493445,3.3746789,2.9128296,-0.025719723,-0.009225501,-0.017161364,0.27075028,1.2310655
ADGRG5,-0.031475425,1.8559096,-0.008098906,-0.015873782,2.9294841,0.3031222,-0.0035038185,-0.023198618,2.3493445,3.3746789,2.9128296,-0.025719723,-0.009225501,-0.017161364,0.27075028,1.2310655
ADIRF,-0.031475425,1.8559096,-0.008098906,-0.015873782,2.9294841,0.3031222,-0.0035038185,-0.023198618,2.3493445,3.3746789,2.9128296,-0.025719723,-0.009225501,-0.017161364,0.27075028,1.2310655
ADRA1D,-0.031475425,1.8559096,-0.008098906,-0.015873782,2.9294841,0.3031222,-0.0035038185,-0.023198618,2.3493445,3.3746789,2.9128296,-0.025719723,-0.009225501,-0.017161364,0.27075028,1.2310655
ADRB2,-0.031205844,1.9054899,-0.0076075443,-0.016291194,2.871641,0.26477396,-0.003059153,-0.023540948,2.3140776,3.3143666,2.9347296,-0.025496887,-0.009351532,-0.017653702,0.32254335,1.2362149
AEBP2,-0.031339303,1.8682848,-0.00808809,-0.015901377,2.9096599,0.2619709,-0.0035461145,-0.023308255,2.3491251,3.3380678,2.8859878,-0.025923265,-0.008983571,-0.017267866,0.25151762,1.2417654
AGBL2,-0.030792687,1.7494881,-0.0027444735,-0.013259403,2.9306023,-0.001019368,-0.0021434242,-0.021285726,2.1149755,3.490083,2.6580083,-0.025158081,-0.008455642,-0.01830693,0.5219057,1.3110136
AGBL3,-0.031475425,1.8559096,-0.008098906,-0.015873782,2.9294841,0.3031222,-0.0035038185,-0.023198618,2.3493445,3.3746789,2.9128296,-0.025719723,-0.009225501,-0.017161364,0.27075028,1.2310655
AGFG2,-0.031475425,1.8559096,-0.008098906,-0.015873782,2.9294841,0.3031222,-0.0035038185,-0.023198618,2.3493445,3.3746789,2.9128296,-0.025719723,-0.009225501,-0.017161364,0.27075028,1.2310655
AJM1,-0.031475425,1.8559096,-0.008098906,-0.015873782,2.9294841,0.3031222,-0.0035038185,-0.023198618,2.3493445,3.3746789,2.9128296,-0.025719723,-0.009225501,-0.017161364,0.27075028,1.2310655
AK1,-0.031475425,1.8559096,-0.008098906,-0.015873782,2.9294841,0.3031222,-0.0035038185,-0.023198618,2.3493445,3.3746789,2.9128296,-0.025719723,-0.009225501,-0.017161364,0.27075028,1.2310655
AK5,-0.031475425,1.8559096,-0.008098906,-0.015873782,2.9294841,0.3031222,-0.0035038185,-0.023198618,2.3493445,3.3746789,2.9128296,-0.025719723,-0.009225501,-0.017161364,0.27075028,1.2310655
AK7,-0.031475425,1.8559096,-0.008098906,-0.015873782,2.9294841,0.3031222,-0.0035038185,-0.023198618,2.3493445,3.3746789,2.9128296,-0.025719723,-0.009225501,-0.017161364,0.27075028,1.2310655
AK9,-0.031475425,1.8559096,-0.008098906,-0.015873782,2.9294841,0.3031222,-0.0035038185,-0.023198618,2.3493445,3.3746789,2.9128296,-0.025719723,-0.009225501,-0.017161364,0.27075028,1.2310655
AKAP5,-0.031473327,1.8555192,-0.0081009595,-0.015874406,2.9290755,0.30339357,-0.003501215,-0.02320215,2.3489015,3.374291,2.9122376,-0.025725435,-0.009222778,-0.01715558,0.27028802,1.2313061
AKTIP,-0.031475425,1.8559096,-0.008098906,-0.015873782,2.9294841,0.3031222,-0.0035038185,-0.023198618,2.3493445,3.3746789,2.9128296,-0.025719723,-0.009225501,-0.017161364,0.27075028,1.2310655
ALOX5AP,-0.031475425,1.8559096,-0.008098906,-0.015873782,2.9294841,0.3031222,-0.0035038185,-0.023198618,2.3493445,3.3746789,2.9128296,-0.025719723,-0.009225501,-0.017161364,0.27075028,1.2310655
AMIGO1,-0.031475425,1.8559096,-0.008098906,-0.015873782,2.9294841,0.3031222,-0.0035038185,-0.023198618,2.3493445,3.3746789,2.9128296,-0.025719723,-0.009225501,-0.017161364,0.27075028,1.2310655
AMT,-0.031475425,1.8559096,-0.008098906,-0.015873782,2.9294841,0.3031222,-0.0035038185,-0.023198618,2.3493445,3.3746789,2.9128296,-0.025719723,-0.009225501,-0.017161364,0.27075028,1.2310655
ANGPTL6,-0.031475425,1.8559096,-0.008098906,-0.015873782,2.9294841,0.3031222,-0.0035038185,-0.023198618,2.3493445,3.3746789,2.9128296,-0.025719723,-0.009225501,-0.017161364,0.27075028,1.2310655
ANK1,-0.031475425,1.8559096,-0.008098906,-0.015873782,2.9294841,0.3031222,-0.0035038185,-0.023198618,2.3493445,3.3746789,2.9128296,-0.025719723,-0.009225501,-0.017161364,0.27075028,1.2310655
ANK3,-0.031475425,1.8559096,-0.008098906,-0.015873782,2.9294841,0.3031222,-0.0035038185,-0.023198618,2.3493445,3.3746789,2.9128296,-0.025719723,-0.009225501,-0.017161364,0.27075028,1.2310655
ANKAR,-0.031475425,1.8559096,-0.008098906,-0.015873782,2.9294841,0.3031222,-0.0035038185,-0.023198618,2.3493445,3.3746789,2.9128296,-0.025719723,-0.009225501,-0.017161364,0.27075028,1.2310655
ANKRD26,-0.029042615,1.307198,-0.012907376,-0.011162886,2.1797936,0.017672645,-0.004400254,-0.025513977,1.5255251,2.7885387,2.6890678,-0.023448719,-0.012949664,-0.010947382,0.41374564,0.70960885
ANKRD29,-0.031475425,1.8559096,-0.008098906,-0.015873782,2.9294841,0.3031222,-0.0035038185,-0.023198618,2.3493445,3.3746789,2.9128296,-0.025719723,-0.009225501,-0.017161364,0.27075028,1.2310655
ANKRD31,-0.031475425,1.8559096,-0.008098906,-0.015873782,2.9294841,0.3031222,-0.0035038185,-0.023198618,2.3493445,3.3746789,2.9128296,-0.025719723,-0.009225501,-0.017161364,0.27075028,1.2310655
ANKRD36,-0.031469192,1.8552982,-0.008074602,-0.015858293,2.9279275,0.3052632,-0.0035016362,-0.023206731,2.3471637,3.3723211,2.9134946,-0.025706239,-0.009227169,-0.017154982,0.27185017,1.229245
ANKRD36B,-0.031475425,1.8559096,-0.008098906,-0.015873782,2.9294841,0.3031222,-0.0035038185,-0.023198618,2.3493445,3.3746789,2.9128296,-0.025719723,-0.009225501,-0.017161364,0.27075028,1.2310655
ANKRD36C,-0.031475425,1.8559096,-0.008098906,-0.015873782,2.9294841,0.3031222,-0.0035038185,-0.023198618,2.3493445,3.3746789,2.9128296,-0.025719723,-0.009225501,-0.017161364,0.27075028,1.2310655
ANKRD39,-0.031475425,1.8559096,-0.008098906,-0.015873782,2.9294841,0.3031222,-0.0035038185,-0.023198618,2.3493445,3.3746789,2.9128296,-0.025719723,-0.009225501,-0.017161364,0.27075028,1.2310655
ANO10,-0.031475425,1.8559096,-0.008098906,-0.015873782,2.9294841,0.3031222,-0.0035038185,-0.023198618,2.3493445,3.3746789,2.9128296,-0.025719723,-0.009225501,-0.017161364,0.27075028,1.2310655
ANTXRL,-0.031475425,1.8559096,-0.008098906,-0.015873782,2.9294841,0.3031222,-0.0035038185,-0.023198618,2.3493445,3.3746789,2.9128296,-0.025719723,-0.009225501,-0.017161364,0.27075028,1.2310655
AP1G2,-0.031475425,1.8559096,-0.008098906,-0.015873782,2.9294841,0.3031222,-0.0035038185,-0.023198618,2.3493445,3.3746789,2.9128296,-0.025719723,-0.009225501,-0.017161364,0.27075028,1.2310655
AP3B2,-0.031475425,1.8559096,-0.008098906,-0.015873782,2.9294841,0.3031222,-0.0035038185,-0.023198618,2.3493445,3.3746789,2.9128296,-0.025719723,-0.009225501,-0.017161364,0.27075028,1.2310655
AP5Z1,-0.027136836,1.8240168,-0.009266311,-0.014416294,2.9998238,0.6189444,-0.0077284756,-0.023865225,1.8066359,3.3279731,2.5685408,-0.024335403,-0.005698275,-0.019432481,0.5677488,0.8374876
APBB2,-0.031590853,1.8626393,-0.0073070326,-0.014225706,2.8043349,0.026236514,-0.0019303489,-0.025338355,2.218582,3.1349585,2.852901,-0.024625272,-0.008734765,-0.015460319,0.4613555,1.2112337
APOB,-0.031467874,1.8566695,-0.008086521,-0.01586074,2.9296646,0.30242714,-0.0035120873,-0.023198945,2.349007,3.37293,2.9140284,-0.025701502,-0.009232426,-0.017166106,0.27152255,1.2314482
APOBEC4,-0.031475425,1.8559096,-0.008098906,-0.015873782,2.9294841,0.3031222,-0.0035038185,-0.023198618,2.3493445,3.3746789,2.9128296,-0.025719723,-0.009225501,-0.017161364,0.27075028,1.2310655
AQP3,-0.031475425,1.8559096,-0.008098906,-0.015873782,2.9294841,0.3031222,-0.0035038185,-0.023198618,2.3493445,3.3746789,2.9128296,-0.025719723,-0.009225501,-0.017161364,0.27075028,1.2310655
AREG,-0.031475425,1.8559096,-0.008098906,-0.015873782,2.9294841,0.3031222,-0.0035038185,-0.023198618,2.3493445,3.3746789,2.9128296,-0.025719723,-0.009225501,-0.017161364,0.27075028,1.2310655
ARF4-AS1,-0.031475425,1.8559096,-0.008098906,-0.015873782,2.9294841,0.3031222,-0.0035038185,-0.023198618,2.3493445,3.3746789,2.9128296,-0.025719723,-0.009225501,-0.017161364,0.27075028,1.2310655
ARHGAP10,-0.031475425,1.8559096,-0.008098906,-0.015873782,2.9294841,0.3031222,-0.0035038185,-0.023198618,2.3493445,3.3746789,2.9128296,-0.025719723,-0.009225501,-0.017161364,0.27075028,1.2310655
ARHGAP24,-0.031475425,1.8559096,-0.008098906,-0.015873782,2.9294841,0.3031222,-0.0035038185,-0.023198618,2.3493445,3.3746789,2.9128296,-0.025719723,-0.009225501,-0.017161364,0.27075028,1.2310655
ARHGAP33,-0.031475425,1.8559096,-0.008098906,-0.015873782,2.9294841,0.3031222,-0.0035038185,-0.023198618,2.3493445,3.3746789,2.9128296,-0.025719723,-0.009225501,-0.017161364,0.27075028,1.2310655
ARHGAP35,-0.031475425,1.8559096,-0.008098906,-0.015873782,2.9294841,0.3031222,-0.0035038185,-0.023198618,2.3493445,3.3746789,2.9128296,-0.025719723,-0.009225501,-0.017161364,0.27075028,1.2310655
ARHGAP39,-0.031475425,1.8559096,-0.008098906,-0.015873782,2.9294841,0.3031222,-0.0035038185,-0.023198618,2.3493445,3.3746789,2.9128296,-0.025719723,-0.009225501,-0.017161364,0.27075028,1.2310655
ARHGAP5,-0.031475425,1.8559096,-0.008098906,-0.015873782,2.9294841,0.3031222,-0.0035038185,-0.023198618,2.3493445,3.3746789,2.9128296,-0.025719723,-0.009225501,-0.017161364,0.27075028,1.2310655
ARHGAP8,-0.031475425,1.8559096,-0.008098906,-0.015873782,2.9294841,0.3031222,-0.0035038185,-0.023198618,2.3493445,3.3746789,2.9128296,-0.025719723,-0.009225501,-0.017161364,0.27075028,1.2310655
ARHGEF10,-0.024988284,1.4061394,-0.008280707,-0.01753396,2.9494278,0.084154546,-0.0029300742,-0.017588735,2.2807884,3.0960891,2.74135,-0.019169625,-0.008313616,-0.018380059,0.05191011,1.6545749
ARHGEF12,-0.031475425,1.8559096,-0.008098906,-0.015873782,2.9294841,0.3031222,-0.0035038185,-0.023198618,2.3493445,3.3746789,2.9128296,-0.025719723,-0.009225501,-0.017161364,0.27075028,1.2310655
ARHGEF25,-0.031475425,1.8559096,-0.008098906,-0.015873782,2.9294841,0.3031222,-0.0035038185,-0.023198618,2.3493445,3.3746789,2.9128296,-0.025719723,-0.009225501,-0.017161364,0.27075028,1.2310655
ARIH2OS,-0.031461652,1.8558905,-0.008122582,-0.015888227,2.9317596,0.3031729,-0.003505933,-0.023191059,2.346929,3.3737183,2.909909,-0.025707254,-0.009225896,-0.017189002,0.2718197,1.2313715
ARL4D,-0.03148522,1.856916,-0.008101474,-0.015866423,2.9298956,0.3040112,-0.0035024935,-0.023203552,2.3502305,3.3742976,2.9119754,-0.02572195,-0.00922212,-0.017163236,0.27034044,1.2306494
ARRDC3,-0.031475425,1.8559096,-0.008098906,-0.015873782,2.9294841,0.3031222,-0.0035038185,-0.023198618,2.3493445,3.3746789,2.9128296,-0.025719723,-0.009225501,-0.017161364,0.27075028,1.2310655
ARSJ,-0.031475425,1.8559096,-0.008098906,-0.015873782,2.9294841,0.3031222,-0.0035038185,-0.023198618,2.3493445,3.3746789,2.9128296,-0.025719723,-0.009225501,-0.017161364,0.27075028,1.2310655
ART5,-0.030131914,1.9522926,-0.0050141495,-0.01183278,2.4116273,0.23145925,-0.005521063,-0.018830013,2.472123,3.5657923,2.6391146,-0.027122196,-0.005650389,-0.018643273,-0.0009225135,0.9260177
ASIC1,-0.031475425,1.8559096,-0.008098906,-0.015873782,2.9294841,0.3031222,-0.0035038185,-0.023198618,2.3493445,3.3746789,2.9128296,-0.025719723,-0.009225501,-0.017161364,0.27075028,1.2310655
ASXL1,-0.031475425,1.8559096,-0.008098906,-0.015873782,2.9294841,0.3031222,-0.0035038185,-0.023198618,2.3493445,3.3746789,2.9128296,-0.025719723,-0.009225501,-0.017161364,0.27075028,1.2310655
ATAD3B,-0.03148851,1.8555251,-0.008089539,-0.015888762,2.9283044,0.30149278,-0.0034893644,-0.023200795,2.3504481,3.372928,2.911487,-0.025720734,-0.009238552,-0.017152917,0.27027613,1.2320583
ATF7IP2,-0.030791651,1.7487292,-0.0027544275,-0.013278913,2.9296196,-0.0010339122,-0.0021673292,-0.021291768,2.1146994,3.4904215,2.6573176,-0.025152244,-0.008432587,-0.0182876,0.5194057,1.3113877
ATG16L1,-0.031475425,1.8559096,-0.008098906,-0.015873782,2.9294841,0.3031222,-0.0035038185,-0.023198618,2.3493445,3.3746789,2.9128296,-0.025719723,-0.009225501,-0.017161364,0.27075028,1.2310655
ATG4D,-0.031475425,1.8559096,-0.008098906,-0.015873782,2.9294841,0.3031222,-0.0035038185,-0.023198618,2.3493445,3.3746789,2.9128296,-0.025719723,-0.009225501,-0.017161364,0.27075028,1.2310655
ATN1,-0.031475425,1.8559096,-0.008098906,-0.015873782,2.9294841,0.3031222,-0.0035038185,-0.023198618,2.3493445,3.3746789,2.9128296,-0.025719723,-0.009225501,-0.017161364,0.27075028,1.2310655
ATP1A3,-0.031475425,1.8559096,-0.008098906,-0.015873782,2.9294841,0.3031222,-0.0035038185,-0.023198618,2.3493445,3.3746789,2.9128296,-0.025719723,-0.009225501,-0.017161364,0.27075028,1.2310655
ATP1B2,-0.031475425,1.8559096,-0.008098906,-0.015873782,2.9294841,0.3031222,-0.0035038185,-0.023198618,2.3493445,3.3746789,2.9128296,-0.025719723,-0.009225501,-0.017161364,0.27075028,1.2310655
ATP2A3,-0.031475425,1.8559096,-0.008098906,-0.015873782,2.9294841,0.3031222,-0.0035038185,-0.023198618,2.3493445,3.3746789,2.9128296,-0.025719723,-0.009225501,-0.017161364,0.27075028,1.2310655
ATP6V1H,-0.031475425,1.8559096,-0.008098906,-0.015873782,2.9294841,0.3031222,-0.0035038185,-0.023198618,2.3493445,3.3746789,2.9128296,-0.025719723,-0.009225501,-0.017161364,0.27075028,1.2310655
ATP8B2,-0.031475425,1.8559096,-0.008098906,-0.015873782,2.9294841,0.3031222,-0.0035038185,-0.023198618,2.3493445,3.3746789,2.9128296,-0.025719723,-0.009225501,-0.017161364,0.27075028,1.2310655
ATP9A,-0.031475425,1.8559096,-0.008098906,-0.015873782,2.9294841,0.3031222,-0.0035038185,-0.023198618,2.3493445,3.3746789,2.9128296,-0.025719723,-0.009225501,-0.017161364,0.27075028,1.2310655
ATXN2-AS,-0.031475425,1.8559096,-0.008098906,-0.015873782,2.9294841,0.3031222,-0.0035038185,-0.023198618,2.3493445,3.3746789,2.9128296,-0.025719723,-0.009225501,-0.017161364,0.27075028,1.2310655
ATXN7L3B,-0.026801094,1.9635823,-0.0050175968,-0.019113362,2.3194375,0.40429926,-6.0457063e-05,-0.016353551,2.7063785,2.8792105,2.5543191,-0.026574897,-0.010913961,-0.01393463,-0.002243994,1.3196925
AVP,-0.031475425,1.8559096,-0.008098906,-0.015873782,2.9294841,0.3031222,-0.0035038185,-0.023198618,2.3493445,3.3746789,2.9128296,-0.025719723,-0.009225501,-0.017161364,0.27075028,1.2310655
AXDND1,-0.031475425,1.8559096,-0.008098906,-0.015873782,2.9294841,0.3031222,-0.0035038185,-0.023198618,2.3493445,3.3746789,2.9128296,-0.025719723,-0.009225501,-0.017161364,0.27075028,1.2310655
AXIN1,-0.031475425,1.8559096,-0.008098906,-0.015873782,2.9294841,0.3031222,-0.0035038185,-0.023198618,2.3493445,3.3746789,2.9128296,-0.025719723,-0.009225501,-0.017161364,0.27075028,1.2310655
AXL,-0.034074977,1.3098423,-0.0087715555,-0.0194718,2.739299,0.2082126,-0.00047216503,-0.024286218,2.1095293,2.8598838,2.533905,-0.023567013,-0.0050060214,-0.017466825,0.5036518,1.0191813
B3GLCT,-0.029042615,1.307198,-0.012907376,-0.011162886,2.1797936,0.017672645,-0.004400254,-0.025513977,1.5255251,2.7885387,2.6890678,-0.023448719,-0.012949664,-0.010947382,0.41374564,0.70960885
B4GALNT3,-0.031475425,1.8559096,-0.008098906,-0.015873782,2.9294841,0.3031222,-0.0035038185,-0.023198618,2.3493445,3.3746789,2.9128296,-0.025719723,-0.009225501,-0.017161364,0.27075028,1.2310655
B4GALNT4,-0.031475425,1.8559096,-0.008098906,-0.015873782,2.9294841,0.3031222,-0.0035038185,-0.023198618,2.3493445,3.3746789,2.9128296,-0.025719723,-0.009225501,-0.017161364,0.27075028,1.2310655
BAIAP3,-0.031475425,1.8559096,-0.008098906,-0.015873782,2.9294841,0.3031222,-0.0035038185,-0.023198618,2.3493445,3.3746789,2.9128296,-0.025719723,-0.009225501,-0.017161364,0.27075028,1.2310655
BAMBI,-0.031475425,1.8559096,-0.008098906,-0.015873782,2.9294841,0.3031222,-0.0035038185,-0.023198618,2.3493445,3.3746789,2.9128296,-0.025719723,-0.009225501,-0.017161364,0.27075028,1.2310655
BATF,-0.02865178,2.0470111,-0.00398382,-0.010992918,2.3989716,0.5683776,-0.00034354642,-0.01882079,1.8254774,3.2885199,2.8303719,-0.019622121,-0.0112637235,-0.014684963,0.6694983,0.79910886
BAZ1B,-0.031469002,1.8553501,-0.008100709,-0.01588021,2.9299195,0.30333546,-0.0034991305,-0.02319875,2.3499444,3.3742843,2.9126964,-0.025712695,-0.009230786,-0.017164707,0.26992708,1.2311385
BCAS4,-0.03147517,1.8555561,-0.008099716,-0.015873434,2.929215,0.30332246,-0.0035020171,-0.023201777,2.3488286,3.374197,2.9122941,-0.025724964,-0.009224802,-0.017156124,0.2703023,1.231308
BCKDHB,-0.031475425,1.8559096,-0.008098906,-0.015873782,2.9294841,0.3031222,-0.0035038185,-0.023198618,2.3493445,3.3746789,2.9128296,-0.025719723,-0.009225501,-0.017161364,0.27075028,1.2310655
BCL2L13,-0.031475425,1.8559096,-0.008098906,-0.015873782,2.9294841,0.3031222,-0.0035038185,-0.023198618,2.3493445,3.3746789,2.9128296,-0.025719723,-0.009225501,-0.017161364,0.27075028,1.2310655
BCL6B,-0.031475425,1.8559096,-0.008098906,-0.015873782,2.9294841,0.3031222,-0.0035038185,-0.023198618,2.3493445,3.3746789,2.9128296,-0.025719723,-0.009225501,-0.017161364,0.27075028,1.2310655
BDP1,-0.031475425,1.8559096,-0.008098906,-0.015873782,2.9294841,0.3031222,-0.0035038185,-0.023198618,2.3493445,3.3746789,2.9128296,-0.025719723,-0.009225501,-0.017161364,0.27075028,1.2310655
BEND5,-0.031475425,1.8559096,-0.008098906,-0.015873782,2.9294841,0.3031222,-0.0035038185,-0.023198618,2.3493445,3.3746789,2.9128296,-0.025719723,-0.009225501,-0.017161364,0.27075028,1.2310655
BET1,-0.031475425,1.8559096,-0.008098906,-0.015873782,2.9294841,0.3031222,-0.0035038185,-0.023198618,2.3493445,3.3746789,2.9128296,-0.025719723,-0.009225501,-0.017161364,0.27075028,1.2310655
BEX2,-0.031474877,1.8560315,-0.008100419,-0.015875433,2.9293058,0.30324998,-0.0035018818,-0.023199955,2.3492932,3.3744779,2.912816,-0.025718803,-0.009226253,-0.017160803,0.27083796,1.2312182
BEX3,-0.031475425,1.8559096,-0.008098906,-0.015873782,2.9294841,0.3031222,-0.0035038185,-0.023198618,2.3493445,3.3746789,2.9128296,-0.025719723,-0.009225501,-0.017161364,0.27075028,1.2310655
BHLHE40-AS1,-0.031469192,1.8552982,-0.008074602,-0.015858293,2.9279275,0.3052632,-0.0035016362,-0.023206731,2.3471637,3.3723211,2.9134946,-0.025706239,-0.009227169,-0.017154982,0.27185017,1.229245
BICDL1,-0.031458575,1.8564616,-0.008108636,-0.015889112,2.9301527,0.30349657,-0.0034956473,-0.023181153,2.3501375,3.3738346,2.9119534,-0.025723262,-0.0092122825,-0.017176848,0.27019,1.231846
BICDL2,-0.031475425,1.8559096,-0.008098906,-0.015873782,2.9294841,0.3031222,-0.0035038185,-0.023198618,2.3493445,3.3746789,2.9128296,-0.025719723,-0.009225501,-0.017161364,0.27075028,1.2310655
BIN1,-0.031475425,1.8559096,-0.008098906,-0.015873782,2.9294841,0.3031222,-0.0035038185,-0.023198618,2.3493445,3.3746789,2.9128296,-0.025719723,-0.009225501,-0.017161364,0.27075028,1.2310655
BIRC7,-0.031475425,1.8559096,-0.008098906,-0.015873782,2.9294841,0.3031222,-0.0035038185,-0.023198618,2.3493445,3.3746789,2.9128296,-0.025719723,-0.009225501,-0.017161364,0.27075028,1.2310655
BLNK,-0.031475425,1.8559096,-0.008098906,-0.015873782,2.9294841,0.3031222,-0.0035038185,-0.023198618,2.3493445,3.3746789,2.9128296,-0.025719723,-0.009225501,-0.017161364,0.27075028,1.2310655
BMP2,-0.031475425,1.8559096,-0.008098906,-0.015873782,2.9294841,0.3031222,-0.0035038185,-0.023198618,2.3493445,3.3746789,2.9128296,-0.025719723,-0.009225501,-0.017161364,0.27075028,1.2310655
BMP3,-0.031475425,1.8559096,-0.008098906,-0.015873782,2.9294841,0.3031222,-0.0035038185,-0.023198618,2.3493445,3.3746789,2.9128296,-0.025719723,-0.009225501,-0.017161364,0.27075028,1.2310655
BMPER,-0.031475425,1.8559096,-0.008098906,-0.015873782,2.9294841,0.3031222,-0.0035038185,-0.023198618,2.3493445,3.3746789,2.9128296,-0.025719723,-0.009225501,-0.017161364,0.27075028,1.2310655
BMPR1B-DT,-0.031475425,1.8559096,-0.008098906,-0.015873782,2.9294841,0.3031222,-0.0035038185,-0.023198618,2.3493445,3.3746789,2.9128296,-0.025719723,-0.009225501,-0.017161364,0.27075028,1.2310655
BNC2,-0.031475425,1.8559096,-0.008098906,-0.015873782,2.9294841,0.3031222,-0.0035038185,-0.023198618,2.3493445,3.3746789,2.9128296,-0.025719723,-0.009225501,-0.017161364,0.27075028,1.2310655
BPGM,-0.031475425,1.8559096,-0.008098906,-0.015873782,2.9294841,0.3031222,-0.0035038185,-0.023198618,2.3493445,3.3746789,2.9128296,-0.025719723,-0.009225501,-0.017161364,0.27075028,1.2310655
BRDT,-0.031475425,1.8559096,-0.008098906,-0.015873782,2.9294841,0.3031222,-0.0035038185,-0.023198618,2.3493445,3.3746789,2.9128296,-0.025719723,-0.009225501,-0.017161364,0.27075028,1.2310655
BRF1,-0.031475425,1.8559096,-0.008098906,-0.015873782,2.9294841,0.3031222,-0.0035038185,-0.023198618,2.3493445,3.3746789,2.9128296,-0.025719723,-0.009225501,-0.017161364,0.27075028,1.2310655
BRIX1,-0.031475425,1.8559096,-0.008098906,-0.015873782,2.9294841,0.3031222,-0.0035038185,-0.023198618,2.3493445,3.3746789,2.9128296,-0.025719723,-0.009225501,-0.017161364,0.27075028,1.2310655
BRPF1,-0.031475425,1.8559096,-0.008098906,-0.015873782,2.9294841,0.3031222,-0.0035038185,-0.023198618,2.3493445,3.3746789,2.9128296,-0.025719723,-0.009225501,-0.017161364,0.27075028,1.2310655
BSX,-0.031475425,1.8559096,-0.008098906,-0.015873782,2.9294841,0.3031222,-0.0035038185,-0.023198618,2.3493445,3.3746789,2.9128296,-0.025719723,-0.009225501,-0.017161364,0.27075028,1.2310655
BTBD17,-0.031475425,1.8559096,-0.008098906,-0.015873782,2.9294841,0.3031222,-0.0035038185,-0.023198618,2.3493445,3.3746789,2.9128296,-0.025719723,-0.009225501,-0.017161364,0.27075028,1.2310655
BTBD6,-0.031475425,1.8559096,-0.008098906,-0.015873782,2.9294841,0.3031222,-0.0035038185,-0.023198618,2.3493445,3.3746789,2.9128296,-0.025719723,-0.009225501,-0.017161364,0.27075028,1.2310655
BTBD8,-0.031475425,1.8559096,-0.008098906,-0.015873782,2.9294841,0.3031222,-0.0035038185,-0.023198618,2.3493445,3.3746789,2.9128296,-0.025719723,-0.009225501,-0.017161364,0.27075028,1.2310655
BTG3-AS1,-0.031475425,1.8559096,-0.008098906,-0.015873782,2.9294841,0.3031222,-0.0035038185,-0.023198618,2.3493445,3.3746789,2.9128296,-0.025719723,-0.009225501,-0.017161364,0.27075028,1.2310655
BTN3A1,-0.031475425,1.8559096,-0.008098906,-0.015873782,2.9294841,0.3031222,-0.0035038185,-0.023198618,2.3493445,3.3746789,2.9128296,-0.025719723,-0.009225501,-0.017161364,0.27075028,1.2310655
BTRC,-0.031475425,1.8559096,-0.008098906,-0.015873782,2.9294841,0.3031222,-0.0035038185,-0.023198618,2.3493445,3.3746789,2.9128296,-0.025719723,-0.009225501,-0.017161364,0.27075028,1.2310655
C10orf95,-0.031339303,1.8682848,-0.00808809,-0.015901377,2.9096599,0.2619709,-0.0035461145,-0.023308255,2.3491251,3.3380678,2.8859878,-0.025923265,-0.008983571,-0.017267866,0.25151762,1.2417654
C11orf52,-0.031467874,1.8566695,-0.008086521,-0.01586074,2.9296646,0.30242714,-0.0035120873,-0.023198945,2.349007,3.37293,2.9140284,-0.025701502,-0.009232426,-0.017166106,0.27152255,1.2314482
C11orf65,-0.031465635,1.8570362,-0.008113194,-0.015855499,2.9299557,0.30276975,-0.0035122966,-0.023202628,2.3477943,3.3744884,2.9130175,-0.025719332,-0.009239676,-0.017143922,0.26992935,1.2290561
C12orf42,-0.031475425,1.8559096,-0.008098906,-0.015873782,2.9294841,0.3031222,-0.0035038185,-0.023198618,2.3493445,3.3746789,2.9128296,-0.025719723,-0.009225501,-0.017161364,0.27075028,1.2310655
C15orf61,-0.031475425,1.8559096,-0.008098906,-0.015873782,2.9294841,0.3031222,-0.0035038185,-0.023198618,2.3493445,3.3746789,2.9128296,-0.025719723,-0.009225501,-0.017161364,0.27075028,1.2310655
C17orf80,-0.031465635,1.8570362,-0.008113194,-0.015855499,2.9299557,0.30276975,-0.0035122966,-0.023202628,2.3477943,3.3744884,2.9130175,-0.025719332,-0.009239676,-0.017143922,0.26992935,1.2290561
C17orf99,-0.0315833,1.8633993,-0.007294647,-0.014212665,2.8045154,0.025541464,-0.0019386179,-0.025338683,2.2182443,3.1332097,2.8540995,-0.024607053,-0.008741691,-0.015465061,0.4621278,1.2116164
C19orf25,-0.031475425,1.8559096,-0.008098906,-0.015873782,2.9294841,0.3031222,-0.0035038185,-0.023198618,2.3493445,3.3746789,2.9128296,-0.025719723,-0.009225501,-0.017161364,0.27075028,1.2310655
C19orf84,-0.031475425,1.8559096,-0.008098906,-0.015873782,2.9294841,0.3031222,-0.0035038185,-0.023198618,2.3493445,3.3746789,2.9128296,-0.025719723,-0.009225501,-0.017161364,0.27075028,1.2310655
C1QL4,-0.031475425,1.8559096,-0.008098906,-0.015873782,2.9294841,0.3031222,-0.0035038185,-0.023198618,2.3493445,3.3746789,2.9128296,-0.025719723,-0.009225501,-0.017161364,0.27075028,1.2310655
C1QTNF12,-0.031475425,1.8559096,-0.008098906,-0.015873782,2.9294841,0.3031222,-0.0035038185,-0.023198618,2.3493445,3.3746789,2.9128296,-0.025719723,-0.009225501,-0.017161364,0.27075028,1.2310655
C1orf141,-0.031475425,1.8559096,-0.008098906,-0.015873782,2.9294841,0.3031222,-0.0035038185,-0.023198618,2.3493445,3.3746789,2.9128296,-0.025719723,-0.009225501,-0.017161364,0.27075028,1.2310655
C1orf159,-0.031475425,1.8559096,-0.008098906,-0.015873782,2.9294841,0.3031222,-0.0035038185,-0.023198618,2.3493445,3.3746789,2.9128296,-0.025719723,-0.009225501,-0.017161364,0.27075028,1.2310655
C1orf35,-0.03147517,1.8555561,-0.008099716,-0.015873434,2.929215,0.30332246,-0.0035020171,-0.023201777,2.3488286,3.374197,2.9122941,-0.025724964,-0.009224802,-0.017156124,0.2703023,1.231308
C2CD4B,-0.031475425,1.8559096,-0.008098906,-0.015873782,2.9294841,0.3031222,-0.0035038185,-0.023198618,2.3493445,3.3746789,2.9128296,-0.025719723,-0.009225501,-0.017161364,0.27075028,1.2310655
C3orf52,-0.031475425,1.8559096,-0.008098906,-0.015873782,2.9294841,0.3031222,-0.0035038185,-0.023198618,2.3493445,3.3746789,2.9128296,-0.025719723,-0.009225501,-0.017161364,0.27075028,1.2310655
C4BPA,-0.031469002,1.8553501,-0.008100709,-0.01588021,2.9299195,0.30333546,-0.0034991305,-0.02319875,2.3499444,3.3742843,2.9126964,-0.025712695,-0.009230786,-0.017164707,0.26992708,1.2311385
C5orf67,-0.031475425,1.8559096,-0.008098906,-0.015873782,2.9294841,0.3031222,-0.0035038185,-0.023198618,2.3493445,3.3746789,2.9128296,-0.025719723,-0.009225501,-0.017161364,0.27075028,1.2310655
C6orf141,-0.030724322,1.7475458,-0.0027588643,-0.013258833,2.9259133,-0.0010496133,-0.0021327962,-0.02130284,2.1163821,3.4910223,2.6529675,-0.02511497,-0.008406528,-0.018252239,0.51739293,1.314075
C7orf31,-0.031475425,1.8559096,-0.008098906,-0.015873782,2.9294841,0.3031222,-0.0035038185,-0.023198618,2.3493445,3.3746789,2.9128296,-0.025719723,-0.009225501,-0.017161364,0.27075028,1.2310655
CA6,-0.031475425,1.8559096,-0.008098906,-0.015873782,2.9294841,0.3031222,-0.0035038185,-0.023198618,2.3493445,3.3746789,2.9128296,-0.025719723,-0.009225501,-0.017161364,0.27075028,1.2310655
CACNA1C-AS1,-0.031475425,1.8559096,-0.008098906,-0.015873782,2.9294841,0.3031222,-0.0035038185,-0.023198618,2.3493445,3.3746789,2.9128296,-0.025719723,-0.009225501,-0.017161364,0.27075028,1.2310655
CACNA1H,-0.031475425,1.8559096,-0.008098906,-0.015873782,2.9294841,0.3031222,-0.0035038185,-0.023198618,2.3493445,3.3746789,2.9128296,-0.025719723,-0.009225501,-0.017161364,0.27075028,1.2310655
CACNA2D2,-0.031475425,1.8559096,-0.008098906,-0.015873782,2.9294841,0.3031222,-0.0035038185,-0.023198618,2.3493445,3.3746789,2.9128296,-0.025719723,-0.009225501,-0.017161364,0.27075028,1.2310655
CADM1,-0.030792687,1.7494881,-0.0027444735,-0.013259403,2.9306023,-0.001019368,-0.0021434242,-0.021285726,2.1149755,3.490083,2.6580083,-0.025158081,-0.008455642,-0.01830693,0.5219057,1.3110136
CADM2,-0.031475425,1.8559096,-0.008098906,-0.015873782,2.9294841,0.3031222,-0.0035038185,-0.023198618,2.3493445,3.3746789,2.9128296,-0.025719723,-0.009225501,-0.017161364,0.27075028,1.2310655
CALB2,-0.031475425,1.8559096,-0.008098906,-0.015873782,2.9294841,0.3031222,-0.0035038185,-0.023198618,2.3493445,3.3746789,2.9128296,-0.025719723,-0.009225501,-0.017161364,0.27075028,1.2310655
CAMTA1-DT,-0.03147462,1.8556781,-0.008101229,-0.015875084,2.9290366,0.30345026,-0.00350008,-0.023203118,2.348777,3.373996,2.9122806,-0.025724044,-0.009225555,-0.017155563,0.27038997,1.2314607
CAPN12,-0.031465635,1.8570362,-0.008113194,-0.015855499,2.9299557,0.30276975,-0.0035122966,-0.023202628,2.3477943,3.3744884,2.9130175,-0.025719332,-0.009239676,-0.017143922,0.26992935,1.2290561
CAPRIN2,-0.031475425,1.8559096,-0.008098906,-0.015873782,2.9294841,0.3031222,-0.0035038185,-0.023198618,2.3493445,3.3746789,2.9128296,-0.025719723,-0.009225501,-0.017161364,0.27075028,1.2310655
CARMIL2,-0.031469002,1.8553501,-0.008100709,-0.01588021,2.9299195,0.30333546,-0.0034991305,-0.02319875,2.3499444,3.3742843,2.9126964,-0.025712695,-0.009230786,-0.017164707,0.26992708,1.2311385
CARNS1,-0.031475425,1.8559096,-0.008098906,-0.015873782,2.9294841,0.3031222,-0.0035038185,-0.023198618,2.3493445,3.3746789,2.9128296,-0.025719723,-0.009225501,-0.017161364,0.27075028,1.2310655
CASKIN1,-0.031475425,1.8559096,-0.008098906,-0.015873782,2.9294841,0.3031222,-0.0035038185,-0.023198618,2.3493445,3.3746789,2.9128296,-0.025719723,-0.009225501,-0.017161364,0.27075028,1.2310655
CASP8,-0.031475425,1.8559096,-0.008098906,-0.015873782,2.9294841,0.3031222,-0.0035038185,-0.023198618,2.3493445,3.3746789,2.9128296,-0.025719723,-0.009225501,-0.017161364,0.27075028,1.2310655
CASP8AP2,-0.031475425,1.8559096,-0.008098906,-0.015873782,2.9294841,0.3031222,-0.0035038185,-0.023198618,2.3493445,3.3746789,2.9128296,-0.025719723,-0.009225501,-0.017161364,0.27075028,1.2310655
CBFB,-0.028026208,1.6087023,-0.006032278,-0.013574064,2.2506924,0.06806129,0.031195521,-0.020951066,1.9753432,2.705684,2.5239253,-0.020530952,-0.009416639,-0.013414364,0.38809898,1.0429258
CBX4,-0.031475425,1.8559096,-0.008098906,-0.015873782,2.9294841,0.3031222,-0.0035038185,-0.023198618,2.3493445,3.3746789,2.9128296,-0.025719723,-0.009225501,-0.017161364,0.27075028,1.2310655
CCDC134,-0.031465635,1.8570362,-0.008113194,-0.015855499,2.9299557,0.30276975,-0.0035122966,-0.023202628,2.3477943,3.3744884,2.9130175,-0.025719332,-0.009239676,-0.017143922,0.26992935,1.2290561
CCDC141,-0.031475425,1.8559096,-0.008098906,-0.015873782,2.9294841,0.3031222,-0.0035038185,-0.023198618,2.3493445,3.3746789,2.9128296,-0.025719723,-0.009225501,-0.017161364,0.27075028,1.2310655
CCDC15-DT,-0.031475425,1.8559096,-0.008098906,-0.015873782,2.9294841,0.3031222,-0.0035038185,-0.023198618,2.3493445,3.3746789,2.9128296,-0.025719723,-0.009225501,-0.017161364,0.27075028,1.2310655
CCDC158,-0.031475425,1.8559096,-0.008098906,-0.015873782,2.9294841,0.3031222,-0.0035038185,-0.023198618,2.3493445,3.3746789,2.9128296,-0.025719723,-0.009225501,-0.017161364,0.27075028,1.2310655
CCDC171,-0.031475425,1.8559096,-0.008098906,-0.015873782,2.9294841,0.3031222,-0.0035038185,-0.023198618,2.3493445,3.3746789,2.9128296,-0.025719723,-0.009225501,-0.017161364,0.27075028,1.2310655
CCDC34,-0.031469192,1.8552982,-0.008074602,-0.015858293,2.9279275,0.3052632,-0.0035016362,-0.023206731,2.3471637,3.3723211,2.9134946,-0.025706239,-0.009227169,-0.017154982,0.27185017,1.229245
CCDC42,-0.031474393,1.8551507,-0.00810886,-0.015893292,2.9285014,0.30166778,-0.0035277235,-0.02320466,2.3490684,3.3750174,2.912139,-0.025713887,-0.009202446,-0.017142035,0.2682503,1.2314396
CCDC62,-0.031475425,1.8559096,-0.008098906,-0.015873782,2.9294841,0.3031222,-0.0035038185,-0.023198618,2.3493445,3.3746789,2.9128296,-0.025719723,-0.009225501,-0.017161364,0.27075028,1.2310655
CCER2,-0.031475425,1.8559096,-0.008098906,-0.015873782,2.9294841,0.3031222,-0.0035038185,-0.023198618,2.3493445,3.3746789,2.9128296,-0.025719723,-0.009225501,-0.017161364,0.27075028,1.2310655
CCKBR,-0.030131914,1.9522926,-0.0050141495,-0.01183278,2.4116273,0.23145925,-0.005521063,-0.018830013,2.472123,3.5657923,2.6391146,-0.027122196,-0.005650389,-0.018643273,-0.0009225135,0.9260177
CCL22,-0.031473584,1.8558726,-0.008100149,-0.015874755,2.9293447,0.3031933,-0.0035030162,-0.023198988,2.3494174,3.3747728,2.9127731,-0.025720196,-0.009223476,-0.01716082,0.270736,1.2310636
CCL3,-0.031475425,1.8559096,-0.008098906,-0.015873782,2.9294841,0.3031222,-0.0035038185,-0.023198618,2.3493445,3.3746789,2.9128296,-0.025719723,-0.009225501,-0.017161364,0.27075028,1.2310655
CCL4,-0.031475425,1.8559096,-0.008098906,-0.015873782,2.9294841,0.3031222,-0.0035038185,-0.023198618,2.3493445,3.3746789,2.9128296,-0.025719723,-0.009225501,-0.017161364,0.27075028,1.2310655
CCL4L2,-0.031475425,1.8559096,-0.008098906,-0.015873782,2.9294841,0.3031222,-0.0035038185,-0.023198618,2.3493445,3.3746789,2.9128296,-0.025719723,-0.009225501,-0.017161364,0.27075028,1.2310655
CCL5,-0.031475425,1.8559096,-0.008098906,-0.015873782,2.9294841,0.3031222,-0.0035038185,-0.023198618,2.3493445,3.3746789,2.9128296,-0.025719723,-0.009225501,-0.017161364,0.27075028,1.2310655
CCND2,-0.031475425,1.8559096,-0.008098906,-0.015873782,2.9294841,0.3031222,-0.0035038185,-0.023198618,2.3493445,3.3746789,2.9128296,-0.025719723,-0.009225501,-0.017161364,0.27075028,1.2310655
CCNI2,-0.027136836,1.8240168,-0.009266311,-0.014416294,2.9998238,0.6189444,-0.0077284756,-0.023865225,1.8066359,3.3279731,2.5685408,-0.024335403,-0.005698275,-0.019432481,0.5677488,0.8374876
CCR6,-0.031205844,1.9054899,-0.0076075443,-0.016291194,2.871641,0.26477396,-0.003059153,-0.023540948,2.3140776,3.3143666,2.9347296,-0.025496887,-0.009351532,-0.017653702,0.32254335,1.2362149
CCSER1,-0.031475425,1.8559096,-0.008098906,-0.015873782,2.9294841,0.3031222,-0.0035038185,-0.023198618,2.3493445,3.3746789,2.9128296,-0.025719723,-0.009225501,-0.017161364,0.27075028,1.2310655
CD160,-0.031475425,1.8559096,-0.008098906,-0.015873782,2.9294841,0.3031222,-0.0035038185,-0.023198618,2.3493445,3.3746789,2.9128296,-0.025719723,-0.009225501,-0.017161364,0.27075028,1.2310655
CD200R1L,-0.031475425,1.8559096,-0.008098906,-0.015873782,2.9294841,0.3031222,-0.0035038185,-0.023198618,2.3493445,3.3746789,2.9128296,-0.025719723,-0.009225501,-0.017161364,0.27075028,1.2310655
CD226,-0.031478506,1.8553385,-0.0081128515,-0.0158729,2.9310913,0.3027985,-0.0035141045,-0.023208523,2.346136,3.3745625,2.9107852,-0.025703715,-0.009239115,-0.017173517,0.27238,1.230591
CD28,-0.028634928,2.047563,-0.0039935503,-0.011008246,2.3996398,0.568752,-0.00033537523,-0.018803326,1.8262703,3.2876756,2.8294957,-0.019625658,-0.011250502,-0.014700445,0.66893804,0.7998893
CD320,-0.029042065,1.30732,-0.012908889,-0.011164536,2.1796153,0.017800437,-0.004398318,-0.025515318,1.5254738,2.7883377,2.6890543,-0.023447795,-0.012950418,-0.010946822,0.41383326,0.7097615
CD38,-0.031475425,1.8559096,-0.008098906,-0.015873782,2.9294841,0.3031222,-0.0035038185,-0.023198618,2.3493445,3.3746789,2.9128296,-0.025719723,-0.009225501,-0.017161364,0.27075028,1.2310655
CD40LG,-0.031475425,1.8559096,-0.008098906,-0.015873782,2.9294841,0.3031222,-0.0035038185,-0.023198618,2.3493445,3.3746789,2.9128296,-0.025719723,-0.009225501,-0.017161364,0.27075028,1.2310655
CD5L,-0.031475425,1.8559096,-0.008098906,-0.015873782,2.9294841,0.3031222,-0.0035038185,-0.023198618,2.3493445,3.3746789,2.9128296,-0.025719723,-0.009225501,-0.017161364,0.27075028,1.2310655
CD7,-0.031475425,1.8559096,-0.008098906,-0.015873782,2.9294841,0.3031222,-0.0035038185,-0.023198618,2.3493445,3.3746789,2.9128296,-0.025719723,-0.009225501,-0.017161364,0.27075028,1.2310655
CD79A,-0.031475425,1.8559096,-0.008098906,-0.015873782,2.9294841,0.3031222,-0.0035038185,-0.023198618,2.3493445,3.3746789,2.9128296,-0.025719723,-0.009225501,-0.017161364,0.27075028,1.2310655
CD8A,-0.031475425,1.8559096,-0.008098906,-0.015873782,2.9294841,0.3031222,-0.0035038185,-0.023198618,2.3493445,3.3746789,2.9128296,-0.025719723,-0.009225501,-0.017161364,0.27075028,1.2310655
CDC14B,-0.031475425,1.8559096,-0.008098906,-0.015873782,2.9294841,0.3031222,-0.0035038185,-0.023198618,2.3493445,3.3746789,2.9128296,-0.025719723,-0.009225501,-0.017161364,0.27075028,1.2310655
CDC25C,-0.031475425,1.8559096,-0.008098906,-0.015873782,2.9294841,0.3031222,-0.0035038185,-0.023198618,2.3493445,3.3746789,2.9128296,-0.025719723,-0.009225501,-0.017161364,0.27075028,1.2310655
CDC42-AS1,-0.031475425,1.8559096,-0.008098906,-0.015873782,2.9294841,0.3031222,-0.0035038185,-0.023198618,2.3493445,3.3746789,2.9128296,-0.025719723,-0.009225501,-0.017161364,0.27075028,1.2310655
CDH2,-0.031475425,1.8559096,-0.008098906,-0.015873782,2.9294841,0.3031222,-0.0035038185,-0.023198618,2.3493445,3.3746789,2.9128296,-0.025719723,-0.009225501,-0.017161364,0.27075028,1.2310655
CDHR1,-0.031475425,1.8559096,-0.008098906,-0.015873782,2.9294841,0.3031222,-0.0035038185,-0.023198618,2.3493445,3.3746789,2.9128296,-0.025719723,-0.009225501,-0.017161364,0.27075028,1.2310655
CDHR3,-0.031475425,1.8559096,-0.008098906,-0.015873782,2.9294841,0.3031222,-0.0035038185,-0.023198618,2.3493445,3.3746789,2.9128296,-0.025719723,-0.009225501,-0.017161364,0.27075028,1.2310655
CDK5RAP2,-0.031474877,1.8560315,-0.008100419,-0.015875433,2.9293058,0.30324998,-0.0035018818,-0.023199955,2.3492932,3.3744779,2.912816,-0.025718803,-0.009226253,-0.017160803,0.27083796,1.2312182
CDK9,-0.031475425,1.8559096,-0.008098906,-0.015873782,2.9294841,0.3031222,-0.0035038185,-0.023198618,2.3493445,3.3746789,2.9128296,-0.025719723,-0.009225501,-0.017161364,0.27075028,1.2310655
CDKN1C,-0.031475425,1.8559096,-0.008098906,-0.015873782,2.9294841,0.3031222,-0.0035038185,-0.023198618,2.3493445,3.3746789,2.9128296,-0.025719723,-0.009225501,-0.017161364,0.27075028,1.2310655
CDO1,-0.03148522,1.856916,-0.008101474,-0.015866423,2.9298956,0.3040112,-0.0035024935,-0.023203552,2.3502305,3.3742976,2.9119754,-0.02572195,-0.00922212,-0.017163236,0.27034044,1.2306494
CEACAM21,-0.031475425,1.8559096,-0.008098906,-0.015873782,2.9294841,0.3031222,-0.0035038185,-0.023198618,2.3493445,3.3746789,2.9128296,-0.025719723,-0.009225501,-0.017161364,0.27075028,1.2310655
CEBPD,-0.031472053,1.8558806,-0.008101813,-0.0158728,2.9295986,0.30346358,-0.0035083024,-0.02319637,2.3494844,3.374735,2.9126942,-0.02572029,-0.009224059,-0.017161403,0.27030152,1.2310551
CELF5,-0.030063549,1.9503504,-0.0050285403,-0.011832211,2.4069383,0.22843473,-0.005510435,-0.018847128,2.4735296,3.5667317,2.634074,-0.02707909,-0.005601276,-0.018588584,-0.00096764136,0.9290791
CENPM,-0.031475425,1.8559096,-0.008098906,-0.015873782,2.9294841,0.3031222,-0.0035038185,-0.023198618,2.3493445,3.3746789,2.9128296,-0.025719723,-0.009225501,-0.017161364,0.27075028,1.2310655
CENPV,-0.031475425,1.8559096,-0.008098906,-0.015873782,2.9294841,0.3031222,-0.0035038185,-0.023198618,2.3493445,3.3746789,2.9128296,-0.025719723,-0.009225501,-0.017161364,0.27075028,1.2310655
CEP126,-0.034074977,1.3098423,-0.0087715555,-0.0194718,2.739299,0.2082126,-0.00047216503,-0.024286218,2.1095293,2.8598838,2.533905,-0.023567013,-0.0050060214,-0.017466825,0.5036518,1.0191813
CEP128,-0.031475425,1.8559096,-0.008098906,-0.015873782,2.9294841,0.3031222,-0.0035038185,-0.023198618,2.3493445,3.3746789,2.9128296,-0.025719723,-0.009225501,-0.017161364,0.27075028,1.2310655
CEP19,-0.031475425,1.8559096,-0.008098906,-0.015873782,2.9294841,0.3031222,-0.0035038185,-0.023198618,2.3493445,3.3746789,2.9128296,-0.025719723,-0.009225501,-0.017161364,0.27075028,1.2310655
CEP295,-0.031475425,1.8559096,-0.008098906,-0.015873782,2.9294841,0.3031222,-0.0035038185,-0.023198618,2.3493445,3.3746789,2.9128296,-0.025719723,-0.009225501,-0.017161364,0.27075028,1.2310655
CEP70,-0.031475425,1.8559096,-0.008098906,-0.015873782,2.9294841,0.3031222,-0.0035038185,-0.023198618,2.3493445,3.3746789,2.9128296,-0.025719723,-0.009225501,-0.017161364,0.27075028,1.2310655
CEP97,-0.031475425,1.8559096,-0.008098906,-0.015873782,2.9294841,0.3031222,-0.0035038185,-0.023198618,2.3493445,3.3746789,2.9128296,-0.025719723,-0.009225501,-0.017161364,0.27075028,1.2310655
CERCAM,-0.031475425,1.8559096,-0.008098906,-0.015873782,2.9294841,0.3031222,-0.0035038185,-0.023198618,2.3493445,3.3746789,2.9128296,-0.025719723,-0.009225501,-0.017161364,0.27075028,1.2310655
CERNA1,-0.031475425,1.8559096,-0.008098906,-0.015873782,2.9294841,0.3031222,-0.0035038185,-0.023198618,2.3493445,3.3746789,2.9128296,-0.025719723,-0.009225501,-0.017161364,0.27075028,1.2310655
CFAP36,-0.031475425,1.8559096,-0.008098906,-0.015873782,2.9294841,0.3031222,-0.0035038185,-0.023198618,2.3493445,3.3746789,2.9128296,-0.025719723,-0.009225501,-0.017161364,0.27075028,1.2310655
CFAP44,-0.031469822,1.854997,-0.008106444,-0.015879026,2.9290235,0.30206248,-0.0035053676,-0.0231949,2.3480704,3.3746061,2.9129014,-0.025728822,-0.009222255,-0.017165754,0.27176356,1.2300326
CFAP61,-0.031475425,1.8559096,-0.008098906,-0.015873782,2.9294841,0.3031222,-0.0035038185,-0.023198618,2.3493445,3.3746789,2.9128296,-0.025719723,-0.009225501,-0.017161364,0.27075028,1.2310655
CFAP70,-0.023446675,1.5057278,-0.010914454,-0.012429237,3.01229,0.7005137,-0.0047432235,-0.021108491,2.3187401,2.5381775,2.3214843,-0.022243306,-0.0067004208,-0.009349378,-0.0020455003,1.5225173
CFAP74,-0.031475425,1.8559096,-0.008098906,-0.015873782,2.9294841,0.3031222,-0.0035038185,-0.023198618,2.3493445,3.3746789,2.9128296,-0.025719723,-0.009225501,-0.017161364,0.27075028,1.2310655
CFAP97,-0.031475425,1.8559096,-0.008098906,-0.015873782,2.9294841,0.3031222,-0.0035038185,-0.023198618,2.3493445,3.3746789,2.9128296,-0.025719723,-0.009225501,-0.017161364,0.27075028,1.2310655
CFAP97D2,-0.031478506,1.8553385,-0.0081128515,-0.0158729,2.9310913,0.3027985,-0.0035141045,-0.023208523,2.346136,3.3745625,2.9107852,-0.025703715,-0.009239115,-0.017173517,0.27238,1.230591
CFB,-0.031475425,1.8559096,-0.008098906,-0.015873782,2.9294841,0.3031222,-0.0035038185,-0.023198618,2.3493445,3.3746789,2.9128296,-0.025719723,-0.009225501,-0.017161364,0.27075028,1.2310655
CHAC1,-0.031475425,1.8559096,-0.008098906,-0.015873782,2.9294841,0.3031222,-0.0035038185,-0.023198618,2.3493445,3.3746789,2.9128296,-0.025719723,-0.009225501,-0.017161364,0.27075028,1.2310655
CHD7,-0.031465635,1.8570362,-0.008113194,-0.015855499,2.9299557,0.30276975,-0.0035122966,-0.023202628,2.3477943,3.3744884,2.9130175,-0.025719332,-0.009239676,-0.017143922,0.26992935,1.2290561
CHI3L2,-0.031397272,1.855094,-0.008127585,-0.015854929,2.9252667,0.2997453,-0.0035016686,-0.023219742,2.3492007,3.3754277,2.9079766,-0.02567622,-0.009190563,-0.017089231,0.26541656,1.2321175
CHODL,-0.02713041,1.8234574,-0.009268113,-0.014422719,3.0002592,0.6191577,-0.007723788,-0.023865359,1.8072357,3.3275785,2.5684075,-0.024328375,-0.0057035596,-0.019435827,0.5669256,0.83756053
CHRNA1,-0.03158443,1.8620799,-0.007308835,-0.014232134,2.8047702,0.026449839,-0.0019256611,-0.025338488,2.2191818,3.134564,2.8527677,-0.024618244,-0.00874005,-0.015463663,0.4605323,1.2113067
CHRNA9,-0.031475425,1.8559096,-0.008098906,-0.015873782,2.9294841,0.3031222,-0.0035038185,-0.023198618,2.3493445,3.3746789,2.9128296,-0.025719723,-0.009225501,-0.017161364,0.27075028,1.2310655
CHST10,-0.031475425,1.8559096,-0.008098906,-0.015873782,2.9294841,0.3031222,-0.0035038185,-0.023198618,2.3493445,3.3746789,2.9128296,-0.025719723,-0.009225501,-0.017161364,0.27075028,1.2310655
CHST12,-0.027136836,1.8240168,-0.009266311,-0.014416294,2.9998238,0.6189444,-0.0077284756,-0.023865225,1.8066359,3.3279731,2.5685408,-0.024335403,-0.005698275,-0.019432481,0.5677488,0.8374876
CHTF18,-0.031475425,1.8559096,-0.008098906,-0.015873782,2.9294841,0.3031222,-0.0035038185,-0.023198618,2.3493445,3.3746789,2.9128296,-0.025719723,-0.009225501,-0.017161364,0.27075028,1.2310655
CISH,-0.031475425,1.8559096,-0.008098906,-0.015873782,2.9294841,0.3031222,-0.0035038185,-0.023198618,2.3493445,3.3746789,2.9128296,-0.025719723,-0.009225501,-0.017161364,0.27075028,1.2310655
CKAP2L,-0.031475425,1.8559096,-0.008098906,-0.015873782,2.9294841,0.3031222,-0.0035038185,-0.023198618,2.3493445,3.3746789,2.9128296,-0.025719723,-0.009225501,-0.017161364,0.27075028,1.2310655
CKMT2,-0.031475425,1.8559096,-0.008098906,-0.015873782,2.9294841,0.3031222,-0.0035038185,-0.023198618,2.3493445,3.3746789,2.9128296,-0.025719723,-0.009225501,-0.017161364,0.27075028,1.2310655
CLDN16,-0.031475425,1.8559096,-0.008098906,-0.015873782,2.9294841,0.3031222,-0.0035038185,-0.023198618,2.3493445,3.3746789,2.9128296,-0.025719723,-0.009225501,-0.017161364,0.27075028,1.2310655
CLDN23,-0.031475425,1.8559096,-0.008098906,-0.015873782,2.9294841,0.3031222,-0.0035038185,-0.023198618,2.3493445,3.3746789,2.9128296,-0.025719723,-0.009225501,-0.017161364,0.27075028,1.2310655
CLEC2L,-0.031475425,1.8559096,-0.008098906,-0.015873782,2.9294841,0.3031222,-0.0035038185,-0.023198618,2.3493445,3.3746789,2.9128296,-0.025719723,-0.009225501,-0.017161364,0.27075028,1.2310655
CLIC3,-0.031475425,1.8559096,-0.008098906,-0.015873782,2.9294841,0.3031222,-0.0035038185,-0.023198618,2.3493445,3.3746789,2.9128296,-0.025719723,-0.009225501,-0.017161364,0.27075028,1.2310655
CLIC6,-0.031475425,1.8559096,-0.008098906,-0.015873782,2.9294841,0.3031222,-0.0035038185,-0.023198618,2.3493445,3.3746789,2.9128296,-0.025719723,-0.009225501,-0.017161364,0.27075028,1.2310655
CLSTN1,-0.031475425,1.8559096,-0.008098906,-0.015873782,2.9294841,0.3031222,-0.0035038185,-0.023198618,2.3493445,3.3746789,2.9128296,-0.025719723,-0.009225501,-0.017161364,0.27075028,1.2310655
CLU,-0.031475425,1.8559096,-0.008098906,-0.015873782,2.9294841,0.3031222,-0.0035038185,-0.023198618,2.3493445,3.3746789,2.9128296,-0.025719723,-0.009225501,-0.017161364,0.27075028,1.2310655
CLUAP1,-0.031475425,1.8559096,-0.008098906,-0.015873782,2.9294841,0.3031222,-0.0035038185,-0.023198618,2.3493445,3.3746789,2.9128296,-0.025719723,-0.009225501,-0.017161364,0.27075028,1.2310655
CLYBL,-0.030792687,1.7494881,-0.0027444735,-0.013259403,2.9306023,-0.001019368,-0.0021434242,-0.021285726,2.1149755,3.490083,2.6580083,-0.025158081,-0.008455642,-0.01830693,0.5219057,1.3110136
CMSS1,-0.031475425,1.8559096,-0.008098906,-0.015873782,2.9294841,0.3031222,-0.0035038185,-0.023198618,2.3493445,3.3746789,2.9128296,-0.025719723,-0.009225501,-0.017161364,0.27075028,1.2310655
CNIH3,-0.031475425,1.8559096,-0.008098906,-0.015873782,2.9294841,0.3031222,-0.0035038185,-0.023198618,2.3493445,3.3746789,2.9128296,-0.025719723,-0.009225501,-0.017161364,0.27075028,1.2310655
CNR2,-0.031475425,1.8559096,-0.008098906,-0.015873782,2.9294841,0.3031222,-0.0035038185,-0.023198618,2.3493445,3.3746789,2.9128296,-0.025719723,-0.009225501,-0.017161364,0.27075028,1.2310655
COG6,-0.031475425,1.8559096,-0.008098906,-0.015873782,2.9294841,0.3031222,-0.0035038185,-0.023198618,2.3493445,3.3746789,2.9128296,-0.025719723,-0.009225501,-0.017161364,0.27075028,1.2310655
COIL,-0.023446675,1.5057278,-0.010914454,-0.012429237,3.01229,0.7005137,-0.0047432235,-0.021108491,2.3187401,2.5381775,2.3214843,-0.022243306,-0.0067004208,-0.009349378,-0.0020455003,1.5225173
COL12A1,-0.031407062,1.8539673,-0.008113297,-0.015873212,2.9247952,0.30009767,-0.0034931903,-0.023215732,2.3507512,3.3756182,2.9077888,-0.025676617,-0.009176388,-0.017106673,0.2662375,1.2341269
COLGALT2,-0.031475425,1.8559096,-0.008098906,-0.015873782,2.9294841,0.3031222,-0.0035038185,-0.023198618,2.3493445,3.3746789,2.9128296,-0.025719723,-0.009225501,-0.017161364,0.27075028,1.2310655
COLQ,-0.031475425,1.8559096,-0.008098906,-0.015873782,2.9294841,0.3031222,-0.0035038185,-0.023198618,2.3493445,3.3746789,2.9128296,-0.025719723,-0.009225501,-0.017161364,0.27075028,1.2310655
COMP,-0.031782057,1.7895681,-0.007548159,-0.013040462,2.7666445,0.09522951,-0.0023669817,-0.024154047,2.2860653,2.9797719,2.8070738,-0.022721132,-0.0100912955,-0.014179218,0.3132085,1.0919036
CORO2A,-0.031475425,1.8559096,-0.008098906,-0.015873782,2.9294841,0.3031222,-0.0035038185,-0.023198618,2.3493445,3.3746789,2.9128296,-0.025719723,-0.009225501,-0.017161364,0.27075028,1.2310655
CPLX2,-0.031475425,1.8559096,-0.008098906,-0.015873782,2.9294841,0.3031222,-0.0035038185,-0.023198618,2.3493445,3.3746789,2.9128296,-0.025719723,-0.009225501,-0.017161364,0.27075028,1.2310655
CPLX3,-0.031475425,1.8559096,-0.008098906,-0.015873782,2.9294841,0.3031222,-0.0035038185,-0.023198618,2.3493445,3.3746789,2.9128296,-0.025719723,-0.009225501,-0.017161364,0.27075028,1.2310655
CPNE5,-0.031475425,1.8559096,-0.008098906,-0.015873782,2.9294841,0.3031222,-0.0035038185,-0.023198618,2.3493445,3.3746789,2.9128296,-0.025719723,-0.009225501,-0.017161364,0.27075028,1.2310655
CPNE6,-0.031475425,1.8559096,-0.008098906,-0.015873782,2.9294841,0.3031222,-0.0035038185,-0.023198618,2.3493445,3.3746789,2.9128296,-0.025719723,-0.009225501,-0.017161364,0.27075028,1.2310655
CPT1B,-0.031475425,1.8559096,-0.008098906,-0.015873782,2.9294841,0.3031222,-0.0035038185,-0.023198618,2.3493445,3.3746789,2.9128296,-0.025719723,-0.009225501,-0.017161364,0.27075028,1.2310655
CPVL,-0.031475425,1.8559096,-0.008098906,-0.015873782,2.9294841,0.3031222,-0.0035038185,-0.023198618,2.3493445,3.3746789,2.9128296,-0.025719723,-0.009225501,-0.017161364,0.27075028,1.2310655
CR2,-0.031475425,1.8559096,-0.008098906,-0.015873782,2.9294841,0.3031222,-0.0035038185,-0.023198618,2.3493445,3.3746789,2.9128296,-0.025719723,-0.009225501,-0.017161364,0.27075028,1.2310655
CRADD,-0.031475425,1.8559096,-0.008098906,-0.015873782,2.9294841,0.3031222,-0.0035038185,-0.023198618,2.3493445,3.3746789,2.9128296,-0.025719723,-0.009225501,-0.017161364,0.27075028,1.2310655
CREB5,-0.031336106,1.8682394,-0.008091011,-0.015900359,2.9098003,0.26236624,-0.0035505432,-0.023305863,2.349265,3.3381717,2.8858874,-0.025923567,-0.008982445,-0.017267767,0.25109407,1.2417411
CRHR1,-0.028382199,2.0965915,-0.0034924578,-0.0114103295,2.341128,0.53002936,0.010111883,-0.019163119,1.7902105,3.2282076,2.8522718,-0.019399285,-0.011389754,-0.015177298,0.72129136,0.8042582
CRIM1-DT,-0.031479042,1.8565578,-0.008094439,-0.015850522,2.9291584,0.30217734,-0.0035158442,-0.023199067,2.3488176,3.372274,2.9131968,-0.025695981,-0.009237748,-0.01716957,0.27049872,1.2310017
CRIP2,-0.031412736,1.8543249,-0.008102601,-0.015863054,2.9241862,0.30067077,-0.0035025578,-0.02318954,2.3492918,3.3772213,2.9065022,-0.025673827,-0.009182915,-0.01710109,0.26642564,1.2340635
CRISPLD1,-0.031480778,1.8563311,-0.008090217,-0.01586424,2.929058,0.30350384,-0.0035124028,-0.023174724,2.3478067,3.37618,2.9114192,-0.025716892,-0.0092306705,-0.017155621,0.27089724,1.2311937
CRTAM,-0.031475425,1.8559096,-0.008098906,-0.015873782,2.9294841,0.3031222,-0.0035038185,-0.023198618,2.3493445,3.3746789,2.9128296,-0.025719723,-0.009225501,-0.017161364,0.27075028,1.2310655
CRTC1,-0.031475425,1.8559096,-0.008098906,-0.015873782,2.9294841,0.3031222,-0.0035038185,-0.023198618,2.3493445,3.3746789,2.9128296,-0.025719723,-0.009225501,-0.017161364,0.27075028,1.2310655
CRYBB1,-0.031475425,1.8559096,-0.008098906,-0.015873782,2.9294841,0.3031222,-0.0035038185,-0.023198618,2.3493445,3.3746789,2.9128296,-0.025719723,-0.009225501,-0.017161364,0.27075028,1.2310655
CSF3R,-0.031475425,1.8559096,-0.008098906,-0.015873782,2.9294841,0.3031222,-0.0035038185,-0.023198618,2.3493445,3.3746789,2.9128296,-0.025719723,-0.009225501,-0.017161364,0.27075028,1.2310655
CSRNP2,-0.031475425,1.8559096,-0.008098906,-0.015873782,2.9294841,0.3031222,-0.0035038185,-0.023198618,2.3493445,3.3746789,2.9128296,-0.025719723,-0.009225501,-0.017161364,0.27075028,1.2310655
CST7,-0.031469002,1.8553501,-0.008100709,-0.01588021,2.9299195,0.30333546,-0.0034991305,-0.02319875,2.3499444,3.3742843,2.9126964,-0.025712695,-0.009230786,-0.017164707,0.26992708,1.2311385
CSTF3-DT,-0.031475425,1.8559096,-0.008098906,-0.015873782,2.9294841,0.3031222,-0.0035038185,-0.023198618,2.3493445,3.3746789,2.9128296,-0.025719723,-0.009225501,-0.017161364,0.27075028,1.2310655
CT70,-0.031475425,1.8559096,-0.008098906,-0.015873782,2.9294841,0.3031222,-0.0035038185,-0.023198618,2.3493445,3.3746789,2.9128296,-0.025719723,-0.009225501,-0.017161364,0.27075028,1.2310655
CTH,-0.031475425,1.8559096,-0.008098906,-0.015873782,2.9294841,0.3031222,-0.0035038185,-0.023198618,2.3493445,3.3746789,2.9128296,-0.025719723,-0.009225501,-0.017161364,0.27075028,1.2310655
CTLA4,-0.031475425,1.8559096,-0.008098906,-0.015873782,2.9294841,0.3031222,-0.0035038185,-0.023198618,2.3493445,3.3746789,2.9128296,-0.025719723,-0.009225501,-0.017161364,0.27075028,1.2310655
CTNND2,-0.031475425,1.8559096,-0.008098906,-0.015873782,2.9294841,0.3031222,-0.0035038185,-0.023198618,2.3493445,3.3746789,2.9128296,-0.025719723,-0.009225501,-0.017161364,0.27075028,1.2310655
CTRB1,-0.031475425,1.8559096,-0.008098906,-0.015873782,2.9294841,0.3031222,-0.0035038185,-0.023198618,2.3493445,3.3746789,2.9128296,-0.025719723,-0.009225501,-0.017161364,0.27075028,1.2310655
CTSW,-0.034074977,1.3098423,-0.0087715555,-0.0194718,2.739299,0.2082126,-0.00047216503,-0.024286218,2.1095293,2.8598838,2.533905,-0.023567013,-0.0050060214,-0.017466825,0.5036518,1.0191813
CUBN,-0.023446675,1.5057278,-0.010914454,-0.012429237,3.01229,0.7005137,-0.0047432235,-0.021108491,2.3187401,2.5381775,2.3214843,-0.022243306,-0.0067004208,-0.009349378,-0.0020455003,1.5225173
CWF19L1,-0.031475425,1.8559096,-0.008098906,-0.015873782,2.9294841,0.3031222,-0.0035038185,-0.023198618,2.3493445,3.3746789,2.9128296,-0.025719723,-0.009225501,-0.017161364,0.27075028,1.2310655
CXCL10,-0.031475425,1.8559096,-0.008098906,-0.015873782,2.9294841,0.3031222,-0.0035038185,-0.023198618,2.3493445,3.3746789,2.9128296,-0.025719723,-0.009225501,-0.017161364,0.27075028,1.2310655
CXCL3,-0.031458575,1.8564616,-0.008108636,-0.015889112,2.9301527,0.30349657,-0.0034956473,-0.023181153,2.3501375,3.3738346,2.9119534,-0.025723262,-0.0092122825,-0.017176848,0.27019,1.231846
CXCL8,-0.031475425,1.8559096,-0.008098906,-0.015873782,2.9294841,0.3031222,-0.0035038185,-0.023198618,2.3493445,3.3746789,2.9128296,-0.025719723,-0.009225501,-0.017161364,0.27075028,1.2310655
CXCR5,-0.031475425,1.8559096,-0.008098906,-0.015873782,2.9294841,0.3031222,-0.0035038185,-0.023198618,2.3493445,3.3746789,2.9128296,-0.025719723,-0.009225501,-0.017161364,0.27075028,1.2310655
CXXC4,-0.026801094,1.9635823,-0.0050175968,-0.019113362,2.3194375,0.40429926,-6.0457063e-05,-0.016353551,2.7063785,2.8792105,2.5543191,-0.026574897,-0.010913961,-0.01393463,-0.002243994,1.3196925
CYB561D1,-0.031475425,1.8559096,-0.008098906,-0.015873782,2.9294841,0.3031222,-0.0035038185,-0.023198618,2.3493445,3.3746789,2.9128296,-0.025719723,-0.009225501,-0.017161364,0.27075028,1.2310655
CYP4F22,-0.031475425,1.8559096,-0.008098906,-0.015873782,2.9294841,0.3031222,-0.0035038185,-0.023198618,2.3493445,3.3746789,2.9128296,-0.025719723,-0.009225501,-0.017161364,0.27075028,1.2310655
CYP51A1-AS1,-0.031475425,1.8559096,-0.008098906,-0.015873782,2.9294841,0.3031222,-0.0035038185,-0.023198618,2.3493445,3.3746789,2.9128296,-0.025719723,-0.009225501,-0.017161364,0.27075028,1.2310655
D2HGDH,-0.031475425,1.8559096,-0.008098906,-0.015873782,2.9294841,0.3031222,-0.0035038185,-0.023198618,2.3493445,3.3746789,2.9128296,-0.025719723,-0.009225501,-0.017161364,0.27075028,1.2310655
DAPK2,-0.031475425,1.8559096,-0.008098906,-0.015873782,2.9294841,0.3031222,-0.0035038185,-0.023198618,2.3493445,3.3746789,2.9128296,-0.025719723,-0.009225501,-0.017161364,0.27075028,1.2310655
DBN1,-0.031475425,1.8559096,-0.008098906,-0.015873782,2.9294841,0.3031222,-0.0035038185,-0.023198618,2.3493445,3.3746789,2.9128296,-0.025719723,-0.009225501,-0.017161364,0.27075028,1.2310655
DCAF10,-0.031479042,1.8565578,-0.008094439,-0.015850522,2.9291584,0.30217734,-0.0035158442,-0.023199067,2.3488176,3.372274,2.9131968,-0.025695981,-0.009237748,-0.01716957,0.27049872,1.2310017
DCAKD,-0.031666953,1.7827744,-0.008338027,-0.014687919,2.8916109,0.37230656,-0.0039412347,-0.022012012,2.4169064,3.2195942,2.8671265,-0.023815632,-0.010583389,-0.015880423,0.12264434,1.1115438
DCDC2,-0.031475425,1.8559096,-0.008098906,-0.015873782,2.9294841,0.3031222,-0.0035038185,-0.023198618,2.3493445,3.3746789,2.9128296,-0.025719723,-0.009225501,-0.017161364,0.27075028,1.2310655
DCLK3,-0.031475425,1.8559096,-0.008098906,-0.015873782,2.9294841,0.3031222,-0.0035038185,-0.023198618,2.3493445,3.3746789,2.9128296,-0.025719723,-0.009225501,-0.017161364,0.27075028,1.2310655
DDB2,-0.034074977,1.3098423,-0.0087715555,-0.0194718,2.739299,0.2082126,-0.00047216503,-0.024286218,2.1095293,2.8598838,2.533905,-0.023567013,-0.0050060214,-0.017466825,0.5036518,1.0191813
DDX50,-0.031475425,1.8559096,-0.008098906,-0.015873782,2.9294841,0.3031222,-0.0035038185,-0.023198618,2.3493445,3.3746789,2.9128296,-0.025719723,-0.009225501,-0.017161364,0.27075028,1.2310655
DENND1C,-0.031475425,1.8559096,-0.008098906,-0.015873782,2.9294841,0.3031222,-0.0035038185,-0.023198618,2.3493445,3.3746789,2.9128296,-0.025719723,-0.009225501,-0.017161364,0.27075028,1.2310655
DENND2C,-0.031349096,1.8692912,-0.008090659,-0.015894016,2.9100711,0.2628599,-0.0035447895,-0.023313189,2.3500109,3.3376865,2.8851335,-0.025925493,-0.00898019,-0.017269738,0.25110778,1.2413492
DENND2D,-0.031475425,1.8559096,-0.008098906,-0.015873782,2.9294841,0.3031222,-0.0035038185,-0.023198618,2.3493445,3.3746789,2.9128296,-0.025719723,-0.009225501,-0.017161364,0.27075028,1.2310655
DENND6A-DT,-0.031467874,1.8566695,-0.008086521,-0.01586074,2.9296646,0.30242714,-0.0035120873,-0.023198945,2.349007,3.37293,2.9140284,-0.025701502,-0.009232426,-0.017166106,0.27152255,1.2314482
DGCR8,-0.031475425,1.8559096,-0.008098906,-0.015873782,2.9294841,0.3031222,-0.0035038185,-0.023198618,2.3493445,3.3746789,2.9128296,-0.025719723,-0.009225501,-0.017161364,0.27075028,1.2310655
DGKH,-0.031475425,1.8559096,-0.008098906,-0.015873782,2.9294841,0.3031222,-0.0035038185,-0.023198618,2.3493445,3.3746789,2.9128296,-0.025719723,-0.009225501,-0.017161364,0.27075028,1.2310655
DHDH,-0.031475425,1.8559096,-0.008098906,-0.015873782,2.9294841,0.3031222,-0.0035038185,-0.023198618,2.3493445,3.3746789,2.9128296,-0.025719723,-0.009225501,-0.017161364,0.27075028,1.2310655
DHH,-0.031469822,1.854997,-0.008106444,-0.015879026,2.9290235,0.30206248,-0.0035053676,-0.0231949,2.3480704,3.3746061,2.9129014,-0.025728822,-0.009222255,-0.017165754,0.27176356,1.2300326
DHX16,-0.031475425,1.8559096,-0.008098906,-0.015873782,2.9294841,0.3031222,-0.0035038185,-0.023198618,2.3493445,3.3746789,2.9128296,-0.025719723,-0.009225501,-0.017161364,0.27075028,1.2310655
DHX30,-0.031475425,1.8559096,-0.008098906,-0.015873782,2.9294841,0.3031222,-0.0035038185,-0.023198618,2.3493445,3.3746789,2.9128296,-0.025719723,-0.009225501,-0.017161364,0.27075028,1.2310655
DIAPH3,-0.031475425,1.8559096,-0.008098906,-0.015873782,2.9294841,0.3031222,-0.0035038185,-0.023198618,2.3493445,3.3746789,2.9128296,-0.025719723,-0.009225501,-0.017161364,0.27075028,1.2310655
DIP2C,-0.031475425,1.8559096,-0.008098906,-0.015873782,2.9294841,0.3031222,-0.0035038185,-0.023198618,2.3493445,3.3746789,2.9128296,-0.025719723,-0.009225501,-0.017161364,0.27075028,1.2310655
DIRC3,-0.031475425,1.8559096,-0.008098906,-0.015873782,2.9294841,0.3031222,-0.0035038185,-0.023198618,2.3493445,3.3746789,2.9128296,-0.025719723,-0.009225501,-0.017161364,0.27075028,1.2310655
DISP1,-0.031475425,1.8559096,-0.008098906,-0.015873782,2.9294841,0.3031222,-0.0035038185,-0.023198618,2.3493445,3.3746789,2.9128296,-0.025719723,-0.009225501,-0.017161364,0.27075028,1.2310655
DISP3,-0.031475425,1.8559096,-0.008098906,-0.015873782,2.9294841,0.3031222,-0.0035038185,-0.023198618,2.3493445,3.3746789,2.9128296,-0.025719723,-0.009225501,-0.017161364,0.27075028,1.2310655
DLEU7,-0.031475425,1.8559096,-0.008098906,-0.015873782,2.9294841,0.3031222,-0.0035038185,-0.023198618,2.3493445,3.3746789,2.9128296,-0.025719723,-0.009225501,-0.017161364,0.27075028,1.2310655
DLG1-AS1,-0.031475425,1.8559096,-0.008098906,-0.015873782,2.9294841,0.3031222,-0.0035038185,-0.023198618,2.3493445,3.3746789,2.9128296,-0.025719723,-0.009225501,-0.017161364,0.27075028,1.2310655
DLGAP1-AS1,-0.031475425,1.8559096,-0.008098906,-0.015873782,2.9294841,0.3031222,-0.0035038185,-0.023198618,2.3493445,3.3746789,2.9128296,-0.025719723,-0.009225501,-0.017161364,0.27075028,1.2310655
DLL3,-0.031475425,1.8559096,-0.008098906,-0.015873782,2.9294841,0.3031222,-0.0035038185,-0.023198618,2.3493445,3.3746789,2.9128296,-0.025719723,-0.009225501,-0.017161364,0.27075028,1.2310655
DLX2-DT,-0.031475425,1.8559096,-0.008098906,-0.015873782,2.9294841,0.3031222,-0.0035038185,-0.023198618,2.3493445,3.3746789,2.9128296,-0.025719723,-0.009225501,-0.017161364,0.27075028,1.2310655
DNAAF2,-0.031474877,1.8560315,-0.008100419,-0.015875433,2.9293058,0.30324998,-0.0035018818,-0.023199955,2.3492932,3.3744779,2.912816,-0.025718803,-0.009226253,-0.017160803,0.27083796,1.2312182
DNAH5,-0.031590853,1.8626393,-0.0073070326,-0.014225706,2.8043349,0.026236514,-0.0019303489,-0.025338355,2.218582,3.1349585,2.852901,-0.024625272,-0.008734765,-0.015460319,0.4613555,1.2112337
DNAH6,-0.031475425,1.8559096,-0.008098906,-0.015873782,2.9294841,0.3031222,-0.0035038185,-0.023198618,2.3493445,3.3746789,2.9128296,-0.025719723,-0.009225501,-0.017161364,0.27075028,1.2310655
DNAH7,-0.031475425,1.8559096,-0.008098906,-0.015873782,2.9294841,0.3031222,-0.0035038185,-0.023198618,2.3493445,3.3746789,2.9128296,-0.025719723,-0.009225501,-0.017161364,0.27075028,1.2310655
DNAJC18,-0.031474877,1.8560315,-0.008100419,-0.015875433,2.9293058,0.30324998,-0.0035018818,-0.023199955,2.3492932,3.3744779,2.912816,-0.025718803,-0.009226253,-0.017160803,0.27083796,1.2312182
DNAJC22,-0.031590853,1.8626393,-0.0073070326,-0.014225706,2.8043349,0.026236514,-0.0019303489,-0.025338355,2.218582,3.1349585,2.852901,-0.024625272,-0.008734765,-0.015460319,0.4613555,1.2112337
DNAJC24,-0.031475425,1.8559096,-0.008098906,-0.015873782,2.9294841,0.3031222,-0.0035038185,-0.023198618,2.3493445,3.3746789,2.9128296,-0.025719723,-0.009225501,-0.017161364,0.27075028,1.2310655
DNAJC28,-0.031486593,1.8557979,-0.008106825,-0.015863566,2.9289782,0.3028724,-0.0035075753,-0.02319874,2.3491552,3.3740227,2.911998,-0.025714202,-0.009230822,-0.017164828,0.26972646,1.2306191
DNAJC3-DT,-0.031475425,1.8559096,-0.008098906,-0.015873782,2.9294841,0.3031222,-0.0035038185,-0.023198618,2.3493445,3.3746789,2.9128296,-0.025719723,-0.009225501,-0.017161364,0.27075028,1.2310655
DNAJC6,-0.031475425,1.8559096,-0.008098906,-0.015873782,2.9294841,0.3031222,-0.0035038185,-0.023198618,2.3493445,3.3746789,2.9128296,-0.025719723,-0.009225501,-0.017161364,0.27075028,1.2310655
DNMT3A,-0.030803854,1.7493764,-0.0027523919,-0.013249187,2.9300964,-0.001021866,-0.0021471812,-0.02128585,2.1147861,3.4894269,2.6571765,-0.025152555,-0.008460963,-0.018310394,0.5208819,1.3105671
DPEP1,-0.031475425,1.8559096,-0.008098906,-0.015873782,2.9294841,0.3031222,-0.0035038185,-0.023198618,2.3493445,3.3746789,2.9128296,-0.025719723,-0.009225501,-0.017161364,0.27075028,1.2310655
DPH7,-0.031475425,1.8559096,-0.008098906,-0.015873782,2.9294841,0.3031222,-0.0035038185,-0.023198618,2.3493445,3.3746789,2.9128296,-0.025719723,-0.009225501,-0.017161364,0.27075028,1.2310655
DRC7,-0.031475425,1.8559096,-0.008098906,-0.015873782,2.9294841,0.3031222,-0.0035038185,-0.023198618,2.3493445,3.3746789,2.9128296,-0.025719723,-0.009225501,-0.017161364,0.27075028,1.2310655
DSCAML1,-0.031475425,1.8559096,-0.008098906,-0.015873782,2.9294841,0.3031222,-0.0035038185,-0.023198618,2.3493445,3.3746789,2.9128296,-0.025719723,-0.009225501,-0.017161364,0.27075028,1.2310655
DTD1,-0.031475425,1.8559096,-0.008098906,-0.015873782,2.9294841,0.3031222,-0.0035038185,-0.023198618,2.3493445,3.3746789,2.9128296,-0.025719723,-0.009225501,-0.017161364,0.27075028,1.2310655
DTHD1,-0.031475425,1.8559096,-0.008098906,-0.015873782,2.9294841,0.3031222,-0.0035038185,-0.023198618,2.3493445,3.3746789,2.9128296,-0.025719723,-0.009225501,-0.017161364,0.27075028,1.2310655
DTNB,-0.03145808,1.8577962,-0.008100808,-0.015842456,2.930136,0.3020747,-0.0035205656,-0.023202956,2.3474565,3.3727396,2.9142163,-0.025701113,-0.009246601,-0.017148664,0.27070162,1.2294388
DTX3,-0.031475425,1.8559096,-0.008098906,-0.015873782,2.9294841,0.3031222,-0.0035038185,-0.023198618,2.3493445,3.3746789,2.9128296,-0.025719723,-0.009225501,-0.017161364,0.27075028,1.2310655
DUSP16,-0.031475425,1.8559096,-0.008098906,-0.015873782,2.9294841,0.3031222,-0.0035038185,-0.023198618,2.3493445,3.3746789,2.9128296,-0.025719723,-0.009225501,-0.017161364,0.27075028,1.2310655
DUSP19,-0.031475425,1.8559096,-0.008098906,-0.015873782,2.9294841,0.3031222,-0.0035038185,-0.023198618,2.3493445,3.3746789,2.9128296,-0.025719723,-0.009225501,-0.017161364,0.27075028,1.2310655
DVL1,-0.031475425,1.8559096,-0.008098906,-0.015873782,2.9294841,0.3031222,-0.0035038185,-0.023198618,2.3493445,3.3746789,2.9128296,-0.025719723,-0.009225501,-0.017161364,0.27075028,1.2310655
DYNC2H1,-0.031478506,1.8553385,-0.0081128515,-0.0158729,2.9310913,0.3027985,-0.0035141045,-0.023208523,2.346136,3.3745625,2.9107852,-0.025703715,-0.009239115,-0.017173517,0.27238,1.230591
DYNLRB2,-0.031407062,1.8539673,-0.008113297,-0.015873212,2.9247952,0.30009767,-0.0034931903,-0.023215732,2.3507512,3.3756182,2.9077888,-0.025676617,-0.009176388,-0.017106673,0.2662375,1.2341269
DZIP3,-0.031475425,1.8559096,-0.008098906,-0.015873782,2.9294841,0.3031222,-0.0035038185,-0.023198618,2.3493445,3.3746789,2.9128296,-0.025719723,-0.009225501,-0.017161364,0.27075028,1.2310655
E4F1,-0.031469002,1.8553501,-0.008100709,-0.01588021,2.9299195,0.30333546,-0.0034991305,-0.02319875,2.3499444,3.3742843,2.9126964,-0.025712695,-0.009230786,-0.017164707,0.26992708,1.2311385
EBF1,-0.031475425,1.8559096,-0.008098906,-0.015873782,2.9294841,0.3031222,-0.0035038185,-0.023198618,2.3493445,3.3746789,2.9128296,-0.025719723,-0.009225501,-0.017161364,0.27075028,1.2310655
EBF2,-0.031475425,1.8559096,-0.008098906,-0.015873782,2.9294841,0.3031222,-0.0035038185,-0.023198618,2.3493445,3.3746789,2.9128296,-0.025719723,-0.009225501,-0.017161364,0.27075028,1.2310655
EBF3,-0.029042615,1.307198,-0.012907376,-0.011162886,2.1797936,0.017672645,-0.004400254,-0.025513977,1.5255251,2.7885387,2.6890678,-0.023448719,-0.012949664,-0.010947382,0.41374564,0.70960885
EDA,-0.031475425,1.8559096,-0.008098906,-0.015873782,2.9294841,0.3031222,-0.0035038185,-0.023198618,2.3493445,3.3746789,2.9128296,-0.025719723,-0.009225501,-0.017161364,0.27075028,1.2310655
EDAR,-0.031475425,1.8559096,-0.008098906,-0.015873782,2.9294841,0.3031222,-0.0035038185,-0.023198618,2.3493445,3.3746789,2.9128296,-0.025719723,-0.009225501,-0.017161364,0.27075028,1.2310655
EDN2,-0.031666633,1.7828383,-0.008340033,-0.014688535,2.8917937,0.3721151,-0.0039404514,-0.02201431,2.416828,3.2194922,2.8670027,-0.023815589,-0.01058203,-0.015880264,0.122603156,1.1117353
EEF1AKMT1,-0.03147517,1.8555561,-0.008099716,-0.015873434,2.929215,0.30332246,-0.0035020171,-0.023201777,2.3488286,3.374197,2.9122941,-0.025724964,-0.009224802,-0.017156124,0.2703023,1.231308
EFHD1,-0.029042615,1.307198,-0.012907376,-0.011162886,2.1797936,0.017672645,-0.004400254,-0.025513977,1.5255251,2.7885387,2.6890678,-0.023448719,-0.012949664,-0.010947382,0.41374564,0.70960885
EFNA5,-0.031475425,1.8559096,-0.008098906,-0.015873782,2.9294841,0.3031222,-0.0035038185,-0.023198618,2.3493445,3.3746789,2.9128296,-0.025719723,-0.009225501,-0.017161364,0.27075028,1.2310655
EIF1B-AS1,-0.031475425,1.8559096,-0.008098906,-0.015873782,2.9294841,0.3031222,-0.0035038185,-0.023198618,2.3493445,3.3746789,2.9128296,-0.025719723,-0.009225501,-0.017161364,0.27075028,1.2310655
EIF2AK3-DT,-0.031486593,1.8557979,-0.008106825,-0.015863566,2.9289782,0.3028724,-0.0035075753,-0.02319874,2.3491552,3.3740227,2.911998,-0.025714202,-0.009230822,-0.017164828,0.26972646,1.2306191
EIF3J-DT,-0.031475425,1.8559096,-0.008098906,-0.015873782,2.9294841,0.3031222,-0.0035038185,-0.023198618,2.3493445,3.3746789,2.9128296,-0.025719723,-0.009225501,-0.017161364,0.27075028,1.2310655
ELOVL2-AS1,-0.031475425,1.8559096,-0.008098906,-0.015873782,2.9294841,0.3031222,-0.0035038185,-0.023198618,2.3493445,3.3746789,2.9128296,-0.025719723,-0.009225501,-0.017161364,0.27075028,1.2310655
ELP1,-0.031407062,1.8539673,-0.008113297,-0.015873212,2.9247952,0.30009767,-0.0034931903,-0.023215732,2.3507512,3.3756182,2.9077888,-0.025676617,-0.009176388,-0.017106673,0.2662375,1.2341269
EML2,-0.031475425,1.8559096,-0.008098906,-0.015873782,2.9294841,0.3031222,-0.0035038185,-0.023198618,2.3493445,3.3746789,2.9128296,-0.025719723,-0.009225501,-0.017161364,0.27075028,1.2310655
EML5,-0.034058128,1.3103944,-0.008781286,-0.019487128,2.7399676,0.20858698,-0.00046399384,-0.024268754,2.1103222,2.8590395,2.5330288,-0.02357055,-0.004992802,-0.017482309,0.5030915,1.0199618
ENGASE,-0.031475425,1.8559096,-0.008098906,-0.015873782,2.9294841,0.3031222,-0.0035038185,-0.023198618,2.3493445,3.3746789,2.9128296,-0.025719723,-0.009225501,-0.017161364,0.27075028,1.2310655
ENO1-AS1,-0.030131914,1.9522926,-0.0050141495,-0.01183278,2.4116273,0.23145925,-0.005521063,-0.018830013,2.472123,3.5657923,2.6391146,-0.027122196,-0.005650389,-0.018643273,-0.0009225135,0.9260177
ENO2,-0.031475425,1.8559096,-0.008098906,-0.015873782,2.9294841,0.3031222,-0.0035038185,-0.023198618,2.3493445,3.3746789,2.9128296,-0.025719723,-0.009225501,-0.017161364,0.27075028,1.2310655
ENOSF1,-0.031475425,1.8559096,-0.008098906,-0.015873782,2.9294841,0.3031222,-0.0035038185,-0.023198618,2.3493445,3.3746789,2.9128296,-0.025719723,-0.009225501,-0.017161364,0.27075028,1.2310655
ENPP1,-0.031475425,1.8559096,-0.008098906,-0.015873782,2.9294841,0.3031222,-0.0035038185,-0.023198618,2.3493445,3.3746789,2.9128296,-0.025719723,-0.009225501,-0.017161364,0.27075028,1.2310655
EOMES,-0.031472053,1.8558805,-0.008101813,-0.0158728,2.9295986,0.3034636,-0.0035083024,-0.02319637,2.3494844,3.3747349,2.9126942,-0.02572029,-0.009224059,-0.017161403,0.27030152,1.2310551
EPB41L5,-0.031475425,1.8559096,-0.008098906,-0.015873782,2.9294841,0.3031222,-0.0035038185,-0.023198618,2.3493445,3.3746789,2.9128296,-0.025719723,-0.009225501,-0.017161364,0.27075028,1.2310655
EPHA1-AS1,-0.031467874,1.8566695,-0.008086521,-0.01586074,2.9296646,0.30242714,-0.0035120873,-0.023198945,2.349007,3.37293,2.9140284,-0.025701502,-0.009232426,-0.017166106,0.27152255,1.2314482
EPHA4,-0.031475425,1.8559096,-0.008098906,-0.015873782,2.9294841,0.3031222,-0.0035038185,-0.023198618,2.3493445,3.3746789,2.9128296,-0.025719723,-0.009225501,-0.017161364,0.27075028,1.2310655
EPHA6,-0.031467874,1.8566695,-0.008086521,-0.01586074,2.9296646,0.30242714,-0.0035120873,-0.023198945,2.349007,3.37293,2.9140284,-0.025701502,-0.009232426,-0.017166106,0.27152255,1.2314482
EPHA7,-0.031475425,1.8559096,-0.008098906,-0.015873782,2.9294841,0.3031222,-0.0035038185,-0.023198618,2.3493445,3.3746789,2.9128296,-0.025719723,-0.009225501,-0.017161364,0.27075028,1.2310655
EPHX2,-0.031475425,1.8559096,-0.008098906,-0.015873782,2.9294841,0.3031222,-0.0035038185,-0.023198618,2.3493445,3.3746789,2.9128296,-0.025719723,-0.009225501,-0.017161364,0.27075028,1.2310655
ERAP2,-0.031475425,1.8559096,-0.008098906,-0.015873782,2.9294841,0.3031222,-0.0035038185,-0.023198618,2.3493445,3.3746789,2.9128296,-0.025719723,-0.009225501,-0.017161364,0.27075028,1.2310655
ERBB2,-0.031475425,1.8559096,-0.008098906,-0.015873782,2.9294841,0.3031222,-0.0035038185,-0.023198618,2.3493445,3.3746789,2.9128296,-0.025719723,-0.009225501,-0.017161364,0.27075028,1.2310655
ERCC5,-0.031475425,1.8559096,-0.008098906,-0.015873782,2.9294841,0.3031222,-0.0035038185,-0.023198618,2.3493445,3.3746789,2.9128296,-0.025719723,-0.009225501,-0.017161364,0.27075028,1.2310655
ERCC6L,-0.031485558,1.855039,-0.008116779,-0.015883073,2.9279954,0.30141798,-0.0035314804,-0.023204781,2.348879,3.3743613,2.9113073,-0.025708364,-0.009207767,-0.017145498,0.26722646,1.2309932
EREG,-0.031475425,1.8559096,-0.008098906,-0.015873782,2.9294841,0.3031222,-0.0035038185,-0.023198618,2.3493445,3.3746789,2.9128296,-0.025719723,-0.009225501,-0.017161364,0.27075028,1.2310655
ERFE,-0.031475425,1.8559096,-0.008098906,-0.015873782,2.9294841,0.3031222,-0.0035038185,-0.023198618,2.3493445,3.3746789,2.9128296,-0.025719723,-0.009225501,-0.017161364,0.27075028,1.2310655
ERICH6-AS1,-0.031475425,1.8559096,-0.008098906,-0.015873782,2.9294841,0.3031222,-0.0035038185,-0.023198618,2.3493445,3.3746789,2.9128296,-0.025719723,-0.009225501,-0.017161364,0.27075028,1.2310655
ERLEC1,-0.031475425,1.8559096,-0.008098906,-0.015873782,2.9294841,0.3031222,-0.0035038185,-0.023198618,2.3493445,3.3746789,2.9128296,-0.025719723,-0.009225501,-0.017161364,0.27075028,1.2310655
ERP27,-0.031475425,1.8559096,-0.008098906,-0.015873782,2.9294841,0.3031222,-0.0035038185,-0.023198618,2.3493445,3.3746789,2.9128296,-0.025719723,-0.009225501,-0.017161364,0.27075028,1.2310655
ESR2,-0.031242976,1.8023348,-0.008236766,-0.015536179,2.8899102,0.29443333,-0.003347047,-0.023143891,2.2865744,3.3055665,2.8735757,-0.025130166,-0.009448863,-0.016575795,0.29463556,1.1927994
ETFBKMT,-0.031475425,1.8559096,-0.008098906,-0.015873782,2.9294841,0.3031222,-0.0035038185,-0.023198618,2.3493445,3.3746789,2.9128296,-0.025719723,-0.009225501,-0.017161364,0.27075028,1.2310655
ETNPPL,-0.031475425,1.8559096,-0.008098906,-0.015873782,2.9294841,0.3031222,-0.0035038185,-0.023198618,2.3493445,3.3746789,2.9128296,-0.025719723,-0.009225501,-0.017161364,0.27075028,1.2310655
EVA1C,-0.031475425,1.8559096,-0.008098906,-0.015873782,2.9294841,0.3031222,-0.0035038185,-0.023198618,2.3493445,3.3746789,2.9128296,-0.025719723,-0.009225501,-0.017161364,0.27075028,1.2310655
EWSAT1,-0.031475425,1.8559096,-0.008098906,-0.015873782,2.9294841,0.3031222,-0.0035038185,-0.023198618,2.3493445,3.3746789,2.9128296,-0.025719723,-0.009225501,-0.017161364,0.27075028,1.2310655
EXPH5,-0.031486593,1.8557979,-0.008106825,-0.015863566,2.9289782,0.3028724,-0.0035075753,-0.02319874,2.3491552,3.3740227,2.911998,-0.025714202,-0.009230822,-0.017164828,0.26972646,1.2306191
EZR-AS1,-0.031475425,1.8559096,-0.008098906,-0.015873782,2.9294841,0.3031222,-0.0035038185,-0.023198618,2.3493445,3.3746789,2.9128296,-0.025719723,-0.009225501,-0.017161364,0.27075028,1.2310655
F12,-0.031475425,1.8559096,-0.008098906,-0.015873782,2.9294841,0.3031222,-0.0035038185,-0.023198618,2.3493445,3.3746789,2.9128296,-0.025719723,-0.009225501,-0.017161364,0.27075028,1.2310655
F2R,-0.031475425,1.8559096,-0.008098906,-0.015873782,2.9294841,0.3031222,-0.0035038185,-0.023198618,2.3493445,3.3746789,2.9128296,-0.025719723,-0.009225501,-0.017161364,0.27075028,1.2310655
FAAH2,-0.031475425,1.8559096,-0.008098906,-0.015873782,2.9294841,0.3031222,-0.0035038185,-0.023198618,2.3493445,3.3746789,2.9128296,-0.025719723,-0.009225501,-0.017161364,0.27075028,1.2310655
FAAP100,-0.027136836,1.8240168,-0.009266311,-0.014416294,2.9998238,0.6189444,-0.0077284756,-0.023865225,1.8066359,3.3279731,2.5685408,-0.024335403,-0.005698275,-0.019432481,0.5677488,0.8374876
FAAP24,-0.031475425,1.8559096,-0.008098906,-0.015873782,2.9294841,0.3031222,-0.0035038185,-0.023198618,2.3493445,3.3746789,2.9128296,-0.025719723,-0.009225501,-0.017161364,0.27075028,1.2310655
FABP12,-0.031475425,1.8559096,-0.008098906,-0.015873782,2.9294841,0.3031222,-0.0035038185,-0.023198618,2.3493445,3.3746789,2.9128296,-0.025719723,-0.009225501,-0.017161364,0.27075028,1.2310655
FADS3,-0.031475425,1.8559096,-0.008098906,-0.015873782,2.9294841,0.3031222,-0.0035038185,-0.023198618,2.3493445,3.3746789,2.9128296,-0.025719723,-0.009225501,-0.017161364,0.27075028,1.2310655
FAHD2B,-0.031475425,1.8559096,-0.008098906,-0.015873782,2.9294841,0.3031222,-0.0035038185,-0.023198618,2.3493445,3.3746789,2.9128296,-0.025719723,-0.009225501,-0.017161364,0.27075028,1.2310655
FALEC,-0.031475425,1.8559096,-0.008098906,-0.015873782,2.9294841,0.3031222,-0.0035038185,-0.023198618,2.3493445,3.3746789,2.9128296,-0.025719723,-0.009225501,-0.017161364,0.27075028,1.2310655
FAM110D,-0.031475425,1.8559096,-0.008098906,-0.015873782,2.9294841,0.3031222,-0.0035038185,-0.023198618,2.3493445,3.3746789,2.9128296,-0.025719723,-0.009225501,-0.017161364,0.27075028,1.2310655
FAM161B,-0.030792687,1.7494881,-0.0027444735,-0.013259403,2.9306023,-0.001019368,-0.0021434242,-0.021285726,2.1149755,3.490083,2.6580083,-0.025158081,-0.008455642,-0.01830693,0.5219057,1.3110136
FAM166B,-0.031475425,1.8559096,-0.008098906,-0.015873782,2.9294841,0.3031222,-0.0035038185,-0.023198618,2.3493445,3.3746789,2.9128296,-0.025719723,-0.009225501,-0.017161364,0.27075028,1.2310655
FAM166C,-0.031475425,1.8559096,-0.008098906,-0.015873782,2.9294841,0.3031222,-0.0035038185,-0.023198618,2.3493445,3.3746789,2.9128296,-0.025719723,-0.009225501,-0.017161364,0.27075028,1.2310655
FAM170B,-0.031475425,1.8559096,-0.008098906,-0.015873782,2.9294841,0.3031222,-0.0035038185,-0.023198618,2.3493445,3.3746789,2.9128296,-0.025719723,-0.009225501,-0.017161364,0.27075028,1.2310655
FAM182A,-0.03147575,1.8558457,-0.008096901,-0.015873168,2.9293013,0.30331364,-0.0035046015,-0.02319632,2.349423,3.374781,2.9129534,-0.025719766,-0.009226859,-0.017161522,0.27079147,1.230874
FAM184A,-0.02865178,2.0470111,-0.00398382,-0.010992918,2.3989716,0.5683776,-0.00034354642,-0.01882079,1.8254774,3.2885199,2.8303719,-0.019622121,-0.0112637235,-0.014684963,0.6694983,0.79910886
FAM185A,-0.031475425,1.8559096,-0.008098906,-0.015873782,2.9294841,0.3031222,-0.0035038185,-0.023198618,2.3493445,3.3746789,2.9128296,-0.025719723,-0.009225501,-0.017161364,0.27075028,1.2310655
FAM222B,-0.029042615,1.307198,-0.012907376,-0.011162886,2.1797936,0.017672645,-0.004400254,-0.025513977,1.5255251,2.7885387,2.6890678,-0.023448719,-0.012949664,-0.010947382,0.41374564,0.70960885
FAM227B,-0.031475425,1.8559096,-0.008098906,-0.015873782,2.9294841,0.3031222,-0.0035038185,-0.023198618,2.3493445,3.3746789,2.9128296,-0.025719723,-0.009225501,-0.017161364,0.27075028,1.2310655
FAM43A,-0.03148851,1.8555251,-0.008089539,-0.015888762,2.9283044,0.30149278,-0.0034893644,-0.023200795,2.3504481,3.372928,2.911487,-0.025720734,-0.009238552,-0.017152917,0.27027613,1.2320583
FAM83D,-0.031475425,1.8559096,-0.008098906,-0.015873782,2.9294841,0.3031222,-0.0035038185,-0.023198618,2.3493445,3.3746789,2.9128296,-0.025719723,-0.009225501,-0.017161364,0.27075028,1.2310655
FAM86B2,-0.031475425,1.8559096,-0.008098906,-0.015873782,2.9294841,0.3031222,-0.0035038185,-0.023198618,2.3493445,3.3746789,2.9128296,-0.025719723,-0.009225501,-0.017161364,0.27075028,1.2310655
FANK1,-0.031475425,1.8559096,-0.008098906,-0.015873782,2.9294841,0.3031222,-0.0035038185,-0.023198618,2.3493445,3.3746789,2.9128296,-0.025719723,-0.009225501,-0.017161364,0.27075028,1.2310655
FASLG,-0.031475425,1.8559096,-0.008098906,-0.015873782,2.9294841,0.3031222,-0.0035038185,-0.023198618,2.3493445,3.3746789,2.9128296,-0.025719723,-0.009225501,-0.017161364,0.27075028,1.2310655
FAT4,-0.030792687,1.7494881,-0.0027444735,-0.013259403,2.9306023,-0.001019368,-0.0021434242,-0.021285726,2.1149755,3.490083,2.6580083,-0.025158081,-0.008455642,-0.01830693,0.5219057,1.3110136
FBF1,-0.031475425,1.8559096,-0.008098906,-0.015873782,2.9294841,0.3031222,-0.0035038185,-0.023198618,2.3493445,3.3746789,2.9128296,-0.025719723,-0.009225501,-0.017161364,0.27075028,1.2310655
FBXO16,-0.031475425,1.8559096,-0.008098906,-0.015873782,2.9294841,0.3031222,-0.0035038185,-0.023198618,2.3493445,3.3746789,2.9128296,-0.025719723,-0.009225501,-0.017161364,0.27075028,1.2310655
FBXO32,-0.031475425,1.8559096,-0.008098906,-0.015873782,2.9294841,0.3031222,-0.0035038185,-0.023198618,2.3493445,3.3746789,2.9128296,-0.025719723,-0.009225501,-0.017161364,0.27075028,1.2310655
FBXW4,-0.031469822,1.854997,-0.008106444,-0.015879026,2.9290235,0.30206248,-0.0035053676,-0.0231949,2.3480704,3.3746061,2.9129014,-0.025728822,-0.009222255,-0.017165754,0.27176356,1.2300326
FBXW5,-0.03145673,1.8564247,-0.00810988,-0.015890082,2.9300132,0.30356768,-0.003494845,-0.023181524,2.3502104,3.3739285,2.911897,-0.025723733,-0.009210257,-0.017176304,0.27017573,1.2318441
FCER1A,-0.031475425,1.8559096,-0.008098906,-0.015873782,2.9294841,0.3031222,-0.0035038185,-0.023198618,2.3493445,3.3746789,2.9128296,-0.025719723,-0.009225501,-0.017161364,0.27075028,1.2310655
FCER2,-0.031475425,1.8559096,-0.008098906,-0.015873782,2.9294841,0.3031222,-0.0035038185,-0.023198618,2.3493445,3.3746789,2.9128296,-0.025719723,-0.009225501,-0.017161364,0.27075028,1.2310655
FCF1,-0.03148522,1.856916,-0.008101474,-0.015866423,2.9298956,0.3040112,-0.0035024935,-0.023203552,2.3502305,3.3742976,2.9119754,-0.02572195,-0.00922212,-0.017163236,0.27034044,1.2306494
FCGR3A,-0.031475425,1.8559096,-0.008098906,-0.015873782,2.9294841,0.3031222,-0.0035038185,-0.023198618,2.3493445,3.3746789,2.9128296,-0.025719723,-0.009225501,-0.017161364,0.27075028,1.2310655
FCMR,-0.031475425,1.8559096,-0.008098906,-0.015873782,2.9294841,0.3031222,-0.0035038185,-0.023198618,2.3493445,3.3746789,2.9128296,-0.025719723,-0.009225501,-0.017161364,0.27075028,1.2310655
FCN1,-0.031475425,1.8559096,-0.008098906,-0.015873782,2.9294841,0.3031222,-0.0035038185,-0.023198618,2.3493445,3.3746789,2.9128296,-0.025719723,-0.009225501,-0.017161364,0.27075028,1.2310655
FCRL1,-0.031475425,1.8559096,-0.008098906,-0.015873782,2.9294841,0.3031222,-0.0035038185,-0.023198618,2.3493445,3.3746789,2.9128296,-0.025719723,-0.009225501,-0.017161364,0.27075028,1.2310655
FCRL3,-0.031475425,1.8559096,-0.008098906,-0.015873782,2.9294841,0.3031222,-0.0035038185,-0.023198618,2.3493445,3.3746789,2.9128296,-0.025719723,-0.009225501,-0.017161364,0.27075028,1.2310655
FCRL6,-0.031472757,1.8557072,-0.008094578,-0.015873425,2.9290566,0.3026363,-0.0035026984,-0.023198549,2.3490381,3.3749695,2.912435,-0.025712237,-0.009234702,-0.017166728,0.27025354,1.2313015
FGF5,-0.031475425,1.8559096,-0.008098906,-0.015873782,2.9294841,0.3031222,-0.0035038185,-0.023198618,2.3493445,3.3746789,2.9128296,-0.025719723,-0.009225501,-0.017161364,0.27075028,1.2310655
FGF9,-0.031475425,1.8559096,-0.008098906,-0.015873782,2.9294841,0.3031222,-0.0035038185,-0.023198618,2.3493445,3.3746789,2.9128296,-0.025719723,-0.009225501,-0.017161364,0.27075028,1.2310655
FGFBP2,-0.031475425,1.8559096,-0.008098906,-0.015873782,2.9294841,0.3031222,-0.0035038185,-0.023198618,2.3493445,3.3746789,2.9128296,-0.025719723,-0.009225501,-0.017161364,0.27075028,1.2310655
FGFBP3,-0.031475425,1.8559096,-0.008098906,-0.015873782,2.9294841,0.3031222,-0.0035038185,-0.023198618,2.3493445,3.3746789,2.9128296,-0.025719723,-0.009225501,-0.017161364,0.27075028,1.2310655
FHIT,-0.031475425,1.8559096,-0.008098906,-0.015873782,2.9294841,0.3031222,-0.0035038185,-0.023198618,2.3493445,3.3746789,2.9128296,-0.025719723,-0.009225501,-0.017161364,0.27075028,1.2310655
FIBCD1,-0.031475425,1.8559096,-0.008098906,-0.015873782,2.9294841,0.3031222,-0.0035038185,-0.023198618,2.3493445,3.3746789,2.9128296,-0.025719723,-0.009225501,-0.017161364,0.27075028,1.2310655
FILIP1L,-0.031475425,1.8559096,-0.008098906,-0.015873782,2.9294841,0.3031222,-0.0035038185,-0.023198618,2.3493445,3.3746789,2.9128296,-0.025719723,-0.009225501,-0.017161364,0.27075028,1.2310655
FKBP11,-0.031469192,1.8552982,-0.008074602,-0.015858293,2.9279275,0.3052632,-0.0035016362,-0.023206731,2.3471637,3.3723211,2.9134946,-0.025706239,-0.009227169,-0.017154982,0.27185017,1.229245
FLG-AS1,-0.03147517,1.8555561,-0.008099716,-0.015873434,2.929215,0.30332246,-0.0035020171,-0.023201777,2.3488286,3.374197,2.9122941,-0.025724964,-0.009224802,-0.017156124,0.2703023,1.231308
FLNB,-0.027136836,1.8240168,-0.009266311,-0.014416294,2.9998238,0.6189444,-0.0077284756,-0.023865225,1.8066359,3.3279731,2.5685408,-0.024335403,-0.005698275,-0.019432481,0.5677488,0.8374876
FLNC-AS1,-0.031475425,1.8559096,-0.008098906,-0.015873782,2.9294841,0.3031222,-0.0035038185,-0.023198618,2.3493445,3.3746789,2.9128296,-0.025719723,-0.009225501,-0.017161364,0.27075028,1.2310655
FLT3LG,-0.03147517,1.8555561,-0.008099716,-0.015873434,2.929215,0.30332246,-0.0035020171,-0.023201777,2.3488286,3.374197,2.9122941,-0.025724964,-0.009224802,-0.017156124,0.2703023,1.231308
FLT4,-0.031475425,1.8559096,-0.008098906,-0.015873782,2.9294841,0.3031222,-0.0035038185,-0.023198618,2.3493445,3.3746789,2.9128296,-0.025719723,-0.009225501,-0.017161364,0.27075028,1.2310655
FLYWCH1,-0.031475425,1.8559096,-0.008098906,-0.015873782,2.9294841,0.3031222,-0.0035038185,-0.023198618,2.3493445,3.3746789,2.9128296,-0.025719723,-0.009225501,-0.017161364,0.27075028,1.2310655
FMR1-AS1,-0.031475425,1.8559096,-0.008098906,-0.015873782,2.9294841,0.3031222,-0.0035038185,-0.023198618,2.3493445,3.3746789,2.9128296,-0.025719723,-0.009225501,-0.017161364,0.27075028,1.2310655
FOCAD,-0.031475425,1.8559096,-0.008098906,-0.015873782,2.9294841,0.3031222,-0.0035038185,-0.023198618,2.3493445,3.3746789,2.9128296,-0.025719723,-0.009225501,-0.017161364,0.27075028,1.2310655
FOXB1,-0.034074977,1.3098423,-0.0087715555,-0.0194718,2.739299,0.2082126,-0.00047216503,-0.024286218,2.1095293,2.8598838,2.533905,-0.023567013,-0.0050060214,-0.017466825,0.5036518,1.0191813
FOXC1,-0.031475425,1.8559096,-0.008098906,-0.015873782,2.9294841,0.3031222,-0.0035038185,-0.023198618,2.3493445,3.3746789,2.9128296,-0.025719723,-0.009225501,-0.017161364,0.27075028,1.2310655
FOXD2,-0.031475425,1.8559096,-0.008098906,-0.015873782,2.9294841,0.3031222,-0.0035038185,-0.023198618,2.3493445,3.3746789,2.9128296,-0.025719723,-0.009225501,-0.017161364,0.27075028,1.2310655
FOXJ1,-0.03146603,1.8566326,-0.008087764,-0.01586171,2.9295251,0.30249825,-0.0035112852,-0.023199314,2.3490798,3.373024,2.913972,-0.025701975,-0.009230401,-0.017165562,0.27150828,1.2314463
FOXP4-AS1,-0.03158443,1.8620799,-0.007308835,-0.014232134,2.8047702,0.026449839,-0.0019256611,-0.025338488,2.2191818,3.134564,2.8527677,-0.024618244,-0.00874005,-0.015463663,0.4605323,1.2113067
FOXRED2,-0.031475425,1.8559096,-0.008098906,-0.015873782,2.9294841,0.3031222,-0.0035038185,-0.023198618,2.3493445,3.3746789,2.9128296,-0.025719723,-0.009225501,-0.017161364,0.27075028,1.2310655
FRG1-DT,-0.031475425,1.8559096,-0.008098906,-0.015873782,2.9294841,0.3031222,-0.0035038185,-0.023198618,2.3493445,3.3746789,2.9128296,-0.025719723,-0.009225501,-0.017161364,0.27075028,1.2310655
FRMD6-AS2,-0.031475425,1.8559096,-0.008098906,-0.015873782,2.9294841,0.3031222,-0.0035038185,-0.023198618,2.3493445,3.3746789,2.9128296,-0.025719723,-0.009225501,-0.017161364,0.27075028,1.2310655
FXYD1,-0.031475425,1.8559096,-0.008098906,-0.015873782,2.9294841,0.3031222,-0.0035038185,-0.023198618,2.3493445,3.3746789,2.9128296,-0.025719723,-0.009225501,-0.017161364,0.27075028,1.2310655
FZD4-DT,-0.031475425,1.8559096,-0.008098906,-0.015873782,2.9294841,0.3031222,-0.0035038185,-0.023198618,2.3493445,3.3746789,2.9128296,-0.025719723,-0.009225501,-0.017161364,0.27075028,1.2310655
G0S2,-0.031475425,1.8559096,-0.008098906,-0.015873782,2.9294841,0.3031222,-0.0035038185,-0.023198618,2.3493445,3.3746789,2.9128296,-0.025719723,-0.009225501,-0.017161364,0.27075028,1.2310655
GAB2,-0.031475425,1.8559096,-0.008098906,-0.015873782,2.9294841,0.3031222,-0.0035038185,-0.023198618,2.3493445,3.3746789,2.9128296,-0.025719723,-0.009225501,-0.017161364,0.27075028,1.2310655
GABPB2,-0.031475425,1.8559096,-0.008098906,-0.015873782,2.9294841,0.3031222,-0.0035038185,-0.023198618,2.3493445,3.3746789,2.9128296,-0.025719723,-0.009225501,-0.017161364,0.27075028,1.2310655
GADD45A,-0.031475425,1.8559096,-0.008098906,-0.015873782,2.9294841,0.3031222,-0.0035038185,-0.023198618,2.3493445,3.3746789,2.9128296,-0.025719723,-0.009225501,-0.017161364,0.27075028,1.2310655
GALM,-0.031590853,1.8626393,-0.0073070326,-0.014225706,2.8043349,0.026236514,-0.0019303489,-0.025338355,2.218582,3.1349585,2.852901,-0.024625272,-0.008734765,-0.015460319,0.4613555,1.2112337
GALNT12,-0.031475425,1.8559096,-0.008098906,-0.015873782,2.9294841,0.3031222,-0.0035038185,-0.023198618,2.3493445,3.3746789,2.9128296,-0.025719723,-0.009225501,-0.017161364,0.27075028,1.2310655
GALNTL5,-0.027148003,1.8239051,-0.009274229,-0.014406075,2.999318,0.6186946,-0.0077322326,-0.02386535,1.8064466,3.327317,2.5677092,-0.02432988,-0.0057035964,-0.019435946,0.56672496,0.83704114
GALNTL6,-0.031486593,1.8557979,-0.008106825,-0.015863566,2.9289782,0.3028724,-0.0035075753,-0.02319874,2.3491552,3.3740227,2.911998,-0.025714202,-0.009230822,-0.017164828,0.26972646,1.2306191
GAS2,-0.031475425,1.8559096,-0.008098906,-0.015873782,2.9294841,0.3031222,-0.0035038185,-0.023198618,2.3493445,3.3746789,2.9128296,-0.025719723,-0.009225501,-0.017161364,0.27075028,1.2310655
GAS8,-0.031475425,1.8559096,-0.008098906,-0.015873782,2.9294841,0.3031222,-0.0035038185,-0.023198618,2.3493445,3.3746789,2.9128296,-0.025719723,-0.009225501,-0.017161364,0.27075028,1.2310655
GASK1A,-0.031474393,1.8551507,-0.00810886,-0.015893292,2.9285014,0.30166778,-0.0035277235,-0.02320466,2.3490684,3.3750174,2.912139,-0.025713887,-0.009202446,-0.017142035,0.2682503,1.2314396
GATA3,-0.0076327664,0.45737922,-0.0062160757,-0.0056383223,0.8963386,0.48020804,0.03311713,-0.0057867584,0.8980996,0.7272271,0.3226345,-0.0050559947,-0.0053521357,-0.0034850233,-0.0042504533,0.3625915
GBP5,-0.031475425,1.8559096,-0.008098906,-0.015873782,2.9294841,0.3031222,-0.0035038185,-0.023198618,2.3493445,3.3746789,2.9128296,-0.025719723,-0.009225501,-0.017161364,0.27075028,1.2310655
GBX1,-0.031472757,1.8557072,-0.008094578,-0.015873425,2.9290566,0.3026363,-0.0035026984,-0.023198549,2.3490381,3.3749695,2.912435,-0.025712237,-0.009234702,-0.017166728,0.27025354,1.2313015
GCG,-0.025056645,1.4080817,-0.008266316,-0.01753453,2.9541168,0.087179065,-0.0029407025,-0.01757162,2.2793818,3.0951498,2.7463908,-0.019212734,-0.008362729,-0.01843475,0.056422893,1.6515135
GCK,-0.031475425,1.8559096,-0.008098906,-0.015873782,2.9294841,0.3031222,-0.0035038185,-0.023198618,2.3493445,3.3746789,2.9128296,-0.025719723,-0.009225501,-0.017161364,0.27075028,1.2310655
GCNT4,-0.031475425,1.8559096,-0.008098906,-0.015873782,2.9294841,0.3031222,-0.0035038185,-0.023198618,2.3493445,3.3746789,2.9128296,-0.025719723,-0.009225501,-0.017161364,0.27075028,1.2310655
GDF15,-0.031590853,1.8626393,-0.0073070326,-0.014225706,2.8043349,0.026236514,-0.0019303489,-0.025338355,2.218582,3.1349585,2.852901,-0.024625272,-0.008734765,-0.015460319,0.4613555,1.2112337
GDPD5,-0.031475425,1.8559096,-0.008098906,-0.015873782,2.9294841,0.3031222,-0.0035038185,-0.023198618,2.3493445,3.3746789,2.9128296,-0.025719723,-0.009225501,-0.017161364,0.27075028,1.2310655
GEM,-0.031475425,1.8559096,-0.008098906,-0.015873782,2.9294841,0.3031222,-0.0035038185,-0.023198618,2.3493445,3.3746789,2.9128296,-0.025719723,-0.009225501,-0.017161364,0.27075028,1.2310655
GFOD1-AS1,-0.031475425,1.8559096,-0.008098906,-0.015873782,2.9294841,0.3031222,-0.0035038185,-0.023198618,2.3493445,3.3746789,2.9128296,-0.025719723,-0.009225501,-0.017161364,0.27075028,1.2310655
GFPT2,-0.031407062,1.8539673,-0.008113297,-0.015873212,2.9247952,0.30009767,-0.0034931903,-0.023215732,2.3507512,3.3756182,2.9077888,-0.025676617,-0.009176388,-0.017106673,0.2662375,1.2341269
GFRA3,-0.031469002,1.8553501,-0.008100709,-0.01588021,2.9299195,0.30333546,-0.0034991305,-0.02319875,2.3499444,3.3742843,2.9126964,-0.025712695,-0.009230786,-0.017164707,0.26992708,1.2311385
GIMAP5,-0.031475425,1.8559096,-0.008098906,-0.015873782,2.9294841,0.3031222,-0.0035038185,-0.023198618,2.3493445,3.3746789,2.9128296,-0.025719723,-0.009225501,-0.017161364,0.27075028,1.2310655
GIPR,-0.031475425,1.8559096,-0.008098906,-0.015873782,2.9294841,0.3031222,-0.0035038185,-0.023198618,2.3493445,3.3746789,2.9128296,-0.025719723,-0.009225501,-0.017161364,0.27075028,1.2310655
GJA3,-0.031475425,1.8559096,-0.008098906,-0.015873782,2.9294841,0.3031222,-0.0035038185,-0.023198618,2.3493445,3.3746789,2.9128296,-0.025719723,-0.009225501,-0.017161364,0.27075028,1.2310655
GJC3,-0.031475425,1.8559096,-0.008098906,-0.015873782,2.9294841,0.3031222,-0.0035038185,-0.023198618,2.3493445,3.3746789,2.9128296,-0.025719723,-0.009225501,-0.017161364,0.27075028,1.2310655
GLB1L3,-0.029042615,1.307198,-0.012907376,-0.011162886,2.1797936,0.017672645,-0.004400254,-0.025513977,1.5255251,2.7885387,2.6890678,-0.023448719,-0.012949664,-0.010947382,0.41374564,0.70960885
GLI4,-0.031475425,1.8559096,-0.008098906,-0.015873782,2.9294841,0.3031222,-0.0035038185,-0.023198618,2.3493445,3.3746789,2.9128296,-0.025719723,-0.009225501,-0.017161364,0.27075028,1.2310655
GLIPR1L2,-0.031475425,1.8559096,-0.008098906,-0.015873782,2.9294841,0.3031222,-0.0035038185,-0.023198618,2.3493445,3.3746789,2.9128296,-0.025719723,-0.009225501,-0.017161364,0.27075028,1.2310655
GNAL,-0.031475425,1.8559096,-0.008098906,-0.015873782,2.9294841,0.3031222,-0.0035038185,-0.023198618,2.3493445,3.3746789,2.9128296,-0.025719723,-0.009225501,-0.017161364,0.27075028,1.2310655
GNAS-AS1,-0.031475425,1.8559096,-0.008098906,-0.015873782,2.9294841,0.3031222,-0.0035038185,-0.023198618,2.3493445,3.3746789,2.9128296,-0.025719723,-0.009225501,-0.017161364,0.27075028,1.2310655
GNG11,-0.031475425,1.8559096,-0.008098906,-0.015873782,2.9294841,0.3031222,-0.0035038185,-0.023198618,2.3493445,3.3746789,2.9128296,-0.025719723,-0.009225501,-0.017161364,0.27075028,1.2310655
GNG3,-0.031475425,1.8559096,-0.008098906,-0.015873782,2.9294841,0.3031222,-0.0035038185,-0.023198618,2.3493445,3.3746789,2.9128296,-0.025719723,-0.009225501,-0.017161364,0.27075028,1.2310655
GNG7,-0.031469192,1.8552982,-0.008074602,-0.015858293,2.9279275,0.3052632,-0.0035016362,-0.023206731,2.3471637,3.3723211,2.9134946,-0.025706239,-0.009227169,-0.017154982,0.27185017,1.229245
GNMT,-0.031475425,1.8559096,-0.008098906,-0.015873782,2.9294841,0.3031222,-0.0035038185,-0.023198618,2.3493445,3.3746789,2.9128296,-0.025719723,-0.009225501,-0.017161364,0.27075028,1.2310655
GOLGA8A,-0.031475425,1.8559096,-0.008098906,-0.015873782,2.9294841,0.3031222,-0.0035038185,-0.023198618,2.3493445,3.3746789,2.9128296,-0.025719723,-0.009225501,-0.017161364,0.27075028,1.2310655
GOLGA8B,-0.031475425,1.8559096,-0.008098906,-0.015873782,2.9294841,0.3031222,-0.0035038185,-0.023198618,2.3493445,3.3746789,2.9128296,-0.025719723,-0.009225501,-0.017161364,0.27075028,1.2310655
GORAB-AS1,-0.031475425,1.8559096,-0.008098906,-0.015873782,2.9294841,0.3031222,-0.0035038185,-0.023198618,2.3493445,3.3746789,2.9128296,-0.025719723,-0.009225501,-0.017161364,0.27075028,1.2310655
GP1BB,-0.031475425,1.8559096,-0.008098906,-0.015873782,2.9294841,0.3031222,-0.0035038185,-0.023198618,2.3493445,3.3746789,2.9128296,-0.025719723,-0.009225501,-0.017161364,0.27075028,1.2310655
GP5,-0.031475425,1.8559096,-0.008098906,-0.015873782,2.9294841,0.3031222,-0.0035038185,-0.023198618,2.3493445,3.3746789,2.9128296,-0.025719723,-0.009225501,-0.017161364,0.27075028,1.2310655
GPHN,-0.031475425,1.8559096,-0.008098906,-0.015873782,2.9294841,0.3031222,-0.0035038185,-0.023198618,2.3493445,3.3746789,2.9128296,-0.025719723,-0.009225501,-0.017161364,0.27075028,1.2310655
GPM6A,-0.034074977,1.3098423,-0.0087715555,-0.0194718,2.739299,0.2082126,-0.00047216503,-0.024286218,2.1095293,2.8598838,2.533905,-0.023567013,-0.0050060214,-0.017466825,0.5036518,1.0191813
GPR17,-0.02344107,1.5048152,-0.010921991,-0.012434478,3.0118294,0.69945395,-0.004744773,-0.021104772,2.317466,2.538105,2.321556,-0.0222524,-0.0066971746,-0.009353767,-0.0020353675,1.5214844
GPR171,-0.031475425,1.8559096,-0.008098906,-0.015873782,2.9294841,0.3031222,-0.0035038185,-0.023198618,2.3493445,3.3746789,2.9128296,-0.025719723,-0.009225501,-0.017161364,0.27075028,1.2310655
GPR174,-0.031475425,1.8559096,-0.008098906,-0.015873782,2.9294841,0.3031222,-0.0035038185,-0.023198618,2.3493445,3.3746789,2.9128296,-0.025719723,-0.009225501,-0.017161364,0.27075028,1.2310655
GPR63,-0.031475425,1.8559096,-0.008098906,-0.015873782,2.9294841,0.3031222,-0.0035038185,-0.023198618,2.3493445,3.3746789,2.9128296,-0.025719723,-0.009225501,-0.017161364,0.27075028,1.2310655
GPR65,-0.031475425,1.8559096,-0.008098906,-0.015873782,2.9294841,0.3031222,-0.0035038185,-0.023198618,2.3493445,3.3746789,2.9128296,-0.025719723,-0.009225501,-0.017161364,0.27075028,1.2310655
GPR87,-0.030131914,1.9522926,-0.0050141495,-0.01183278,2.4116273,0.23145925,-0.005521063,-0.018830013,2.472123,3.5657923,2.6391146,-0.027122196,-0.005650389,-0.018643273,-0.0009225135,0.9260177
GPR88,-0.031475425,1.8559096,-0.008098906,-0.015873782,2.9294841,0.3031222,-0.0035038185,-0.023198618,2.3493445,3.3746789,2.9128296,-0.025719723,-0.009225501,-0.017161364,0.27075028,1.2310655
GPRACR,-0.031475425,1.8559096,-0.008098906,-0.015873782,2.9294841,0.3031222,-0.0035038185,-0.023198618,2.3493445,3.3746789,2.9128296,-0.025719723,-0.009225501,-0.017161364,0.27075028,1.2310655
GRAP2,-0.031475425,1.8559096,-0.008098906,-0.015873782,2.9294841,0.3031222,-0.0035038185,-0.023198618,2.3493445,3.3746789,2.9128296,-0.025719723,-0.009225501,-0.017161364,0.27075028,1.2310655
GREM2,-0.031475425,1.8559096,-0.008098906,-0.015873782,2.9294841,0.3031222,-0.0035038185,-0.023198618,2.3493445,3.3746789,2.9128296,-0.025719723,-0.009225501,-0.017161364,0.27075028,1.2310655
GRIA4,-0.031475425,1.8559096,-0.008098906,-0.015873782,2.9294841,0.3031222,-0.0035038185,-0.023198618,2.3493445,3.3746789,2.9128296,-0.025719723,-0.009225501,-0.017161364,0.27075028,1.2310655
GRIK4,-0.031475425,1.8559096,-0.008098906,-0.015873782,2.9294841,0.3031222,-0.0035038185,-0.023198618,2.3493445,3.3746789,2.9128296,-0.025719723,-0.009225501,-0.017161364,0.27075028,1.2310655
GSG1,-0.031475425,1.8559096,-0.008098906,-0.015873782,2.9294841,0.3031222,-0.0035038185,-0.023198618,2.3493445,3.3746789,2.9128296,-0.025719723,-0.009225501,-0.017161364,0.27075028,1.2310655
GSTM3,-0.031475425,1.8559096,-0.008098906,-0.015873782,2.9294841,0.3031222,-0.0035038185,-0.023198618,2.3493445,3.3746789,2.9128296,-0.025719723,-0.009225501,-0.017161364,0.27075028,1.2310655
GTDC1,-0.03148851,1.8555251,-0.008089539,-0.015888762,2.9283044,0.30149278,-0.0034893644,-0.023200795,2.3504481,3.372928,2.911487,-0.025720734,-0.009238552,-0.017152917,0.27027613,1.2320583
GTF2H3,-0.031475425,1.8559096,-0.008098906,-0.015873782,2.9294841,0.3031222,-0.0035038185,-0.023198618,2.3493445,3.3746789,2.9128296,-0.025719723,-0.009225501,-0.017161364,0.27075028,1.2310655
GTF3A,-0.031475425,1.8559096,-0.008098906,-0.015873782,2.9294841,0.3031222,-0.0035038185,-0.023198618,2.3493445,3.3746789,2.9128296,-0.025719723,-0.009225501,-0.017161364,0.27075028,1.2310655
GTPBP8,-0.031475425,1.8559096,-0.008098906,-0.015873782,2.9294841,0.3031222,-0.0035038185,-0.023198618,2.3493445,3.3746789,2.9128296,-0.025719723,-0.009225501,-0.017161364,0.27075028,1.2310655
GXYLT2,-0.031475425,1.8559096,-0.008098906,-0.015873782,2.9294841,0.3031222,-0.0035038185,-0.023198618,2.3493445,3.3746789,2.9128296,-0.025719723,-0.009225501,-0.017161364,0.27075028,1.2310655
GYPC,-0.031475425,1.8559096,-0.008098906,-0.015873782,2.9294841,0.3031222,-0.0035038185,-0.023198618,2.3493445,3.3746789,2.9128296,-0.025719723,-0.009225501,-0.017161364,0.27075028,1.2310655
GZMA,-0.031475425,1.8559096,-0.008098906,-0.015873782,2.9294841,0.3031222,-0.0035038185,-0.023198618,2.3493445,3.3746789,2.9128296,-0.025719723,-0.009225501,-0.017161364,0.27075028,1.2310655
GZMB,-0.031475425,1.8559096,-0.008098906,-0.015873782,2.9294841,0.3031222,-0.0035038185,-0.023198618,2.3493445,3.3746789,2.9128296,-0.025719723,-0.009225501,-0.017161364,0.27075028,1.2310655
GZMH,-0.031475425,1.8559096,-0.008098906,-0.015873782,2.9294841,0.3031222,-0.0035038185,-0.023198618,2.3493445,3.3746789,2.9128296,-0.025719723,-0.009225501,-0.017161364,0.27075028,1.2310655
GZMK,-0.031475425,1.8559096,-0.008098906,-0.015873782,2.9294841,0.3031222,-0.0035038185,-0.023198618,2.3493445,3.3746789,2.9128296,-0.025719723,-0.009225501,-0.017161364,0.27075028,1.2310655
GZMM,-0.031475425,1.8559096,-0.008098906,-0.015873782,2.9294841,0.3031222,-0.0035038185,-0.023198618,2.3493445,3.3746789,2.9128296,-0.025719723,-0.009225501,-0.017161364,0.27075028,1.2310655
HABP4,-0.031480778,1.8563311,-0.008090217,-0.01586424,2.929058,0.30350384,-0.0035124028,-0.023174724,2.3478067,3.37618,2.9114192,-0.025716892,-0.0092306705,-0.017155621,0.27089724,1.2311937
HAPLN3,-0.031475425,1.8559096,-0.008098906,-0.015873782,2.9294841,0.3031222,-0.0035038185,-0.023198618,2.3493445,3.3746789,2.9128296,-0.025719723,-0.009225501,-0.017161364,0.27075028,1.2310655
HARBI1,-0.031475425,1.8559096,-0.008098906,-0.015873782,2.9294841,0.3031222,-0.0035038185,-0.023198618,2.3493445,3.3746789,2.9128296,-0.025719723,-0.009225501,-0.017161364,0.27075028,1.2310655
HAS2-AS1,-0.031475425,1.8559096,-0.008098906,-0.015873782,2.9294841,0.3031222,-0.0035038185,-0.023198618,2.3493445,3.3746789,2.9128296,-0.025719723,-0.009225501,-0.017161364,0.27075028,1.2310655
HBQ1,-0.031475425,1.8559096,-0.008098906,-0.015873782,2.9294841,0.3031222,-0.0035038185,-0.023198618,2.3493445,3.3746789,2.9128296,-0.025719723,-0.009225501,-0.017161364,0.27075028,1.2310655
HCG14,-0.031446006,1.8565661,-0.008079412,-0.015891537,2.9312584,0.30523628,-0.0035138552,-0.02320972,2.348716,3.3761027,2.9104512,-0.025697513,-0.009240161,-0.01714692,0.27288628,1.2322782
HCG25,-0.031478506,1.8553385,-0.0081128515,-0.0158729,2.9310913,0.3027985,-0.0035141045,-0.023208523,2.346136,3.3745625,2.9107852,-0.025703715,-0.009239115,-0.017173517,0.27238,1.230591
HCG27,-0.031475425,1.8559096,-0.008098906,-0.015873782,2.9294841,0.3031222,-0.0035038185,-0.023198618,2.3493445,3.3746789,2.9128296,-0.025719723,-0.009225501,-0.017161364,0.27075028,1.2310655
HCP5,-0.025056645,1.4080817,-0.008266316,-0.01753453,2.9541168,0.087179065,-0.0029407025,-0.01757162,2.2793818,3.0951498,2.7463908,-0.019212734,-0.008362729,-0.01843475,0.056422893,1.6515135
HCRT,-0.02680084,1.9632288,-0.005018407,-0.019113014,2.3191683,0.40449953,-5.8655514e-05,-0.01635671,2.7058625,2.8787286,2.5537837,-0.026580138,-0.010913262,-0.013929389,-0.002248474,1.319935
HDAC11-AS1,-0.031205844,1.9054899,-0.0076075443,-0.016291194,2.871641,0.26477396,-0.003059153,-0.023540948,2.3140776,3.3143666,2.9347296,-0.025496887,-0.009351532,-0.017653702,0.32254335,1.2362149
HDAC8,-0.031475425,1.8559096,-0.008098906,-0.015873782,2.9294841,0.3031222,-0.0035038185,-0.023198618,2.3493445,3.3746789,2.9128296,-0.025719723,-0.009225501,-0.017161364,0.27075028,1.2310655
HDAC9,-0.031475425,1.8559096,-0.008098906,-0.015873782,2.9294841,0.3031222,-0.0035038185,-0.023198618,2.3493445,3.3746789,2.9128296,-0.025719723,-0.009225501,-0.017161364,0.27075028,1.2310655
HDHD3,-0.031475425,1.8559096,-0.008098906,-0.015873782,2.9294841,0.3031222,-0.0035038185,-0.023198618,2.3493445,3.3746789,2.9128296,-0.025719723,-0.009225501,-0.017161364,0.27075028,1.2310655
HEG1,-0.031475425,1.8559096,-0.008098906,-0.015873782,2.9294841,0.3031222,-0.0035038185,-0.023198618,2.3493445,3.3746789,2.9128296,-0.025719723,-0.009225501,-0.017161364,0.27075028,1.2310655
HELB,-0.031475425,1.8559096,-0.008098906,-0.015873782,2.9294841,0.3031222,-0.0035038185,-0.023198618,2.3493445,3.3746789,2.9128296,-0.025719723,-0.009225501,-0.017161364,0.27075028,1.2310655
HELLS,-0.031475425,1.8559096,-0.008098906,-0.015873782,2.9294841,0.3031222,-0.0035038185,-0.023198618,2.3493445,3.3746789,2.9128296,-0.025719723,-0.009225501,-0.017161364,0.27075028,1.2310655
HEMK1,-0.031475425,1.8559096,-0.008098906,-0.015873782,2.9294841,0.3031222,-0.0035038185,-0.023198618,2.3493445,3.3746789,2.9128296,-0.025719723,-0.009225501,-0.017161364,0.27075028,1.2310655
HERC2,-0.031475425,1.8559096,-0.008098906,-0.015873782,2.9294841,0.3031222,-0.0035038185,-0.023198618,2.3493445,3.3746789,2.9128296,-0.025719723,-0.009225501,-0.017161364,0.27075028,1.2310655
HERC5,-0.031475425,1.8559096,-0.008098906,-0.015873782,2.9294841,0.3031222,-0.0035038185,-0.023198618,2.3493445,3.3746789,2.9128296,-0.025719723,-0.009225501,-0.017161364,0.27075028,1.2310655
HERC6,-0.031475425,1.8559096,-0.008098906,-0.015873782,2.9294841,0.3031222,-0.0035038185,-0.023198618,2.3493445,3.3746789,2.9128296,-0.025719723,-0.009225501,-0.017161364,0.27075028,1.2310655
HES2,-0.031475425,1.8559096,-0.008098906,-0.015873782,2.9294841,0.3031222,-0.0035038185,-0.023198618,2.3493445,3.3746789,2.9128296,-0.025719723,-0.009225501,-0.017161364,0.27075028,1.2310655
HES7,-0.031475425,1.8559096,-0.008098906,-0.015873782,2.9294841,0.3031222,-0.0035038185,-0.023198618,2.3493445,3.3746789,2.9128296,-0.025719723,-0.009225501,-0.017161364,0.27075028,1.2310655
HEXIM1,-0.03158443,1.8620799,-0.007308835,-0.014232134,2.8047702,0.026449839,-0.0019256611,-0.025338488,2.2191818,3.134564,2.8527677,-0.024618244,-0.00874005,-0.015463663,0.4605323,1.2113067
HHAT,-0.031475425,1.8559096,-0.008098906,-0.015873782,2.9294841,0.3031222,-0.0035038185,-0.023198618,2.3493445,3.3746789,2.9128296,-0.025719723,-0.009225501,-0.017161364,0.27075028,1.2310655
HIBADH,-0.030131914,1.9522926,-0.0050141495,-0.01183278,2.4116273,0.23145925,-0.005521063,-0.018830013,2.472123,3.5657923,2.6391146,-0.027122196,-0.005650389,-0.018643273,-0.0009225135,0.9260177
HIF1A-AS1,-0.031475425,1.8559096,-0.008098906,-0.015873782,2.9294841,0.3031222,-0.0035038185,-0.023198618,2.3493445,3.3746789,2.9128296,-0.025719723,-0.009225501,-0.017161364,0.27075028,1.2310655
HIGD2B,-0.031480778,1.8563311,-0.008090217,-0.01586424,2.929058,0.30350384,-0.0035124028,-0.023174724,2.3478067,3.37618,2.9114192,-0.025716892,-0.0092306705,-0.017155621,0.27089724,1.2311937
HIP1,-0.031475425,1.8559096,-0.008098906,-0.015873782,2.9294841,0.3031222,-0.0035038185,-0.023198618,2.3493445,3.3746789,2.9128296,-0.025719723,-0.009225501,-0.017161364,0.27075028,1.2310655
HIP1R,-0.031475425,1.8559096,-0.008098906,-0.015873782,2.9294841,0.3031222,-0.0035038185,-0.023198618,2.3493445,3.3746789,2.9128296,-0.025719723,-0.009225501,-0.017161364,0.27075028,1.2310655
HIPK1-AS1,-0.031407062,1.8539673,-0.008113297,-0.015873212,2.9247952,0.30009767,-0.0034931903,-0.023215732,2.3507512,3.3756182,2.9077888,-0.025676617,-0.009176388,-0.017106673,0.2662375,1.2341269
HIVEP3,-0.031475425,1.8559096,-0.008098906,-0.015873782,2.9294841,0.3031222,-0.0035038185,-0.023198618,2.3493445,3.3746789,2.9128296,-0.025719723,-0.009225501,-0.017161364,0.27075028,1.2310655
HKDC1,-0.031475425,1.8559096,-0.008098906,-0.015873782,2.9294841,0.3031222,-0.0035038185,-0.023198618,2.3493445,3.3746789,2.9128296,-0.025719723,-0.009225501,-0.017161364,0.27075028,1.2310655
HLA-DQA1,-0.031458575,1.8564616,-0.008108636,-0.015889112,2.9301527,0.30349657,-0.0034956473,-0.023181153,2.3501375,3.3738346,2.9119534,-0.025723262,-0.0092122825,-0.017176848,0.27019,1.231846
HLA-DQB1,-0.031469192,1.8552982,-0.008074602,-0.015858293,2.9279275,0.3052632,-0.0035016362,-0.023206731,2.3471637,3.3723211,2.9134946,-0.025706239,-0.009227169,-0.017154982,0.27185017,1.229245
HLCS,-0.031474877,1.8560315,-0.008100419,-0.015875433,2.9293058,0.30324998,-0.0035018818,-0.023199955,2.3492932,3.3744779,2.912816,-0.025718803,-0.009226253,-0.017160803,0.27083796,1.2312182
HLTF-AS1,-0.031475425,1.8559096,-0.008098906,-0.015873782,2.9294841,0.3031222,-0.0035038185,-0.023198618,2.3493445,3.3746789,2.9128296,-0.025719723,-0.009225501,-0.017161364,0.27075028,1.2310655
HMCES,-0.031475425,1.8559096,-0.008098906,-0.015873782,2.9294841,0.3031222,-0.0035038185,-0.023198618,2.3493445,3.3746789,2.9128296,-0.025719723,-0.009225501,-0.017161364,0.27075028,1.2310655
HMGA1P4,-0.031475425,1.8559096,-0.008098906,-0.015873782,2.9294841,0.3031222,-0.0035038185,-0.023198618,2.3493445,3.3746789,2.9128296,-0.025719723,-0.009225501,-0.017161364,0.27075028,1.2310655
HMOX2,-0.031480778,1.8563311,-0.008090217,-0.01586424,2.929058,0.30350384,-0.0035124028,-0.023174724,2.3478067,3.37618,2.9114192,-0.025716892,-0.0092306705,-0.017155621,0.27089724,1.2311937
HOMER1,-0.031475425,1.8559096,-0.008098906,-0.015873782,2.9294841,0.3031222,-0.0035038185,-0.023198618,2.3493445,3.3746789,2.9128296,-0.025719723,-0.009225501,-0.017161364,0.27075028,1.2310655
HOOK2,-0.031478506,1.8553385,-0.0081128515,-0.0158729,2.9310913,0.3027985,-0.0035141045,-0.023208523,2.346136,3.3745625,2.9107852,-0.025703715,-0.009239115,-0.017173517,0.27238,1.230591
HOPX,-0.026801094,1.9635823,-0.0050175968,-0.019113362,2.3194375,0.40429926,-6.0457063e-05,-0.016353551,2.7063785,2.8792105,2.5543191,-0.026574897,-0.010913961,-0.01393463,-0.002243994,1.3196925
HOXA13,-0.031475425,1.8559096,-0.008098906,-0.015873782,2.9294841,0.3031222,-0.0035038185,-0.023198618,2.3493445,3.3746789,2.9128296,-0.025719723,-0.009225501,-0.017161364,0.27075028,1.2310655
HOXB-AS1,-0.03406849,1.3088775,-0.008748062,-0.019455962,2.737473,0.21055387,-0.00046818107,-0.024297489,2.1068323,2.857044,2.5340347,-0.02355877,-0.0050069913,-0.017455202,0.5043037,1.0176032
HOXB-AS3,-0.031465635,1.8570362,-0.008113194,-0.015855499,2.9299557,0.30276975,-0.0035122966,-0.023202628,2.3477943,3.3744884,2.9130175,-0.025719332,-0.009239676,-0.017143922,0.26992935,1.2290561
HOXB9,-0.031475425,1.8559096,-0.008098906,-0.015873782,2.9294841,0.3031222,-0.0035038185,-0.023198618,2.3493445,3.3746789,2.9128296,-0.025719723,-0.009225501,-0.017161364,0.27075028,1.2310655
HOXC12,-0.031475425,1.8559096,-0.008098906,-0.015873782,2.9294841,0.3031222,-0.0035038185,-0.023198618,2.3493445,3.3746789,2.9128296,-0.025719723,-0.009225501,-0.017161364,0.27075028,1.2310655
HOXC4,-0.031475425,1.8559096,-0.008098906,-0.015873782,2.9294841,0.3031222,-0.0035038185,-0.023198618,2.3493445,3.3746789,2.9128296,-0.025719723,-0.009225501,-0.017161364,0.27075028,1.2310655
HPN,-0.028382199,2.0965915,-0.0034924578,-0.0114103295,2.341128,0.53002936,0.010111883,-0.019163119,1.7902105,3.2282076,2.8522718,-0.019399285,-0.011389754,-0.015177298,0.72129136,0.8042582
HS3ST3B1,-0.031475425,1.8559096,-0.008098906,-0.015873782,2.9294841,0.3031222,-0.0035038185,-0.023198618,2.3493445,3.3746789,2.9128296,-0.025719723,-0.009225501,-0.017161364,0.27075028,1.2310655
HSBP1L1,-0.031475425,1.8559096,-0.008098906,-0.015873782,2.9294841,0.3031222,-0.0035038185,-0.023198618,2.3493445,3.3746789,2.9128296,-0.025719723,-0.009225501,-0.017161364,0.27075028,1.2310655
HSF5,-0.031590853,1.8626393,-0.0073070326,-0.014225706,2.8043349,0.026236514,-0.0019303489,-0.025338355,2.218582,3.1349585,2.852901,-0.024625272,-0.008734765,-0.015460319,0.4613555,1.2112337
HSH2D,-0.031475425,1.8559096,-0.008098906,-0.015873782,2.9294841,0.3031222,-0.0035038185,-0.023198618,2.3493445,3.3746789,2.9128296,-0.025719723,-0.009225501,-0.017161364,0.27075028,1.2310655
HSPB1,-0.031666633,1.7828383,-0.008340033,-0.014688535,2.8917937,0.3721151,-0.0039404514,-0.02201431,2.416828,3.2194922,2.8670027,-0.023815589,-0.01058203,-0.015880264,0.122603156,1.1117353
HTR2A,-0.031475425,1.8559096,-0.008098906,-0.015873782,2.9294841,0.3031222,-0.0035038185,-0.023198618,2.3493445,3.3746789,2.9128296,-0.025719723,-0.009225501,-0.017161364,0.27075028,1.2310655
HTRA3,-0.031475425,1.8559096,-0.008098906,-0.015873782,2.9294841,0.3031222,-0.0035038185,-0.023198618,2.3493445,3.3746789,2.9128296,-0.025719723,-0.009225501,-0.017161364,0.27075028,1.2310655
IBA57-DT,-0.031475425,1.8559096,-0.008098906,-0.015873782,2.9294841,0.3031222,-0.0035038185,-0.023198618,2.3493445,3.3746789,2.9128296,-0.025719723,-0.009225501,-0.017161364,0.27075028,1.2310655
ICE1,-0.031475425,1.8559096,-0.008098906,-0.015873782,2.9294841,0.3031222,-0.0035038185,-0.023198618,2.3493445,3.3746789,2.9128296,-0.025719723,-0.009225501,-0.017161364,0.27075028,1.2310655
ICOS,-0.031473584,1.8558726,-0.008100149,-0.015874755,2.9293447,0.3031933,-0.0035030162,-0.023198988,2.3494174,3.3747728,2.9127731,-0.025720196,-0.009223476,-0.01716082,0.270736,1.2310636
ID3,-0.031458575,1.8564616,-0.008108636,-0.015889112,2.9301527,0.30349657,-0.0034956473,-0.023181153,2.3501375,3.3738346,2.9119534,-0.025723262,-0.0092122825,-0.017176848,0.27019,1.231846
IER5L,-0.031475425,1.8559096,-0.008098906,-0.015873782,2.9294841,0.3031222,-0.0035038185,-0.023198618,2.3493445,3.3746789,2.9128296,-0.025719723,-0.009225501,-0.017161364,0.27075028,1.2310655
IFFO2,-0.031475425,1.8559096,-0.008098906,-0.015873782,2.9294841,0.3031222,-0.0035038185,-0.023198618,2.3493445,3.3746789,2.9128296,-0.025719723,-0.009225501,-0.017161364,0.27075028,1.2310655
IFI6,-0.031475425,1.8559096,-0.008098906,-0.015873782,2.9294841,0.3031222,-0.0035038185,-0.023198618,2.3493445,3.3746789,2.9128296,-0.025719723,-0.009225501,-0.017161364,0.27075028,1.2310655
IFIT2,-0.031475425,1.8559096,-0.008098906,-0.015873782,2.9294841,0.3031222,-0.0035038185,-0.023198618,2.3493445,3.3746789,2.9128296,-0.025719723,-0.009225501,-0.017161364,0.27075028,1.2310655
IFNG,-0.031475425,1.8559096,-0.008098906,-0.015873782,2.9294841,0.3031222,-0.0035038185,-0.023198618,2.3493445,3.3746789,2.9128296,-0.025719723,-0.009225501,-0.017161364,0.27075028,1.2310655
IFNG-AS1,-0.031475425,1.8559096,-0.008098906,-0.015873782,2.9294841,0.3031222,-0.0035038185,-0.023198618,2.3493445,3.3746789,2.9128296,-0.025719723,-0.009225501,-0.017161364,0.27075028,1.2310655
IFNL1,-0.031465635,1.8570362,-0.008113194,-0.015855499,2.9299557,0.30276975,-0.0035122966,-0.023202628,2.3477943,3.3744884,2.9130175,-0.025719332,-0.009239676,-0.017143922,0.26992935,1.2290561
IFT122,-0.031480778,1.8563311,-0.008090217,-0.01586424,2.929058,0.30350384,-0.0035124028,-0.023174724,2.3478067,3.37618,2.9114192,-0.025716892,-0.0092306705,-0.017155621,0.27089724,1.2311937
IFT46,-0.031475425,1.8559096,-0.008098906,-0.015873782,2.9294841,0.3031222,-0.0035038185,-0.023198618,2.3493445,3.3746789,2.9128296,-0.025719723,-0.009225501,-0.017161364,0.27075028,1.2310655
IFT88,-0.031666633,1.7828383,-0.008340033,-0.014688535,2.8917937,0.3721151,-0.0039404514,-0.02201431,2.416828,3.2194922,2.8670027,-0.023815589,-0.01058203,-0.015880264,0.122603156,1.1117353
IGHA1,-0.031475425,1.8559096,-0.008098906,-0.015873782,2.9294841,0.3031222,-0.0035038185,-0.023198618,2.3493445,3.3746789,2.9128296,-0.025719723,-0.009225501,-0.017161364,0.27075028,1.2310655
IGHA2,-0.031475425,1.8559096,-0.008098906,-0.015873782,2.9294841,0.3031222,-0.0035038185,-0.023198618,2.3493445,3.3746789,2.9128296,-0.025719723,-0.009225501,-0.017161364,0.27075028,1.2310655
IGHG2,-0.031475425,1.8559096,-0.008098906,-0.015873782,2.9294841,0.3031222,-0.0035038185,-0.023198618,2.3493445,3.3746789,2.9128296,-0.025719723,-0.009225501,-0.017161364,0.27075028,1.2310655
IGHV1-3,-0.031475425,1.8559096,-0.008098906,-0.015873782,2.9294841,0.3031222,-0.0035038185,-0.023198618,2.3493445,3.3746789,2.9128296,-0.025719723,-0.009225501,-0.017161364,0.27075028,1.2310655
IGHV2-70,-0.031475425,1.8559096,-0.008098906,-0.015873782,2.9294841,0.3031222,-0.0035038185,-0.023198618,2.3493445,3.3746789,2.9128296,-0.025719723,-0.009225501,-0.017161364,0.27075028,1.2310655
IGHV3-43,-0.031475425,1.8559096,-0.008098906,-0.015873782,2.9294841,0.3031222,-0.0035038185,-0.023198618,2.3493445,3.3746789,2.9128296,-0.025719723,-0.009225501,-0.017161364,0.27075028,1.2310655
IGHV5-51,-0.029045694,1.3066269,-0.012921321,-0.011162004,2.1814008,0.017348977,-0.00441054,-0.025523884,1.5223167,2.7884226,2.6870234,-0.023432711,-0.012963278,-0.010959536,0.41537535,0.70913446
IGKC,-0.031475425,1.8559096,-0.008098906,-0.015873782,2.9294841,0.3031222,-0.0035038185,-0.023198618,2.3493445,3.3746789,2.9128296,-0.025719723,-0.009225501,-0.017161364,0.27075028,1.2310655
IGLON5,-0.03148851,1.8555251,-0.008089539,-0.015888762,2.9283044,0.30149278,-0.0034893644,-0.023200795,2.3504481,3.372928,2.911487,-0.025720734,-0.009238552,-0.017152917,0.27027613,1.2320583
IGLV1-40,-0.031407062,1.8539673,-0.008113297,-0.015873212,2.9247952,0.30009767,-0.0034931903,-0.023215732,2.3507512,3.3756182,2.9077888,-0.025676617,-0.009176388,-0.017106673,0.2662375,1.2341269
IGLV1-44,-0.031475425,1.8559096,-0.008098906,-0.015873782,2.9294841,0.3031222,-0.0035038185,-0.023198618,2.3493445,3.3746789,2.9128296,-0.025719723,-0.009225501,-0.017161364,0.27075028,1.2310655
IGLV1-51,-0.031475425,1.8559096,-0.008098906,-0.015873782,2.9294841,0.3031222,-0.0035038185,-0.023198618,2.3493445,3.3746789,2.9128296,-0.025719723,-0.009225501,-0.017161364,0.27075028,1.2310655
IGLV2-14,-0.031475425,1.8559096,-0.008098906,-0.015873782,2.9294841,0.3031222,-0.0035038185,-0.023198618,2.3493445,3.3746789,2.9128296,-0.025719723,-0.009225501,-0.017161364,0.27075028,1.2310655
IGLV3-10,-0.031475425,1.8559096,-0.008098906,-0.015873782,2.9294841,0.3031222,-0.0035038185,-0.023198618,2.3493445,3.3746789,2.9128296,-0.025719723,-0.009225501,-0.017161364,0.27075028,1.2310655
IGLV3-9,-0.031475425,1.8559096,-0.008098906,-0.015873782,2.9294841,0.3031222,-0.0035038185,-0.023198618,2.3493445,3.3746789,2.9128296,-0.025719723,-0.009225501,-0.017161364,0.27075028,1.2310655
IGLV7-43,-0.031467874,1.8566695,-0.008086521,-0.01586074,2.9296646,0.30242714,-0.0035120873,-0.023198945,2.349007,3.37293,2.9140284,-0.025701502,-0.009232426,-0.017166106,0.27152255,1.2314482
IGLV9-49,-0.031475425,1.8559096,-0.008098906,-0.015873782,2.9294841,0.3031222,-0.0035038185,-0.023198618,2.3493445,3.3746789,2.9128296,-0.025719723,-0.009225501,-0.017161364,0.27075028,1.2310655
IGSF21-AS1,-0.031475425,1.8559096,-0.008098906,-0.015873782,2.9294841,0.3031222,-0.0035038185,-0.023198618,2.3493445,3.3746789,2.9128296,-0.025719723,-0.009225501,-0.017161364,0.27075028,1.2310655
IGSF9B,-0.031475425,1.8559096,-0.008098906,-0.015873782,2.9294841,0.3031222,-0.0035038185,-0.023198618,2.3493445,3.3746789,2.9128296,-0.025719723,-0.009225501,-0.017161364,0.27075028,1.2310655
IKZF2,-0.031475425,1.8559096,-0.008098906,-0.015873782,2.9294841,0.3031222,-0.0035038185,-0.023198618,2.3493445,3.3746789,2.9128296,-0.025719723,-0.009225501,-0.017161364,0.27075028,1.2310655
IKZF3,-0.03147549,1.8554922,-0.00809771,-0.01587282,2.929032,0.3035139,-0.0035028004,-0.023199478,2.348907,3.374299,2.912418,-0.025725007,-0.00922616,-0.017156282,0.27034348,1.2311164
IL11,-0.031475425,1.8559096,-0.008098906,-0.015873782,2.9294841,0.3031222,-0.0035038185,-0.023198618,2.3493445,3.3746789,2.9128296,-0.025719723,-0.009225501,-0.017161364,0.27075028,1.2310655
IL11RA,-0.031475425,1.8559096,-0.008098906,-0.015873782,2.9294841,0.3031222,-0.0035038185,-0.023198618,2.3493445,3.3746789,2.9128296,-0.025719723,-0.009225501,-0.017161364,0.27075028,1.2310655
IL12RB2,-0.031469002,1.8553501,-0.008100709,-0.01588021,2.9299195,0.30333546,-0.0034991305,-0.02319875,2.3499444,3.3742843,2.9126964,-0.025712695,-0.009230786,-0.017164707,0.26992708,1.2311385
IL17D,-0.031475425,1.8559096,-0.008098906,-0.015873782,2.9294841,0.3031222,-0.0035038185,-0.023198618,2.3493445,3.3746789,2.9128296,-0.025719723,-0.009225501,-0.017161364,0.27075028,1.2310655
IL18RAP,-0.031478506,1.8553385,-0.0081128515,-0.0158729,2.9310913,0.3027985,-0.0035141045,-0.023208523,2.346136,3.3745625,2.9107852,-0.025703715,-0.009239115,-0.017173517,0.27238,1.230591
IL19,-0.031475425,1.8559096,-0.008098906,-0.015873782,2.9294841,0.3031222,-0.0035038185,-0.023198618,2.3493445,3.3746789,2.9128296,-0.025719723,-0.009225501,-0.017161364,0.27075028,1.2310655
IL1B,-0.027320487,1.7517055,-0.009495052,-0.013218002,2.962314,0.68724227,-0.008173378,-0.022681244,1.8737814,3.1710377,2.5239124,-0.022413049,-0.0070617287,-0.018156122,0.42037392,0.7185401
IL2,-0.025056645,1.4080817,-0.008266316,-0.01753453,2.9541168,0.087179065,-0.0029407025,-0.01757162,2.2793818,3.0951498,2.7463908,-0.019212734,-0.008362729,-0.01843475,0.056422893,1.6515135
IL21R,-0.026801094,1.9635823,-0.0050175968,-0.019113362,2.3194375,0.40429926,-6.0457063e-05,-0.016353551,2.7063785,2.8792105,2.5543191,-0.026574897,-0.010913961,-0.01393463,-0.002243994,1.3196925
IL2RA,-0.031475425,1.8559096,-0.008098906,-0.015873782,2.9294841,0.3031222,-0.0035038185,-0.023198618,2.3493445,3.3746789,2.9128296,-0.025719723,-0.009225501,-0.017161364,0.27075028,1.2310655
IL2RB,-0.031473584,1.8558726,-0.008100149,-0.015874755,2.9293447,0.3031933,-0.0035030162,-0.023198988,2.3494174,3.3747728,2.9127731,-0.025720196,-0.009223476,-0.01716082,0.270736,1.2310636
IL6,-0.031475425,1.8559096,-0.008098906,-0.015873782,2.9294841,0.3031222,-0.0035038185,-0.023198618,2.3493445,3.3746789,2.9128296,-0.025719723,-0.009225501,-0.017161364,0.27075028,1.2310655
IL6R-AS1,-0.031475425,1.8559096,-0.008098906,-0.015873782,2.9294841,0.3031222,-0.0035038185,-0.023198618,2.3493445,3.3746789,2.9128296,-0.025719723,-0.009225501,-0.017161364,0.27075028,1.2310655
ILF3-DT,-0.031473584,1.8558726,-0.008100149,-0.015874755,2.9293447,0.3031933,-0.0035030162,-0.023198988,2.3494174,3.3747728,2.9127731,-0.025720196,-0.009223476,-0.01716082,0.270736,1.2310636
ING1,-0.031475425,1.8559096,-0.008098906,-0.015873782,2.9294841,0.3031222,-0.0035038185,-0.023198618,2.3493445,3.3746789,2.9128296,-0.025719723,-0.009225501,-0.017161364,0.27075028,1.2310655
INPP5E,-0.027136836,1.8240168,-0.009266311,-0.014416294,2.9998238,0.6189444,-0.0077284756,-0.023865225,1.8066359,3.3279731,2.5685408,-0.024335403,-0.005698275,-0.019432481,0.5677488,0.8374876
INSM2,-0.025056645,1.4080817,-0.008266316,-0.01753453,2.9541168,0.087179065,-0.0029407025,-0.01757162,2.2793818,3.0951498,2.7463908,-0.019212734,-0.008362729,-0.01843475,0.056422893,1.6515135
INTS1,-0.031475425,1.8559096,-0.008098906,-0.015873782,2.9294841,0.3031222,-0.0035038185,-0.023198618,2.3493445,3.3746789,2.9128296,-0.025719723,-0.009225501,-0.017161364,0.27075028,1.2310655
INTS11,-0.031475425,1.8559096,-0.008098906,-0.015873782,2.9294841,0.3031222,-0.0035038185,-0.023198618,2.3493445,3.3746789,2.9128296,-0.025719723,-0.009225501,-0.017161364,0.27075028,1.2310655
INTS4,-0.031475425,1.8559096,-0.008098906,-0.015873782,2.9294841,0.3031222,-0.0035038185,-0.023198618,2.3493445,3.3746789,2.9128296,-0.025719723,-0.009225501,-0.017161364,0.27075028,1.2310655
INTS6L-AS1,-0.031475425,1.8559096,-0.008098906,-0.015873782,2.9294841,0.3031222,-0.0035038185,-0.023198618,2.3493445,3.3746789,2.9128296,-0.025719723,-0.009225501,-0.017161364,0.27075028,1.2310655
INVS,-0.031475425,1.8559096,-0.008098906,-0.015873782,2.9294841,0.3031222,-0.0035038185,-0.023198618,2.3493445,3.3746789,2.9128296,-0.025719723,-0.009225501,-0.017161364,0.27075028,1.2310655
IPP,-0.029042615,1.307198,-0.012907376,-0.011162886,2.1797936,0.017672645,-0.004400254,-0.025513977,1.5255251,2.7885387,2.6890678,-0.023448719,-0.012949664,-0.010947382,0.41374564,0.70960885
IQCB1,-0.031339303,1.8682848,-0.00808809,-0.015901377,2.9096599,0.2619709,-0.0035461145,-0.023308255,2.3491251,3.3380678,2.8859878,-0.025923265,-0.008983571,-0.017267866,0.25151762,1.2417654
IQCC,-0.031475425,1.8559096,-0.008098906,-0.015873782,2.9294841,0.3031222,-0.0035038185,-0.023198618,2.3493445,3.3746789,2.9128296,-0.025719723,-0.009225501,-0.017161364,0.27075028,1.2310655
IRGM,-0.031475425,1.8559096,-0.008098906,-0.015873782,2.9294841,0.3031222,-0.0035038185,-0.023198618,2.3493445,3.3746789,2.9128296,-0.025719723,-0.009225501,-0.017161364,0.27075028,1.2310655
ISM1,-0.031475425,1.8559096,-0.008098906,-0.015873782,2.9294841,0.3031222,-0.0035038185,-0.023198618,2.3493445,3.3746789,2.9128296,-0.025719723,-0.009225501,-0.017161364,0.27075028,1.2310655
ITGA10,-0.031475425,1.8559096,-0.008098906,-0.015873782,2.9294841,0.3031222,-0.0035038185,-0.023198618,2.3493445,3.3746789,2.9128296,-0.025719723,-0.009225501,-0.017161364,0.27075028,1.2310655
ITGA2B,-0.031475425,1.8559096,-0.008098906,-0.015873782,2.9294841,0.3031222,-0.0035038185,-0.023198618,2.3493445,3.3746789,2.9128296,-0.025719723,-0.009225501,-0.017161364,0.27075028,1.2310655
ITGA6,-0.031473584,1.8558726,-0.008100149,-0.015874755,2.9293447,0.3031933,-0.0035030162,-0.023198988,2.3494174,3.3747728,2.9127731,-0.025720196,-0.009223476,-0.01716082,0.270736,1.2310636
ITGAD,-0.031475425,1.8559096,-0.008098906,-0.015873782,2.9294841,0.3031222,-0.0035038185,-0.023198618,2.3493445,3.3746789,2.9128296,-0.025719723,-0.009225501,-0.017161364,0.27075028,1.2310655
ITGB1BP2,-0.031475425,1.8559096,-0.008098906,-0.015873782,2.9294841,0.3031222,-0.0035038185,-0.023198618,2.3493445,3.3746789,2.9128296,-0.025719723,-0.009225501,-0.017161364,0.27075028,1.2310655
ITGB2-AS1,-0.031475425,1.8559096,-0.008098906,-0.015873782,2.9294841,0.3031222,-0.0035038185,-0.023198618,2.3493445,3.3746789,2.9128296,-0.025719723,-0.009225501,-0.017161364,0.27075028,1.2310655
ITPR3,-0.03146816,1.8545393,-0.008084556,-0.015877802,2.9269447,0.30380878,-0.0035255414,-0.023212774,2.3468876,3.3726597,2.912804,-0.025700402,-0.009204114,-0.017135652,0.26935017,1.229619
ITPRIPL1,-0.031475425,1.8559096,-0.008098906,-0.015873782,2.9294841,0.3031222,-0.0035038185,-0.023198618,2.3493445,3.3746789,2.9128296,-0.025719723,-0.009225501,-0.017161364,0.27075028,1.2310655
JADE2,-0.031475425,1.8559096,-0.008098906,-0.015873782,2.9294841,0.3031222,-0.0035038185,-0.023198618,2.3493445,3.3746789,2.9128296,-0.025719723,-0.009225501,-0.017161364,0.27075028,1.2310655
JAKMIP2,-0.031475425,1.8559096,-0.008098906,-0.015873782,2.9294841,0.3031222,-0.0035038185,-0.023198618,2.3493445,3.3746789,2.9128296,-0.025719723,-0.009225501,-0.017161364,0.27075028,1.2310655
JAM2,-0.031467967,1.8545913,-0.008110663,-0.015899718,2.9289367,0.30188105,-0.0035230357,-0.02320479,2.3496683,3.3746228,2.9120057,-0.025706857,-0.009207731,-0.017145379,0.2674271,1.2315125
JAM3,-0.034074977,1.3098423,-0.0087715555,-0.0194718,2.739299,0.2082126,-0.00047216503,-0.024286218,2.1095293,2.8598838,2.533905,-0.023567013,-0.0050060214,-0.017466825,0.5036518,1.0191813
JAZF1-AS1,-0.031475425,1.8559096,-0.008098906,-0.015873782,2.9294841,0.3031222,-0.0035038185,-0.023198618,2.3493445,3.3746789,2.9128296,-0.025719723,-0.009225501,-0.017161364,0.27075028,1.2310655
JPX,-0.031475425,1.8559096,-0.008098906,-0.015873782,2.9294841,0.3031222,-0.0035038185,-0.023198618,2.3493445,3.3746789,2.9128296,-0.025719723,-0.009225501,-0.017161364,0.27075028,1.2310655
KALRN,-0.031486593,1.8557979,-0.008106825,-0.015863566,2.9289782,0.3028724,-0.0035075753,-0.02319874,2.3491552,3.3740227,2.911998,-0.025714202,-0.009230822,-0.017164828,0.26972646,1.2306191
KANK1,-0.031475425,1.8559096,-0.008098906,-0.015873782,2.9294841,0.3031222,-0.0035038185,-0.023198618,2.3493445,3.3746789,2.9128296,-0.025719723,-0.009225501,-0.017161364,0.27075028,1.2310655
KANK3,-0.031475425,1.8559096,-0.008098906,-0.015873782,2.9294841,0.3031222,-0.0035038185,-0.023198618,2.3493445,3.3746789,2.9128296,-0.025719723,-0.009225501,-0.017161364,0.27075028,1.2310655
KANSL1-AS1,-0.031475425,1.8559096,-0.008098906,-0.015873782,2.9294841,0.3031222,-0.0035038185,-0.023198618,2.3493445,3.3746789,2.9128296,-0.025719723,-0.009225501,-0.017161364,0.27075028,1.2310655
KANTR,-0.031475425,1.8559096,-0.008098906,-0.015873782,2.9294841,0.3031222,-0.0035038185,-0.023198618,2.3493445,3.3746789,2.9128296,-0.025719723,-0.009225501,-0.017161364,0.27075028,1.2310655
KAT2A,-0.031475425,1.8559096,-0.008098906,-0.015873782,2.9294841,0.3031222,-0.0035038185,-0.023198618,2.3493445,3.3746789,2.9128296,-0.025719723,-0.009225501,-0.017161364,0.27075028,1.2310655
KATNBL1,-0.031475425,1.8559096,-0.008098906,-0.015873782,2.9294841,0.3031222,-0.0035038185,-0.023198618,2.3493445,3.3746789,2.9128296,-0.025719723,-0.009225501,-0.017161364,0.27075028,1.2310655
KAZALD1,-0.031475425,1.8559096,-0.008098906,-0.015873782,2.9294841,0.3031222,-0.0035038185,-0.023198618,2.3493445,3.3746789,2.9128296,-0.025719723,-0.009225501,-0.017161364,0.27075028,1.2310655
KCNA3,-0.026801094,1.9635823,-0.0050175968,-0.019113362,2.3194375,0.40429926,-6.0457063e-05,-0.016353551,2.7063785,2.8792105,2.5543191,-0.026574897,-0.010913961,-0.01393463,-0.002243994,1.3196925
KCNE2,-0.031475425,1.8559096,-0.008098906,-0.015873782,2.9294841,0.3031222,-0.0035038185,-0.023198618,2.3493445,3.3746789,2.9128296,-0.025719723,-0.009225501,-0.017161364,0.27075028,1.2310655
KCNG1,-0.031475425,1.8559096,-0.008098906,-0.015873782,2.9294841,0.3031222,-0.0035038185,-0.023198618,2.3493445,3.3746789,2.9128296,-0.025719723,-0.009225501,-0.017161364,0.27075028,1.2310655
KCNH6,-0.031475425,1.8559096,-0.008098906,-0.015873782,2.9294841,0.3031222,-0.0035038185,-0.023198618,2.3493445,3.3746789,2.9128296,-0.025719723,-0.009225501,-0.017161364,0.27075028,1.2310655
KCNN1,-0.031475425,1.8559096,-0.008098906,-0.015873782,2.9294841,0.3031222,-0.0035038185,-0.023198618,2.3493445,3.3746789,2.9128296,-0.025719723,-0.009225501,-0.017161364,0.27075028,1.2310655
KDM2B-DT,-0.031475425,1.8559096,-0.008098906,-0.015873782,2.9294841,0.3031222,-0.0035038185,-0.023198618,2.3493445,3.3746789,2.9128296,-0.025719723,-0.009225501,-0.017161364,0.27075028,1.2310655
KHDC1,-0.031475425,1.8559096,-0.008098906,-0.015873782,2.9294841,0.3031222,-0.0035038185,-0.023198618,2.3493445,3.3746789,2.9128296,-0.025719723,-0.009225501,-0.017161364,0.27075028,1.2310655
KHDRBS2,-0.031475425,1.8559096,-0.008098906,-0.015873782,2.9294841,0.3031222,-0.0035038185,-0.023198618,2.3493445,3.3746789,2.9128296,-0.025719723,-0.009225501,-0.017161364,0.27075028,1.2310655
KIAA0040,-0.031475425,1.8559096,-0.008098906,-0.015873782,2.9294841,0.3031222,-0.0035038185,-0.023198618,2.3493445,3.3746789,2.9128296,-0.025719723,-0.009225501,-0.017161364,0.27075028,1.2310655
KIAA1671,-0.031475425,1.8559096,-0.008098906,-0.015873782,2.9294841,0.3031222,-0.0035038185,-0.023198618,2.3493445,3.3746789,2.9128296,-0.025719723,-0.009225501,-0.017161364,0.27075028,1.2310655
KIF12,-0.031475425,1.8559096,-0.008098906,-0.015873782,2.9294841,0.3031222,-0.0035038185,-0.023198618,2.3493445,3.3746789,2.9128296,-0.025719723,-0.009225501,-0.017161364,0.27075028,1.2310655
KIF21A,-0.031472757,1.8557072,-0.008094578,-0.015873425,2.9290566,0.3026363,-0.0035026984,-0.023198549,2.3490381,3.3749695,2.912435,-0.025712237,-0.009234702,-0.017166728,0.27025354,1.2313015
KIF21B,-0.031475425,1.8559096,-0.008098906,-0.015873782,2.9294841,0.3031222,-0.0035038185,-0.023198618,2.3493445,3.3746789,2.9128296,-0.025719723,-0.009225501,-0.017161364,0.27075028,1.2310655
KIF2A,-0.026801094,1.9635823,-0.0050175968,-0.019113362,2.3194375,0.40429926,-6.0457063e-05,-0.016353551,2.7063785,2.8792105,2.5543191,-0.026574897,-0.010913961,-0.01393463,-0.002243994,1.3196925
KIF3A,-0.031475425,1.8559096,-0.008098906,-0.015873782,2.9294841,0.3031222,-0.0035038185,-0.023198618,2.3493445,3.3746789,2.9128296,-0.025719723,-0.009225501,-0.017161364,0.27075028,1.2310655
KIF5C,-0.031475425,1.8559096,-0.008098906,-0.015873782,2.9294841,0.3031222,-0.0035038185,-0.023198618,2.3493445,3.3746789,2.9128296,-0.025719723,-0.009225501,-0.017161364,0.27075028,1.2310655
KIN,-0.031475425,1.8559096,-0.008098906,-0.015873782,2.9294841,0.3031222,-0.0035038185,-0.023198618,2.3493445,3.3746789,2.9128296,-0.025719723,-0.009225501,-0.017161364,0.27075028,1.2310655
KIR2DL1,-0.026801094,1.9635823,-0.0050175968,-0.019113362,2.3194375,0.40429926,-6.0457063e-05,-0.016353551,2.7063785,2.8792105,2.5543191,-0.026574897,-0.010913961,-0.01393463,-0.002243994,1.3196925
KIR2DL4,-0.031475425,1.8559096,-0.008098906,-0.015873782,2.9294841,0.3031222,-0.0035038185,-0.023198618,2.3493445,3.3746789,2.9128296,-0.025719723,-0.009225501,-0.017161364,0.27075028,1.2310655
KIR3DL1,-0.031475425,1.8559096,-0.008098906,-0.015873782,2.9294841,0.3031222,-0.0035038185,-0.023198618,2.3493445,3.3746789,2.9128296,-0.025719723,-0.009225501,-0.017161364,0.27075028,1.2310655
KIR3DL2,-0.031478826,1.8552746,-0.008110845,-0.015872285,2.9309084,0.30298996,-0.0035148875,-0.023206225,2.3462145,3.3746645,2.910909,-0.025703758,-0.009240473,-0.017173676,0.27242118,1.2303995
KIZ,-0.031475425,1.8559096,-0.008098906,-0.015873782,2.9294841,0.3031222,-0.0035038185,-0.023198618,2.3493445,3.3746789,2.9128296,-0.025719723,-0.009225501,-0.017161364,0.27075028,1.2310655
KLF3-AS1,-0.03148851,1.8555251,-0.008089539,-0.015888762,2.9283044,0.30149278,-0.0034893644,-0.023200795,2.3504481,3.372928,2.911487,-0.025720734,-0.009238552,-0.017152917,0.27027613,1.2320583
KLHDC1,-0.031475425,1.8559096,-0.008098906,-0.015873782,2.9294841,0.3031222,-0.0035038185,-0.023198618,2.3493445,3.3746789,2.9128296,-0.025719723,-0.009225501,-0.017161364,0.27075028,1.2310655
KLHDC10,-0.031475425,1.8559096,-0.008098906,-0.015873782,2.9294841,0.3031222,-0.0035038185,-0.023198618,2.3493445,3.3746789,2.9128296,-0.025719723,-0.009225501,-0.017161364,0.27075028,1.2310655
KLHDC4,-0.031659078,1.7835983,-0.008327647,-0.014675493,2.8919742,0.37142006,-0.0039487206,-0.022014637,2.41649,3.2177434,2.8682013,-0.023797369,-0.010588956,-0.015885007,0.12337545,1.112118
KLHL11,-0.031475425,1.8559096,-0.008098906,-0.015873782,2.9294841,0.3031222,-0.0035038185,-0.023198618,2.3493445,3.3746789,2.9128296,-0.025719723,-0.009225501,-0.017161364,0.27075028,1.2310655
KLHL29,-0.029042615,1.307198,-0.012907376,-0.011162886,2.1797936,0.017672645,-0.004400254,-0.025513977,1.5255251,2.7885387,2.6890678,-0.023448719,-0.012949664,-0.010947382,0.41374564,0.70960885
KLHL32,-0.031475425,1.8559096,-0.008098906,-0.015873782,2.9294841,0.3031222,-0.0035038185,-0.023198618,2.3493445,3.3746789,2.9128296,-0.025719723,-0.009225501,-0.017161364,0.27075028,1.2310655
KLRB1,-0.031475425,1.8559096,-0.008098906,-0.015873782,2.9294841,0.3031222,-0.0035038185,-0.023198618,2.3493445,3.3746789,2.9128296,-0.025719723,-0.009225501,-0.017161364,0.27075028,1.2310655
KLRC1,-0.031475425,1.8559096,-0.008098906,-0.015873782,2.9294841,0.3031222,-0.0035038185,-0.023198618,2.3493445,3.3746789,2.9128296,-0.025719723,-0.009225501,-0.017161364,0.27075028,1.2310655
KLRF1,-0.031475425,1.8559096,-0.008098906,-0.015873782,2.9294841,0.3031222,-0.0035038185,-0.023198618,2.3493445,3.3746789,2.9128296,-0.025719723,-0.009225501,-0.017161364,0.27075028,1.2310655
KLRG1,-0.031339303,1.8682848,-0.00808809,-0.015901377,2.9096599,0.2619709,-0.0035461145,-0.023308255,2.3491251,3.3380678,2.8859878,-0.025923265,-0.008983571,-0.017267866,0.25151762,1.2417654
KLRK1,-0.031475425,1.8559096,-0.008098906,-0.015873782,2.9294841,0.3031222,-0.0035038185,-0.023198618,2.3493445,3.3746789,2.9128296,-0.025719723,-0.009225501,-0.017161364,0.27075028,1.2310655
KNOP1,-0.031475425,1.8559096,-0.008098906,-0.015873782,2.9294841,0.3031222,-0.0035038185,-0.023198618,2.3493445,3.3746789,2.9128296,-0.025719723,-0.009225501,-0.017161364,0.27075028,1.2310655
KPNA2,-0.031475425,1.8559096,-0.008098906,-0.015873782,2.9294841,0.3031222,-0.0035038185,-0.023198618,2.3493445,3.3746789,2.9128296,-0.025719723,-0.009225501,-0.017161364,0.27075028,1.2310655
KPNA5,-0.031475425,1.8559096,-0.008098906,-0.015873782,2.9294841,0.3031222,-0.0035038185,-0.023198618,2.3493445,3.3746789,2.9128296,-0.025719723,-0.009225501,-0.017161364,0.27075028,1.2310655
KRBA2,-0.02865178,2.0470111,-0.00398382,-0.010992918,2.3989716,0.5683776,-0.00034354642,-0.01882079,1.8254774,3.2885199,2.8303719,-0.019622121,-0.0112637235,-0.014684963,0.6694983,0.79910886
KRI1,-0.031475425,1.8559096,-0.008098906,-0.015873782,2.9294841,0.3031222,-0.0035038185,-0.023198618,2.3493445,3.3746789,2.9128296,-0.025719723,-0.009225501,-0.017161364,0.27075028,1.2310655
KRT33A,-0.030792687,1.7494881,-0.0027444735,-0.013259403,2.9306023,-0.001019368,-0.0021434242,-0.021285726,2.1149755,3.490083,2.6580083,-0.025158081,-0.008455642,-0.01830693,0.5219057,1.3110136
KRT73-AS1,-0.031475425,1.8559096,-0.008098906,-0.015873782,2.9294841,0.3031222,-0.0035038185,-0.023198618,2.3493445,3.3746789,2.9128296,-0.025719723,-0.009225501,-0.017161364,0.27075028,1.2310655
KRT74,-0.031475425,1.8559096,-0.008098906,-0.015873782,2.9294841,0.3031222,-0.0035038185,-0.023198618,2.3493445,3.3746789,2.9128296,-0.025719723,-0.009225501,-0.017161364,0.27075028,1.2310655
KRT80,-0.031475425,1.8559096,-0.008098906,-0.015873782,2.9294841,0.3031222,-0.0035038185,-0.023198618,2.3493445,3.3746789,2.9128296,-0.025719723,-0.009225501,-0.017161364,0.27075028,1.2310655
KRTDAP,-0.031475425,1.8559096,-0.008098906,-0.015873782,2.9294841,0.3031222,-0.0035038185,-0.023198618,2.3493445,3.3746789,2.9128296,-0.025719723,-0.009225501,-0.017161364,0.27075028,1.2310655
L2HGDH,-0.031475425,1.8559096,-0.008098906,-0.015873782,2.9294841,0.3031222,-0.0035038185,-0.023198618,2.3493445,3.3746789,2.9128296,-0.025719723,-0.009225501,-0.017161364,0.27075028,1.2310655
LAG3,-0.031475425,1.8559096,-0.008098906,-0.015873782,2.9294841,0.3031222,-0.0035038185,-0.023198618,2.3493445,3.3746789,2.9128296,-0.025719723,-0.009225501,-0.017161364,0.27075028,1.2310655
LAIR2,-0.031475425,1.8559096,-0.008098906,-0.015873782,2.9294841,0.3031222,-0.0035038185,-0.023198618,2.3493445,3.3746789,2.9128296,-0.025719723,-0.009225501,-0.017161364,0.27075028,1.2310655
LAMA3,-0.031480778,1.8563311,-0.008090217,-0.01586424,2.929058,0.30350384,-0.0035124028,-0.023174724,2.3478067,3.37618,2.9114192,-0.025716892,-0.0092306705,-0.017155621,0.27089724,1.2311937
LAMP3,-0.031475425,1.8559096,-0.008098906,-0.015873782,2.9294841,0.3031222,-0.0035038185,-0.023198618,2.3493445,3.3746789,2.9128296,-0.025719723,-0.009225501,-0.017161364,0.27075028,1.2310655
LANCL1,-0.031475425,1.8559096,-0.008098906,-0.015873782,2.9294841,0.3031222,-0.0035038185,-0.023198618,2.3493445,3.3746789,2.9128296,-0.025719723,-0.009225501,-0.017161364,0.27075028,1.2310655
LANCL3,-0.031475425,1.8559096,-0.008098906,-0.015873782,2.9294841,0.3031222,-0.0035038185,-0.023198618,2.3493445,3.3746789,2.9128296,-0.025719723,-0.009225501,-0.017161364,0.27075028,1.2310655
LAT,-0.031475425,1.8559096,-0.008098906,-0.015873782,2.9294841,0.3031222,-0.0035038185,-0.023198618,2.3493445,3.3746789,2.9128296,-0.025719723,-0.009225501,-0.017161364,0.27075028,1.2310655
LAX1,-0.031215636,1.9064963,-0.0076101124,-0.016283834,2.8720522,0.26566297,-0.003057828,-0.023545882,2.3149636,3.3139853,2.9338753,-0.025499115,-0.009348151,-0.017655572,0.3221335,1.2357987
LCK,-0.031475425,1.8559096,-0.008098906,-0.015873782,2.9294841,0.3031222,-0.0035038185,-0.023198618,2.3493445,3.3746789,2.9128296,-0.025719723,-0.009225501,-0.017161364,0.27075028,1.2310655
LCLAT1,-0.031458575,1.8564616,-0.008108636,-0.015889112,2.9301527,0.30349657,-0.0034956473,-0.023181153,2.3501375,3.3738346,2.9119534,-0.025723262,-0.0092122825,-0.017176848,0.27019,1.231846
LDAH,-0.031475425,1.8559096,-0.008098906,-0.015873782,2.9294841,0.3031222,-0.0035038185,-0.023198618,2.3493445,3.3746789,2.9128296,-0.025719723,-0.009225501,-0.017161364,0.27075028,1.2310655
LDB2,-0.031475425,1.8559096,-0.008098906,-0.015873782,2.9294841,0.3031222,-0.0035038185,-0.023198618,2.3493445,3.3746789,2.9128296,-0.025719723,-0.009225501,-0.017161364,0.27075028,1.2310655
LDHC,-0.031467874,1.8566695,-0.008086521,-0.01586074,2.9296646,0.30242714,-0.0035120873,-0.023198945,2.349007,3.37293,2.9140284,-0.025701502,-0.009232426,-0.017166106,0.27152255,1.2314482
LDLRAP1,-0.031475425,1.8559096,-0.008098906,-0.015873782,2.9294841,0.3031222,-0.0035038185,-0.023198618,2.3493445,3.3746789,2.9128296,-0.025719723,-0.009225501,-0.017161364,0.27075028,1.2310655
LEF1-AS1,-0.031475425,1.8559096,-0.008098906,-0.015873782,2.9294841,0.3031222,-0.0035038185,-0.023198618,2.3493445,3.3746789,2.9128296,-0.025719723,-0.009225501,-0.017161364,0.27075028,1.2310655
LEFTY2,-0.031475425,1.8559096,-0.008098906,-0.015873782,2.9294841,0.3031222,-0.0035038185,-0.023198618,2.3493445,3.3746789,2.9128296,-0.025719723,-0.009225501,-0.017161364,0.27075028,1.2310655
LEMD3,-0.031475425,1.8559096,-0.008098906,-0.015873782,2.9294841,0.3031222,-0.0035038185,-0.023198618,2.3493445,3.3746789,2.9128296,-0.025719723,-0.009225501,-0.017161364,0.27075028,1.2310655
LETM2,-0.031475425,1.8559096,-0.008098906,-0.015873782,2.9294841,0.3031222,-0.0035038185,-0.023198618,2.3493445,3.3746789,2.9128296,-0.025719723,-0.009225501,-0.017161364,0.27075028,1.2310655
LEXM,-0.031475425,1.8559096,-0.008098906,-0.015873782,2.9294841,0.3031222,-0.0035038185,-0.023198618,2.3493445,3.3746789,2.9128296,-0.025719723,-0.009225501,-0.017161364,0.27075028,1.2310655
LGALS8-AS1,-0.031475425,1.8559096,-0.008098906,-0.015873782,2.9294841,0.3031222,-0.0035038185,-0.023198618,2.3493445,3.3746789,2.9128296,-0.025719723,-0.009225501,-0.017161364,0.27075028,1.2310655
LGALS9B,-0.034074977,1.3098423,-0.0087715555,-0.0194718,2.739299,0.2082126,-0.00047216503,-0.024286218,2.1095293,2.8598838,2.533905,-0.023567013,-0.0050060214,-0.017466825,0.5036518,1.0191813
LGR6,-0.031475425,1.8559096,-0.008098906,-0.015873782,2.9294841,0.3031222,-0.0035038185,-0.023198618,2.3493445,3.3746789,2.9128296,-0.025719723,-0.009225501,-0.017161364,0.27075028,1.2310655
LHFPL1,-0.031468645,1.8554201,-0.0080761155,-0.015859943,2.9277492,0.30539098,-0.003499699,-0.023208069,2.3471122,3.3721201,2.913481,-0.025705313,-0.009227921,-0.017154422,0.27193785,1.2293975
LHX1-DT,-0.031475425,1.8559096,-0.008098906,-0.015873782,2.9294841,0.3031222,-0.0035038185,-0.023198618,2.3493445,3.3746789,2.9128296,-0.025719723,-0.009225501,-0.017161364,0.27075028,1.2310655
LIM2,-0.031475425,1.8559096,-0.008098906,-0.015873782,2.9294841,0.3031222,-0.0035038185,-0.023198618,2.3493445,3.3746789,2.9128296,-0.025719723,-0.009225501,-0.017161364,0.27075028,1.2310655
LIMA1,-0.031475425,1.8559096,-0.008098906,-0.015873782,2.9294841,0.3031222,-0.0035038185,-0.023198618,2.3493445,3.3746789,2.9128296,-0.025719723,-0.009225501,-0.017161364,0.27075028,1.2310655
LIME1,-0.028644226,2.047771,-0.003971434,-0.010979874,2.3991518,0.56768256,-0.00035181537,-0.018821117,1.8251395,3.286771,2.8315706,-0.019603902,-0.011270647,-0.0146897035,0.67027056,0.7994915
LIN7B,-0.027136836,1.8240168,-0.009266311,-0.014416294,2.9998238,0.6189444,-0.0077284756,-0.023865225,1.8066359,3.3279731,2.5685408,-0.024335403,-0.005698275,-0.019432481,0.5677488,0.8374876
LINC00092,-0.031458896,1.8563977,-0.008106631,-0.015888497,2.9299698,0.30368802,-0.0034964303,-0.023178855,2.350216,3.3739367,2.9120772,-0.025723305,-0.009213639,-0.017177006,0.2702312,1.2316544
LINC00237,-0.031666633,1.7828383,-0.008340033,-0.014688535,2.8917937,0.3721151,-0.0039404514,-0.02201431,2.416828,3.2194922,2.8670027,-0.023815589,-0.01058203,-0.015880264,0.122603156,1.1117353
LINC00240,-0.031475425,1.8559096,-0.008098906,-0.015873782,2.9294841,0.3031222,-0.0035038185,-0.023198618,2.3493445,3.3746789,2.9128296,-0.025719723,-0.009225501,-0.017161364,0.27075028,1.2310655
LINC00243,-0.031475425,1.8559096,-0.008098906,-0.015873782,2.9294841,0.3031222,-0.0035038185,-0.023198618,2.3493445,3.3746789,2.9128296,-0.025719723,-0.009225501,-0.017161364,0.27075028,1.2310655
LINC00299,-0.031475425,1.8559096,-0.008098906,-0.015873782,2.9294841,0.3031222,-0.0035038185,-0.023198618,2.3493445,3.3746789,2.9128296,-0.025719723,-0.009225501,-0.017161364,0.27075028,1.2310655
LINC00323,-0.031475425,1.8559096,-0.008098906,-0.015873782,2.9294841,0.3031222,-0.0035038185,-0.023198618,2.3493445,3.3746789,2.9128296,-0.025719723,-0.009225501,-0.017161364,0.27075028,1.2310655
LINC00390,-0.03148851,1.8555251,-0.008089539,-0.015888762,2.9283044,0.30149278,-0.0034893644,-0.023200795,2.3504481,3.372928,2.911487,-0.025720734,-0.009238552,-0.017152917,0.27027613,1.2320583
LINC00402,-0.03147575,1.8558457,-0.008096901,-0.015873168,2.9293013,0.30331364,-0.0035046015,-0.02319632,2.349423,3.374781,2.9129534,-0.025719766,-0.009226859,-0.017161522,0.27079147,1.230874
LINC00461,-0.031475425,1.8559096,-0.008098906,-0.015873782,2.9294841,0.3031222,-0.0035038185,-0.023198618,2.3493445,3.3746789,2.9128296,-0.025719723,-0.009225501,-0.017161364,0.27075028,1.2310655
LINC00469,-0.031475425,1.8559096,-0.008098906,-0.015873782,2.9294841,0.3031222,-0.0035038185,-0.023198618,2.3493445,3.3746789,2.9128296,-0.025719723,-0.009225501,-0.017161364,0.27075028,1.2310655
LINC00471,-0.031475425,1.8559096,-0.008098906,-0.015873782,2.9294841,0.3031222,-0.0035038185,-0.023198618,2.3493445,3.3746789,2.9128296,-0.025719723,-0.009225501,-0.017161364,0.27075028,1.2310655
LINC00502,-0.031475425,1.8559096,-0.008098906,-0.015873782,2.9294841,0.3031222,-0.0035038185,-0.023198618,2.3493445,3.3746789,2.9128296,-0.025719723,-0.009225501,-0.017161364,0.27075028,1.2310655
LINC00551,-0.031475425,1.8559096,-0.008098906,-0.015873782,2.9294841,0.3031222,-0.0035038185,-0.023198618,2.3493445,3.3746789,2.9128296,-0.025719723,-0.009225501,-0.017161364,0.27075028,1.2310655
LINC00554,-0.0313337,1.8673722,-0.008095628,-0.015906619,2.909199,0.2609112,-0.0035476636,-0.023304535,2.347851,3.337995,2.8860595,-0.025932359,-0.0089803245,-0.017272256,0.2525309,1.2407324
LINC00563,-0.031475425,1.8559096,-0.008098906,-0.015873782,2.9294841,0.3031222,-0.0035038185,-0.023198618,2.3493445,3.3746789,2.9128296,-0.025719723,-0.009225501,-0.017161364,0.27075028,1.2310655
LINC00582,-0.030792687,1.7494881,-0.0027444735,-0.013259403,2.9306023,-0.001019368,-0.0021434242,-0.021285726,2.1149755,3.490083,2.6580083,-0.025158081,-0.008455642,-0.01830693,0.5219057,1.3110136
LINC00612,-0.031475425,1.8559096,-0.008098906,-0.015873782,2.9294841,0.3031222,-0.0035038185,-0.023198618,2.3493445,3.3746789,2.9128296,-0.025719723,-0.009225501,-0.017161364,0.27075028,1.2310655
LINC00623,-0.031475425,1.8559096,-0.008098906,-0.015873782,2.9294841,0.3031222,-0.0035038185,-0.023198618,2.3493445,3.3746789,2.9128296,-0.025719723,-0.009225501,-0.017161364,0.27075028,1.2310655
LINC00649,-0.031475425,1.8559096,-0.008098906,-0.015873782,2.9294841,0.3031222,-0.0035038185,-0.023198618,2.3493445,3.3746789,2.9128296,-0.025719723,-0.009225501,-0.017161364,0.27075028,1.2310655
LINC00652,-0.031475425,1.8559096,-0.008098906,-0.015873782,2.9294841,0.3031222,-0.0035038185,-0.023198618,2.3493445,3.3746789,2.9128296,-0.025719723,-0.009225501,-0.017161364,0.27075028,1.2310655
LINC00661,-0.031475425,1.8559096,-0.008098906,-0.015873782,2.9294841,0.3031222,-0.0035038185,-0.023198618,2.3493445,3.3746789,2.9128296,-0.025719723,-0.009225501,-0.017161364,0.27075028,1.2310655
LINC00685,-0.031475425,1.8559096,-0.008098906,-0.015873782,2.9294841,0.3031222,-0.0035038185,-0.023198618,2.3493445,3.3746789,2.9128296,-0.025719723,-0.009225501,-0.017161364,0.27075028,1.2310655
LINC00850,-0.031475425,1.8559096,-0.008098906,-0.015873782,2.9294841,0.3031222,-0.0035038185,-0.023198618,2.3493445,3.3746789,2.9128296,-0.025719723,-0.009225501,-0.017161364,0.27075028,1.2310655
LINC00867,-0.031475425,1.8559096,-0.008098906,-0.015873782,2.9294841,0.3031222,-0.0035038185,-0.023198618,2.3493445,3.3746789,2.9128296,-0.025719723,-0.009225501,-0.017161364,0.27075028,1.2310655
LINC00882,-0.031475425,1.8559096,-0.008098906,-0.015873782,2.9294841,0.3031222,-0.0035038185,-0.023198618,2.3493445,3.3746789,2.9128296,-0.025719723,-0.009225501,-0.017161364,0.27075028,1.2310655
LINC00926,-0.031475425,1.8559096,-0.008098906,-0.015873782,2.9294841,0.3031222,-0.0035038185,-0.023198618,2.3493445,3.3746789,2.9128296,-0.025719723,-0.009225501,-0.017161364,0.27075028,1.2310655
LINC00944,-0.031475425,1.8559096,-0.008098906,-0.015873782,2.9294841,0.3031222,-0.0035038185,-0.023198618,2.3493445,3.3746789,2.9128296,-0.025719723,-0.009225501,-0.017161364,0.27075028,1.2310655
LINC00970,-0.031475425,1.8559096,-0.008098906,-0.015873782,2.9294841,0.3031222,-0.0035038185,-0.023198618,2.3493445,3.3746789,2.9128296,-0.025719723,-0.009225501,-0.017161364,0.27075028,1.2310655
LINC01004,-0.031475425,1.8559096,-0.008098906,-0.015873782,2.9294841,0.3031222,-0.0035038185,-0.023198618,2.3493445,3.3746789,2.9128296,-0.025719723,-0.009225501,-0.017161364,0.27075028,1.2310655
LINC01033,-0.031475425,1.8559096,-0.008098906,-0.015873782,2.9294841,0.3031222,-0.0035038185,-0.023198618,2.3493445,3.3746789,2.9128296,-0.025719723,-0.009225501,-0.017161364,0.27075028,1.2310655
LINC01063,-0.031475425,1.8559096,-0.008098906,-0.015873782,2.9294841,0.3031222,-0.0035038185,-0.023198618,2.3493445,3.3746789,2.9128296,-0.025719723,-0.009225501,-0.017161364,0.27075028,1.2310655
LINC01077,-0.031475425,1.8559096,-0.008098906,-0.015873782,2.9294841,0.3031222,-0.0035038185,-0.023198618,2.3493445,3.3746789,2.9128296,-0.025719723,-0.009225501,-0.017161364,0.27075028,1.2310655
LINC01135,-0.031475425,1.8559096,-0.008098906,-0.015873782,2.9294841,0.3031222,-0.0035038185,-0.023198618,2.3493445,3.3746789,2.9128296,-0.025719723,-0.009225501,-0.017161364,0.27075028,1.2310655
LINC01151,-0.031478506,1.8553385,-0.0081128515,-0.0158729,2.9310913,0.3027985,-0.0035141045,-0.023208523,2.346136,3.3745625,2.9107852,-0.025703715,-0.009239115,-0.017173517,0.27238,1.230591
LINC01232,-0.031475425,1.8559096,-0.008098906,-0.015873782,2.9294841,0.3031222,-0.0035038185,-0.023198618,2.3493445,3.3746789,2.9128296,-0.025719723,-0.009225501,-0.017161364,0.27075028,1.2310655
LINC01237,-0.031475425,1.8559096,-0.008098906,-0.015873782,2.9294841,0.3031222,-0.0035038185,-0.023198618,2.3493445,3.3746789,2.9128296,-0.025719723,-0.009225501,-0.017161364,0.27075028,1.2310655
LINC01278,-0.031475425,1.8559096,-0.008098906,-0.015873782,2.9294841,0.3031222,-0.0035038185,-0.023198618,2.3493445,3.3746789,2.9128296,-0.025719723,-0.009225501,-0.017161364,0.27075028,1.2310655
LINC01315,-0.031480778,1.8563311,-0.008090217,-0.01586424,2.929058,0.30350384,-0.0035124028,-0.023174724,2.3478067,3.37618,2.9114192,-0.025716892,-0.0092306705,-0.017155621,0.27089724,1.2311937
LINC01381,-0.031475425,1.8559096,-0.008098906,-0.015873782,2.9294841,0.3031222,-0.0035038185,-0.023198618,2.3493445,3.3746789,2.9128296,-0.025719723,-0.009225501,-0.017161364,0.27075028,1.2310655
LINC01413,-0.031469192,1.8552982,-0.008074602,-0.015858293,2.9279275,0.3052632,-0.0035016362,-0.023206731,2.3471637,3.3723211,2.9134946,-0.025706239,-0.009227169,-0.017154982,0.27185017,1.229245
LINC01426,-0.031475425,1.8559096,-0.008098906,-0.015873782,2.9294841,0.3031222,-0.0035038185,-0.023198618,2.3493445,3.3746789,2.9128296,-0.025719723,-0.009225501,-0.017161364,0.27075028,1.2310655
LINC01431,-0.031475425,1.8559096,-0.008098906,-0.015873782,2.9294841,0.3031222,-0.0035038185,-0.023198618,2.3493445,3.3746789,2.9128296,-0.025719723,-0.009225501,-0.017161364,0.27075028,1.2310655
LINC01524,-0.031475425,1.8559096,-0.008098906,-0.015873782,2.9294841,0.3031222,-0.0035038185,-0.023198618,2.3493445,3.3746789,2.9128296,-0.025719723,-0.009225501,-0.017161364,0.27075028,1.2310655
LINC01550,-0.031475425,1.8559096,-0.008098906,-0.015873782,2.9294841,0.3031222,-0.0035038185,-0.023198618,2.3493445,3.3746789,2.9128296,-0.025719723,-0.009225501,-0.017161364,0.27075028,1.2310655
LINC01585,-0.029042615,1.307198,-0.012907376,-0.011162886,2.1797936,0.017672645,-0.004400254,-0.025513977,1.5255251,2.7885387,2.6890678,-0.023448719,-0.012949664,-0.010947382,0.41374564,0.70960885
LINC01588,-0.031475425,1.8559096,-0.008098906,-0.015873782,2.9294841,0.3031222,-0.0035038185,-0.023198618,2.3493445,3.3746789,2.9128296,-0.025719723,-0.009225501,-0.017161364,0.27075028,1.2310655
LINC01679,-0.031475425,1.8559096,-0.008098906,-0.015873782,2.9294841,0.3031222,-0.0035038185,-0.023198618,2.3493445,3.3746789,2.9128296,-0.025719723,-0.009225501,-0.017161364,0.27075028,1.2310655
LINC01695,-0.03147517,1.8555561,-0.008099716,-0.015873434,2.929215,0.30332246,-0.0035020171,-0.023201777,2.3488286,3.374197,2.9122941,-0.025724964,-0.009224802,-0.017156124,0.2703023,1.231308
LINC01716,-0.031475425,1.8559096,-0.008098906,-0.015873782,2.9294841,0.3031222,-0.0035038185,-0.023198618,2.3493445,3.3746789,2.9128296,-0.025719723,-0.009225501,-0.017161364,0.27075028,1.2310655
LINC01725,-0.031475425,1.8559096,-0.008098906,-0.015873782,2.9294841,0.3031222,-0.0035038185,-0.023198618,2.3493445,3.3746789,2.9128296,-0.025719723,-0.009225501,-0.017161364,0.27075028,1.2310655
LINC01727,-0.031475425,1.8559096,-0.008098906,-0.015873782,2.9294841,0.3031222,-0.0035038185,-0.023198618,2.3493445,3.3746789,2.9128296,-0.025719723,-0.009225501,-0.017161364,0.27075028,1.2310655
LINC01764,-0.031475425,1.8559096,-0.008098906,-0.015873782,2.9294841,0.3031222,-0.0035038185,-0.023198618,2.3493445,3.3746789,2.9128296,-0.025719723,-0.009225501,-0.017161364,0.27075028,1.2310655
LINC01765,-0.031467874,1.8566695,-0.008086521,-0.01586074,2.9296646,0.30242714,-0.0035120873,-0.023198945,2.349007,3.37293,2.9140284,-0.025701502,-0.009232426,-0.017166106,0.27152255,1.2314482
LINC01775,-0.031475425,1.8559096,-0.008098906,-0.015873782,2.9294841,0.3031222,-0.0035038185,-0.023198618,2.3493445,3.3746789,2.9128296,-0.025719723,-0.009225501,-0.017161364,0.27075028,1.2310655
LINC01778,-0.03148967,1.8552268,-0.00812077,-0.015862681,2.9305851,0.3025487,-0.0035178612,-0.023208646,2.3459468,3.3739064,2.9099536,-0.025698189,-0.009244436,-0.017176982,0.27135617,1.2301446
LINC01780,-0.031475425,1.8559096,-0.008098906,-0.015873782,2.9294841,0.3031222,-0.0035038185,-0.023198618,2.3493445,3.3746789,2.9128296,-0.025719723,-0.009225501,-0.017161364,0.27075028,1.2310655
LINC01792,-0.031475425,1.8559096,-0.008098906,-0.015873782,2.9294841,0.3031222,-0.0035038185,-0.023198618,2.3493445,3.3746789,2.9128296,-0.025719723,-0.009225501,-0.017161364,0.27075028,1.2310655
LINC01805,-0.031475425,1.8559096,-0.008098906,-0.015873782,2.9294841,0.3031222,-0.0035038185,-0.023198618,2.3493445,3.3746789,2.9128296,-0.025719723,-0.009225501,-0.017161364,0.27075028,1.2310655
LINC01816,-0.031475425,1.8559096,-0.008098906,-0.015873782,2.9294841,0.3031222,-0.0035038185,-0.023198618,2.3493445,3.3746789,2.9128296,-0.025719723,-0.009225501,-0.017161364,0.27075028,1.2310655
LINC01825,-0.031478506,1.8553385,-0.0081128515,-0.0158729,2.9310913,0.3027985,-0.0035141045,-0.023208523,2.346136,3.3745625,2.9107852,-0.025703715,-0.009239115,-0.017173517,0.27238,1.230591
LINC01829,-0.031475425,1.8559096,-0.008098906,-0.015873782,2.9294841,0.3031222,-0.0035038185,-0.023198618,2.3493445,3.3746789,2.9128296,-0.025719723,-0.009225501,-0.017161364,0.27075028,1.2310655
LINC01841,-0.02865178,2.0470111,-0.00398382,-0.010992918,2.3989716,0.5683776,-0.00034354642,-0.01882079,1.8254774,3.2885199,2.8303719,-0.019622121,-0.0112637235,-0.014684963,0.6694983,0.79910886
LINC01843,-0.031488255,1.8551717,-0.008090349,-0.015888413,2.9280353,0.30169305,-0.003487563,-0.023203954,2.3499322,3.372446,2.9109516,-0.025725974,-0.009237854,-0.017147677,0.26982814,1.2323008
LINC01857,-0.031475425,1.8559096,-0.008098906,-0.015873782,2.9294841,0.3031222,-0.0035038185,-0.023198618,2.3493445,3.3746789,2.9128296,-0.025719723,-0.009225501,-0.017161364,0.27075028,1.2310655
LINC01865,-0.031475425,1.8559096,-0.008098906,-0.015873782,2.9294841,0.3031222,-0.0035038185,-0.023198618,2.3493445,3.3746789,2.9128296,-0.025719723,-0.009225501,-0.017161364,0.27075028,1.2310655
LINC01870,-0.031475425,1.8559096,-0.008098906,-0.015873782,2.9294841,0.3031222,-0.0035038185,-0.023198618,2.3493445,3.3746789,2.9128296,-0.025719723,-0.009225501,-0.017161364,0.27075028,1.2310655
LINC01871,-0.031475425,1.8559096,-0.008098906,-0.015873782,2.9294841,0.3031222,-0.0035038185,-0.023198618,2.3493445,3.3746789,2.9128296,-0.025719723,-0.009225501,-0.017161364,0.27075028,1.2310655
LINC01872,-0.031472757,1.8557072,-0.008094578,-0.015873425,2.9290566,0.3026363,-0.0035026984,-0.023198549,2.3490381,3.3749695,2.912435,-0.025712237,-0.009234702,-0.017166728,0.27025354,1.2313015
LINC01876,-0.031475425,1.8559096,-0.008098906,-0.015873782,2.9294841,0.3031222,-0.0035038185,-0.023198618,2.3493445,3.3746789,2.9128296,-0.025719723,-0.009225501,-0.017161364,0.27075028,1.2310655
LINC01887,-0.034074977,1.3098423,-0.0087715555,-0.0194718,2.739299,0.2082126,-0.00047216503,-0.024286218,2.1095293,2.8598838,2.533905,-0.023567013,-0.0050060214,-0.017466825,0.5036518,1.0191813
LINC01891,-0.031475425,1.8559096,-0.008098906,-0.015873782,2.9294841,0.3031222,-0.0035038185,-0.023198618,2.3493445,3.3746789,2.9128296,-0.025719723,-0.009225501,-0.017161364,0.27075028,1.2310655
LINC01895,-0.031205844,1.9054899,-0.0076075443,-0.016291194,2.871641,0.26477396,-0.003059153,-0.023540948,2.3140776,3.3143666,2.9347296,-0.025496887,-0.009351532,-0.017653702,0.32254335,1.2362149
LINC01964,-0.031475425,1.8559096,-0.008098906,-0.015873782,2.9294841,0.3031222,-0.0035038185,-0.023198618,2.3493445,3.3746789,2.9128296,-0.025719723,-0.009225501,-0.017161364,0.27075028,1.2310655
LINC01970,-0.031475425,1.8559096,-0.008098906,-0.015873782,2.9294841,0.3031222,-0.0035038185,-0.023198618,2.3493445,3.3746789,2.9128296,-0.025719723,-0.009225501,-0.017161364,0.27075028,1.2310655
LINC01973,-0.031475425,1.8559096,-0.008098906,-0.015873782,2.9294841,0.3031222,-0.0035038185,-0.023198618,2.3493445,3.3746789,2.9128296,-0.025719723,-0.009225501,-0.017161364,0.27075028,1.2310655
LINC01983,-0.031474877,1.8560315,-0.008100419,-0.015875433,2.9293058,0.30324998,-0.0035018818,-0.023199955,2.3492932,3.3744779,2.912816,-0.025718803,-0.009226253,-0.017160803,0.27083796,1.2312182
LINC01985,-0.031475425,1.8559096,-0.008098906,-0.015873782,2.9294841,0.3031222,-0.0035038185,-0.023198618,2.3493445,3.3746789,2.9128296,-0.025719723,-0.009225501,-0.017161364,0.27075028,1.2310655
LINC01986,-0.031475425,1.8559096,-0.008098906,-0.015873782,2.9294841,0.3031222,-0.0035038185,-0.023198618,2.3493445,3.3746789,2.9128296,-0.025719723,-0.009225501,-0.017161364,0.27075028,1.2310655
LINC01991,-0.029042615,1.307198,-0.012907376,-0.011162886,2.1797936,0.017672645,-0.004400254,-0.025513977,1.5255251,2.7885387,2.6890678,-0.023448719,-0.012949664,-0.010947382,0.41374564,0.70960885
LINC02022,-0.031475425,1.8559096,-0.008098906,-0.015873782,2.9294841,0.3031222,-0.0035038185,-0.023198618,2.3493445,3.3746789,2.9128296,-0.025719723,-0.009225501,-0.017161364,0.27075028,1.2310655
LINC02029,-0.031475425,1.8559096,-0.008098906,-0.015873782,2.9294841,0.3031222,-0.0035038185,-0.023198618,2.3493445,3.3746789,2.9128296,-0.025719723,-0.009225501,-0.017161364,0.27075028,1.2310655
LINC02042,-0.031475425,1.8559096,-0.008098906,-0.015873782,2.9294841,0.3031222,-0.0035038185,-0.023198618,2.3493445,3.3746789,2.9128296,-0.025719723,-0.009225501,-0.017161364,0.27075028,1.2310655
LINC02084,-0.031339303,1.8682848,-0.00808809,-0.015901377,2.9096599,0.2619709,-0.0035461145,-0.023308255,2.3491251,3.3380678,2.8859878,-0.025923265,-0.008983571,-0.017267866,0.25151762,1.2417654
LINC02125,-0.031475425,1.8559096,-0.008098906,-0.015873782,2.9294841,0.3031222,-0.0035038185,-0.023198618,2.3493445,3.3746789,2.9128296,-0.025719723,-0.009225501,-0.017161364,0.27075028,1.2310655
LINC02129,-0.031475425,1.8559096,-0.008098906,-0.015873782,2.9294841,0.3031222,-0.0035038185,-0.023198618,2.3493445,3.3746789,2.9128296,-0.025719723,-0.009225501,-0.017161364,0.27075028,1.2310655
LINC02132,-0.026801094,1.9635823,-0.0050175968,-0.019113362,2.3194375,0.40429926,-6.0457063e-05,-0.016353551,2.7063785,2.8792105,2.5543191,-0.026574897,-0.010913961,-0.01393463,-0.002243994,1.3196925
LINC02136,-0.031475425,1.8559096,-0.008098906,-0.015873782,2.9294841,0.3031222,-0.0035038185,-0.023198618,2.3493445,3.3746789,2.9128296,-0.025719723,-0.009225501,-0.017161364,0.27075028,1.2310655
LINC02175,-0.031475425,1.8559096,-0.008098906,-0.015873782,2.9294841,0.3031222,-0.0035038185,-0.023198618,2.3493445,3.3746789,2.9128296,-0.025719723,-0.009225501,-0.017161364,0.27075028,1.2310655
LINC02197,-0.031474393,1.8551507,-0.00810886,-0.015893292,2.9285014,0.30166778,-0.0035277235,-0.02320466,2.3490684,3.3750174,2.912139,-0.025713887,-0.009202446,-0.017142035,0.2682503,1.2314396
LINC02265,-0.031465635,1.8570362,-0.008113194,-0.015855499,2.9299557,0.30276975,-0.0035122966,-0.023202628,2.3477943,3.3744884,2.9130175,-0.025719332,-0.009239676,-0.017143922,0.26992935,1.2290561
LINC02273,-0.031475425,1.8559096,-0.008098906,-0.015873782,2.9294841,0.3031222,-0.0035038185,-0.023198618,2.3493445,3.3746789,2.9128296,-0.025719723,-0.009225501,-0.017161364,0.27075028,1.2310655
LINC02288,-0.031475425,1.8559096,-0.008098906,-0.015873782,2.9294841,0.3031222,-0.0035038185,-0.023198618,2.3493445,3.3746789,2.9128296,-0.025719723,-0.009225501,-0.017161364,0.27075028,1.2310655
LINC02299,-0.031486593,1.8557979,-0.008106825,-0.015863566,2.9289782,0.3028724,-0.0035075753,-0.02319874,2.3491552,3.3740227,2.911998,-0.025714202,-0.009230822,-0.017164828,0.26972646,1.2306191
LINC02320,-0.031475425,1.8559096,-0.008098906,-0.015873782,2.9294841,0.3031222,-0.0035038185,-0.023198618,2.3493445,3.3746789,2.9128296,-0.025719723,-0.009225501,-0.017161364,0.27075028,1.2310655
LINC02321,-0.031465635,1.8570362,-0.008113194,-0.015855499,2.9299557,0.30276975,-0.0035122966,-0.023202628,2.3477943,3.3744884,2.9130175,-0.025719332,-0.009239676,-0.017143922,0.26992935,1.2290561
LINC02323,-0.031475425,1.8559096,-0.008098906,-0.015873782,2.9294841,0.3031222,-0.0035038185,-0.023198618,2.3493445,3.3746789,2.9128296,-0.025719723,-0.009225501,-0.017161364,0.27075028,1.2310655
LINC02336,-0.031475425,1.8559096,-0.008098906,-0.015873782,2.9294841,0.3031222,-0.0035038185,-0.023198618,2.3493445,3.3746789,2.9128296,-0.025719723,-0.009225501,-0.017161364,0.27075028,1.2310655
LINC02399,-0.031475425,1.8559096,-0.008098906,-0.015873782,2.9294841,0.3031222,-0.0035038185,-0.023198618,2.3493445,3.3746789,2.9128296,-0.025719723,-0.009225501,-0.017161364,0.27075028,1.2310655
LINC02404,-0.031475425,1.8559096,-0.008098906,-0.015873782,2.9294841,0.3031222,-0.0035038185,-0.023198618,2.3493445,3.3746789,2.9128296,-0.025719723,-0.009225501,-0.017161364,0.27075028,1.2310655
LINC02426,-0.031475425,1.8559096,-0.008098906,-0.015873782,2.9294841,0.3031222,-0.0035038185,-0.023198618,2.3493445,3.3746789,2.9128296,-0.025719723,-0.009225501,-0.017161364,0.27075028,1.2310655
LINC02442,-0.031469002,1.8553501,-0.008100709,-0.01588021,2.9299195,0.30333546,-0.0034991305,-0.02319875,2.3499444,3.3742843,2.9126964,-0.025712695,-0.009230786,-0.017164707,0.26992708,1.2311385
LINC02446,-0.031475425,1.8559096,-0.008098906,-0.015873782,2.9294841,0.3031222,-0.0035038185,-0.023198618,2.3493445,3.3746789,2.9128296,-0.025719723,-0.009225501,-0.017161364,0.27075028,1.2310655
LINC02447,-0.031475425,1.8559096,-0.008098906,-0.015873782,2.9294841,0.3031222,-0.0035038185,-0.023198618,2.3493445,3.3746789,2.9128296,-0.025719723,-0.009225501,-0.017161364,0.27075028,1.2310655
LINC02452,-0.031475425,1.8559096,-0.008098906,-0.015873782,2.9294841,0.3031222,-0.0035038185,-0.023198618,2.3493445,3.3746789,2.9128296,-0.025719723,-0.009225501,-0.017161364,0.27075028,1.2310655
LINC02455,-0.031478506,1.8553385,-0.0081128515,-0.0158729,2.9310913,0.3027985,-0.0035141045,-0.023208523,2.346136,3.3745625,2.9107852,-0.025703715,-0.009239115,-0.017173517,0.27238,1.230591
LINC02520,-0.031475425,1.8559096,-0.008098906,-0.015873782,2.9294841,0.3031222,-0.0035038185,-0.023198618,2.3493445,3.3746789,2.9128296,-0.025719723,-0.009225501,-0.017161364,0.27075028,1.2310655
LINC02558,-0.031475425,1.8559096,-0.008098906,-0.015873782,2.9294841,0.3031222,-0.0035038185,-0.023198618,2.3493445,3.3746789,2.9128296,-0.025719723,-0.009225501,-0.017161364,0.27075028,1.2310655
LINC02561,-0.031475425,1.8559096,-0.008098906,-0.015873782,2.9294841,0.3031222,-0.0035038185,-0.023198618,2.3493445,3.3746789,2.9128296,-0.025719723,-0.009225501,-0.017161364,0.27075028,1.2310655
LINC02569,-0.031468365,1.857468,-0.008111204,-0.01588175,2.930564,0.30438557,-0.0034943223,-0.023186088,2.3510234,3.3734534,2.9110992,-0.025725488,-0.009208901,-0.01717872,0.26978016,1.2314298
LINC02580,-0.031475425,1.8559096,-0.008098906,-0.015873782,2.9294841,0.3031222,-0.0035038185,-0.023198618,2.3493445,3.3746789,2.9128296,-0.025719723,-0.009225501,-0.017161364,0.27075028,1.2310655
LINC02685,-0.031474877,1.8560315,-0.008100419,-0.015875433,2.9293058,0.30324998,-0.0035018818,-0.023199955,2.3492932,3.3744779,2.912816,-0.025718803,-0.009226253,-0.017160803,0.27083796,1.2312182
LINC02694,-0.031475425,1.8559096,-0.008098906,-0.015873782,2.9294841,0.3031222,-0.0035038185,-0.023198618,2.3493445,3.3746789,2.9128296,-0.025719723,-0.009225501,-0.017161364,0.27075028,1.2310655
LINC02695,-0.031475425,1.8559096,-0.008098906,-0.015873782,2.9294841,0.3031222,-0.0035038185,-0.023198618,2.3493445,3.3746789,2.9128296,-0.025719723,-0.009225501,-0.017161364,0.27075028,1.2310655
LINC02696,-0.031475425,1.8559096,-0.008098906,-0.015873782,2.9294841,0.3031222,-0.0035038185,-0.023198618,2.3493445,3.3746789,2.9128296,-0.025719723,-0.009225501,-0.017161364,0.27075028,1.2310655
LINC02725,-0.025056645,1.4080817,-0.008266316,-0.01753453,2.9541168,0.087179065,-0.0029407025,-0.01757162,2.2793818,3.0951498,2.7463908,-0.019212734,-0.008362729,-0.01843475,0.056422893,1.6515135
LINC02730,-0.031475425,1.8559096,-0.008098906,-0.015873782,2.9294841,0.3031222,-0.0035038185,-0.023198618,2.3493445,3.3746789,2.9128296,-0.025719723,-0.009225501,-0.017161364,0.27075028,1.2310655
LINC02761,-0.031475425,1.8559096,-0.008098906,-0.015873782,2.9294841,0.3031222,-0.0035038185,-0.023198618,2.3493445,3.3746789,2.9128296,-0.025719723,-0.009225501,-0.017161364,0.27075028,1.2310655
LINC02768,-0.031475425,1.8559096,-0.008098906,-0.015873782,2.9294841,0.3031222,-0.0035038185,-0.023198618,2.3493445,3.3746789,2.9128296,-0.025719723,-0.009225501,-0.017161364,0.27075028,1.2310655
LINC02774,-0.031475425,1.8559096,-0.008098906,-0.015873782,2.9294841,0.3031222,-0.0035038185,-0.023198618,2.3493445,3.3746789,2.9128296,-0.025719723,-0.009225501,-0.017161364,0.27075028,1.2310655
LINC02828,-0.031475425,1.8559096,-0.008098906,-0.015873782,2.9294841,0.3031222,-0.0035038185,-0.023198618,2.3493445,3.3746789,2.9128296,-0.025719723,-0.009225501,-0.017161364,0.27075028,1.2310655
LINC02851,-0.031475425,1.8559096,-0.008098906,-0.015873782,2.9294841,0.3031222,-0.0035038185,-0.023198618,2.3493445,3.3746789,2.9128296,-0.025719723,-0.009225501,-0.017161364,0.27075028,1.2310655
LINGO2,-0.031475425,1.8559096,-0.008098906,-0.015873782,2.9294841,0.3031222,-0.0035038185,-0.023198618,2.3493445,3.3746789,2.9128296,-0.025719723,-0.009225501,-0.017161364,0.27075028,1.2310655
LINGO4,-0.031475425,1.8559096,-0.008098906,-0.015873782,2.9294841,0.3031222,-0.0035038185,-0.023198618,2.3493445,3.3746789,2.9128296,-0.025719723,-0.009225501,-0.017161364,0.27075028,1.2310655
LIPC,-0.027136836,1.8240168,-0.009266311,-0.014416294,2.9998238,0.6189444,-0.0077284756,-0.023865225,1.8066359,3.3279731,2.5685408,-0.024335403,-0.005698275,-0.019432481,0.5677488,0.8374876
LIX1-AS1,-0.031475425,1.8559096,-0.008098906,-0.015873782,2.9294841,0.3031222,-0.0035038185,-0.023198618,2.3493445,3.3746789,2.9128296,-0.025719723,-0.009225501,-0.017161364,0.27075028,1.2310655
LLGL2,-0.031475425,1.8559096,-0.008098906,-0.015873782,2.9294841,0.3031222,-0.0035038185,-0.023198618,2.3493445,3.3746789,2.9128296,-0.025719723,-0.009225501,-0.017161364,0.27075028,1.2310655
LMTK3,-0.031475425,1.8559096,-0.008098906,-0.015873782,2.9294841,0.3031222,-0.0035038185,-0.023198618,2.3493445,3.3746789,2.9128296,-0.025719723,-0.009225501,-0.017161364,0.27075028,1.2310655
LNCTAM34A,-0.031475425,1.8559096,-0.008098906,-0.015873782,2.9294841,0.3031222,-0.0035038185,-0.023198618,2.3493445,3.3746789,2.9128296,-0.025719723,-0.009225501,-0.017161364,0.27075028,1.2310655
LPAR3,-0.031475425,1.8559096,-0.008098906,-0.015873782,2.9294841,0.3031222,-0.0035038185,-0.023198618,2.3493445,3.3746789,2.9128296,-0.025719723,-0.009225501,-0.017161364,0.27075028,1.2310655
LPGAT1-AS1,-0.031475425,1.8559096,-0.008098906,-0.015873782,2.9294841,0.3031222,-0.0035038185,-0.023198618,2.3493445,3.3746789,2.9128296,-0.025719723,-0.009225501,-0.017161364,0.27075028,1.2310655
LRAT,-0.031475425,1.8559096,-0.008098906,-0.015873782,2.9294841,0.3031222,-0.0035038185,-0.023198618,2.3493445,3.3746789,2.9128296,-0.025719723,-0.009225501,-0.017161364,0.27075028,1.2310655
LRFN2,-0.031475425,1.8559096,-0.008098906,-0.015873782,2.9294841,0.3031222,-0.0035038185,-0.023198618,2.3493445,3.3746789,2.9128296,-0.025719723,-0.009225501,-0.017161364,0.27075028,1.2310655
LRIF1,-0.031475425,1.8559096,-0.008098906,-0.015873782,2.9294841,0.3031222,-0.0035038185,-0.023198618,2.3493445,3.3746789,2.9128296,-0.025719723,-0.009225501,-0.017161364,0.27075028,1.2310655
LRIG1,-0.031475425,1.8559096,-0.008098906,-0.015873782,2.9294841,0.3031222,-0.0035038185,-0.023198618,2.3493445,3.3746789,2.9128296,-0.025719723,-0.009225501,-0.017161364,0.27075028,1.2310655
LRMDA,-0.031472757,1.8557072,-0.008094578,-0.015873425,2.9290566,0.3026363,-0.0035026984,-0.023198549,2.3490381,3.3749695,2.912435,-0.025712237,-0.009234702,-0.017166728,0.27025354,1.2313015
LRP1B,-0.031475425,1.8559096,-0.008098906,-0.015873782,2.9294841,0.3031222,-0.0035038185,-0.023198618,2.3493445,3.3746789,2.9128296,-0.025719723,-0.009225501,-0.017161364,0.27075028,1.2310655
LRP2,-0.031475425,1.8559096,-0.008098906,-0.015873782,2.9294841,0.3031222,-0.0035038185,-0.023198618,2.3493445,3.3746789,2.9128296,-0.025719723,-0.009225501,-0.017161364,0.27075028,1.2310655
LRP5,-0.031475425,1.8559096,-0.008098906,-0.015873782,2.9294841,0.3031222,-0.0035038185,-0.023198618,2.3493445,3.3746789,2.9128296,-0.025719723,-0.009225501,-0.017161364,0.27075028,1.2310655
LRP6,-0.031475425,1.8559096,-0.008098906,-0.015873782,2.9294841,0.3031222,-0.0035038185,-0.023198618,2.3493445,3.3746789,2.9128296,-0.025719723,-0.009225501,-0.017161364,0.27075028,1.2310655
LRRC14B,-0.031475425,1.8559096,-0.008098906,-0.015873782,2.9294841,0.3031222,-0.0035038185,-0.023198618,2.3493445,3.3746789,2.9128296,-0.025719723,-0.009225501,-0.017161364,0.27075028,1.2310655
LRRC63,-0.031475425,1.8559096,-0.008098906,-0.015873782,2.9294841,0.3031222,-0.0035038185,-0.023198618,2.3493445,3.3746789,2.9128296,-0.025719723,-0.009225501,-0.017161364,0.27075028,1.2310655
LRRC9,-0.031475425,1.8559096,-0.008098906,-0.015873782,2.9294841,0.3031222,-0.0035038185,-0.023198618,2.3493445,3.3746789,2.9128296,-0.025719723,-0.009225501,-0.017161364,0.27075028,1.2310655
LRRCC1,-0.031475425,1.8559096,-0.008098906,-0.015873782,2.9294841,0.3031222,-0.0035038185,-0.023198618,2.3493445,3.3746789,2.9128296,-0.025719723,-0.009225501,-0.017161364,0.27075028,1.2310655
LRRIQ3,-0.031475425,1.8559096,-0.008098906,-0.015873782,2.9294841,0.3031222,-0.0035038185,-0.023198618,2.3493445,3.3746789,2.9128296,-0.025719723,-0.009225501,-0.017161364,0.27075028,1.2310655
LRRN1,-0.031475425,1.8559096,-0.008098906,-0.015873782,2.9294841,0.3031222,-0.0035038185,-0.023198618,2.3493445,3.3746789,2.9128296,-0.025719723,-0.009225501,-0.017161364,0.27075028,1.2310655
LRRN3,-0.031475425,1.8559096,-0.008098906,-0.015873782,2.9294841,0.3031222,-0.0035038185,-0.023198618,2.3493445,3.3746789,2.9128296,-0.025719723,-0.009225501,-0.017161364,0.27075028,1.2310655
LRTM1,-0.031475425,1.8559096,-0.008098906,-0.015873782,2.9294841,0.3031222,-0.0035038185,-0.023198618,2.3493445,3.3746789,2.9128296,-0.025719723,-0.009225501,-0.017161364,0.27075028,1.2310655
LSR,-0.031475425,1.8559096,-0.008098906,-0.015873782,2.9294841,0.3031222,-0.0035038185,-0.023198618,2.3493445,3.3746789,2.9128296,-0.025719723,-0.009225501,-0.017161364,0.27075028,1.2310655
LTBP1,-0.031475425,1.8559096,-0.008098906,-0.015873782,2.9294841,0.3031222,-0.0035038185,-0.023198618,2.3493445,3.3746789,2.9128296,-0.025719723,-0.009225501,-0.017161364,0.27075028,1.2310655
LTBP3,-0.031475425,1.8559096,-0.008098906,-0.015873782,2.9294841,0.3031222,-0.0035038185,-0.023198618,2.3493445,3.3746789,2.9128296,-0.025719723,-0.009225501,-0.017161364,0.27075028,1.2310655
LTBP4,-0.031475425,1.8559096,-0.008098906,-0.015873782,2.9294841,0.3031222,-0.0035038185,-0.023198618,2.3493445,3.3746789,2.9128296,-0.025719723,-0.009225501,-0.017161364,0.27075028,1.2310655
LURAP1,-0.031475425,1.8559096,-0.008098906,-0.015873782,2.9294841,0.3031222,-0.0035038185,-0.023198618,2.3493445,3.3746789,2.9128296,-0.025719723,-0.009225501,-0.017161364,0.27075028,1.2310655
LY6E-DT,-0.031475425,1.8559096,-0.008098906,-0.015873782,2.9294841,0.3031222,-0.0035038185,-0.023198618,2.3493445,3.3746789,2.9128296,-0.025719723,-0.009225501,-0.017161364,0.27075028,1.2310655
LY9,-0.027139915,1.8234457,-0.009280256,-0.014415409,3.0014307,0.61862075,-0.0077387616,-0.02387513,1.8034275,3.3278568,2.5664964,-0.024319395,-0.0057118884,-0.019444635,0.5693785,0.8370132
LZTS1,-0.031590853,1.8626393,-0.0073070326,-0.014225706,2.8043349,0.026236514,-0.0019303489,-0.025338355,2.218582,3.1349585,2.852901,-0.024625272,-0.008734765,-0.015460319,0.4613555,1.2112337
MADCAM1,-0.031475425,1.8559096,-0.008098906,-0.015873782,2.9294841,0.3031222,-0.0035038185,-0.023198618,2.3493445,3.3746789,2.9128296,-0.025719723,-0.009225501,-0.017161364,0.27075028,1.2310655
MAF,-0.031472053,1.8558805,-0.008101813,-0.0158728,2.9295986,0.3034636,-0.0035083024,-0.02319637,2.3494844,3.3747349,2.9126942,-0.02572029,-0.009224059,-0.017161403,0.27030152,1.2310551
MAFA,-0.031486593,1.8557979,-0.008106825,-0.015863566,2.9289782,0.3028724,-0.0035075753,-0.02319874,2.3491552,3.3740227,2.911998,-0.025714202,-0.009230822,-0.017164828,0.26972646,1.2306191
MAGED1,-0.031475425,1.8559096,-0.008098906,-0.015873782,2.9294841,0.3031222,-0.0035038185,-0.023198618,2.3493445,3.3746789,2.9128296,-0.025719723,-0.009225501,-0.017161364,0.27075028,1.2310655
MAGI3,-0.031475425,1.8559096,-0.008098906,-0.015873782,2.9294841,0.3031222,-0.0035038185,-0.023198618,2.3493445,3.3746789,2.9128296,-0.025719723,-0.009225501,-0.017161364,0.27075028,1.2310655
MAGIX,-0.031475425,1.8559096,-0.008098906,-0.015873782,2.9294841,0.3031222,-0.0035038185,-0.023198618,2.3493445,3.3746789,2.9128296,-0.025719723,-0.009225501,-0.017161364,0.27075028,1.2310655
MAL,-0.031478506,1.8553385,-0.0081128515,-0.0158729,2.9310913,0.3027985,-0.0035141045,-0.023208523,2.346136,3.3745625,2.9107852,-0.025703715,-0.009239115,-0.017173517,0.27238,1.230591
MAML3,-0.031475425,1.8559096,-0.008098906,-0.015873782,2.9294841,0.3031222,-0.0035038185,-0.023198618,2.3493445,3.3746789,2.9128296,-0.025719723,-0.009225501,-0.017161364,0.27075028,1.2310655
MAMLD1,-0.031475425,1.8559096,-0.008098906,-0.015873782,2.9294841,0.3031222,-0.0035038185,-0.023198618,2.3493445,3.3746789,2.9128296,-0.025719723,-0.009225501,-0.017161364,0.27075028,1.2310655
MAMSTR,-0.031475425,1.8559096,-0.008098906,-0.015873782,2.9294841,0.3031222,-0.0035038185,-0.023198618,2.3493445,3.3746789,2.9128296,-0.025719723,-0.009225501,-0.017161364,0.27075028,1.2310655
MAN1B1-DT,-0.031475425,1.8559096,-0.008098906,-0.015873782,2.9294841,0.3031222,-0.0035038185,-0.023198618,2.3493445,3.3746789,2.9128296,-0.025719723,-0.009225501,-0.017161364,0.27075028,1.2310655
MAN1C1,-0.031475425,1.8559096,-0.008098906,-0.015873782,2.9294841,0.3031222,-0.0035038185,-0.023198618,2.3493445,3.3746789,2.9128296,-0.025719723,-0.009225501,-0.017161364,0.27075028,1.2310655
MANEAL,-0.031475425,1.8559096,-0.008098906,-0.015873782,2.9294841,0.3031222,-0.0035038185,-0.023198618,2.3493445,3.3746789,2.9128296,-0.025719723,-0.009225501,-0.017161364,0.27075028,1.2310655
MAP1LC3A,-0.027136836,1.8240168,-0.009266311,-0.014416294,2.9998238,0.6189444,-0.0077284756,-0.023865225,1.8066359,3.3279731,2.5685408,-0.024335403,-0.005698275,-0.019432481,0.5677488,0.8374876
MAP2K6,-0.031472757,1.8557072,-0.008094578,-0.015873425,2.9290566,0.3026363,-0.0035026984,-0.023198549,2.3490381,3.3749695,2.912435,-0.025712237,-0.009234702,-0.017166728,0.27025354,1.2313015
MAP3K14,-0.03147575,1.8558457,-0.008096901,-0.015873168,2.9293013,0.30331364,-0.0035046015,-0.02319632,2.349423,3.374781,2.9129534,-0.025719766,-0.009226859,-0.017161522,0.27079147,1.230874
MAP4K1,-0.031475425,1.8559096,-0.008098906,-0.015873782,2.9294841,0.3031222,-0.0035038185,-0.023198618,2.3493445,3.3746789,2.9128296,-0.025719723,-0.009225501,-0.017161364,0.27075028,1.2310655
MAP4K2,-0.031475425,1.8559096,-0.008098906,-0.015873782,2.9294841,0.3031222,-0.0035038185,-0.023198618,2.3493445,3.3746789,2.9128296,-0.025719723,-0.009225501,-0.017161364,0.27075028,1.2310655
MAP4K5,-0.031339303,1.8682848,-0.00808809,-0.015901377,2.9096599,0.2619709,-0.0035461145,-0.023308255,2.3491251,3.3380678,2.8859878,-0.025923265,-0.008983571,-0.017267866,0.25151762,1.2417654
MAP9,-0.031475425,1.8559096,-0.008098906,-0.015873782,2.9294841,0.3031222,-0.0035038185,-0.023198618,2.3493445,3.3746789,2.9128296,-0.025719723,-0.009225501,-0.017161364,0.27075028,1.2310655
MAPK12,-0.031666633,1.7828383,-0.008340033,-0.014688535,2.8917937,0.3721151,-0.0039404514,-0.02201431,2.416828,3.2194922,2.8670027,-0.023815589,-0.01058203,-0.015880264,0.122603156,1.1117353
MAPK4,-0.027136836,1.8240168,-0.009266311,-0.014416294,2.9998238,0.6189444,-0.0077284756,-0.023865225,1.8066359,3.3279731,2.5685408,-0.024335403,-0.005698275,-0.019432481,0.5677488,0.8374876
MAST1,-0.030131914,1.9522926,-0.0050141495,-0.01183278,2.4116273,0.23145925,-0.005521063,-0.018830013,2.472123,3.5657923,2.6391146,-0.027122196,-0.005650389,-0.018643273,-0.0009225135,0.9260177
MAST4,-0.031475425,1.8559096,-0.008098906,-0.015873782,2.9294841,0.3031222,-0.0035038185,-0.023198618,2.3493445,3.3746789,2.9128296,-0.025719723,-0.009225501,-0.017161364,0.27075028,1.2310655
MAST4-AS1,-0.031475425,1.8559096,-0.008098906,-0.015873782,2.9294841,0.3031222,-0.0035038185,-0.023198618,2.3493445,3.3746789,2.9128296,-0.025719723,-0.009225501,-0.017161364,0.27075028,1.2310655
MATK,-0.031482086,1.8549657,-0.008091341,-0.01589519,2.9287398,0.30170605,-0.0034846764,-0.023200925,2.351048,3.3725333,2.9113538,-0.025713705,-0.009243837,-0.01715626,0.26945293,1.2321312
MATN1,-0.031475425,1.8559096,-0.008098906,-0.015873782,2.9294841,0.3031222,-0.0035038185,-0.023198618,2.3493445,3.3746789,2.9128296,-0.025719723,-0.009225501,-0.017161364,0.27075028,1.2310655
MBNL3,-0.031475425,1.8559096,-0.008098906,-0.015873782,2.9294841,0.3031222,-0.0035038185,-0.023198618,2.3493445,3.3746789,2.9128296,-0.025719723,-0.009225501,-0.017161364,0.27075028,1.2310655
MC1R,-0.031475425,1.8559096,-0.008098906,-0.015873782,2.9294841,0.3031222,-0.0035038185,-0.023198618,2.3493445,3.3746789,2.9128296,-0.025719723,-0.009225501,-0.017161364,0.27075028,1.2310655
MCF2L,-0.031475425,1.8559096,-0.008098906,-0.015873782,2.9294841,0.3031222,-0.0035038185,-0.023198618,2.3493445,3.3746789,2.9128296,-0.025719723,-0.009225501,-0.017161364,0.27075028,1.2310655
MCF2L-AS1,-0.031469192,1.8552982,-0.008074602,-0.015858293,2.9279275,0.3052632,-0.0035016362,-0.023206731,2.3471637,3.3723211,2.9134946,-0.025706239,-0.009227169,-0.017154982,0.27185017,1.229245
MCM8-AS1,-0.031475425,1.8559096,-0.008098906,-0.015873782,2.9294841,0.3031222,-0.0035038185,-0.023198618,2.3493445,3.3746789,2.9128296,-0.025719723,-0.009225501,-0.017161364,0.27075028,1.2310655
MCOLN2,-0.031475425,1.8559096,-0.008098906,-0.015873782,2.9294841,0.3031222,-0.0035038185,-0.023198618,2.3493445,3.3746789,2.9128296,-0.025719723,-0.009225501,-0.017161364,0.27075028,1.2310655
MCTP1,-0.031469822,1.854997,-0.008106444,-0.015879026,2.9290235,0.30206248,-0.0035053676,-0.0231949,2.3480704,3.3746061,2.9129014,-0.025728822,-0.009222255,-0.017165754,0.27176356,1.2300326
MCTP2,-0.031475425,1.8559096,-0.008098906,-0.015873782,2.9294841,0.3031222,-0.0035038185,-0.023198618,2.3493445,3.3746789,2.9128296,-0.025719723,-0.009225501,-0.017161364,0.27075028,1.2310655
MDFI,-0.031480778,1.8563311,-0.008090217,-0.01586424,2.929058,0.30350384,-0.0035124028,-0.023174724,2.3478067,3.37618,2.9114192,-0.025716892,-0.0092306705,-0.017155621,0.27089724,1.2311937
MDH1B,-0.031475425,1.8559096,-0.008098906,-0.015873782,2.9294841,0.3031222,-0.0035038185,-0.023198618,2.3493445,3.3746789,2.9128296,-0.025719723,-0.009225501,-0.017161364,0.27075028,1.2310655
MDP1,-0.031469192,1.8552982,-0.008074602,-0.015858293,2.9279275,0.3052632,-0.0035016362,-0.023206731,2.3471637,3.3723211,2.9134946,-0.025706239,-0.009227169,-0.017154982,0.27185017,1.229245
MEAK7,-0.031666633,1.7828383,-0.008340033,-0.014688535,2.8917937,0.3721151,-0.0039404514,-0.02201431,2.416828,3.2194922,2.8670027,-0.023815589,-0.01058203,-0.015880264,0.122603156,1.1117353
MED7,-0.031475425,1.8559096,-0.008098906,-0.015873782,2.9294841,0.3031222,-0.0035038185,-0.023198618,2.3493445,3.3746789,2.9128296,-0.025719723,-0.009225501,-0.017161364,0.27075028,1.2310655
MEGF6,-0.031473584,1.8558726,-0.008100149,-0.015874755,2.9293447,0.3031933,-0.0035030162,-0.023198988,2.3494174,3.3747728,2.9127731,-0.025720196,-0.009223476,-0.01716082,0.270736,1.2310636
MEIG1,-0.031475425,1.8559096,-0.008098906,-0.015873782,2.9294841,0.3031222,-0.0035038185,-0.023198618,2.3493445,3.3746789,2.9128296,-0.025719723,-0.009225501,-0.017161364,0.27075028,1.2310655
MELK,-0.031486593,1.8557979,-0.008106825,-0.015863566,2.9289782,0.3028724,-0.0035075753,-0.02319874,2.3491552,3.3740227,2.911998,-0.025714202,-0.009230822,-0.017164828,0.26972646,1.2306191
METTL23,-0.031475425,1.8559096,-0.008098906,-0.015873782,2.9294841,0.3031222,-0.0035038185,-0.023198618,2.3493445,3.3746789,2.9128296,-0.025719723,-0.009225501,-0.017161364,0.27075028,1.2310655
MEX3A,-0.031475425,1.8559096,-0.008098906,-0.015873782,2.9294841,0.3031222,-0.0035038185,-0.023198618,2.3493445,3.3746789,2.9128296,-0.025719723,-0.009225501,-0.017161364,0.27075028,1.2310655
MFSD6,-0.031475425,1.8559096,-0.008098906,-0.015873782,2.9294841,0.3031222,-0.0035038185,-0.023198618,2.3493445,3.3746789,2.9128296,-0.025719723,-0.009225501,-0.017161364,0.27075028,1.2310655
MGA,-0.031475425,1.8559096,-0.008098906,-0.015873782,2.9294841,0.3031222,-0.0035038185,-0.023198618,2.3493445,3.3746789,2.9128296,-0.025719723,-0.009225501,-0.017161364,0.27075028,1.2310655
MGAT4A,-0.031475425,1.8559096,-0.008098906,-0.015873782,2.9294841,0.3031222,-0.0035038185,-0.023198618,2.3493445,3.3746789,2.9128296,-0.025719723,-0.009225501,-0.017161364,0.27075028,1.2310655
MGAT5B,-0.031475425,1.8559096,-0.008098906,-0.015873782,2.9294841,0.3031222,-0.0035038185,-0.023198618,2.3493445,3.3746789,2.9128296,-0.025719723,-0.009225501,-0.017161364,0.27075028,1.2310655
MIA2,-0.031475425,1.8559096,-0.008098906,-0.015873782,2.9294841,0.3031222,-0.0035038185,-0.023198618,2.3493445,3.3746789,2.9128296,-0.025719723,-0.009225501,-0.017161364,0.27075028,1.2310655
MIAT,-0.031475425,1.8559096,-0.008098906,-0.015873782,2.9294841,0.3031222,-0.0035038185,-0.023198618,2.3493445,3.3746789,2.9128296,-0.025719723,-0.009225501,-0.017161364,0.27075028,1.2310655
MIB2,-0.031475425,1.8559096,-0.008098906,-0.015873782,2.9294841,0.3031222,-0.0035038185,-0.023198618,2.3493445,3.3746789,2.9128296,-0.025719723,-0.009225501,-0.017161364,0.27075028,1.2310655
MICAL3,-0.031473584,1.8558726,-0.008100149,-0.015874755,2.9293447,0.3031933,-0.0035030162,-0.023198988,2.3494174,3.3747728,2.9127731,-0.025720196,-0.009223476,-0.01716082,0.270736,1.2310636
MICU3,-0.031475425,1.8559096,-0.008098906,-0.015873782,2.9294841,0.3031222,-0.0035038185,-0.023198618,2.3493445,3.3746789,2.9128296,-0.025719723,-0.009225501,-0.017161364,0.27075028,1.2310655
MINCR,-0.031475425,1.8559096,-0.008098906,-0.015873782,2.9294841,0.3031222,-0.0035038185,-0.023198618,2.3493445,3.3746789,2.9128296,-0.025719723,-0.009225501,-0.017161364,0.27075028,1.2310655
MINDY4,-0.031475425,1.8559096,-0.008098906,-0.015873782,2.9294841,0.3031222,-0.0035038185,-0.023198618,2.3493445,3.3746789,2.9128296,-0.025719723,-0.009225501,-0.017161364,0.27075028,1.2310655
MINK1,-0.031475425,1.8559096,-0.008098906,-0.015873782,2.9294841,0.3031222,-0.0035038185,-0.023198618,2.3493445,3.3746789,2.9128296,-0.025719723,-0.009225501,-0.017161364,0.27075028,1.2310655
MIR181A2HG,-0.03137764,1.8546238,-0.008093803,-0.015890967,2.9265695,0.30221176,-0.0035032271,-0.023226835,2.3501227,3.377042,2.9054103,-0.025654402,-0.009191047,-0.01709223,0.2683735,1.2353396
MIR194-2HG,-0.031475425,1.8559096,-0.008098906,-0.015873782,2.9294841,0.3031222,-0.0035038185,-0.023198618,2.3493445,3.3746789,2.9128296,-0.025719723,-0.009225501,-0.017161364,0.27075028,1.2310655
MIR31HG,-0.031475425,1.8559096,-0.008098906,-0.015873782,2.9294841,0.3031222,-0.0035038185,-0.023198618,2.3493445,3.3746789,2.9128296,-0.025719723,-0.009225501,-0.017161364,0.27075028,1.2310655
MIR3663HG,-0.031475425,1.8559096,-0.008098906,-0.015873782,2.9294841,0.3031222,-0.0035038185,-0.023198618,2.3493445,3.3746789,2.9128296,-0.025719723,-0.009225501,-0.017161364,0.27075028,1.2310655
MIR3936HG,-0.031478506,1.8553385,-0.0081128515,-0.0158729,2.9310913,0.3027985,-0.0035141045,-0.023208523,2.346136,3.3745625,2.9107852,-0.025703715,-0.009239115,-0.017173517,0.27238,1.230591
MIR663AHG,-0.031474877,1.8560315,-0.008100419,-0.015875433,2.9293058,0.30324998,-0.0035018818,-0.023199955,2.3492932,3.3744779,2.912816,-0.025718803,-0.009226253,-0.017160803,0.27083796,1.2312182
MIR762HG,-0.033805396,1.3594227,-0.008280193,-0.019889211,2.6814559,0.16986437,-2.7499795e-05,-0.024628546,2.0742624,2.7995718,2.555805,-0.023344178,-0.0051320517,-0.01795916,0.55544484,1.0243306
MIS12,-0.031475425,1.8559096,-0.008098906,-0.015873782,2.9294841,0.3031222,-0.0035038185,-0.023198618,2.3493445,3.3746789,2.9128296,-0.025719723,-0.009225501,-0.017161364,0.27075028,1.2310655
MLC1,-0.031475425,1.8559096,-0.008098906,-0.015873782,2.9294841,0.3031222,-0.0035038185,-0.023198618,2.3493445,3.3746789,2.9128296,-0.025719723,-0.009225501,-0.017161364,0.27075028,1.2310655
MLLT11,-0.031475425,1.8559096,-0.008098906,-0.015873782,2.9294841,0.3031222,-0.0035038185,-0.023198618,2.3493445,3.3746789,2.9128296,-0.025719723,-0.009225501,-0.017161364,0.27075028,1.2310655
MLLT3,-0.031475425,1.8559096,-0.008098906,-0.015873782,2.9294841,0.3031222,-0.0035038185,-0.023198618,2.3493445,3.3746789,2.9128296,-0.025719723,-0.009225501,-0.017161364,0.27075028,1.2310655
MMP23B,-0.031475425,1.8559096,-0.008098906,-0.015873782,2.9294841,0.3031222,-0.0035038185,-0.023198618,2.3493445,3.3746789,2.9128296,-0.025719723,-0.009225501,-0.017161364,0.27075028,1.2310655
MMP25-AS1,-0.031475425,1.8559096,-0.008098906,-0.015873782,2.9294841,0.3031222,-0.0035038185,-0.023198618,2.3493445,3.3746789,2.9128296,-0.025719723,-0.009225501,-0.017161364,0.27075028,1.2310655
MMRN2,-0.025056645,1.4080817,-0.008266316,-0.01753453,2.9541168,0.087179065,-0.0029407025,-0.01757162,2.2793818,3.0951498,2.7463908,-0.019212734,-0.008362729,-0.01843475,0.056422893,1.6515135
MNDA,-0.031475425,1.8559096,-0.008098906,-0.015873782,2.9294841,0.3031222,-0.0035038185,-0.023198618,2.3493445,3.3746789,2.9128296,-0.025719723,-0.009225501,-0.017161364,0.27075028,1.2310655
MNX1-AS1,-0.031475425,1.8559096,-0.008098906,-0.015873782,2.9294841,0.3031222,-0.0035038185,-0.023198618,2.3493445,3.3746789,2.9128296,-0.025719723,-0.009225501,-0.017161364,0.27075028,1.2310655
MOCOS,-0.031475425,1.8559096,-0.008098906,-0.015873782,2.9294841,0.3031222,-0.0035038185,-0.023198618,2.3493445,3.3746789,2.9128296,-0.025719723,-0.009225501,-0.017161364,0.27075028,1.2310655
MOGAT3,-0.031475425,1.8559096,-0.008098906,-0.015873782,2.9294841,0.3031222,-0.0035038185,-0.023198618,2.3493445,3.3746789,2.9128296,-0.025719723,-0.009225501,-0.017161364,0.27075028,1.2310655
MORC2-AS1,-0.031475425,1.8559096,-0.008098906,-0.015873782,2.9294841,0.3031222,-0.0035038185,-0.023198618,2.3493445,3.3746789,2.9128296,-0.025719723,-0.009225501,-0.017161364,0.27075028,1.2310655
MORN3,-0.031475425,1.8559096,-0.008098906,-0.015873782,2.9294841,0.3031222,-0.0035038185,-0.023198618,2.3493445,3.3746789,2.9128296,-0.025719723,-0.009225501,-0.017161364,0.27075028,1.2310655
MOSMO,-0.031666633,1.7828383,-0.008340033,-0.014688535,2.8917937,0.3721151,-0.0039404514,-0.02201431,2.416828,3.2194922,2.8670027,-0.023815589,-0.01058203,-0.015880264,0.122603156,1.1117353
MPHOSPH9,-0.031475425,1.8559096,-0.008098906,-0.015873782,2.9294841,0.3031222,-0.0035038185,-0.023198618,2.3493445,3.3746789,2.9128296,-0.025719723,-0.009225501,-0.017161364,0.27075028,1.2310655
MPZL3,-0.031475425,1.8559096,-0.008098906,-0.015873782,2.9294841,0.3031222,-0.0035038185,-0.023198618,2.3493445,3.3746789,2.9128296,-0.025719723,-0.009225501,-0.017161364,0.27075028,1.2310655
MRPL1,-0.027136836,1.8240168,-0.009266311,-0.014416294,2.9998238,0.6189444,-0.0077284756,-0.023865225,1.8066359,3.3279731,2.5685408,-0.024335403,-0.005698275,-0.019432481,0.5677488,0.8374876
MRPL10,-0.031475425,1.8559096,-0.008098906,-0.015873782,2.9294841,0.3031222,-0.0035038185,-0.023198618,2.3493445,3.3746789,2.9128296,-0.025719723,-0.009225501,-0.017161364,0.27075028,1.2310655
MRPS31,-0.031474393,1.8551507,-0.00810886,-0.015893292,2.9285014,0.30166778,-0.0035277235,-0.02320466,2.3490684,3.3750174,2.912139,-0.025713887,-0.009202446,-0.017142035,0.2682503,1.2314396
MRTFB,-0.031474393,1.8551507,-0.00810886,-0.015893292,2.9285014,0.30166778,-0.0035277235,-0.02320466,2.3490684,3.3750174,2.912139,-0.025713887,-0.009202446,-0.017142035,0.2682503,1.2314396
MS4A1,-0.031472757,1.8557072,-0.008094578,-0.015873425,2.9290566,0.3026363,-0.0035026984,-0.023198549,2.3490381,3.3749695,2.912435,-0.025712237,-0.009234702,-0.017166728,0.27025354,1.2313015
MSANTD3,-0.031475425,1.8559096,-0.008098906,-0.015873782,2.9294841,0.3031222,-0.0035038185,-0.023198618,2.3493445,3.3746789,2.9128296,-0.025719723,-0.009225501,-0.017161364,0.27075028,1.2310655
MSC-AS1,-0.031475425,1.8559096,-0.008098906,-0.015873782,2.9294841,0.3031222,-0.0035038185,-0.023198618,2.3493445,3.3746789,2.9128296,-0.025719723,-0.009225501,-0.017161364,0.27075028,1.2310655
MSTO1,-0.031475425,1.8559096,-0.008098906,-0.015873782,2.9294841,0.3031222,-0.0035038185,-0.023198618,2.3493445,3.3746789,2.9128296,-0.025719723,-0.009225501,-0.017161364,0.27075028,1.2310655
MTA3,-0.031475425,1.8559096,-0.008098906,-0.015873782,2.9294841,0.3031222,-0.0035038185,-0.023198618,2.3493445,3.3746789,2.9128296,-0.025719723,-0.009225501,-0.017161364,0.27075028,1.2310655
MTERF1,-0.031475425,1.8559096,-0.008098906,-0.015873782,2.9294841,0.3031222,-0.0035038185,-0.023198618,2.3493445,3.3746789,2.9128296,-0.025719723,-0.009225501,-0.017161364,0.27075028,1.2310655
MTFMT,-0.031475425,1.8559096,-0.008098906,-0.015873782,2.9294841,0.3031222,-0.0035038185,-0.023198618,2.3493445,3.3746789,2.9128296,-0.025719723,-0.009225501,-0.017161364,0.27075028,1.2310655
MTFP1,-0.031475425,1.8559096,-0.008098906,-0.015873782,2.9294841,0.3031222,-0.0035038185,-0.023198618,2.3493445,3.3746789,2.9128296,-0.025719723,-0.009225501,-0.017161364,0.27075028,1.2310655
MTHFD2,-0.031475425,1.8559096,-0.008098906,-0.015873782,2.9294841,0.3031222,-0.0035038185,-0.023198618,2.3493445,3.3746789,2.9128296,-0.025719723,-0.009225501,-0.017161364,0.27075028,1.2310655
MTMR2,-0.030792687,1.7494881,-0.0027444735,-0.013259403,2.9306023,-0.001019368,-0.0021434242,-0.021285726,2.1149755,3.490083,2.6580083,-0.025158081,-0.008455642,-0.01830693,0.5219057,1.3110136
MTMR8,-0.031475425,1.8559096,-0.008098906,-0.015873782,2.9294841,0.3031222,-0.0035038185,-0.023198618,2.3493445,3.3746789,2.9128296,-0.025719723,-0.009225501,-0.017161364,0.27075028,1.2310655
MTSS1,-0.031478506,1.8553385,-0.0081128515,-0.0158729,2.9310913,0.3027985,-0.0035141045,-0.023208523,2.346136,3.3745625,2.9107852,-0.025703715,-0.009239115,-0.017173517,0.27238,1.230591
MUC17,-0.031475425,1.8559096,-0.008098906,-0.015873782,2.9294841,0.3031222,-0.0035038185,-0.023198618,2.3493445,3.3746789,2.9128296,-0.025719723,-0.009225501,-0.017161364,0.27075028,1.2310655
MUS81,-0.031475425,1.8559096,-0.008098906,-0.015873782,2.9294841,0.3031222,-0.0035038185,-0.023198618,2.3493445,3.3746789,2.9128296,-0.025719723,-0.009225501,-0.017161364,0.27075028,1.2310655
MUTYH,-0.031475425,1.8559096,-0.008098906,-0.015873782,2.9294841,0.3031222,-0.0035038185,-0.023198618,2.3493445,3.3746789,2.9128296,-0.025719723,-0.009225501,-0.017161364,0.27075028,1.2310655
MYBL1,-0.031475425,1.8559096,-0.008098906,-0.015873782,2.9294841,0.3031222,-0.0035038185,-0.023198618,2.3493445,3.3746789,2.9128296,-0.025719723,-0.009225501,-0.017161364,0.27075028,1.2310655
MYO1D,-0.031475425,1.8559096,-0.008098906,-0.015873782,2.9294841,0.3031222,-0.0035038185,-0.023198618,2.3493445,3.3746789,2.9128296,-0.025719723,-0.009225501,-0.017161364,0.27075028,1.2310655
MYO5B,-0.034074977,1.3098423,-0.0087715555,-0.0194718,2.739299,0.2082126,-0.00047216503,-0.024286218,2.1095293,2.8598838,2.533905,-0.023567013,-0.0050060214,-0.017466825,0.5036518,1.0191813
MYO6,-0.031475425,1.8559096,-0.008098906,-0.015873782,2.9294841,0.3031222,-0.0035038185,-0.023198618,2.3493445,3.3746789,2.9128296,-0.025719723,-0.009225501,-0.017161364,0.27075028,1.2310655
MYRF,-0.030792687,1.7494881,-0.0027444735,-0.013259403,2.9306023,-0.001019368,-0.0021434242,-0.021285726,2.1149755,3.490083,2.6580083,-0.025158081,-0.008455642,-0.01830693,0.5219057,1.3110136
MZB1,-0.031467874,1.8566695,-0.008086521,-0.01586074,2.9296646,0.30242714,-0.0035120873,-0.023198945,2.349007,3.37293,2.9140284,-0.025701502,-0.009232426,-0.017166106,0.27152255,1.2314482
NAP1L2,-0.029042615,1.307198,-0.012907376,-0.011162886,2.1797936,0.017672645,-0.004400254,-0.025513977,1.5255251,2.7885387,2.6890678,-0.023448719,-0.012949664,-0.010947382,0.41374564,0.70960885
NARS2,-0.031475425,1.8559096,-0.008098906,-0.015873782,2.9294841,0.3031222,-0.0035038185,-0.023198618,2.3493445,3.3746789,2.9128296,-0.025719723,-0.009225501,-0.017161364,0.27075028,1.2310655
NAV3,-0.028645355,2.0464516,-0.003985622,-0.010999343,2.3994067,0.5685909,-0.00033885837,-0.018820923,1.826077,3.2881253,2.8302386,-0.019615093,-0.011269007,-0.014688306,0.6686751,0.7991818
NBDY,-0.031475425,1.8559096,-0.008098906,-0.015873782,2.9294841,0.3031222,-0.0035038185,-0.023198618,2.3493445,3.3746789,2.9128296,-0.025719723,-0.009225501,-0.017161364,0.27075028,1.2310655
NBEA,-0.031475425,1.8559096,-0.008098906,-0.015873782,2.9294841,0.3031222,-0.0035038185,-0.023198618,2.3493445,3.3746789,2.9128296,-0.025719723,-0.009225501,-0.017161364,0.27075028,1.2310655
NBEAL2,-0.03404556,1.3104988,-0.008752062,-0.019489555,2.7410734,0.21032669,-0.00048220172,-0.024297321,2.1089008,2.8613076,2.5315266,-0.023544801,-0.0050206804,-0.017452382,0.5057878,1.0203941
NCALD,-0.031475425,1.8559096,-0.008098906,-0.015873782,2.9294841,0.3031222,-0.0035038185,-0.023198618,2.3493445,3.3746789,2.9128296,-0.025719723,-0.009225501,-0.017161364,0.27075028,1.2310655
NCAM1,-0.031475425,1.8559096,-0.008098906,-0.015873782,2.9294841,0.3031222,-0.0035038185,-0.023198618,2.3493445,3.3746789,2.9128296,-0.025719723,-0.009225501,-0.017161364,0.27075028,1.2310655
NCAM2,-0.031475425,1.8559096,-0.008098906,-0.015873782,2.9294841,0.3031222,-0.0035038185,-0.023198618,2.3493445,3.3746789,2.9128296,-0.025719723,-0.009225501,-0.017161364,0.27075028,1.2310655
NCAPG2,-0.031465635,1.8570362,-0.008113194,-0.015855499,2.9299557,0.30276975,-0.0035122966,-0.023202628,2.3477943,3.3744884,2.9130175,-0.025719332,-0.009239676,-0.017143922,0.26992935,1.2290561
NCK1-DT,-0.031590853,1.8626393,-0.0073070326,-0.014225706,2.8043349,0.026236514,-0.0019303489,-0.025338355,2.218582,3.1349585,2.852901,-0.024625272,-0.008734765,-0.015460319,0.4613555,1.2112337
NCR1,-0.031475425,1.8559096,-0.008098906,-0.015873782,2.9294841,0.3031222,-0.0035038185,-0.023198618,2.3493445,3.3746789,2.9128296,-0.025719723,-0.009225501,-0.017161364,0.27075028,1.2310655
NCR2,-0.031465635,1.8570362,-0.008113194,-0.015855499,2.9299557,0.30276975,-0.0035122966,-0.023202628,2.3477943,3.3744884,2.9130175,-0.025719332,-0.009239676,-0.017143922,0.26992935,1.2290561
NCR3,-0.031475425,1.8559096,-0.008098906,-0.015873782,2.9294841,0.3031222,-0.0035038185,-0.023198618,2.3493445,3.3746789,2.9128296,-0.025719723,-0.009225501,-0.017161364,0.27075028,1.2310655
NDC1,-0.031475425,1.8559096,-0.008098906,-0.015873782,2.9294841,0.3031222,-0.0035038185,-0.023198618,2.3493445,3.3746789,2.9128296,-0.025719723,-0.009225501,-0.017161364,0.27075028,1.2310655
NDE1,-0.031475425,1.8559096,-0.008098906,-0.015873782,2.9294841,0.3031222,-0.0035038185,-0.023198618,2.3493445,3.3746789,2.9128296,-0.025719723,-0.009225501,-0.017161364,0.27075028,1.2310655
NDFIP2-AS1,-0.031475425,1.8559096,-0.008098906,-0.015873782,2.9294841,0.3031222,-0.0035038185,-0.023198618,2.3493445,3.3746789,2.9128296,-0.025719723,-0.009225501,-0.017161364,0.27075028,1.2310655
NDST1-AS1,-0.031475425,1.8559096,-0.008098906,-0.015873782,2.9294841,0.3031222,-0.0035038185,-0.023198618,2.3493445,3.3746789,2.9128296,-0.025719723,-0.009225501,-0.017161364,0.27075028,1.2310655
NDUFB2-AS1,-0.031475425,1.8559096,-0.008098906,-0.015873782,2.9294841,0.3031222,-0.0035038185,-0.023198618,2.3493445,3.3746789,2.9128296,-0.025719723,-0.009225501,-0.017161364,0.27075028,1.2310655
NDUFV2-AS1,-0.031475425,1.8559096,-0.008098906,-0.015873782,2.9294841,0.3031222,-0.0035038185,-0.023198618,2.3493445,3.3746789,2.9128296,-0.025719723,-0.009225501,-0.017161364,0.27075028,1.2310655
NECTIN4,-0.031475425,1.8559096,-0.008098906,-0.015873782,2.9294841,0.3031222,-0.0035038185,-0.023198618,2.3493445,3.3746789,2.9128296,-0.025719723,-0.009225501,-0.017161364,0.27075028,1.2310655
NEIL1,-0.031574007,1.8631914,-0.007316763,-0.014241037,2.8050034,0.02661089,-0.0019221777,-0.025320891,2.219375,3.1341143,2.8520248,-0.024628805,-0.008721546,-0.015475803,0.46079522,1.2120142
NEO1,-0.031475425,1.8559096,-0.008098906,-0.015873782,2.9294841,0.3031222,-0.0035038185,-0.023198618,2.3493445,3.3746789,2.9128296,-0.025719723,-0.009225501,-0.017161364,0.27075028,1.2310655
NEURL4,-0.031475425,1.8559096,-0.008098906,-0.015873782,2.9294841,0.3031222,-0.0035038185,-0.023198618,2.3493445,3.3746789,2.9128296,-0.025719723,-0.009225501,-0.017161364,0.27075028,1.2310655
NEUROG3,-0.03148522,1.856916,-0.008101474,-0.015866423,2.9298956,0.3040112,-0.0035024935,-0.023203552,2.3502305,3.3742976,2.9119754,-0.02572195,-0.00922212,-0.017163236,0.27034044,1.2306494
NEXMIF,-0.031475425,1.8559096,-0.008098906,-0.015873782,2.9294841,0.3031222,-0.0035038185,-0.023198618,2.3493445,3.3746789,2.9128296,-0.025719723,-0.009225501,-0.017161364,0.27075028,1.2310655
NFATC1,-0.031472053,1.8558805,-0.008101813,-0.0158728,2.9295986,0.3034636,-0.0035083024,-0.02319637,2.3494844,3.3747349,2.9126942,-0.02572029,-0.009224059,-0.017161403,0.27030152,1.2310551
NFIA,-0.031474393,1.8551507,-0.00810886,-0.015893292,2.9285014,0.30166778,-0.0035277235,-0.02320466,2.3490684,3.3750174,2.912139,-0.025713887,-0.009202446,-0.017142035,0.2682503,1.2314396
NGFR,-0.031475425,1.8559096,-0.008098906,-0.015873782,2.9294841,0.3031222,-0.0035038185,-0.023198618,2.3493445,3.3746789,2.9128296,-0.025719723,-0.009225501,-0.017161364,0.27075028,1.2310655
NHLRC1,-0.031475425,1.8559096,-0.008098906,-0.015873782,2.9294841,0.3031222,-0.0035038185,-0.023198618,2.3493445,3.3746789,2.9128296,-0.025719723,-0.009225501,-0.017161364,0.27075028,1.2310655
NIBAN1,-0.031473584,1.8558726,-0.008100149,-0.015874755,2.9293447,0.3031933,-0.0035030162,-0.023198988,2.3494174,3.3747728,2.9127731,-0.025720196,-0.009223476,-0.01716082,0.270736,1.2310636
NIBAN3,-0.031475425,1.8559096,-0.008098906,-0.015873782,2.9294841,0.3031222,-0.0035038185,-0.023198618,2.3493445,3.3746789,2.9128296,-0.025719723,-0.009225501,-0.017161364,0.27075028,1.2310655
NIFK-AS1,-0.029042615,1.307198,-0.012907376,-0.011162886,2.1797936,0.017672645,-0.004400254,-0.025513977,1.5255251,2.7885387,2.6890678,-0.023448719,-0.012949664,-0.010947382,0.41374564,0.70960885
NIPA1,-0.031475425,1.8559096,-0.008098906,-0.015873782,2.9294841,0.3031222,-0.0035038185,-0.023198618,2.3493445,3.3746789,2.9128296,-0.025719723,-0.009225501,-0.017161364,0.27075028,1.2310655
NIPAL3,-0.031475425,1.8559096,-0.008098906,-0.015873782,2.9294841,0.3031222,-0.0035038185,-0.023198618,2.3493445,3.3746789,2.9128296,-0.025719723,-0.009225501,-0.017161364,0.27075028,1.2310655
NKAIN2,-0.031475425,1.8559096,-0.008098906,-0.015873782,2.9294841,0.3031222,-0.0035038185,-0.023198618,2.3493445,3.3746789,2.9128296,-0.025719723,-0.009225501,-0.017161364,0.27075028,1.2310655
NKD1,-0.031475425,1.8559096,-0.008098906,-0.015873782,2.9294841,0.3031222,-0.0035038185,-0.023198618,2.3493445,3.3746789,2.9128296,-0.025719723,-0.009225501,-0.017161364,0.27075028,1.2310655
NKG7,-0.031475425,1.8559096,-0.008098906,-0.015873782,2.9294841,0.3031222,-0.0035038185,-0.023198618,2.3493445,3.3746789,2.9128296,-0.025719723,-0.009225501,-0.017161364,0.27075028,1.2310655
NKX6-3,-0.031475425,1.8559096,-0.008098906,-0.015873782,2.9294841,0.3031222,-0.0035038185,-0.023198618,2.3493445,3.3746789,2.9128296,-0.025719723,-0.009225501,-0.017161364,0.27075028,1.2310655
NLRC3,-0.031475425,1.8559096,-0.008098906,-0.015873782,2.9294841,0.3031222,-0.0035038185,-0.023198618,2.3493445,3.3746789,2.9128296,-0.025719723,-0.009225501,-0.017161364,0.27075028,1.2310655
NLRP2,-0.031475425,1.8559096,-0.008098906,-0.015873782,2.9294841,0.3031222,-0.0035038185,-0.023198618,2.3493445,3.3746789,2.9128296,-0.025719723,-0.009225501,-0.017161364,0.27075028,1.2310655
NLRP7,-0.031475425,1.8559096,-0.008098906,-0.015873782,2.9294841,0.3031222,-0.0035038185,-0.023198618,2.3493445,3.3746789,2.9128296,-0.025719723,-0.009225501,-0.017161364,0.27075028,1.2310655
NME7,-0.031475425,1.8559096,-0.008098906,-0.015873782,2.9294841,0.3031222,-0.0035038185,-0.023198618,2.3493445,3.3746789,2.9128296,-0.025719723,-0.009225501,-0.017161364,0.27075028,1.2310655
NMT2,-0.031475425,1.8559096,-0.008098906,-0.015873782,2.9294841,0.3031222,-0.0035038185,-0.023198618,2.3493445,3.3746789,2.9128296,-0.025719723,-0.009225501,-0.017161364,0.27075028,1.2310655
NMUR1,-0.031475425,1.8559096,-0.008098906,-0.015873782,2.9294841,0.3031222,-0.0035038185,-0.023198618,2.3493445,3.3746789,2.9128296,-0.025719723,-0.009225501,-0.017161364,0.27075028,1.2310655
NOG,-0.031472757,1.8557072,-0.008094578,-0.015873425,2.9290566,0.3026363,-0.0035026984,-0.023198549,2.3490381,3.3749695,2.912435,-0.025712237,-0.009234702,-0.017166728,0.27025354,1.2313015
NOL4L,-0.031475425,1.8559096,-0.008098906,-0.015873782,2.9294841,0.3031222,-0.0035038185,-0.023198618,2.3493445,3.3746789,2.9128296,-0.025719723,-0.009225501,-0.017161364,0.27075028,1.2310655
NOL8,-0.03148522,1.856916,-0.008101474,-0.015866423,2.9298956,0.3040112,-0.0035024935,-0.023203552,2.3502305,3.3742976,2.9119754,-0.02572195,-0.00922212,-0.017163236,0.27034044,1.2306494
NOTCH2NLB,-0.03145215,1.8559022,-0.008110439,-0.015895538,2.9305878,0.30370983,-0.0034909593,-0.023181286,2.3507373,3.37344,2.9118202,-0.025716232,-0.009217567,-0.017180191,0.2693668,1.2319189
NPAS1,-0.031471822,1.8544255,-0.008115464,-0.015878977,2.9312572,0.30321205,-0.0035076146,-0.023211814,2.3462198,3.373686,2.9101164,-0.025701927,-0.009243701,-0.017171621,0.2711088,1.2309065
NPAT,-0.03148851,1.8555251,-0.008089539,-0.015888762,2.9283044,0.30149278,-0.0034893644,-0.023200795,2.3504481,3.372928,2.911487,-0.025720734,-0.009238552,-0.017152917,0.27027613,1.2320583
NPEPL1,-0.031475425,1.8559096,-0.008098906,-0.015873782,2.9294841,0.3031222,-0.0035038185,-0.023198618,2.3493445,3.3746789,2.9128296,-0.025719723,-0.009225501,-0.017161364,0.27075028,1.2310655
NPHP1,-0.031475425,1.8559096,-0.008098906,-0.015873782,2.9294841,0.3031222,-0.0035038185,-0.023198618,2.3493445,3.3746789,2.9128296,-0.025719723,-0.009225501,-0.017161364,0.27075028,1.2310655
NPIPB4,-0.031475425,1.8559096,-0.008098906,-0.015873782,2.9294841,0.3031222,-0.0035038185,-0.023198618,2.3493445,3.3746789,2.9128296,-0.025719723,-0.009225501,-0.017161364,0.27075028,1.2310655
NPR1,-0.031475425,1.8559096,-0.008098906,-0.015873782,2.9294841,0.3031222,-0.0035038185,-0.023198618,2.3493445,3.3746789,2.9128296,-0.025719723,-0.009225501,-0.017161364,0.27075028,1.2310655
NPR2,-0.031475425,1.8559096,-0.008098906,-0.015873782,2.9294841,0.3031222,-0.0035038185,-0.023198618,2.3493445,3.3746789,2.9128296,-0.025719723,-0.009225501,-0.017161364,0.27075028,1.2310655
NPRL2,-0.031475425,1.8559096,-0.008098906,-0.015873782,2.9294841,0.3031222,-0.0035038185,-0.023198618,2.3493445,3.3746789,2.9128296,-0.025719723,-0.009225501,-0.017161364,0.27075028,1.2310655
NPTX2,-0.031475425,1.8559096,-0.008098906,-0.015873782,2.9294841,0.3031222,-0.0035038185,-0.023198618,2.3493445,3.3746789,2.9128296,-0.025719723,-0.009225501,-0.017161364,0.27075028,1.2310655
NPTXR,-0.031475425,1.8559096,-0.008098906,-0.015873782,2.9294841,0.3031222,-0.0035038185,-0.023198618,2.3493445,3.3746789,2.9128296,-0.025719723,-0.009225501,-0.017161364,0.27075028,1.2310655
NR3C2,-0.031472053,1.8558805,-0.008101813,-0.0158728,2.9295986,0.3034636,-0.0035083024,-0.02319637,2.3494844,3.3747349,2.9126942,-0.02572029,-0.009224059,-0.017161403,0.27030152,1.2310551
NRCAM,-0.031467874,1.8566695,-0.008086521,-0.01586074,2.9296646,0.30242714,-0.0035120873,-0.023198945,2.349007,3.37293,2.9140284,-0.025701502,-0.009232426,-0.017166106,0.27152255,1.2314482
NRG2,-0.031475425,1.8559096,-0.008098906,-0.015873782,2.9294841,0.3031222,-0.0035038185,-0.023198618,2.3493445,3.3746789,2.9128296,-0.025719723,-0.009225501,-0.017161364,0.27075028,1.2310655
NRN1L,-0.031475425,1.8559096,-0.008098906,-0.015873782,2.9294841,0.3031222,-0.0035038185,-0.023198618,2.3493445,3.3746789,2.9128296,-0.025719723,-0.009225501,-0.017161364,0.27075028,1.2310655
NRTN,-0.031475425,1.8559096,-0.008098906,-0.015873782,2.9294841,0.3031222,-0.0035038185,-0.023198618,2.3493445,3.3746789,2.9128296,-0.025719723,-0.009225501,-0.017161364,0.27075028,1.2310655
NSD2,-0.031458575,1.8564616,-0.008108636,-0.015889112,2.9301527,0.30349657,-0.0034956473,-0.023181153,2.3501375,3.3738346,2.9119534,-0.025723262,-0.0092122825,-0.017176848,0.27019,1.231846
NSUN6,-0.031475425,1.8559096,-0.008098906,-0.015873782,2.9294841,0.3031222,-0.0035038185,-0.023198618,2.3493445,3.3746789,2.9128296,-0.025719723,-0.009225501,-0.017161364,0.27075028,1.2310655
NT5M,-0.031475425,1.8559096,-0.008098906,-0.015873782,2.9294841,0.3031222,-0.0035038185,-0.023198618,2.3493445,3.3746789,2.9128296,-0.025719723,-0.009225501,-0.017161364,0.27075028,1.2310655
NTNG1,-0.031339303,1.8682848,-0.00808809,-0.015901377,2.9096599,0.2619709,-0.0035461145,-0.023308255,2.3491251,3.3380678,2.8859878,-0.025923265,-0.008983571,-0.017267866,0.25151762,1.2417654
NTRK1,-0.031475425,1.8559096,-0.008098906,-0.015873782,2.9294841,0.3031222,-0.0035038185,-0.023198618,2.3493445,3.3746789,2.9128296,-0.025719723,-0.009225501,-0.017161364,0.27075028,1.2310655
NTRK2,-0.031475425,1.8559096,-0.008098906,-0.015873782,2.9294841,0.3031222,-0.0035038185,-0.023198618,2.3493445,3.3746789,2.9128296,-0.025719723,-0.009225501,-0.017161364,0.27075028,1.2310655
NUAK1,-0.031475425,1.8559096,-0.008098906,-0.015873782,2.9294841,0.3031222,-0.0035038185,-0.023198618,2.3493445,3.3746789,2.9128296,-0.025719723,-0.009225501,-0.017161364,0.27075028,1.2310655
NUP205,-0.031475425,1.8559096,-0.008098906,-0.015873782,2.9294841,0.3031222,-0.0035038185,-0.023198618,2.3493445,3.3746789,2.9128296,-0.025719723,-0.009225501,-0.017161364,0.27075028,1.2310655
NUP210L,-0.031475425,1.8559096,-0.008098906,-0.015873782,2.9294841,0.3031222,-0.0035038185,-0.023198618,2.3493445,3.3746789,2.9128296,-0.025719723,-0.009225501,-0.017161364,0.27075028,1.2310655
NVL,-0.031475425,1.8559096,-0.008098906,-0.015873782,2.9294841,0.3031222,-0.0035038185,-0.023198618,2.3493445,3.3746789,2.9128296,-0.025719723,-0.009225501,-0.017161364,0.27075028,1.2310655
NYAP1,-0.031475425,1.8559096,-0.008098906,-0.015873782,2.9294841,0.3031222,-0.0035038185,-0.023198618,2.3493445,3.3746789,2.9128296,-0.025719723,-0.009225501,-0.017161364,0.27075028,1.2310655
OAT,-0.031475425,1.8559096,-0.008098906,-0.015873782,2.9294841,0.3031222,-0.0035038185,-0.023198618,2.3493445,3.3746789,2.9128296,-0.025719723,-0.009225501,-0.017161364,0.27075028,1.2310655
OBSCN-AS1,-0.031475425,1.8559096,-0.008098906,-0.015873782,2.9294841,0.3031222,-0.0035038185,-0.023198618,2.3493445,3.3746789,2.9128296,-0.025719723,-0.009225501,-0.017161364,0.27075028,1.2310655
OCA2,-0.031467874,1.8566695,-0.008086521,-0.01586074,2.9296646,0.30242714,-0.0035120873,-0.023198945,2.349007,3.37293,2.9140284,-0.025701502,-0.009232426,-0.017166106,0.27152255,1.2314482
OCIAD2,-0.031475425,1.8559096,-0.008098906,-0.015873782,2.9294841,0.3031222,-0.0035038185,-0.023198618,2.3493445,3.3746789,2.9128296,-0.025719723,-0.009225501,-0.017161364,0.27075028,1.2310655
OGDHL,-0.031475425,1.8559096,-0.008098906,-0.015873782,2.9294841,0.3031222,-0.0035038185,-0.023198618,2.3493445,3.3746789,2.9128296,-0.025719723,-0.009225501,-0.017161364,0.27075028,1.2310655
OLMALINC,-0.03148522,1.856916,-0.008101474,-0.015866423,2.9298956,0.3040112,-0.0035024935,-0.023203552,2.3502305,3.3742976,2.9119754,-0.02572195,-0.00922212,-0.017163236,0.27034044,1.2306494
ONECUT1,-0.031475425,1.8559096,-0.008098906,-0.015873782,2.9294841,0.3031222,-0.0035038185,-0.023198618,2.3493445,3.3746789,2.9128296,-0.025719723,-0.009225501,-0.017161364,0.27075028,1.2310655
OPTN,-0.031475425,1.8559096,-0.008098906,-0.015873782,2.9294841,0.3031222,-0.0035038185,-0.023198618,2.3493445,3.3746789,2.9128296,-0.025719723,-0.009225501,-0.017161364,0.27075028,1.2310655
OR2AG2,-0.031475425,1.8559096,-0.008098906,-0.015873782,2.9294841,0.3031222,-0.0035038185,-0.023198618,2.3493445,3.3746789,2.9128296,-0.025719723,-0.009225501,-0.017161364,0.27075028,1.2310655
ORC2,-0.031475425,1.8559096,-0.008098906,-0.015873782,2.9294841,0.3031222,-0.0035038185,-0.023198618,2.3493445,3.3746789,2.9128296,-0.025719723,-0.009225501,-0.017161364,0.27075028,1.2310655
ORM2,-0.031475425,1.8559096,-0.008098906,-0.015873782,2.9294841,0.3031222,-0.0035038185,-0.023198618,2.3493445,3.3746789,2.9128296,-0.025719723,-0.009225501,-0.017161364,0.27075028,1.2310655
OSBPL3,-0.031475425,1.8559096,-0.008098906,-0.015873782,2.9294841,0.3031222,-0.0035038185,-0.023198618,2.3493445,3.3746789,2.9128296,-0.025719723,-0.009225501,-0.017161364,0.27075028,1.2310655
OSBPL7,-0.031475425,1.8559096,-0.008098906,-0.015873782,2.9294841,0.3031222,-0.0035038185,-0.023198618,2.3493445,3.3746789,2.9128296,-0.025719723,-0.009225501,-0.017161364,0.27075028,1.2310655
OSER1-DT,-0.031475425,1.8559096,-0.008098906,-0.015873782,2.9294841,0.3031222,-0.0035038185,-0.023198618,2.3493445,3.3746789,2.9128296,-0.025719723,-0.009225501,-0.017161364,0.27075028,1.2310655
OTUD6B-AS1,-0.031475425,1.8559096,-0.008098906,-0.015873782,2.9294841,0.3031222,-0.0035038185,-0.023198618,2.3493445,3.3746789,2.9128296,-0.025719723,-0.009225501,-0.017161364,0.27075028,1.2310655
OTUD7B,-0.031475425,1.8559096,-0.008098906,-0.015873782,2.9294841,0.3031222,-0.0035038185,-0.023198618,2.3493445,3.3746789,2.9128296,-0.025719723,-0.009225501,-0.017161364,0.27075028,1.2310655
OVCH1-AS1,-0.031467874,1.8566695,-0.008086521,-0.01586074,2.9296646,0.30242714,-0.0035120873,-0.023198945,2.349007,3.37293,2.9140284,-0.025701502,-0.009232426,-0.017166106,0.27152255,1.2314482
OVOL3,-0.030131914,1.9522926,-0.0050141495,-0.01183278,2.4116273,0.23145925,-0.005521063,-0.018830013,2.472123,3.5657923,2.6391146,-0.027122196,-0.005650389,-0.018643273,-0.0009225135,0.9260177
P2RY10,-0.031475425,1.8559096,-0.008098906,-0.015873782,2.9294841,0.3031222,-0.0035038185,-0.023198618,2.3493445,3.3746789,2.9128296,-0.025719723,-0.009225501,-0.017161364,0.27075028,1.2310655
P2RY11,-0.031475425,1.8559096,-0.008098906,-0.015873782,2.9294841,0.3031222,-0.0035038185,-0.023198618,2.3493445,3.3746789,2.9128296,-0.025719723,-0.009225501,-0.017161364,0.27075028,1.2310655
P3H2-AS1,-0.034074977,1.3098423,-0.0087715555,-0.0194718,2.739299,0.2082126,-0.00047216503,-0.024286218,2.1095293,2.8598838,2.533905,-0.023567013,-0.0050060214,-0.017466825,0.5036518,1.0191813
P3H4,-0.031475425,1.8559096,-0.008098906,-0.015873782,2.9294841,0.3031222,-0.0035038185,-0.023198618,2.3493445,3.3746789,2.9128296,-0.025719723,-0.009225501,-0.017161364,0.27075028,1.2310655
PAFAH2,-0.031475425,1.8559096,-0.008098906,-0.015873782,2.9294841,0.3031222,-0.0035038185,-0.023198618,2.3493445,3.3746789,2.9128296,-0.025719723,-0.009225501,-0.017161364,0.27075028,1.2310655
PAM,-0.031475425,1.8559096,-0.008098906,-0.015873782,2.9294841,0.3031222,-0.0035038185,-0.023198618,2.3493445,3.3746789,2.9128296,-0.025719723,-0.009225501,-0.017161364,0.27075028,1.2310655
PANX3,-0.031474136,1.8546597,-0.008107708,-0.01588899,2.9276145,0.30098972,-0.0035378563,-0.023177048,2.3462565,3.3764458,2.9108002,-0.025720147,-0.009204369,-0.01714068,0.26941052,1.2305348
PAPOLB,-0.031475425,1.8559096,-0.008098906,-0.015873782,2.9294841,0.3031222,-0.0035038185,-0.023198618,2.3493445,3.3746789,2.9128296,-0.025719723,-0.009225501,-0.017161364,0.27075028,1.2310655
PARD6B,-0.031475425,1.8559096,-0.008098906,-0.015873782,2.9294841,0.3031222,-0.0035038185,-0.023198618,2.3493445,3.3746789,2.9128296,-0.025719723,-0.009225501,-0.017161364,0.27075028,1.2310655
PARN,-0.031475425,1.8559096,-0.008098906,-0.015873782,2.9294841,0.3031222,-0.0035038185,-0.023198618,2.3493445,3.3746789,2.9128296,-0.025719723,-0.009225501,-0.017161364,0.27075028,1.2310655
PARP15,-0.031475425,1.8559096,-0.008098906,-0.015873782,2.9294841,0.3031222,-0.0035038185,-0.023198618,2.3493445,3.3746789,2.9128296,-0.025719723,-0.009225501,-0.017161364,0.27075028,1.2310655
PARP16,-0.031475425,1.8559096,-0.008098906,-0.015873782,2.9294841,0.3031222,-0.0035038185,-0.023198618,2.3493445,3.3746789,2.9128296,-0.025719723,-0.009225501,-0.017161364,0.27075028,1.2310655
PATL2,-0.031475425,1.8559096,-0.008098906,-0.015873782,2.9294841,0.3031222,-0.0035038185,-0.023198618,2.3493445,3.3746789,2.9128296,-0.025719723,-0.009225501,-0.017161364,0.27075028,1.2310655
PAUPAR,-0.031475425,1.8559096,-0.008098906,-0.015873782,2.9294841,0.3031222,-0.0035038185,-0.023198618,2.3493445,3.3746789,2.9128296,-0.025719723,-0.009225501,-0.017161364,0.27075028,1.2310655
PAX5,-0.03151217,1.8050046,-0.007591693,-0.015643643,2.8408744,0.23992148,-0.0021388854,-0.0233145,2.2852154,3.2800996,2.8851666,-0.024675187,-0.009402177,-0.01630814,0.36053136,1.2173575
PAXX,-0.031475425,1.8559096,-0.008098906,-0.015873782,2.9294841,0.3031222,-0.0035038185,-0.023198618,2.3493445,3.3746789,2.9128296,-0.025719723,-0.009225501,-0.017161364,0.27075028,1.2310655
PBX4,-0.031475425,1.8559096,-0.008098906,-0.015873782,2.9294841,0.3031222,-0.0035038185,-0.023198618,2.3493445,3.3746789,2.9128296,-0.025719723,-0.009225501,-0.017161364,0.27075028,1.2310655
PCAT1,-0.029042615,1.307198,-0.012907376,-0.011162886,2.1797936,0.017672645,-0.004400254,-0.025513977,1.5255251,2.7885387,2.6890678,-0.023448719,-0.012949664,-0.010947382,0.41374564,0.70960885
PCBP4,-0.031475425,1.8559096,-0.008098906,-0.015873782,2.9294841,0.3031222,-0.0035038185,-0.023198618,2.3493445,3.3746789,2.9128296,-0.025719723,-0.009225501,-0.017161364,0.27075028,1.2310655
PCDH19,-0.031475425,1.8559096,-0.008098906,-0.015873782,2.9294841,0.3031222,-0.0035038185,-0.023198618,2.3493445,3.3746789,2.9128296,-0.025719723,-0.009225501,-0.017161364,0.27075028,1.2310655
PCDH9,-0.031475425,1.8559096,-0.008098906,-0.015873782,2.9294841,0.3031222,-0.0035038185,-0.023198618,2.3493445,3.3746789,2.9128296,-0.025719723,-0.009225501,-0.017161364,0.27075028,1.2310655
PCDHGA10,-0.026801094,1.9635823,-0.0050175968,-0.019113362,2.3194375,0.40429926,-6.0457063e-05,-0.016353551,2.7063785,2.8792105,2.5543191,-0.026574897,-0.010913961,-0.01393463,-0.002243994,1.3196925
PCDHGB2,-0.031475425,1.8559096,-0.008098906,-0.015873782,2.9294841,0.3031222,-0.0035038185,-0.023198618,2.3493445,3.3746789,2.9128296,-0.025719723,-0.009225501,-0.017161364,0.27075028,1.2310655
PCDHGC3,-0.031475425,1.8559096,-0.008098906,-0.015873782,2.9294841,0.3031222,-0.0035038185,-0.023198618,2.3493445,3.3746789,2.9128296,-0.025719723,-0.009225501,-0.017161364,0.27075028,1.2310655
PCNT,-0.031475425,1.8559096,-0.008098906,-0.015873782,2.9294841,0.3031222,-0.0035038185,-0.023198618,2.3493445,3.3746789,2.9128296,-0.025719723,-0.009225501,-0.017161364,0.27075028,1.2310655
PCNX3,-0.031475425,1.8559096,-0.008098906,-0.015873782,2.9294841,0.3031222,-0.0035038185,-0.023198618,2.3493445,3.3746789,2.9128296,-0.025719723,-0.009225501,-0.017161364,0.27075028,1.2310655
PCOTH,-0.031590853,1.8626393,-0.0073070326,-0.014225706,2.8043349,0.026236514,-0.0019303489,-0.025338355,2.218582,3.1349585,2.852901,-0.024625272,-0.008734765,-0.015460319,0.4613555,1.2112337
PDCD1,-0.031475425,1.8559096,-0.008098906,-0.015873782,2.9294841,0.3031222,-0.0035038185,-0.023198618,2.3493445,3.3746789,2.9128296,-0.025719723,-0.009225501,-0.017161364,0.27075028,1.2310655
PDE4D,-0.031475425,1.8559096,-0.008098906,-0.015873782,2.9294841,0.3031222,-0.0035038185,-0.023198618,2.3493445,3.3746789,2.9128296,-0.025719723,-0.009225501,-0.017161364,0.27075028,1.2310655
PDE5A,-0.031475425,1.8559096,-0.008098906,-0.015873782,2.9294841,0.3031222,-0.0035038185,-0.023198618,2.3493445,3.3746789,2.9128296,-0.025719723,-0.009225501,-0.017161364,0.27075028,1.2310655
PDE9A,-0.031475425,1.8559096,-0.008098906,-0.015873782,2.9294841,0.3031222,-0.0035038185,-0.023198618,2.3493445,3.3746789,2.9128296,-0.025719723,-0.009225501,-0.017161364,0.27075028,1.2310655
PDGFD,-0.031475425,1.8559096,-0.008098906,-0.015873782,2.9294841,0.3031222,-0.0035038185,-0.023198618,2.3493445,3.3746789,2.9128296,-0.025719723,-0.009225501,-0.017161364,0.27075028,1.2310655
PDZD4,-0.031458575,1.8564616,-0.008108636,-0.015889112,2.9301527,0.30349657,-0.0034956473,-0.023181153,2.3501375,3.3738346,2.9119534,-0.025723262,-0.0092122825,-0.017176848,0.27019,1.231846
PDZK1IP1,-0.031475425,1.8559096,-0.008098906,-0.015873782,2.9294841,0.3031222,-0.0035038185,-0.023198618,2.3493445,3.3746789,2.9128296,-0.025719723,-0.009225501,-0.017161364,0.27075028,1.2310655
PECR,-0.031458575,1.8564616,-0.008108636,-0.015889112,2.9301527,0.30349657,-0.0034956473,-0.023181153,2.3501375,3.3738346,2.9119534,-0.025723262,-0.0092122825,-0.017176848,0.27019,1.231846
PERP,-0.031475425,1.8559096,-0.008098906,-0.015873782,2.9294841,0.3031222,-0.0035038185,-0.023198618,2.3493445,3.3746789,2.9128296,-0.025719723,-0.009225501,-0.017161364,0.27075028,1.2310655
PEX12,-0.031475425,1.8559096,-0.008098906,-0.015873782,2.9294841,0.3031222,-0.0035038185,-0.023198618,2.3493445,3.3746789,2.9128296,-0.025719723,-0.009225501,-0.017161364,0.27075028,1.2310655
PFKFB1,-0.031475425,1.8559096,-0.008098906,-0.015873782,2.9294841,0.3031222,-0.0035038185,-0.023198618,2.3493445,3.3746789,2.9128296,-0.025719723,-0.009225501,-0.017161364,0.27075028,1.2310655
PFKP,-0.031475425,1.8559096,-0.008098906,-0.015873782,2.9294841,0.3031222,-0.0035038185,-0.023198618,2.3493445,3.3746789,2.9128296,-0.025719723,-0.009225501,-0.017161364,0.27075028,1.2310655
PGAP1,-0.031475425,1.8559096,-0.008098906,-0.015873782,2.9294841,0.3031222,-0.0035038185,-0.023198618,2.3493445,3.3746789,2.9128296,-0.025719723,-0.009225501,-0.017161364,0.27075028,1.2310655
PGBD4,-0.031339303,1.8682848,-0.00808809,-0.015901377,2.9096599,0.2619709,-0.0035461145,-0.023308255,2.3491251,3.3380678,2.8859878,-0.025923265,-0.008983571,-0.017267866,0.25151762,1.2417654
PGGHG,-0.031475425,1.8559096,-0.008098906,-0.015873782,2.9294841,0.3031222,-0.0035038185,-0.023198618,2.3493445,3.3746789,2.9128296,-0.025719723,-0.009225501,-0.017161364,0.27075028,1.2310655
PGM2L1,-0.031590853,1.8626393,-0.0073070326,-0.014225706,2.8043349,0.026236514,-0.0019303489,-0.025338355,2.218582,3.1349585,2.852901,-0.024625272,-0.008734765,-0.015460319,0.4613555,1.2112337
PGM5P4-AS1,-0.031475425,1.8559096,-0.008098906,-0.015873782,2.9294841,0.3031222,-0.0035038185,-0.023198618,2.3493445,3.3746789,2.9128296,-0.025719723,-0.009225501,-0.017161364,0.27075028,1.2310655
PHC1,-0.031475425,1.8559096,-0.008098906,-0.015873782,2.9294841,0.3031222,-0.0035038185,-0.023198618,2.3493445,3.3746789,2.9128296,-0.025719723,-0.009225501,-0.017161364,0.27075028,1.2310655
PHF1,-0.031475425,1.8559096,-0.008098906,-0.015873782,2.9294841,0.3031222,-0.0035038185,-0.023198618,2.3493445,3.3746789,2.9128296,-0.025719723,-0.009225501,-0.017161364,0.27075028,1.2310655
PHF7,-0.031475425,1.8559096,-0.008098906,-0.015873782,2.9294841,0.3031222,-0.0035038185,-0.023198618,2.3493445,3.3746789,2.9128296,-0.025719723,-0.009225501,-0.017161364,0.27075028,1.2310655
PHLDA3,-0.031475425,1.8559096,-0.008098906,-0.015873782,2.9294841,0.3031222,-0.0035038185,-0.023198618,2.3493445,3.3746789,2.9128296,-0.025719723,-0.009225501,-0.017161364,0.27075028,1.2310655
PHLDB3,-0.031475425,1.8559096,-0.008098906,-0.015873782,2.9294841,0.3031222,-0.0035038185,-0.023198618,2.3493445,3.3746789,2.9128296,-0.025719723,-0.009225501,-0.017161364,0.27075028,1.2310655
PHOX2A,-0.031458575,1.8564616,-0.008108636,-0.015889112,2.9301527,0.30349657,-0.0034956473,-0.023181153,2.3501375,3.3738346,2.9119534,-0.025723262,-0.0092122825,-0.017176848,0.27019,1.231846
PHYH,-0.031475425,1.8559096,-0.008098906,-0.015873782,2.9294841,0.3031222,-0.0035038185,-0.023198618,2.3493445,3.3746789,2.9128296,-0.025719723,-0.009225501,-0.017161364,0.27075028,1.2310655
PHYHIPL,-0.03148851,1.8555251,-0.008089539,-0.015888762,2.9283044,0.30149278,-0.0034893644,-0.023200795,2.3504481,3.372928,2.911487,-0.025720734,-0.009238552,-0.017152917,0.27027613,1.2320583
PICART1,-0.031475425,1.8559096,-0.008098906,-0.015873782,2.9294841,0.3031222,-0.0035038185,-0.023198618,2.3493445,3.3746789,2.9128296,-0.025719723,-0.009225501,-0.017161364,0.27075028,1.2310655
PID1,-0.031475425,1.8559096,-0.008098906,-0.015873782,2.9294841,0.3031222,-0.0035038185,-0.023198618,2.3493445,3.3746789,2.9128296,-0.025719723,-0.009225501,-0.017161364,0.27075028,1.2310655
PIF1,-0.031475425,1.8559096,-0.008098906,-0.015873782,2.9294841,0.3031222,-0.0035038185,-0.023198618,2.3493445,3.3746789,2.9128296,-0.025719723,-0.009225501,-0.017161364,0.27075028,1.2310655
PIGK,-0.031475425,1.8559096,-0.008098906,-0.015873782,2.9294841,0.3031222,-0.0035038185,-0.023198618,2.3493445,3.3746789,2.9128296,-0.025719723,-0.009225501,-0.017161364,0.27075028,1.2310655
PIGL,-0.031475425,1.8559096,-0.008098906,-0.015873782,2.9294841,0.3031222,-0.0035038185,-0.023198618,2.3493445,3.3746789,2.9128296,-0.025719723,-0.009225501,-0.017161364,0.27075028,1.2310655
PITPNM2,-0.031472757,1.8557072,-0.008094578,-0.015873425,2.9290566,0.3026363,-0.0035026984,-0.023198549,2.3490381,3.3749695,2.912435,-0.025712237,-0.009234702,-0.017166728,0.27025354,1.2313015
PKD1,-0.026794668,1.9630228,-0.0050193993,-0.01911979,2.3198729,0.40451252,-5.576901e-05,-0.016353684,2.7069783,2.878816,2.5541859,-0.026567869,-0.010919244,-0.013937973,-0.0022522262,1.3197654
PKIA,-0.031475425,1.8559096,-0.008098906,-0.015873782,2.9294841,0.3031222,-0.0035038185,-0.023198618,2.3493445,3.3746789,2.9128296,-0.025719723,-0.009225501,-0.017161364,0.27075028,1.2310655
PLA2G4E-AS1,-0.031475425,1.8559096,-0.008098906,-0.015873782,2.9294841,0.3031222,-0.0035038185,-0.023198618,2.3493445,3.3746789,2.9128296,-0.025719723,-0.009225501,-0.017161364,0.27075028,1.2310655
PLA2G6,-0.031475425,1.8559096,-0.008098906,-0.015873782,2.9294841,0.3031222,-0.0035038185,-0.023198618,2.3493445,3.3746789,2.9128296,-0.025719723,-0.009225501,-0.017161364,0.27075028,1.2310655
PLAAT2,-0.017143326,1.0646296,-0.01028999,-0.012441907,2.9117734,0.2076851,-0.0026066387,-0.017621227,2.1180148,2.018928,2.0951166,-0.01464186,-0.0053469124,-0.008921717,-0.0022827215,1.9231336
PLAC1,-0.031475425,1.8559096,-0.008098906,-0.015873782,2.9294841,0.3031222,-0.0035038185,-0.023198618,2.3493445,3.3746789,2.9128296,-0.025719723,-0.009225501,-0.017161364,0.27075028,1.2310655
PLAUR,-0.031465635,1.8570362,-0.008113194,-0.015855499,2.9299557,0.30276975,-0.0035122966,-0.023202628,2.3477943,3.3744884,2.9130175,-0.025719332,-0.009239676,-0.017143922,0.26992935,1.2290561
PLCG1,-0.023429828,1.5062798,-0.010924186,-0.012444568,3.0129585,0.70088816,-0.0047350526,-0.021091027,2.3195329,2.5373333,2.3206081,-0.022246841,-0.0066872016,-0.009364863,-0.0020511032,1.5232978
PLCL1,-0.031475425,1.8559096,-0.008098906,-0.015873782,2.9294841,0.3031222,-0.0035038185,-0.023198618,2.3493445,3.3746789,2.9128296,-0.025719723,-0.009225501,-0.017161364,0.27075028,1.2310655
PLCXD2,-0.031475425,1.8559096,-0.008098906,-0.015873782,2.9294841,0.3031222,-0.0035038185,-0.023198618,2.3493445,3.3746789,2.9128296,-0.025719723,-0.009225501,-0.017161364,0.27075028,1.2310655
PLD5,-0.031478506,1.8553385,-0.0081128515,-0.0158729,2.9310913,0.3027985,-0.0035141045,-0.023208523,2.346136,3.3745625,2.9107852,-0.025703715,-0.009239115,-0.017173517,0.27238,1.230591
PLEKHA1,-0.031475425,1.8559096,-0.008098906,-0.015873782,2.9294841,0.3031222,-0.0035038185,-0.023198618,2.3493445,3.3746789,2.9128296,-0.025719723,-0.009225501,-0.017161364,0.27075028,1.2310655
PLEKHA5,-0.031475425,1.8559096,-0.008098906,-0.015873782,2.9294841,0.3031222,-0.0035038185,-0.023198618,2.3493445,3.3746789,2.9128296,-0.025719723,-0.009225501,-0.017161364,0.27075028,1.2310655
PLEKHF1,-0.031475425,1.8559096,-0.008098906,-0.015873782,2.9294841,0.3031222,-0.0035038185,-0.023198618,2.3493445,3.3746789,2.9128296,-0.025719723,-0.009225501,-0.017161364,0.27075028,1.2310655
PLEKHG1,-0.02865178,2.0470111,-0.00398382,-0.010992918,2.3989716,0.5683776,-0.00034354642,-0.01882079,1.8254774,3.2885199,2.8303719,-0.019622121,-0.0112637235,-0.014684963,0.6694983,0.79910886
PLGRKT,-0.031475425,1.8559096,-0.008098906,-0.015873782,2.9294841,0.3031222,-0.0035038185,-0.023198618,2.3493445,3.3746789,2.9128296,-0.025719723,-0.009225501,-0.017161364,0.27075028,1.2310655
PLPP1,-0.031475425,1.8559096,-0.008098906,-0.015873782,2.9294841,0.3031222,-0.0035038185,-0.023198618,2.3493445,3.3746789,2.9128296,-0.025719723,-0.009225501,-0.017161364,0.27075028,1.2310655
PLPPR3,-0.031475425,1.8559096,-0.008098906,-0.015873782,2.9294841,0.3031222,-0.0035038185,-0.023198618,2.3493445,3.3746789,2.9128296,-0.025719723,-0.009225501,-0.017161364,0.27075028,1.2310655
PLXDC1,-0.031480778,1.8563311,-0.008090217,-0.01586424,2.929058,0.30350384,-0.0035124028,-0.023174724,2.3478067,3.37618,2.9114192,-0.025716892,-0.0092306705,-0.017155621,0.27089724,1.2311937
PLXDC2,-0.031475425,1.8559096,-0.008098906,-0.015873782,2.9294841,0.3031222,-0.0035038185,-0.023198618,2.3493445,3.3746789,2.9128296,-0.025719723,-0.009225501,-0.017161364,0.27075028,1.2310655
PLXNA3,-0.031475425,1.8559096,-0.008098906,-0.015873782,2.9294841,0.3031222,-0.0035038185,-0.023198618,2.3493445,3.3746789,2.9128296,-0.025719723,-0.009225501,-0.017161364,0.27075028,1.2310655
PM20D1,-0.031475425,1.8559096,-0.008098906,-0.015873782,2.9294841,0.3031222,-0.0035038185,-0.023198618,2.3493445,3.3746789,2.9128296,-0.025719723,-0.009225501,-0.017161364,0.27075028,1.2310655
PMS1,-0.031475425,1.8559096,-0.008098906,-0.015873782,2.9294841,0.3031222,-0.0035038185,-0.023198618,2.3493445,3.3746789,2.9128296,-0.025719723,-0.009225501,-0.017161364,0.27075028,1.2310655
PNMT,-0.031475425,1.8559096,-0.008098906,-0.015873782,2.9294841,0.3031222,-0.0035038185,-0.023198618,2.3493445,3.3746789,2.9128296,-0.025719723,-0.009225501,-0.017161364,0.27075028,1.2310655
PNPLA2,-0.031475425,1.8559096,-0.008098906,-0.015873782,2.9294841,0.3031222,-0.0035038185,-0.023198618,2.3493445,3.3746789,2.9128296,-0.025719723,-0.009225501,-0.017161364,0.27075028,1.2310655
PNPLA3,-0.031475425,1.8559096,-0.008098906,-0.015873782,2.9294841,0.3031222,-0.0035038185,-0.023198618,2.3493445,3.3746789,2.9128296,-0.025719723,-0.009225501,-0.017161364,0.27075028,1.2310655
POC5,-0.031475425,1.8559096,-0.008098906,-0.015873782,2.9294841,0.3031222,-0.0035038185,-0.023198618,2.3493445,3.3746789,2.9128296,-0.025719723,-0.009225501,-0.017161364,0.27075028,1.2310655
POLR3E,-0.031475425,1.8559096,-0.008098906,-0.015873782,2.9294841,0.3031222,-0.0035038185,-0.023198618,2.3493445,3.3746789,2.9128296,-0.025719723,-0.009225501,-0.017161364,0.27075028,1.2310655
POMT1,-0.031407062,1.8539673,-0.008113297,-0.015873212,2.9247952,0.30009767,-0.0034931903,-0.023215732,2.3507512,3.3756182,2.9077888,-0.025676617,-0.009176388,-0.017106673,0.2662375,1.2341269
POT1-AS1,-0.031475425,1.8559096,-0.008098906,-0.015873782,2.9294841,0.3031222,-0.0035038185,-0.023198618,2.3493445,3.3746789,2.9128296,-0.025719723,-0.009225501,-0.017161364,0.27075028,1.2310655
POU3F1,-0.031475425,1.8559096,-0.008098906,-0.015873782,2.9294841,0.3031222,-0.0035038185,-0.023198618,2.3493445,3.3746789,2.9128296,-0.025719723,-0.009225501,-0.017161364,0.27075028,1.2310655
POU6F1,-0.031475425,1.8559096,-0.008098906,-0.015873782,2.9294841,0.3031222,-0.0035038185,-0.023198618,2.3493445,3.3746789,2.9128296,-0.025719723,-0.009225501,-0.017161364,0.27075028,1.2310655
PPIAL4G,-0.031475425,1.8559096,-0.008098906,-0.015873782,2.9294841,0.3031222,-0.0035038185,-0.023198618,2.3493445,3.3746789,2.9128296,-0.025719723,-0.009225501,-0.017161364,0.27075028,1.2310655
PPM1E,-0.031475425,1.8559096,-0.008098906,-0.015873782,2.9294841,0.3031222,-0.0035038185,-0.023198618,2.3493445,3.3746789,2.9128296,-0.025719723,-0.009225501,-0.017161364,0.27075028,1.2310655
PPM1K-DT,-0.031590853,1.8626393,-0.0073070326,-0.014225706,2.8043349,0.026236514,-0.0019303489,-0.025338355,2.218582,3.1349585,2.852901,-0.024625272,-0.008734765,-0.015460319,0.4613555,1.2112337
PPP1R10,-0.031475425,1.8559096,-0.008098906,-0.015873782,2.9294841,0.3031222,-0.0035038185,-0.023198618,2.3493445,3.3746789,2.9128296,-0.025719723,-0.009225501,-0.017161364,0.27075028,1.2310655
PPP1R12A-AS1,-0.031475425,1.8559096,-0.008098906,-0.015873782,2.9294841,0.3031222,-0.0035038185,-0.023198618,2.3493445,3.3746789,2.9128296,-0.025719723,-0.009225501,-0.017161364,0.27075028,1.2310655
PPP1R14B-AS1,-0.030115064,1.9528447,-0.00502388,-0.011848111,2.4122958,0.23183362,-0.005512892,-0.018812548,2.472916,3.564948,2.6382384,-0.027125735,-0.0056371707,-0.018658757,-0.0009281163,0.92679816
PPP1R36,-0.031475425,1.8559096,-0.008098906,-0.015873782,2.9294841,0.3031222,-0.0035038185,-0.023198618,2.3493445,3.3746789,2.9128296,-0.025719723,-0.009225501,-0.017161364,0.27075028,1.2310655
PPP1R9A,-0.031475425,1.8559096,-0.008098906,-0.015873782,2.9294841,0.3031222,-0.0035038185,-0.023198618,2.3493445,3.3746789,2.9128296,-0.025719723,-0.009225501,-0.017161364,0.27075028,1.2310655
PPP2R3B,-0.031475425,1.8559096,-0.008098906,-0.015873782,2.9294841,0.3031222,-0.0035038185,-0.023198618,2.3493445,3.3746789,2.9128296,-0.025719723,-0.009225501,-0.017161364,0.27075028,1.2310655
PPP4R1-AS1,-0.031475425,1.8559096,-0.008098906,-0.015873782,2.9294841,0.3031222,-0.0035038185,-0.023198618,2.3493445,3.3746789,2.9128296,-0.025719723,-0.009225501,-0.017161364,0.27075028,1.2310655
PRAG1,-0.030131914,1.9522926,-0.0050141495,-0.01183278,2.4116273,0.23145925,-0.005521063,-0.018830013,2.472123,3.5657923,2.6391146,-0.027122196,-0.005650389,-0.018643273,-0.0009225135,0.9260177
PRAME,-0.031475425,1.8559096,-0.008098906,-0.015873782,2.9294841,0.3031222,-0.0035038185,-0.023198618,2.3493445,3.3746789,2.9128296,-0.025719723,-0.009225501,-0.017161364,0.27075028,1.2310655
PRDM1,-0.023333399,1.2759613,-0.0051493268,-0.013678014,1.7654209,0.06191201,0.58022785,-0.018387686,1.6333659,2.0466225,2.1011193,-0.013432028,-0.009903129,-0.009512381,0.5199243,1.1773429
PREPL,-0.030792687,1.7494881,-0.0027444735,-0.013259403,2.9306023,-0.001019368,-0.0021434242,-0.021285726,2.1149755,3.490083,2.6580083,-0.025158081,-0.008455642,-0.01830693,0.5219057,1.3110136
PREX2,-0.031475425,1.8559096,-0.008098906,-0.015873782,2.9294841,0.3031222,-0.0035038185,-0.023198618,2.3493445,3.3746789,2.9128296,-0.025719723,-0.009225501,-0.017161364,0.27075028,1.2310655
PRF1,-0.031475425,1.8559096,-0.008098906,-0.015873782,2.9294841,0.3031222,-0.0035038185,-0.023198618,2.3493445,3.3746789,2.9128296,-0.025719723,-0.009225501,-0.017161364,0.27075028,1.2310655
PRICKLE4,-0.031475425,1.8559096,-0.008098906,-0.015873782,2.9294841,0.3031222,-0.0035038185,-0.023198618,2.3493445,3.3746789,2.9128296,-0.025719723,-0.009225501,-0.017161364,0.27075028,1.2310655
PRIM2,-0.034074977,1.3098423,-0.0087715555,-0.0194718,2.739299,0.2082126,-0.00047216503,-0.024286218,2.1095293,2.8598838,2.533905,-0.023567013,-0.0050060214,-0.017466825,0.5036518,1.0191813
PRKAR1B,-0.031475425,1.8559096,-0.008098906,-0.015873782,2.9294841,0.3031222,-0.0035038185,-0.023198618,2.3493445,3.3746789,2.9128296,-0.025719723,-0.009225501,-0.017161364,0.27075028,1.2310655
PRKCA-AS1,-0.031475425,1.8559096,-0.008098906,-0.015873782,2.9294841,0.3031222,-0.0035038185,-0.023198618,2.3493445,3.3746789,2.9128296,-0.025719723,-0.009225501,-0.017161364,0.27075028,1.2310655
PRKCG,-0.031475425,1.8559096,-0.008098906,-0.015873782,2.9294841,0.3031222,-0.0035038185,-0.023198618,2.3493445,3.3746789,2.9128296,-0.025719723,-0.009225501,-0.017161364,0.27075028,1.2310655
PRKCQ-AS1,-0.031475425,1.8559096,-0.008098906,-0.015873782,2.9294841,0.3031222,-0.0035038185,-0.023198618,2.3493445,3.3746789,2.9128296,-0.025719723,-0.009225501,-0.017161364,0.27075028,1.2310655
PRKD2,-0.031475425,1.8559096,-0.008098906,-0.015873782,2.9294841,0.3031222,-0.0035038185,-0.023198618,2.3493445,3.3746789,2.9128296,-0.025719723,-0.009225501,-0.017161364,0.27075028,1.2310655
PRKN,-0.031458575,1.8564616,-0.008108636,-0.015889112,2.9301527,0.30349657,-0.0034956473,-0.023181153,2.3501375,3.3738346,2.9119534,-0.025723262,-0.0092122825,-0.017176848,0.27019,1.231846
PRKRIP1,-0.031666633,1.7828383,-0.008340033,-0.014688535,2.8917937,0.3721151,-0.0039404514,-0.02201431,2.416828,3.2194922,2.8670027,-0.023815589,-0.01058203,-0.015880264,0.122603156,1.1117353
PRKX,-0.031475425,1.8559096,-0.008098906,-0.015873782,2.9294841,0.3031222,-0.0035038185,-0.023198618,2.3493445,3.3746789,2.9128296,-0.025719723,-0.009225501,-0.017161364,0.27075028,1.2310655
PRORP,-0.027136836,1.8240168,-0.009266311,-0.014416294,2.9998238,0.6189444,-0.0077284756,-0.023865225,1.8066359,3.3279731,2.5685408,-0.024335403,-0.005698275,-0.019432481,0.5677488,0.8374876
PROS1,-0.031475425,1.8559096,-0.008098906,-0.015873782,2.9294841,0.3031222,-0.0035038185,-0.023198618,2.3493445,3.3746789,2.9128296,-0.025719723,-0.009225501,-0.017161364,0.27075028,1.2310655
PROX2,-0.031475425,1.8559096,-0.008098906,-0.015873782,2.9294841,0.3031222,-0.0035038185,-0.023198618,2.3493445,3.3746789,2.9128296,-0.025719723,-0.009225501,-0.017161364,0.27075028,1.2310655
PRR3,-0.031475425,1.8559096,-0.008098906,-0.015873782,2.9294841,0.3031222,-0.0035038185,-0.023198618,2.3493445,3.3746789,2.9128296,-0.025719723,-0.009225501,-0.017161364,0.27075028,1.2310655
PRR5,-0.031475425,1.8559096,-0.008098906,-0.015873782,2.9294841,0.3031222,-0.0035038185,-0.023198618,2.3493445,3.3746789,2.9128296,-0.025719723,-0.009225501,-0.017161364,0.27075028,1.2310655
PRR5L,-0.031475425,1.8559096,-0.008098906,-0.015873782,2.9294841,0.3031222,-0.0035038185,-0.023198618,2.3493445,3.3746789,2.9128296,-0.025719723,-0.009225501,-0.017161364,0.27075028,1.2310655
PRRG2,-0.031475425,1.8559096,-0.008098906,-0.015873782,2.9294841,0.3031222,-0.0035038185,-0.023198618,2.3493445,3.3746789,2.9128296,-0.025719723,-0.009225501,-0.017161364,0.27075028,1.2310655
PRRT2,-0.031472757,1.8557072,-0.008094578,-0.015873425,2.9290566,0.3026363,-0.0035026984,-0.023198549,2.3490381,3.3749695,2.912435,-0.025712237,-0.009234702,-0.017166728,0.27025354,1.2313015
PRRT4,-0.02865178,2.0470111,-0.00398382,-0.010992918,2.3989716,0.5683776,-0.00034354642,-0.01882079,1.8254774,3.2885199,2.8303719,-0.019622121,-0.0112637235,-0.014684963,0.6694983,0.79910886
PRSS22,-0.031469822,1.854997,-0.008106444,-0.015879026,2.9290235,0.30206248,-0.0035053676,-0.0231949,2.3480704,3.3746061,2.9129014,-0.025728822,-0.009222255,-0.017165754,0.27176356,1.2300326
PRSS35,-0.031475425,1.8559096,-0.008098906,-0.015873782,2.9294841,0.3031222,-0.0035038185,-0.023198618,2.3493445,3.3746789,2.9128296,-0.025719723,-0.009225501,-0.017161364,0.27075028,1.2310655
PRSS38,-0.031475425,1.8559096,-0.008098906,-0.015873782,2.9294841,0.3031222,-0.0035038185,-0.023198618,2.3493445,3.3746789,2.9128296,-0.025719723,-0.009225501,-0.017161364,0.27075028,1.2310655
PRTG,-0.031475425,1.8559096,-0.008098906,-0.015873782,2.9294841,0.3031222,-0.0035038185,-0.023198618,2.3493445,3.3746789,2.9128296,-0.025719723,-0.009225501,-0.017161364,0.27075028,1.2310655
PSD2-AS1,-0.031475425,1.8559096,-0.008098906,-0.015873782,2.9294841,0.3031222,-0.0035038185,-0.023198618,2.3493445,3.3746789,2.9128296,-0.025719723,-0.009225501,-0.017161364,0.27075028,1.2310655
PSD4,-0.031475425,1.8559096,-0.008098906,-0.015873782,2.9294841,0.3031222,-0.0035038185,-0.023198618,2.3493445,3.3746789,2.9128296,-0.025719723,-0.009225501,-0.017161364,0.27075028,1.2310655
PSMD5,-0.031475425,1.8559096,-0.008098906,-0.015873782,2.9294841,0.3031222,-0.0035038185,-0.023198618,2.3493445,3.3746789,2.9128296,-0.025719723,-0.009225501,-0.017161364,0.27075028,1.2310655
PSORS1C1,-0.031475425,1.8559096,-0.008098906,-0.015873782,2.9294841,0.3031222,-0.0035038185,-0.023198618,2.3493445,3.3746789,2.9128296,-0.025719723,-0.009225501,-0.017161364,0.27075028,1.2310655
PTCH1,-0.031475425,1.8559096,-0.008098906,-0.015873782,2.9294841,0.3031222,-0.0035038185,-0.023198618,2.3493445,3.3746789,2.9128296,-0.025719723,-0.009225501,-0.017161364,0.27075028,1.2310655
PTCH2,-0.031475425,1.8559096,-0.008098906,-0.015873782,2.9294841,0.3031222,-0.0035038185,-0.023198618,2.3493445,3.3746789,2.9128296,-0.025719723,-0.009225501,-0.017161364,0.27075028,1.2310655
PTGDR,-0.031475425,1.8559096,-0.008098906,-0.015873782,2.9294841,0.3031222,-0.0035038185,-0.023198618,2.3493445,3.3746789,2.9128296,-0.025719723,-0.009225501,-0.017161364,0.27075028,1.2310655
PTGDS,-0.031475425,1.8559096,-0.008098906,-0.015873782,2.9294841,0.3031222,-0.0035038185,-0.023198618,2.3493445,3.3746789,2.9128296,-0.025719723,-0.009225501,-0.017161364,0.27075028,1.2310655
PTH2,-0.02865178,2.0470111,-0.00398382,-0.010992918,2.3989716,0.5683776,-0.00034354642,-0.01882079,1.8254774,3.2885199,2.8303719,-0.019622121,-0.0112637235,-0.014684963,0.6694983,0.79910886
PTOV1-AS1,-0.031475425,1.8559096,-0.008098906,-0.015873782,2.9294841,0.3031222,-0.0035038185,-0.023198618,2.3493445,3.3746789,2.9128296,-0.025719723,-0.009225501,-0.017161364,0.27075028,1.2310655
PTPN12,-0.031475425,1.8559096,-0.008098906,-0.015873782,2.9294841,0.3031222,-0.0035038185,-0.023198618,2.3493445,3.3746789,2.9128296,-0.025719723,-0.009225501,-0.017161364,0.27075028,1.2310655
PTPN22,-0.031475425,1.8559096,-0.008098906,-0.015873782,2.9294841,0.3031222,-0.0035038185,-0.023198618,2.3493445,3.3746789,2.9128296,-0.025719723,-0.009225501,-0.017161364,0.27075028,1.2310655
PTPN7,-0.031475425,1.8559096,-0.008098906,-0.015873782,2.9294841,0.3031222,-0.0035038185,-0.023198618,2.3493445,3.3746789,2.9128296,-0.025719723,-0.009225501,-0.017161364,0.27075028,1.2310655
PTPRG,-0.03148522,1.856916,-0.008101474,-0.015866423,2.9298956,0.3040112,-0.0035024935,-0.023203552,2.3502305,3.3742976,2.9119754,-0.02572195,-0.00922212,-0.017163236,0.27034044,1.2306494
PTPRK,-0.026801094,1.9635823,-0.0050175968,-0.019113362,2.3194375,0.40429926,-6.0457063e-05,-0.016353551,2.7063785,2.8792105,2.5543191,-0.026574897,-0.010913961,-0.01393463,-0.002243994,1.3196925
PTPRM,-0.031475425,1.8559096,-0.008098906,-0.015873782,2.9294841,0.3031222,-0.0035038185,-0.023198618,2.3493445,3.3746789,2.9128296,-0.025719723,-0.009225501,-0.017161364,0.27075028,1.2310655
PURA,-0.031472053,1.8558805,-0.008101813,-0.0158728,2.9295986,0.3034636,-0.0035083024,-0.02319637,2.3494844,3.3747349,2.9126942,-0.02572029,-0.009224059,-0.017161403,0.27030152,1.2310551
PWWP3A,-0.031475425,1.8559096,-0.008098906,-0.015873782,2.9294841,0.3031222,-0.0035038185,-0.023198618,2.3493445,3.3746789,2.9128296,-0.025719723,-0.009225501,-0.017161364,0.27075028,1.2310655
PYHIN1,-0.031475425,1.8559096,-0.008098906,-0.015873782,2.9294841,0.3031222,-0.0035038185,-0.023198618,2.3493445,3.3746789,2.9128296,-0.025719723,-0.009225501,-0.017161364,0.27075028,1.2310655
RAB11FIP3,-0.03148851,1.8555251,-0.008089539,-0.015888762,2.9283044,0.30149278,-0.0034893644,-0.023200795,2.3504481,3.372928,2.911487,-0.025720734,-0.009238552,-0.017152917,0.27027613,1.2320583
RAB17,-0.031475425,1.8559096,-0.008098906,-0.015873782,2.9294841,0.3031222,-0.0035038185,-0.023198618,2.3493445,3.3746789,2.9128296,-0.025719723,-0.009225501,-0.017161364,0.27075028,1.2310655
RAB26,-0.031475425,1.8559096,-0.008098906,-0.015873782,2.9294841,0.3031222,-0.0035038185,-0.023198618,2.3493445,3.3746789,2.9128296,-0.025719723,-0.009225501,-0.017161364,0.27075028,1.2310655
RAB27B,-0.03144442,1.8559291,-0.008090879,-0.015912695,2.9300973,0.30390966,-0.0035358232,-0.0232171,2.3483887,3.3762403,2.909747,-0.025690751,-0.009217857,-0.017127031,0.27047396,1.232805
RAB30-DT,-0.031475425,1.8559096,-0.008098906,-0.015873782,2.9294841,0.3031222,-0.0035038185,-0.023198618,2.3493445,3.3746789,2.9128296,-0.025719723,-0.009225501,-0.017161364,0.27075028,1.2310655
RAB3IL1,-0.031475425,1.8559096,-0.008098906,-0.015873782,2.9294841,0.3031222,-0.0035038185,-0.023198618,2.3493445,3.3746789,2.9128296,-0.025719723,-0.009225501,-0.017161364,0.27075028,1.2310655
RAB9B,-0.03166534,1.781726,-0.008350796,-0.014707696,2.8905418,0.37086096,-0.003962555,-0.022023512,2.4160357,3.219349,2.8657765,-0.023814993,-0.0105582755,-0.015855694,0.11965517,1.1123519
RABEP2,-0.031475425,1.8559096,-0.008098906,-0.015873782,2.9294841,0.3031222,-0.0035038185,-0.023198618,2.3493445,3.3746789,2.9128296,-0.025719723,-0.009225501,-0.017161364,0.27075028,1.2310655
RABEPK,-0.031475425,1.8559096,-0.008098906,-0.015873782,2.9294841,0.3031222,-0.0035038185,-0.023198618,2.3493445,3.3746789,2.9128296,-0.025719723,-0.009225501,-0.017161364,0.27075028,1.2310655
RABGAP1L-DT,-0.031475425,1.8559096,-0.008098906,-0.015873782,2.9294841,0.3031222,-0.0035038185,-0.023198618,2.3493445,3.3746789,2.9128296,-0.025719723,-0.009225501,-0.017161364,0.27075028,1.2310655
RAC3,-0.031475425,1.8559096,-0.008098906,-0.015873782,2.9294841,0.3031222,-0.0035038185,-0.023198618,2.3493445,3.3746789,2.9128296,-0.025719723,-0.009225501,-0.017161364,0.27075028,1.2310655
RAD23B,-0.02865178,2.0470111,-0.00398382,-0.010992918,2.3989716,0.5683776,-0.00034354642,-0.01882079,1.8254774,3.2885199,2.8303719,-0.019622121,-0.0112637235,-0.014684963,0.6694983,0.79910886
RAD51-AS1,-0.031475425,1.8559096,-0.008098906,-0.015873782,2.9294841,0.3031222,-0.0035038185,-0.023198618,2.3493445,3.3746789,2.9128296,-0.025719723,-0.009225501,-0.017161364,0.27075028,1.2310655
RAD9A,-0.031475425,1.8559096,-0.008098906,-0.015873782,2.9294841,0.3031222,-0.0035038185,-0.023198618,2.3493445,3.3746789,2.9128296,-0.025719723,-0.009225501,-0.017161364,0.27075028,1.2310655
RADIL,-0.031475425,1.8559096,-0.008098906,-0.015873782,2.9294841,0.3031222,-0.0035038185,-0.023198618,2.3493445,3.3746789,2.9128296,-0.025719723,-0.009225501,-0.017161364,0.27075028,1.2310655
RADX,-0.031475425,1.8559096,-0.008098906,-0.015873782,2.9294841,0.3031222,-0.0035038185,-0.023198618,2.3493445,3.3746789,2.9128296,-0.025719723,-0.009225501,-0.017161364,0.27075028,1.2310655
RALGDS,-0.031475425,1.8559096,-0.008098906,-0.015873782,2.9294841,0.3031222,-0.0035038185,-0.023198618,2.3493445,3.3746789,2.9128296,-0.025719723,-0.009225501,-0.017161364,0.27075028,1.2310655
RALY-AS1,-0.031475425,1.8559096,-0.008098906,-0.015873782,2.9294841,0.3031222,-0.0035038185,-0.023198618,2.3493445,3.3746789,2.9128296,-0.025719723,-0.009225501,-0.017161364,0.27075028,1.2310655
RAMP1,-0.030792687,1.7494881,-0.0027444735,-0.013259403,2.9306023,-0.001019368,-0.0021434242,-0.021285726,2.1149755,3.490083,2.6580083,-0.025158081,-0.008455642,-0.01830693,0.5219057,1.3110136
RASAL3,-0.031475425,1.8559096,-0.008098906,-0.015873782,2.9294841,0.3031222,-0.0035038185,-0.023198618,2.3493445,3.3746789,2.9128296,-0.025719723,-0.009225501,-0.017161364,0.27075028,1.2310655
RASGEF1A,-0.031475425,1.8559096,-0.008098906,-0.015873782,2.9294841,0.3031222,-0.0035038185,-0.023198618,2.3493445,3.3746789,2.9128296,-0.025719723,-0.009225501,-0.017161364,0.27075028,1.2310655
RASGRF2,-0.031469192,1.8552982,-0.008074602,-0.015858293,2.9279275,0.3052632,-0.0035016362,-0.023206731,2.3471637,3.3723211,2.9134946,-0.025706239,-0.009227169,-0.017154982,0.27185017,1.229245
RASIP1,-0.031473584,1.8558726,-0.008100149,-0.015874755,2.9293447,0.3031933,-0.0035030162,-0.023198988,2.3494174,3.3747728,2.9127731,-0.025720196,-0.009223476,-0.01716082,0.270736,1.2310636
RASL11B,-0.031475425,1.8559096,-0.008098906,-0.015873782,2.9294841,0.3031222,-0.0035038185,-0.023198618,2.3493445,3.3746789,2.9128296,-0.025719723,-0.009225501,-0.017161364,0.27075028,1.2310655
RASSF1-AS1,-0.031475425,1.8559096,-0.008098906,-0.015873782,2.9294841,0.3031222,-0.0035038185,-0.023198618,2.3493445,3.3746789,2.9128296,-0.025719723,-0.009225501,-0.017161364,0.27075028,1.2310655
RB1-DT,-0.031475425,1.8559096,-0.008098906,-0.015873782,2.9294841,0.3031222,-0.0035038185,-0.023198618,2.3493445,3.3746789,2.9128296,-0.025719723,-0.009225501,-0.017161364,0.27075028,1.2310655
RBIS,-0.031475425,1.8559096,-0.008098906,-0.015873782,2.9294841,0.3031222,-0.0035038185,-0.023198618,2.3493445,3.3746789,2.9128296,-0.025719723,-0.009225501,-0.017161364,0.27075028,1.2310655
RBL1,-0.03146379,1.8569993,-0.008114437,-0.01585647,2.9298162,0.30284086,-0.0035114943,-0.023203,2.3478673,3.3745823,2.912961,-0.0257198,-0.009237652,-0.017143378,0.26991507,1.2290542
RBM38,-0.03148522,1.856916,-0.008101474,-0.015866423,2.9298956,0.3040112,-0.0035024935,-0.023203552,2.3502305,3.3742976,2.9119754,-0.02572195,-0.00922212,-0.017163236,0.27034044,1.2306494
RBM48,-0.031475425,1.8559096,-0.008098906,-0.015873782,2.9294841,0.3031222,-0.0035038185,-0.023198618,2.3493445,3.3746789,2.9128296,-0.025719723,-0.009225501,-0.017161364,0.27075028,1.2310655
RBP4,-0.031475425,1.8559096,-0.008098906,-0.015873782,2.9294841,0.3031222,-0.0035038185,-0.023198618,2.3493445,3.3746789,2.9128296,-0.025719723,-0.009225501,-0.017161364,0.27075028,1.2310655
RCAN3,-0.031475425,1.8559096,-0.008098906,-0.015873782,2.9294841,0.3031222,-0.0035038185,-0.023198618,2.3493445,3.3746789,2.9128296,-0.025719723,-0.009225501,-0.017161364,0.27075028,1.2310655
RCAN3AS,-0.031475425,1.8559096,-0.008098906,-0.015873782,2.9294841,0.3031222,-0.0035038185,-0.023198618,2.3493445,3.3746789,2.9128296,-0.025719723,-0.009225501,-0.017161364,0.27075028,1.2310655
RDH12,-0.03147575,1.8558457,-0.008096901,-0.015873168,2.9293013,0.30331364,-0.0035046015,-0.02319632,2.349423,3.374781,2.9129534,-0.025719766,-0.009226859,-0.017161522,0.27079147,1.230874
REST,-0.03083632,1.7787062,-0.007841091,-0.015911454,2.7623625,0.20393829,-0.0018164127,-0.023439893,2.2310581,3.2147872,2.840972,-0.024496822,-0.009293349,-0.016166104,0.38215804,1.2295316
REXO1,-0.031475425,1.8559096,-0.008098906,-0.015873782,2.9294841,0.3031222,-0.0035038185,-0.023198618,2.3493445,3.3746789,2.9128296,-0.025719723,-0.009225501,-0.017161364,0.27075028,1.2310655
REXO4,-0.031475425,1.8559096,-0.008098906,-0.015873782,2.9294841,0.3031222,-0.0035038185,-0.023198618,2.3493445,3.3746789,2.9128296,-0.025719723,-0.009225501,-0.017161364,0.27075028,1.2310655
RGL2,-0.031475425,1.8559096,-0.008098906,-0.015873782,2.9294841,0.3031222,-0.0035038185,-0.023198618,2.3493445,3.3746789,2.9128296,-0.025719723,-0.009225501,-0.017161364,0.27075028,1.2310655
RGS1,-0.031475425,1.8559096,-0.008098906,-0.015873782,2.9294841,0.3031222,-0.0035038185,-0.023198618,2.3493445,3.3746789,2.9128296,-0.025719723,-0.009225501,-0.017161364,0.27075028,1.2310655
RGS10,-0.031475425,1.8559096,-0.008098906,-0.015873782,2.9294841,0.3031222,-0.0035038185,-0.023198618,2.3493445,3.3746789,2.9128296,-0.025719723,-0.009225501,-0.017161364,0.27075028,1.2310655
RGS16,-0.031475425,1.8559096,-0.008098906,-0.015873782,2.9294841,0.3031222,-0.0035038185,-0.023198618,2.3493445,3.3746789,2.9128296,-0.025719723,-0.009225501,-0.017161364,0.27075028,1.2310655
RGS3,-0.031475425,1.8559096,-0.008098906,-0.015873782,2.9294841,0.3031222,-0.0035038185,-0.023198618,2.3493445,3.3746789,2.9128296,-0.025719723,-0.009225501,-0.017161364,0.27075028,1.2310655
RGS6,-0.031469822,1.854997,-0.008106444,-0.015879026,2.9290235,0.30206248,-0.0035053676,-0.0231949,2.3480704,3.3746061,2.9129014,-0.025728822,-0.009222255,-0.017165754,0.27176356,1.2300326
RGS7,-0.031475425,1.8559096,-0.008098906,-0.015873782,2.9294841,0.3031222,-0.0035038185,-0.023198618,2.3493445,3.3746789,2.9128296,-0.025719723,-0.009225501,-0.017161364,0.27075028,1.2310655
RGS9,-0.031475425,1.8559096,-0.008098906,-0.015873782,2.9294841,0.3031222,-0.0035038185,-0.023198618,2.3493445,3.3746789,2.9128296,-0.025719723,-0.009225501,-0.017161364,0.27075028,1.2310655
RHBDD1,-0.031475425,1.8559096,-0.008098906,-0.015873782,2.9294841,0.3031222,-0.0035038185,-0.023198618,2.3493445,3.3746789,2.9128296,-0.025719723,-0.009225501,-0.017161364,0.27075028,1.2310655
RHCE,-0.031467874,1.8566695,-0.008086521,-0.01586074,2.9296646,0.30242714,-0.0035120873,-0.023198945,2.349007,3.37293,2.9140284,-0.025701502,-0.009232426,-0.017166106,0.27152255,1.2314482
RHO,-0.031475425,1.8559096,-0.008098906,-0.015873782,2.9294841,0.3031222,-0.0035038185,-0.023198618,2.3493445,3.3746789,2.9128296,-0.025719723,-0.009225501,-0.017161364,0.27075028,1.2310655
RHOT2,-0.031475425,1.8559096,-0.008098906,-0.015873782,2.9294841,0.3031222,-0.0035038185,-0.023198618,2.3493445,3.3746789,2.9128296,-0.025719723,-0.009225501,-0.017161364,0.27075028,1.2310655
RHOXF1,-0.031475425,1.8559096,-0.008098906,-0.015873782,2.9294841,0.3031222,-0.0035038185,-0.023198618,2.3493445,3.3746789,2.9128296,-0.025719723,-0.009225501,-0.017161364,0.27075028,1.2310655
RHPN1-AS1,-0.031407062,1.8539673,-0.008113297,-0.015873212,2.9247952,0.30009767,-0.0034931903,-0.023215732,2.3507512,3.3756182,2.9077888,-0.025676617,-0.009176388,-0.017106673,0.2662375,1.2341269
RIF1,-0.031475425,1.8559096,-0.008098906,-0.015873782,2.9294841,0.3031222,-0.0035038185,-0.023198618,2.3493445,3.3746789,2.9128296,-0.025719723,-0.009225501,-0.017161364,0.27075028,1.2310655
RILPL1,-0.031475425,1.8559096,-0.008098906,-0.015873782,2.9294841,0.3031222,-0.0035038185,-0.023198618,2.3493445,3.3746789,2.9128296,-0.025719723,-0.009225501,-0.017161364,0.27075028,1.2310655
RIMKLB,-0.031475425,1.8559096,-0.008098906,-0.015873782,2.9294841,0.3031222,-0.0035038185,-0.023198618,2.3493445,3.3746789,2.9128296,-0.025719723,-0.009225501,-0.017161364,0.27075028,1.2310655
RN7SL832P,-0.031475425,1.8559096,-0.008098906,-0.015873782,2.9294841,0.3031222,-0.0035038185,-0.023198618,2.3493445,3.3746789,2.9128296,-0.025719723,-0.009225501,-0.017161364,0.27075028,1.2310655
RNASE11,-0.031475425,1.8559096,-0.008098906,-0.015873782,2.9294841,0.3031222,-0.0035038185,-0.023198618,2.3493445,3.3746789,2.9128296,-0.025719723,-0.009225501,-0.017161364,0.27075028,1.2310655
RNASEH2A,-0.031475425,1.8559096,-0.008098906,-0.015873782,2.9294841,0.3031222,-0.0035038185,-0.023198618,2.3493445,3.3746789,2.9128296,-0.025719723,-0.009225501,-0.017161364,0.27075028,1.2310655
RNF113A,-0.03147517,1.8555561,-0.008099716,-0.015873434,2.929215,0.30332246,-0.0035020171,-0.023201777,2.3488286,3.374197,2.9122941,-0.025724964,-0.009224802,-0.017156124,0.2703023,1.231308
RNF115,-0.031475425,1.8559096,-0.008098906,-0.015873782,2.9294841,0.3031222,-0.0035038185,-0.023198618,2.3493445,3.3746789,2.9128296,-0.025719723,-0.009225501,-0.017161364,0.27075028,1.2310655
RNF125,-0.031475425,1.8559096,-0.008098906,-0.015873782,2.9294841,0.3031222,-0.0035038185,-0.023198618,2.3493445,3.3746789,2.9128296,-0.025719723,-0.009225501,-0.017161364,0.27075028,1.2310655
RNF126,-0.031475425,1.8559096,-0.008098906,-0.015873782,2.9294841,0.3031222,-0.0035038185,-0.023198618,2.3493445,3.3746789,2.9128296,-0.025719723,-0.009225501,-0.017161364,0.27075028,1.2310655
RNF144A,-0.031475425,1.8559096,-0.008098906,-0.015873782,2.9294841,0.3031222,-0.0035038185,-0.023198618,2.3493445,3.3746789,2.9128296,-0.025719723,-0.009225501,-0.017161364,0.27075028,1.2310655
RNF157,-0.031475425,1.8559096,-0.008098906,-0.015873782,2.9294841,0.3031222,-0.0035038185,-0.023198618,2.3493445,3.3746789,2.9128296,-0.025719723,-0.009225501,-0.017161364,0.27075028,1.2310655
RNF165,-0.031475425,1.8559096,-0.008098906,-0.015873782,2.9294841,0.3031222,-0.0035038185,-0.023198618,2.3493445,3.3746789,2.9128296,-0.025719723,-0.009225501,-0.017161364,0.27075028,1.2310655
RNF169,-0.031475425,1.8559096,-0.008098906,-0.015873782,2.9294841,0.3031222,-0.0035038185,-0.023198618,2.3493445,3.3746789,2.9128296,-0.025719723,-0.009225501,-0.017161364,0.27075028,1.2310655
RNF34,-0.031475425,1.8559096,-0.008098906,-0.015873782,2.9294841,0.3031222,-0.0035038185,-0.023198618,2.3493445,3.3746789,2.9128296,-0.025719723,-0.009225501,-0.017161364,0.27075028,1.2310655
RNF43,-0.031475425,1.8559096,-0.008098906,-0.015873782,2.9294841,0.3031222,-0.0035038185,-0.023198618,2.3493445,3.3746789,2.9128296,-0.025719723,-0.009225501,-0.017161364,0.27075028,1.2310655
RNFT1-DT,-0.031475425,1.8559096,-0.008098906,-0.015873782,2.9294841,0.3031222,-0.0035038185,-0.023198618,2.3493445,3.3746789,2.9128296,-0.025719723,-0.009225501,-0.017161364,0.27075028,1.2310655
RNLS,-0.031486593,1.8557979,-0.008106825,-0.015863566,2.9289782,0.3028724,-0.0035075753,-0.02319874,2.3491552,3.3740227,2.911998,-0.025714202,-0.009230822,-0.017164828,0.26972646,1.2306191
ROBO3,-0.031475425,1.8559096,-0.008098906,-0.015873782,2.9294841,0.3031222,-0.0035038185,-0.023198618,2.3493445,3.3746789,2.9128296,-0.025719723,-0.009225501,-0.017161364,0.27075028,1.2310655
ROR2,-0.031475425,1.8559096,-0.008098906,-0.015873782,2.9294841,0.3031222,-0.0035038185,-0.023198618,2.3493445,3.3746789,2.9128296,-0.025719723,-0.009225501,-0.017161364,0.27075028,1.2310655
RORA-AS1,-0.031475425,1.8559096,-0.008098906,-0.015873782,2.9294841,0.3031222,-0.0035038185,-0.023198618,2.3493445,3.3746789,2.9128296,-0.025719723,-0.009225501,-0.017161364,0.27075028,1.2310655
RP1L1,-0.031475425,1.8559096,-0.008098906,-0.015873782,2.9294841,0.3031222,-0.0035038185,-0.023198618,2.3493445,3.3746789,2.9128296,-0.025719723,-0.009225501,-0.017161364,0.27075028,1.2310655
RPGRIP1L,-0.031475425,1.8559096,-0.008098906,-0.015873782,2.9294841,0.3031222,-0.0035038185,-0.023198618,2.3493445,3.3746789,2.9128296,-0.025719723,-0.009225501,-0.017161364,0.27075028,1.2310655
RPH3AL,-0.031475425,1.8559096,-0.008098906,-0.015873782,2.9294841,0.3031222,-0.0035038185,-0.023198618,2.3493445,3.3746789,2.9128296,-0.025719723,-0.009225501,-0.017161364,0.27075028,1.2310655
RRM2,-0.031475425,1.8559096,-0.008098906,-0.015873782,2.9294841,0.3031222,-0.0035038185,-0.023198618,2.3493445,3.3746789,2.9128296,-0.025719723,-0.009225501,-0.017161364,0.27075028,1.2310655
RSPH14,-0.031475425,1.8559096,-0.008098906,-0.015873782,2.9294841,0.3031222,-0.0035038185,-0.023198618,2.3493445,3.3746789,2.9128296,-0.025719723,-0.009225501,-0.017161364,0.27075028,1.2310655
RTKN2,-0.031475425,1.8559096,-0.008098906,-0.015873782,2.9294841,0.3031222,-0.0035038185,-0.023198618,2.3493445,3.3746789,2.9128296,-0.025719723,-0.009225501,-0.017161364,0.27075028,1.2310655
RTN4RL2,-0.031477954,1.8554604,-0.008114364,-0.015874548,2.930913,0.3029263,-0.0035121674,-0.023209862,2.3460848,3.3743615,2.9107716,-0.025702791,-0.009239867,-0.017172957,0.27246767,1.2307438
RTP5,-0.031475425,1.8559096,-0.008098906,-0.015873782,2.9294841,0.3031222,-0.0035038185,-0.023198618,2.3493445,3.3746789,2.9128296,-0.025719723,-0.009225501,-0.017161364,0.27075028,1.2310655
RTTN,-0.031475425,1.8559096,-0.008098906,-0.015873782,2.9294841,0.3031222,-0.0035038185,-0.023198618,2.3493445,3.3746789,2.9128296,-0.025719723,-0.009225501,-0.017161364,0.27075028,1.2310655
RUBCNL,-0.031475425,1.8559096,-0.008098906,-0.015873782,2.9294841,0.3031222,-0.0035038185,-0.023198618,2.3493445,3.3746789,2.9128296,-0.025719723,-0.009225501,-0.017161364,0.27075028,1.2310655
RUNX2,-0.03165022,1.8513494,-0.007726637,-0.0156856,2.9091232,0.26308036,-0.0030852614,-0.02308455,2.3536904,3.3754928,2.9029825,-0.025776867,-0.009359998,-0.016847992,0.28130668,1.240824
RWDD1,-0.031475425,1.8559096,-0.008098906,-0.015873782,2.9294841,0.3031222,-0.0035038185,-0.023198618,2.3493445,3.3746789,2.9128296,-0.025719723,-0.009225501,-0.017161364,0.27075028,1.2310655
S100A12,-0.03148851,1.8555251,-0.008089539,-0.015888762,2.9283044,0.30149278,-0.0034893644,-0.023200795,2.3504481,3.372928,2.911487,-0.025720734,-0.009238552,-0.017152917,0.27027613,1.2320583
S100B,-0.031475425,1.8559096,-0.008098906,-0.015873782,2.9294841,0.3031222,-0.0035038185,-0.023198618,2.3493445,3.3746789,2.9128296,-0.025719723,-0.009225501,-0.017161364,0.27075028,1.2310655
S1PR1,-0.031475425,1.8559096,-0.008098906,-0.015873782,2.9294841,0.3031222,-0.0035038185,-0.023198618,2.3493445,3.3746789,2.9128296,-0.025719723,-0.009225501,-0.017161364,0.27075028,1.2310655
S1PR5,-0.031475425,1.8559096,-0.008098906,-0.015873782,2.9294841,0.3031222,-0.0035038185,-0.023198618,2.3493445,3.3746789,2.9128296,-0.025719723,-0.009225501,-0.017161364,0.27075028,1.2310655
SAMD11,-0.031475425,1.8559096,-0.008098906,-0.015873782,2.9294841,0.3031222,-0.0035038185,-0.023198618,2.3493445,3.3746789,2.9128296,-0.025719723,-0.009225501,-0.017161364,0.27075028,1.2310655
SARS2,-0.031475425,1.8559096,-0.008098906,-0.015873782,2.9294841,0.3031222,-0.0035038185,-0.023198618,2.3493445,3.3746789,2.9128296,-0.025719723,-0.009225501,-0.017161364,0.27075028,1.2310655
SBF1,-0.031475425,1.8559096,-0.008098906,-0.015873782,2.9294841,0.3031222,-0.0035038185,-0.023198618,2.3493445,3.3746789,2.9128296,-0.025719723,-0.009225501,-0.017161364,0.27075028,1.2310655
SCAI,-0.031475425,1.8559096,-0.008098906,-0.015873782,2.9294841,0.3031222,-0.0035038185,-0.023198618,2.3493445,3.3746789,2.9128296,-0.025719723,-0.009225501,-0.017161364,0.27075028,1.2310655
SCFD2,-0.031475425,1.8559096,-0.008098906,-0.015873782,2.9294841,0.3031222,-0.0035038185,-0.023198618,2.3493445,3.3746789,2.9128296,-0.025719723,-0.009225501,-0.017161364,0.27075028,1.2310655
SCLY,-0.031475425,1.8559096,-0.008098906,-0.015873782,2.9294841,0.3031222,-0.0035038185,-0.023198618,2.3493445,3.3746789,2.9128296,-0.025719723,-0.009225501,-0.017161364,0.27075028,1.2310655
SCN2A,-0.031469002,1.8553501,-0.008100709,-0.01588021,2.9299195,0.30333546,-0.0034991305,-0.02319875,2.3499444,3.3742843,2.9126964,-0.025712695,-0.009230786,-0.017164707,0.26992708,1.2311385
SCN5A,-0.030323118,1.8792213,-0.0052552754,-0.010647535,2.3739371,0.30045214,-0.0059576957,-0.017645705,2.5396063,3.4106057,2.5932877,-0.025218062,-0.0070069185,-0.017362172,-0.002403984,0.80668753
SCOC-AS1,-0.031475425,1.8559096,-0.008098906,-0.015873782,2.9294841,0.3031222,-0.0035038185,-0.023198618,2.3493445,3.3746789,2.9128296,-0.025719723,-0.009225501,-0.017161364,0.27075028,1.2310655
SCUBE1,-0.031475425,1.8559096,-0.008098906,-0.015873782,2.9294841,0.3031222,-0.0035038185,-0.023198618,2.3493445,3.3746789,2.9128296,-0.025719723,-0.009225501,-0.017161364,0.27075028,1.2310655
SDCBP2,-0.031475425,1.8559096,-0.008098906,-0.015873782,2.9294841,0.3031222,-0.0035038185,-0.023198618,2.3493445,3.3746789,2.9128296,-0.025719723,-0.009225501,-0.017161364,0.27075028,1.2310655
SDK2,-0.031475425,1.8559096,-0.008098906,-0.015873782,2.9294841,0.3031222,-0.0035038185,-0.023198618,2.3493445,3.3746789,2.9128296,-0.025719723,-0.009225501,-0.017161364,0.27075028,1.2310655
SDR42E2,-0.031205844,1.9054899,-0.0076075443,-0.016291194,2.871641,0.26477396,-0.003059153,-0.023540948,2.3140776,3.3143666,2.9347296,-0.025496887,-0.009351532,-0.017653702,0.32254335,1.2362149
SEC14L2,-0.031475425,1.8559096,-0.008098906,-0.015873782,2.9294841,0.3031222,-0.0035038185,-0.023198618,2.3493445,3.3746789,2.9128296,-0.025719723,-0.009225501,-0.017161364,0.27075028,1.2310655
SEC14L5,-0.031475425,1.8559096,-0.008098906,-0.015873782,2.9294841,0.3031222,-0.0035038185,-0.023198618,2.3493445,3.3746789,2.9128296,-0.025719723,-0.009225501,-0.017161364,0.27075028,1.2310655
SEC23A-AS1,-0.026801094,1.9635823,-0.0050175968,-0.019113362,2.3194375,0.40429926,-6.0457063e-05,-0.016353551,2.7063785,2.8792105,2.5543191,-0.026574897,-0.010913961,-0.01393463,-0.002243994,1.3196925
SEC31B,-0.031475425,1.8559096,-0.008098906,-0.015873782,2.9294841,0.3031222,-0.0035038185,-0.023198618,2.3493445,3.3746789,2.9128296,-0.025719723,-0.009225501,-0.017161364,0.27075028,1.2310655
SELP,-0.031407062,1.8539673,-0.008113297,-0.015873212,2.9247952,0.30009767,-0.0034931903,-0.023215732,2.3507512,3.3756182,2.9077888,-0.025676617,-0.009176388,-0.017106673,0.2662375,1.2341269
SEMA3D,-0.031475425,1.8559096,-0.008098906,-0.015873782,2.9294841,0.3031222,-0.0035038185,-0.023198618,2.3493445,3.3746789,2.9128296,-0.025719723,-0.009225501,-0.017161364,0.27075028,1.2310655
SEMA4C,-0.031475425,1.8559096,-0.008098906,-0.015873782,2.9294841,0.3031222,-0.0035038185,-0.023198618,2.3493445,3.3746789,2.9128296,-0.025719723,-0.009225501,-0.017161364,0.27075028,1.2310655
SEMA6C,-0.02865178,2.0470111,-0.00398382,-0.010992918,2.3989716,0.5683776,-0.00034354642,-0.01882079,1.8254774,3.2885199,2.8303719,-0.019622121,-0.0112637235,-0.014684963,0.6694983,0.79910886
SEPTIN4-AS1,-0.031475425,1.8559096,-0.008098906,-0.015873782,2.9294841,0.3031222,-0.0035038185,-0.023198618,2.3493445,3.3746789,2.9128296,-0.025719723,-0.009225501,-0.017161364,0.27075028,1.2310655
SERPINA1,-0.031475425,1.8559096,-0.008098906,-0.015873782,2.9294841,0.3031222,-0.0035038185,-0.023198618,2.3493445,3.3746789,2.9128296,-0.025719723,-0.009225501,-0.017161364,0.27075028,1.2310655
SERPINB9,-0.031475425,1.8559096,-0.008098906,-0.015873782,2.9294841,0.3031222,-0.0035038185,-0.023198618,2.3493445,3.3746789,2.9128296,-0.025719723,-0.009225501,-0.017161364,0.27075028,1.2310655
SERPINB9P1,-0.031475425,1.8559096,-0.008098906,-0.015873782,2.9294841,0.3031222,-0.0035038185,-0.023198618,2.3493445,3.3746789,2.9128296,-0.025719723,-0.009225501,-0.017161364,0.27075028,1.2310655
SERPINE1,-0.031475425,1.8559096,-0.008098906,-0.015873782,2.9294841,0.3031222,-0.0035038185,-0.023198618,2.3493445,3.3746789,2.9128296,-0.025719723,-0.009225501,-0.017161364,0.27075028,1.2310655
SERPINE2,-0.030792687,1.7494881,-0.0027444735,-0.013259403,2.9306023,-0.001019368,-0.0021434242,-0.021285726,2.1149755,3.490083,2.6580083,-0.025158081,-0.008455642,-0.01830693,0.5219057,1.3110136
SERTAD1,-0.031475425,1.8559096,-0.008098906,-0.015873782,2.9294841,0.3031222,-0.0035038185,-0.023198618,2.3493445,3.3746789,2.9128296,-0.025719723,-0.009225501,-0.017161364,0.27075028,1.2310655
SFI1,-0.031475425,1.8559096,-0.008098906,-0.015873782,2.9294841,0.3031222,-0.0035038185,-0.023198618,2.3493445,3.3746789,2.9128296,-0.025719723,-0.009225501,-0.017161364,0.27075028,1.2310655
SFMBT1,-0.031475425,1.8559096,-0.008098906,-0.015873782,2.9294841,0.3031222,-0.0035038185,-0.023198618,2.3493445,3.3746789,2.9128296,-0.025719723,-0.009225501,-0.017161364,0.27075028,1.2310655
SFXN1,-0.031475425,1.8559096,-0.008098906,-0.015873782,2.9294841,0.3031222,-0.0035038185,-0.023198618,2.3493445,3.3746789,2.9128296,-0.025719723,-0.009225501,-0.017161364,0.27075028,1.2310655
SGF29,-0.031475425,1.8559096,-0.008098906,-0.015873782,2.9294841,0.3031222,-0.0035038185,-0.023198618,2.3493445,3.3746789,2.9128296,-0.025719723,-0.009225501,-0.017161364,0.27075028,1.2310655
SGO2,-0.031407062,1.8539673,-0.008113297,-0.015873212,2.9247952,0.30009767,-0.0034931903,-0.023215732,2.3507512,3.3756182,2.9077888,-0.025676617,-0.009176388,-0.017106673,0.2662375,1.2341269
SGSM1,-0.031475425,1.8559096,-0.008098906,-0.015873782,2.9294841,0.3031222,-0.0035038185,-0.023198618,2.3493445,3.3746789,2.9128296,-0.025719723,-0.009225501,-0.017161364,0.27075028,1.2310655
SH2D1B,-0.031475425,1.8559096,-0.008098906,-0.015873782,2.9294841,0.3031222,-0.0035038185,-0.023198618,2.3493445,3.3746789,2.9128296,-0.025719723,-0.009225501,-0.017161364,0.27075028,1.2310655
SH2D2A,-0.031475425,1.8559096,-0.008098906,-0.015873782,2.9294841,0.3031222,-0.0035038185,-0.023198618,2.3493445,3.3746789,2.9128296,-0.025719723,-0.009225501,-0.017161364,0.27075028,1.2310655
SH2D3A,-0.031475425,1.8559096,-0.008098906,-0.015873782,2.9294841,0.3031222,-0.0035038185,-0.023198618,2.3493445,3.3746789,2.9128296,-0.025719723,-0.009225501,-0.017161364,0.27075028,1.2310655
SH3BGRL2,-0.031475425,1.8559096,-0.008098906,-0.015873782,2.9294841,0.3031222,-0.0035038185,-0.023198618,2.3493445,3.3746789,2.9128296,-0.025719723,-0.009225501,-0.017161364,0.27075028,1.2310655
SH3YL1,-0.031475425,1.8559096,-0.008098906,-0.015873782,2.9294841,0.3031222,-0.0035038185,-0.023198618,2.3493445,3.3746789,2.9128296,-0.025719723,-0.009225501,-0.017161364,0.27075028,1.2310655
SHBG,-0.031475425,1.8559096,-0.008098906,-0.015873782,2.9294841,0.3031222,-0.0035038185,-0.023198618,2.3493445,3.3746789,2.9128296,-0.025719723,-0.009225501,-0.017161364,0.27075028,1.2310655
SHISA2,-0.031475425,1.8559096,-0.008098906,-0.015873782,2.9294841,0.3031222,-0.0035038185,-0.023198618,2.3493445,3.3746789,2.9128296,-0.025719723,-0.009225501,-0.017161364,0.27075028,1.2310655
SHISA7,-0.031475425,1.8559096,-0.008098906,-0.015873782,2.9294841,0.3031222,-0.0035038185,-0.023198618,2.3493445,3.3746789,2.9128296,-0.025719723,-0.009225501,-0.017161364,0.27075028,1.2310655
SHISAL2A,-0.031475425,1.8559096,-0.008098906,-0.015873782,2.9294841,0.3031222,-0.0035038185,-0.023198618,2.3493445,3.3746789,2.9128296,-0.025719723,-0.009225501,-0.017161364,0.27075028,1.2310655
SHLD1,-0.031478506,1.8553385,-0.0081128515,-0.0158729,2.9310913,0.3027985,-0.0035141045,-0.023208523,2.346136,3.3745625,2.9107852,-0.025703715,-0.009239115,-0.017173517,0.27238,1.230591
SHOX2,-0.02864199,2.0481377,-0.0039981073,-0.0109746335,2.399443,0.5680252,-0.00035202428,-0.018824803,1.8239269,3.2883294,2.8305597,-0.019621726,-0.011277897,-0.01466752,0.6686774,0.7970995
SHPRH,-0.031475425,1.8559096,-0.008098906,-0.015873782,2.9294841,0.3031222,-0.0035038185,-0.023198618,2.3493445,3.3746789,2.9128296,-0.025719723,-0.009225501,-0.017161364,0.27075028,1.2310655
SIAH2-AS1,-0.031475425,1.8559096,-0.008098906,-0.015873782,2.9294841,0.3031222,-0.0035038185,-0.023198618,2.3493445,3.3746789,2.9128296,-0.025719723,-0.009225501,-0.017161364,0.27075028,1.2310655
SIDT1,-0.031475425,1.8559096,-0.008098906,-0.015873782,2.9294841,0.3031222,-0.0035038185,-0.023198618,2.3493445,3.3746789,2.9128296,-0.025719723,-0.009225501,-0.017161364,0.27075028,1.2310655
SIGIRR,-0.031475425,1.8559096,-0.008098906,-0.015873782,2.9294841,0.3031222,-0.0035038185,-0.023198618,2.3493445,3.3746789,2.9128296,-0.025719723,-0.009225501,-0.017161364,0.27075028,1.2310655
SIRPG,-0.031475425,1.8559096,-0.008098906,-0.015873782,2.9294841,0.3031222,-0.0035038185,-0.023198618,2.3493445,3.3746789,2.9128296,-0.025719723,-0.009225501,-0.017161364,0.27075028,1.2310655
SIRT1,-0.031472053,1.8558806,-0.008101813,-0.0158728,2.9295986,0.30346358,-0.0035083024,-0.02319637,2.3494844,3.374735,2.9126942,-0.02572029,-0.009224059,-0.017161403,0.27030152,1.2310551
SIRT2,-0.031474877,1.8560315,-0.008100419,-0.015875433,2.9293058,0.30324998,-0.0035018818,-0.023199955,2.3492932,3.3744779,2.912816,-0.025718803,-0.009226253,-0.017160803,0.27083796,1.2312182
SIX1,-0.031472053,1.8558805,-0.008101813,-0.0158728,2.9295986,0.3034636,-0.0035083024,-0.02319637,2.3494844,3.3747349,2.9126942,-0.02572029,-0.009224059,-0.017161403,0.27030152,1.2310551
SIX3-AS1,-0.031475425,1.8559096,-0.008098906,-0.015873782,2.9294841,0.3031222,-0.0035038185,-0.023198618,2.3493445,3.3746789,2.9128296,-0.025719723,-0.009225501,-0.017161364,0.27075028,1.2310655
SIX5,-0.031475425,1.8559096,-0.008098906,-0.015873782,2.9294841,0.3031222,-0.0035038185,-0.023198618,2.3493445,3.3746789,2.9128296,-0.025719723,-0.009225501,-0.017161364,0.27075028,1.2310655
SKIDA1,-0.029042615,1.307198,-0.012907376,-0.011162886,2.1797936,0.017672645,-0.004400254,-0.025513977,1.5255251,2.7885387,2.6890678,-0.023448719,-0.012949664,-0.010947382,0.41374564,0.70960885
SLA2,-0.02344642,1.5053743,-0.0109152645,-0.012428886,3.0120208,0.700714,-0.0047414224,-0.02111165,2.318224,2.5376956,2.320949,-0.022248546,-0.0066997227,-0.009344137,-0.0020499802,1.5227598
SLAIN1,-0.031475425,1.8559096,-0.008098906,-0.015873782,2.9294841,0.3031222,-0.0035038185,-0.023198618,2.3493445,3.3746789,2.9128296,-0.025719723,-0.009225501,-0.017161364,0.27075028,1.2310655
SLAMF6,-0.030790843,1.7494512,-0.0027457166,-0.013260376,2.9304628,-0.0010186569,-0.002142622,-0.021286096,2.1150484,3.490177,2.6579518,-0.025158552,-0.008453617,-0.018306386,0.5218914,1.3110117
SLAMF7,-0.031475425,1.8559096,-0.008098906,-0.015873782,2.9294841,0.3031222,-0.0035038185,-0.023198618,2.3493445,3.3746789,2.9128296,-0.025719723,-0.009225501,-0.017161364,0.27075028,1.2310655
SLC14A1,-0.031475425,1.8559096,-0.008098906,-0.015873782,2.9294841,0.3031222,-0.0035038185,-0.023198618,2.3493445,3.3746789,2.9128296,-0.025719723,-0.009225501,-0.017161364,0.27075028,1.2310655
SLC14A2,-0.031475425,1.8559096,-0.008098906,-0.015873782,2.9294841,0.3031222,-0.0035038185,-0.023198618,2.3493445,3.3746789,2.9128296,-0.025719723,-0.009225501,-0.017161364,0.27075028,1.2310655
SLC16A1-AS1,-0.031475425,1.8559096,-0.008098906,-0.015873782,2.9294841,0.3031222,-0.0035038185,-0.023198618,2.3493445,3.3746789,2.9128296,-0.025719723,-0.009225501,-0.017161364,0.27075028,1.2310655
SLC16A10,-0.025056645,1.4080817,-0.008266316,-0.01753453,2.9541168,0.087179065,-0.0029407025,-0.01757162,2.2793818,3.0951498,2.7463908,-0.019212734,-0.008362729,-0.01843475,0.056422893,1.6515135
SLC16A11,-0.031475425,1.8559096,-0.008098906,-0.015873782,2.9294841,0.3031222,-0.0035038185,-0.023198618,2.3493445,3.3746789,2.9128296,-0.025719723,-0.009225501,-0.017161364,0.27075028,1.2310655
SLC16A13,-0.031475425,1.8559096,-0.008098906,-0.015873782,2.9294841,0.3031222,-0.0035038185,-0.023198618,2.3493445,3.3746789,2.9128296,-0.025719723,-0.009225501,-0.017161364,0.27075028,1.2310655
SLC17A3,-0.031475425,1.8559096,-0.008098906,-0.015873782,2.9294841,0.3031222,-0.0035038185,-0.023198618,2.3493445,3.3746789,2.9128296,-0.025719723,-0.009225501,-0.017161364,0.27075028,1.2310655
SLC1A1,-0.031475425,1.8559096,-0.008098906,-0.015873782,2.9294841,0.3031222,-0.0035038185,-0.023198618,2.3493445,3.3746789,2.9128296,-0.025719723,-0.009225501,-0.017161364,0.27075028,1.2310655
SLC22A23,-0.031475425,1.8559096,-0.008098906,-0.015873782,2.9294841,0.3031222,-0.0035038185,-0.023198618,2.3493445,3.3746789,2.9128296,-0.025719723,-0.009225501,-0.017161364,0.27075028,1.2310655
SLC24A3,-0.031475425,1.8559096,-0.008098906,-0.015873782,2.9294841,0.3031222,-0.0035038185,-0.023198618,2.3493445,3.3746789,2.9128296,-0.025719723,-0.009225501,-0.017161364,0.27075028,1.2310655
SLC25A4,-0.031475425,1.8559096,-0.008098906,-0.015873782,2.9294841,0.3031222,-0.0035038185,-0.023198618,2.3493445,3.3746789,2.9128296,-0.025719723,-0.009225501,-0.017161364,0.27075028,1.2310655
SLC25A42,-0.031475425,1.8559096,-0.008098906,-0.015873782,2.9294841,0.3031222,-0.0035038185,-0.023198618,2.3493445,3.3746789,2.9128296,-0.025719723,-0.009225501,-0.017161364,0.27075028,1.2310655
SLC25A45,-0.031475425,1.8559096,-0.008098906,-0.015873782,2.9294841,0.3031222,-0.0035038185,-0.023198618,2.3493445,3.3746789,2.9128296,-0.025719723,-0.009225501,-0.017161364,0.27075028,1.2310655
SLC25A5-AS1,-0.031475425,1.8559096,-0.008098906,-0.015873782,2.9294841,0.3031222,-0.0035038185,-0.023198618,2.3493445,3.3746789,2.9128296,-0.025719723,-0.009225501,-0.017161364,0.27075028,1.2310655
SLC26A11,-0.031475425,1.8559096,-0.008098906,-0.015873782,2.9294841,0.3031222,-0.0035038185,-0.023198618,2.3493445,3.3746789,2.9128296,-0.025719723,-0.009225501,-0.017161364,0.27075028,1.2310655
SLC2A14,-0.031475425,1.8559096,-0.008098906,-0.015873782,2.9294841,0.3031222,-0.0035038185,-0.023198618,2.3493445,3.3746789,2.9128296,-0.025719723,-0.009225501,-0.017161364,0.27075028,1.2310655
SLC2A4RG,-0.031475425,1.8559096,-0.008098906,-0.015873782,2.9294841,0.3031222,-0.0035038185,-0.023198618,2.3493445,3.3746789,2.9128296,-0.025719723,-0.009225501,-0.017161364,0.27075028,1.2310655
SLC30A5,-0.031469822,1.854997,-0.008106444,-0.015879026,2.9290235,0.30206248,-0.0035053676,-0.0231949,2.3480704,3.3746061,2.9129014,-0.025728822,-0.009222255,-0.017165754,0.27176356,1.2300326
SLC35D1,-0.031475425,1.8559096,-0.008098906,-0.015873782,2.9294841,0.3031222,-0.0035038185,-0.023198618,2.3493445,3.3746789,2.9128296,-0.025719723,-0.009225501,-0.017161364,0.27075028,1.2310655
SLC35G3,-0.031475425,1.8559096,-0.008098906,-0.015873782,2.9294841,0.3031222,-0.0035038185,-0.023198618,2.3493445,3.3746789,2.9128296,-0.025719723,-0.009225501,-0.017161364,0.27075028,1.2310655
SLC37A3,-0.031475425,1.8559096,-0.008098906,-0.015873782,2.9294841,0.3031222,-0.0035038185,-0.023198618,2.3493445,3.3746789,2.9128296,-0.025719723,-0.009225501,-0.017161364,0.27075028,1.2310655
SLC37A4,-0.031475425,1.8559096,-0.008098906,-0.015873782,2.9294841,0.3031222,-0.0035038185,-0.023198618,2.3493445,3.3746789,2.9128296,-0.025719723,-0.009225501,-0.017161364,0.27075028,1.2310655
SLC39A10,-0.031475425,1.8559096,-0.008098906,-0.015873782,2.9294841,0.3031222,-0.0035038185,-0.023198618,2.3493445,3.3746789,2.9128296,-0.025719723,-0.009225501,-0.017161364,0.27075028,1.2310655
SLC41A1,-0.031475425,1.8559096,-0.008098906,-0.015873782,2.9294841,0.3031222,-0.0035038185,-0.023198618,2.3493445,3.3746789,2.9128296,-0.025719723,-0.009225501,-0.017161364,0.27075028,1.2310655
SLC44A2,-0.031475425,1.8559096,-0.008098906,-0.015873782,2.9294841,0.3031222,-0.0035038185,-0.023198618,2.3493445,3.3746789,2.9128296,-0.025719723,-0.009225501,-0.017161364,0.27075028,1.2310655
SLC45A4,-0.031475425,1.8559096,-0.008098906,-0.015873782,2.9294841,0.3031222,-0.0035038185,-0.023198618,2.3493445,3.3746789,2.9128296,-0.025719723,-0.009225501,-0.017161364,0.27075028,1.2310655
SLC4A10,-0.031475425,1.8559096,-0.008098906,-0.015873782,2.9294841,0.3031222,-0.0035038185,-0.023198618,2.3493445,3.3746789,2.9128296,-0.025719723,-0.009225501,-0.017161364,0.27075028,1.2310655
SLC4A11,-0.031475425,1.8559096,-0.008098906,-0.015873782,2.9294841,0.3031222,-0.0035038185,-0.023198618,2.3493445,3.3746789,2.9128296,-0.025719723,-0.009225501,-0.017161364,0.27075028,1.2310655
SLC5A4-AS1,-0.031475425,1.8559096,-0.008098906,-0.015873782,2.9294841,0.3031222,-0.0035038185,-0.023198618,2.3493445,3.3746789,2.9128296,-0.025719723,-0.009225501,-0.017161364,0.27075028,1.2310655
SLC6A20,-0.031475425,1.8559096,-0.008098906,-0.015873782,2.9294841,0.3031222,-0.0035038185,-0.023198618,2.3493445,3.3746789,2.9128296,-0.025719723,-0.009225501,-0.017161364,0.27075028,1.2310655
SLC7A5,-0.031475425,1.8559096,-0.008098906,-0.015873782,2.9294841,0.3031222,-0.0035038185,-0.023198618,2.3493445,3.3746789,2.9128296,-0.025719723,-0.009225501,-0.017161364,0.27075028,1.2310655
SLC7A6,-0.031475425,1.8559096,-0.008098906,-0.015873782,2.9294841,0.3031222,-0.0035038185,-0.023198618,2.3493445,3.3746789,2.9128296,-0.025719723,-0.009225501,-0.017161364,0.27075028,1.2310655
SLCO4A1,-0.031469822,1.854997,-0.008106444,-0.015879026,2.9290235,0.30206248,-0.0035053676,-0.0231949,2.3480704,3.3746061,2.9129014,-0.025728822,-0.009222255,-0.017165754,0.27176356,1.2300326
SLF1,-0.031475425,1.8559096,-0.008098906,-0.015873782,2.9294841,0.3031222,-0.0035038185,-0.023198618,2.3493445,3.3746789,2.9128296,-0.025719723,-0.009225501,-0.017161364,0.27075028,1.2310655
SLF2,-0.031475425,1.8559096,-0.008098906,-0.015873782,2.9294841,0.3031222,-0.0035038185,-0.023198618,2.3493445,3.3746789,2.9128296,-0.025719723,-0.009225501,-0.017161364,0.27075028,1.2310655
SLFN12L,-0.031475425,1.8559096,-0.008098906,-0.015873782,2.9294841,0.3031222,-0.0035038185,-0.023198618,2.3493445,3.3746789,2.9128296,-0.025719723,-0.009225501,-0.017161364,0.27075028,1.2310655
SLFN13,-0.031475425,1.8559096,-0.008098906,-0.015873782,2.9294841,0.3031222,-0.0035038185,-0.023198618,2.3493445,3.3746789,2.9128296,-0.025719723,-0.009225501,-0.017161364,0.27075028,1.2310655
SLFN5,-0.031475425,1.8559096,-0.008098906,-0.015873782,2.9294841,0.3031222,-0.0035038185,-0.023198618,2.3493445,3.3746789,2.9128296,-0.025719723,-0.009225501,-0.017161364,0.27075028,1.2310655
SMAD7,-0.031475425,1.8559096,-0.008098906,-0.015873782,2.9294841,0.3031222,-0.0035038185,-0.023198618,2.3493445,3.3746789,2.9128296,-0.025719723,-0.009225501,-0.017161364,0.27075028,1.2310655
SMARCA1,-0.031475425,1.8559096,-0.008098906,-0.015873782,2.9294841,0.3031222,-0.0035038185,-0.023198618,2.3493445,3.3746789,2.9128296,-0.025719723,-0.009225501,-0.017161364,0.27075028,1.2310655
SMARCA5-AS1,-0.031475425,1.8559096,-0.008098906,-0.015873782,2.9294841,0.3031222,-0.0035038185,-0.023198618,2.3493445,3.3746789,2.9128296,-0.025719723,-0.009225501,-0.017161364,0.27075028,1.2310655
SMIM19,-0.031339303,1.8682848,-0.00808809,-0.015901377,2.9096599,0.2619709,-0.0035461145,-0.023308255,2.3491251,3.3380678,2.8859878,-0.025923265,-0.008983571,-0.017267866,0.25151762,1.2417654
SMIM6,-0.031478506,1.8553385,-0.0081128515,-0.0158729,2.9310913,0.3027985,-0.0035141045,-0.023208523,2.346136,3.3745625,2.9107852,-0.025703715,-0.009239115,-0.017173517,0.27238,1.230591
SNAI3-AS1,-0.030131914,1.9522926,-0.0050141495,-0.01183278,2.4116273,0.23145925,-0.005521063,-0.018830013,2.472123,3.5657923,2.6391146,-0.027122196,-0.005650389,-0.018643273,-0.0009225135,0.9260177
SNAP47-AS1,-0.023446675,1.5057278,-0.010914454,-0.012429237,3.01229,0.7005137,-0.0047432235,-0.021108491,2.3187401,2.5381775,2.3214843,-0.022243306,-0.0067004208,-0.009349378,-0.0020455003,1.5225173
SNED1,-0.03148851,1.8555251,-0.008089539,-0.015888762,2.9283044,0.30149278,-0.0034893644,-0.023200795,2.3504481,3.372928,2.911487,-0.025720734,-0.009238552,-0.017152917,0.27027613,1.2320583
SNHG18,-0.031473327,1.8555192,-0.0081009595,-0.015874406,2.9290755,0.30339357,-0.003501215,-0.02320215,2.3489015,3.374291,2.9122376,-0.025725435,-0.009222778,-0.01715558,0.27028802,1.2313061
SNHG22,-0.031475425,1.8559096,-0.008098906,-0.015873782,2.9294841,0.3031222,-0.0035038185,-0.023198618,2.3493445,3.3746789,2.9128296,-0.025719723,-0.009225501,-0.017161364,0.27075028,1.2310655
SNTA1,-0.031475425,1.8559096,-0.008098906,-0.015873782,2.9294841,0.3031222,-0.0035038185,-0.023198618,2.3493445,3.3746789,2.9128296,-0.025719723,-0.009225501,-0.017161364,0.27075028,1.2310655
SNTB2,-0.031475425,1.8559096,-0.008098906,-0.015873782,2.9294841,0.3031222,-0.0035038185,-0.023198618,2.3493445,3.3746789,2.9128296,-0.025719723,-0.009225501,-0.017161364,0.27075028,1.2310655
SNX25,-0.031475425,1.8559096,-0.008098906,-0.015873782,2.9294841,0.3031222,-0.0035038185,-0.023198618,2.3493445,3.3746789,2.9128296,-0.025719723,-0.009225501,-0.017161364,0.27075028,1.2310655
SNX32,-0.031475425,1.8559096,-0.008098906,-0.015873782,2.9294841,0.3031222,-0.0035038185,-0.023198618,2.3493445,3.3746789,2.9128296,-0.025719723,-0.009225501,-0.017161364,0.27075028,1.2310655
SOCS1,-0.031475425,1.8559096,-0.008098906,-0.015873782,2.9294841,0.3031222,-0.0035038185,-0.023198618,2.3493445,3.3746789,2.9128296,-0.025719723,-0.009225501,-0.017161364,0.27075028,1.2310655
SORCS2,-0.031480778,1.8563311,-0.008090217,-0.01586424,2.929058,0.30350384,-0.0035124028,-0.023174724,2.3478067,3.37618,2.9114192,-0.025716892,-0.0092306705,-0.017155621,0.27089724,1.2311937
SOX13,-0.031475425,1.8559096,-0.008098906,-0.015873782,2.9294841,0.3031222,-0.0035038185,-0.023198618,2.3493445,3.3746789,2.9128296,-0.025719723,-0.009225501,-0.017161364,0.27075028,1.2310655
SOX2-OT,-0.031339303,1.8682848,-0.00808809,-0.015901377,2.9096599,0.2619709,-0.0035461145,-0.023308255,2.3491251,3.3380678,2.8859878,-0.025923265,-0.008983571,-0.017267866,0.25151762,1.2417654
SOX4,-0.03148513,1.8554963,-0.008092448,-0.015887773,2.9284194,0.30183485,-0.0034938543,-0.023198547,2.3505876,3.3729846,2.9113522,-0.025721302,-0.009237104,-0.01715296,0.26982757,1.2320476
SOX5,-0.031465072,1.8554436,-0.008105135,-0.015880885,2.9298549,0.30380526,-0.003501669,-0.023197848,2.3500328,3.3741384,2.9125473,-0.025712332,-0.009230101,-0.017164184,0.26956618,1.2312814
SOX6,-0.031475425,1.8559096,-0.008098906,-0.015873782,2.9294841,0.3031222,-0.0035038185,-0.023198618,2.3493445,3.3746789,2.9128296,-0.025719723,-0.009225501,-0.017161364,0.27075028,1.2310655
SP140,-0.031475425,1.8559096,-0.008098906,-0.015873782,2.9294841,0.3031222,-0.0035038185,-0.023198618,2.3493445,3.3746789,2.9128296,-0.025719723,-0.009225501,-0.017161364,0.27075028,1.2310655
SP4,-0.031472374,1.8558168,-0.008099813,-0.015872188,2.9294162,0.30365452,-0.0035090833,-0.023194078,2.3495626,3.3748364,2.9128177,-0.025720334,-0.009225413,-0.017161561,0.27034262,1.230864
SP6,-0.03148851,1.8555251,-0.008089539,-0.015888762,2.9283044,0.30149278,-0.0034893644,-0.023200795,2.3504481,3.372928,2.911487,-0.025720734,-0.009238552,-0.017152917,0.27027613,1.2320583
SPA17,-0.031475425,1.8559096,-0.008098906,-0.015873782,2.9294841,0.3031222,-0.0035038185,-0.023198618,2.3493445,3.3746789,2.9128296,-0.025719723,-0.009225501,-0.017161364,0.27075028,1.2310655
SPAG16-DT,-0.031475425,1.8559096,-0.008098906,-0.015873782,2.9294841,0.3031222,-0.0035038185,-0.023198618,2.3493445,3.3746789,2.9128296,-0.025719723,-0.009225501,-0.017161364,0.27075028,1.2310655
SPAG5-AS1,-0.031475425,1.8559096,-0.008098906,-0.015873782,2.9294841,0.3031222,-0.0035038185,-0.023198618,2.3493445,3.3746789,2.9128296,-0.025719723,-0.009225501,-0.017161364,0.27075028,1.2310655
SPAG6,-0.031590853,1.8626393,-0.0073070326,-0.014225706,2.8043349,0.026236514,-0.0019303489,-0.025338355,2.218582,3.1349585,2.852901,-0.024625272,-0.008734765,-0.015460319,0.4613555,1.2112337
SPATA12,-0.031475425,1.8559096,-0.008098906,-0.015873782,2.9294841,0.3031222,-0.0035038185,-0.023198618,2.3493445,3.3746789,2.9128296,-0.025719723,-0.009225501,-0.017161364,0.27075028,1.2310655
SPATA32,-0.031469822,1.854997,-0.008106444,-0.015879026,2.9290235,0.30206248,-0.0035053676,-0.0231949,2.3480704,3.3746061,2.9129014,-0.025728822,-0.009222255,-0.017165754,0.27176356,1.2300326
SPATA33,-0.027136836,1.8240168,-0.009266311,-0.014416294,2.9998238,0.6189444,-0.0077284756,-0.023865225,1.8066359,3.3279731,2.5685408,-0.024335403,-0.005698275,-0.019432481,0.5677488,0.8374876
SPATA5,-0.031475425,1.8559096,-0.008098906,-0.015873782,2.9294841,0.3031222,-0.0035038185,-0.023198618,2.3493445,3.3746789,2.9128296,-0.025719723,-0.009225501,-0.017161364,0.27075028,1.2310655
SPEF2,-0.031475425,1.8559096,-0.008098906,-0.015873782,2.9294841,0.3031222,-0.0035038185,-0.023198618,2.3493445,3.3746789,2.9128296,-0.025719723,-0.009225501,-0.017161364,0.27075028,1.2310655
SPIB,-0.0314646,1.8562773,-0.008123148,-0.015875008,2.928973,0.30131534,-0.0035362015,-0.02320867,2.3475182,3.374827,2.9123268,-0.025713496,-0.0092166215,-0.017124591,0.26742935,1.2294302
SPINK2,-0.031475425,1.8559096,-0.008098906,-0.015873782,2.9294841,0.3031222,-0.0035038185,-0.023198618,2.3493445,3.3746789,2.9128296,-0.025719723,-0.009225501,-0.017161364,0.27075028,1.2310655
SPIRE2,-0.031475425,1.8559096,-0.008098906,-0.015873782,2.9294841,0.3031222,-0.0035038185,-0.023198618,2.3493445,3.3746789,2.9128296,-0.025719723,-0.009225501,-0.017161364,0.27075028,1.2310655
SPON1,-0.031475425,1.8559096,-0.008098906,-0.015873782,2.9294841,0.3031222,-0.0035038185,-0.023198618,2.3493445,3.3746789,2.9128296,-0.025719723,-0.009225501,-0.017161364,0.27075028,1.2310655
SPON2,-0.031475425,1.8559096,-0.008098906,-0.015873782,2.9294841,0.3031222,-0.0035038185,-0.023198618,2.3493445,3.3746789,2.9128296,-0.025719723,-0.009225501,-0.017161364,0.27075028,1.2310655
SPP1,-0.031475425,1.8559096,-0.008098906,-0.015873782,2.9294841,0.3031222,-0.0035038185,-0.023198618,2.3493445,3.3746789,2.9128296,-0.025719723,-0.009225501,-0.017161364,0.27075028,1.2310655
SPRY2,-0.031475425,1.8559096,-0.008098906,-0.015873782,2.9294841,0.3031222,-0.0035038185,-0.023198618,2.3493445,3.3746789,2.9128296,-0.025719723,-0.009225501,-0.017161364,0.27075028,1.2310655
SPRY4-AS1,-0.031475425,1.8559096,-0.008098906,-0.015873782,2.9294841,0.3031222,-0.0035038185,-0.023198618,2.3493445,3.3746789,2.9128296,-0.025719723,-0.009225501,-0.017161364,0.27075028,1.2310655
SPTBN1,-0.025056645,1.4080817,-0.008266316,-0.01753453,2.9541168,0.087179065,-0.0029407025,-0.01757162,2.2793818,3.0951498,2.7463908,-0.019212734,-0.008362729,-0.01843475,0.056422893,1.6515135
SPTBN5,-0.03148851,1.8555251,-0.008089539,-0.015888762,2.9283044,0.30149278,-0.0034893644,-0.023200795,2.3504481,3.372928,2.911487,-0.025720734,-0.009238552,-0.017152917,0.27027613,1.2320583
SPTSSB,-0.031475425,1.8559096,-0.008098906,-0.015873782,2.9294841,0.3031222,-0.0035038185,-0.023198618,2.3493445,3.3746789,2.9128296,-0.025719723,-0.009225501,-0.017161364,0.27075028,1.2310655
SRBD1,-0.031475425,1.8559096,-0.008098906,-0.015873782,2.9294841,0.3031222,-0.0035038185,-0.023198618,2.3493445,3.3746789,2.9128296,-0.025719723,-0.009225501,-0.017161364,0.27075028,1.2310655
SREBF2-AS1,-0.031475425,1.8559096,-0.008098906,-0.015873782,2.9294841,0.3031222,-0.0035038185,-0.023198618,2.3493445,3.3746789,2.9128296,-0.025719723,-0.009225501,-0.017161364,0.27075028,1.2310655
SRGAP3-AS4,-0.031475425,1.8559096,-0.008098906,-0.015873782,2.9294841,0.3031222,-0.0035038185,-0.023198618,2.3493445,3.3746789,2.9128296,-0.025719723,-0.009225501,-0.017161364,0.27075028,1.2310655
SS18L2,-0.031475425,1.8559096,-0.008098906,-0.015873782,2.9294841,0.3031222,-0.0035038185,-0.023198618,2.3493445,3.3746789,2.9128296,-0.025719723,-0.009225501,-0.017161364,0.27075028,1.2310655
ST3GAL3,-0.031458575,1.8564616,-0.008108636,-0.015889112,2.9301527,0.30349657,-0.0034956473,-0.023181153,2.3501375,3.3738346,2.9119534,-0.025723262,-0.0092122825,-0.017176848,0.27019,1.231846
ST3GAL6-AS1,-0.031475425,1.8559096,-0.008098906,-0.015873782,2.9294841,0.3031222,-0.0035038185,-0.023198618,2.3493445,3.3746789,2.9128296,-0.025719723,-0.009225501,-0.017161364,0.27075028,1.2310655
ST8SIA1,-0.031475425,1.8559096,-0.008098906,-0.015873782,2.9294841,0.3031222,-0.0035038185,-0.023198618,2.3493445,3.3746789,2.9128296,-0.025719723,-0.009225501,-0.017161364,0.27075028,1.2310655
ST8SIA6,-0.031469002,1.8553501,-0.008100709,-0.01588021,2.9299195,0.30333546,-0.0034991305,-0.02319875,2.3499444,3.3742843,2.9126964,-0.025712695,-0.009230786,-0.017164707,0.26992708,1.2311385
STAC2,-0.031475425,1.8559096,-0.008098906,-0.015873782,2.9294841,0.3031222,-0.0035038185,-0.023198618,2.3493445,3.3746789,2.9128296,-0.025719723,-0.009225501,-0.017161364,0.27075028,1.2310655
STAMBPL1,-0.030131914,1.9522926,-0.0050141495,-0.01183278,2.4116273,0.23145925,-0.005521063,-0.018830013,2.472123,3.5657923,2.6391146,-0.027122196,-0.005650389,-0.018643273,-0.0009225135,0.9260177
STAP1,-0.031475425,1.8559096,-0.008098906,-0.015873782,2.9294841,0.3031222,-0.0035038185,-0.023198618,2.3493445,3.3746789,2.9128296,-0.025719723,-0.009225501,-0.017161364,0.27075028,1.2310655
STARD9,-0.031475425,1.8559096,-0.008098906,-0.015873782,2.9294841,0.3031222,-0.0035038185,-0.023198618,2.3493445,3.3746789,2.9128296,-0.025719723,-0.009225501,-0.017161364,0.27075028,1.2310655
STAT5B,-0.031045232,1.7853801,-0.0069413334,-0.015441384,2.769761,0.1881263,-0.0015261538,-0.023056865,2.2310154,3.2198153,2.8431408,-0.024265803,-0.009446312,-0.016017243,0.40141362,1.2161362
STEAP1B,-0.031475425,1.8559096,-0.008098906,-0.015873782,2.9294841,0.3031222,-0.0035038185,-0.023198618,2.3493445,3.3746789,2.9128296,-0.025719723,-0.009225501,-0.017161364,0.27075028,1.2310655
STMN3,-0.029042615,1.307198,-0.012907376,-0.011162886,2.1797936,0.017672645,-0.004400254,-0.025513977,1.5255251,2.7885387,2.6890678,-0.023448719,-0.012949664,-0.010947382,0.41374564,0.70960885
STON1-GTF2A1L,-0.027136836,1.8240168,-0.009266311,-0.014416294,2.9998238,0.6189444,-0.0077284756,-0.023865225,1.8066359,3.3279731,2.5685408,-0.024335403,-0.005698275,-0.019432481,0.5677488,0.8374876
STPG1,-0.031487476,1.8547662,-0.008099493,-0.015908271,2.9273217,0.30003837,-0.0035132694,-0.023206837,2.350172,3.3732665,2.9107964,-0.025714897,-0.009215497,-0.017133588,0.26777613,1.2324324
STPG2,-0.031462267,1.855757,-0.008094057,-0.015865982,2.9292037,0.30136743,-0.0035136365,-0.023195226,2.3477328,3.3728573,2.9141002,-0.025710601,-0.00922918,-0.017170496,0.27253583,1.2304153
STPG3-AS1,-0.031475425,1.8559096,-0.008098906,-0.015873782,2.9294841,0.3031222,-0.0035038185,-0.023198618,2.3493445,3.3746789,2.9128296,-0.025719723,-0.009225501,-0.017161364,0.27075028,1.2310655
STRBP,-0.031475425,1.8559096,-0.008098906,-0.015873782,2.9294841,0.3031222,-0.0035038185,-0.023198618,2.3493445,3.3746789,2.9128296,-0.025719723,-0.009225501,-0.017161364,0.27075028,1.2310655
STX18-AS1,-0.031475425,1.8559096,-0.008098906,-0.015873782,2.9294841,0.3031222,-0.0035038185,-0.023198618,2.3493445,3.3746789,2.9128296,-0.025719723,-0.009225501,-0.017161364,0.27075028,1.2310655
STX1A,-0.031465378,1.8566828,-0.008114004,-0.01585515,2.9296863,0.30297002,-0.0035104947,-0.02320579,2.347278,3.3740065,2.912482,-0.025724573,-0.009238979,-0.01713868,0.26948136,1.2292986
STXBP5L,-0.031475425,1.8559096,-0.008098906,-0.015873782,2.9294841,0.3031222,-0.0035038185,-0.023198618,2.3493445,3.3746789,2.9128296,-0.025719723,-0.009225501,-0.017161364,0.27075028,1.2310655
SUGCT,-0.031475425,1.8559096,-0.008098906,-0.015873782,2.9294841,0.3031222,-0.0035038185,-0.023198618,2.3493445,3.3746789,2.9128296,-0.025719723,-0.009225501,-0.017161364,0.27075028,1.2310655
SULF2,-0.031475425,1.8559096,-0.008098906,-0.015873782,2.9294841,0.3031222,-0.0035038185,-0.023198618,2.3493445,3.3746789,2.9128296,-0.025719723,-0.009225501,-0.017161364,0.27075028,1.2310655
SULT6B1,-0.031475425,1.8559096,-0.008098906,-0.015873782,2.9294841,0.3031222,-0.0035038185,-0.023198618,2.3493445,3.3746789,2.9128296,-0.025719723,-0.009225501,-0.017161364,0.27075028,1.2310655
SUPT3H,-0.031475425,1.8559096,-0.008098906,-0.015873782,2.9294841,0.3031222,-0.0035038185,-0.023198618,2.3493445,3.3746789,2.9128296,-0.025719723,-0.009225501,-0.017161364,0.27075028,1.2310655
SUPT7L,-0.031475425,1.8559096,-0.008098906,-0.015873782,2.9294841,0.3031222,-0.0035038185,-0.023198618,2.3493445,3.3746789,2.9128296,-0.025719723,-0.009225501,-0.017161364,0.27075028,1.2310655
SUSD4,-0.031475425,1.8559096,-0.008098906,-0.015873782,2.9294841,0.3031222,-0.0035038185,-0.023198618,2.3493445,3.3746789,2.9128296,-0.025719723,-0.009225501,-0.017161364,0.27075028,1.2310655
SVEP1,-0.031475425,1.8559096,-0.008098906,-0.015873782,2.9294841,0.3031222,-0.0035038185,-0.023198618,2.3493445,3.3746789,2.9128296,-0.025719723,-0.009225501,-0.017161364,0.27075028,1.2310655
SVIP,-0.031475425,1.8559096,-0.008098906,-0.015873782,2.9294841,0.3031222,-0.0035038185,-0.023198618,2.3493445,3.3746789,2.9128296,-0.025719723,-0.009225501,-0.017161364,0.27075028,1.2310655
SYDE2,-0.031475425,1.8559096,-0.008098906,-0.015873782,2.9294841,0.3031222,-0.0035038185,-0.023198618,2.3493445,3.3746789,2.9128296,-0.025719723,-0.009225501,-0.017161364,0.27075028,1.2310655
SYN2,-0.031475425,1.8559096,-0.008098906,-0.015873782,2.9294841,0.3031222,-0.0035038185,-0.023198618,2.3493445,3.3746789,2.9128296,-0.025719723,-0.009225501,-0.017161364,0.27075028,1.2310655
SYNE1,-0.031472757,1.8557072,-0.008094578,-0.015873425,2.9290566,0.3026363,-0.0035026984,-0.023198549,2.3490381,3.3749695,2.912435,-0.025712237,-0.009234702,-0.017166728,0.27025354,1.2313015
SYNGAP1,-0.031475425,1.8559096,-0.008098906,-0.015873782,2.9294841,0.3031222,-0.0035038185,-0.023198618,2.3493445,3.3746789,2.9128296,-0.025719723,-0.009225501,-0.017161364,0.27075028,1.2310655
SYNJ2,-0.026801094,1.9635823,-0.0050175968,-0.019113362,2.3194375,0.40429926,-6.0457063e-05,-0.016353551,2.7063785,2.8792105,2.5543191,-0.026574897,-0.010913961,-0.01393463,-0.002243994,1.3196925
SYT1,-0.031480778,1.8563311,-0.008090217,-0.01586424,2.929058,0.30350384,-0.0035124028,-0.023174724,2.3478067,3.37618,2.9114192,-0.025716892,-0.0092306705,-0.017155621,0.27089724,1.2311937
SYT5,-0.031475425,1.8559096,-0.008098906,-0.015873782,2.9294841,0.3031222,-0.0035038185,-0.023198618,2.3493445,3.3746789,2.9128296,-0.025719723,-0.009225501,-0.017161364,0.27075028,1.2310655
SYT7,-0.031475425,1.8559096,-0.008098906,-0.015873782,2.9294841,0.3031222,-0.0035038185,-0.023198618,2.3493445,3.3746789,2.9128296,-0.025719723,-0.009225501,-0.017161364,0.27075028,1.2310655
SYTL2,-0.031473584,1.8558726,-0.008100149,-0.015874755,2.9293447,0.3031933,-0.0035030162,-0.023198988,2.3494174,3.3747728,2.9127731,-0.025720196,-0.009223476,-0.01716082,0.270736,1.2310636
TAC3,-0.031475425,1.8559096,-0.008098906,-0.015873782,2.9294841,0.3031222,-0.0035038185,-0.023198618,2.3493445,3.3746789,2.9128296,-0.025719723,-0.009225501,-0.017161364,0.27075028,1.2310655
TAF11,-0.021013865,0.9570163,-0.015722921,-0.007718338,2.2625995,0.41506436,-0.0056396597,-0.023423847,1.4949205,1.9520378,2.0977225,-0.019972302,-0.010424585,-0.003135395,-0.000615546,1.0010605
TAF1A-AS1,-0.031446006,1.8565661,-0.008079412,-0.015891537,2.9312584,0.30523628,-0.0035138552,-0.02320972,2.348716,3.3761027,2.9104512,-0.025697513,-0.009240161,-0.01714692,0.27288628,1.2322782
TAF1C,-0.031475425,1.8559096,-0.008098906,-0.015873782,2.9294841,0.3031222,-0.0035038185,-0.023198618,2.3493445,3.3746789,2.9128296,-0.025719723,-0.009225501,-0.017161364,0.27075028,1.2310655
TAF3,-0.031475425,1.8559096,-0.008098906,-0.015873782,2.9294841,0.3031222,-0.0035038185,-0.023198618,2.3493445,3.3746789,2.9128296,-0.025719723,-0.009225501,-0.017161364,0.27075028,1.2310655
TANC1,-0.031188993,1.906042,-0.0076172748,-0.016306523,2.8723092,0.26514834,-0.0030509818,-0.023523483,2.3148706,3.3135223,2.9338534,-0.025500426,-0.009338313,-0.017669184,0.32198307,1.2369953
TBC1D16,-0.031339303,1.8682848,-0.00808809,-0.015901377,2.9096599,0.2619709,-0.0035461145,-0.023308255,2.3491251,3.3380678,2.8859878,-0.025923265,-0.008983571,-0.017267866,0.25151762,1.2417654
TBC1D17,-0.03148522,1.856916,-0.008101474,-0.015866423,2.9298956,0.3040112,-0.0035024935,-0.023203552,2.3502305,3.3742976,2.9119754,-0.02572195,-0.00922212,-0.017163236,0.27034044,1.2306494
TBC1D31,-0.031475425,1.8559096,-0.008098906,-0.015873782,2.9294841,0.3031222,-0.0035038185,-0.023198618,2.3493445,3.3746789,2.9128296,-0.025719723,-0.009225501,-0.017161364,0.27075028,1.2310655
TBC1D32,-0.031475425,1.8559096,-0.008098906,-0.015873782,2.9294841,0.3031222,-0.0035038185,-0.023198618,2.3493445,3.3746789,2.9128296,-0.025719723,-0.009225501,-0.017161364,0.27075028,1.2310655
TBC1D4,-0.031475425,1.8559096,-0.008098906,-0.015873782,2.9294841,0.3031222,-0.0035038185,-0.023198618,2.3493445,3.3746789,2.9128296,-0.025719723,-0.009225501,-0.017161364,0.27075028,1.2310655
TBC1D8-AS1,-0.031475425,1.8559096,-0.008098906,-0.015873782,2.9294841,0.3031222,-0.0035038185,-0.023198618,2.3493445,3.3746789,2.9128296,-0.025719723,-0.009225501,-0.017161364,0.27075028,1.2310655
TBCCD1,-0.031475425,1.8559096,-0.008098906,-0.015873782,2.9294841,0.3031222,-0.0035038185,-0.023198618,2.3493445,3.3746789,2.9128296,-0.025719723,-0.009225501,-0.017161364,0.27075028,1.2310655
TBCE,-0.031475425,1.8559096,-0.008098906,-0.015873782,2.9294841,0.3031222,-0.0035038185,-0.023198618,2.3493445,3.3746789,2.9128296,-0.025719723,-0.009225501,-0.017161364,0.27075028,1.2310655
TBKBP1,-0.031475425,1.8559096,-0.008098906,-0.015873782,2.9294841,0.3031222,-0.0035038185,-0.023198618,2.3493445,3.3746789,2.9128296,-0.025719723,-0.009225501,-0.017161364,0.27075028,1.2310655
TBX10,-0.031458575,1.8564616,-0.008108636,-0.015889112,2.9301527,0.30349657,-0.0034956473,-0.023181153,2.3501375,3.3738346,2.9119534,-0.025723262,-0.0092122825,-0.017176848,0.27019,1.231846
TBX20,-0.031475425,1.8559096,-0.008098906,-0.015873782,2.9294841,0.3031222,-0.0035038185,-0.023198618,2.3493445,3.3746789,2.9128296,-0.025719723,-0.009225501,-0.017161364,0.27075028,1.2310655
TBX21,-0.031475425,1.8559096,-0.008098906,-0.015873782,2.9294841,0.3031222,-0.0035038185,-0.023198618,2.3493445,3.3746789,2.9128296,-0.025719723,-0.009225501,-0.017161364,0.27075028,1.2310655
TCEAL9,-0.031475425,1.8559096,-0.008098906,-0.015873782,2.9294841,0.3031222,-0.0035038185,-0.023198618,2.3493445,3.3746789,2.9128296,-0.025719723,-0.009225501,-0.017161364,0.27075028,1.2310655
TCF15,-0.031407062,1.8539673,-0.008113297,-0.015873212,2.9247952,0.30009767,-0.0034931903,-0.023215732,2.3507512,3.3756182,2.9077888,-0.025676617,-0.009176388,-0.017106673,0.2662375,1.2341269
TCF19,-0.031407062,1.8539673,-0.008113297,-0.015873212,2.9247952,0.30009767,-0.0034931903,-0.023215732,2.3507512,3.3756182,2.9077888,-0.025676617,-0.009176388,-0.017106673,0.2662375,1.2341269
TCF20,-0.031475425,1.8559096,-0.008098906,-0.015873782,2.9294841,0.3031222,-0.0035038185,-0.023198618,2.3493445,3.3746789,2.9128296,-0.025719723,-0.009225501,-0.017161364,0.27075028,1.2310655
TCF7L1,-0.027136836,1.8240168,-0.009266311,-0.014416294,2.9998238,0.6189444,-0.0077284756,-0.023865225,1.8066359,3.3279731,2.5685408,-0.024335403,-0.005698275,-0.019432481,0.5677488,0.8374876
TCL1A,-0.031475425,1.8559096,-0.008098906,-0.015873782,2.9294841,0.3031222,-0.0035038185,-0.023198618,2.3493445,3.3746789,2.9128296,-0.025719723,-0.009225501,-0.017161364,0.27075028,1.2310655
TCTA,-0.031475425,1.8559096,-0.008098906,-0.015873782,2.9294841,0.3031222,-0.0035038185,-0.023198618,2.3493445,3.3746789,2.9128296,-0.025719723,-0.009225501,-0.017161364,0.27075028,1.2310655
TCTN2,-0.031475425,1.8559096,-0.008098906,-0.015873782,2.9294841,0.3031222,-0.0035038185,-0.023198618,2.3493445,3.3746789,2.9128296,-0.025719723,-0.009225501,-0.017161364,0.27075028,1.2310655
TDRD1,-0.031475425,1.8559096,-0.008098906,-0.015873782,2.9294841,0.3031222,-0.0035038185,-0.023198618,2.3493445,3.3746789,2.9128296,-0.025719723,-0.009225501,-0.017161364,0.27075028,1.2310655
TECR,-0.031480167,1.8552384,-0.008108627,-0.015869992,2.9294136,0.3030857,-0.0035028874,-0.023198873,2.349755,3.3736281,2.9118648,-0.025707172,-0.009236108,-0.017168172,0.2689032,1.230692
TENM1,-0.031475425,1.8559096,-0.008098906,-0.015873782,2.9294841,0.3031222,-0.0035038185,-0.023198618,2.3493445,3.3746789,2.9128296,-0.025719723,-0.009225501,-0.017161364,0.27075028,1.2310655
TENM2,-0.031469192,1.8552982,-0.008074602,-0.015858293,2.9279275,0.3052632,-0.0035016362,-0.023206731,2.3471637,3.3723211,2.9134946,-0.025706239,-0.009227169,-0.017154982,0.27185017,1.229245
TET1,-0.031475425,1.8559096,-0.008098906,-0.015873782,2.9294841,0.3031222,-0.0035038185,-0.023198618,2.3493445,3.3746789,2.9128296,-0.025719723,-0.009225501,-0.017161364,0.27075028,1.2310655
TEX14,-0.031590853,1.8626393,-0.0073070326,-0.014225706,2.8043349,0.026236514,-0.0019303489,-0.025338355,2.218582,3.1349585,2.852901,-0.024625272,-0.008734765,-0.015460319,0.4613555,1.2112337
TEX53,-0.031469002,1.8553501,-0.008100709,-0.01588021,2.9299195,0.30333546,-0.0034991305,-0.02319875,2.3499444,3.3742843,2.9126964,-0.025712695,-0.009230786,-0.017164707,0.26992708,1.2311385
TEX55,-0.031475425,1.8559096,-0.008098906,-0.015873782,2.9294841,0.3031222,-0.0035038185,-0.023198618,2.3493445,3.3746789,2.9128296,-0.025719723,-0.009225501,-0.017161364,0.27075028,1.2310655
TFAP2A-AS1,-0.031205844,1.9054899,-0.0076075443,-0.016291194,2.871641,0.26477396,-0.003059153,-0.023540948,2.3140776,3.3143666,2.9347296,-0.025496887,-0.009351532,-0.017653702,0.32254335,1.2362149
TFCP2,-0.031472053,1.8558805,-0.008101813,-0.0158728,2.9295986,0.3034636,-0.0035083024,-0.02319637,2.3494844,3.3747349,2.9126942,-0.02572029,-0.009224059,-0.017161403,0.27030152,1.2310551
TFDP2,-0.031475425,1.8559096,-0.008098906,-0.015873782,2.9294841,0.3031222,-0.0035038185,-0.023198618,2.3493445,3.3746789,2.9128296,-0.025719723,-0.009225501,-0.017161364,0.27075028,1.2310655
TFR2,-0.031475425,1.8559096,-0.008098906,-0.015873782,2.9294841,0.3031222,-0.0035038185,-0.023198618,2.3493445,3.3746789,2.9128296,-0.025719723,-0.009225501,-0.017161364,0.27075028,1.2310655
TGFB3,-0.031478506,1.8553385,-0.0081128515,-0.0158729,2.9310913,0.3027985,-0.0035141045,-0.023208523,2.346136,3.3745625,2.9107852,-0.025703715,-0.009239115,-0.017173517,0.27238,1.230591
THBS1,-0.031475425,1.8559096,-0.008098906,-0.015873782,2.9294841,0.3031222,-0.0035038185,-0.023198618,2.3493445,3.3746789,2.9128296,-0.025719723,-0.009225501,-0.017161364,0.27075028,1.2310655
THEGL,-0.031475425,1.8559096,-0.008098906,-0.015873782,2.9294841,0.3031222,-0.0035038185,-0.023198618,2.3493445,3.3746789,2.9128296,-0.025719723,-0.009225501,-0.017161364,0.27075028,1.2310655
THEM4,-0.031475425,1.8559096,-0.008098906,-0.015873782,2.9294841,0.3031222,-0.0035038185,-0.023198618,2.3493445,3.3746789,2.9128296,-0.025719723,-0.009225501,-0.017161364,0.27075028,1.2310655
THORLNC,-0.03078708,1.7485756,-0.0027520105,-0.013264646,2.9301417,-0.0010299651,-0.002144973,-0.021282008,2.1137013,3.4900103,2.65808,-0.025167175,-0.008452396,-0.01831132,0.522919,1.3099806
THSD8,-0.031475425,1.8559096,-0.008098906,-0.015873782,2.9294841,0.3031222,-0.0035038185,-0.023198618,2.3493445,3.3746789,2.9128296,-0.025719723,-0.009225501,-0.017161364,0.27075028,1.2310655
TIGD2,-0.031475425,1.8559096,-0.008098906,-0.015873782,2.9294841,0.3031222,-0.0035038185,-0.023198618,2.3493445,3.3746789,2.9128296,-0.025719723,-0.009225501,-0.017161364,0.27075028,1.2310655
TIGD4,-0.031475425,1.8559096,-0.008098906,-0.015873782,2.9294841,0.3031222,-0.0035038185,-0.023198618,2.3493445,3.3746789,2.9128296,-0.025719723,-0.009225501,-0.017161364,0.27075028,1.2310655
TIMP3,-0.030792136,1.7496101,-0.0027459862,-0.013261054,2.930424,-0.00101809,-0.0021414873,-0.021287065,2.1149242,3.489882,2.6579947,-0.025157155,-0.008456394,-0.018306369,0.5219934,1.3111662
TLCD1,-0.031475425,1.8559096,-0.008098906,-0.015873782,2.9294841,0.3031222,-0.0035038185,-0.023198618,2.3493445,3.3746789,2.9128296,-0.025719723,-0.009225501,-0.017161364,0.27075028,1.2310655
TLCD5,-0.031475425,1.8559096,-0.008098906,-0.015873782,2.9294841,0.3031222,-0.0035038185,-0.023198618,2.3493445,3.3746789,2.9128296,-0.025719723,-0.009225501,-0.017161364,0.27075028,1.2310655
TLE1,-0.031486593,1.8557979,-0.008106825,-0.015863566,2.9289782,0.3028724,-0.0035075753,-0.02319874,2.3491552,3.3740227,2.911998,-0.025714202,-0.009230822,-0.017164828,0.26972646,1.2306191
TLN2,-0.031475425,1.8559096,-0.008098906,-0.015873782,2.9294841,0.3031222,-0.0035038185,-0.023198618,2.3493445,3.3746789,2.9128296,-0.025719723,-0.009225501,-0.017161364,0.27075028,1.2310655
TM4SF19-AS1,-0.031475425,1.8559096,-0.008098906,-0.015873782,2.9294841,0.3031222,-0.0035038185,-0.023198618,2.3493445,3.3746789,2.9128296,-0.025719723,-0.009225501,-0.017161364,0.27075028,1.2310655
TMC6,-0.031475425,1.8559096,-0.008098906,-0.015873782,2.9294841,0.3031222,-0.0035038185,-0.023198618,2.3493445,3.3746789,2.9128296,-0.025719723,-0.009225501,-0.017161364,0.27075028,1.2310655
TMCC2,-0.031475425,1.8559096,-0.008098906,-0.015873782,2.9294841,0.3031222,-0.0035038185,-0.023198618,2.3493445,3.3746789,2.9128296,-0.025719723,-0.009225501,-0.017161364,0.27075028,1.2310655
TMEM107,-0.031475425,1.8559096,-0.008098906,-0.015873782,2.9294841,0.3031222,-0.0035038185,-0.023198618,2.3493445,3.3746789,2.9128296,-0.025719723,-0.009225501,-0.017161364,0.27075028,1.2310655
TMEM117,-0.031475425,1.8559096,-0.008098906,-0.015873782,2.9294841,0.3031222,-0.0035038185,-0.023198618,2.3493445,3.3746789,2.9128296,-0.025719723,-0.009225501,-0.017161364,0.27075028,1.2310655
TMEM151B,-0.031469822,1.854997,-0.008106444,-0.015879026,2.9290235,0.30206248,-0.0035053676,-0.0231949,2.3480704,3.3746061,2.9129014,-0.025728822,-0.009222255,-0.017165754,0.27176356,1.2300326
TMEM156,-0.031475425,1.8559096,-0.008098906,-0.015873782,2.9294841,0.3031222,-0.0035038185,-0.023198618,2.3493445,3.3746789,2.9128296,-0.025719723,-0.009225501,-0.017161364,0.27075028,1.2310655
TMEM169,-0.031475425,1.8559096,-0.008098906,-0.015873782,2.9294841,0.3031222,-0.0035038185,-0.023198618,2.3493445,3.3746789,2.9128296,-0.025719723,-0.009225501,-0.017161364,0.27075028,1.2310655
TMEM177,-0.027136836,1.8240168,-0.009266311,-0.014416294,2.9998238,0.6189444,-0.0077284756,-0.023865225,1.8066359,3.3279731,2.5685408,-0.024335403,-0.005698275,-0.019432481,0.5677488,0.8374876
TMEM181,-0.02506973,1.4076972,-0.008256948,-0.01754951,2.9529371,0.08554965,-0.0029262484,-0.017573798,2.2804854,3.0933988,2.7450483,-0.019213744,-0.00837578,-0.018426303,0.055948738,1.6525062
TMEM182,-0.031468645,1.8554201,-0.0080761155,-0.015859943,2.9277492,0.30539098,-0.003499699,-0.023208069,2.3471122,3.3721201,2.913481,-0.025705313,-0.009227921,-0.017154422,0.27193785,1.2293975
TMEM223,-0.031475425,1.8559096,-0.008098906,-0.015873782,2.9294841,0.3031222,-0.0035038185,-0.023198618,2.3493445,3.3746789,2.9128296,-0.025719723,-0.009225501,-0.017161364,0.27075028,1.2310655
TMEM225B,-0.03148522,1.856916,-0.008101474,-0.015866423,2.9298956,0.3040112,-0.0035024935,-0.023203552,2.3502305,3.3742976,2.9119754,-0.02572195,-0.00922212,-0.017163236,0.27034044,1.2306494
TMEM238,-0.031475425,1.8559096,-0.008098906,-0.015873782,2.9294841,0.3031222,-0.0035038185,-0.023198618,2.3493445,3.3746789,2.9128296,-0.025719723,-0.009225501,-0.017161364,0.27075028,1.2310655
TMEM239,-0.031475425,1.8559096,-0.008098906,-0.015873782,2.9294841,0.3031222,-0.0035038185,-0.023198618,2.3493445,3.3746789,2.9128296,-0.025719723,-0.009225501,-0.017161364,0.27075028,1.2310655
TMEM245,-0.029053783,1.3070863,-0.012915294,-0.01115267,2.1792877,0.017422901,-0.004404011,-0.025514102,1.5253358,2.7878826,2.688236,-0.023443198,-0.012954986,-0.0109508475,0.4127218,0.7091624
TMEM272,-0.031467874,1.8566695,-0.008086521,-0.01586074,2.9296646,0.30242714,-0.0035120873,-0.023198945,2.349007,3.37293,2.9140284,-0.025701502,-0.009232426,-0.017166106,0.27152255,1.2314482
TMEM41B,-0.031475425,1.8559096,-0.008098906,-0.015873782,2.9294841,0.3031222,-0.0035038185,-0.023198618,2.3493445,3.3746789,2.9128296,-0.025719723,-0.009225501,-0.017161364,0.27075028,1.2310655
TMEM45B,-0.031475425,1.8559096,-0.008098906,-0.015873782,2.9294841,0.3031222,-0.0035038185,-0.023198618,2.3493445,3.3746789,2.9128296,-0.025719723,-0.009225501,-0.017161364,0.27075028,1.2310655
TMEM65,-0.031475425,1.8559096,-0.008098906,-0.015873782,2.9294841,0.3031222,-0.0035038185,-0.023198618,2.3493445,3.3746789,2.9128296,-0.025719723,-0.009225501,-0.017161364,0.27075028,1.2310655
TMEM67,-0.031475425,1.8559096,-0.008098906,-0.015873782,2.9294841,0.3031222,-0.0035038185,-0.023198618,2.3493445,3.3746789,2.9128296,-0.025719723,-0.009225501,-0.017161364,0.27075028,1.2310655
TMEM95,-0.031475425,1.8559096,-0.008098906,-0.015873782,2.9294841,0.3031222,-0.0035038185,-0.023198618,2.3493445,3.3746789,2.9128296,-0.025719723,-0.009225501,-0.017161364,0.27075028,1.2310655
TMEM98,-0.031475425,1.8559096,-0.008098906,-0.015873782,2.9294841,0.3031222,-0.0035038185,-0.023198618,2.3493445,3.3746789,2.9128296,-0.025719723,-0.009225501,-0.017161364,0.27075028,1.2310655
TMIGD2,-0.031475425,1.8559096,-0.008098906,-0.015873782,2.9294841,0.3031222,-0.0035038185,-0.023198618,2.3493445,3.3746789,2.9128296,-0.025719723,-0.009225501,-0.017161364,0.27075028,1.2310655
TMPRSS13,-0.031486593,1.8557979,-0.008106825,-0.015863566,2.9289782,0.3028724,-0.0035075753,-0.02319874,2.3491552,3.3740227,2.911998,-0.025714202,-0.009230822,-0.017164828,0.26972646,1.2306191
TMUB1,-0.031339303,1.8682848,-0.00808809,-0.015901377,2.9096599,0.2619709,-0.0035461145,-0.023308255,2.3491251,3.3380678,2.8859878,-0.025923265,-0.008983571,-0.017267866,0.25151762,1.2417654
TNF,-0.031475425,1.8559096,-0.008098906,-0.015873782,2.9294841,0.3031222,-0.0035038185,-0.023198618,2.3493445,3.3746789,2.9128296,-0.025719723,-0.009225501,-0.017161364,0.27075028,1.2310655
TNFAIP6,-0.031475425,1.8559096,-0.008098906,-0.015873782,2.9294841,0.3031222,-0.0035038185,-0.023198618,2.3493445,3.3746789,2.9128296,-0.025719723,-0.009225501,-0.017161364,0.27075028,1.2310655
TNFRSF10D,-0.031486593,1.8557979,-0.008106825,-0.015863566,2.9289782,0.3028724,-0.0035075753,-0.02319874,2.3491552,3.3740227,2.911998,-0.025714202,-0.009230822,-0.017164828,0.26972646,1.2306191
TNFRSF11A,-0.031475425,1.8559096,-0.008098906,-0.015873782,2.9294841,0.3031222,-0.0035038185,-0.023198618,2.3493445,3.3746789,2.9128296,-0.025719723,-0.009225501,-0.017161364,0.27075028,1.2310655
TNFRSF13C,-0.03148036,1.8551865,-0.008082521,-0.015848076,2.9274213,0.3050134,-0.0035053932,-0.023206854,2.3469744,3.371665,2.912663,-0.02570071,-0.00923249,-0.017158447,0.27082634,1.2287985
TNFRSF17,-0.031475425,1.8559096,-0.008098906,-0.015873782,2.9294841,0.3031222,-0.0035038185,-0.023198618,2.3493445,3.3746789,2.9128296,-0.025719723,-0.009225501,-0.017161364,0.27075028,1.2310655
TNFRSF18,-0.027136836,1.8240168,-0.009266311,-0.014416294,2.9998238,0.6189444,-0.0077284756,-0.023865225,1.8066359,3.3279731,2.5685408,-0.024335403,-0.005698275,-0.019432481,0.5677488,0.8374876
TNFRSF25,-0.031475425,1.8559096,-0.008098906,-0.015873782,2.9294841,0.3031222,-0.0035038185,-0.023198618,2.3493445,3.3746789,2.9128296,-0.025719723,-0.009225501,-0.017161364,0.27075028,1.2310655
TNFRSF4,-0.031474877,1.8560315,-0.008100419,-0.015875433,2.9293058,0.30324998,-0.0035018818,-0.023199955,2.3492932,3.3744779,2.912816,-0.025718803,-0.009226253,-0.017160803,0.27083796,1.2312182
TNIP3,-0.031475425,1.8559096,-0.008098906,-0.015873782,2.9294841,0.3031222,-0.0035038185,-0.023198618,2.3493445,3.3746789,2.9128296,-0.025719723,-0.009225501,-0.017161364,0.27075028,1.2310655
TNNC1,-0.031475425,1.8559096,-0.008098906,-0.015873782,2.9294841,0.3031222,-0.0035038185,-0.023198618,2.3493445,3.3746789,2.9128296,-0.025719723,-0.009225501,-0.017161364,0.27075028,1.2310655
TNXB,-0.031469002,1.8553501,-0.008100709,-0.01588021,2.9299195,0.30333546,-0.0034991305,-0.02319875,2.3499444,3.3742843,2.9126964,-0.025712695,-0.009230786,-0.017164707,0.26992708,1.2311385
TOB1-AS1,-0.031474393,1.8551507,-0.00810886,-0.015893292,2.9285014,0.30166778,-0.0035277235,-0.02320466,2.3490684,3.3750174,2.912139,-0.025713887,-0.009202446,-0.017142035,0.2682503,1.2314396
TOGARAM2,-0.029042615,1.307198,-0.012907376,-0.011162886,2.1797936,0.017672645,-0.004400254,-0.025513977,1.5255251,2.7885387,2.6890678,-0.023448719,-0.012949664,-0.010947382,0.41374564,0.70960885
TP53I13,-0.031475425,1.8559096,-0.008098906,-0.015873782,2.9294841,0.3031222,-0.0035038185,-0.023198618,2.3493445,3.3746789,2.9128296,-0.025719723,-0.009225501,-0.017161364,0.27075028,1.2310655
TP53TG1,-0.031475425,1.8559096,-0.008098906,-0.015873782,2.9294841,0.3031222,-0.0035038185,-0.023198618,2.3493445,3.3746789,2.9128296,-0.025719723,-0.009225501,-0.017161364,0.27075028,1.2310655
TPD52,-0.031475425,1.8559096,-0.008098906,-0.015873782,2.9294841,0.3031222,-0.0035038185,-0.023198618,2.3493445,3.3746789,2.9128296,-0.025719723,-0.009225501,-0.017161364,0.27075028,1.2310655
TPST1,-0.031475425,1.8559096,-0.008098906,-0.015873782,2.9294841,0.3031222,-0.0035038185,-0.023198618,2.3493445,3.3746789,2.9128296,-0.025719723,-0.009225501,-0.017161364,0.27075028,1.2310655
TPT1-AS1,-0.031475425,1.8559096,-0.008098906,-0.015873782,2.9294841,0.3031222,-0.0035038185,-0.023198618,2.3493445,3.3746789,2.9128296,-0.025719723,-0.009225501,-0.017161364,0.27075028,1.2310655
TRABD2A,-0.031475425,1.8559096,-0.008098906,-0.015873782,2.9294841,0.3031222,-0.0035038185,-0.023198618,2.3493445,3.3746789,2.9128296,-0.025719723,-0.009225501,-0.017161364,0.27075028,1.2310655
TRAF1,-0.031475425,1.8559096,-0.008098906,-0.015873782,2.9294841,0.3031222,-0.0035038185,-0.023198618,2.3493445,3.3746789,2.9128296,-0.025719723,-0.009225501,-0.017161364,0.27075028,1.2310655
TRAF5,-0.034074977,1.3098423,-0.0087715555,-0.0194718,2.739299,0.2082126,-0.00047216503,-0.024286218,2.1095293,2.8598838,2.533905,-0.023567013,-0.0050060214,-0.017466825,0.5036518,1.0191813
TRAJ14,-0.031475425,1.8559096,-0.008098906,-0.015873782,2.9294841,0.3031222,-0.0035038185,-0.023198618,2.3493445,3.3746789,2.9128296,-0.025719723,-0.009225501,-0.017161364,0.27075028,1.2310655
TRAJ33,-0.031475425,1.8559096,-0.008098906,-0.015873782,2.9294841,0.3031222,-0.0035038185,-0.023198618,2.3493445,3.3746789,2.9128296,-0.025719723,-0.009225501,-0.017161364,0.27075028,1.2310655
TRAJ44,-0.031475425,1.8559096,-0.008098906,-0.015873782,2.9294841,0.3031222,-0.0035038185,-0.023198618,2.3493445,3.3746789,2.9128296,-0.025719723,-0.009225501,-0.017161364,0.27075028,1.2310655
TRAJ48,-0.031475425,1.8559096,-0.008098906,-0.015873782,2.9294841,0.3031222,-0.0035038185,-0.023198618,2.3493445,3.3746789,2.9128296,-0.025719723,-0.009225501,-0.017161364,0.27075028,1.2310655
TRAK2,-0.031475425,1.8559096,-0.008098906,-0.015873782,2.9294841,0.3031222,-0.0035038185,-0.023198618,2.3493445,3.3746789,2.9128296,-0.025719723,-0.009225501,-0.017161364,0.27075028,1.2310655
TRANK1,-0.031475425,1.8559096,-0.008098906,-0.015873782,2.9294841,0.3031222,-0.0035038185,-0.023198618,2.3493445,3.3746789,2.9128296,-0.025719723,-0.009225501,-0.017161364,0.27075028,1.2310655
TRAP1,-0.031475425,1.8559096,-0.008098906,-0.015873782,2.9294841,0.3031222,-0.0035038185,-0.023198618,2.3493445,3.3746789,2.9128296,-0.025719723,-0.009225501,-0.017161364,0.27075028,1.2310655
TRAT1,-0.031475425,1.8559096,-0.008098906,-0.015873782,2.9294841,0.3031222,-0.0035038185,-0.023198618,2.3493445,3.3746789,2.9128296,-0.025719723,-0.009225501,-0.017161364,0.27075028,1.2310655
TRAV1-2,-0.031475425,1.8559096,-0.008098906,-0.015873782,2.9294841,0.3031222,-0.0035038185,-0.023198618,2.3493445,3.3746789,2.9128296,-0.025719723,-0.009225501,-0.017161364,0.27075028,1.2310655
TRAV18,-0.031475425,1.8559096,-0.008098906,-0.015873782,2.9294841,0.3031222,-0.0035038185,-0.023198618,2.3493445,3.3746789,2.9128296,-0.025719723,-0.009225501,-0.017161364,0.27075028,1.2310655
TRAV19,-0.031475425,1.8559096,-0.008098906,-0.015873782,2.9294841,0.3031222,-0.0035038185,-0.023198618,2.3493445,3.3746789,2.9128296,-0.025719723,-0.009225501,-0.017161364,0.27075028,1.2310655
TRAV22,-0.031475425,1.8559096,-0.008098906,-0.015873782,2.9294841,0.3031222,-0.0035038185,-0.023198618,2.3493445,3.3746789,2.9128296,-0.025719723,-0.009225501,-0.017161364,0.27075028,1.2310655
TRAV25,-0.031475425,1.8559096,-0.008098906,-0.015873782,2.9294841,0.3031222,-0.0035038185,-0.023198618,2.3493445,3.3746789,2.9128296,-0.025719723,-0.009225501,-0.017161364,0.27075028,1.2310655
TRAV26-1,-0.031475425,1.8559096,-0.008098906,-0.015873782,2.9294841,0.3031222,-0.0035038185,-0.023198618,2.3493445,3.3746789,2.9128296,-0.025719723,-0.009225501,-0.017161364,0.27075028,1.2310655
TRAV6,-0.031475425,1.8559096,-0.008098906,-0.015873782,2.9294841,0.3031222,-0.0035038185,-0.023198618,2.3493445,3.3746789,2.9128296,-0.025719723,-0.009225501,-0.017161364,0.27075028,1.2310655
TRAV8-2,-0.031475425,1.8559096,-0.008098906,-0.015873782,2.9294841,0.3031222,-0.0035038185,-0.023198618,2.3493445,3.3746789,2.9128296,-0.025719723,-0.009225501,-0.017161364,0.27075028,1.2310655
TRAV8-6,-0.031475425,1.8559096,-0.008098906,-0.015873782,2.9294841,0.3031222,-0.0035038185,-0.023198618,2.3493445,3.3746789,2.9128296,-0.025719723,-0.009225501,-0.017161364,0.27075028,1.2310655
TRAV9-2,-0.031475425,1.8559096,-0.008098906,-0.015873782,2.9294841,0.3031222,-0.0035038185,-0.023198618,2.3493445,3.3746789,2.9128296,-0.025719723,-0.009225501,-0.017161364,0.27075028,1.2310655
TRBJ1-4,-0.031475425,1.8559096,-0.008098906,-0.015873782,2.9294841,0.3031222,-0.0035038185,-0.023198618,2.3493445,3.3746789,2.9128296,-0.025719723,-0.009225501,-0.017161364,0.27075028,1.2310655
TRBV11-3,-0.030131914,1.9522926,-0.0050141495,-0.01183278,2.4116273,0.23145925,-0.005521063,-0.018830013,2.472123,3.5657923,2.6391146,-0.027122196,-0.005650389,-0.018643273,-0.0009225135,0.9260177
TRBV13,-0.031475425,1.8559096,-0.008098906,-0.015873782,2.9294841,0.3031222,-0.0035038185,-0.023198618,2.3493445,3.3746789,2.9128296,-0.025719723,-0.009225501,-0.017161364,0.27075028,1.2310655
TRBV21-1,-0.031475425,1.8559096,-0.008098906,-0.015873782,2.9294841,0.3031222,-0.0035038185,-0.023198618,2.3493445,3.3746789,2.9128296,-0.025719723,-0.009225501,-0.017161364,0.27075028,1.2310655
TRBV23-1,-0.031757593,0.7678609,-0.012788152,-0.013112828,1.8644592,-0.0035412249,0.020486876,-0.02874131,1.1549472,2.0340235,2.250214,-0.020201555,-0.008239451,-0.009551797,0.83725256,0.47789297
TRDC,-0.031475425,1.8559096,-0.008098906,-0.015873782,2.9294841,0.3031222,-0.0035038185,-0.023198618,2.3493445,3.3746789,2.9128296,-0.025719723,-0.009225501,-0.017161364,0.27075028,1.2310655
TRDJ1,-0.031475425,1.8559096,-0.008098906,-0.015873782,2.9294841,0.3031222,-0.0035038185,-0.023198618,2.3493445,3.3746789,2.9128296,-0.025719723,-0.009225501,-0.017161364,0.27075028,1.2310655
TRDV1,-0.031677797,1.7827266,-0.008347951,-0.014678318,2.8912878,0.37186536,-0.0039442084,-0.022014434,2.4166386,3.218836,2.8661711,-0.023810063,-0.010587351,-0.015883727,0.12157933,1.1112889
TRDV2,-0.031475425,1.8559096,-0.008098906,-0.015873782,2.9294841,0.3031222,-0.0035038185,-0.023198618,2.3493445,3.3746789,2.9128296,-0.025719723,-0.009225501,-0.017161364,0.27075028,1.2310655
TRGC1,-0.031590853,1.8626393,-0.0073070326,-0.014225706,2.8043349,0.026236514,-0.0019303489,-0.025338355,2.218582,3.1349585,2.852901,-0.024625272,-0.008734765,-0.015460319,0.4613555,1.2112337
TRGC2,-0.031475425,1.8559096,-0.008098906,-0.015873782,2.9294841,0.3031222,-0.0035038185,-0.023198618,2.3493445,3.3746789,2.9128296,-0.025719723,-0.009225501,-0.017161364,0.27075028,1.2310655
TRGJP1,-0.02865178,2.0470111,-0.00398382,-0.010992918,2.3989716,0.5683776,-0.00034354642,-0.01882079,1.8254774,3.2885199,2.8303719,-0.019622121,-0.0112637235,-0.014684963,0.6694983,0.79910886
TRGV10,-0.031475425,1.8559096,-0.008098906,-0.015873782,2.9294841,0.3031222,-0.0035038185,-0.023198618,2.3493445,3.3746789,2.9128296,-0.025719723,-0.009225501,-0.017161364,0.27075028,1.2310655
TRGV2,-0.031475425,1.8559096,-0.008098906,-0.015873782,2.9294841,0.3031222,-0.0035038185,-0.023198618,2.3493445,3.3746789,2.9128296,-0.025719723,-0.009225501,-0.017161364,0.27075028,1.2310655
TRGV8,-0.031475425,1.8559096,-0.008098906,-0.015873782,2.9294841,0.3031222,-0.0035038185,-0.023198618,2.3493445,3.3746789,2.9128296,-0.025719723,-0.009225501,-0.017161364,0.27075028,1.2310655
TRGV9,-0.031475425,1.8559096,-0.008098906,-0.015873782,2.9294841,0.3031222,-0.0035038185,-0.023198618,2.3493445,3.3746789,2.9128296,-0.025719723,-0.009225501,-0.017161364,0.27075028,1.2310655
TRIM14,-0.031474877,1.8560315,-0.008100419,-0.015875433,2.9293058,0.30324998,-0.0035018818,-0.023199955,2.3492932,3.3744779,2.912816,-0.025718803,-0.009226253,-0.017160803,0.27083796,1.2312182
TRIM23,-0.031475425,1.8559096,-0.008098906,-0.015873782,2.9294841,0.3031222,-0.0035038185,-0.023198618,2.3493445,3.3746789,2.9128296,-0.025719723,-0.009225501,-0.017161364,0.27075028,1.2310655
TRIM69,-0.031475425,1.8559096,-0.008098906,-0.015873782,2.9294841,0.3031222,-0.0035038185,-0.023198618,2.3493445,3.3746789,2.9128296,-0.025719723,-0.009225501,-0.017161364,0.27075028,1.2310655
TRIP11,-0.031475425,1.8559096,-0.008098906,-0.015873782,2.9294841,0.3031222,-0.0035038185,-0.023198618,2.3493445,3.3746789,2.9128296,-0.025719723,-0.009225501,-0.017161364,0.27075028,1.2310655
TRMT11,-0.031475425,1.8559096,-0.008098906,-0.015873782,2.9294841,0.3031222,-0.0035038185,-0.023198618,2.3493445,3.3746789,2.9128296,-0.025719723,-0.009225501,-0.017161364,0.27075028,1.2310655
TRMT13,-0.031475425,1.8559096,-0.008098906,-0.015873782,2.9294841,0.3031222,-0.0035038185,-0.023198618,2.3493445,3.3746789,2.9128296,-0.025719723,-0.009225501,-0.017161364,0.27075028,1.2310655
TRNAU1AP,-0.031407062,1.8539673,-0.008113297,-0.015873212,2.9247952,0.30009767,-0.0034931903,-0.023215732,2.3507512,3.3756182,2.9077888,-0.025676617,-0.009176388,-0.017106673,0.2662375,1.2341269
TRO,-0.02903995,1.3069956,-0.012903048,-0.011162529,2.1793659,0.017186748,-0.0043991343,-0.025513908,1.5252185,2.7888293,2.6886733,-0.023441233,-0.0129588675,-0.0109527465,0.4132489,0.70984495
TRPC1,-0.031475425,1.8559096,-0.008098906,-0.015873782,2.9294841,0.3031222,-0.0035038185,-0.023198618,2.3493445,3.3746789,2.9128296,-0.025719723,-0.009225501,-0.017161364,0.27075028,1.2310655
TRPM6,-0.027136836,1.8240168,-0.009266311,-0.014416294,2.9998238,0.6189444,-0.0077284756,-0.023865225,1.8066359,3.3279731,2.5685408,-0.024335403,-0.005698275,-0.019432481,0.5677488,0.8374876
TSACC,-0.031475425,1.8559096,-0.008098906,-0.015873782,2.9294841,0.3031222,-0.0035038185,-0.023198618,2.3493445,3.3746789,2.9128296,-0.025719723,-0.009225501,-0.017161364,0.27075028,1.2310655
TSC22D1-AS1,-0.031475425,1.8559096,-0.008098906,-0.015873782,2.9294841,0.3031222,-0.0035038185,-0.023198618,2.3493445,3.3746789,2.9128296,-0.025719723,-0.009225501,-0.017161364,0.27075028,1.2310655
TSEN54,-0.031475425,1.8559096,-0.008098906,-0.015873782,2.9294841,0.3031222,-0.0035038185,-0.023198618,2.3493445,3.3746789,2.9128296,-0.025719723,-0.009225501,-0.017161364,0.27075028,1.2310655
TSGA10,-0.031469822,1.854997,-0.008106444,-0.015879026,2.9290235,0.30206248,-0.0035053676,-0.0231949,2.3480704,3.3746061,2.9129014,-0.025728822,-0.009222255,-0.017165754,0.27176356,1.2300326
TSHZ2,-0.031475425,1.8559096,-0.008098906,-0.015873782,2.9294841,0.3031222,-0.0035038185,-0.023198618,2.3493445,3.3746789,2.9128296,-0.025719723,-0.009225501,-0.017161364,0.27075028,1.2310655
TSPAN18,-0.031475425,1.8559096,-0.008098906,-0.015873782,2.9294841,0.3031222,-0.0035038185,-0.023198618,2.3493445,3.3746789,2.9128296,-0.025719723,-0.009225501,-0.017161364,0.27075028,1.2310655
TSPOAP1,-0.031475425,1.8559096,-0.008098906,-0.015873782,2.9294841,0.3031222,-0.0035038185,-0.023198618,2.3493445,3.3746789,2.9128296,-0.025719723,-0.009225501,-0.017161364,0.27075028,1.2310655
TSPOAP1-AS1,-0.031475425,1.8559096,-0.008098906,-0.015873782,2.9294841,0.3031222,-0.0035038185,-0.023198618,2.3493445,3.3746789,2.9128296,-0.025719723,-0.009225501,-0.017161364,0.27075028,1.2310655
TSPYL2,-0.031475425,1.8559096,-0.008098906,-0.015873782,2.9294841,0.3031222,-0.0035038185,-0.023198618,2.3493445,3.3746789,2.9128296,-0.025719723,-0.009225501,-0.017161364,0.27075028,1.2310655
TSTD1,-0.031475425,1.8559096,-0.008098906,-0.015873782,2.9294841,0.3031222,-0.0035038185,-0.023198618,2.3493445,3.3746789,2.9128296,-0.025719723,-0.009225501,-0.017161364,0.27075028,1.2310655
TTC16,-0.031478506,1.8553385,-0.0081128515,-0.0158729,2.9310913,0.3027985,-0.0035141045,-0.023208523,2.346136,3.3745625,2.9107852,-0.025703715,-0.009239115,-0.017173517,0.27238,1.230591
TTC27,-0.03147517,1.8555561,-0.008099716,-0.015873434,2.929215,0.30332246,-0.0035020171,-0.023201777,2.3488286,3.374197,2.9122941,-0.025724964,-0.009224802,-0.017156124,0.2703023,1.231308
TTC28,-0.031473584,1.8558726,-0.008100149,-0.015874755,2.9293447,0.3031933,-0.0035030162,-0.023198988,2.3494174,3.3747728,2.9127731,-0.025720196,-0.009223476,-0.01716082,0.270736,1.2310636
TTC28-AS1,-0.029042615,1.307198,-0.012907376,-0.011162886,2.1797936,0.017672645,-0.004400254,-0.025513977,1.5255251,2.7885387,2.6890678,-0.023448719,-0.012949664,-0.010947382,0.41374564,0.70960885
TTC38,-0.030523105,1.7990685,-0.0022531115,-0.013676815,2.872759,-0.0014028503,-0.001698759,-0.021628056,2.0797086,3.4297707,2.6799083,-0.024935246,-0.008581672,-0.018799266,0.57369876,1.316163
TTC39B,-0.031475425,1.8559096,-0.008098906,-0.015873782,2.9294841,0.3031222,-0.0035038185,-0.023198618,2.3493445,3.3746789,2.9128296,-0.025719723,-0.009225501,-0.017161364,0.27075028,1.2310655
TTF1,-0.031475425,1.8559096,-0.008098906,-0.015873782,2.9294841,0.3031222,-0.0035038185,-0.023198618,2.3493445,3.3746789,2.9128296,-0.025719723,-0.009225501,-0.017161364,0.27075028,1.2310655
TTLL6,-0.031475425,1.8559096,-0.008098906,-0.015873782,2.9294841,0.3031222,-0.0035038185,-0.023198618,2.3493445,3.3746789,2.9128296,-0.025719723,-0.009225501,-0.017161364,0.27075028,1.2310655
TTR,-0.031475425,1.8559096,-0.008098906,-0.015873782,2.9294841,0.3031222,-0.0035038185,-0.023198618,2.3493445,3.3746789,2.9128296,-0.025719723,-0.009225501,-0.017161364,0.27075028,1.2310655
TUBA1C,-0.031465635,1.8570362,-0.008113194,-0.015855499,2.9299557,0.30276975,-0.0035122966,-0.023202628,2.3477943,3.3744884,2.9130175,-0.025719332,-0.009239676,-0.017143922,0.26992935,1.2290561
TUBA4B,-0.03147575,1.8558457,-0.008096901,-0.015873168,2.9293013,0.30331364,-0.0035046015,-0.02319632,2.349423,3.374781,2.9129534,-0.025719766,-0.009226859,-0.017161522,0.27079147,1.230874
TUBD1,-0.031475425,1.8559096,-0.008098906,-0.015873782,2.9294841,0.3031222,-0.0035038185,-0.023198618,2.3493445,3.3746789,2.9128296,-0.025719723,-0.009225501,-0.017161364,0.27075028,1.2310655
TUBGCP5,-0.031475425,1.8559096,-0.008098906,-0.015873782,2.9294841,0.3031222,-0.0035038185,-0.023198618,2.3493445,3.3746789,2.9128296,-0.025719723,-0.009225501,-0.017161364,0.27075028,1.2310655
TUBGCP6,-0.031475425,1.8559096,-0.008098906,-0.015873782,2.9294841,0.3031222,-0.0035038185,-0.023198618,2.3493445,3.3746789,2.9128296,-0.025719723,-0.009225501,-0.017161364,0.27075028,1.2310655
TXK,-0.031475425,1.8559096,-0.008098906,-0.015873782,2.9294841,0.3031222,-0.0035038185,-0.023198618,2.3493445,3.3746789,2.9128296,-0.025719723,-0.009225501,-0.017161364,0.27075028,1.2310655
UBAP2,-0.031475425,1.8559096,-0.008098906,-0.015873782,2.9294841,0.3031222,-0.0035038185,-0.023198618,2.3493445,3.3746789,2.9128296,-0.025719723,-0.009225501,-0.017161364,0.27075028,1.2310655
UBASH3A,-0.031475425,1.8559096,-0.008098906,-0.015873782,2.9294841,0.3031222,-0.0035038185,-0.023198618,2.3493445,3.3746789,2.9128296,-0.025719723,-0.009225501,-0.017161364,0.27075028,1.2310655
UBE2C,-0.031475425,1.8559096,-0.008098906,-0.015873782,2.9294841,0.3031222,-0.0035038185,-0.023198618,2.3493445,3.3746789,2.9128296,-0.025719723,-0.009225501,-0.017161364,0.27075028,1.2310655
UBE2D3-AS1,-0.031475425,1.8559096,-0.008098906,-0.015873782,2.9294841,0.3031222,-0.0035038185,-0.023198618,2.3493445,3.3746789,2.9128296,-0.025719723,-0.009225501,-0.017161364,0.27075028,1.2310655
UBE3D,-0.031468194,1.8566056,-0.008084515,-0.015860125,2.9294817,0.3026186,-0.0035128705,-0.023196647,2.3490853,3.373032,2.9141521,-0.025701545,-0.009233784,-0.017166264,0.27156374,1.2312566
UBTF,-0.031475425,1.8559096,-0.008098906,-0.015873782,2.9294841,0.3031222,-0.0035038185,-0.023198618,2.3493445,3.3746789,2.9128296,-0.025719723,-0.009225501,-0.017161364,0.27075028,1.2310655
UBXN2A,-0.031475425,1.8559096,-0.008098906,-0.015873782,2.9294841,0.3031222,-0.0035038185,-0.023198618,2.3493445,3.3746789,2.9128296,-0.025719723,-0.009225501,-0.017161364,0.27075028,1.2310655
UCKL1,-0.031475425,1.8559096,-0.008098906,-0.015873782,2.9294841,0.3031222,-0.0035038185,-0.023198618,2.3493445,3.3746789,2.9128296,-0.025719723,-0.009225501,-0.017161364,0.27075028,1.2310655
UCN,-0.029042615,1.307198,-0.012907376,-0.011162886,2.1797936,0.017672645,-0.004400254,-0.025513977,1.5255251,2.7885387,2.6890678,-0.023448719,-0.012949664,-0.010947382,0.41374564,0.70960885
UCN2,-0.031475425,1.8559096,-0.008098906,-0.015873782,2.9294841,0.3031222,-0.0035038185,-0.023198618,2.3493445,3.3746789,2.9128296,-0.025719723,-0.009225501,-0.017161364,0.27075028,1.2310655
UCP1,-0.031475425,1.8559096,-0.008098906,-0.015873782,2.9294841,0.3031222,-0.0035038185,-0.023198618,2.3493445,3.3746789,2.9128296,-0.025719723,-0.009225501,-0.017161364,0.27075028,1.2310655
UFL1-AS1,-0.031475425,1.8559096,-0.008098906,-0.015873782,2.9294841,0.3031222,-0.0035038185,-0.023198618,2.3493445,3.3746789,2.9128296,-0.025719723,-0.009225501,-0.017161364,0.27075028,1.2310655
ULBP1,-0.031475425,1.8559096,-0.008098906,-0.015873782,2.9294841,0.3031222,-0.0035038185,-0.023198618,2.3493445,3.3746789,2.9128296,-0.025719723,-0.009225501,-0.017161364,0.27075028,1.2310655
ULBP2,-0.031475425,1.8559096,-0.008098906,-0.015873782,2.9294841,0.3031222,-0.0035038185,-0.023198618,2.3493445,3.3746789,2.9128296,-0.025719723,-0.009225501,-0.017161364,0.27075028,1.2310655
ULK3,-0.031475425,1.8559096,-0.008098906,-0.015873782,2.9294841,0.3031222,-0.0035038185,-0.023198618,2.3493445,3.3746789,2.9128296,-0.025719723,-0.009225501,-0.017161364,0.27075028,1.2310655
ULK4,-0.031475425,1.8559096,-0.008098906,-0.015873782,2.9294841,0.3031222,-0.0035038185,-0.023198618,2.3493445,3.3746789,2.9128296,-0.025719723,-0.009225501,-0.017161364,0.27075028,1.2310655
UNC13A,-0.030775836,1.7500402,-0.002754204,-0.013274734,2.9312708,-0.0010156243,-0.002135253,-0.021268262,2.1157684,3.4892387,2.6571321,-0.025161618,-0.008442422,-0.018322414,0.52134544,1.311794
UNC5B-AS1,-0.031475425,1.8559096,-0.008098906,-0.015873782,2.9294841,0.3031222,-0.0035038185,-0.023198618,2.3493445,3.3746789,2.9128296,-0.025719723,-0.009225501,-0.017161364,0.27075028,1.2310655
UNKL,-0.031475425,1.8559096,-0.008098906,-0.015873782,2.9294841,0.3031222,-0.0035038185,-0.023198618,2.3493445,3.3746789,2.9128296,-0.025719723,-0.009225501,-0.017161364,0.27075028,1.2310655
UPK2,-0.031407062,1.8539673,-0.008113297,-0.015873212,2.9247952,0.30009767,-0.0034931903,-0.023215732,2.3507512,3.3756182,2.9077888,-0.025676617,-0.009176388,-0.017106673,0.2662375,1.2341269
UPP2,-0.031475425,1.8559096,-0.008098906,-0.015873782,2.9294841,0.3031222,-0.0035038185,-0.023198618,2.3493445,3.3746789,2.9128296,-0.025719723,-0.009225501,-0.017161364,0.27075028,1.2310655
URGCP,-0.031475425,1.8559096,-0.008098906,-0.015873782,2.9294841,0.3031222,-0.0035038185,-0.023198618,2.3493445,3.3746789,2.9128296,-0.025719723,-0.009225501,-0.017161364,0.27075028,1.2310655
USH1G,-0.031465635,1.8570362,-0.008113194,-0.015855499,2.9299557,0.30276975,-0.0035122966,-0.023202628,2.3477943,3.3744884,2.9130175,-0.025719332,-0.009239676,-0.017143922,0.26992935,1.2290561
USP11,-0.031475425,1.8559096,-0.008098906,-0.015873782,2.9294841,0.3031222,-0.0035038185,-0.023198618,2.3493445,3.3746789,2.9128296,-0.025719723,-0.009225501,-0.017161364,0.27075028,1.2310655
USP2-AS1,-0.031475425,1.8559096,-0.008098906,-0.015873782,2.9294841,0.3031222,-0.0035038185,-0.023198618,2.3493445,3.3746789,2.9128296,-0.025719723,-0.009225501,-0.017161364,0.27075028,1.2310655
USP20,-0.031475425,1.8559096,-0.008098906,-0.015873782,2.9294841,0.3031222,-0.0035038185,-0.023198618,2.3493445,3.3746789,2.9128296,-0.025719723,-0.009225501,-0.017161364,0.27075028,1.2310655
USP28,-0.03147517,1.8555561,-0.008099716,-0.015873434,2.929215,0.30332246,-0.0035020171,-0.023201777,2.3488286,3.374197,2.9122941,-0.025724964,-0.009224802,-0.017156124,0.2703023,1.231308
USP44,-0.031475425,1.8559096,-0.008098906,-0.015873782,2.9294841,0.3031222,-0.0035038185,-0.023198618,2.3493445,3.3746789,2.9128296,-0.025719723,-0.009225501,-0.017161364,0.27075028,1.2310655
USP45,-0.031475425,1.8559096,-0.008098906,-0.015873782,2.9294841,0.3031222,-0.0035038185,-0.023198618,2.3493445,3.3746789,2.9128296,-0.025719723,-0.009225501,-0.017161364,0.27075028,1.2310655
USP53,-0.031486593,1.8557979,-0.008106825,-0.015863566,2.9289782,0.3028724,-0.0035075753,-0.02319874,2.3491552,3.3740227,2.911998,-0.025714202,-0.009230822,-0.017164828,0.26972646,1.2306191
UST,-0.031475425,1.8559096,-0.008098906,-0.015873782,2.9294841,0.3031222,-0.0035038185,-0.023198618,2.3493445,3.3746789,2.9128296,-0.025719723,-0.009225501,-0.017161364,0.27075028,1.2310655
VAMP1,-0.031475425,1.8559096,-0.008098906,-0.015873782,2.9294841,0.3031222,-0.0035038185,-0.023198618,2.3493445,3.3746789,2.9128296,-0.025719723,-0.009225501,-0.017161364,0.27075028,1.2310655
VANGL2,-0.031475425,1.8559096,-0.008098906,-0.015873782,2.9294841,0.3031222,-0.0035038185,-0.023198618,2.3493445,3.3746789,2.9128296,-0.025719723,-0.009225501,-0.017161364,0.27075028,1.2310655
VCAN,-0.030792687,1.7494881,-0.0027444735,-0.013259403,2.9306023,-0.001019368,-0.0021434242,-0.021285726,2.1149755,3.490083,2.6580083,-0.025158081,-0.008455642,-0.01830693,0.5219057,1.3110136
VEGFC,-0.031475425,1.8559096,-0.008098906,-0.015873782,2.9294841,0.3031222,-0.0035038185,-0.023198618,2.3493445,3.3746789,2.9128296,-0.025719723,-0.009225501,-0.017161364,0.27075028,1.2310655
VGLL3,-0.031469822,1.854997,-0.008106444,-0.015879026,2.9290235,0.30206248,-0.0035053676,-0.0231949,2.3480704,3.3746061,2.9129014,-0.025728822,-0.009222255,-0.017165754,0.27176356,1.2300326
VIPR2,-0.025056645,1.4080817,-0.008266316,-0.01753453,2.9541168,0.087179065,-0.0029407025,-0.01757162,2.2793818,3.0951498,2.7463908,-0.019212734,-0.008362729,-0.01843475,0.056422893,1.6515135
VPS13A-AS1,-0.031475425,1.8559096,-0.008098906,-0.015873782,2.9294841,0.3031222,-0.0035038185,-0.023198618,2.3493445,3.3746789,2.9128296,-0.025719723,-0.009225501,-0.017161364,0.27075028,1.2310655
VPS33B-DT,-0.031475425,1.8559096,-0.008098906,-0.015873782,2.9294841,0.3031222,-0.0035038185,-0.023198618,2.3493445,3.3746789,2.9128296,-0.025719723,-0.009225501,-0.017161364,0.27075028,1.2310655
VXN,-0.031475425,1.8559096,-0.008098906,-0.015873782,2.9294841,0.3031222,-0.0035038185,-0.023198618,2.3493445,3.3746789,2.9128296,-0.025719723,-0.009225501,-0.017161364,0.27075028,1.2310655
WAKMAR2,-0.031475425,1.8559096,-0.008098906,-0.015873782,2.9294841,0.3031222,-0.0035038185,-0.023198618,2.3493445,3.3746789,2.9128296,-0.025719723,-0.009225501,-0.017161364,0.27075028,1.2310655
WARS2-AS1,-0.031475425,1.8559096,-0.008098906,-0.015873782,2.9294841,0.3031222,-0.0035038185,-0.023198618,2.3493445,3.3746789,2.9128296,-0.025719723,-0.009225501,-0.017161364,0.27075028,1.2310655
WASF3,-0.029052407,1.3082044,-0.012909944,-0.011155526,2.180205,0.018561648,-0.0043989294,-0.025518913,1.5264108,2.7881575,2.6882133,-0.023450946,-0.012946283,-0.010949254,0.4133358,0.7091927
WDR12,-0.031475425,1.8559096,-0.008098906,-0.015873782,2.9294841,0.3031222,-0.0035038185,-0.023198618,2.3493445,3.3746789,2.9128296,-0.025719723,-0.009225501,-0.017161364,0.27075028,1.2310655
WDR27,-0.030131914,1.9522926,-0.0050141495,-0.01183278,2.4116273,0.23145925,-0.005521063,-0.018830013,2.472123,3.5657923,2.6391146,-0.027122196,-0.005650389,-0.018643273,-0.0009225135,0.9260177
WDR44,-0.031475425,1.8559096,-0.008098906,-0.015873782,2.9294841,0.3031222,-0.0035038185,-0.023198618,2.3493445,3.3746789,2.9128296,-0.025719723,-0.009225501,-0.017161364,0.27075028,1.2310655
WDR54,-0.031475425,1.8559096,-0.008098906,-0.015873782,2.9294841,0.3031222,-0.0035038185,-0.023198618,2.3493445,3.3746789,2.9128296,-0.025719723,-0.009225501,-0.017161364,0.27075028,1.2310655
WDR74,-0.031475425,1.8559096,-0.008098906,-0.015873782,2.9294841,0.3031222,-0.0035038185,-0.023198618,2.3493445,3.3746789,2.9128296,-0.025719723,-0.009225501,-0.017161364,0.27075028,1.2310655
WDR76,-0.031475425,1.8559096,-0.008098906,-0.015873782,2.9294841,0.3031222,-0.0035038185,-0.023198618,2.3493445,3.3746789,2.9128296,-0.025719723,-0.009225501,-0.017161364,0.27075028,1.2310655
WDR86,-0.031475425,1.8559096,-0.008098906,-0.015873782,2.9294841,0.3031222,-0.0035038185,-0.023198618,2.3493445,3.3746789,2.9128296,-0.025719723,-0.009225501,-0.017161364,0.27075028,1.2310655
WEE2-AS1,-0.031475425,1.8559096,-0.008098906,-0.015873782,2.9294841,0.3031222,-0.0035038185,-0.023198618,2.3493445,3.3746789,2.9128296,-0.025719723,-0.009225501,-0.017161364,0.27075028,1.2310655
WFDC3,-0.031475425,1.8559096,-0.008098906,-0.015873782,2.9294841,0.3031222,-0.0035038185,-0.023198618,2.3493445,3.3746789,2.9128296,-0.025719723,-0.009225501,-0.017161364,0.27075028,1.2310655
WIF1,-0.03165641,1.7833959,-0.008323318,-0.014675136,2.8915465,0.37093416,-0.0039476007,-0.022014568,2.4161837,3.218034,2.8678067,-0.023789883,-0.010598157,-0.01589037,0.12287874,1.112354
WNT10B,-0.031475425,1.8559096,-0.008098906,-0.015873782,2.9294841,0.3031222,-0.0035038185,-0.023198618,2.3493445,3.3746789,2.9128296,-0.025719723,-0.009225501,-0.017161364,0.27075028,1.2310655
WNT11,-0.031339303,1.8682848,-0.00808809,-0.015901377,2.9096599,0.2619709,-0.0035461145,-0.023308255,2.3491251,3.3380678,2.8859878,-0.025923265,-0.008983571,-0.017267866,0.25151762,1.2417654
WNT3A,-0.031467874,1.8566695,-0.008086521,-0.01586074,2.9296646,0.30242714,-0.0035120873,-0.023198945,2.349007,3.37293,2.9140284,-0.025701502,-0.009232426,-0.017166106,0.27152255,1.2314482
WRN,-0.031475425,1.8559096,-0.008098906,-0.015873782,2.9294841,0.3031222,-0.0035038185,-0.023198618,2.3493445,3.3746789,2.9128296,-0.025719723,-0.009225501,-0.017161364,0.27075028,1.2310655
WWC2-AS2,-0.031475425,1.8559096,-0.008098906,-0.015873782,2.9294841,0.3031222,-0.0035038185,-0.023198618,2.3493445,3.3746789,2.9128296,-0.025719723,-0.009225501,-0.017161364,0.27075028,1.2310655
XCL1,-0.03147575,1.8558457,-0.008096901,-0.015873168,2.9293013,0.30331364,-0.0035046015,-0.02319632,2.349423,3.374781,2.9129534,-0.025719766,-0.009226859,-0.017161522,0.27079147,1.230874
XCL2,-0.031475425,1.8559096,-0.008098906,-0.015873782,2.9294841,0.3031222,-0.0035038185,-0.023198618,2.3493445,3.3746789,2.9128296,-0.025719723,-0.009225501,-0.017161364,0.27075028,1.2310655
XKR5,-0.031475425,1.8559096,-0.008098906,-0.015873782,2.9294841,0.3031222,-0.0035038185,-0.023198618,2.3493445,3.3746789,2.9128296,-0.025719723,-0.009225501,-0.017161364,0.27075028,1.2310655
XKR6,-0.031474877,1.8560315,-0.008100419,-0.015875433,2.9293058,0.30324998,-0.0035018818,-0.023199955,2.3492932,3.3744779,2.912816,-0.025718803,-0.009226253,-0.017160803,0.27083796,1.2312182
XRCC2,-0.031475425,1.8559096,-0.008098906,-0.015873782,2.9294841,0.3031222,-0.0035038185,-0.023198618,2.3493445,3.3746789,2.9128296,-0.025719723,-0.009225501,-0.017161364,0.27075028,1.2310655
XRRA1,-0.031473584,1.8558726,-0.008100149,-0.015874755,2.9293447,0.3031933,-0.0035030162,-0.023198988,2.3494174,3.3747728,2.9127731,-0.025720196,-0.009223476,-0.01716082,0.270736,1.2310636
YES1,-0.031205844,1.9054899,-0.0076075443,-0.016291194,2.871641,0.26477396,-0.003059153,-0.023540948,2.3140776,3.3143666,2.9347296,-0.025496887,-0.009351532,-0.017653702,0.32254335,1.2362149
YPEL1,-0.031475425,1.8559096,-0.008098906,-0.015873782,2.9294841,0.3031222,-0.0035038185,-0.023198618,2.3493445,3.3746789,2.9128296,-0.025719723,-0.009225501,-0.017161364,0.27075028,1.2310655
ZAP70,-0.02865178,2.0470111,-0.00398382,-0.010992918,2.3989716,0.5683776,-0.00034354642,-0.01882079,1.8254774,3.2885199,2.8303719,-0.019622121,-0.0112637235,-0.014684963,0.6694983,0.79910886
ZAR1L,-0.025056645,1.4080817,-0.008266316,-0.01753453,2.9541168,0.087179065,-0.0029407025,-0.01757162,2.2793818,3.0951498,2.7463908,-0.019212734,-0.008362729,-0.01843475,0.056422893,1.6515135
ZBP1,-0.031475425,1.8559096,-0.008098906,-0.015873782,2.9294841,0.3031222,-0.0035038185,-0.023198618,2.3493445,3.3746789,2.9128296,-0.025719723,-0.009225501,-0.017161364,0.27075028,1.2310655
ZBTB10,-0.031475425,1.8559096,-0.008098906,-0.015873782,2.9294841,0.3031222,-0.0035038185,-0.023198618,2.3493445,3.3746789,2.9128296,-0.025719723,-0.009225501,-0.017161364,0.27075028,1.2310655
ZBTB16,-0.031475425,1.8559096,-0.008098906,-0.015873782,2.9294841,0.3031222,-0.0035038185,-0.023198618,2.3493445,3.3746789,2.9128296,-0.025719723,-0.009225501,-0.017161364,0.27075028,1.2310655
ZBTB25,-0.031475425,1.8559096,-0.008098906,-0.015873782,2.9294841,0.3031222,-0.0035038185,-0.023198618,2.3493445,3.3746789,2.9128296,-0.025719723,-0.009225501,-0.017161364,0.27075028,1.2310655
ZBTB44-DT,-0.031475425,1.8559096,-0.008098906,-0.015873782,2.9294841,0.3031222,-0.0035038185,-0.023198618,2.3493445,3.3746789,2.9128296,-0.025719723,-0.009225501,-0.017161364,0.27075028,1.2310655
ZBTB8B,-0.031475425,1.8559096,-0.008098906,-0.015873782,2.9294841,0.3031222,-0.0035038185,-0.023198618,2.3493445,3.3746789,2.9128296,-0.025719723,-0.009225501,-0.017161364,0.27075028,1.2310655
ZC3H12D,-0.031469192,1.8552982,-0.008074602,-0.015858293,2.9279275,0.3052632,-0.0035016362,-0.023206731,2.3471637,3.3723211,2.9134946,-0.025706239,-0.009227169,-0.017154982,0.27185017,1.229245
ZC3H8,-0.031475425,1.8559096,-0.008098906,-0.015873782,2.9294841,0.3031222,-0.0035038185,-0.023198618,2.3493445,3.3746789,2.9128296,-0.025719723,-0.009225501,-0.017161364,0.27075028,1.2310655
ZC4H2,-0.031458173,1.8557179,-0.00812495,-0.015881432,2.929408,0.30152866,-0.003531513,-0.023208804,2.3481178,3.3744323,2.9121935,-0.025706466,-0.009221906,-0.017127935,0.26660615,1.2295032
ZCCHC18,-0.031475425,1.8559096,-0.008098906,-0.015873782,2.9294841,0.3031222,-0.0035038185,-0.023198618,2.3493445,3.3746789,2.9128296,-0.025719723,-0.009225501,-0.017161364,0.27075028,1.2310655
ZCCHC2,-0.031469002,1.8553501,-0.008100709,-0.01588021,2.9299195,0.30333546,-0.0034991305,-0.02319875,2.3499444,3.3742843,2.9126964,-0.025712695,-0.009230786,-0.017164707,0.26992708,1.2311385
ZDBF2,-0.031480778,1.8563311,-0.008090217,-0.01586424,2.929058,0.30350384,-0.0035124028,-0.023174724,2.3478067,3.37618,2.9114192,-0.025716892,-0.0092306705,-0.017155621,0.27089724,1.2311937
ZFP37,-0.031475425,1.8559096,-0.008098906,-0.015873782,2.9294841,0.3031222,-0.0035038185,-0.023198618,2.3493445,3.3746789,2.9128296,-0.025719723,-0.009225501,-0.017161364,0.27075028,1.2310655
ZFP57,-0.031475425,1.8559096,-0.008098906,-0.015873782,2.9294841,0.3031222,-0.0035038185,-0.023198618,2.3493445,3.3746789,2.9128296,-0.025719723,-0.009225501,-0.017161364,0.27075028,1.2310655
ZFP90,-0.031475425,1.8559096,-0.008098906,-0.015873782,2.9294841,0.3031222,-0.0035038185,-0.023198618,2.3493445,3.3746789,2.9128296,-0.025719723,-0.009225501,-0.017161364,0.27075028,1.2310655
ZFPM1,-0.031475425,1.8559096,-0.008098906,-0.015873782,2.9294841,0.3031222,-0.0035038185,-0.023198618,2.3493445,3.3746789,2.9128296,-0.025719723,-0.009225501,-0.017161364,0.27075028,1.2310655
ZFR2,-0.031475425,1.8559096,-0.008098906,-0.015873782,2.9294841,0.3031222,-0.0035038185,-0.023198618,2.3493445,3.3746789,2.9128296,-0.025719723,-0.009225501,-0.017161364,0.27075028,1.2310655
ZFX-AS1,-0.031472757,1.8557072,-0.008094578,-0.015873425,2.9290566,0.3026363,-0.0035026984,-0.023198549,2.3490381,3.3749695,2.912435,-0.025712237,-0.009234702,-0.017166728,0.27025354,1.2313015
ZFYVE28,-0.031475425,1.8559096,-0.008098906,-0.015873782,2.9294841,0.3031222,-0.0035038185,-0.023198618,2.3493445,3.3746789,2.9128296,-0.025719723,-0.009225501,-0.017161364,0.27075028,1.2310655
ZFYVE9,-0.031475425,1.8559096,-0.008098906,-0.015873782,2.9294841,0.3031222,-0.0035038185,-0.023198618,2.3493445,3.3746789,2.9128296,-0.025719723,-0.009225501,-0.017161364,0.27075028,1.2310655
ZKSCAN2-DT,-0.031475425,1.8559096,-0.008098906,-0.015873782,2.9294841,0.3031222,-0.0035038185,-0.023198618,2.3493445,3.3746789,2.9128296,-0.025719723,-0.009225501,-0.017161364,0.27075028,1.2310655
ZMAT1,-0.031475425,1.8559096,-0.008098906,-0.015873782,2.9294841,0.3031222,-0.0035038185,-0.023198618,2.3493445,3.3746789,2.9128296,-0.025719723,-0.009225501,-0.017161364,0.27075028,1.2310655
ZMAT4,-0.031475425,1.8559096,-0.008098906,-0.015873782,2.9294841,0.3031222,-0.0035038185,-0.023198618,2.3493445,3.3746789,2.9128296,-0.025719723,-0.009225501,-0.017161364,0.27075028,1.2310655
ZMIZ2,-0.031474877,1.8560315,-0.008100419,-0.015875433,2.9293058,0.30324998,-0.0035018818,-0.023199955,2.3492932,3.3744779,2.912816,-0.025718803,-0.009226253,-0.017160803,0.27083796,1.2312182
ZMYND10-AS1,-0.031475425,1.8559096,-0.008098906,-0.015873782,2.9294841,0.3031222,-0.0035038185,-0.023198618,2.3493445,3.3746789,2.9128296,-0.025719723,-0.009225501,-0.017161364,0.27075028,1.2310655
ZMYND12,-0.031475425,1.8559096,-0.008098906,-0.015873782,2.9294841,0.3031222,-0.0035038185,-0.023198618,2.3493445,3.3746789,2.9128296,-0.025719723,-0.009225501,-0.017161364,0.27075028,1.2310655
ZMYND8,-0.031205844,1.9054899,-0.0076075443,-0.016291194,2.871641,0.26477396,-0.003059153,-0.023540948,2.3140776,3.3143666,2.9347296,-0.025496887,-0.009351532,-0.017653702,0.32254335,1.2362149
ZNF101,-0.034074724,1.3094889,-0.008772366,-0.019471452,2.73903,0.20841287,-0.0004703632,-0.024289377,2.1090133,2.859402,2.5333695,-0.023572253,-0.005005324,-0.017461585,0.5032038,1.0194237
ZNF107,-0.02865178,2.0470111,-0.00398382,-0.010992918,2.3989716,0.5683776,-0.00034354642,-0.01882079,1.8254774,3.2885199,2.8303719,-0.019622121,-0.0112637235,-0.014684963,0.6694983,0.79910886
ZNF138,-0.031475425,1.8559096,-0.008098906,-0.015873782,2.9294841,0.3031222,-0.0035038185,-0.023198618,2.3493445,3.3746789,2.9128296,-0.025719723,-0.009225501,-0.017161364,0.27075028,1.2310655
ZNF14,-0.026046228,0.9596607,-0.011587103,-0.016027255,2.822105,0.60560435,-0.0017115695,-0.022196088,2.0789247,2.023383,1.9425596,-0.020090593,-0.0024809407,-0.009654839,0.028351493,1.3106332
ZNF143,-0.031475425,1.8559096,-0.008098906,-0.015873782,2.9294841,0.3031222,-0.0035038185,-0.023198618,2.3493445,3.3746789,2.9128296,-0.025719723,-0.009225501,-0.017161364,0.27075028,1.2310655
ZNF213,-0.031666633,1.7828383,-0.008340033,-0.014688535,2.8917937,0.3721151,-0.0039404514,-0.02201431,2.416828,3.2194922,2.8670027,-0.023815589,-0.01058203,-0.015880264,0.122603156,1.1117353
ZNF221,-0.031475425,1.8559096,-0.008098906,-0.015873782,2.9294841,0.3031222,-0.0035038185,-0.023198618,2.3493445,3.3746789,2.9128296,-0.025719723,-0.009225501,-0.017161364,0.27075028,1.2310655
ZNF25-DT,-0.031339303,1.8682848,-0.00808809,-0.015901377,2.9096599,0.2619709,-0.0035461145,-0.023308255,2.3491251,3.3380678,2.8859878,-0.025923265,-0.008983571,-0.017267866,0.25151762,1.2417654
ZNF253,-0.031475425,1.8559096,-0.008098906,-0.015873782,2.9294841,0.3031222,-0.0035038185,-0.023198618,2.3493445,3.3746789,2.9128296,-0.025719723,-0.009225501,-0.017161364,0.27075028,1.2310655
ZNF254,-0.031475425,1.8559096,-0.008098906,-0.015873782,2.9294841,0.3031222,-0.0035038185,-0.023198618,2.3493445,3.3746789,2.9128296,-0.025719723,-0.009225501,-0.017161364,0.27075028,1.2310655
ZNF257,-0.031475425,1.8559096,-0.008098906,-0.015873782,2.9294841,0.3031222,-0.0035038185,-0.023198618,2.3493445,3.3746789,2.9128296,-0.025719723,-0.009225501,-0.017161364,0.27075028,1.2310655
ZNF266,-0.031475425,1.8559096,-0.008098906,-0.015873782,2.9294841,0.3031222,-0.0035038185,-0.023198618,2.3493445,3.3746789,2.9128296,-0.025719723,-0.009225501,-0.017161364,0.27075028,1.2310655
ZNF32,-0.031475425,1.8559096,-0.008098906,-0.015873782,2.9294841,0.3031222,-0.0035038185,-0.023198618,2.3493445,3.3746789,2.9128296,-0.025719723,-0.009225501,-0.017161364,0.27075028,1.2310655
ZNF329,-0.031469002,1.8553501,-0.008100709,-0.01588021,2.9299195,0.30333546,-0.0034991305,-0.02319875,2.3499444,3.3742843,2.9126964,-0.025712695,-0.009230786,-0.017164707,0.26992708,1.2311385
ZNF335,-0.01836853,0.9957541,-0.006763595,-0.011556983,1.7025403,0.3568565,0.030288994,-0.014439937,1.5005133,1.6363801,1.4028993,-0.012719176,-0.0054073595,-0.009825185,0.053939823,0.83375615
ZNF337,-0.031475425,1.8559096,-0.008098906,-0.015873782,2.9294841,0.3031222,-0.0035038185,-0.023198618,2.3493445,3.3746789,2.9128296,-0.025719723,-0.009225501,-0.017161364,0.27075028,1.2310655
ZNF337-AS1,-0.031475425,1.8559096,-0.008098906,-0.015873782,2.9294841,0.3031222,-0.0035038185,-0.023198618,2.3493445,3.3746789,2.9128296,-0.025719723,-0.009225501,-0.017161364,0.27075028,1.2310655
ZNF365,-0.025056645,1.4080817,-0.008266316,-0.01753453,2.9541168,0.087179065,-0.0029407025,-0.01757162,2.2793818,3.0951498,2.7463908,-0.019212734,-0.008362729,-0.01843475,0.056422893,1.6515135
ZNF367,-0.031446006,1.8565661,-0.008079412,-0.015891537,2.9312584,0.30523628,-0.0035138552,-0.02320972,2.348716,3.3761027,2.9104512,-0.025697513,-0.009240161,-0.01714692,0.27288628,1.2322782
ZNF416,-0.031475425,1.8559096,-0.008098906,-0.015873782,2.9294841,0.3031222,-0.0035038185,-0.023198618,2.3493445,3.3746789,2.9128296,-0.025719723,-0.009225501,-0.017161364,0.27075028,1.2310655
ZNF425,-0.031475425,1.8559096,-0.008098906,-0.015873782,2.9294841,0.3031222,-0.0035038185,-0.023198618,2.3493445,3.3746789,2.9128296,-0.025719723,-0.009225501,-0.017161364,0.27075028,1.2310655
ZNF439,-0.031475425,1.8559096,-0.008098906,-0.015873782,2.9294841,0.3031222,-0.0035038185,-0.023198618,2.3493445,3.3746789,2.9128296,-0.025719723,-0.009225501,-0.017161364,0.27075028,1.2310655
ZNF446,-0.031475425,1.8559096,-0.008098906,-0.015873782,2.9294841,0.3031222,-0.0035038185,-0.023198618,2.3493445,3.3746789,2.9128296,-0.025719723,-0.009225501,-0.017161364,0.27075028,1.2310655
ZNF483,-0.031475425,1.8559096,-0.008098906,-0.015873782,2.9294841,0.3031222,-0.0035038185,-0.023198618,2.3493445,3.3746789,2.9128296,-0.025719723,-0.009225501,-0.017161364,0.27075028,1.2310655
ZNF490,-0.031469192,1.8552982,-0.008074602,-0.015858293,2.9279275,0.3052632,-0.0035016362,-0.023206731,2.3471637,3.3723211,2.9134946,-0.025706239,-0.009227169,-0.017154982,0.27185017,1.229245
ZNF507,-0.031475425,1.8559096,-0.008098906,-0.015873782,2.9294841,0.3031222,-0.0035038185,-0.023198618,2.3493445,3.3746789,2.9128296,-0.025719723,-0.009225501,-0.017161364,0.27075028,1.2310655
ZNF513,-0.031475425,1.8559096,-0.008098906,-0.015873782,2.9294841,0.3031222,-0.0035038185,-0.023198618,2.3493445,3.3746789,2.9128296,-0.025719723,-0.009225501,-0.017161364,0.27075028,1.2310655
ZNF527,-0.031467874,1.8566695,-0.008086521,-0.01586074,2.9296646,0.30242714,-0.0035120873,-0.023198945,2.349007,3.37293,2.9140284,-0.025701502,-0.009232426,-0.017166106,0.27152255,1.2314482
ZNF528-AS1,-0.031475425,1.8559096,-0.008098906,-0.015873782,2.9294841,0.3031222,-0.0035038185,-0.023198618,2.3493445,3.3746789,2.9128296,-0.025719723,-0.009225501,-0.017161364,0.27075028,1.2310655
ZNF529,-0.031475425,1.8559096,-0.008098906,-0.015873782,2.9294841,0.3031222,-0.0035038185,-0.023198618,2.3493445,3.3746789,2.9128296,-0.025719723,-0.009225501,-0.017161364,0.27075028,1.2310655
ZNF529-AS1,-0.031473584,1.8558726,-0.008100149,-0.015874755,2.9293447,0.3031933,-0.0035030162,-0.023198988,2.3494174,3.3747728,2.9127731,-0.025720196,-0.009223476,-0.01716082,0.270736,1.2310636
ZNF552,-0.031475425,1.8559096,-0.008098906,-0.015873782,2.9294841,0.3031222,-0.0035038185,-0.023198618,2.3493445,3.3746789,2.9128296,-0.025719723,-0.009225501,-0.017161364,0.27075028,1.2310655
ZNF558,-0.031475425,1.8559096,-0.008098906,-0.015873782,2.9294841,0.3031222,-0.0035038185,-0.023198618,2.3493445,3.3746789,2.9128296,-0.025719723,-0.009225501,-0.017161364,0.27075028,1.2310655
ZNF563,-0.031475425,1.8559096,-0.008098906,-0.015873782,2.9294841,0.3031222,-0.0035038185,-0.023198618,2.3493445,3.3746789,2.9128296,-0.025719723,-0.009225501,-0.017161364,0.27075028,1.2310655
ZNF572,-0.031475425,1.8559096,-0.008098906,-0.015873782,2.9294841,0.3031222,-0.0035038185,-0.023198618,2.3493445,3.3746789,2.9128296,-0.025719723,-0.009225501,-0.017161364,0.27075028,1.2310655
ZNF573,-0.031475425,1.8559096,-0.008098906,-0.015873782,2.9294841,0.3031222,-0.0035038185,-0.023198618,2.3493445,3.3746789,2.9128296,-0.025719723,-0.009225501,-0.017161364,0.27075028,1.2310655
ZNF584,-0.031590853,1.8626393,-0.0073070326,-0.014225706,2.8043349,0.026236514,-0.0019303489,-0.025338355,2.218582,3.1349585,2.852901,-0.024625272,-0.008734765,-0.015460319,0.4613555,1.2112337
ZNF585B,-0.031469002,1.8553501,-0.008100709,-0.01588021,2.9299195,0.30333546,-0.0034991305,-0.02319875,2.3499444,3.3742843,2.9126964,-0.025712695,-0.009230786,-0.017164707,0.26992708,1.2311385
ZNF600,-0.031666633,1.7828383,-0.008340033,-0.014688535,2.8917937,0.3721151,-0.0039404514,-0.02201431,2.416828,3.2194922,2.8670027,-0.023815589,-0.01058203,-0.015880264,0.122603156,1.1117353
ZNF611,-0.031475425,1.8559096,-0.008098906,-0.015873782,2.9294841,0.3031222,-0.0035038185,-0.023198618,2.3493445,3.3746789,2.9128296,-0.025719723,-0.009225501,-0.017161364,0.27075028,1.2310655
ZNF626,-0.031475425,1.8559096,-0.008098906,-0.015873782,2.9294841,0.3031222,-0.0035038185,-0.023198618,2.3493445,3.3746789,2.9128296,-0.025719723,-0.009225501,-0.017161364,0.27075028,1.2310655
ZNF66,-0.031465635,1.8570362,-0.008113194,-0.015855499,2.9299557,0.30276975,-0.0035122966,-0.023202628,2.3477943,3.3744884,2.9130175,-0.025719332,-0.009239676,-0.017143922,0.26992935,1.2290561
ZNF675,-0.031475425,1.8559096,-0.008098906,-0.015873782,2.9294841,0.3031222,-0.0035038185,-0.023198618,2.3493445,3.3746789,2.9128296,-0.025719723,-0.009225501,-0.017161364,0.27075028,1.2310655
ZNF682,-0.031475425,1.8559096,-0.008098906,-0.015873782,2.9294841,0.3031222,-0.0035038185,-0.023198618,2.3493445,3.3746789,2.9128296,-0.025719723,-0.009225501,-0.017161364,0.27075028,1.2310655
ZNF687-AS1,-0.031439774,1.8559546,-0.008055109,-0.015876047,2.9297018,0.30737728,-0.003511673,-0.023217835,2.3465352,3.373745,2.9111161,-0.025684021,-0.009241828,-0.017140538,0.27398616,1.2304577
ZNF699,-0.031475425,1.8559096,-0.008098906,-0.015873782,2.9294841,0.3031222,-0.0035038185,-0.023198618,2.3493445,3.3746789,2.9128296,-0.025719723,-0.009225501,-0.017161364,0.27075028,1.2310655
ZNF704,-0.031205844,1.9054899,-0.0076075443,-0.016291194,2.871641,0.26477396,-0.003059153,-0.023540948,2.3140776,3.3143666,2.9347296,-0.025496887,-0.009351532,-0.017653702,0.32254335,1.2362149
ZNF721,-0.031475425,1.8559096,-0.008098906,-0.015873782,2.9294841,0.3031222,-0.0035038185,-0.023198618,2.3493445,3.3746789,2.9128296,-0.025719723,-0.009225501,-0.017161364,0.27075028,1.2310655
ZNF724,-0.031475425,1.8559096,-0.008098906,-0.015873782,2.9294841,0.3031222,-0.0035038185,-0.023198618,2.3493445,3.3746789,2.9128296,-0.025719723,-0.009225501,-0.017161364,0.27075028,1.2310655
ZNF732,-0.031475425,1.8559096,-0.008098906,-0.015873782,2.9294841,0.3031222,-0.0035038185,-0.023198618,2.3493445,3.3746789,2.9128296,-0.025719723,-0.009225501,-0.017161364,0.27075028,1.2310655
ZNF737,-0.031475425,1.8559096,-0.008098906,-0.015873782,2.9294841,0.3031222,-0.0035038185,-0.023198618,2.3493445,3.3746789,2.9128296,-0.025719723,-0.009225501,-0.017161364,0.27075028,1.2310655
ZNF75A,-0.031475425,1.8559096,-0.008098906,-0.015873782,2.9294841,0.3031222,-0.0035038185,-0.023198618,2.3493445,3.3746789,2.9128296,-0.025719723,-0.009225501,-0.017161364,0.27075028,1.2310655
ZNF771,-0.031475425,1.8559096,-0.008098906,-0.015873782,2.9294841,0.3031222,-0.0035038185,-0.023198618,2.3493445,3.3746789,2.9128296,-0.025719723,-0.009225501,-0.017161364,0.27075028,1.2310655
ZNF780B,-0.031475425,1.8559096,-0.008098906,-0.015873782,2.9294841,0.3031222,-0.0035038185,-0.023198618,2.3493445,3.3746789,2.9128296,-0.025719723,-0.009225501,-0.017161364,0.27075028,1.2310655
ZNF786,-0.034074977,1.3098423,-0.0087715555,-0.0194718,2.739299,0.2082126,-0.00047216503,-0.024286218,2.1095293,2.8598838,2.533905,-0.023567013,-0.0050060214,-0.017466825,0.5036518,1.0191813
ZNF808,-0.03148851,1.8555251,-0.008089539,-0.015888762,2.9283044,0.30149278,-0.0034893644,-0.023200795,2.3504481,3.372928,2.911487,-0.025720734,-0.009238552,-0.017152917,0.27027613,1.2320583
ZNF821,-0.031475425,1.8559096,-0.008098906,-0.015873782,2.9294841,0.3031222,-0.0035038185,-0.023198618,2.3493445,3.3746789,2.9128296,-0.025719723,-0.009225501,-0.017161364,0.27075028,1.2310655
ZNF827,-0.031475425,1.8559096,-0.008098906,-0.015873782,2.9294841,0.3031222,-0.0035038185,-0.023198618,2.3493445,3.3746789,2.9128296,-0.025719723,-0.009225501,-0.017161364,0.27075028,1.2310655
ZNF83,-0.031475425,1.8559096,-0.008098906,-0.015873782,2.9294841,0.3031222,-0.0035038185,-0.023198618,2.3493445,3.3746789,2.9128296,-0.025719723,-0.009225501,-0.017161364,0.27075028,1.2310655
ZNF830,-0.031474393,1.8551507,-0.00810886,-0.015893292,2.9285014,0.30166778,-0.0035277235,-0.02320466,2.3490684,3.3750174,2.912139,-0.025713887,-0.009202446,-0.017142035,0.2682503,1.2314396
ZNF831,-0.031465635,1.8570362,-0.008113194,-0.015855499,2.9299557,0.30276975,-0.0035122966,-0.023202628,2.3477943,3.3744884,2.9130175,-0.025719332,-0.009239676,-0.017143922,0.26992935,1.2290561
ZNF839,-0.031475425,1.8559096,-0.008098906,-0.015873782,2.9294841,0.3031222,-0.0035038185,-0.023198618,2.3493445,3.3746789,2.9128296,-0.025719723,-0.009225501,-0.017161364,0.27075028,1.2310655
ZNF845,-0.031475425,1.8559096,-0.008098906,-0.015873782,2.9294841,0.3031222,-0.0035038185,-0.023198618,2.3493445,3.3746789,2.9128296,-0.025719723,-0.009225501,-0.017161364,0.27075028,1.2310655
ZNF85,-0.031590853,1.8626393,-0.0073070326,-0.014225706,2.8043349,0.026236514,-0.0019303489,-0.025338355,2.218582,3.1349585,2.852901,-0.024625272,-0.008734765,-0.015460319,0.4613555,1.2112337
ZNF853,-0.031469192,1.8552982,-0.008074602,-0.015858293,2.9279275,0.3052632,-0.0035016362,-0.023206731,2.3471637,3.3723211,2.9134946,-0.025706239,-0.009227169,-0.017154982,0.27185017,1.229245
ZNF91,-0.024920523,1.4204568,-0.0082555,-0.017562125,2.9342923,0.046027772,-0.002982999,-0.017681256,2.2791624,3.0585387,2.7195487,-0.019416276,-0.0081207985,-0.018541252,0.037190266,1.6622133
ZNHIT6,-0.03148851,1.8555251,-0.008089539,-0.015888762,2.9283044,0.30149278,-0.0034893644,-0.023200795,2.3504481,3.372928,2.911487,-0.025720734,-0.009238552,-0.017152917,0.27027613,1.2320583
ZPBP,-0.031475425,1.8559096,-0.008098906,-0.015873782,2.9294841,0.3031222,-0.0035038185,-0.023198618,2.3493445,3.3746789,2.9128296,-0.025719723,-0.009225501,-0.017161364,0.27075028,1.2310655
ZSWIM3,-0.031475425,1.8559096,-0.008098906,-0.015873782,2.9294841,0.3031222,-0.0035038185,-0.023198618,2.3493445,3.3746789,2.9128296,-0.025719723,-0.009225501,-0.017161364,0.27075028,1.2310655
ZSWIM5,-0.031475425,1.8559096,-0.008098906,-0.015873782,2.9294841,0.3031222,-0.0035038185,-0.023198618,2.3493445,3.3746789,2.9128296,-0.025719723,-0.009225501,-0.017161364,0.27075028,1.2310655
ZWILCH,-0.031475425,1.8559096,-0.008098906,-0.015873782,2.9294841,0.3031222,-0.0035038185,-0.023198618,2.3493445,3.3746789,2.9128296,-0.025719723,-0.009225501,-0.017161364,0.27075028,1.2310655
ZXDB,-0.031475425,1.8559096,-0.008098906,-0.015873782,2.9294841,0.3031222,-0.0035038185,-0.023198618,2.3493445,3.3746789,2.9128296,-0.025719723,-0.009225501,-0.017161364,0.27075028,1.2310655
ATAC_A2M,-0.031475425,1.8559096,-0.008098906,-0.015873782,2.9294841,0.3031222,-0.0035038185,-0.023198618,2.3493445,3.3746789,2.9128296,-0.025719723,-0.009225501,-0.017161364,0.27075028,1.2310655
ATAC_ABCA3,-0.03147575,1.8558457,-0.008096901,-0.015873168,2.9293013,0.30331364,-0.0035046015,-0.02319632,2.349423,3.374781,2.9129534,-0.025719766,-0.009226859,-0.017161522,0.27079147,1.230874
ATAC_ABCA5,-0.031475425,1.8559096,-0.008098906,-0.015873782,2.9294841,0.3031222,-0.0035038185,-0.023198618,2.3493445,3.3746789,2.9128296,-0.025719723,-0.009225501,-0.017161364,0.27075028,1.2310655
ATAC_ABCC10,-0.031475425,1.8559096,-0.008098906,-0.015873782,2.9294841,0.3031222,-0.0035038185,-0.023198618,2.3493445,3.3746789,2.9128296,-0.025719723,-0.009225501,-0.017161364,0.27075028,1.2310655
ATAC_ABCD2,-0.031475425,1.8559096,-0.008098906,-0.015873782,2.9294841,0.3031222,-0.0035038185,-0.023198618,2.3493445,3.3746789,2.9128296,-0.025719723,-0.009225501,-0.017161364,0.27075028,1.2310655
ATAC_ABCG1,-0.031475425,1.8559096,-0.008098906,-0.015873782,2.9294841,0.3031222,-0.0035038185,-0.023198618,2.3493445,3.3746789,2.9128296,-0.025719723,-0.009225501,-0.017161364,0.27075028,1.2310655
ATAC_ABCG2,-0.031465635,1.8570362,-0.008113194,-0.015855499,2.9299557,0.30276975,-0.0035122966,-0.023202628,2.3477943,3.3744884,2.9130175,-0.025719332,-0.009239676,-0.017143922,0.26992935,1.2290561
ATAC_ABHD17A,-0.031475425,1.8559096,-0.008098906,-0.015873782,2.9294841,0.3031222,-0.0035038185,-0.023198618,2.3493445,3.3746789,2.9128296,-0.025719723,-0.009225501,-0.017161364,0.27075028,1.2310655
ATAC_ACAD11,-0.031475425,1.8559096,-0.008098906,-0.015873782,2.9294841,0.3031222,-0.0035038185,-0.023198618,2.3493445,3.3746789,2.9128296,-0.025719723,-0.009225501,-0.017161364,0.27075028,1.2310655
ATAC_ACBD7,-0.031472757,1.8557072,-0.008094578,-0.015873425,2.9290566,0.3026363,-0.0035026984,-0.023198549,2.3490381,3.3749695,2.912435,-0.025712237,-0.009234702,-0.017166728,0.27025354,1.2313015
ATAC_ACOT6,-0.031475425,1.8559096,-0.008098906,-0.015873782,2.9294841,0.3031222,-0.0035038185,-0.023198618,2.3493445,3.3746789,2.9128296,-0.025719723,-0.009225501,-0.017161364,0.27075028,1.2310655
ATAC_ACP7,-0.031475425,1.8559096,-0.008098906,-0.015873782,2.9294841,0.3031222,-0.0035038185,-0.023198618,2.3493445,3.3746789,2.9128296,-0.025719723,-0.009225501,-0.017161364,0.27075028,1.2310655
ATAC_ACTA2-AS1,-0.031475425,1.8559096,-0.008098906,-0.015873782,2.9294841,0.3031222,-0.0035038185,-0.023198618,2.3493445,3.3746789,2.9128296,-0.025719723,-0.009225501,-0.017161364,0.27075028,1.2310655
ATAC_ACVR1C,-0.031475425,1.8559096,-0.008098906,-0.015873782,2.9294841,0.3031222,-0.0035038185,-0.023198618,2.3493445,3.3746789,2.9128296,-0.025719723,-0.009225501,-0.017161364,0.27075028,1.2310655
ATAC_ACVR2B-AS1,-0.031475425,1.8559096,-0.008098906,-0.015873782,2.9294841,0.3031222,-0.0035038185,-0.023198618,2.3493445,3.3746789,2.9128296,-0.025719723,-0.009225501,-0.017161364,0.27075028,1.2310655
ATAC_ADAM12,-0.031458575,1.8564616,-0.008108636,-0.015889112,2.9301527,0.30349657,-0.0034956473,-0.023181153,2.3501375,3.3738346,2.9119534,-0.025723262,-0.0092122825,-0.017176848,0.27019,1.231846
ATAC_ADAM22,-0.031475425,1.8559096,-0.008098906,-0.015873782,2.9294841,0.3031222,-0.0035038185,-0.023198618,2.3493445,3.3746789,2.9128296,-0.025719723,-0.009225501,-0.017161364,0.27075028,1.2310655
ATAC_ADAM23,-0.03147517,1.8555561,-0.008099716,-0.015873434,2.929215,0.30332246,-0.0035020171,-0.023201777,2.3488286,3.374197,2.9122941,-0.025724964,-0.009224802,-0.017156124,0.2703023,1.231308
ATAC_ADAM28,-0.031329513,1.8694113,-0.008102378,-0.015883092,2.9101312,0.26161847,-0.0035545926,-0.023312265,2.3475747,3.3378773,2.8861756,-0.02592287,-0.008997746,-0.017250424,0.2506967,1.239756
ATAC_ADAM8,-0.031475425,1.8559096,-0.008098906,-0.015873782,2.9294841,0.3031222,-0.0035038185,-0.023198618,2.3493445,3.3746789,2.9128296,-0.025719723,-0.009225501,-0.017161364,0.27075028,1.2310655
ATAC_ADAMTS1,-0.031475425,1.8559096,-0.008098906,-0.015873782,2.9294841,0.3031222,-0.0035038185,-0.023198618,2.3493445,3.3746789,2.9128296,-0.025719723,-0.009225501,-0.017161364,0.27075028,1.2310655
ATAC_ADAMTS10,-0.031474877,1.8560315,-0.008100419,-0.015875433,2.9293058,0.30324998,-0.0035018818,-0.023199955,2.3492932,3.3744779,2.912816,-0.025718803,-0.009226253,-0.017160803,0.27083796,1.2312182
ATAC_ADAMTS14,-0.031475425,1.8559096,-0.008098906,-0.015873782,2.9294841,0.3031222,-0.0035038185,-0.023198618,2.3493445,3.3746789,2.9128296,-0.025719723,-0.009225501,-0.017161364,0.27075028,1.2310655
ATAC_ADAMTS17,-0.030129248,1.9520901,-0.005009821,-0.011832423,2.4111998,0.23097335,-0.0055199433,-0.018829944,2.4718163,3.566083,2.63872,-0.02711471,-0.00565959,-0.018648637,-0.000927481,0.92625374
ATAC_ADAMTS3,-0.03148851,1.8555251,-0.008089539,-0.015888762,2.9283044,0.30149278,-0.0034893644,-0.023200795,2.3504481,3.372928,2.911487,-0.025720734,-0.009238552,-0.017152917,0.27027613,1.2320583
ATAC_ADAMTS6,-0.031475425,1.8559096,-0.008098906,-0.015873782,2.9294841,0.3031222,-0.0035038185,-0.023198618,2.3493445,3.3746789,2.9128296,-0.025719723,-0.009225501,-0.017161364,0.27075028,1.2310655
ATAC_ADGRF1,-0.031475425,1.8559096,-0.008098906,-0.015873782,2.9294841,0.3031222,-0.0035038185,-0.023198618,2.3493445,3.3746789,2.9128296,-0.025719723,-0.009225501,-0.017161364,0.27075028,1.2310655
ATAC_ADGRF2,-0.031475425,1.8559096,-0.008098906,-0.015873782,2.9294841,0.3031222,-0.0035038185,-0.023198618,2.3493445,3.3746789,2.9128296,-0.025719723,-0.009225501,-0.017161364,0.27075028,1.2310655
ATAC_ADGRG1,-0.031475425,1.8559096,-0.008098906,-0.015873782,2.9294841,0.3031222,-0.0035038185,-0.023198618,2.3493445,3.3746789,2.9128296,-0.025719723,-0.009225501,-0.017161364,0.27075028,1.2310655
ATAC_ADGRG5,-0.031475425,1.8559096,-0.008098906,-0.015873782,2.9294841,0.3031222,-0.0035038185,-0.023198618,2.3493445,3.3746789,2.9128296,-0.025719723,-0.009225501,-0.017161364,0.27075028,1.2310655
ATAC_ADIRF,-0.031475425,1.8559096,-0.008098906,-0.015873782,2.9294841,0.3031222,-0.0035038185,-0.023198618,2.3493445,3.3746789,2.9128296,-0.025719723,-0.009225501,-0.017161364,0.27075028,1.2310655
ATAC_ADRA1D,-0.031475425,1.8559096,-0.008098906,-0.015873782,2.9294841,0.3031222,-0.0035038185,-0.023198618,2.3493445,3.3746789,2.9128296,-0.025719723,-0.009225501,-0.017161364,0.27075028,1.2310655
ATAC_ADRB2,-0.03148851,1.8555251,-0.008089539,-0.015888762,2.9283044,0.30149278,-0.0034893644,-0.023200795,2.3504481,3.372928,2.911487,-0.025720734,-0.009238552,-0.017152917,0.27027613,1.2320583
ATAC_AEBP2,-0.034074977,1.3098423,-0.0087715555,-0.0194718,2.739299,0.2082126,-0.00047216503,-0.024286218,2.1095293,2.8598838,2.533905,-0.023567013,-0.0050060214,-0.017466825,0.5036518,1.0191813
ATAC_AGBL2,-0.031475425,1.8559096,-0.008098906,-0.015873782,2.9294841,0.3031222,-0.0035038185,-0.023198618,2.3493445,3.3746789,2.9128296,-0.025719723,-0.009225501,-0.017161364,0.27075028,1.2310655
ATAC_AGBL3,-0.031475425,1.8559096,-0.008098906,-0.015873782,2.9294841,0.3031222,-0.0035038185,-0.023198618,2.3493445,3.3746789,2.9128296,-0.025719723,-0.009225501,-0.017161364,0.27075028,1.2310655
ATAC_AGFG2,-0.031475425,1.8559096,-0.008098906,-0.015873782,2.9294841,0.3031222,-0.0035038185,-0.023198618,2.3493445,3.3746789,2.9128296,-0.025719723,-0.009225501,-0.017161364,0.27075028,1.2310655
ATAC_AJM1,-0.031475425,1.8559096,-0.008098906,-0.015873782,2.9294841,0.3031222,-0.0035038185,-0.023198618,2.3493445,3.3746789,2.9128296,-0.025719723,-0.009225501,-0.017161364,0.27075028,1.2310655
ATAC_AK1,-0.026801094,1.9635823,-0.0050175968,-0.019113362,2.3194375,0.40429926,-6.0457063e-05,-0.016353551,2.7063785,2.8792105,2.5543191,-0.026574897,-0.010913961,-0.01393463,-0.002243994,1.3196925
ATAC_AK5,-0.031329513,1.8694113,-0.008102378,-0.015883092,2.9101312,0.26161847,-0.0035545926,-0.023312265,2.3475747,3.3378773,2.8861756,-0.02592287,-0.008997746,-0.017250424,0.2506967,1.239756
ATAC_AK7,-0.031475425,1.8559096,-0.008098906,-0.015873782,2.9294841,0.3031222,-0.0035038185,-0.023198618,2.3493445,3.3746789,2.9128296,-0.025719723,-0.009225501,-0.017161364,0.27075028,1.2310655
ATAC_AK9,-0.031455796,1.8575724,-0.00808198,-0.015884178,2.93167,0.30612528,-0.0035125297,-0.023214655,2.349602,3.3757215,2.909597,-0.025699735,-0.00923678,-0.017148793,0.27247643,1.2318621
ATAC_AKAP5,-0.031475425,1.8559096,-0.008098906,-0.015873782,2.9294841,0.3031222,-0.0035038185,-0.023198618,2.3493445,3.3746789,2.9128296,-0.025719723,-0.009225501,-0.017161364,0.27075028,1.2310655
ATAC_AKTIP,-0.031475425,1.8559096,-0.008098906,-0.015873782,2.9294841,0.3031222,-0.0035038185,-0.023198618,2.3493445,3.3746789,2.9128296,-0.025719723,-0.009225501,-0.017161364,0.27075028,1.2310655
ATAC_ALOX5AP,-0.031475425,1.8559096,-0.008098906,-0.015873782,2.9294841,0.3031222,-0.0035038185,-0.023198618,2.3493445,3.3746789,2.9128296,-0.025719723,-0.009225501,-0.017161364,0.27075028,1.2310655
ATAC_AMIGO1,-0.031475425,1.8559096,-0.008098906,-0.015873782,2.9294841,0.3031222,-0.0035038185,-0.023198618,2.3493445,3.3746789,2.9128296,-0.025719723,-0.009225501,-0.017161364,0.27075028,1.2310655
ATAC_AMT,-0.031475425,1.8559096,-0.008098906,-0.015873782,2.9294841,0.3031222,-0.0035038185,-0.023198618,2.3493445,3.3746789,2.9128296,-0.025719723,-0.009225501,-0.017161364,0.27075028,1.2310655
ATAC_ANGPTL6,-0.03148522,1.856916,-0.008101474,-0.015866423,2.9298956,0.3040112,-0.0035024935,-0.023203552,2.3502305,3.3742976,2.9119754,-0.02572195,-0.00922212,-0.017163236,0.27034044,1.2306494
ATAC_ANK1,-0.031474393,1.8551507,-0.00810886,-0.015893292,2.9285014,0.30166778,-0.0035277235,-0.02320466,2.3490684,3.3750174,2.912139,-0.025713887,-0.009202446,-0.017142035,0.2682503,1.2314396
ATAC_ANK3,-0.031475425,1.8559096,-0.008098906,-0.015873782,2.9294841,0.3031222,-0.0035038185,-0.023198618,2.3493445,3.3746789,2.9128296,-0.025719723,-0.009225501,-0.017161364,0.27075028,1.2310655
ATAC_ANKAR,-0.031475425,1.8559096,-0.008098906,-0.015873782,2.9294841,0.3031222,-0.0035038185,-0.023198618,2.3493445,3.3746789,2.9128296,-0.025719723,-0.009225501,-0.017161364,0.27075028,1.2310655
ATAC_ANKRD26,-0.031475425,1.8559096,-0.008098906,-0.015873782,2.9294841,0.3031222,-0.0035038185,-0.023198618,2.3493445,3.3746789,2.9128296,-0.025719723,-0.009225501,-0.017161364,0.27075028,1.2310655
ATAC_ANKRD29,-0.031475425,1.8559096,-0.008098906,-0.015873782,2.9294841,0.3031222,-0.0035038185,-0.023198618,2.3493445,3.3746789,2.9128296,-0.025719723,-0.009225501,-0.017161364,0.27075028,1.2310655
ATAC_ANKRD31,-0.031475425,1.8559096,-0.008098906,-0.015873782,2.9294841,0.3031222,-0.0035038185,-0.023198618,2.3493445,3.3746789,2.9128296,-0.025719723,-0.009225501,-0.017161364,0.27075028,1.2310655
ATAC_ANKRD36,-0.031475425,1.8559096,-0.008098906,-0.015873782,2.9294841,0.3031222,-0.0035038185,-0.023198618,2.3493445,3.3746789,2.9128296,-0.025719723,-0.009225501,-0.017161364,0.27075028,1.2310655
ATAC_ANKRD36B,-0.031475425,1.8559096,-0.008098906,-0.015873782,2.9294841,0.3031222,-0.0035038185,-0.023198618,2.3493445,3.3746789,2.9128296,-0.025719723,-0.009225501,-0.017161364,0.27075028,1.2310655
ATAC_ANKRD36C,-0.027136836,1.8240168,-0.009266311,-0.014416294,2.9998238,0.6189444,-0.0077284756,-0.023865225,1.8066359,3.3279731,2.5685408,-0.024335403,-0.005698275,-0.019432481,0.5677488,0.8374876
ATAC_ANKRD39,-0.031475425,1.8559096,-0.008098906,-0.015873782,2.9294841,0.3031222,-0.0035038185,-0.023198618,2.3493445,3.3746789,2.9128296,-0.025719723,-0.009225501,-0.017161364,0.27075028,1.2310655
ATAC_ANO10,-0.031465635,1.8570362,-0.008113194,-0.015855499,2.9299557,0.30276975,-0.0035122966,-0.023202628,2.3477943,3.3744884,2.9130175,-0.025719332,-0.009239676,-0.017143922,0.26992935,1.2290561
ATAC_ANTXRL,-0.031475425,1.8559096,-0.008098906,-0.015873782,2.9294841,0.3031222,-0.0035038185,-0.023198618,2.3493445,3.3746789,2.9128296,-0.025719723,-0.009225501,-0.017161364,0.27075028,1.2310655
ATAC_AP1G2,-0.031475425,1.8559096,-0.008098906,-0.015873782,2.9294841,0.3031222,-0.0035038185,-0.023198618,2.3493445,3.3746789,2.9128296,-0.025719723,-0.009225501,-0.017161364,0.27075028,1.2310655
ATAC_AP3B2,-0.031478506,1.8553385,-0.0081128515,-0.0158729,2.9310913,0.3027985,-0.0035141045,-0.023208523,2.346136,3.3745625,2.9107852,-0.025703715,-0.009239115,-0.017173517,0.27238,1.230591
ATAC_AP5Z1,-0.031475425,1.8559096,-0.008098906,-0.015873782,2.9294841,0.3031222,-0.0035038185,-0.023198618,2.3493445,3.3746789,2.9128296,-0.025719723,-0.009225501,-0.017161364,0.27075028,1.2310655
ATAC_APBB2,-0.023457844,1.5056161,-0.010922373,-0.012419021,3.011784,0.700264,-0.004746981,-0.021108612,2.3185508,2.5375214,2.3206527,-0.022237781,-0.0067057423,-0.009352843,-0.002055739,1.5220709
ATAC_APOB,-0.031475425,1.8559096,-0.008098906,-0.015873782,2.9294841,0.3031222,-0.0035038185,-0.023198618,2.3493445,3.3746789,2.9128296,-0.025719723,-0.009225501,-0.017161364,0.27075028,1.2310655
ATAC_APOBEC4,-0.031475425,1.8559096,-0.008098906,-0.015873782,2.9294841,0.3031222,-0.0035038185,-0.023198618,2.3493445,3.3746789,2.9128296,-0.025719723,-0.009225501,-0.017161364,0.27075028,1.2310655
ATAC_AQP3,-0.031475425,1.8559096,-0.008098906,-0.015873782,2.9294841,0.3031222,-0.0035038185,-0.023198618,2.3493445,3.3746789,2.9128296,-0.025719723,-0.009225501,-0.017161364,0.27075028,1.2310655
ATAC_AREG,-0.031475425,1.8559096,-0.008098906,-0.015873782,2.9294841,0.3031222,-0.0035038185,-0.023198618,2.3493445,3.3746789,2.9128296,-0.025719723,-0.009225501,-0.017161364,0.27075028,1.2310655
ATAC_ARF4-AS1,-0.031475425,1.8559096,-0.008098906,-0.015873782,2.9294841,0.3031222,-0.0035038185,-0.023198618,2.3493445,3.3746789,2.9128296,-0.025719723,-0.009225501,-0.017161364,0.27075028,1.2310655
ATAC_ARHGAP10,-0.031475425,1.8559096,-0.008098906,-0.015873782,2.9294841,0.3031222,-0.0035038185,-0.023198618,2.3493445,3.3746789,2.9128296,-0.025719723,-0.009225501,-0.017161364,0.27075028,1.2310655
ATAC_ARHGAP24,-0.031478506,1.8553385,-0.0081128515,-0.0158729,2.9310913,0.3027985,-0.0035141045,-0.023208523,2.346136,3.3745625,2.9107852,-0.025703715,-0.009239115,-0.017173517,0.27238,1.230591
ATAC_ARHGAP33,-0.031475425,1.8559096,-0.008098906,-0.015873782,2.9294841,0.3031222,-0.0035038185,-0.023198618,2.3493445,3.3746789,2.9128296,-0.025719723,-0.009225501,-0.017161364,0.27075028,1.2310655
ATAC_ARHGAP35,-0.031475425,1.8559096,-0.008098906,-0.015873782,2.9294841,0.3031222,-0.0035038185,-0.023198618,2.3493445,3.3746789,2.9128296,-0.025719723,-0.009225501,-0.017161364,0.27075028,1.2310655
ATAC_ARHGAP39,-0.031473327,1.8555192,-0.0081009595,-0.015874406,2.9290755,0.30339357,-0.003501215,-0.02320215,2.3489015,3.374291,2.9122376,-0.025725435,-0.009222778,-0.01715558,0.27028802,1.2313061
ATAC_ARHGAP5,-0.031475425,1.8559096,-0.008098906,-0.015873782,2.9294841,0.3031222,-0.0035038185,-0.023198618,2.3493445,3.3746789,2.9128296,-0.025719723,-0.009225501,-0.017161364,0.27075028,1.2310655
ATAC_ARHGAP8,-0.031475425,1.8559096,-0.008098906,-0.015873782,2.9294841,0.3031222,-0.0035038185,-0.023198618,2.3493445,3.3746789,2.9128296,-0.025719723,-0.009225501,-0.017161364,0.27075028,1.2310655
ATAC_ARHGEF10,-0.031475425,1.8559096,-0.008098906,-0.015873782,2.9294841,0.3031222,-0.0035038185,-0.023198618,2.3493445,3.3746789,2.9128296,-0.025719723,-0.009225501,-0.017161364,0.27075028,1.2310655
ATAC_ARHGEF12,-0.031475425,1.8559096,-0.008098906,-0.015873782,2.9294841,0.3031222,-0.0035038185,-0.023198618,2.3493445,3.3746789,2.9128296,-0.025719723,-0.009225501,-0.017161364,0.27075028,1.2310655
ATAC_ARHGEF25,-0.031475425,1.8559096,-0.008098906,-0.015873782,2.9294841,0.3031222,-0.0035038185,-0.023198618,2.3493445,3.3746789,2.9128296,-0.025719723,-0.009225501,-0.017161364,0.27075028,1.2310655
ATAC_ARIH2OS,-0.029042615,1.307198,-0.012907376,-0.011162886,2.1797936,0.017672645,-0.004400254,-0.025513977,1.5255251,2.7885387,2.6890678,-0.023448719,-0.012949664,-0.010947382,0.41374564,0.70960885
ATAC_ARL4D,-0.031475425,1.8559096,-0.008098906,-0.015873782,2.9294841,0.3031222,-0.0035038185,-0.023198618,2.3493445,3.3746789,2.9128296,-0.025719723,-0.009225501,-0.017161364,0.27075028,1.2310655
ATAC_ARRDC3,-0.031475425,1.8559096,-0.008098906,-0.015873782,2.9294841,0.3031222,-0.0035038185,-0.023198618,2.3493445,3.3746789,2.9128296,-0.025719723,-0.009225501,-0.017161364,0.27075028,1.2310655
ATAC_ARSJ,-0.031475425,1.8559096,-0.008098906,-0.015873782,2.9294841,0.3031222,-0.0035038185,-0.023198618,2.3493445,3.3746789,2.9128296,-0.025719723,-0.009225501,-0.017161364,0.27075028,1.2310655
ATAC_ART5,-0.031475425,1.8559096,-0.008098906,-0.015873782,2.9294841,0.3031222,-0.0035038185,-0.023198618,2.3493445,3.3746789,2.9128296,-0.025719723,-0.009225501,-0.017161364,0.27075028,1.2310655
ATAC_ASIC1,-0.031473584,1.8558726,-0.008100149,-0.015874755,2.9293447,0.3031933,-0.0035030162,-0.023198988,2.3494174,3.3747728,2.9127731,-0.025720196,-0.009223476,-0.01716082,0.270736,1.2310636
ATAC_ASXL1,-0.031475425,1.8559096,-0.008098906,-0.015873782,2.9294841,0.3031222,-0.0035038185,-0.023198618,2.3493445,3.3746789,2.9128296,-0.025719723,-0.009225501,-0.017161364,0.27075028,1.2310655
ATAC_ATAD3B,-0.031486593,1.8557979,-0.008106825,-0.015863566,2.9289782,0.3028724,-0.0035075753,-0.02319874,2.3491552,3.3740227,2.911998,-0.025714202,-0.009230822,-0.017164828,0.26972646,1.2306191
ATAC_ATF7IP2,-0.029042615,1.307198,-0.012907376,-0.011162886,2.1797936,0.017672645,-0.004400254,-0.025513977,1.5255251,2.7885387,2.6890678,-0.023448719,-0.012949664,-0.010947382,0.41374564,0.70960885
ATAC_ATG16L1,-0.031475425,1.8559096,-0.008098906,-0.015873782,2.9294841,0.3031222,-0.0035038185,-0.023198618,2.3493445,3.3746789,2.9128296,-0.025719723,-0.009225501,-0.017161364,0.27075028,1.2310655
ATAC_ATG4D,-0.031475425,1.8559096,-0.008098906,-0.015873782,2.9294841,0.3031222,-0.0035038185,-0.023198618,2.3493445,3.3746789,2.9128296,-0.025719723,-0.009225501,-0.017161364,0.27075028,1.2310655
ATAC_ATN1,-0.031475425,1.8559096,-0.008098906,-0.015873782,2.9294841,0.3031222,-0.0035038185,-0.023198618,2.3493445,3.3746789,2.9128296,-0.025719723,-0.009225501,-0.017161364,0.27075028,1.2310655
ATAC_ATP1A3,-0.031475425,1.8559096,-0.008098906,-0.015873782,2.9294841,0.3031222,-0.0035038185,-0.023198618,2.3493445,3.3746789,2.9128296,-0.025719723,-0.009225501,-0.017161364,0.27075028,1.2310655
ATAC_ATP1B2,-0.031475425,1.8559096,-0.008098906,-0.015873782,2.9294841,0.3031222,-0.0035038185,-0.023198618,2.3493445,3.3746789,2.9128296,-0.025719723,-0.009225501,-0.017161364,0.27075028,1.2310655
ATAC_ATP2A3,-0.031475425,1.8559096,-0.008098906,-0.015873782,2.9294841,0.3031222,-0.0035038185,-0.023198618,2.3493445,3.3746789,2.9128296,-0.025719723,-0.009225501,-0.017161364,0.27075028,1.2310655
ATAC_ATP6V1H,-0.031475425,1.8559096,-0.008098906,-0.015873782,2.9294841,0.3031222,-0.0035038185,-0.023198618,2.3493445,3.3746789,2.9128296,-0.025719723,-0.009225501,-0.017161364,0.27075028,1.2310655
ATAC_ATP8B2,-0.031475425,1.8559096,-0.008098906,-0.015873782,2.9294841,0.3031222,-0.0035038185,-0.023198618,2.3493445,3.3746789,2.9128296,-0.025719723,-0.009225501,-0.017161364,0.27075028,1.2310655
ATAC_ATP9A,-0.0290557,1.3068136,-0.012898008,-0.011177866,2.1786141,0.01604324,-0.0043858,-0.025516154,1.5266287,2.7867877,2.6877253,-0.02344973,-0.012962716,-0.010938935,0.41327152,0.7106016
ATAC_ATXN2-AS,-0.031475425,1.8559096,-0.008098906,-0.015873782,2.9294841,0.3031222,-0.0035038185,-0.023198618,2.3493445,3.3746789,2.9128296,-0.025719723,-0.009225501,-0.017161364,0.27075028,1.2310655
ATAC_ATXN7L3B,-0.031475425,1.8559096,-0.008098906,-0.015873782,2.9294841,0.3031222,-0.0035038185,-0.023198618,2.3493445,3.3746789,2.9128296,-0.025719723,-0.009225501,-0.017161364,0.27075028,1.2310655
ATAC_AVP,-0.031475425,1.8559096,-0.008098906,-0.015873782,2.9294841,0.3031222,-0.0035038185,-0.023198618,2.3493445,3.3746789,2.9128296,-0.025719723,-0.009225501,-0.017161364,0.27075028,1.2310655
ATAC_AXDND1,-0.031474393,1.8551507,-0.00810886,-0.015893292,2.9285014,0.30166778,-0.0035277235,-0.02320466,2.3490684,3.3750174,2.912139,-0.025713887,-0.009202446,-0.017142035,0.2682503,1.2314396
ATAC_AXIN1,-0.031475425,1.8559096,-0.008098906,-0.015873782,2.9294841,0.3031222,-0.0035038185,-0.023198618,2.3493445,3.3746789,2.9128296,-0.025719723,-0.009225501,-0.017161364,0.27075028,1.2310655
ATAC_AXL,-0.031475425,1.8559096,-0.008098906,-0.015873782,2.9294841,0.3031222,-0.0035038185,-0.023198618,2.3493445,3.3746789,2.9128296,-0.025719723,-0.009225501,-0.017161364,0.27075028,1.2310655
ATAC_B3GLCT,-0.031475425,1.8559096,-0.008098906,-0.015873782,2.9294841,0.3031222,-0.0035038185,-0.023198618,2.3493445,3.3746789,2.9128296,-0.025719723,-0.009225501,-0.017161364,0.27075028,1.2310655
ATAC_B4GALNT3,-0.031475425,1.8559096,-0.008098906,-0.015873782,2.9294841,0.3031222,-0.0035038185,-0.023198618,2.3493445,3.3746789,2.9128296,-0.025719723,-0.009225501,-0.017161364,0.27075028,1.2310655
ATAC_B4GALNT4,-0.025056645,1.4080817,-0.008266316,-0.01753453,2.9541168,0.087179065,-0.0029407025,-0.01757162,2.2793818,3.0951498,2.7463908,-0.019212734,-0.008362729,-0.01843475,0.056422893,1.6515135
ATAC_BAIAP3,-0.031475425,1.8559096,-0.008098906,-0.015873782,2.9294841,0.3031222,-0.0035038185,-0.023198618,2.3493445,3.3746789,2.9128296,-0.025719723,-0.009225501,-0.017161364,0.27075028,1.2310655
ATAC_BAMBI,-0.031475425,1.8559096,-0.008098906,-0.015873782,2.9294841,0.3031222,-0.0035038185,-0.023198618,2.3493445,3.3746789,2.9128296,-0.025719723,-0.009225501,-0.017161364,0.27075028,1.2310655
ATAC_BATF,-0.031475425,1.8559096,-0.008098906,-0.015873782,2.9294841,0.3031222,-0.0035038185,-0.023198618,2.3493445,3.3746789,2.9128296,-0.025719723,-0.009225501,-0.017161364,0.27075028,1.2310655
ATAC_BAZ1B,-0.031475425,1.8559096,-0.008098906,-0.015873782,2.9294841,0.3031222,-0.0035038185,-0.023198618,2.3493445,3.3746789,2.9128296,-0.025719723,-0.009225501,-0.017161364,0.27075028,1.2310655
ATAC_BCAS4,-0.031475425,1.8559096,-0.008098906,-0.015873782,2.9294841,0.3031222,-0.0035038185,-0.023198618,2.3493445,3.3746789,2.9128296,-0.025719723,-0.009225501,-0.017161364,0.27075028,1.2310655
ATAC_BCKDHB,-0.031475425,1.8559096,-0.008098906,-0.015873782,2.9294841,0.3031222,-0.0035038185,-0.023198618,2.3493445,3.3746789,2.9128296,-0.025719723,-0.009225501,-0.017161364,0.27075028,1.2310655
ATAC_BCL2L13,-0.031475425,1.8559096,-0.008098906,-0.015873782,2.9294841,0.3031222,-0.0035038185,-0.023198618,2.3493445,3.3746789,2.9128296,-0.025719723,-0.009225501,-0.017161364,0.27075028,1.2310655
ATAC_BCL6B,-0.031469192,1.8552982,-0.008074602,-0.015858293,2.9279275,0.3052632,-0.0035016362,-0.023206731,2.3471637,3.3723211,2.9134946,-0.025706239,-0.009227169,-0.017154982,0.27185017,1.229245
ATAC_BDP1,-0.031475425,1.8559096,-0.008098906,-0.015873782,2.9294841,0.3031222,-0.0035038185,-0.023198618,2.3493445,3.3746789,2.9128296,-0.025719723,-0.009225501,-0.017161364,0.27075028,1.2310655
ATAC_BEND5,-0.031475425,1.8559096,-0.008098906,-0.015873782,2.9294841,0.3031222,-0.0035038185,-0.023198618,2.3493445,3.3746789,2.9128296,-0.025719723,-0.009225501,-0.017161364,0.27075028,1.2310655
ATAC_BET1,-0.031475425,1.8559096,-0.008098906,-0.015873782,2.9294841,0.3031222,-0.0035038185,-0.023198618,2.3493445,3.3746789,2.9128296,-0.025719723,-0.009225501,-0.017161364,0.27075028,1.2310655
ATAC_BEX2,-0.031480778,1.8563311,-0.008090217,-0.01586424,2.929058,0.30350384,-0.0035124028,-0.023174724,2.3478067,3.37618,2.9114192,-0.025716892,-0.0092306705,-0.017155621,0.27089724,1.2311937
ATAC_BEX3,-0.031475425,1.8559096,-0.008098906,-0.015873782,2.9294841,0.3031222,-0.0035038185,-0.023198618,2.3493445,3.3746789,2.9128296,-0.025719723,-0.009225501,-0.017161364,0.27075028,1.2310655
ATAC_BHLHE40-AS1,-0.031446006,1.8565661,-0.008079412,-0.015891537,2.9312584,0.30523628,-0.0035138552,-0.02320972,2.348716,3.3761027,2.9104512,-0.025697513,-0.009240161,-0.01714692,0.27288628,1.2322782
ATAC_BICDL1,-0.031475425,1.8559096,-0.008098906,-0.015873782,2.9294841,0.3031222,-0.0035038185,-0.023198618,2.3493445,3.3746789,2.9128296,-0.025719723,-0.009225501,-0.017161364,0.27075028,1.2310655
ATAC_BICDL2,-0.031205844,1.9054899,-0.0076075443,-0.016291194,2.871641,0.26477396,-0.003059153,-0.023540948,2.3140776,3.3143666,2.9347296,-0.025496887,-0.009351532,-0.017653702,0.32254335,1.2362149
ATAC_BIN1,-0.031339303,1.8682848,-0.00808809,-0.015901377,2.9096599,0.2619709,-0.0035461145,-0.023308255,2.3491251,3.3380678,2.8859878,-0.025923265,-0.008983571,-0.017267866,0.25151762,1.2417654
ATAC_BIRC7,-0.031475425,1.8559096,-0.008098906,-0.015873782,2.9294841,0.3031222,-0.0035038185,-0.023198618,2.3493445,3.3746789,2.9128296,-0.025719723,-0.009225501,-0.017161364,0.27075028,1.2310655
ATAC_BLNK,-0.031475425,1.8559096,-0.008098906,-0.015873782,2.9294841,0.3031222,-0.0035038185,-0.023198618,2.3493445,3.3746789,2.9128296,-0.025719723,-0.009225501,-0.017161364,0.27075028,1.2310655
ATAC_BMP2,-0.031475425,1.8559096,-0.008098906,-0.015873782,2.9294841,0.3031222,-0.0035038185,-0.023198618,2.3493445,3.3746789,2.9128296,-0.025719723,-0.009225501,-0.017161364,0.27075028,1.2310655
ATAC_BMP3,-0.031475425,1.8559096,-0.008098906,-0.015873782,2.9294841,0.3031222,-0.0035038185,-0.023198618,2.3493445,3.3746789,2.9128296,-0.025719723,-0.009225501,-0.017161364,0.27075028,1.2310655
ATAC_BMPER,-0.031475425,1.8559096,-0.008098906,-0.015873782,2.9294841,0.3031222,-0.0035038185,-0.023198618,2.3493445,3.3746789,2.9128296,-0.025719723,-0.009225501,-0.017161364,0.27075028,1.2310655
ATAC_BMPR1B-DT,-0.031475425,1.8559096,-0.008098906,-0.015873782,2.9294841,0.3031222,-0.0035038185,-0.023198618,2.3493445,3.3746789,2.9128296,-0.025719723,-0.009225501,-0.017161364,0.27075028,1.2310655
ATAC_BNC2,-0.031475425,1.8559096,-0.008098906,-0.015873782,2.9294841,0.3031222,-0.0035038185,-0.023198618,2.3493445,3.3746789,2.9128296,-0.025719723,-0.009225501,-0.017161364,0.27075028,1.2310655
ATAC_BPGM,-0.031475425,1.8559096,-0.008098906,-0.015873782,2.9294841,0.3031222,-0.0035038185,-0.023198618,2.3493445,3.3746789,2.9128296,-0.025719723,-0.009225501,-0.017161364,0.27075028,1.2310655
ATAC_BRDT,-0.031475425,1.8559096,-0.008098906,-0.015873782,2.9294841,0.3031222,-0.0035038185,-0.023198618,2.3493445,3.3746789,2.9128296,-0.025719723,-0.009225501,-0.017161364,0.27075028,1.2310655
ATAC_BRF1,-0.031475425,1.8559096,-0.008098906,-0.015873782,2.9294841,0.3031222,-0.0035038185,-0.023198618,2.3493445,3.3746789,2.9128296,-0.025719723,-0.009225501,-0.017161364,0.27075028,1.2310655
ATAC_BRIX1,-0.031475425,1.8559096,-0.008098906,-0.015873782,2.9294841,0.3031222,-0.0035038185,-0.023198618,2.3493445,3.3746789,2.9128296,-0.025719723,-0.009225501,-0.017161364,0.27075028,1.2310655
ATAC_BRPF1,-0.031666633,1.7828383,-0.008340033,-0.014688535,2.8917937,0.3721151,-0.0039404514,-0.02201431,2.416828,3.2194922,2.8670027,-0.023815589,-0.01058203,-0.015880264,0.122603156,1.1117353
ATAC_BSX,-0.031475425,1.8559096,-0.008098906,-0.015873782,2.9294841,0.3031222,-0.0035038185,-0.023198618,2.3493445,3.3746789,2.9128296,-0.025719723,-0.009225501,-0.017161364,0.27075028,1.2310655
ATAC_BTBD17,-0.031475425,1.8559096,-0.008098906,-0.015873782,2.9294841,0.3031222,-0.0035038185,-0.023198618,2.3493445,3.3746789,2.9128296,-0.025719723,-0.009225501,-0.017161364,0.27075028,1.2310655
ATAC_BTBD6,-0.031475425,1.8559096,-0.008098906,-0.015873782,2.9294841,0.3031222,-0.0035038185,-0.023198618,2.3493445,3.3746789,2.9128296,-0.025719723,-0.009225501,-0.017161364,0.27075028,1.2310655
ATAC_BTBD8,-0.031475425,1.8559096,-0.008098906,-0.015873782,2.9294841,0.3031222,-0.0035038185,-0.023198618,2.3493445,3.3746789,2.9128296,-0.025719723,-0.009225501,-0.017161364,0.27075028,1.2310655
ATAC_BTG3-AS1,-0.031475425,1.8559096,-0.008098906,-0.015873782,2.9294841,0.3031222,-0.0035038185,-0.023198618,2.3493445,3.3746789,2.9128296,-0.025719723,-0.009225501,-0.017161364,0.27075028,1.2310655
ATAC_BTN3A1,-0.031475425,1.8559096,-0.008098906,-0.015873782,2.9294841,0.3031222,-0.0035038185,-0.023198618,2.3493445,3.3746789,2.9128296,-0.025719723,-0.009225501,-0.017161364,0.27075028,1.2310655
ATAC_BTRC,-0.031458575,1.8564616,-0.008108636,-0.015889112,2.9301527,0.30349657,-0.0034956473,-0.023181153,2.3501375,3.3738346,2.9119534,-0.025723262,-0.0092122825,-0.017176848,0.27019,1.231846
ATAC_C10orf95,-0.029400643,1.419648,-0.005707102,-0.022685733,2.1301355,0.30992627,0.2964044,-0.017450092,2.4658988,2.363844,2.174728,-0.024424018,-0.0067052757,-0.014224519,0.0072713047,1.1053827
ATAC_C11orf52,-0.031475425,1.8559096,-0.008098906,-0.015873782,2.9294841,0.3031222,-0.0035038185,-0.023198618,2.3493445,3.3746789,2.9128296,-0.025719723,-0.009225501,-0.017161364,0.27075028,1.2310655
ATAC_C11orf65,-0.031475425,1.8559096,-0.008098906,-0.015873782,2.9294841,0.3031222,-0.0035038185,-0.023198618,2.3493445,3.3746789,2.9128296,-0.025719723,-0.009225501,-0.017161364,0.27075028,1.2310655
ATAC_C12orf42,-0.031475425,1.8559096,-0.008098906,-0.015873782,2.9294841,0.3031222,-0.0035038185,-0.023198618,2.3493445,3.3746789,2.9128296,-0.025719723,-0.009225501,-0.017161364,0.27075028,1.2310655
ATAC_C15orf61,-0.025056645,1.4080817,-0.008266316,-0.01753453,2.9541168,0.087179065,-0.0029407025,-0.01757162,2.2793818,3.0951498,2.7463908,-0.019212734,-0.008362729,-0.01843475,0.056422893,1.6515135
ATAC_C17orf80,-0.031475425,1.8559096,-0.008098906,-0.015873782,2.9294841,0.3031222,-0.0035038185,-0.023198618,2.3493445,3.3746789,2.9128296,-0.025719723,-0.009225501,-0.017161364,0.27075028,1.2310655
ATAC_C17orf99,-0.031475425,1.8559096,-0.008098906,-0.015873782,2.9294841,0.3031222,-0.0035038185,-0.023198618,2.3493445,3.3746789,2.9128296,-0.025719723,-0.009225501,-0.017161364,0.27075028,1.2310655
ATAC_C19orf25,-0.031475425,1.8559096,-0.008098906,-0.015873782,2.9294841,0.3031222,-0.0035038185,-0.023198618,2.3493445,3.3746789,2.9128296,-0.025719723,-0.009225501,-0.017161364,0.27075028,1.2310655
ATAC_C19orf84,-0.031475425,1.8559096,-0.008098906,-0.015873782,2.9294841,0.3031222,-0.0035038185,-0.023198618,2.3493445,3.3746789,2.9128296,-0.025719723,-0.009225501,-0.017161364,0.27075028,1.2310655
ATAC_C1QL4,-0.031475425,1.8559096,-0.008098906,-0.015873782,2.9294841,0.3031222,-0.0035038185,-0.023198618,2.3493445,3.3746789,2.9128296,-0.025719723,-0.009225501,-0.017161364,0.27075028,1.2310655
ATAC_C1QTNF12,-0.031475425,1.8559096,-0.008098906,-0.015873782,2.9294841,0.3031222,-0.0035038185,-0.023198618,2.3493445,3.3746789,2.9128296,-0.025719723,-0.009225501,-0.017161364,0.27075028,1.2310655
ATAC_C1orf141,-0.02865178,2.0470111,-0.00398382,-0.010992918,2.3989716,0.5683776,-0.00034354642,-0.01882079,1.8254774,3.2885199,2.8303719,-0.019622121,-0.0112637235,-0.014684963,0.6694983,0.79910886
ATAC_C1orf159,-0.031475425,1.8559096,-0.008098906,-0.015873782,2.9294841,0.3031222,-0.0035038185,-0.023198618,2.3493445,3.3746789,2.9128296,-0.025719723,-0.009225501,-0.017161364,0.27075028,1.2310655
ATAC_C1orf35,-0.031475425,1.8559096,-0.008098906,-0.015873782,2.9294841,0.3031222,-0.0035038185,-0.023198618,2.3493445,3.3746789,2.9128296,-0.025719723,-0.009225501,-0.017161364,0.27075028,1.2310655
ATAC_C2CD4B,-0.031475425,1.8559096,-0.008098906,-0.015873782,2.9294841,0.3031222,-0.0035038185,-0.023198618,2.3493445,3.3746789,2.9128296,-0.025719723,-0.009225501,-0.017161364,0.27075028,1.2310655
ATAC_C3orf52,-0.031474877,1.8560315,-0.008100419,-0.015875433,2.9293058,0.30324998,-0.0035018818,-0.023199955,2.3492932,3.3744779,2.912816,-0.025718803,-0.009226253,-0.017160803,0.27083796,1.2312182
ATAC_C4BPA,-0.031475425,1.8559096,-0.008098906,-0.015873782,2.9294841,0.3031222,-0.0035038185,-0.023198618,2.3493445,3.3746789,2.9128296,-0.025719723,-0.009225501,-0.017161364,0.27075028,1.2310655
ATAC_C5orf67,-0.030129248,1.9520901,-0.005009821,-0.011832423,2.4111998,0.23097335,-0.0055199433,-0.018829944,2.4718163,3.566083,2.63872,-0.02711471,-0.00565959,-0.018648637,-0.000927481,0.92625374
ATAC_C6orf141,-0.031469192,1.8552982,-0.008074602,-0.015858293,2.9279275,0.3052632,-0.0035016362,-0.023206731,2.3471637,3.3723211,2.9134946,-0.025706239,-0.009227169,-0.017154982,0.27185017,1.229245
ATAC_C7orf31,-0.031469822,1.854997,-0.008106444,-0.015879026,2.9290235,0.30206248,-0.0035053676,-0.0231949,2.3480704,3.3746061,2.9129014,-0.025728822,-0.009222255,-0.017165754,0.27176356,1.2300326
ATAC_CA6,-0.031475425,1.8559096,-0.008098906,-0.015873782,2.9294841,0.3031222,-0.0035038185,-0.023198618,2.3493445,3.3746789,2.9128296,-0.025719723,-0.009225501,-0.017161364,0.27075028,1.2310655
ATAC_CACNA1C-AS1,-0.031475425,1.8559096,-0.008098906,-0.015873782,2.9294841,0.3031222,-0.0035038185,-0.023198618,2.3493445,3.3746789,2.9128296,-0.025719723,-0.009225501,-0.017161364,0.27075028,1.2310655
ATAC_CACNA1H,-0.031475425,1.8559096,-0.008098906,-0.015873782,2.9294841,0.3031222,-0.0035038185,-0.023198618,2.3493445,3.3746789,2.9128296,-0.025719723,-0.009225501,-0.017161364,0.27075028,1.2310655
ATAC_CACNA2D2,-0.031469002,1.8553501,-0.008100709,-0.01588021,2.9299195,0.30333546,-0.0034991305,-0.02319875,2.3499444,3.3742843,2.9126964,-0.025712695,-0.009230786,-0.017164707,0.26992708,1.2311385
ATAC_CADM1,-0.031478506,1.8553385,-0.0081128515,-0.0158729,2.9310913,0.3027985,-0.0035141045,-0.023208523,2.346136,3.3745625,2.9107852,-0.025703715,-0.009239115,-0.017173517,0.27238,1.230591
ATAC_CADM2,-0.031475425,1.8559096,-0.008098906,-0.015873782,2.9294841,0.3031222,-0.0035038185,-0.023198618,2.3493445,3.3746789,2.9128296,-0.025719723,-0.009225501,-0.017161364,0.27075028,1.2310655
ATAC_CALB2,-0.03147517,1.8555561,-0.008099716,-0.015873434,2.929215,0.30332246,-0.0035020171,-0.023201777,2.3488286,3.374197,2.9122941,-0.025724964,-0.009224802,-0.017156124,0.2703023,1.231308
ATAC_CAMTA1-DT,-0.031590853,1.8626393,-0.0073070326,-0.014225706,2.8043349,0.026236514,-0.0019303489,-0.025338355,2.218582,3.1349585,2.852901,-0.024625272,-0.008734765,-0.015460319,0.4613555,1.2112337
ATAC_CAPN12,-0.031475425,1.8559096,-0.008098906,-0.015873782,2.9294841,0.3031222,-0.0035038185,-0.023198618,2.3493445,3.3746789,2.9128296,-0.025719723,-0.009225501,-0.017161364,0.27075028,1.2310655
ATAC_CAPRIN2,-0.031475425,1.8559096,-0.008098906,-0.015873782,2.9294841,0.3031222,-0.0035038185,-0.023198618,2.3493445,3.3746789,2.9128296,-0.025719723,-0.009225501,-0.017161364,0.27075028,1.2310655
ATAC_CARMIL2,-0.031475425,1.8559096,-0.008098906,-0.015873782,2.9294841,0.3031222,-0.0035038185,-0.023198618,2.3493445,3.3746789,2.9128296,-0.025719723,-0.009225501,-0.017161364,0.27075028,1.2310655
ATAC_CARNS1,-0.031475425,1.8559096,-0.008098906,-0.015873782,2.9294841,0.3031222,-0.0035038185,-0.023198618,2.3493445,3.3746789,2.9128296,-0.025719723,-0.009225501,-0.017161364,0.27075028,1.2310655
ATAC_CASKIN1,-0.031407062,1.8539673,-0.008113297,-0.015873212,2.9247952,0.30009767,-0.0034931903,-0.023215732,2.3507512,3.3756182,2.9077888,-0.025676617,-0.009176388,-0.017106673,0.2662375,1.2341269
ATAC_CASP8,-0.031475425,1.8559096,-0.008098906,-0.015873782,2.9294841,0.3031222,-0.0035038185,-0.023198618,2.3493445,3.3746789,2.9128296,-0.025719723,-0.009225501,-0.017161364,0.27075028,1.2310655
ATAC_CASP8AP2,-0.031475425,1.8559096,-0.008098906,-0.015873782,2.9294841,0.3031222,-0.0035038185,-0.023198618,2.3493445,3.3746789,2.9128296,-0.025719723,-0.009225501,-0.017161364,0.27075028,1.2310655
ATAC_CBFB,-0.031473584,1.8558726,-0.008100149,-0.015874755,2.9293447,0.3031933,-0.0035030162,-0.023198988,2.3494174,3.3747728,2.9127731,-0.025720196,-0.009223476,-0.01716082,0.270736,1.2310636
ATAC_CBX4,-0.031475425,1.8559096,-0.008098906,-0.015873782,2.9294841,0.3031222,-0.0035038185,-0.023198618,2.3493445,3.3746789,2.9128296,-0.025719723,-0.009225501,-0.017161364,0.27075028,1.2310655
ATAC_CCDC134,-0.034067426,1.3106023,-0.00875917,-0.019458756,2.7394795,0.20751755,-0.0004804334,-0.024286544,2.1091917,2.858135,2.5351036,-0.023548793,-0.005012946,-0.017471567,0.5044241,1.019564
ATAC_CCDC141,-0.029042615,1.307198,-0.012907376,-0.011162886,2.1797936,0.017672645,-0.004400254,-0.025513977,1.5255251,2.7885387,2.6890678,-0.023448719,-0.012949664,-0.010947382,0.41374564,0.70960885
ATAC_CCDC15-DT,-0.031472757,1.8557072,-0.008094578,-0.015873425,2.9290566,0.3026363,-0.0035026984,-0.023198549,2.3490381,3.3749695,2.912435,-0.025712237,-0.009234702,-0.017166728,0.27025354,1.2313015
ATAC_CCDC158,-0.031467874,1.8566695,-0.008086521,-0.01586074,2.9296646,0.30242714,-0.0035120873,-0.023198945,2.349007,3.37293,2.9140284,-0.025701502,-0.009232426,-0.017166106,0.27152255,1.2314482
ATAC_CCDC171,-0.031475425,1.8559096,-0.008098906,-0.015873782,2.9294841,0.3031222,-0.0035038185,-0.023198618,2.3493445,3.3746789,2.9128296,-0.025719723,-0.009225501,-0.017161364,0.27075028,1.2310655
ATAC_CCDC34,-0.031475425,1.8559096,-0.008098906,-0.015873782,2.9294841,0.3031222,-0.0035038185,-0.023198618,2.3493445,3.3746789,2.9128296,-0.025719723,-0.009225501,-0.017161364,0.27075028,1.2310655
ATAC_CCDC42,-0.031475425,1.8559096,-0.008098906,-0.015873782,2.9294841,0.3031222,-0.0035038185,-0.023198618,2.3493445,3.3746789,2.9128296,-0.025719723,-0.009225501,-0.017161364,0.27075028,1.2310655
ATAC_CCDC62,-0.023446675,1.5057278,-0.010914454,-0.012429237,3.01229,0.7005137,-0.0047432235,-0.021108491,2.3187401,2.5381775,2.3214843,-0.022243306,-0.0067004208,-0.009349378,-0.0020455003,1.5225173
ATAC_CCER2,-0.031475425,1.8559096,-0.008098906,-0.015873782,2.9294841,0.3031222,-0.0035038185,-0.023198618,2.3493445,3.3746789,2.9128296,-0.025719723,-0.009225501,-0.017161364,0.27075028,1.2310655
ATAC_CCKBR,-0.031475425,1.8559096,-0.008098906,-0.015873782,2.9294841,0.3031222,-0.0035038185,-0.023198618,2.3493445,3.3746789,2.9128296,-0.025719723,-0.009225501,-0.017161364,0.27075028,1.2310655
ATAC_CCL22,-0.031666633,1.7828383,-0.008340033,-0.014688535,2.8917937,0.3721151,-0.0039404514,-0.02201431,2.416828,3.2194922,2.8670027,-0.023815589,-0.01058203,-0.015880264,0.122603156,1.1117353
ATAC_CCL3,-0.031478506,1.8553385,-0.0081128515,-0.0158729,2.9310913,0.3027985,-0.0035141045,-0.023208523,2.346136,3.3745625,2.9107852,-0.025703715,-0.009239115,-0.017173517,0.27238,1.230591
ATAC_CCL4,-0.026801094,1.9635823,-0.0050175968,-0.019113362,2.3194375,0.40429926,-6.0457063e-05,-0.016353551,2.7063785,2.8792105,2.5543191,-0.026574897,-0.010913961,-0.01393463,-0.002243994,1.3196925
ATAC_CCL4L2,-0.031475425,1.8559096,-0.008098906,-0.015873782,2.9294841,0.3031222,-0.0035038185,-0.023198618,2.3493445,3.3746789,2.9128296,-0.025719723,-0.009225501,-0.017161364,0.27075028,1.2310655
ATAC_CCL5,-0.031475425,1.8559096,-0.008098906,-0.015873782,2.9294841,0.3031222,-0.0035038185,-0.023198618,2.3493445,3.3746789,2.9128296,-0.025719723,-0.009225501,-0.017161364,0.27075028,1.2310655
ATAC_CCND2,-0.031475425,1.8559096,-0.008098906,-0.015873782,2.9294841,0.3031222,-0.0035038185,-0.023198618,2.3493445,3.3746789,2.9128296,-0.025719723,-0.009225501,-0.017161364,0.27075028,1.2310655
ATAC_CCNI2,-0.031475425,1.8559096,-0.008098906,-0.015873782,2.9294841,0.3031222,-0.0035038185,-0.023198618,2.3493445,3.3746789,2.9128296,-0.025719723,-0.009225501,-0.017161364,0.27075028,1.2310655
ATAC_CCR6,-0.031475425,1.8559096,-0.008098906,-0.015873782,2.9294841,0.3031222,-0.0035038185,-0.023198618,2.3493445,3.3746789,2.9128296,-0.025719723,-0.009225501,-0.017161364,0.27075028,1.2310655
ATAC_CCSER1,-0.031205844,1.9054899,-0.0076075443,-0.016291194,2.871641,0.26477396,-0.003059153,-0.023540948,2.3140776,3.3143666,2.9347296,-0.025496887,-0.009351532,-0.017653702,0.32254335,1.2362149
ATAC_CD160,-0.031475425,1.8559096,-0.008098906,-0.015873782,2.9294841,0.3031222,-0.0035038185,-0.023198618,2.3493445,3.3746789,2.9128296,-0.025719723,-0.009225501,-0.017161364,0.27075028,1.2310655
ATAC_CD200R1L,-0.031475425,1.8559096,-0.008098906,-0.015873782,2.9294841,0.3031222,-0.0035038185,-0.023198618,2.3493445,3.3746789,2.9128296,-0.025719723,-0.009225501,-0.017161364,0.27075028,1.2310655
ATAC_CD226,-0.031473584,1.8558726,-0.008100149,-0.015874755,2.9293447,0.3031933,-0.0035030162,-0.023198988,2.3494174,3.3747728,2.9127731,-0.025720196,-0.009223476,-0.01716082,0.270736,1.2310636
ATAC_CD28,-0.031475425,1.8559096,-0.008098906,-0.015873782,2.9294841,0.3031222,-0.0035038185,-0.023198618,2.3493445,3.3746789,2.9128296,-0.025719723,-0.009225501,-0.017161364,0.27075028,1.2310655
ATAC_CD320,-0.031475425,1.8559096,-0.008098906,-0.015873782,2.9294841,0.3031222,-0.0035038185,-0.023198618,2.3493445,3.3746789,2.9128296,-0.025719723,-0.009225501,-0.017161364,0.27075028,1.2310655
ATAC_CD38,-0.03148851,1.8555251,-0.008089539,-0.015888762,2.9283044,0.30149278,-0.0034893644,-0.023200795,2.3504481,3.372928,2.911487,-0.025720734,-0.009238552,-0.017152917,0.27027613,1.2320583
ATAC_CD40LG,-0.031469822,1.854997,-0.008106444,-0.015879026,2.9290235,0.30206248,-0.0035053676,-0.0231949,2.3480704,3.3746061,2.9129014,-0.025728822,-0.009222255,-0.017165754,0.27176356,1.2300326
ATAC_CD5L,-0.031475425,1.8559096,-0.008098906,-0.015873782,2.9294841,0.3031222,-0.0035038185,-0.023198618,2.3493445,3.3746789,2.9128296,-0.025719723,-0.009225501,-0.017161364,0.27075028,1.2310655
ATAC_CD7,-0.031475425,1.8559096,-0.008098906,-0.015873782,2.9294841,0.3031222,-0.0035038185,-0.023198618,2.3493445,3.3746789,2.9128296,-0.025719723,-0.009225501,-0.017161364,0.27075028,1.2310655
ATAC_CD79A,-0.031475425,1.8559096,-0.008098906,-0.015873782,2.9294841,0.3031222,-0.0035038185,-0.023198618,2.3493445,3.3746789,2.9128296,-0.025719723,-0.009225501,-0.017161364,0.27075028,1.2310655
ATAC_CD8A,-0.031475425,1.8559096,-0.008098906,-0.015873782,2.9294841,0.3031222,-0.0035038185,-0.023198618,2.3493445,3.3746789,2.9128296,-0.025719723,-0.009225501,-0.017161364,0.27075028,1.2310655
ATAC_CDC14B,-0.031475425,1.8559096,-0.008098906,-0.015873782,2.9294841,0.3031222,-0.0035038185,-0.023198618,2.3493445,3.3746789,2.9128296,-0.025719723,-0.009225501,-0.017161364,0.27075028,1.2310655
ATAC_CDC25C,-0.031475425,1.8559096,-0.008098906,-0.015873782,2.9294841,0.3031222,-0.0035038185,-0.023198618,2.3493445,3.3746789,2.9128296,-0.025719723,-0.009225501,-0.017161364,0.27075028,1.2310655
ATAC_CDC42-AS1,-0.031475425,1.8559096,-0.008098906,-0.015873782,2.9294841,0.3031222,-0.0035038185,-0.023198618,2.3493445,3.3746789,2.9128296,-0.025719723,-0.009225501,-0.017161364,0.27075028,1.2310655
ATAC_CDH2,-0.031475425,1.8559096,-0.008098906,-0.015873782,2.9294841,0.3031222,-0.0035038185,-0.023198618,2.3493445,3.3746789,2.9128296,-0.025719723,-0.009225501,-0.017161364,0.27075028,1.2310655
ATAC_CDHR1,-0.031205844,1.9054899,-0.0076075443,-0.016291194,2.871641,0.26477396,-0.003059153,-0.023540948,2.3140776,3.3143666,2.9347296,-0.025496887,-0.009351532,-0.017653702,0.32254335,1.2362149
ATAC_CDHR3,-0.025056645,1.4080817,-0.008266316,-0.01753453,2.9541168,0.087179065,-0.0029407025,-0.01757162,2.2793818,3.0951498,2.7463908,-0.019212734,-0.008362729,-0.01843475,0.056422893,1.6515135
ATAC_CDK5RAP2,-0.031475425,1.8559096,-0.008098906,-0.015873782,2.9294841,0.3031222,-0.0035038185,-0.023198618,2.3493445,3.3746789,2.9128296,-0.025719723,-0.009225501,-0.017161364,0.27075028,1.2310655
ATAC_CDK9,-0.031475425,1.8559096,-0.008098906,-0.015873782,2.9294841,0.3031222,-0.0035038185,-0.023198618,2.3493445,3.3746789,2.9128296,-0.025719723,-0.009225501,-0.017161364,0.27075028,1.2310655
ATAC_CDKN1C,-0.03147575,1.8558457,-0.008096901,-0.015873168,2.9293013,0.30331364,-0.0035046015,-0.02319632,2.349423,3.374781,2.9129534,-0.025719766,-0.009226859,-0.017161522,0.27079147,1.230874
ATAC_CDO1,-0.031475425,1.8559096,-0.008098906,-0.015873782,2.9294841,0.3031222,-0.0035038185,-0.023198618,2.3493445,3.3746789,2.9128296,-0.025719723,-0.009225501,-0.017161364,0.27075028,1.2310655
ATAC_CEACAM21,-0.031475425,1.8559096,-0.008098906,-0.015873782,2.9294841,0.3031222,-0.0035038185,-0.023198618,2.3493445,3.3746789,2.9128296,-0.025719723,-0.009225501,-0.017161364,0.27075028,1.2310655
ATAC_CEBPD,-0.031475425,1.8559096,-0.008098906,-0.015873782,2.9294841,0.3031222,-0.0035038185,-0.023198618,2.3493445,3.3746789,2.9128296,-0.025719723,-0.009225501,-0.017161364,0.27075028,1.2310655
ATAC_CELF5,-0.031475425,1.8559096,-0.008098906,-0.015873782,2.9294841,0.3031222,-0.0035038185,-0.023198618,2.3493445,3.3746789,2.9128296,-0.025719723,-0.009225501,-0.017161364,0.27075028,1.2310655
ATAC_CENPM,-0.031474877,1.8560315,-0.008100419,-0.015875433,2.9293058,0.30324998,-0.0035018818,-0.023199955,2.3492932,3.3744779,2.912816,-0.025718803,-0.009226253,-0.017160803,0.27083796,1.2312182
ATAC_CENPV,-0.031475425,1.8559096,-0.008098906,-0.015873782,2.9294841,0.3031222,-0.0035038185,-0.023198618,2.3493445,3.3746789,2.9128296,-0.025719723,-0.009225501,-0.017161364,0.27075028,1.2310655
ATAC_CEP126,-0.031475425,1.8559096,-0.008098906,-0.015873782,2.9294841,0.3031222,-0.0035038185,-0.023198618,2.3493445,3.3746789,2.9128296,-0.025719723,-0.009225501,-0.017161364,0.27075028,1.2310655
ATAC_CEP128,-0.031475425,1.8559096,-0.008098906,-0.015873782,2.9294841,0.3031222,-0.0035038185,-0.023198618,2.3493445,3.3746789,2.9128296,-0.025719723,-0.009225501,-0.017161364,0.27075028,1.2310655
ATAC_CEP19,-0.031475425,1.8559096,-0.008098906,-0.015873782,2.9294841,0.3031222,-0.0035038185,-0.023198618,2.3493445,3.3746789,2.9128296,-0.025719723,-0.009225501,-0.017161364,0.27075028,1.2310655
ATAC_CEP295,-0.031475425,1.8559096,-0.008098906,-0.015873782,2.9294841,0.3031222,-0.0035038185,-0.023198618,2.3493445,3.3746789,2.9128296,-0.025719723,-0.009225501,-0.017161364,0.27075028,1.2310655
ATAC_CEP70,-0.031475425,1.8559096,-0.008098906,-0.015873782,2.9294841,0.3031222,-0.0035038185,-0.023198618,2.3493445,3.3746789,2.9128296,-0.025719723,-0.009225501,-0.017161364,0.27075028,1.2310655
ATAC_CEP97,-0.031486593,1.8557979,-0.008106825,-0.015863566,2.9289782,0.3028724,-0.0035075753,-0.02319874,2.3491552,3.3740227,2.911998,-0.025714202,-0.009230822,-0.017164828,0.26972646,1.2306191
ATAC_CERCAM,-0.031475425,1.8559096,-0.008098906,-0.015873782,2.9294841,0.3031222,-0.0035038185,-0.023198618,2.3493445,3.3746789,2.9128296,-0.025719723,-0.009225501,-0.017161364,0.27075028,1.2310655
ATAC_CERNA1,-0.031475425,1.8559096,-0.008098906,-0.015873782,2.9294841,0.3031222,-0.0035038185,-0.023198618,2.3493445,3.3746789,2.9128296,-0.025719723,-0.009225501,-0.017161364,0.27075028,1.2310655
ATAC_CFAP36,-0.031475425,1.8559096,-0.008098906,-0.015873782,2.9294841,0.3031222,-0.0035038185,-0.023198618,2.3493445,3.3746789,2.9128296,-0.025719723,-0.009225501,-0.017161364,0.27075028,1.2310655
ATAC_CFAP44,-0.023446675,1.5057278,-0.010914454,-0.012429237,3.01229,0.7005137,-0.0047432235,-0.021108491,2.3187401,2.5381775,2.3214843,-0.022243306,-0.0067004208,-0.009349378,-0.0020455003,1.5225173
ATAC_CFAP61,-0.031475425,1.8559096,-0.008098906,-0.015873782,2.9294841,0.3031222,-0.0035038185,-0.023198618,2.3493445,3.3746789,2.9128296,-0.025719723,-0.009225501,-0.017161364,0.27075028,1.2310655
ATAC_CFAP70,-0.031475425,1.8559096,-0.008098906,-0.015873782,2.9294841,0.3031222,-0.0035038185,-0.023198618,2.3493445,3.3746789,2.9128296,-0.025719723,-0.009225501,-0.017161364,0.27075028,1.2310655
ATAC_CFAP74,-0.031475425,1.8559096,-0.008098906,-0.015873782,2.9294841,0.3031222,-0.0035038185,-0.023198618,2.3493445,3.3746789,2.9128296,-0.025719723,-0.009225501,-0.017161364,0.27075028,1.2310655
ATAC_CFAP97,-0.031475425,1.8559096,-0.008098906,-0.015873782,2.9294841,0.3031222,-0.0035038185,-0.023198618,2.3493445,3.3746789,2.9128296,-0.025719723,-0.009225501,-0.017161364,0.27075028,1.2310655
ATAC_CFAP97D2,-0.031475425,1.8559096,-0.008098906,-0.015873782,2.9294841,0.3031222,-0.0035038185,-0.023198618,2.3493445,3.3746789,2.9128296,-0.025719723,-0.009225501,-0.017161364,0.27075028,1.2310655
ATAC_CFB,-0.031475425,1.8559096,-0.008098906,-0.015873782,2.9294841,0.3031222,-0.0035038185,-0.023198618,2.3493445,3.3746789,2.9128296,-0.025719723,-0.009225501,-0.017161364,0.27075028,1.2310655
ATAC_CHAC1,-0.031473584,1.8558726,-0.008100149,-0.015874755,2.9293447,0.3031933,-0.0035030162,-0.023198988,2.3494174,3.3747728,2.9127731,-0.025720196,-0.009223476,-0.01716082,0.270736,1.2310636
ATAC_CHD7,-0.031475425,1.8559096,-0.008098906,-0.015873782,2.9294841,0.3031222,-0.0035038185,-0.023198618,2.3493445,3.3746789,2.9128296,-0.025719723,-0.009225501,-0.017161364,0.27075028,1.2310655
ATAC_CHI3L2,-0.031475425,1.8559096,-0.008098906,-0.015873782,2.9294841,0.3031222,-0.0035038185,-0.023198618,2.3493445,3.3746789,2.9128296,-0.025719723,-0.009225501,-0.017161364,0.27075028,1.2310655
ATAC_CHODL,-0.031475425,1.8559096,-0.008098906,-0.015873782,2.9294841,0.3031222,-0.0035038185,-0.023198618,2.3493445,3.3746789,2.9128296,-0.025719723,-0.009225501,-0.017161364,0.27075028,1.2310655
ATAC_CHRNA1,-0.030792687,1.7494881,-0.0027444735,-0.013259403,2.9306023,-0.001019368,-0.0021434242,-0.021285726,2.1149755,3.490083,2.6580083,-0.025158081,-0.008455642,-0.01830693,0.5219057,1.3110136
ATAC_CHRNA9,-0.031475425,1.8559096,-0.008098906,-0.015873782,2.9294841,0.3031222,-0.0035038185,-0.023198618,2.3493445,3.3746789,2.9128296,-0.025719723,-0.009225501,-0.017161364,0.27075028,1.2310655
ATAC_CHST10,-0.031475425,1.8559096,-0.008098906,-0.015873782,2.9294841,0.3031222,-0.0035038185,-0.023198618,2.3493445,3.3746789,2.9128296,-0.025719723,-0.009225501,-0.017161364,0.27075028,1.2310655
ATAC_CHST12,-0.031475425,1.8559096,-0.008098906,-0.015873782,2.9294841,0.3031222,-0.0035038185,-0.023198618,2.3493445,3.3746789,2.9128296,-0.025719723,-0.009225501,-0.017161364,0.27075028,1.2310655
ATAC_CHTF18,-0.03166479,1.7828014,-0.008341276,-0.014689507,2.8916543,0.3721862,-0.0039396496,-0.022014681,2.4169009,3.2195861,2.8669462,-0.02381606,-0.010580005,-0.01587972,0.12258888,1.1117334
ATAC_CISH,-0.031469002,1.8553501,-0.008100709,-0.01588021,2.9299195,0.30333546,-0.0034991305,-0.02319875,2.3499444,3.3742843,2.9126964,-0.025712695,-0.009230786,-0.017164707,0.26992708,1.2311385
ATAC_CKAP2L,-0.031475425,1.8559096,-0.008098906,-0.015873782,2.9294841,0.3031222,-0.0035038185,-0.023198618,2.3493445,3.3746789,2.9128296,-0.025719723,-0.009225501,-0.017161364,0.27075028,1.2310655
ATAC_CKMT2,-0.031469822,1.854997,-0.008106444,-0.015879026,2.9290235,0.30206248,-0.0035053676,-0.0231949,2.3480704,3.3746061,2.9129014,-0.025728822,-0.009222255,-0.017165754,0.27176356,1.2300326
ATAC_CLDN16,-0.031475425,1.8559096,-0.008098906,-0.015873782,2.9294841,0.3031222,-0.0035038185,-0.023198618,2.3493445,3.3746789,2.9128296,-0.025719723,-0.009225501,-0.017161364,0.27075028,1.2310655
ATAC_CLDN23,-0.031475425,1.8559096,-0.008098906,-0.015873782,2.9294841,0.3031222,-0.0035038185,-0.023198618,2.3493445,3.3746789,2.9128296,-0.025719723,-0.009225501,-0.017161364,0.27075028,1.2310655
ATAC_CLEC2L,-0.031475425,1.8559096,-0.008098906,-0.015873782,2.9294841,0.3031222,-0.0035038185,-0.023198618,2.3493445,3.3746789,2.9128296,-0.025719723,-0.009225501,-0.017161364,0.27075028,1.2310655
ATAC_CLIC3,-0.031475425,1.8559096,-0.008098906,-0.015873782,2.9294841,0.3031222,-0.0035038185,-0.023198618,2.3493445,3.3746789,2.9128296,-0.025719723,-0.009225501,-0.017161364,0.27075028,1.2310655
ATAC_CLIC6,-0.031475425,1.8559096,-0.008098906,-0.015873782,2.9294841,0.3031222,-0.0035038185,-0.023198618,2.3493445,3.3746789,2.9128296,-0.025719723,-0.009225501,-0.017161364,0.27075028,1.2310655
ATAC_CLSTN1,-0.031465635,1.8570362,-0.008113194,-0.015855499,2.9299557,0.30276975,-0.0035122966,-0.023202628,2.3477943,3.3744884,2.9130175,-0.025719332,-0.009239676,-0.017143922,0.26992935,1.2290561
ATAC_CLU,-0.031205844,1.9054899,-0.0076075443,-0.016291194,2.871641,0.26477396,-0.003059153,-0.023540948,2.3140776,3.3143666,2.9347296,-0.025496887,-0.009351532,-0.017653702,0.32254335,1.2362149
ATAC_CLUAP1,-0.031475425,1.8559096,-0.008098906,-0.015873782,2.9294841,0.3031222,-0.0035038185,-0.023198618,2.3493445,3.3746789,2.9128296,-0.025719723,-0.009225501,-0.017161364,0.27075028,1.2310655
ATAC_CLYBL,-0.031478506,1.8553385,-0.0081128515,-0.0158729,2.9310913,0.3027985,-0.0035141045,-0.023208523,2.346136,3.3745625,2.9107852,-0.025703715,-0.009239115,-0.017173517,0.27238,1.230591
ATAC_CMSS1,-0.031475425,1.8559096,-0.008098906,-0.015873782,2.9294841,0.3031222,-0.0035038185,-0.023198618,2.3493445,3.3746789,2.9128296,-0.025719723,-0.009225501,-0.017161364,0.27075028,1.2310655
ATAC_CNIH3,-0.031475425,1.8559096,-0.008098906,-0.015873782,2.9294841,0.3031222,-0.0035038185,-0.023198618,2.3493445,3.3746789,2.9128296,-0.025719723,-0.009225501,-0.017161364,0.27075028,1.2310655
ATAC_CNR2,-0.031475425,1.8559096,-0.008098906,-0.015873782,2.9294841,0.3031222,-0.0035038185,-0.023198618,2.3493445,3.3746789,2.9128296,-0.025719723,-0.009225501,-0.017161364,0.27075028,1.2310655
ATAC_COG6,-0.031475425,1.8559096,-0.008098906,-0.015873782,2.9294841,0.3031222,-0.0035038185,-0.023198618,2.3493445,3.3746789,2.9128296,-0.025719723,-0.009225501,-0.017161364,0.27075028,1.2310655
ATAC_COIL,-0.025056645,1.4080817,-0.008266316,-0.01753453,2.9541168,0.087179065,-0.0029407025,-0.01757162,2.2793818,3.0951498,2.7463908,-0.019212734,-0.008362729,-0.01843475,0.056422893,1.6515135
ATAC_COL12A1,-0.031475425,1.8559096,-0.008098906,-0.015873782,2.9294841,0.3031222,-0.0035038185,-0.023198618,2.3493445,3.3746789,2.9128296,-0.025719723,-0.009225501,-0.017161364,0.27075028,1.2310655
ATAC_COLGALT2,-0.031475425,1.8559096,-0.008098906,-0.015873782,2.9294841,0.3031222,-0.0035038185,-0.023198618,2.3493445,3.3746789,2.9128296,-0.025719723,-0.009225501,-0.017161364,0.27075028,1.2310655
ATAC_COLQ,-0.031475425,1.8559096,-0.008098906,-0.015873782,2.9294841,0.3031222,-0.0035038185,-0.023198618,2.3493445,3.3746789,2.9128296,-0.025719723,-0.009225501,-0.017161364,0.27075028,1.2310655
ATAC_COMP,-0.031475425,1.8559096,-0.008098906,-0.015873782,2.9294841,0.3031222,-0.0035038185,-0.023198618,2.3493445,3.3746789,2.9128296,-0.025719723,-0.009225501,-0.017161364,0.27075028,1.2310655
ATAC_CORO2A,-0.031475425,1.8559096,-0.008098906,-0.015873782,2.9294841,0.3031222,-0.0035038185,-0.023198618,2.3493445,3.3746789,2.9128296,-0.025719723,-0.009225501,-0.017161364,0.27075028,1.2310655
ATAC_CPLX2,-0.034074977,1.3098423,-0.0087715555,-0.0194718,2.739299,0.2082126,-0.00047216503,-0.024286218,2.1095293,2.8598838,2.533905,-0.023567013,-0.0050060214,-0.017466825,0.5036518,1.0191813
ATAC_CPLX3,-0.031475425,1.8559096,-0.008098906,-0.015873782,2.9294841,0.3031222,-0.0035038185,-0.023198618,2.3493445,3.3746789,2.9128296,-0.025719723,-0.009225501,-0.017161364,0.27075028,1.2310655
ATAC_CPNE5,-0.031475425,1.8559096,-0.008098906,-0.015873782,2.9294841,0.3031222,-0.0035038185,-0.023198618,2.3493445,3.3746789,2.9128296,-0.025719723,-0.009225501,-0.017161364,0.27075028,1.2310655
ATAC_CPNE6,-0.031475425,1.8559096,-0.008098906,-0.015873782,2.9294841,0.3031222,-0.0035038185,-0.023198618,2.3493445,3.3746789,2.9128296,-0.025719723,-0.009225501,-0.017161364,0.27075028,1.2310655
ATAC_CPT1B,-0.031475425,1.8559096,-0.008098906,-0.015873782,2.9294841,0.3031222,-0.0035038185,-0.023198618,2.3493445,3.3746789,2.9128296,-0.025719723,-0.009225501,-0.017161364,0.27075028,1.2310655
ATAC_CPVL,-0.031475425,1.8559096,-0.008098906,-0.015873782,2.9294841,0.3031222,-0.0035038185,-0.023198618,2.3493445,3.3746789,2.9128296,-0.025719723,-0.009225501,-0.017161364,0.27075028,1.2310655
ATAC_CR2,-0.031475425,1.8559096,-0.008098906,-0.015873782,2.9294841,0.3031222,-0.0035038185,-0.023198618,2.3493445,3.3746789,2.9128296,-0.025719723,-0.009225501,-0.017161364,0.27075028,1.2310655
ATAC_CRADD,-0.031339303,1.8682848,-0.00808809,-0.015901377,2.9096599,0.2619709,-0.0035461145,-0.023308255,2.3491251,3.3380678,2.8859878,-0.025923265,-0.008983571,-0.017267866,0.25151762,1.2417654
ATAC_CREB5,-0.031469822,1.854997,-0.008106444,-0.015879026,2.9290235,0.30206248,-0.0035053676,-0.0231949,2.3480704,3.3746061,2.9129014,-0.025728822,-0.009222255,-0.017165754,0.27176356,1.2300326
ATAC_CRHR1,-0.031475425,1.8559096,-0.008098906,-0.015873782,2.9294841,0.3031222,-0.0035038185,-0.023198618,2.3493445,3.3746789,2.9128296,-0.025719723,-0.009225501,-0.017161364,0.27075028,1.2310655
ATAC_CRIM1-DT,-0.031475425,1.8559096,-0.008098906,-0.015873782,2.9294841,0.3031222,-0.0035038185,-0.023198618,2.3493445,3.3746789,2.9128296,-0.025719723,-0.009225501,-0.017161364,0.27075028,1.2310655
ATAC_CRIP2,-0.031475425,1.8559096,-0.008098906,-0.015873782,2.9294841,0.3031222,-0.0035038185,-0.023198618,2.3493445,3.3746789,2.9128296,-0.025719723,-0.009225501,-0.017161364,0.27075028,1.2310655
ATAC_CRISPLD1,-0.031475425,1.8559096,-0.008098906,-0.015873782,2.9294841,0.3031222,-0.0035038185,-0.023198618,2.3493445,3.3746789,2.9128296,-0.025719723,-0.009225501,-0.017161364,0.27075028,1.2310655
ATAC_CRTAM,-0.031666633,1.7828383,-0.008340033,-0.014688535,2.8917937,0.3721151,-0.0039404514,-0.02201431,2.416828,3.2194922,2.8670027,-0.023815589,-0.01058203,-0.015880264,0.122603156,1.1117353
ATAC_CRTC1,-0.031475425,1.8559096,-0.008098906,-0.015873782,2.9294841,0.3031222,-0.0035038185,-0.023198618,2.3493445,3.3746789,2.9128296,-0.025719723,-0.009225501,-0.017161364,0.27075028,1.2310655
ATAC_CRYBB1,-0.031475425,1.8559096,-0.008098906,-0.015873782,2.9294841,0.3031222,-0.0035038185,-0.023198618,2.3493445,3.3746789,2.9128296,-0.025719723,-0.009225501,-0.017161364,0.27075028,1.2310655
ATAC_CSF3R,-0.031475425,1.8559096,-0.008098906,-0.015873782,2.9294841,0.3031222,-0.0035038185,-0.023198618,2.3493445,3.3746789,2.9128296,-0.025719723,-0.009225501,-0.017161364,0.27075028,1.2310655
ATAC_CSRNP2,-0.031478506,1.8553385,-0.0081128515,-0.0158729,2.9310913,0.3027985,-0.0035141045,-0.023208523,2.346136,3.3745625,2.9107852,-0.025703715,-0.009239115,-0.017173517,0.27238,1.230591
ATAC_CST7,-0.031475425,1.8559096,-0.008098906,-0.015873782,2.9294841,0.3031222,-0.0035038185,-0.023198618,2.3493445,3.3746789,2.9128296,-0.025719723,-0.009225501,-0.017161364,0.27075028,1.2310655
ATAC_CSTF3-DT,-0.031475425,1.8559096,-0.008098906,-0.015873782,2.9294841,0.3031222,-0.0035038185,-0.023198618,2.3493445,3.3746789,2.9128296,-0.025719723,-0.009225501,-0.017161364,0.27075028,1.2310655
ATAC_CT70,-0.031475425,1.8559096,-0.008098906,-0.015873782,2.9294841,0.3031222,-0.0035038185,-0.023198618,2.3493445,3.3746789,2.9128296,-0.025719723,-0.009225501,-0.017161364,0.27075028,1.2310655
ATAC_CTH,-0.031474877,1.8560315,-0.008100419,-0.015875433,2.9293058,0.30324998,-0.0035018818,-0.023199955,2.3492932,3.3744779,2.912816,-0.025718803,-0.009226253,-0.017160803,0.27083796,1.2312182
ATAC_CTLA4,-0.031480778,1.8563311,-0.008090217,-0.01586424,2.929058,0.30350384,-0.0035124028,-0.023174724,2.3478067,3.37618,2.9114192,-0.025716892,-0.0092306705,-0.017155621,0.27089724,1.2311937
ATAC_CTNND2,-0.031472757,1.8557072,-0.008094578,-0.015873425,2.9290566,0.3026363,-0.0035026984,-0.023198549,2.3490381,3.3749695,2.912435,-0.025712237,-0.009234702,-0.017166728,0.27025354,1.2313015
ATAC_CTRB1,-0.031475425,1.8559096,-0.008098906,-0.015873782,2.9294841,0.3031222,-0.0035038185,-0.023198618,2.3493445,3.3746789,2.9128296,-0.025719723,-0.009225501,-0.017161364,0.27075028,1.2310655
ATAC_CTSW,-0.031339303,1.8682848,-0.00808809,-0.015901377,2.9096599,0.2619709,-0.0035461145,-0.023308255,2.3491251,3.3380678,2.8859878,-0.025923265,-0.008983571,-0.017267866,0.25151762,1.2417654
ATAC_CUBN,-0.031475425,1.8559096,-0.008098906,-0.015873782,2.9294841,0.3031222,-0.0035038185,-0.023198618,2.3493445,3.3746789,2.9128296,-0.025719723,-0.009225501,-0.017161364,0.27075028,1.2310655
ATAC_CWF19L1,-0.031475425,1.8559096,-0.008098906,-0.015873782,2.9294841,0.3031222,-0.0035038185,-0.023198618,2.3493445,3.3746789,2.9128296,-0.025719723,-0.009225501,-0.017161364,0.27075028,1.2310655
ATAC_CXCL10,-0.031475425,1.8559096,-0.008098906,-0.015873782,2.9294841,0.3031222,-0.0035038185,-0.023198618,2.3493445,3.3746789,2.9128296,-0.025719723,-0.009225501,-0.017161364,0.27075028,1.2310655
ATAC_CXCL3,-0.031475425,1.8559096,-0.008098906,-0.015873782,2.9294841,0.3031222,-0.0035038185,-0.023198618,2.3493445,3.3746789,2.9128296,-0.025719723,-0.009225501,-0.017161364,0.27075028,1.2310655
ATAC_CXCL8,-0.031475425,1.8559096,-0.008098906,-0.015873782,2.9294841,0.3031222,-0.0035038185,-0.023198618,2.3493445,3.3746789,2.9128296,-0.025719723,-0.009225501,-0.017161364,0.27075028,1.2310655
ATAC_CXCR5,-0.031475425,1.8559096,-0.008098906,-0.015873782,2.9294841,0.3031222,-0.0035038185,-0.023198618,2.3493445,3.3746789,2.9128296,-0.025719723,-0.009225501,-0.017161364,0.27075028,1.2310655
ATAC_CXXC4,-0.031475425,1.8559096,-0.008098906,-0.015873782,2.9294841,0.3031222,-0.0035038185,-0.023198618,2.3493445,3.3746789,2.9128296,-0.025719723,-0.009225501,-0.017161364,0.27075028,1.2310655
ATAC_CYB561D1,-0.031475425,1.8559096,-0.008098906,-0.015873782,2.9294841,0.3031222,-0.0035038185,-0.023198618,2.3493445,3.3746789,2.9128296,-0.025719723,-0.009225501,-0.017161364,0.27075028,1.2310655
ATAC_CYP4F22,-0.031475425,1.8559096,-0.008098906,-0.015873782,2.9294841,0.3031222,-0.0035038185,-0.023198618,2.3493445,3.3746789,2.9128296,-0.025719723,-0.009225501,-0.017161364,0.27075028,1.2310655
ATAC_CYP51A1-AS1,-0.031475425,1.8559096,-0.008098906,-0.015873782,2.9294841,0.3031222,-0.0035038185,-0.023198618,2.3493445,3.3746789,2.9128296,-0.025719723,-0.009225501,-0.017161364,0.27075028,1.2310655
ATAC_D2HGDH,-0.031475425,1.8559096,-0.008098906,-0.015873782,2.9294841,0.3031222,-0.0035038185,-0.023198618,2.3493445,3.3746789,2.9128296,-0.025719723,-0.009225501,-0.017161364,0.27075028,1.2310655
ATAC_DAPK2,-0.031475425,1.8559096,-0.008098906,-0.015873782,2.9294841,0.3031222,-0.0035038185,-0.023198618,2.3493445,3.3746789,2.9128296,-0.025719723,-0.009225501,-0.017161364,0.27075028,1.2310655
ATAC_DBN1,-0.031475425,1.8559096,-0.008098906,-0.015873782,2.9294841,0.3031222,-0.0035038185,-0.023198618,2.3493445,3.3746789,2.9128296,-0.025719723,-0.009225501,-0.017161364,0.27075028,1.2310655
ATAC_DCAF10,-0.031475425,1.8559096,-0.008098906,-0.015873782,2.9294841,0.3031222,-0.0035038185,-0.023198618,2.3493445,3.3746789,2.9128296,-0.025719723,-0.009225501,-0.017161364,0.27075028,1.2310655
ATAC_DCAKD,-0.031475425,1.8559096,-0.008098906,-0.015873782,2.9294841,0.3031222,-0.0035038185,-0.023198618,2.3493445,3.3746789,2.9128296,-0.025719723,-0.009225501,-0.017161364,0.27075028,1.2310655
ATAC_DCDC2,-0.031475425,1.8559096,-0.008098906,-0.015873782,2.9294841,0.3031222,-0.0035038185,-0.023198618,2.3493445,3.3746789,2.9128296,-0.025719723,-0.009225501,-0.017161364,0.27075028,1.2310655
ATAC_DCLK3,-0.031475425,1.8559096,-0.008098906,-0.015873782,2.9294841,0.3031222,-0.0035038185,-0.023198618,2.3493445,3.3746789,2.9128296,-0.025719723,-0.009225501,-0.017161364,0.27075028,1.2310655
ATAC_DDB2,-0.031475425,1.8559096,-0.008098906,-0.015873782,2.9294841,0.3031222,-0.0035038185,-0.023198618,2.3493445,3.3746789,2.9128296,-0.025719723,-0.009225501,-0.017161364,0.27075028,1.2310655
ATAC_DDX50,-0.023446675,1.5057278,-0.010914454,-0.012429237,3.01229,0.7005137,-0.0047432235,-0.021108491,2.3187401,2.5381775,2.3214843,-0.022243306,-0.0067004208,-0.009349378,-0.0020455003,1.5225173
ATAC_DENND1C,-0.031469002,1.8553501,-0.008100709,-0.01588021,2.9299195,0.30333546,-0.0034991305,-0.02319875,2.3499444,3.3742843,2.9126964,-0.025712695,-0.009230786,-0.017164707,0.26992708,1.2311385
ATAC_DENND2C,-0.023446675,1.5057278,-0.010914454,-0.012429237,3.01229,0.7005137,-0.0047432235,-0.021108491,2.3187401,2.5381775,2.3214843,-0.022243306,-0.0067004208,-0.009349378,-0.0020455003,1.5225173
ATAC_DENND2D,-0.023445642,1.5049689,-0.010924408,-0.012448745,3.0113072,0.6990593,-0.0047671287,-0.021114532,2.318464,2.5385163,2.3207936,-0.02223747,-0.006677366,-0.009330047,-0.0020705003,1.5228914
ATAC_DENND6A-DT,-0.031475425,1.8559096,-0.008098906,-0.015873782,2.9294841,0.3031222,-0.0035038185,-0.023198618,2.3493445,3.3746789,2.9128296,-0.025719723,-0.009225501,-0.017161364,0.27075028,1.2310655
ATAC_DGCR8,-0.031475425,1.8559096,-0.008098906,-0.015873782,2.9294841,0.3031222,-0.0035038185,-0.023198618,2.3493445,3.3746789,2.9128296,-0.025719723,-0.009225501,-0.017161364,0.27075028,1.2310655
ATAC_DGKH,-0.031475425,1.8559096,-0.008098906,-0.015873782,2.9294841,0.3031222,-0.0035038185,-0.023198618,2.3493445,3.3746789,2.9128296,-0.025719723,-0.009225501,-0.017161364,0.27075028,1.2310655
ATAC_DHDH,-0.031475425,1.8559096,-0.008098906,-0.015873782,2.9294841,0.3031222,-0.0035038185,-0.023198618,2.3493445,3.3746789,2.9128296,-0.025719723,-0.009225501,-0.017161364,0.27075028,1.2310655
ATAC_DHH,-0.031475425,1.8559096,-0.008098906,-0.015873782,2.9294841,0.3031222,-0.0035038185,-0.023198618,2.3493445,3.3746789,2.9128296,-0.025719723,-0.009225501,-0.017161364,0.27075028,1.2310655
ATAC_DHX16,-0.031475425,1.8559096,-0.008098906,-0.015873782,2.9294841,0.3031222,-0.0035038185,-0.023198618,2.3493445,3.3746789,2.9128296,-0.025719723,-0.009225501,-0.017161364,0.27075028,1.2310655
ATAC_DHX30,-0.031475425,1.8559096,-0.008098906,-0.015873782,2.9294841,0.3031222,-0.0035038185,-0.023198618,2.3493445,3.3746789,2.9128296,-0.025719723,-0.009225501,-0.017161364,0.27075028,1.2310655
ATAC_DIAPH3,-0.031458575,1.8564616,-0.008108636,-0.015889112,2.9301527,0.30349657,-0.0034956473,-0.023181153,2.3501375,3.3738346,2.9119534,-0.025723262,-0.0092122825,-0.017176848,0.27019,1.231846
ATAC_DIP2C,-0.031475425,1.8559096,-0.008098906,-0.015873782,2.9294841,0.3031222,-0.0035038185,-0.023198618,2.3493445,3.3746789,2.9128296,-0.025719723,-0.009225501,-0.017161364,0.27075028,1.2310655
ATAC_DIRC3,-0.031475425,1.8559096,-0.008098906,-0.015873782,2.9294841,0.3031222,-0.0035038185,-0.023198618,2.3493445,3.3746789,2.9128296,-0.025719723,-0.009225501,-0.017161364,0.27075028,1.2310655
ATAC_DISP1,-0.031475425,1.8559096,-0.008098906,-0.015873782,2.9294841,0.3031222,-0.0035038185,-0.023198618,2.3493445,3.3746789,2.9128296,-0.025719723,-0.009225501,-0.017161364,0.27075028,1.2310655
ATAC_DISP3,-0.031475425,1.8559096,-0.008098906,-0.015873782,2.9294841,0.3031222,-0.0035038185,-0.023198618,2.3493445,3.3746789,2.9128296,-0.025719723,-0.009225501,-0.017161364,0.27075028,1.2310655
ATAC_DLEU7,-0.031475425,1.8559096,-0.008098906,-0.015873782,2.9294841,0.3031222,-0.0035038185,-0.023198618,2.3493445,3.3746789,2.9128296,-0.025719723,-0.009225501,-0.017161364,0.27075028,1.2310655
ATAC_DLG1-AS1,-0.031475425,1.8559096,-0.008098906,-0.015873782,2.9294841,0.3031222,-0.0035038185,-0.023198618,2.3493445,3.3746789,2.9128296,-0.025719723,-0.009225501,-0.017161364,0.27075028,1.2310655
ATAC_DLGAP1-AS1,-0.031475425,1.8559096,-0.008098906,-0.015873782,2.9294841,0.3031222,-0.0035038185,-0.023198618,2.3493445,3.3746789,2.9128296,-0.025719723,-0.009225501,-0.017161364,0.27075028,1.2310655
ATAC_DLL3,-0.026801094,1.9635823,-0.0050175968,-0.019113362,2.3194375,0.40429926,-6.0457063e-05,-0.016353551,2.7063785,2.8792105,2.5543191,-0.026574897,-0.010913961,-0.01393463,-0.002243994,1.3196925
ATAC_DLX2-DT,-0.031475425,1.8559096,-0.008098906,-0.015873782,2.9294841,0.3031222,-0.0035038185,-0.023198618,2.3493445,3.3746789,2.9128296,-0.025719723,-0.009225501,-0.017161364,0.27075028,1.2310655
ATAC_DNAAF2,-0.031475425,1.8559096,-0.008098906,-0.015873782,2.9294841,0.3031222,-0.0035038185,-0.023198618,2.3493445,3.3746789,2.9128296,-0.025719723,-0.009225501,-0.017161364,0.27075028,1.2310655
ATAC_DNAH5,-0.031475425,1.8559096,-0.008098906,-0.015873782,2.9294841,0.3031222,-0.0035038185,-0.023198618,2.3493445,3.3746789,2.9128296,-0.025719723,-0.009225501,-0.017161364,0.27075028,1.2310655
ATAC_DNAH6,-0.031475425,1.8559096,-0.008098906,-0.015873782,2.9294841,0.3031222,-0.0035038185,-0.023198618,2.3493445,3.3746789,2.9128296,-0.025719723,-0.009225501,-0.017161364,0.27075028,1.2310655
ATAC_DNAH7,-0.031475425,1.8559096,-0.008098906,-0.015873782,2.9294841,0.3031222,-0.0035038185,-0.023198618,2.3493445,3.3746789,2.9128296,-0.025719723,-0.009225501,-0.017161364,0.27075028,1.2310655
ATAC_DNAJC18,-0.031475425,1.8559096,-0.008098906,-0.015873782,2.9294841,0.3031222,-0.0035038185,-0.023198618,2.3493445,3.3746789,2.9128296,-0.025719723,-0.009225501,-0.017161364,0.27075028,1.2310655
ATAC_DNAJC22,-0.031475425,1.8559096,-0.008098906,-0.015873782,2.9294841,0.3031222,-0.0035038185,-0.023198618,2.3493445,3.3746789,2.9128296,-0.025719723,-0.009225501,-0.017161364,0.27075028,1.2310655
ATAC_DNAJC24,-0.031458575,1.8564616,-0.008108636,-0.015889112,2.9301527,0.30349657,-0.0034956473,-0.023181153,2.3501375,3.3738346,2.9119534,-0.025723262,-0.0092122825,-0.017176848,0.27019,1.231846
ATAC_DNAJC28,-0.03147575,1.8558457,-0.008096901,-0.015873168,2.9293013,0.30331364,-0.0035046015,-0.02319632,2.349423,3.374781,2.9129534,-0.025719766,-0.009226859,-0.017161522,0.27079147,1.230874
ATAC_DNAJC3-DT,-0.031473584,1.8558726,-0.008100149,-0.015874755,2.9293447,0.3031933,-0.0035030162,-0.023198988,2.3494174,3.3747728,2.9127731,-0.025720196,-0.009223476,-0.01716082,0.270736,1.2310636
ATAC_DNAJC6,-0.029042615,1.307198,-0.012907376,-0.011162886,2.1797936,0.017672645,-0.004400254,-0.025513977,1.5255251,2.7885387,2.6890678,-0.023448719,-0.012949664,-0.010947382,0.41374564,0.70960885
ATAC_DNMT3A,-0.031475425,1.8559096,-0.008098906,-0.015873782,2.9294841,0.3031222,-0.0035038185,-0.023198618,2.3493445,3.3746789,2.9128296,-0.025719723,-0.009225501,-0.017161364,0.27075028,1.2310655
ATAC_DPEP1,-0.031475425,1.8559096,-0.008098906,-0.015873782,2.9294841,0.3031222,-0.0035038185,-0.023198618,2.3493445,3.3746789,2.9128296,-0.025719723,-0.009225501,-0.017161364,0.27075028,1.2310655
ATAC_DPH7,-0.031475425,1.8559096,-0.008098906,-0.015873782,2.9294841,0.3031222,-0.0035038185,-0.023198618,2.3493445,3.3746789,2.9128296,-0.025719723,-0.009225501,-0.017161364,0.27075028,1.2310655
ATAC_DRC7,-0.031475425,1.8559096,-0.008098906,-0.015873782,2.9294841,0.3031222,-0.0035038185,-0.023198618,2.3493445,3.3746789,2.9128296,-0.025719723,-0.009225501,-0.017161364,0.27075028,1.2310655
ATAC_DSCAML1,-0.031475425,1.8559096,-0.008098906,-0.015873782,2.9294841,0.3031222,-0.0035038185,-0.023198618,2.3493445,3.3746789,2.9128296,-0.025719723,-0.009225501,-0.017161364,0.27075028,1.2310655
ATAC_DTD1,-0.027136836,1.8240168,-0.009266311,-0.014416294,2.9998238,0.6189444,-0.0077284756,-0.023865225,1.8066359,3.3279731,2.5685408,-0.024335403,-0.005698275,-0.019432481,0.5677488,0.8374876
ATAC_DTHD1,-0.031475425,1.8559096,-0.008098906,-0.015873782,2.9294841,0.3031222,-0.0035038185,-0.023198618,2.3493445,3.3746789,2.9128296,-0.025719723,-0.009225501,-0.017161364,0.27075028,1.2310655
ATAC_DTNB,-0.031475425,1.8559096,-0.008098906,-0.015873782,2.9294841,0.3031222,-0.0035038185,-0.023198618,2.3493445,3.3746789,2.9128296,-0.025719723,-0.009225501,-0.017161364,0.27075028,1.2310655
ATAC_DTX3,-0.031475425,1.8559096,-0.008098906,-0.015873782,2.9294841,0.3031222,-0.0035038185,-0.023198618,2.3493445,3.3746789,2.9128296,-0.025719723,-0.009225501,-0.017161364,0.27075028,1.2310655
ATAC_DUSP16,-0.031475425,1.8559096,-0.008098906,-0.015873782,2.9294841,0.3031222,-0.0035038185,-0.023198618,2.3493445,3.3746789,2.9128296,-0.025719723,-0.009225501,-0.017161364,0.27075028,1.2310655
ATAC_DUSP19,-0.031475425,1.8559096,-0.008098906,-0.015873782,2.9294841,0.3031222,-0.0035038185,-0.023198618,2.3493445,3.3746789,2.9128296,-0.025719723,-0.009225501,-0.017161364,0.27075028,1.2310655
ATAC_DVL1,-0.031475425,1.8559096,-0.008098906,-0.015873782,2.9294841,0.3031222,-0.0035038185,-0.023198618,2.3493445,3.3746789,2.9128296,-0.025719723,-0.009225501,-0.017161364,0.27075028,1.2310655
ATAC_DYNC2H1,-0.031475425,1.8559096,-0.008098906,-0.015873782,2.9294841,0.3031222,-0.0035038185,-0.023198618,2.3493445,3.3746789,2.9128296,-0.025719723,-0.009225501,-0.017161364,0.27075028,1.2310655
ATAC_DYNLRB2,-0.031475425,1.8559096,-0.008098906,-0.015873782,2.9294841,0.3031222,-0.0035038185,-0.023198618,2.3493445,3.3746789,2.9128296,-0.025719723,-0.009225501,-0.017161364,0.27075028,1.2310655
ATAC_DZIP3,-0.031475425,1.8559096,-0.008098906,-0.015873782,2.9294841,0.3031222,-0.0035038185,-0.023198618,2.3493445,3.3746789,2.9128296,-0.025719723,-0.009225501,-0.017161364,0.27075028,1.2310655
ATAC_E4F1,-0.031475425,1.8559096,-0.008098906,-0.015873782,2.9294841,0.3031222,-0.0035038185,-0.023198618,2.3493445,3.3746789,2.9128296,-0.025719723,-0.009225501,-0.017161364,0.27075028,1.2310655
ATAC_EBF1,-0.031475425,1.8559096,-0.008098906,-0.015873782,2.9294841,0.3031222,-0.0035038185,-0.023198618,2.3493445,3.3746789,2.9128296,-0.025719723,-0.009225501,-0.017161364,0.27075028,1.2310655
ATAC_EBF2,-0.031475425,1.8559096,-0.008098906,-0.015873782,2.9294841,0.3031222,-0.0035038185,-0.023198618,2.3493445,3.3746789,2.9128296,-0.025719723,-0.009225501,-0.017161364,0.27075028,1.2310655
ATAC_EBF3,-0.031475425,1.8559096,-0.008098906,-0.015873782,2.9294841,0.3031222,-0.0035038185,-0.023198618,2.3493445,3.3746789,2.9128296,-0.025719723,-0.009225501,-0.017161364,0.27075028,1.2310655
ATAC_EDA,-0.031475425,1.8559096,-0.008098906,-0.015873782,2.9294841,0.3031222,-0.0035038185,-0.023198618,2.3493445,3.3746789,2.9128296,-0.025719723,-0.009225501,-0.017161364,0.27075028,1.2310655
ATAC_EDAR,-0.031475425,1.8559096,-0.008098906,-0.015873782,2.9294841,0.3031222,-0.0035038185,-0.023198618,2.3493445,3.3746789,2.9128296,-0.025719723,-0.009225501,-0.017161364,0.27075028,1.2310655
ATAC_EDN2,-0.031475425,1.8559096,-0.008098906,-0.015873782,2.9294841,0.3031222,-0.0035038185,-0.023198618,2.3493445,3.3746789,2.9128296,-0.025719723,-0.009225501,-0.017161364,0.27075028,1.2310655
ATAC_EEF1AKMT1,-0.031475425,1.8559096,-0.008098906,-0.015873782,2.9294841,0.3031222,-0.0035038185,-0.023198618,2.3493445,3.3746789,2.9128296,-0.025719723,-0.009225501,-0.017161364,0.27075028,1.2310655
ATAC_EFHD1,-0.031475425,1.8559096,-0.008098906,-0.015873782,2.9294841,0.3031222,-0.0035038185,-0.023198618,2.3493445,3.3746789,2.9128296,-0.025719723,-0.009225501,-0.017161364,0.27075028,1.2310655
ATAC_EFNA5,-0.031475425,1.8559096,-0.008098906,-0.015873782,2.9294841,0.3031222,-0.0035038185,-0.023198618,2.3493445,3.3746789,2.9128296,-0.025719723,-0.009225501,-0.017161364,0.27075028,1.2310655
ATAC_EIF1B-AS1,-0.031475425,1.8559096,-0.008098906,-0.015873782,2.9294841,0.3031222,-0.0035038185,-0.023198618,2.3493445,3.3746789,2.9128296,-0.025719723,-0.009225501,-0.017161364,0.27075028,1.2310655
ATAC_EIF2AK3-DT,-0.031475425,1.8559096,-0.008098906,-0.015873782,2.9294841,0.3031222,-0.0035038185,-0.023198618,2.3493445,3.3746789,2.9128296,-0.025719723,-0.009225501,-0.017161364,0.27075028,1.2310655
ATAC_EIF3J-DT,-0.031469002,1.8553501,-0.008100709,-0.01588021,2.9299195,0.30333546,-0.0034991305,-0.02319875,2.3499444,3.3742843,2.9126964,-0.025712695,-0.009230786,-0.017164707,0.26992708,1.2311385
ATAC_ELOVL2-AS1,-0.031475425,1.8559096,-0.008098906,-0.015873782,2.9294841,0.3031222,-0.0035038185,-0.023198618,2.3493445,3.3746789,2.9128296,-0.025719723,-0.009225501,-0.017161364,0.27075028,1.2310655
ATAC_ELP1,-0.025056645,1.4080817,-0.008266316,-0.01753453,2.9541168,0.087179065,-0.0029407025,-0.01757162,2.2793818,3.0951498,2.7463908,-0.019212734,-0.008362729,-0.01843475,0.056422893,1.6515135
ATAC_EML2,-0.023446675,1.5057278,-0.010914454,-0.012429237,3.01229,0.7005137,-0.0047432235,-0.021108491,2.3187401,2.5381775,2.3214843,-0.022243306,-0.0067004208,-0.009349378,-0.0020455003,1.5225173
ATAC_EML5,-0.031475425,1.8559096,-0.008098906,-0.015873782,2.9294841,0.3031222,-0.0035038185,-0.023198618,2.3493445,3.3746789,2.9128296,-0.025719723,-0.009225501,-0.017161364,0.27075028,1.2310655
ATAC_ENGASE,-0.031205844,1.9054899,-0.0076075443,-0.016291194,2.871641,0.26477396,-0.003059153,-0.023540948,2.3140776,3.3143666,2.9347296,-0.025496887,-0.009351532,-0.017653702,0.32254335,1.2362149
ATAC_ENO1-AS1,-0.031474393,1.8551507,-0.00810886,-0.015893292,2.9285014,0.30166778,-0.0035277235,-0.02320466,2.3490684,3.3750174,2.912139,-0.025713887,-0.009202446,-0.017142035,0.2682503,1.2314396
ATAC_ENO2,-0.031475425,1.8559096,-0.008098906,-0.015873782,2.9294841,0.3031222,-0.0035038185,-0.023198618,2.3493445,3.3746789,2.9128296,-0.025719723,-0.009225501,-0.017161364,0.27075028,1.2310655
ATAC_ENOSF1,-0.031465635,1.8570362,-0.008113194,-0.015855499,2.9299557,0.30276975,-0.0035122966,-0.023202628,2.3477943,3.3744884,2.9130175,-0.025719332,-0.009239676,-0.017143922,0.26992935,1.2290561
ATAC_ENPP1,-0.031475425,1.8559096,-0.008098906,-0.015873782,2.9294841,0.3031222,-0.0035038185,-0.023198618,2.3493445,3.3746789,2.9128296,-0.025719723,-0.009225501,-0.017161364,0.27075028,1.2310655
ATAC_EOMES,-0.031475425,1.8559096,-0.008098906,-0.015873782,2.9294841,0.3031222,-0.0035038185,-0.023198618,2.3493445,3.3746789,2.9128296,-0.025719723,-0.009225501,-0.017161364,0.27075028,1.2310655
ATAC_EPB41L5,-0.031475425,1.8559096,-0.008098906,-0.015873782,2.9294841,0.3031222,-0.0035038185,-0.023198618,2.3493445,3.3746789,2.9128296,-0.025719723,-0.009225501,-0.017161364,0.27075028,1.2310655
ATAC_EPHA1-AS1,-0.031475425,1.8559096,-0.008098906,-0.015873782,2.9294841,0.3031222,-0.0035038185,-0.023198618,2.3493445,3.3746789,2.9128296,-0.025719723,-0.009225501,-0.017161364,0.27075028,1.2310655
ATAC_EPHA4,-0.031475425,1.8559096,-0.008098906,-0.015873782,2.9294841,0.3031222,-0.0035038185,-0.023198618,2.3493445,3.3746789,2.9128296,-0.025719723,-0.009225501,-0.017161364,0.27075028,1.2310655
ATAC_EPHA6,-0.031475425,1.8559096,-0.008098906,-0.015873782,2.9294841,0.3031222,-0.0035038185,-0.023198618,2.3493445,3.3746789,2.9128296,-0.025719723,-0.009225501,-0.017161364,0.27075028,1.2310655
ATAC_EPHA7,-0.031475425,1.8559096,-0.008098906,-0.015873782,2.9294841,0.3031222,-0.0035038185,-0.023198618,2.3493445,3.3746789,2.9128296,-0.025719723,-0.009225501,-0.017161364,0.27075028,1.2310655
ATAC_EPHX2,-0.028515657,2.0593863,-0.003973004,-0.011020512,2.379147,0.5272263,-0.0003858426,-0.018930428,1.8252578,3.2519088,2.80353,-0.019825663,-0.011021793,-0.014791464,0.65026563,0.8098087
ATAC_ERAP2,-0.034074977,1.3098423,-0.0087715555,-0.0194718,2.739299,0.2082126,-0.00047216503,-0.024286218,2.1095293,2.8598838,2.533905,-0.023567013,-0.0050060214,-0.017466825,0.5036518,1.0191813
ATAC_ERBB2,-0.026800059,1.9628234,-0.0050275507,-0.019132871,2.3184547,0.40284485,-8.4362175e-05,-0.016359592,2.7061024,2.879549,2.5536284,-0.026569061,-0.010890906,-0.0139153,-0.002268994,1.3200666
ATAC_ERCC5,-0.031475425,1.8559096,-0.008098906,-0.015873782,2.9294841,0.3031222,-0.0035038185,-0.023198618,2.3493445,3.3746789,2.9128296,-0.025719723,-0.009225501,-0.017161364,0.27075028,1.2310655
ATAC_ERCC6L,-0.031478506,1.8553385,-0.0081128515,-0.0158729,2.9310913,0.3027985,-0.0035141045,-0.023208523,2.346136,3.3745625,2.9107852,-0.025703715,-0.009239115,-0.017173517,0.27238,1.230591
ATAC_EREG,-0.031475425,1.8559096,-0.008098906,-0.015873782,2.9294841,0.3031222,-0.0035038185,-0.023198618,2.3493445,3.3746789,2.9128296,-0.025719723,-0.009225501,-0.017161364,0.27075028,1.2310655
ATAC_ERFE,-0.029042615,1.307198,-0.012907376,-0.011162886,2.1797936,0.017672645,-0.004400254,-0.025513977,1.5255251,2.7885387,2.6890678,-0.023448719,-0.012949664,-0.010947382,0.41374564,0.70960885
ATAC_ERICH6-AS1,-0.031469822,1.854997,-0.008106444,-0.015879026,2.9290235,0.30206248,-0.0035053676,-0.0231949,2.3480704,3.3746061,2.9129014,-0.025728822,-0.009222255,-0.017165754,0.27176356,1.2300326
ATAC_ERLEC1,-0.031475425,1.8559096,-0.008098906,-0.015873782,2.9294841,0.3031222,-0.0035038185,-0.023198618,2.3493445,3.3746789,2.9128296,-0.025719723,-0.009225501,-0.017161364,0.27075028,1.2310655
ATAC_ERP27,-0.031475425,1.8559096,-0.008098906,-0.015873782,2.9294841,0.3031222,-0.0035038185,-0.023198618,2.3493445,3.3746789,2.9128296,-0.025719723,-0.009225501,-0.017161364,0.27075028,1.2310655
ATAC_ESR2,-0.031475425,1.8559096,-0.008098906,-0.015873782,2.9294841,0.3031222,-0.0035038185,-0.023198618,2.3493445,3.3746789,2.9128296,-0.025719723,-0.009225501,-0.017161364,0.27075028,1.2310655
ATAC_ETFBKMT,-0.031475425,1.8559096,-0.008098906,-0.015873782,2.9294841,0.3031222,-0.0035038185,-0.023198618,2.3493445,3.3746789,2.9128296,-0.025719723,-0.009225501,-0.017161364,0.27075028,1.2310655
ATAC_ETNPPL,-0.031475425,1.8559096,-0.008098906,-0.015873782,2.9294841,0.3031222,-0.0035038185,-0.023198618,2.3493445,3.3746789,2.9128296,-0.025719723,-0.009225501,-0.017161364,0.27075028,1.2310655
ATAC_EVA1C,-0.03012549,1.9517332,-0.005015952,-0.011839208,2.4120626,0.23167251,-0.0055163745,-0.018830147,2.4727228,3.5653977,2.6389813,-0.027115168,-0.0056556743,-0.018646618,-0.0009307461,0.92609066
ATAC_EWSAT1,-0.03012436,1.9530526,-0.005001764,-0.011819739,2.4118078,0.2307642,-0.005529332,-0.01883034,2.4717853,3.5640435,2.6403134,-0.027103977,-0.0056573143,-0.018648015,-0.00091479055,0.9264004
ATAC_EXPH5,-0.031475425,1.8559096,-0.008098906,-0.015873782,2.9294841,0.3031222,-0.0035038185,-0.023198618,2.3493445,3.3746789,2.9128296,-0.025719723,-0.009225501,-0.017161364,0.27075028,1.2310655
ATAC_EZR-AS1,-0.031475425,1.8559096,-0.008098906,-0.015873782,2.9294841,0.3031222,-0.0035038185,-0.023198618,2.3493445,3.3746789,2.9128296,-0.025719723,-0.009225501,-0.017161364,0.27075028,1.2310655
ATAC_F12,-0.031475425,1.8559096,-0.008098906,-0.015873782,2.9294841,0.3031222,-0.0035038185,-0.023198618,2.3493445,3.3746789,2.9128296,-0.025719723,-0.009225501,-0.017161364,0.27075028,1.2310655
ATAC_F2R,-0.031475425,1.8559096,-0.008098906,-0.015873782,2.9294841,0.3031222,-0.0035038185,-0.023198618,2.3493445,3.3746789,2.9128296,-0.025719723,-0.009225501,-0.017161364,0.27075028,1.2310655
ATAC_FAAH2,-0.031475425,1.8559096,-0.008098906,-0.015873782,2.9294841,0.3031222,-0.0035038185,-0.023198618,2.3493445,3.3746789,2.9128296,-0.025719723,-0.009225501,-0.017161364,0.27075028,1.2310655
ATAC_FAAP100,-0.031475425,1.8559096,-0.008098906,-0.015873782,2.9294841,0.3031222,-0.0035038185,-0.023198618,2.3493445,3.3746789,2.9128296,-0.025719723,-0.009225501,-0.017161364,0.27075028,1.2310655
ATAC_FAAP24,-0.031475425,1.8559096,-0.008098906,-0.015873782,2.9294841,0.3031222,-0.0035038185,-0.023198618,2.3493445,3.3746789,2.9128296,-0.025719723,-0.009225501,-0.017161364,0.27075028,1.2310655
ATAC_FABP12,-0.031475425,1.8559096,-0.008098906,-0.015873782,2.9294841,0.3031222,-0.0035038185,-0.023198618,2.3493445,3.3746789,2.9128296,-0.025719723,-0.009225501,-0.017161364,0.27075028,1.2310655
ATAC_FADS3,-0.031475425,1.8559096,-0.008098906,-0.015873782,2.9294841,0.3031222,-0.0035038185,-0.023198618,2.3493445,3.3746789,2.9128296,-0.025719723,-0.009225501,-0.017161364,0.27075028,1.2310655
ATAC_FAHD2B,-0.03147517,1.8555561,-0.008099716,-0.015873434,2.929215,0.30332246,-0.0035020171,-0.023201777,2.3488286,3.374197,2.9122941,-0.025724964,-0.009224802,-0.017156124,0.2703023,1.231308
ATAC_FALEC,-0.031475425,1.8559096,-0.008098906,-0.015873782,2.9294841,0.3031222,-0.0035038185,-0.023198618,2.3493445,3.3746789,2.9128296,-0.025719723,-0.009225501,-0.017161364,0.27075028,1.2310655
ATAC_FAM110D,-0.031473584,1.8558726,-0.008100149,-0.015874755,2.9293447,0.3031933,-0.0035030162,-0.023198988,2.3494174,3.3747728,2.9127731,-0.025720196,-0.009223476,-0.01716082,0.270736,1.2310636
ATAC_FAM161B,-0.031475425,1.8559096,-0.008098906,-0.015873782,2.9294841,0.3031222,-0.0035038185,-0.023198618,2.3493445,3.3746789,2.9128296,-0.025719723,-0.009225501,-0.017161364,0.27075028,1.2310655
ATAC_FAM166B,-0.031475425,1.8559096,-0.008098906,-0.015873782,2.9294841,0.3031222,-0.0035038185,-0.023198618,2.3493445,3.3746789,2.9128296,-0.025719723,-0.009225501,-0.017161364,0.27075028,1.2310655
ATAC_FAM166C,-0.031475425,1.8559096,-0.008098906,-0.015873782,2.9294841,0.3031222,-0.0035038185,-0.023198618,2.3493445,3.3746789,2.9128296,-0.025719723,-0.009225501,-0.017161364,0.27075028,1.2310655
ATAC_FAM170B,-0.031475425,1.8559096,-0.008098906,-0.015873782,2.9294841,0.3031222,-0.0035038185,-0.023198618,2.3493445,3.3746789,2.9128296,-0.025719723,-0.009225501,-0.017161364,0.27075028,1.2310655
ATAC_FAM182A,-0.031480778,1.8563311,-0.008090217,-0.01586424,2.929058,0.30350384,-0.0035124028,-0.023174724,2.3478067,3.37618,2.9114192,-0.025716892,-0.0092306705,-0.017155621,0.27089724,1.2311937
ATAC_FAM184A,-0.031475425,1.8559096,-0.008098906,-0.015873782,2.9294841,0.3031222,-0.0035038185,-0.023198618,2.3493445,3.3746789,2.9128296,-0.025719723,-0.009225501,-0.017161364,0.27075028,1.2310655
ATAC_FAM185A,-0.030131914,1.9522926,-0.0050141495,-0.01183278,2.4116273,0.23145925,-0.005521063,-0.018830013,2.472123,3.5657923,2.6391146,-0.027122196,-0.005650389,-0.018643273,-0.0009225135,0.9260177
ATAC_FAM222B,-0.031475425,1.8559096,-0.008098906,-0.015873782,2.9294841,0.3031222,-0.0035038185,-0.023198618,2.3493445,3.3746789,2.9128296,-0.025719723,-0.009225501,-0.017161364,0.27075028,1.2310655
ATAC_FAM227B,-0.031475425,1.8559096,-0.008098906,-0.015873782,2.9294841,0.3031222,-0.0035038185,-0.023198618,2.3493445,3.3746789,2.9128296,-0.025719723,-0.009225501,-0.017161364,0.27075028,1.2310655
ATAC_FAM43A,-0.031475425,1.8559096,-0.008098906,-0.015873782,2.9294841,0.3031222,-0.0035038185,-0.023198618,2.3493445,3.3746789,2.9128296,-0.025719723,-0.009225501,-0.017161364,0.27075028,1.2310655
ATAC_FAM83D,-0.031475425,1.8559096,-0.008098906,-0.015873782,2.9294841,0.3031222,-0.0035038185,-0.023198618,2.3493445,3.3746789,2.9128296,-0.025719723,-0.009225501,-0.017161364,0.27075028,1.2310655
ATAC_FAM86B2,-0.02505022,1.4075222,-0.008268118,-0.017540958,2.954552,0.08739233,-0.0029360144,-0.017571753,2.2799816,3.0947552,2.7462575,-0.019205706,-0.008368013,-0.018438093,0.055599693,1.6515864
ATAC_FANK1,-0.027128732,1.8248987,-0.009255438,-0.014404899,2.999826,0.61837715,-0.007734808,-0.023866888,1.8062468,3.3260233,2.569726,-0.024316259,-0.0057059517,-0.019436665,0.56860876,0.8380229
ATAC_FASLG,-0.031475425,1.8559096,-0.008098906,-0.015873782,2.9294841,0.3031222,-0.0035038185,-0.023198618,2.3493445,3.3746789,2.9128296,-0.025719723,-0.009225501,-0.017161364,0.27075028,1.2310655
ATAC_FAT4,-0.031475425,1.8559096,-0.008098906,-0.015873782,2.9294841,0.3031222,-0.0035038185,-0.023198618,2.3493445,3.3746789,2.9128296,-0.025719723,-0.009225501,-0.017161364,0.27075028,1.2310655
ATAC_FBF1,-0.031475425,1.8559096,-0.008098906,-0.015873782,2.9294841,0.3031222,-0.0035038185,-0.023198618,2.3493445,3.3746789,2.9128296,-0.025719723,-0.009225501,-0.017161364,0.27075028,1.2310655
ATAC_FBXO16,-0.031475425,1.8559096,-0.008098906,-0.015873782,2.9294841,0.3031222,-0.0035038185,-0.023198618,2.3493445,3.3746789,2.9128296,-0.025719723,-0.009225501,-0.017161364,0.27075028,1.2310655
ATAC_FBXO32,-0.031475425,1.8559096,-0.008098906,-0.015873782,2.9294841,0.3031222,-0.0035038185,-0.023198618,2.3493445,3.3746789,2.9128296,-0.025719723,-0.009225501,-0.017161364,0.27075028,1.2310655
ATAC_FBXW4,-0.031475425,1.8559096,-0.008098906,-0.015873782,2.9294841,0.3031222,-0.0035038185,-0.023198618,2.3493445,3.3746789,2.9128296,-0.025719723,-0.009225501,-0.017161364,0.27075028,1.2310655
ATAC_FBXW5,-0.031475425,1.8559096,-0.008098906,-0.015873782,2.9294841,0.3031222,-0.0035038185,-0.023198618,2.3493445,3.3746789,2.9128296,-0.025719723,-0.009225501,-0.017161364,0.27075028,1.2310655
ATAC_FCER1A,-0.031475425,1.8559096,-0.008098906,-0.015873782,2.9294841,0.3031222,-0.0035038185,-0.023198618,2.3493445,3.3746789,2.9128296,-0.025719723,-0.009225501,-0.017161364,0.27075028,1.2310655
ATAC_FCER2,-0.031475425,1.8559096,-0.008098906,-0.015873782,2.9294841,0.3031222,-0.0035038185,-0.023198618,2.3493445,3.3746789,2.9128296,-0.025719723,-0.009225501,-0.017161364,0.27075028,1.2310655
ATAC_FCF1,-0.031475425,1.8559096,-0.008098906,-0.015873782,2.9294841,0.3031222,-0.0035038185,-0.023198618,2.3493445,3.3746789,2.9128296,-0.025719723,-0.009225501,-0.017161364,0.27075028,1.2310655
ATAC_FCGR3A,-0.031475425,1.8559096,-0.008098906,-0.015873782,2.9294841,0.3031222,-0.0035038185,-0.023198618,2.3493445,3.3746789,2.9128296,-0.025719723,-0.009225501,-0.017161364,0.27075028,1.2310655
ATAC_FCMR,-0.031475425,1.8559096,-0.008098906,-0.015873782,2.9294841,0.3031222,-0.0035038185,-0.023198618,2.3493445,3.3746789,2.9128296,-0.025719723,-0.009225501,-0.017161364,0.27075028,1.2310655
ATAC_FCN1,-0.031475425,1.8559096,-0.008098906,-0.015873782,2.9294841,0.3031222,-0.0035038185,-0.023198618,2.3493445,3.3746789,2.9128296,-0.025719723,-0.009225501,-0.017161364,0.27075028,1.2310655
ATAC_FCRL1,-0.031475425,1.8559096,-0.008098906,-0.015873782,2.9294841,0.3031222,-0.0035038185,-0.023198618,2.3493445,3.3746789,2.9128296,-0.025719723,-0.009225501,-0.017161364,0.27075028,1.2310655
ATAC_FCRL3,-0.031475425,1.8559096,-0.008098906,-0.015873782,2.9294841,0.3031222,-0.0035038185,-0.023198618,2.3493445,3.3746789,2.9128296,-0.025719723,-0.009225501,-0.017161364,0.27075028,1.2310655
ATAC_FCRL6,-0.031475425,1.8559096,-0.008098906,-0.015873782,2.9294841,0.3031222,-0.0035038185,-0.023198618,2.3493445,3.3746789,2.9128296,-0.025719723,-0.009225501,-0.017161364,0.27075028,1.2310655
ATAC_FGF5,-0.031475425,1.8559096,-0.008098906,-0.015873782,2.9294841,0.3031222,-0.0035038185,-0.023198618,2.3493445,3.3746789,2.9128296,-0.025719723,-0.009225501,-0.017161364,0.27075028,1.2310655
ATAC_FGF9,-0.031475425,1.8559096,-0.008098906,-0.015873782,2.9294841,0.3031222,-0.0035038185,-0.023198618,2.3493445,3.3746789,2.9128296,-0.025719723,-0.009225501,-0.017161364,0.27075028,1.2310655
ATAC_FGFBP2,-0.031475425,1.8559096,-0.008098906,-0.015873782,2.9294841,0.3031222,-0.0035038185,-0.023198618,2.3493445,3.3746789,2.9128296,-0.025719723,-0.009225501,-0.017161364,0.27075028,1.2310655
ATAC_FGFBP3,-0.031475425,1.8559096,-0.008098906,-0.015873782,2.9294841,0.3031222,-0.0035038185,-0.023198618,2.3493445,3.3746789,2.9128296,-0.025719723,-0.009225501,-0.017161364,0.27075028,1.2310655
ATAC_FHIT,-0.031475425,1.8559096,-0.008098906,-0.015873782,2.9294841,0.3031222,-0.0035038185,-0.023198618,2.3493445,3.3746789,2.9128296,-0.025719723,-0.009225501,-0.017161364,0.27075028,1.2310655
ATAC_FIBCD1,-0.031475425,1.8559096,-0.008098906,-0.015873782,2.9294841,0.3031222,-0.0035038185,-0.023198618,2.3493445,3.3746789,2.9128296,-0.025719723,-0.009225501,-0.017161364,0.27075028,1.2310655
ATAC_FILIP1L,-0.031475425,1.8559096,-0.008098906,-0.015873782,2.9294841,0.3031222,-0.0035038185,-0.023198618,2.3493445,3.3746789,2.9128296,-0.025719723,-0.009225501,-0.017161364,0.27075028,1.2310655
ATAC_FKBP11,-0.031475425,1.8559096,-0.008098906,-0.015873782,2.9294841,0.3031222,-0.0035038185,-0.023198618,2.3493445,3.3746789,2.9128296,-0.025719723,-0.009225501,-0.017161364,0.27075028,1.2310655
ATAC_FLG-AS1,-0.031475425,1.8559096,-0.008098906,-0.015873782,2.9294841,0.3031222,-0.0035038185,-0.023198618,2.3493445,3.3746789,2.9128296,-0.025719723,-0.009225501,-0.017161364,0.27075028,1.2310655
ATAC_FLNB,-0.031475425,1.8559096,-0.008098906,-0.015873782,2.9294841,0.3031222,-0.0035038185,-0.023198618,2.3493445,3.3746789,2.9128296,-0.025719723,-0.009225501,-0.017161364,0.27075028,1.2310655
ATAC_FLNC-AS1,-0.031475425,1.8559096,-0.008098906,-0.015873782,2.9294841,0.3031222,-0.0035038185,-0.023198618,2.3493445,3.3746789,2.9128296,-0.025719723,-0.009225501,-0.017161364,0.27075028,1.2310655
ATAC_FLT3LG,-0.031475425,1.8559096,-0.008098906,-0.015873782,2.9294841,0.3031222,-0.0035038185,-0.023198618,2.3493445,3.3746789,2.9128296,-0.025719723,-0.009225501,-0.017161364,0.27075028,1.2310655
ATAC_FLT4,-0.031475425,1.8559096,-0.008098906,-0.015873782,2.9294841,0.3031222,-0.0035038185,-0.023198618,2.3493445,3.3746789,2.9128296,-0.025719723,-0.009225501,-0.017161364,0.27075028,1.2310655
ATAC_FLYWCH1,-0.031465635,1.8570362,-0.008113194,-0.015855499,2.9299557,0.30276975,-0.0035122966,-0.023202628,2.3477943,3.3744884,2.9130175,-0.025719332,-0.009239676,-0.017143922,0.26992935,1.2290561
ATAC_FMR1-AS1,-0.031475425,1.8559096,-0.008098906,-0.015873782,2.9294841,0.3031222,-0.0035038185,-0.023198618,2.3493445,3.3746789,2.9128296,-0.025719723,-0.009225501,-0.017161364,0.27075028,1.2310655
ATAC_FOCAD,-0.031475425,1.8559096,-0.008098906,-0.015873782,2.9294841,0.3031222,-0.0035038185,-0.023198618,2.3493445,3.3746789,2.9128296,-0.025719723,-0.009225501,-0.017161364,0.27075028,1.2310655
ATAC_FOXB1,-0.026531512,2.0131626,-0.004526235,-0.019530773,2.2615943,0.36595103,0.038420826,-0.01669588,2.6711116,2.8188982,2.576219,-0.026352061,-0.011039991,-0.014426966,-0.0017260634,1.3248419
ATAC_FOXC1,-0.031475425,1.8559096,-0.008098906,-0.015873782,2.9294841,0.3031222,-0.0035038185,-0.023198618,2.3493445,3.3746789,2.9128296,-0.025719723,-0.009225501,-0.017161364,0.27075028,1.2310655
ATAC_FOXD2,-0.031472757,1.8557072,-0.008094578,-0.015873425,2.9290566,0.3026363,-0.0035026984,-0.023198549,2.3490381,3.3749695,2.912435,-0.025712237,-0.009234702,-0.017166728,0.27025354,1.2313015
ATAC_FOXJ1,-0.029042615,1.307198,-0.012907376,-0.011162886,2.1797936,0.017672645,-0.004400254,-0.025513977,1.5255251,2.7885387,2.6890678,-0.023448719,-0.012949664,-0.010947382,0.41374564,0.70960885
ATAC_FOXP4-AS1,-0.031475425,1.8559096,-0.008098906,-0.015873782,2.9294841,0.3031222,-0.0035038185,-0.023198618,2.3493445,3.3746789,2.9128296,-0.025719723,-0.009225501,-0.017161364,0.27075028,1.2310655
ATAC_FOXRED2,-0.031475425,1.8559096,-0.008098906,-0.015873782,2.9294841,0.3031222,-0.0035038185,-0.023198618,2.3493445,3.3746789,2.9128296,-0.025719723,-0.009225501,-0.017161364,0.27075028,1.2310655
ATAC_FRG1-DT,-0.025056645,1.4080817,-0.008266316,-0.01753453,2.9541168,0.087179065,-0.0029407025,-0.01757162,2.2793818,3.0951498,2.7463908,-0.019212734,-0.008362729,-0.01843475,0.056422893,1.6515135
ATAC_FRMD6-AS2,-0.031467874,1.8566695,-0.008086521,-0.01586074,2.9296646,0.30242714,-0.0035120873,-0.023198945,2.349007,3.37293,2.9140284,-0.025701502,-0.009232426,-0.017166106,0.27152255,1.2314482
ATAC_FXYD1,-0.031475425,1.8559096,-0.008098906,-0.015873782,2.9294841,0.3031222,-0.0035038185,-0.023198618,2.3493445,3.3746789,2.9128296,-0.025719723,-0.009225501,-0.017161364,0.27075028,1.2310655
ATAC_FZD4-DT,-0.031475425,1.8559096,-0.008098906,-0.015873782,2.9294841,0.3031222,-0.0035038185,-0.023198618,2.3493445,3.3746789,2.9128296,-0.025719723,-0.009225501,-0.017161364,0.27075028,1.2310655
ATAC_G0S2,-0.031475425,1.8559096,-0.008098906,-0.015873782,2.9294841,0.3031222,-0.0035038185,-0.023198618,2.3493445,3.3746789,2.9128296,-0.025719723,-0.009225501,-0.017161364,0.27075028,1.2310655
ATAC_GAB2,-0.031205844,1.9054899,-0.0076075443,-0.016291194,2.871641,0.26477396,-0.003059153,-0.023540948,2.3140776,3.3143666,2.9347296,-0.025496887,-0.009351532,-0.017653702,0.32254335,1.2362149
ATAC_GABPB2,-0.031475425,1.8559096,-0.008098906,-0.015873782,2.9294841,0.3031222,-0.0035038185,-0.023198618,2.3493445,3.3746789,2.9128296,-0.025719723,-0.009225501,-0.017161364,0.27075028,1.2310655
ATAC_GADD45A,-0.031475425,1.8559096,-0.008098906,-0.015873782,2.9294841,0.3031222,-0.0035038185,-0.023198618,2.3493445,3.3746789,2.9128296,-0.025719723,-0.009225501,-0.017161364,0.27075028,1.2310655
ATAC_GALM,-0.031467874,1.8566695,-0.008086521,-0.01586074,2.9296646,0.30242714,-0.0035120873,-0.023198945,2.349007,3.37293,2.9140284,-0.025701502,-0.009232426,-0.017166106,0.27152255,1.2314482
ATAC_GALNT12,-0.031475425,1.8559096,-0.008098906,-0.015873782,2.9294841,0.3031222,-0.0035038185,-0.023198618,2.3493445,3.3746789,2.9128296,-0.025719723,-0.009225501,-0.017161364,0.27075028,1.2310655
ATAC_GALNTL5,-0.03078708,1.7485756,-0.0027520105,-0.013264646,2.9301417,-0.0010299651,-0.002144973,-0.021282008,2.1137013,3.4900103,2.65808,-0.025167175,-0.008452396,-0.01831132,0.522919,1.3099806
ATAC_GALNTL6,-0.031475425,1.8559096,-0.008098906,-0.015873782,2.9294841,0.3031222,-0.0035038185,-0.023198618,2.3493445,3.3746789,2.9128296,-0.025719723,-0.009225501,-0.017161364,0.27075028,1.2310655
ATAC_GAS2,-0.031446006,1.8565661,-0.008079412,-0.015891537,2.9312584,0.30523628,-0.0035138552,-0.02320972,2.348716,3.3761027,2.9104512,-0.025697513,-0.009240161,-0.01714692,0.27288628,1.2322782
ATAC_GAS8,-0.031475425,1.8559096,-0.008098906,-0.015873782,2.9294841,0.3031222,-0.0035038185,-0.023198618,2.3493445,3.3746789,2.9128296,-0.025719723,-0.009225501,-0.017161364,0.27075028,1.2310655
ATAC_GASK1A,-0.031475425,1.8559096,-0.008098906,-0.015873782,2.9294841,0.3031222,-0.0035038185,-0.023198618,2.3493445,3.3746789,2.9128296,-0.025719723,-0.009225501,-0.017161364,0.27075028,1.2310655
ATAC_GATA3,-0.031475425,1.8559096,-0.008098906,-0.015873782,2.9294841,0.3031222,-0.0035038185,-0.023198618,2.3493445,3.3746789,2.9128296,-0.025719723,-0.009225501,-0.017161364,0.27075028,1.2310655
ATAC_GBP5,-0.031590853,1.8626393,-0.0073070326,-0.014225706,2.8043349,0.026236514,-0.0019303489,-0.025338355,2.218582,3.1349585,2.852901,-0.024625272,-0.008734765,-0.015460319,0.4613555,1.2112337
ATAC_GBX1,-0.031475425,1.8559096,-0.008098906,-0.015873782,2.9294841,0.3031222,-0.0035038185,-0.023198618,2.3493445,3.3746789,2.9128296,-0.025719723,-0.009225501,-0.017161364,0.27075028,1.2310655
ATAC_GCG,-0.031478506,1.8553385,-0.0081128515,-0.0158729,2.9310913,0.3027985,-0.0035141045,-0.023208523,2.346136,3.3745625,2.9107852,-0.025703715,-0.009239115,-0.017173517,0.27238,1.230591
ATAC_GCK,-0.027136836,1.8240168,-0.009266311,-0.014416294,2.9998238,0.6189444,-0.0077284756,-0.023865225,1.8066359,3.3279731,2.5685408,-0.024335403,-0.005698275,-0.019432481,0.5677488,0.8374876
ATAC_GCNT4,-0.031475425,1.8559096,-0.008098906,-0.015873782,2.9294841,0.3031222,-0.0035038185,-0.023198618,2.3493445,3.3746789,2.9128296,-0.025719723,-0.009225501,-0.017161364,0.27075028,1.2310655
ATAC_GDF15,-0.031475425,1.8559096,-0.008098906,-0.015873782,2.9294841,0.3031222,-0.0035038185,-0.023198618,2.3493445,3.3746789,2.9128296,-0.025719723,-0.009225501,-0.017161364,0.27075028,1.2310655
ATAC_GDPD5,-0.031475425,1.8559096,-0.008098906,-0.015873782,2.9294841,0.3031222,-0.0035038185,-0.023198618,2.3493445,3.3746789,2.9128296,-0.025719723,-0.009225501,-0.017161364,0.27075028,1.2310655
ATAC_GEM,-0.031475425,1.8559096,-0.008098906,-0.015873782,2.9294841,0.3031222,-0.0035038185,-0.023198618,2.3493445,3.3746789,2.9128296,-0.025719723,-0.009225501,-0.017161364,0.27075028,1.2310655
ATAC_GFOD1-AS1,-0.031475425,1.8559096,-0.008098906,-0.015873782,2.9294841,0.3031222,-0.0035038185,-0.023198618,2.3493445,3.3746789,2.9128296,-0.025719723,-0.009225501,-0.017161364,0.27075028,1.2310655
ATAC_GFPT2,-0.031339303,1.8682848,-0.00808809,-0.015901377,2.9096599,0.2619709,-0.0035461145,-0.023308255,2.3491251,3.3380678,2.8859878,-0.025923265,-0.008983571,-0.017267866,0.25151762,1.2417654
ATAC_GFRA3,-0.031475425,1.8559096,-0.008098906,-0.015873782,2.9294841,0.3031222,-0.0035038185,-0.023198618,2.3493445,3.3746789,2.9128296,-0.025719723,-0.009225501,-0.017161364,0.27075028,1.2310655
ATAC_GIMAP5,-0.031475425,1.8559096,-0.008098906,-0.015873782,2.9294841,0.3031222,-0.0035038185,-0.023198618,2.3493445,3.3746789,2.9128296,-0.025719723,-0.009225501,-0.017161364,0.27075028,1.2310655
ATAC_GIPR,-0.034074977,1.3098423,-0.0087715555,-0.0194718,2.739299,0.2082126,-0.00047216503,-0.024286218,2.1095293,2.8598838,2.533905,-0.023567013,-0.0050060214,-0.017466825,0.5036518,1.0191813
ATAC_GJA3,-0.031475425,1.8559096,-0.008098906,-0.015873782,2.9294841,0.3031222,-0.0035038185,-0.023198618,2.3493445,3.3746789,2.9128296,-0.025719723,-0.009225501,-0.017161364,0.27075028,1.2310655
ATAC_GJC3,-0.031475425,1.8559096,-0.008098906,-0.015873782,2.9294841,0.3031222,-0.0035038185,-0.023198618,2.3493445,3.3746789,2.9128296,-0.025719723,-0.009225501,-0.017161364,0.27075028,1.2310655
ATAC_GLB1L3,-0.031475425,1.8559096,-0.008098906,-0.015873782,2.9294841,0.3031222,-0.0035038185,-0.023198618,2.3493445,3.3746789,2.9128296,-0.025719723,-0.009225501,-0.017161364,0.27075028,1.2310655
ATAC_GLI4,-0.031475425,1.8559096,-0.008098906,-0.015873782,2.9294841,0.3031222,-0.0035038185,-0.023198618,2.3493445,3.3746789,2.9128296,-0.025719723,-0.009225501,-0.017161364,0.27075028,1.2310655
ATAC_GLIPR1L2,-0.031590853,1.8626393,-0.0073070326,-0.014225706,2.8043349,0.026236514,-0.0019303489,-0.025338355,2.218582,3.1349585,2.852901,-0.024625272,-0.008734765,-0.015460319,0.4613555,1.2112337
ATAC_GNAL,-0.031475425,1.8559096,-0.008098906,-0.015873782,2.9294841,0.3031222,-0.0035038185,-0.023198618,2.3493445,3.3746789,2.9128296,-0.025719723,-0.009225501,-0.017161364,0.27075028,1.2310655
ATAC_GNAS-AS1,-0.031469822,1.854997,-0.008106444,-0.015879026,2.9290235,0.30206248,-0.0035053676,-0.0231949,2.3480704,3.3746061,2.9129014,-0.025728822,-0.009222255,-0.017165754,0.27176356,1.2300326
ATAC_GNG11,-0.031475425,1.8559096,-0.008098906,-0.015873782,2.9294841,0.3031222,-0.0035038185,-0.023198618,2.3493445,3.3746789,2.9128296,-0.025719723,-0.009225501,-0.017161364,0.27075028,1.2310655
ATAC_GNG3,-0.03148522,1.856916,-0.008101474,-0.015866423,2.9298956,0.3040112,-0.0035024935,-0.023203552,2.3502305,3.3742976,2.9119754,-0.02572195,-0.00922212,-0.017163236,0.27034044,1.2306494
ATAC_GNG7,-0.031475425,1.8559096,-0.008098906,-0.015873782,2.9294841,0.3031222,-0.0035038185,-0.023198618,2.3493445,3.3746789,2.9128296,-0.025719723,-0.009225501,-0.017161364,0.27075028,1.2310655
ATAC_GNMT,-0.031475425,1.8559096,-0.008098906,-0.015873782,2.9294841,0.3031222,-0.0035038185,-0.023198618,2.3493445,3.3746789,2.9128296,-0.025719723,-0.009225501,-0.017161364,0.27075028,1.2310655
ATAC_GOLGA8A,-0.031475425,1.8559096,-0.008098906,-0.015873782,2.9294841,0.3031222,-0.0035038185,-0.023198618,2.3493445,3.3746789,2.9128296,-0.025719723,-0.009225501,-0.017161364,0.27075028,1.2310655
ATAC_GOLGA8B,-0.03147575,1.8558457,-0.008096901,-0.015873168,2.9293013,0.30331364,-0.0035046015,-0.02319632,2.349423,3.374781,2.9129534,-0.025719766,-0.009226859,-0.017161522,0.27079147,1.230874
ATAC_GORAB-AS1,-0.031472757,1.8557072,-0.008094578,-0.015873425,2.9290566,0.3026363,-0.0035026984,-0.023198549,2.3490381,3.3749695,2.912435,-0.025712237,-0.009234702,-0.017166728,0.27025354,1.2313015
ATAC_GP1BB,-0.031475425,1.8559096,-0.008098906,-0.015873782,2.9294841,0.3031222,-0.0035038185,-0.023198618,2.3493445,3.3746789,2.9128296,-0.025719723,-0.009225501,-0.017161364,0.27075028,1.2310655
ATAC_GP5,-0.031475425,1.8559096,-0.008098906,-0.015873782,2.9294841,0.3031222,-0.0035038185,-0.023198618,2.3493445,3.3746789,2.9128296,-0.025719723,-0.009225501,-0.017161364,0.27075028,1.2310655
ATAC_GPHN,-0.031475425,1.8559096,-0.008098906,-0.015873782,2.9294841,0.3031222,-0.0035038185,-0.023198618,2.3493445,3.3746789,2.9128296,-0.025719723,-0.009225501,-0.017161364,0.27075028,1.2310655
ATAC_GPM6A,-0.031405218,1.8539304,-0.00811454,-0.015874183,2.9246557,0.30016878,-0.003492388,-0.023216102,2.350824,3.3757122,2.9077322,-0.025677085,-0.009174364,-0.017106129,0.26622322,1.234125
ATAC_GPR17,-0.031475425,1.8559096,-0.008098906,-0.015873782,2.9294841,0.3031222,-0.0035038185,-0.023198618,2.3493445,3.3746789,2.9128296,-0.025719723,-0.009225501,-0.017161364,0.27075028,1.2310655
ATAC_GPR171,-0.027136836,1.8240168,-0.009266311,-0.014416294,2.9998238,0.6189444,-0.0077284756,-0.023865225,1.8066359,3.3279731,2.5685408,-0.024335403,-0.005698275,-0.019432481,0.5677488,0.8374876
ATAC_GPR174,-0.031475425,1.8559096,-0.008098906,-0.015873782,2.9294841,0.3031222,-0.0035038185,-0.023198618,2.3493445,3.3746789,2.9128296,-0.025719723,-0.009225501,-0.017161364,0.27075028,1.2310655
ATAC_GPR63,-0.031475425,1.8559096,-0.008098906,-0.015873782,2.9294841,0.3031222,-0.0035038185,-0.023198618,2.3493445,3.3746789,2.9128296,-0.025719723,-0.009225501,-0.017161364,0.27075028,1.2310655
ATAC_GPR65,-0.031475425,1.8559096,-0.008098906,-0.015873782,2.9294841,0.3031222,-0.0035038185,-0.023198618,2.3493445,3.3746789,2.9128296,-0.025719723,-0.009225501,-0.017161364,0.27075028,1.2310655
ATAC_GPR87,-0.031475425,1.8559096,-0.008098906,-0.015873782,2.9294841,0.3031222,-0.0035038185,-0.023198618,2.3493445,3.3746789,2.9128296,-0.025719723,-0.009225501,-0.017161364,0.27075028,1.2310655
ATAC_GPR88,-0.031339303,1.8682848,-0.00808809,-0.015901377,2.9096599,0.2619709,-0.0035461145,-0.023308255,2.3491251,3.3380678,2.8859878,-0.025923265,-0.008983571,-0.017267866,0.25151762,1.2417654
ATAC_GPRACR,-0.031475425,1.8559096,-0.008098906,-0.015873782,2.9294841,0.3031222,-0.0035038185,-0.023198618,2.3493445,3.3746789,2.9128296,-0.025719723,-0.009225501,-0.017161364,0.27075028,1.2310655
ATAC_GRAP2,-0.030792687,1.7494881,-0.0027444735,-0.013259403,2.9306023,-0.001019368,-0.0021434242,-0.021285726,2.1149755,3.490083,2.6580083,-0.025158081,-0.008455642,-0.01830693,0.5219057,1.3110136
ATAC_GREM2,-0.03148851,1.8555251,-0.008089539,-0.015888762,2.9283044,0.30149278,-0.0034893644,-0.023200795,2.3504481,3.372928,2.911487,-0.025720734,-0.009238552,-0.017152917,0.27027613,1.2320583
ATAC_GRIA4,-0.031475425,1.8559096,-0.008098906,-0.015873782,2.9294841,0.3031222,-0.0035038185,-0.023198618,2.3493445,3.3746789,2.9128296,-0.025719723,-0.009225501,-0.017161364,0.27075028,1.2310655
ATAC_GRIK4,-0.031469002,1.8553501,-0.008100709,-0.01588021,2.9299195,0.30333546,-0.0034991305,-0.02319875,2.3499444,3.3742843,2.9126964,-0.025712695,-0.009230786,-0.017164707,0.26992708,1.2311385
ATAC_GSG1,-0.031205844,1.9054899,-0.0076075443,-0.016291194,2.871641,0.26477396,-0.003059153,-0.023540948,2.3140776,3.3143666,2.9347296,-0.025496887,-0.009351532,-0.017653702,0.32254335,1.2362149
ATAC_GSTM3,-0.031475425,1.8559096,-0.008098906,-0.015873782,2.9294841,0.3031222,-0.0035038185,-0.023198618,2.3493445,3.3746789,2.9128296,-0.025719723,-0.009225501,-0.017161364,0.27075028,1.2310655
ATAC_GTDC1,-0.031475425,1.8559096,-0.008098906,-0.015873782,2.9294841,0.3031222,-0.0035038185,-0.023198618,2.3493445,3.3746789,2.9128296,-0.025719723,-0.009225501,-0.017161364,0.27075028,1.2310655
ATAC_GTF2H3,-0.031475425,1.8559096,-0.008098906,-0.015873782,2.9294841,0.3031222,-0.0035038185,-0.023198618,2.3493445,3.3746789,2.9128296,-0.025719723,-0.009225501,-0.017161364,0.27075028,1.2310655
ATAC_GTF3A,-0.031475425,1.8559096,-0.008098906,-0.015873782,2.9294841,0.3031222,-0.0035038185,-0.023198618,2.3493445,3.3746789,2.9128296,-0.025719723,-0.009225501,-0.017161364,0.27075028,1.2310655
ATAC_GTPBP8,-0.031475425,1.8559096,-0.008098906,-0.015873782,2.9294841,0.3031222,-0.0035038185,-0.023198618,2.3493445,3.3746789,2.9128296,-0.025719723,-0.009225501,-0.017161364,0.27075028,1.2310655
ATAC_GXYLT2,-0.031475425,1.8559096,-0.008098906,-0.015873782,2.9294841,0.3031222,-0.0035038185,-0.023198618,2.3493445,3.3746789,2.9128296,-0.025719723,-0.009225501,-0.017161364,0.27075028,1.2310655
ATAC_GYPC,-0.031475425,1.8559096,-0.008098906,-0.015873782,2.9294841,0.3031222,-0.0035038185,-0.023198618,2.3493445,3.3746789,2.9128296,-0.025719723,-0.009225501,-0.017161364,0.27075028,1.2310655
ATAC_GZMA,-0.031475425,1.8559096,-0.008098906,-0.015873782,2.9294841,0.3031222,-0.0035038185,-0.023198618,2.3493445,3.3746789,2.9128296,-0.025719723,-0.009225501,-0.017161364,0.27075028,1.2310655
ATAC_GZMB,-0.031475425,1.8559096,-0.008098906,-0.015873782,2.9294841,0.3031222,-0.0035038185,-0.023198618,2.3493445,3.3746789,2.9128296,-0.025719723,-0.009225501,-0.017161364,0.27075028,1.2310655
ATAC_GZMH,-0.031469002,1.8553501,-0.008100709,-0.01588021,2.9299195,0.30333546,-0.0034991305,-0.02319875,2.3499444,3.3742843,2.9126964,-0.025712695,-0.009230786,-0.017164707,0.26992708,1.2311385
ATAC_GZMK,-0.031475425,1.8559096,-0.008098906,-0.015873782,2.9294841,0.3031222,-0.0035038185,-0.023198618,2.3493445,3.3746789,2.9128296,-0.025719723,-0.009225501,-0.017161364,0.27075028,1.2310655
ATAC_GZMM,-0.031475425,1.8559096,-0.008098906,-0.015873782,2.9294841,0.3031222,-0.0035038185,-0.023198618,2.3493445,3.3746789,2.9128296,-0.025719723,-0.009225501,-0.017161364,0.27075028,1.2310655
ATAC_HABP4,-0.031475425,1.8559096,-0.008098906,-0.015873782,2.9294841,0.3031222,-0.0035038185,-0.023198618,2.3493445,3.3746789,2.9128296,-0.025719723,-0.009225501,-0.017161364,0.27075028,1.2310655
ATAC_HAPLN3,-0.031469744,1.85635,-0.008116555,-0.015878897,2.9296465,0.30324677,-0.003499404,-0.023181278,2.3499482,3.3731785,2.9111218,-0.025717739,-0.009217603,-0.017180312,0.26916617,1.2313995
ATAC_HARBI1,-0.031475425,1.8559096,-0.008098906,-0.015873782,2.9294841,0.3031222,-0.0035038185,-0.023198618,2.3493445,3.3746789,2.9128296,-0.025719723,-0.009225501,-0.017161364,0.27075028,1.2310655
ATAC_HAS2-AS1,-0.031475425,1.8559096,-0.008098906,-0.015873782,2.9294841,0.3031222,-0.0035038185,-0.023198618,2.3493445,3.3746789,2.9128296,-0.025719723,-0.009225501,-0.017161364,0.27075028,1.2310655
ATAC_HBQ1,-0.031475425,1.8559096,-0.008098906,-0.015873782,2.9294841,0.3031222,-0.0035038185,-0.023198618,2.3493445,3.3746789,2.9128296,-0.025719723,-0.009225501,-0.017161364,0.27075028,1.2310655
ATAC_HCG14,-0.031475425,1.8559096,-0.008098906,-0.015873782,2.9294841,0.3031222,-0.0035038185,-0.023198618,2.3493445,3.3746789,2.9128296,-0.025719723,-0.009225501,-0.017161364,0.27075028,1.2310655
ATAC_HCG25,-0.031475425,1.8559096,-0.008098906,-0.015873782,2.9294841,0.3031222,-0.0035038185,-0.023198618,2.3493445,3.3746789,2.9128296,-0.025719723,-0.009225501,-0.017161364,0.27075028,1.2310655
ATAC_HCG27,-0.025056645,1.4080817,-0.008266316,-0.01753453,2.9541168,0.087179065,-0.0029407025,-0.01757162,2.2793818,3.0951498,2.7463908,-0.019212734,-0.008362729,-0.01843475,0.056422893,1.6515135
ATAC_HCP5,-0.031475425,1.8559096,-0.008098906,-0.015873782,2.9294841,0.3031222,-0.0035038185,-0.023198618,2.3493445,3.3746789,2.9128296,-0.025719723,-0.009225501,-0.017161364,0.27075028,1.2310655
ATAC_HCRT,-0.031475425,1.8559096,-0.008098906,-0.015873782,2.9294841,0.3031222,-0.0035038185,-0.023198618,2.3493445,3.3746789,2.9128296,-0.025719723,-0.009225501,-0.017161364,0.27075028,1.2310655
ATAC_HDAC11-AS1,-0.031475425,1.8559096,-0.008098906,-0.015873782,2.9294841,0.3031222,-0.0035038185,-0.023198618,2.3493445,3.3746789,2.9128296,-0.025719723,-0.009225501,-0.017161364,0.27075028,1.2310655
ATAC_HDAC8,-0.031475425,1.8559096,-0.008098906,-0.015873782,2.9294841,0.3031222,-0.0035038185,-0.023198618,2.3493445,3.3746789,2.9128296,-0.025719723,-0.009225501,-0.017161364,0.27075028,1.2310655
ATAC_HDAC9,-0.031475425,1.8559096,-0.008098906,-0.015873782,2.9294841,0.3031222,-0.0035038185,-0.023198618,2.3493445,3.3746789,2.9128296,-0.025719723,-0.009225501,-0.017161364,0.27075028,1.2310655
ATAC_HDHD3,-0.031475425,1.8559096,-0.008098906,-0.015873782,2.9294841,0.3031222,-0.0035038185,-0.023198618,2.3493445,3.3746789,2.9128296,-0.025719723,-0.009225501,-0.017161364,0.27075028,1.2310655
ATAC_HEG1,-0.031472757,1.8557072,-0.008094578,-0.015873425,2.9290566,0.3026363,-0.0035026984,-0.023198549,2.3490381,3.3749695,2.912435,-0.025712237,-0.009234702,-0.017166728,0.27025354,1.2313015
ATAC_HELB,-0.031475425,1.8559096,-0.008098906,-0.015873782,2.9294841,0.3031222,-0.0035038185,-0.023198618,2.3493445,3.3746789,2.9128296,-0.025719723,-0.009225501,-0.017161364,0.27075028,1.2310655
ATAC_HELLS,-0.031475425,1.8559096,-0.008098906,-0.015873782,2.9294841,0.3031222,-0.0035038185,-0.023198618,2.3493445,3.3746789,2.9128296,-0.025719723,-0.009225501,-0.017161364,0.27075028,1.2310655
ATAC_HEMK1,-0.031475425,1.8559096,-0.008098906,-0.015873782,2.9294841,0.3031222,-0.0035038185,-0.023198618,2.3493445,3.3746789,2.9128296,-0.025719723,-0.009225501,-0.017161364,0.27075028,1.2310655
ATAC_HERC2,-0.031475425,1.8559096,-0.008098906,-0.015873782,2.9294841,0.3031222,-0.0035038185,-0.023198618,2.3493445,3.3746789,2.9128296,-0.025719723,-0.009225501,-0.017161364,0.27075028,1.2310655
ATAC_HERC5,-0.031475425,1.8559096,-0.008098906,-0.015873782,2.9294841,0.3031222,-0.0035038185,-0.023198618,2.3493445,3.3746789,2.9128296,-0.025719723,-0.009225501,-0.017161364,0.27075028,1.2310655
ATAC_HERC6,-0.031475425,1.8559096,-0.008098906,-0.015873782,2.9294841,0.3031222,-0.0035038185,-0.023198618,2.3493445,3.3746789,2.9128296,-0.025719723,-0.009225501,-0.017161364,0.27075028,1.2310655
ATAC_HES2,-0.031475425,1.8559096,-0.008098906,-0.015873782,2.9294841,0.3031222,-0.0035038185,-0.023198618,2.3493445,3.3746789,2.9128296,-0.025719723,-0.009225501,-0.017161364,0.27075028,1.2310655
ATAC_HES7,-0.031475425,1.8559096,-0.008098906,-0.015873782,2.9294841,0.3031222,-0.0035038185,-0.023198618,2.3493445,3.3746789,2.9128296,-0.025719723,-0.009225501,-0.017161364,0.27075028,1.2310655
ATAC_HEXIM1,-0.031473584,1.8558726,-0.008100149,-0.015874755,2.9293447,0.3031933,-0.0035030162,-0.023198988,2.3494174,3.3747728,2.9127731,-0.025720196,-0.009223476,-0.01716082,0.270736,1.2310636
ATAC_HHAT,-0.031475425,1.8559096,-0.008098906,-0.015873782,2.9294841,0.3031222,-0.0035038185,-0.023198618,2.3493445,3.3746789,2.9128296,-0.025719723,-0.009225501,-0.017161364,0.27075028,1.2310655
ATAC_HIBADH,-0.031475425,1.8559096,-0.008098906,-0.015873782,2.9294841,0.3031222,-0.0035038185,-0.023198618,2.3493445,3.3746789,2.9128296,-0.025719723,-0.009225501,-0.017161364,0.27075028,1.2310655
ATAC_HIF1A-AS1,-0.031475425,1.8559096,-0.008098906,-0.015873782,2.9294841,0.3031222,-0.0035038185,-0.023198618,2.3493445,3.3746789,2.9128296,-0.025719723,-0.009225501,-0.017161364,0.27075028,1.2310655
ATAC_HIGD2B,-0.031475425,1.8559096,-0.008098906,-0.015873782,2.9294841,0.3031222,-0.0035038185,-0.023198618,2.3493445,3.3746789,2.9128296,-0.025719723,-0.009225501,-0.017161364,0.27075028,1.2310655
ATAC_HIP1,-0.031475425,1.8559096,-0.008098906,-0.015873782,2.9294841,0.3031222,-0.0035038185,-0.023198618,2.3493445,3.3746789,2.9128296,-0.025719723,-0.009225501,-0.017161364,0.27075028,1.2310655
ATAC_HIP1R,-0.031475425,1.8559096,-0.008098906,-0.015873782,2.9294841,0.3031222,-0.0035038185,-0.023198618,2.3493445,3.3746789,2.9128296,-0.025719723,-0.009225501,-0.017161364,0.27075028,1.2310655
ATAC_HIPK1-AS1,-0.031475425,1.8559096,-0.008098906,-0.015873782,2.9294841,0.3031222,-0.0035038185,-0.023198618,2.3493445,3.3746789,2.9128296,-0.025719723,-0.009225501,-0.017161364,0.27075028,1.2310655
ATAC_HIVEP3,-0.031475425,1.8559096,-0.008098906,-0.015873782,2.9294841,0.3031222,-0.0035038185,-0.023198618,2.3493445,3.3746789,2.9128296,-0.025719723,-0.009225501,-0.017161364,0.27075028,1.2310655
ATAC_HKDC1,-0.031475425,1.8559096,-0.008098906,-0.015873782,2.9294841,0.3031222,-0.0035038185,-0.023198618,2.3493445,3.3746789,2.9128296,-0.025719723,-0.009225501,-0.017161364,0.27075028,1.2310655
ATAC_HLA-DQA1,-0.031475425,1.8559096,-0.008098906,-0.015873782,2.9294841,0.3031222,-0.0035038185,-0.023198618,2.3493445,3.3746789,2.9128296,-0.025719723,-0.009225501,-0.017161364,0.27075028,1.2310655
ATAC_HLA-DQB1,-0.031475425,1.8559096,-0.008098906,-0.015873782,2.9294841,0.3031222,-0.0035038185,-0.023198618,2.3493445,3.3746789,2.9128296,-0.025719723,-0.009225501,-0.017161364,0.27075028,1.2310655
ATAC_HLCS,-0.031475425,1.8559096,-0.008098906,-0.015873782,2.9294841,0.3031222,-0.0035038185,-0.023198618,2.3493445,3.3746789,2.9128296,-0.025719723,-0.009225501,-0.017161364,0.27075028,1.2310655
ATAC_HLTF-AS1,-0.031475425,1.8559096,-0.008098906,-0.015873782,2.9294841,0.3031222,-0.0035038185,-0.023198618,2.3493445,3.3746789,2.9128296,-0.025719723,-0.009225501,-0.017161364,0.27075028,1.2310655
ATAC_HMCES,-0.031475425,1.8559096,-0.008098906,-0.015873782,2.9294841,0.3031222,-0.0035038185,-0.023198618,2.3493445,3.3746789,2.9128296,-0.025719723,-0.009225501,-0.017161364,0.27075028,1.2310655
ATAC_HMGA1P4,-0.031475425,1.8559096,-0.008098906,-0.015873782,2.9294841,0.3031222,-0.0035038185,-0.023198618,2.3493445,3.3746789,2.9128296,-0.025719723,-0.009225501,-0.017161364,0.27075028,1.2310655
ATAC_HMOX2,-0.031475425,1.8559096,-0.008098906,-0.015873782,2.9294841,0.3031222,-0.0035038185,-0.023198618,2.3493445,3.3746789,2.9128296,-0.025719723,-0.009225501,-0.017161364,0.27075028,1.2310655
ATAC_HOMER1,-0.031475425,1.8559096,-0.008098906,-0.015873782,2.9294841,0.3031222,-0.0035038185,-0.023198618,2.3493445,3.3746789,2.9128296,-0.025719723,-0.009225501,-0.017161364,0.27075028,1.2310655
ATAC_HOOK2,-0.031475425,1.8559096,-0.008098906,-0.015873782,2.9294841,0.3031222,-0.0035038185,-0.023198618,2.3493445,3.3746789,2.9128296,-0.025719723,-0.009225501,-0.017161364,0.27075028,1.2310655
ATAC_HOPX,-0.031475425,1.8559096,-0.008098906,-0.015873782,2.9294841,0.3031222,-0.0035038185,-0.023198618,2.3493445,3.3746789,2.9128296,-0.025719723,-0.009225501,-0.017161364,0.27075028,1.2310655
ATAC_HOXA13,-0.031469822,1.854997,-0.008106444,-0.015879026,2.9290235,0.30206248,-0.0035053676,-0.0231949,2.3480704,3.3746061,2.9129014,-0.025728822,-0.009222255,-0.017165754,0.27176356,1.2300326
ATAC_HOXB-AS1,-0.031475425,1.8559096,-0.008098906,-0.015873782,2.9294841,0.3031222,-0.0035038185,-0.023198618,2.3493445,3.3746789,2.9128296,-0.025719723,-0.009225501,-0.017161364,0.27075028,1.2310655
ATAC_HOXB-AS3,-0.031475425,1.8559096,-0.008098906,-0.015873782,2.9294841,0.3031222,-0.0035038185,-0.023198618,2.3493445,3.3746789,2.9128296,-0.025719723,-0.009225501,-0.017161364,0.27075028,1.2310655
ATAC_HOXB9,-0.031475425,1.8559096,-0.008098906,-0.015873782,2.9294841,0.3031222,-0.0035038185,-0.023198618,2.3493445,3.3746789,2.9128296,-0.025719723,-0.009225501,-0.017161364,0.27075028,1.2310655
ATAC_HOXC12,-0.031475425,1.8559096,-0.008098906,-0.015873782,2.9294841,0.3031222,-0.0035038185,-0.023198618,2.3493445,3.3746789,2.9128296,-0.025719723,-0.009225501,-0.017161364,0.27075028,1.2310655
ATAC_HOXC4,-0.031475425,1.8559096,-0.008098906,-0.015873782,2.9294841,0.3031222,-0.0035038185,-0.023198618,2.3493445,3.3746789,2.9128296,-0.025719723,-0.009225501,-0.017161364,0.27075028,1.2310655
ATAC_HPN,-0.031475425,1.8559096,-0.008098906,-0.015873782,2.9294841,0.3031222,-0.0035038185,-0.023198618,2.3493445,3.3746789,2.9128296,-0.025719723,-0.009225501,-0.017161364,0.27075028,1.2310655
ATAC_HS3ST3B1,-0.031475425,1.8559096,-0.008098906,-0.015873782,2.9294841,0.3031222,-0.0035038185,-0.023198618,2.3493445,3.3746789,2.9128296,-0.025719723,-0.009225501,-0.017161364,0.27075028,1.2310655
ATAC_HSBP1L1,-0.031475425,1.8559096,-0.008098906,-0.015873782,2.9294841,0.3031222,-0.0035038185,-0.023198618,2.3493445,3.3746789,2.9128296,-0.025719723,-0.009225501,-0.017161364,0.27075028,1.2310655
ATAC_HSF5,-0.031475425,1.8559096,-0.008098906,-0.015873782,2.9294841,0.3031222,-0.0035038185,-0.023198618,2.3493445,3.3746789,2.9128296,-0.025719723,-0.009225501,-0.017161364,0.27075028,1.2310655
ATAC_HSH2D,-0.031475425,1.8559096,-0.008098906,-0.015873782,2.9294841,0.3031222,-0.0035038185,-0.023198618,2.3493445,3.3746789,2.9128296,-0.025719723,-0.009225501,-0.017161364,0.27075028,1.2310655
ATAC_HSPB1,-0.031475425,1.8559096,-0.008098906,-0.015873782,2.9294841,0.3031222,-0.0035038185,-0.023198618,2.3493445,3.3746789,2.9128296,-0.025719723,-0.009225501,-0.017161364,0.27075028,1.2310655
ATAC_HTR2A,-0.031475425,1.8559096,-0.008098906,-0.015873782,2.9294841,0.3031222,-0.0035038185,-0.023198618,2.3493445,3.3746789,2.9128296,-0.025719723,-0.009225501,-0.017161364,0.27075028,1.2310655
ATAC_HTRA3,-0.031475425,1.8559096,-0.008098906,-0.015873782,2.9294841,0.3031222,-0.0035038185,-0.023198618,2.3493445,3.3746789,2.9128296,-0.025719723,-0.009225501,-0.017161364,0.27075028,1.2310655
ATAC_IBA57-DT,-0.031475425,1.8559096,-0.008098906,-0.015873782,2.9294841,0.3031222,-0.0035038185,-0.023198618,2.3493445,3.3746789,2.9128296,-0.025719723,-0.009225501,-0.017161364,0.27075028,1.2310655
ATAC_ICE1,-0.031475425,1.8559096,-0.008098906,-0.015873782,2.9294841,0.3031222,-0.0035038185,-0.023198618,2.3493445,3.3746789,2.9128296,-0.025719723,-0.009225501,-0.017161364,0.27075028,1.2310655
ATAC_ICOS,-0.03147575,1.8558457,-0.008096901,-0.015873168,2.9293013,0.30331364,-0.0035046015,-0.02319632,2.349423,3.374781,2.9129534,-0.025719766,-0.009226859,-0.017161522,0.27079147,1.230874
ATAC_ID3,-0.031465635,1.8570362,-0.008113194,-0.015855499,2.9299557,0.30276975,-0.0035122966,-0.023202628,2.3477943,3.3744884,2.9130175,-0.025719332,-0.009239676,-0.017143922,0.26992935,1.2290561
ATAC_IER5L,-0.031475425,1.8559096,-0.008098906,-0.015873782,2.9294841,0.3031222,-0.0035038185,-0.023198618,2.3493445,3.3746789,2.9128296,-0.025719723,-0.009225501,-0.017161364,0.27075028,1.2310655
ATAC_IFFO2,-0.031474393,1.8551507,-0.00810886,-0.015893292,2.9285014,0.30166778,-0.0035277235,-0.02320466,2.3490684,3.3750174,2.912139,-0.025713887,-0.009202446,-0.017142035,0.2682503,1.2314396
ATAC_IFI6,-0.031475425,1.8559096,-0.008098906,-0.015873782,2.9294841,0.3031222,-0.0035038185,-0.023198618,2.3493445,3.3746789,2.9128296,-0.025719723,-0.009225501,-0.017161364,0.27075028,1.2310655
ATAC_IFIT2,-0.031475425,1.8559096,-0.008098906,-0.015873782,2.9294841,0.3031222,-0.0035038185,-0.023198618,2.3493445,3.3746789,2.9128296,-0.025719723,-0.009225501,-0.017161364,0.27075028,1.2310655
ATAC_IFNG,-0.031475425,1.8559096,-0.008098906,-0.015873782,2.9294841,0.3031222,-0.0035038185,-0.023198618,2.3493445,3.3746789,2.9128296,-0.025719723,-0.009225501,-0.017161364,0.27075028,1.2310655
ATAC_IFNG-AS1,-0.031339303,1.8682848,-0.00808809,-0.015901377,2.9096599,0.2619709,-0.0035461145,-0.023308255,2.3491251,3.3380678,2.8859878,-0.025923265,-0.008983571,-0.017267866,0.25151762,1.2417654
ATAC_IFNL1,-0.031475425,1.8559096,-0.008098906,-0.015873782,2.9294841,0.3031222,-0.0035038185,-0.023198618,2.3493445,3.3746789,2.9128296,-0.025719723,-0.009225501,-0.017161364,0.27075028,1.2310655
ATAC_IFT122,-0.031475425,1.8559096,-0.008098906,-0.015873782,2.9294841,0.3031222,-0.0035038185,-0.023198618,2.3493445,3.3746789,2.9128296,-0.025719723,-0.009225501,-0.017161364,0.27075028,1.2310655
ATAC_IFT46,-0.031475425,1.8559096,-0.008098906,-0.015873782,2.9294841,0.3031222,-0.0035038185,-0.023198618,2.3493445,3.3746789,2.9128296,-0.025719723,-0.009225501,-0.017161364,0.27075028,1.2310655
ATAC_IFT88,-0.031472757,1.8557072,-0.008094578,-0.015873425,2.9290566,0.3026363,-0.0035026984,-0.023198549,2.3490381,3.3749695,2.912435,-0.025712237,-0.009234702,-0.017166728,0.27025354,1.2313015
ATAC_IGHA1,-0.031475425,1.8559096,-0.008098906,-0.015873782,2.9294841,0.3031222,-0.0035038185,-0.023198618,2.3493445,3.3746789,2.9128296,-0.025719723,-0.009225501,-0.017161364,0.27075028,1.2310655
ATAC_IGHA2,-0.031475425,1.8559096,-0.008098906,-0.015873782,2.9294841,0.3031222,-0.0035038185,-0.023198618,2.3493445,3.3746789,2.9128296,-0.025719723,-0.009225501,-0.017161364,0.27075028,1.2310655
ATAC_IGHG2,-0.031475425,1.8559096,-0.008098906,-0.015873782,2.9294841,0.3031222,-0.0035038185,-0.023198618,2.3493445,3.3746789,2.9128296,-0.025719723,-0.009225501,-0.017161364,0.27075028,1.2310655
ATAC_IGHV1-3,-0.028645549,2.0463996,-0.003959516,-0.0109774275,2.3974147,0.5705186,-0.00034136412,-0.018828904,1.8232963,3.2861621,2.8310368,-0.019608634,-0.01126539,-0.014678581,0.6705982,0.79728824
ATAC_IGHV2-70,-0.031475425,1.8559096,-0.008098906,-0.015873782,2.9294841,0.3031222,-0.0035038185,-0.023198618,2.3493445,3.3746789,2.9128296,-0.025719723,-0.009225501,-0.017161364,0.27075028,1.2310655
ATAC_IGHV3-43,-0.031475425,1.8559096,-0.008098906,-0.015873782,2.9294841,0.3031222,-0.0035038185,-0.023198618,2.3493445,3.3746789,2.9128296,-0.025719723,-0.009225501,-0.017161364,0.27075028,1.2310655
ATAC_IGHV5-51,-0.031475425,1.8559096,-0.008098906,-0.015873782,2.9294841,0.3031222,-0.0035038185,-0.023198618,2.3493445,3.3746789,2.9128296,-0.025719723,-0.009225501,-0.017161364,0.27075028,1.2310655
ATAC_IGKC,-0.031472757,1.8557072,-0.008094578,-0.015873425,2.9290566,0.3026363,-0.0035026984,-0.023198549,2.3490381,3.3749695,2.912435,-0.025712237,-0.009234702,-0.017166728,0.27025354,1.2313015
ATAC_IGLON5,-0.031475425,1.8559096,-0.008098906,-0.015873782,2.9294841,0.3031222,-0.0035038185,-0.023198618,2.3493445,3.3746789,2.9128296,-0.025719723,-0.009225501,-0.017161364,0.27075028,1.2310655
ATAC_IGLV1-40,-0.031469822,1.854997,-0.008106444,-0.015879026,2.9290235,0.30206248,-0.0035053676,-0.0231949,2.3480704,3.3746061,2.9129014,-0.025728822,-0.009222255,-0.017165754,0.27176356,1.2300326
ATAC_IGLV1-44,-0.023452027,1.5061493,-0.010905764,-0.012419693,3.011864,0.7008954,-0.004751808,-0.021084597,2.3172023,2.5396788,2.320074,-0.022240471,-0.006705589,-0.009343636,-0.002044031,1.5226455
ATAC_IGLV1-51,-0.031339303,1.8682848,-0.00808809,-0.015901377,2.9096599,0.2619709,-0.0035461145,-0.023308255,2.3491251,3.3380678,2.8859878,-0.025923265,-0.008983571,-0.017267866,0.25151762,1.2417654
ATAC_IGLV2-14,-0.031475425,1.8559096,-0.008098906,-0.015873782,2.9294841,0.3031222,-0.0035038185,-0.023198618,2.3493445,3.3746789,2.9128296,-0.025719723,-0.009225501,-0.017161364,0.27075028,1.2310655
ATAC_IGLV3-10,-0.027136836,1.8240168,-0.009266311,-0.014416294,2.9998238,0.6189444,-0.0077284756,-0.023865225,1.8066359,3.3279731,2.5685408,-0.024335403,-0.005698275,-0.019432481,0.5677488,0.8374876
ATAC_IGLV3-9,-0.031475425,1.8559096,-0.008098906,-0.015873782,2.9294841,0.3031222,-0.0035038185,-0.023198618,2.3493445,3.3746789,2.9128296,-0.025719723,-0.009225501,-0.017161364,0.27075028,1.2310655
ATAC_IGLV7-43,-0.031475425,1.8559096,-0.008098906,-0.015873782,2.9294841,0.3031222,-0.0035038185,-0.023198618,2.3493445,3.3746789,2.9128296,-0.025719723,-0.009225501,-0.017161364,0.27075028,1.2310655
ATAC_IGLV9-49,-0.031475425,1.8559096,-0.008098906,-0.015873782,2.9294841,0.3031222,-0.0035038185,-0.023198618,2.3493445,3.3746789,2.9128296,-0.025719723,-0.009225501,-0.017161364,0.27075028,1.2310655
ATAC_IGSF21-AS1,-0.031475425,1.8559096,-0.008098906,-0.015873782,2.9294841,0.3031222,-0.0035038185,-0.023198618,2.3493445,3.3746789,2.9128296,-0.025719723,-0.009225501,-0.017161364,0.27075028,1.2310655
ATAC_IGSF9B,-0.031473584,1.8558726,-0.008100149,-0.015874755,2.9293447,0.3031933,-0.0035030162,-0.023198988,2.3494174,3.3747728,2.9127731,-0.025720196,-0.009223476,-0.01716082,0.270736,1.2310636
ATAC_IKZF2,-0.031475425,1.8559096,-0.008098906,-0.015873782,2.9294841,0.3031222,-0.0035038185,-0.023198618,2.3493445,3.3746789,2.9128296,-0.025719723,-0.009225501,-0.017161364,0.27075028,1.2310655
ATAC_IKZF3,-0.031475425,1.8559096,-0.008098906,-0.015873782,2.9294841,0.3031222,-0.0035038185,-0.023198618,2.3493445,3.3746789,2.9128296,-0.025719723,-0.009225501,-0.017161364,0.27075028,1.2310655
ATAC_IL11,-0.031472757,1.8557072,-0.008094578,-0.015873425,2.9290566,0.3026363,-0.0035026984,-0.023198549,2.3490381,3.3749695,2.912435,-0.025712237,-0.009234702,-0.017166728,0.27025354,1.2313015
ATAC_IL11RA,-0.031475425,1.8559096,-0.008098906,-0.015873782,2.9294841,0.3031222,-0.0035038185,-0.023198618,2.3493445,3.3746789,2.9128296,-0.025719723,-0.009225501,-0.017161364,0.27075028,1.2310655
ATAC_IL12RB2,-0.031469192,1.8552982,-0.008074602,-0.015858293,2.9279275,0.3052632,-0.0035016362,-0.023206731,2.3471637,3.3723211,2.9134946,-0.025706239,-0.009227169,-0.017154982,0.27185017,1.229245
ATAC_IL17D,-0.031475425,1.8559096,-0.008098906,-0.015873782,2.9294841,0.3031222,-0.0035038185,-0.023198618,2.3493445,3.3746789,2.9128296,-0.025719723,-0.009225501,-0.017161364,0.27075028,1.2310655
ATAC_IL18RAP,-0.031475425,1.8559096,-0.008098906,-0.015873782,2.9294841,0.3031222,-0.0035038185,-0.023198618,2.3493445,3.3746789,2.9128296,-0.025719723,-0.009225501,-0.017161364,0.27075028,1.2310655
ATAC_IL19,-0.031475425,1.8559096,-0.008098906,-0.015873782,2.9294841,0.3031222,-0.0035038185,-0.023198618,2.3493445,3.3746789,2.9128296,-0.025719723,-0.009225501,-0.017161364,0.27075028,1.2310655
ATAC_IL1B,-0.031475425,1.8559096,-0.008098906,-0.015873782,2.9294841,0.3031222,-0.0035038185,-0.023198618,2.3493445,3.3746789,2.9128296,-0.025719723,-0.009225501,-0.017161364,0.27075028,1.2310655
ATAC_IL2,-0.031475425,1.8559096,-0.008098906,-0.015873782,2.9294841,0.3031222,-0.0035038185,-0.023198618,2.3493445,3.3746789,2.9128296,-0.025719723,-0.009225501,-0.017161364,0.27075028,1.2310655
ATAC_IL21R,-0.031475425,1.8559096,-0.008098906,-0.015873782,2.9294841,0.3031222,-0.0035038185,-0.023198618,2.3493445,3.3746789,2.9128296,-0.025719723,-0.009225501,-0.017161364,0.27075028,1.2310655
ATAC_IL2RA,-0.03146816,1.8545393,-0.008084556,-0.015877802,2.9269447,0.30380878,-0.0035255414,-0.023212774,2.3468876,3.3726597,2.912804,-0.025700402,-0.009204114,-0.017135652,0.26935017,1.229619
ATAC_IL2RB,-0.031666633,1.7828383,-0.008340033,-0.014688535,2.8917937,0.3721151,-0.0039404514,-0.02201431,2.416828,3.2194922,2.8670027,-0.023815589,-0.01058203,-0.015880264,0.122603156,1.1117353
ATAC_IL6,-0.031475425,1.8559096,-0.008098906,-0.015873782,2.9294841,0.3031222,-0.0035038185,-0.023198618,2.3493445,3.3746789,2.9128296,-0.025719723,-0.009225501,-0.017161364,0.27075028,1.2310655
ATAC_IL6R-AS1,-0.031475425,1.8559096,-0.008098906,-0.015873782,2.9294841,0.3031222,-0.0035038185,-0.023198618,2.3493445,3.3746789,2.9128296,-0.025719723,-0.009225501,-0.017161364,0.27075028,1.2310655
ATAC_ILF3-DT,-0.031475425,1.8559096,-0.008098906,-0.015873782,2.9294841,0.3031222,-0.0035038185,-0.023198618,2.3493445,3.3746789,2.9128296,-0.025719723,-0.009225501,-0.017161364,0.27075028,1.2310655
ATAC_ING1,-0.031469002,1.8553501,-0.008100709,-0.01588021,2.9299195,0.30333546,-0.0034991305,-0.02319875,2.3499444,3.3742843,2.9126964,-0.025712695,-0.009230786,-0.017164707,0.26992708,1.2311385
ATAC_INPP5E,-0.031475425,1.8559096,-0.008098906,-0.015873782,2.9294841,0.3031222,-0.0035038185,-0.023198618,2.3493445,3.3746789,2.9128296,-0.025719723,-0.009225501,-0.017161364,0.27075028,1.2310655
ATAC_INSM2,-0.031475425,1.8559096,-0.008098906,-0.015873782,2.9294841,0.3031222,-0.0035038185,-0.023198618,2.3493445,3.3746789,2.9128296,-0.025719723,-0.009225501,-0.017161364,0.27075028,1.2310655
ATAC_INTS1,-0.027136836,1.8240168,-0.009266311,-0.014416294,2.9998238,0.6189444,-0.0077284756,-0.023865225,1.8066359,3.3279731,2.5685408,-0.024335403,-0.005698275,-0.019432481,0.5677488,0.8374876
ATAC_INTS11,-0.031475425,1.8559096,-0.008098906,-0.015873782,2.9294841,0.3031222,-0.0035038185,-0.023198618,2.3493445,3.3746789,2.9128296,-0.025719723,-0.009225501,-0.017161364,0.27075028,1.2310655
ATAC_INTS4,-0.0314983,1.8565315,-0.008092106,-0.015881402,2.928716,0.30238178,-0.0034880394,-0.023205727,2.351334,3.3725467,2.9106328,-0.02572296,-0.009235172,-0.017154789,0.2698663,1.2316421
ATAC_INTS6L-AS1,-0.031475425,1.8559096,-0.008098906,-0.015873782,2.9294841,0.3031222,-0.0035038185,-0.023198618,2.3493445,3.3746789,2.9128296,-0.025719723,-0.009225501,-0.017161364,0.27075028,1.2310655
ATAC_INVS,-0.031475425,1.8559096,-0.008098906,-0.015873782,2.9294841,0.3031222,-0.0035038185,-0.023198618,2.3493445,3.3746789,2.9128296,-0.025719723,-0.009225501,-0.017161364,0.27075028,1.2310655
ATAC_IPP,-0.031475425,1.8559096,-0.008098906,-0.015873782,2.9294841,0.3031222,-0.0035038185,-0.023198618,2.3493445,3.3746789,2.9128296,-0.025719723,-0.009225501,-0.017161364,0.27075028,1.2310655
ATAC_IQCB1,-0.031407062,1.8539673,-0.008113297,-0.015873212,2.9247952,0.30009767,-0.0034931903,-0.023215732,2.3507512,3.3756182,2.9077888,-0.025676617,-0.009176388,-0.017106673,0.2662375,1.2341269
ATAC_IQCC,-0.031475425,1.8559096,-0.008098906,-0.015873782,2.9294841,0.3031222,-0.0035038185,-0.023198618,2.3493445,3.3746789,2.9128296,-0.025719723,-0.009225501,-0.017161364,0.27075028,1.2310655
ATAC_IRGM,-0.031475425,1.8559096,-0.008098906,-0.015873782,2.9294841,0.3031222,-0.0035038185,-0.023198618,2.3493445,3.3746789,2.9128296,-0.025719723,-0.009225501,-0.017161364,0.27075028,1.2310655
ATAC_ISM1,-0.031473584,1.8558726,-0.008100149,-0.015874755,2.9293447,0.3031933,-0.0035030162,-0.023198988,2.3494174,3.3747728,2.9127731,-0.025720196,-0.009223476,-0.01716082,0.270736,1.2310636
ATAC_ITGA10,-0.031475425,1.8559096,-0.008098906,-0.015873782,2.9294841,0.3031222,-0.0035038185,-0.023198618,2.3493445,3.3746789,2.9128296,-0.025719723,-0.009225501,-0.017161364,0.27075028,1.2310655
ATAC_ITGA2B,-0.031475425,1.8559096,-0.008098906,-0.015873782,2.9294841,0.3031222,-0.0035038185,-0.023198618,2.3493445,3.3746789,2.9128296,-0.025719723,-0.009225501,-0.017161364,0.27075028,1.2310655
ATAC_ITGA6,-0.031475425,1.8559096,-0.008098906,-0.015873782,2.9294841,0.3031222,-0.0035038185,-0.023198618,2.3493445,3.3746789,2.9128296,-0.025719723,-0.009225501,-0.017161364,0.27075028,1.2310655
ATAC_ITGAD,-0.029042615,1.307198,-0.012907376,-0.011162886,2.1797936,0.017672645,-0.004400254,-0.025513977,1.5255251,2.7885387,2.6890678,-0.023448719,-0.012949664,-0.010947382,0.41374564,0.70960885
ATAC_ITGB1BP2,-0.031475425,1.8559096,-0.008098906,-0.015873782,2.9294841,0.3031222,-0.0035038185,-0.023198618,2.3493445,3.3746789,2.9128296,-0.025719723,-0.009225501,-0.017161364,0.27075028,1.2310655
ATAC_ITGB2-AS1,-0.031475425,1.8559096,-0.008098906,-0.015873782,2.9294841,0.3031222,-0.0035038185,-0.023198618,2.3493445,3.3746789,2.9128296,-0.025719723,-0.009225501,-0.017161364,0.27075028,1.2310655
ATAC_ITPR3,-0.03133905,1.8679312,-0.008088901,-0.01590103,2.9093904,0.26217118,-0.0035443131,-0.023311414,2.348609,3.337586,2.8854523,-0.025928507,-0.008982873,-0.017262626,0.25106964,1.2420079
ATAC_ITPRIPL1,-0.031475425,1.8559096,-0.008098906,-0.015873782,2.9294841,0.3031222,-0.0035038185,-0.023198618,2.3493445,3.3746789,2.9128296,-0.025719723,-0.009225501,-0.017161364,0.27075028,1.2310655
ATAC_JADE2,-0.031407062,1.8539673,-0.008113297,-0.015873212,2.9247952,0.30009767,-0.0034931903,-0.023215732,2.3507512,3.3756182,2.9077888,-0.025676617,-0.009176388,-0.017106673,0.2662375,1.2341269
ATAC_JAKMIP2,-0.031475425,1.8559096,-0.008098906,-0.015873782,2.9294841,0.3031222,-0.0035038185,-0.023198618,2.3493445,3.3746789,2.9128296,-0.025719723,-0.009225501,-0.017161364,0.27075028,1.2310655
ATAC_JAM2,-0.031475425,1.8559096,-0.008098906,-0.015873782,2.9294841,0.3031222,-0.0035038185,-0.023198618,2.3493445,3.3746789,2.9128296,-0.025719723,-0.009225501,-0.017161364,0.27075028,1.2310655
ATAC_JAM3,-0.031475425,1.8559096,-0.008098906,-0.015873782,2.9294841,0.3031222,-0.0035038185,-0.023198618,2.3493445,3.3746789,2.9128296,-0.025719723,-0.009225501,-0.017161364,0.27075028,1.2310655
ATAC_JAZF1-AS1,-0.029042615,1.307198,-0.012907376,-0.011162886,2.1797936,0.017672645,-0.004400254,-0.025513977,1.5255251,2.7885387,2.6890678,-0.023448719,-0.012949664,-0.010947382,0.41374564,0.70960885
ATAC_JPX,-0.031475425,1.8559096,-0.008098906,-0.015873782,2.9294841,0.3031222,-0.0035038185,-0.023198618,2.3493445,3.3746789,2.9128296,-0.025719723,-0.009225501,-0.017161364,0.27075028,1.2310655
ATAC_KALRN,-0.031475425,1.8559096,-0.008098906,-0.015873782,2.9294841,0.3031222,-0.0035038185,-0.023198618,2.3493445,3.3746789,2.9128296,-0.025719723,-0.009225501,-0.017161364,0.27075028,1.2310655
ATAC_KANK1,-0.031475425,1.8559096,-0.008098906,-0.015873782,2.9294841,0.3031222,-0.0035038185,-0.023198618,2.3493445,3.3746789,2.9128296,-0.025719723,-0.009225501,-0.017161364,0.27075028,1.2310655
ATAC_KANK3,-0.031475425,1.8559096,-0.008098906,-0.015873782,2.9294841,0.3031222,-0.0035038185,-0.023198618,2.3493445,3.3746789,2.9128296,-0.025719723,-0.009225501,-0.017161364,0.27075028,1.2310655
ATAC_KANSL1-AS1,-0.031475425,1.8559096,-0.008098906,-0.015873782,2.9294841,0.3031222,-0.0035038185,-0.023198618,2.3493445,3.3746789,2.9128296,-0.025719723,-0.009225501,-0.017161364,0.27075028,1.2310655
ATAC_KANTR,-0.031475425,1.8559096,-0.008098906,-0.015873782,2.9294841,0.3031222,-0.0035038185,-0.023198618,2.3493445,3.3746789,2.9128296,-0.025719723,-0.009225501,-0.017161364,0.27075028,1.2310655
ATAC_KAT2A,-0.025059726,1.4075105,-0.0082802605,-0.017533647,2.9557238,0.0868554,-0.0029509882,-0.017581526,2.2761734,3.0950334,2.7443464,-0.019196726,-0.008376342,-0.018446904,0.058052603,1.651039
ATAC_KATNBL1,-0.031475425,1.8559096,-0.008098906,-0.015873782,2.9294841,0.3031222,-0.0035038185,-0.023198618,2.3493445,3.3746789,2.9128296,-0.025719723,-0.009225501,-0.017161364,0.27075028,1.2310655
ATAC_KAZALD1,-0.031339303,1.8682848,-0.00808809,-0.015901377,2.9096599,0.2619709,-0.0035461145,-0.023308255,2.3491251,3.3380678,2.8859878,-0.025923265,-0.008983571,-0.017267866,0.25151762,1.2417654
ATAC_KCNA3,-0.031475425,1.8559096,-0.008098906,-0.015873782,2.9294841,0.3031222,-0.0035038185,-0.023198618,2.3493445,3.3746789,2.9128296,-0.025719723,-0.009225501,-0.017161364,0.27075028,1.2310655
ATAC_KCNE2,-0.031475425,1.8559096,-0.008098906,-0.015873782,2.9294841,0.3031222,-0.0035038185,-0.023198618,2.3493445,3.3746789,2.9128296,-0.025719723,-0.009225501,-0.017161364,0.27075028,1.2310655
ATAC_KCNG1,-0.031475425,1.8559096,-0.008098906,-0.015873782,2.9294841,0.3031222,-0.0035038185,-0.023198618,2.3493445,3.3746789,2.9128296,-0.025719723,-0.009225501,-0.017161364,0.27075028,1.2310655
ATAC_KCNH6,-0.031475425,1.8559096,-0.008098906,-0.015873782,2.9294841,0.3031222,-0.0035038185,-0.023198618,2.3493445,3.3746789,2.9128296,-0.025719723,-0.009225501,-0.017161364,0.27075028,1.2310655
ATAC_KCNN1,-0.031475425,1.8559096,-0.008098906,-0.015873782,2.9294841,0.3031222,-0.0035038185,-0.023198618,2.3493445,3.3746789,2.9128296,-0.025719723,-0.009225501,-0.017161364,0.27075028,1.2310655
ATAC_KDM2B-DT,-0.031475425,1.8559096,-0.008098906,-0.015873782,2.9294841,0.3031222,-0.0035038185,-0.023198618,2.3493445,3.3746789,2.9128296,-0.025719723,-0.009225501,-0.017161364,0.27075028,1.2310655
ATAC_KHDC1,-0.031475425,1.8559096,-0.008098906,-0.015873782,2.9294841,0.3031222,-0.0035038185,-0.023198618,2.3493445,3.3746789,2.9128296,-0.025719723,-0.009225501,-0.017161364,0.27075028,1.2310655
ATAC_KHDRBS2,-0.031475425,1.8559096,-0.008098906,-0.015873782,2.9294841,0.3031222,-0.0035038185,-0.023198618,2.3493445,3.3746789,2.9128296,-0.025719723,-0.009225501,-0.017161364,0.27075028,1.2310655
ATAC_KIAA0040,-0.031475425,1.8559096,-0.008098906,-0.015873782,2.9294841,0.3031222,-0.0035038185,-0.023198618,2.3493445,3.3746789,2.9128296,-0.025719723,-0.009225501,-0.017161364,0.27075028,1.2310655
ATAC_KIAA1671,-0.031478506,1.8553385,-0.0081128515,-0.0158729,2.9310913,0.3027985,-0.0035141045,-0.023208523,2.346136,3.3745625,2.9107852,-0.025703715,-0.009239115,-0.017173517,0.27238,1.230591
ATAC_KIF12,-0.03149159,1.854954,-0.008103483,-0.01588788,2.9299116,0.3011691,-0.0034996504,-0.023210699,2.3472397,3.3728116,2.9094427,-0.025704727,-0.009252166,-0.01716507,0.27190584,1.2315838
ATAC_KIF21A,-0.031475425,1.8559096,-0.008098906,-0.015873782,2.9294841,0.3031222,-0.0035038185,-0.023198618,2.3493445,3.3746789,2.9128296,-0.025719723,-0.009225501,-0.017161364,0.27075028,1.2310655
ATAC_KIF21B,-0.034074977,1.3098423,-0.0087715555,-0.0194718,2.739299,0.2082126,-0.00047216503,-0.024286218,2.1095293,2.8598838,2.533905,-0.023567013,-0.0050060214,-0.017466825,0.5036518,1.0191813
ATAC_KIF2A,-0.031473584,1.8558726,-0.008100149,-0.015874755,2.9293447,0.3031933,-0.0035030162,-0.023198988,2.3494174,3.3747728,2.9127731,-0.025720196,-0.009223476,-0.01716082,0.270736,1.2310636
ATAC_KIF3A,-0.031475425,1.8559096,-0.008098906,-0.015873782,2.9294841,0.3031222,-0.0035038185,-0.023198618,2.3493445,3.3746789,2.9128296,-0.025719723,-0.009225501,-0.017161364,0.27075028,1.2310655
ATAC_KIF5C,-0.031475425,1.8559096,-0.008098906,-0.015873782,2.9294841,0.3031222,-0.0035038185,-0.023198618,2.3493445,3.3746789,2.9128296,-0.025719723,-0.009225501,-0.017161364,0.27075028,1.2310655
ATAC_KIN,-0.031475425,1.8559096,-0.008098906,-0.015873782,2.9294841,0.3031222,-0.0035038185,-0.023198618,2.3493445,3.3746789,2.9128296,-0.025719723,-0.009225501,-0.017161364,0.27075028,1.2310655
ATAC_KIR2DL1,-0.031458575,1.8564616,-0.008108636,-0.015889112,2.9301527,0.30349657,-0.0034956473,-0.023181153,2.3501375,3.3738346,2.9119534,-0.025723262,-0.0092122825,-0.017176848,0.27019,1.231846
ATAC_KIR2DL4,-0.031475425,1.8559096,-0.008098906,-0.015873782,2.9294841,0.3031222,-0.0035038185,-0.023198618,2.3493445,3.3746789,2.9128296,-0.025719723,-0.009225501,-0.017161364,0.27075028,1.2310655
ATAC_KIR3DL1,-0.030131914,1.9522926,-0.0050141495,-0.01183278,2.4116273,0.23145925,-0.005521063,-0.018830013,2.472123,3.5657923,2.6391146,-0.027122196,-0.005650389,-0.018643273,-0.0009225135,0.9260177
ATAC_KIR3DL2,-0.031446006,1.8565661,-0.008079412,-0.015891537,2.9312584,0.30523628,-0.0035138552,-0.02320972,2.348716,3.3761027,2.9104512,-0.025697513,-0.009240161,-0.01714692,0.27288628,1.2322782
ATAC_KIZ,-0.026801094,1.9635823,-0.0050175968,-0.019113362,2.3194375,0.40429926,-6.0457063e-05,-0.016353551,2.7063785,2.8792105,2.5543191,-0.026574897,-0.010913961,-0.01393463,-0.002243994,1.3196925
ATAC_KLF3-AS1,-0.031475425,1.8559096,-0.008098906,-0.015873782,2.9294841,0.3031222,-0.0035038185,-0.023198618,2.3493445,3.3746789,2.9128296,-0.025719723,-0.009225501,-0.017161364,0.27075028,1.2310655
ATAC_KLHDC1,-0.031475425,1.8559096,-0.008098906,-0.015873782,2.9294841,0.3031222,-0.0035038185,-0.023198618,2.3493445,3.3746789,2.9128296,-0.025719723,-0.009225501,-0.017161364,0.27075028,1.2310655
ATAC_KLHDC10,-0.031475425,1.8559096,-0.008098906,-0.015873782,2.9294841,0.3031222,-0.0035038185,-0.023198618,2.3493445,3.3746789,2.9128296,-0.025719723,-0.009225501,-0.017161364,0.27075028,1.2310655
ATAC_KLHDC4,-0.031475425,1.8559096,-0.008098906,-0.015873782,2.9294841,0.3031222,-0.0035038185,-0.023198618,2.3493445,3.3746789,2.9128296,-0.025719723,-0.009225501,-0.017161364,0.27075028,1.2310655
ATAC_KLHL11,-0.031475425,1.8559096,-0.008098906,-0.015873782,2.9294841,0.3031222,-0.0035038185,-0.023198618,2.3493445,3.3746789,2.9128296,-0.025719723,-0.009225501,-0.017161364,0.27075028,1.2310655
ATAC_KLHL29,-0.031475425,1.8559096,-0.008098906,-0.015873782,2.9294841,0.3031222,-0.0035038185,-0.023198618,2.3493445,3.3746789,2.9128296,-0.025719723,-0.009225501,-0.017161364,0.27075028,1.2310655
ATAC_KLHL32,-0.031475425,1.8559096,-0.008098906,-0.015873782,2.9294841,0.3031222,-0.0035038185,-0.023198618,2.3493445,3.3746789,2.9128296,-0.025719723,-0.009225501,-0.017161364,0.27075028,1.2310655
ATAC_KLRB1,-0.03148522,1.856916,-0.008101474,-0.015866423,2.9298956,0.3040112,-0.0035024935,-0.023203552,2.3502305,3.3742976,2.9119754,-0.02572195,-0.00922212,-0.017163236,0.27034044,1.2306494
ATAC_KLRC1,-0.03147517,1.8555561,-0.008099716,-0.015873434,2.929215,0.30332246,-0.0035020171,-0.023201777,2.3488286,3.374197,2.9122941,-0.025724964,-0.009224802,-0.017156124,0.2703023,1.231308
ATAC_KLRF1,-0.031475425,1.8559096,-0.008098906,-0.015873782,2.9294841,0.3031222,-0.0035038185,-0.023198618,2.3493445,3.3746789,2.9128296,-0.025719723,-0.009225501,-0.017161364,0.27075028,1.2310655
ATAC_KLRG1,-0.031475425,1.8559096,-0.008098906,-0.015873782,2.9294841,0.3031222,-0.0035038185,-0.023198618,2.3493445,3.3746789,2.9128296,-0.025719723,-0.009225501,-0.017161364,0.27075028,1.2310655
ATAC_KLRK1,-0.031478506,1.8553385,-0.0081128515,-0.0158729,2.9310913,0.3027985,-0.0035141045,-0.023208523,2.346136,3.3745625,2.9107852,-0.025703715,-0.009239115,-0.017173517,0.27238,1.230591
ATAC_KNOP1,-0.031475425,1.8559096,-0.008098906,-0.015873782,2.9294841,0.3031222,-0.0035038185,-0.023198618,2.3493445,3.3746789,2.9128296,-0.025719723,-0.009225501,-0.017161364,0.27075028,1.2310655
ATAC_KPNA2,-0.031475425,1.8559096,-0.008098906,-0.015873782,2.9294841,0.3031222,-0.0035038185,-0.023198618,2.3493445,3.3746789,2.9128296,-0.025719723,-0.009225501,-0.017161364,0.27075028,1.2310655
ATAC_KPNA5,-0.031475425,1.8559096,-0.008098906,-0.015873782,2.9294841,0.3031222,-0.0035038185,-0.023198618,2.3493445,3.3746789,2.9128296,-0.025719723,-0.009225501,-0.017161364,0.27075028,1.2310655
ATAC_KRBA2,-0.031475425,1.8559096,-0.008098906,-0.015873782,2.9294841,0.3031222,-0.0035038185,-0.023198618,2.3493445,3.3746789,2.9128296,-0.025719723,-0.009225501,-0.017161364,0.27075028,1.2310655
ATAC_KRI1,-0.031475425,1.8559096,-0.008098906,-0.015873782,2.9294841,0.3031222,-0.0035038185,-0.023198618,2.3493445,3.3746789,2.9128296,-0.025719723,-0.009225501,-0.017161364,0.27075028,1.2310655
ATAC_KRT33A,-0.031475425,1.8559096,-0.008098906,-0.015873782,2.9294841,0.3031222,-0.0035038185,-0.023198618,2.3493445,3.3746789,2.9128296,-0.025719723,-0.009225501,-0.017161364,0.27075028,1.2310655
ATAC_KRT73-AS1,-0.031475425,1.8559096,-0.008098906,-0.015873782,2.9294841,0.3031222,-0.0035038185,-0.023198618,2.3493445,3.3746789,2.9128296,-0.025719723,-0.009225501,-0.017161364,0.27075028,1.2310655
ATAC_KRT74,-0.031475425,1.8559096,-0.008098906,-0.015873782,2.9294841,0.3031222,-0.0035038185,-0.023198618,2.3493445,3.3746789,2.9128296,-0.025719723,-0.009225501,-0.017161364,0.27075028,1.2310655
ATAC_KRT80,-0.031475425,1.8559096,-0.008098906,-0.015873782,2.9294841,0.3031222,-0.0035038185,-0.023198618,2.3493445,3.3746789,2.9128296,-0.025719723,-0.009225501,-0.017161364,0.27075028,1.2310655
ATAC_KRTDAP,-0.031475425,1.8559096,-0.008098906,-0.015873782,2.9294841,0.3031222,-0.0035038185,-0.023198618,2.3493445,3.3746789,2.9128296,-0.025719723,-0.009225501,-0.017161364,0.27075028,1.2310655
ATAC_L2HGDH,-0.031475425,1.8559096,-0.008098906,-0.015873782,2.9294841,0.3031222,-0.0035038185,-0.023198618,2.3493445,3.3746789,2.9128296,-0.025719723,-0.009225501,-0.017161364,0.27075028,1.2310655
ATAC_LAG3,-0.031475425,1.8559096,-0.008098906,-0.015873782,2.9294841,0.3031222,-0.0035038185,-0.023198618,2.3493445,3.3746789,2.9128296,-0.025719723,-0.009225501,-0.017161364,0.27075028,1.2310655
ATAC_LAIR2,-0.031475425,1.8559096,-0.008098906,-0.015873782,2.9294841,0.3031222,-0.0035038185,-0.023198618,2.3493445,3.3746789,2.9128296,-0.025719723,-0.009225501,-0.017161364,0.27075028,1.2310655
ATAC_LAMA3,-0.031475425,1.8559096,-0.008098906,-0.015873782,2.9294841,0.3031222,-0.0035038185,-0.023198618,2.3493445,3.3746789,2.9128296,-0.025719723,-0.009225501,-0.017161364,0.27075028,1.2310655
ATAC_LAMP3,-0.031475425,1.8559096,-0.008098906,-0.015873782,2.9294841,0.3031222,-0.0035038185,-0.023198618,2.3493445,3.3746789,2.9128296,-0.025719723,-0.009225501,-0.017161364,0.27075028,1.2310655
ATAC_LANCL1,-0.031475425,1.8559096,-0.008098906,-0.015873782,2.9294841,0.3031222,-0.0035038185,-0.023198618,2.3493445,3.3746789,2.9128296,-0.025719723,-0.009225501,-0.017161364,0.27075028,1.2310655
ATAC_LANCL3,-0.031475425,1.8559096,-0.008098906,-0.015873782,2.9294841,0.3031222,-0.0035038185,-0.023198618,2.3493445,3.3746789,2.9128296,-0.025719723,-0.009225501,-0.017161364,0.27075028,1.2310655
ATAC_LAT,-0.031475425,1.8559096,-0.008098906,-0.015873782,2.9294841,0.3031222,-0.0035038185,-0.023198618,2.3493445,3.3746789,2.9128296,-0.025719723,-0.009225501,-0.017161364,0.27075028,1.2310655
ATAC_LAX1,-0.031475425,1.8559096,-0.008098906,-0.015873782,2.9294841,0.3031222,-0.0035038185,-0.023198618,2.3493445,3.3746789,2.9128296,-0.025719723,-0.009225501,-0.017161364,0.27075028,1.2310655
ATAC_LCK,-0.031475425,1.8559096,-0.008098906,-0.015873782,2.9294841,0.3031222,-0.0035038185,-0.023198618,2.3493445,3.3746789,2.9128296,-0.025719723,-0.009225501,-0.017161364,0.27075028,1.2310655
ATAC_LCLAT1,-0.031475425,1.8559096,-0.008098906,-0.015873782,2.9294841,0.3031222,-0.0035038185,-0.023198618,2.3493445,3.3746789,2.9128296,-0.025719723,-0.009225501,-0.017161364,0.27075028,1.2310655
ATAC_LDAH,-0.031475425,1.8559096,-0.008098906,-0.015873782,2.9294841,0.3031222,-0.0035038185,-0.023198618,2.3493445,3.3746789,2.9128296,-0.025719723,-0.009225501,-0.017161364,0.27075028,1.2310655
ATAC_LDB2,-0.031475425,1.8559096,-0.008098906,-0.015873782,2.9294841,0.3031222,-0.0035038185,-0.023198618,2.3493445,3.3746789,2.9128296,-0.025719723,-0.009225501,-0.017161364,0.27075028,1.2310655
ATAC_LDHC,-0.031475425,1.8559096,-0.008098906,-0.015873782,2.9294841,0.3031222,-0.0035038185,-0.023198618,2.3493445,3.3746789,2.9128296,-0.025719723,-0.009225501,-0.017161364,0.27075028,1.2310655
ATAC_LDLRAP1,-0.031475425,1.8559096,-0.008098906,-0.015873782,2.9294841,0.3031222,-0.0035038185,-0.023198618,2.3493445,3.3746789,2.9128296,-0.025719723,-0.009225501,-0.017161364,0.27075028,1.2310655
ATAC_LEF1-AS1,-0.031446006,1.8565661,-0.008079412,-0.015891537,2.9312584,0.30523628,-0.0035138552,-0.02320972,2.348716,3.3761027,2.9104512,-0.025697513,-0.009240161,-0.01714692,0.27288628,1.2322782
ATAC_LEFTY2,-0.027136836,1.8240168,-0.009266311,-0.014416294,2.9998238,0.6189444,-0.0077284756,-0.023865225,1.8066359,3.3279731,2.5685408,-0.024335403,-0.005698275,-0.019432481,0.5677488,0.8374876
ATAC_LEMD3,-0.026771674,1.9642388,-0.004998103,-0.019131117,2.3212118,0.40641335,-7.0493814e-05,-0.016364655,2.70575,2.8806343,2.5519407,-0.02655268,-0.010928619,-0.013920186,-0.0022226342,1.3209052
ATAC_LETM2,-0.03148851,1.8555251,-0.008089539,-0.015888762,2.9283044,0.30149278,-0.0034893644,-0.023200795,2.3504481,3.372928,2.911487,-0.025720734,-0.009238552,-0.017152917,0.27027613,1.2320583
ATAC_LEXM,-0.031475425,1.8559096,-0.008098906,-0.015873782,2.9294841,0.3031222,-0.0035038185,-0.023198618,2.3493445,3.3746789,2.9128296,-0.025719723,-0.009225501,-0.017161364,0.27075028,1.2310655
ATAC_LGALS8-AS1,-0.031475425,1.8559096,-0.008098906,-0.015873782,2.9294841,0.3031222,-0.0035038185,-0.023198618,2.3493445,3.3746789,2.9128296,-0.025719723,-0.009225501,-0.017161364,0.27075028,1.2310655
ATAC_LGALS9B,-0.031475425,1.8559096,-0.008098906,-0.015873782,2.9294841,0.3031222,-0.0035038185,-0.023198618,2.3493445,3.3746789,2.9128296,-0.025719723,-0.009225501,-0.017161364,0.27075028,1.2310655
ATAC_LGR6,-0.031475425,1.8559096,-0.008098906,-0.015873782,2.9294841,0.3031222,-0.0035038185,-0.023198618,2.3493445,3.3746789,2.9128296,-0.025719723,-0.009225501,-0.017161364,0.27075028,1.2310655
ATAC_LHFPL1,-0.031446006,1.8565661,-0.008079412,-0.015891537,2.9312584,0.30523628,-0.0035138552,-0.02320972,2.348716,3.3761027,2.9104512,-0.025697513,-0.009240161,-0.01714692,0.27288628,1.2322782
ATAC_LHX1-DT,-0.031465635,1.8570362,-0.008113194,-0.015855499,2.9299557,0.30276975,-0.0035122966,-0.023202628,2.3477943,3.3744884,2.9130175,-0.025719332,-0.009239676,-0.017143922,0.26992935,1.2290561
ATAC_LIM2,-0.031475425,1.8559096,-0.008098906,-0.015873782,2.9294841,0.3031222,-0.0035038185,-0.023198618,2.3493445,3.3746789,2.9128296,-0.025719723,-0.009225501,-0.017161364,0.27075028,1.2310655
ATAC_LIMA1,-0.031475425,1.8559096,-0.008098906,-0.015873782,2.9294841,0.3031222,-0.0035038185,-0.023198618,2.3493445,3.3746789,2.9128296,-0.025719723,-0.009225501,-0.017161364,0.27075028,1.2310655
ATAC_LIME1,-0.031475425,1.8559096,-0.008098906,-0.015873782,2.9294841,0.3031222,-0.0035038185,-0.023198618,2.3493445,3.3746789,2.9128296,-0.025719723,-0.009225501,-0.017161364,0.27075028,1.2310655
ATAC_LIN7B,-0.031475425,1.8559096,-0.008098906,-0.015873782,2.9294841,0.3031222,-0.0035038185,-0.023198618,2.3493445,3.3746789,2.9128296,-0.025719723,-0.009225501,-0.017161364,0.27075028,1.2310655
ATAC_LINC00092,-0.031475425,1.8559096,-0.008098906,-0.015873782,2.9294841,0.3031222,-0.0035038185,-0.023198618,2.3493445,3.3746789,2.9128296,-0.025719723,-0.009225501,-0.017161364,0.27075028,1.2310655
ATAC_LINC00237,-0.031475425,1.8559096,-0.008098906,-0.015873782,2.9294841,0.3031222,-0.0035038185,-0.023198618,2.3493445,3.3746789,2.9128296,-0.025719723,-0.009225501,-0.017161364,0.27075028,1.2310655
ATAC_LINC00240,-0.031475425,1.8559096,-0.008098906,-0.015873782,2.9294841,0.3031222,-0.0035038185,-0.023198618,2.3493445,3.3746789,2.9128296,-0.025719723,-0.009225501,-0.017161364,0.27075028,1.2310655
ATAC_LINC00243,-0.031475425,1.8559096,-0.008098906,-0.015873782,2.9294841,0.3031222,-0.0035038185,-0.023198618,2.3493445,3.3746789,2.9128296,-0.025719723,-0.009225501,-0.017161364,0.27075028,1.2310655
ATAC_LINC00299,-0.031475425,1.8559096,-0.008098906,-0.015873782,2.9294841,0.3031222,-0.0035038185,-0.023198618,2.3493445,3.3746789,2.9128296,-0.025719723,-0.009225501,-0.017161364,0.27075028,1.2310655
ATAC_LINC00323,-0.03147575,1.8558457,-0.008096901,-0.015873168,2.9293013,0.30331364,-0.0035046015,-0.02319632,2.349423,3.374781,2.9129534,-0.025719766,-0.009226859,-0.017161522,0.27079147,1.230874
ATAC_LINC00390,-0.031475425,1.8559096,-0.008098906,-0.015873782,2.9294841,0.3031222,-0.0035038185,-0.023198618,2.3493445,3.3746789,2.9128296,-0.025719723,-0.009225501,-0.017161364,0.27075028,1.2310655
ATAC_LINC00402,-0.03148522,1.856916,-0.008101474,-0.015866423,2.9298956,0.3040112,-0.0035024935,-0.023203552,2.3502305,3.3742976,2.9119754,-0.02572195,-0.00922212,-0.017163236,0.27034044,1.2306494
ATAC_LINC00461,-0.031475425,1.8559096,-0.008098906,-0.015873782,2.9294841,0.3031222,-0.0035038185,-0.023198618,2.3493445,3.3746789,2.9128296,-0.025719723,-0.009225501,-0.017161364,0.27075028,1.2310655
ATAC_LINC00469,-0.022233,1.5991832,-0.0041512293,-0.012653666,2.423604,0.35243446,0.021956965,-0.013193793,1.7555146,3.0089908,2.663933,-0.01311513,-0.010400951,-0.015958346,0.45517087,1.2195568
ATAC_LINC00471,-0.03148851,1.8555251,-0.008089539,-0.015888762,2.9283044,0.30149278,-0.0034893644,-0.023200795,2.3504481,3.372928,2.911487,-0.025720734,-0.009238552,-0.017152917,0.27027613,1.2320583
ATAC_LINC00502,-0.031452347,1.8558502,-0.008084333,-0.015873622,2.9285958,0.30563757,-0.003493465,-0.023189267,2.3479567,3.371477,2.9126184,-0.02570977,-0.00921395,-0.017170466,0.27128989,1.2300254
ATAC_LINC00551,-0.034074977,1.3098423,-0.0087715555,-0.0194718,2.739299,0.2082126,-0.00047216503,-0.024286218,2.1095293,2.8598838,2.533905,-0.023567013,-0.0050060214,-0.017466825,0.5036518,1.0191813
ATAC_LINC00554,-0.031475425,1.8559096,-0.008098906,-0.015873782,2.9294841,0.3031222,-0.0035038185,-0.023198618,2.3493445,3.3746789,2.9128296,-0.025719723,-0.009225501,-0.017161364,0.27075028,1.2310655
ATAC_LINC00563,-0.031446006,1.8565661,-0.008079412,-0.015891537,2.9312584,0.30523628,-0.0035138552,-0.02320972,2.348716,3.3761027,2.9104512,-0.025697513,-0.009240161,-0.01714692,0.27288628,1.2322782
ATAC_LINC00582,-0.031475425,1.8559096,-0.008098906,-0.015873782,2.9294841,0.3031222,-0.0035038185,-0.023198618,2.3493445,3.3746789,2.9128296,-0.025719723,-0.009225501,-0.017161364,0.27075028,1.2310655
ATAC_LINC00612,-0.031469822,1.854997,-0.008106444,-0.015879026,2.9290235,0.30206248,-0.0035053676,-0.0231949,2.3480704,3.3746061,2.9129014,-0.025728822,-0.009222255,-0.017165754,0.27176356,1.2300326
ATAC_LINC00623,-0.031475425,1.8559096,-0.008098906,-0.015873782,2.9294841,0.3031222,-0.0035038185,-0.023198618,2.3493445,3.3746789,2.9128296,-0.025719723,-0.009225501,-0.017161364,0.27075028,1.2310655
ATAC_LINC00649,-0.031475425,1.8559096,-0.008098906,-0.015873782,2.9294841,0.3031222,-0.0035038185,-0.023198618,2.3493445,3.3746789,2.9128296,-0.025719723,-0.009225501,-0.017161364,0.27075028,1.2310655
ATAC_LINC00652,-0.031475425,1.8559096,-0.008098906,-0.015873782,2.9294841,0.3031222,-0.0035038185,-0.023198618,2.3493445,3.3746789,2.9128296,-0.025719723,-0.009225501,-0.017161364,0.27075028,1.2310655
ATAC_LINC00661,-0.031475425,1.8559096,-0.008098906,-0.015873782,2.9294841,0.3031222,-0.0035038185,-0.023198618,2.3493445,3.3746789,2.9128296,-0.025719723,-0.009225501,-0.017161364,0.27075028,1.2310655
ATAC_LINC00685,-0.031475425,1.8559096,-0.008098906,-0.015873782,2.9294841,0.3031222,-0.0035038185,-0.023198618,2.3493445,3.3746789,2.9128296,-0.025719723,-0.009225501,-0.017161364,0.27075028,1.2310655
ATAC_LINC00850,-0.031475425,1.8559096,-0.008098906,-0.015873782,2.9294841,0.3031222,-0.0035038185,-0.023198618,2.3493445,3.3746789,2.9128296,-0.025719723,-0.009225501,-0.017161364,0.27075028,1.2310655
ATAC_LINC00867,-0.031475425,1.8559096,-0.008098906,-0.015873782,2.9294841,0.3031222,-0.0035038185,-0.023198618,2.3493445,3.3746789,2.9128296,-0.025719723,-0.009225501,-0.017161364,0.27075028,1.2310655
ATAC_LINC00882,-0.031475425,1.8559096,-0.008098906,-0.015873782,2.9294841,0.3031222,-0.0035038185,-0.023198618,2.3493445,3.3746789,2.9128296,-0.025719723,-0.009225501,-0.017161364,0.27075028,1.2310655
ATAC_LINC00926,-0.023446675,1.5057278,-0.010914454,-0.012429237,3.01229,0.7005137,-0.0047432235,-0.021108491,2.3187401,2.5381775,2.3214843,-0.022243306,-0.0067004208,-0.009349378,-0.0020455003,1.5225173
ATAC_LINC00944,-0.031475425,1.8559096,-0.008098906,-0.015873782,2.9294841,0.3031222,-0.0035038185,-0.023198618,2.3493445,3.3746789,2.9128296,-0.025719723,-0.009225501,-0.017161364,0.27075028,1.2310655
ATAC_LINC00970,-0.031475425,1.8559096,-0.008098906,-0.015873782,2.9294841,0.3031222,-0.0035038185,-0.023198618,2.3493445,3.3746789,2.9128296,-0.025719723,-0.009225501,-0.017161364,0.27075028,1.2310655
ATAC_LINC01004,-0.031475425,1.8559096,-0.008098906,-0.015873782,2.9294841,0.3031222,-0.0035038185,-0.023198618,2.3493445,3.3746789,2.9128296,-0.025719723,-0.009225501,-0.017161364,0.27075028,1.2310655
ATAC_LINC01033,-0.03148522,1.856916,-0.008101474,-0.015866423,2.9298956,0.3040112,-0.0035024935,-0.023203552,2.3502305,3.3742976,2.9119754,-0.02572195,-0.00922212,-0.017163236,0.27034044,1.2306494
ATAC_LINC01063,-0.031469192,1.8552982,-0.008074602,-0.015858293,2.9279275,0.3052632,-0.0035016362,-0.023206731,2.3471637,3.3723211,2.9134946,-0.025706239,-0.009227169,-0.017154982,0.27185017,1.229245
ATAC_LINC01077,-0.031475425,1.8559096,-0.008098906,-0.015873782,2.9294841,0.3031222,-0.0035038185,-0.023198618,2.3493445,3.3746789,2.9128296,-0.025719723,-0.009225501,-0.017161364,0.27075028,1.2310655
ATAC_LINC01135,-0.031475425,1.8559096,-0.008098906,-0.015873782,2.9294841,0.3031222,-0.0035038185,-0.023198618,2.3493445,3.3746789,2.9128296,-0.025719723,-0.009225501,-0.017161364,0.27075028,1.2310655
ATAC_LINC01151,-0.031475425,1.8559096,-0.008098906,-0.015873782,2.9294841,0.3031222,-0.0035038185,-0.023198618,2.3493445,3.3746789,2.9128296,-0.025719723,-0.009225501,-0.017161364,0.27075028,1.2310655
ATAC_LINC01232,-0.031475425,1.8559096,-0.008098906,-0.015873782,2.9294841,0.3031222,-0.0035038185,-0.023198618,2.3493445,3.3746789,2.9128296,-0.025719723,-0.009225501,-0.017161364,0.27075028,1.2310655
ATAC_LINC01237,-0.031407062,1.8539673,-0.008113297,-0.015873212,2.9247952,0.30009767,-0.0034931903,-0.023215732,2.3507512,3.3756182,2.9077888,-0.025676617,-0.009176388,-0.017106673,0.2662375,1.2341269
ATAC_LINC01278,-0.031475425,1.8559096,-0.008098906,-0.015873782,2.9294841,0.3031222,-0.0035038185,-0.023198618,2.3493445,3.3746789,2.9128296,-0.025719723,-0.009225501,-0.017161364,0.27075028,1.2310655
ATAC_LINC01315,-0.031475425,1.8559096,-0.008098906,-0.015873782,2.9294841,0.3031222,-0.0035038185,-0.023198618,2.3493445,3.3746789,2.9128296,-0.025719723,-0.009225501,-0.017161364,0.27075028,1.2310655
ATAC_LINC01381,-0.031475425,1.8559096,-0.008098906,-0.015873782,2.9294841,0.3031222,-0.0035038185,-0.023198618,2.3493445,3.3746789,2.9128296,-0.025719723,-0.009225501,-0.017161364,0.27075028,1.2310655
ATAC_LINC01413,-0.031475425,1.8559096,-0.008098906,-0.015873782,2.9294841,0.3031222,-0.0035038185,-0.023198618,2.3493445,3.3746789,2.9128296,-0.025719723,-0.009225501,-0.017161364,0.27075028,1.2310655
ATAC_LINC01426,-0.031475425,1.8559096,-0.008098906,-0.015873782,2.9294841,0.3031222,-0.0035038185,-0.023198618,2.3493445,3.3746789,2.9128296,-0.025719723,-0.009225501,-0.017161364,0.27075028,1.2310655
ATAC_LINC01431,-0.031478826,1.8552746,-0.008110845,-0.015872285,2.9309084,0.30298996,-0.0035148875,-0.023206225,2.3462145,3.3746645,2.910909,-0.025703758,-0.009240473,-0.017173676,0.27242118,1.2303995
ATAC_LINC01524,-0.031475425,1.8559096,-0.008098906,-0.015873782,2.9294841,0.3031222,-0.0035038185,-0.023198618,2.3493445,3.3746789,2.9128296,-0.025719723,-0.009225501,-0.017161364,0.27075028,1.2310655
ATAC_LINC01550,-0.031475425,1.8559096,-0.008098906,-0.015873782,2.9294841,0.3031222,-0.0035038185,-0.023198618,2.3493445,3.3746789,2.9128296,-0.025719723,-0.009225501,-0.017161364,0.27075028,1.2310655
ATAC_LINC01585,-0.031469192,1.8552982,-0.008074602,-0.015858293,2.9279275,0.3052632,-0.0035016362,-0.023206731,2.3471637,3.3723211,2.9134946,-0.025706239,-0.009227169,-0.017154982,0.27185017,1.229245
ATAC_LINC01588,-0.031475425,1.8559096,-0.008098906,-0.015873782,2.9294841,0.3031222,-0.0035038185,-0.023198618,2.3493445,3.3746789,2.9128296,-0.025719723,-0.009225501,-0.017161364,0.27075028,1.2310655
ATAC_LINC01679,-0.031472757,1.8557072,-0.008094578,-0.015873425,2.9290566,0.3026363,-0.0035026984,-0.023198549,2.3490381,3.3749695,2.912435,-0.025712237,-0.009234702,-0.017166728,0.27025354,1.2313015
ATAC_LINC01695,-0.031465635,1.8570362,-0.008113194,-0.015855499,2.9299557,0.30276975,-0.0035122966,-0.023202628,2.3477943,3.3744884,2.9130175,-0.025719332,-0.009239676,-0.017143922,0.26992935,1.2290561
ATAC_LINC01716,-0.031475425,1.8559096,-0.008098906,-0.015873782,2.9294841,0.3031222,-0.0035038185,-0.023198618,2.3493445,3.3746789,2.9128296,-0.025719723,-0.009225501,-0.017161364,0.27075028,1.2310655
ATAC_LINC01725,-0.031475425,1.8559096,-0.008098906,-0.015873782,2.9294841,0.3031222,-0.0035038185,-0.023198618,2.3493445,3.3746789,2.9128296,-0.025719723,-0.009225501,-0.017161364,0.27075028,1.2310655
ATAC_LINC01727,-0.023446675,1.5057278,-0.010914454,-0.012429237,3.01229,0.7005137,-0.0047432235,-0.021108491,2.3187401,2.5381775,2.3214843,-0.022243306,-0.0067004208,-0.009349378,-0.0020455003,1.5225173
ATAC_LINC01764,-0.031478506,1.8553385,-0.0081128515,-0.0158729,2.9310913,0.3027985,-0.0035141045,-0.023208523,2.346136,3.3745625,2.9107852,-0.025703715,-0.009239115,-0.017173517,0.27238,1.230591
ATAC_LINC01765,-0.031475425,1.8559096,-0.008098906,-0.015873782,2.9294841,0.3031222,-0.0035038185,-0.023198618,2.3493445,3.3746789,2.9128296,-0.025719723,-0.009225501,-0.017161364,0.27075028,1.2310655
ATAC_LINC01775,-0.031475425,1.8559096,-0.008098906,-0.015873782,2.9294841,0.3031222,-0.0035038185,-0.023198618,2.3493445,3.3746789,2.9128296,-0.025719723,-0.009225501,-0.017161364,0.27075028,1.2310655
ATAC_LINC01778,-0.031475425,1.8559096,-0.008098906,-0.015873782,2.9294841,0.3031222,-0.0035038185,-0.023198618,2.3493445,3.3746789,2.9128296,-0.025719723,-0.009225501,-0.017161364,0.27075028,1.2310655
ATAC_LINC01780,-0.031475425,1.8559096,-0.008098906,-0.015873782,2.9294841,0.3031222,-0.0035038185,-0.023198618,2.3493445,3.3746789,2.9128296,-0.025719723,-0.009225501,-0.017161364,0.27075028,1.2310655
ATAC_LINC01792,-0.031475425,1.8559096,-0.008098906,-0.015873782,2.9294841,0.3031222,-0.0035038185,-0.023198618,2.3493445,3.3746789,2.9128296,-0.025719723,-0.009225501,-0.017161364,0.27075028,1.2310655
ATAC_LINC01805,-0.031475425,1.8559096,-0.008098906,-0.015873782,2.9294841,0.3031222,-0.0035038185,-0.023198618,2.3493445,3.3746789,2.9128296,-0.025719723,-0.009225501,-0.017161364,0.27075028,1.2310655
ATAC_LINC01816,-0.031475425,1.8559096,-0.008098906,-0.015873782,2.9294841,0.3031222,-0.0035038185,-0.023198618,2.3493445,3.3746789,2.9128296,-0.025719723,-0.009225501,-0.017161364,0.27075028,1.2310655
ATAC_LINC01825,-0.031205844,1.9054899,-0.0076075443,-0.016291194,2.871641,0.26477396,-0.003059153,-0.023540948,2.3140776,3.3143666,2.9347296,-0.025496887,-0.009351532,-0.017653702,0.32254335,1.2362149
ATAC_LINC01829,-0.031475425,1.8559096,-0.008098906,-0.015873782,2.9294841,0.3031222,-0.0035038185,-0.023198618,2.3493445,3.3746789,2.9128296,-0.025719723,-0.009225501,-0.017161364,0.27075028,1.2310655
ATAC_LINC01841,-0.031465635,1.8570362,-0.008113194,-0.015855499,2.9299557,0.30276975,-0.0035122966,-0.023202628,2.3477943,3.3744884,2.9130175,-0.025719332,-0.009239676,-0.017143922,0.26992935,1.2290561
ATAC_LINC01843,-0.031486593,1.8557979,-0.008106825,-0.015863566,2.9289782,0.3028724,-0.0035075753,-0.02319874,2.3491552,3.3740227,2.911998,-0.025714202,-0.009230822,-0.017164828,0.26972646,1.2306191
ATAC_LINC01857,-0.031475425,1.8559096,-0.008098906,-0.015873782,2.9294841,0.3031222,-0.0035038185,-0.023198618,2.3493445,3.3746789,2.9128296,-0.025719723,-0.009225501,-0.017161364,0.27075028,1.2310655
ATAC_LINC01865,-0.031475425,1.8559096,-0.008098906,-0.015873782,2.9294841,0.3031222,-0.0035038185,-0.023198618,2.3493445,3.3746789,2.9128296,-0.025719723,-0.009225501,-0.017161364,0.27075028,1.2310655
ATAC_LINC01870,-0.031475425,1.8559096,-0.008098906,-0.015873782,2.9294841,0.3031222,-0.0035038185,-0.023198618,2.3493445,3.3746789,2.9128296,-0.025719723,-0.009225501,-0.017161364,0.27075028,1.2310655
ATAC_LINC01871,-0.031475425,1.8559096,-0.008098906,-0.015873782,2.9294841,0.3031222,-0.0035038185,-0.023198618,2.3493445,3.3746789,2.9128296,-0.025719723,-0.009225501,-0.017161364,0.27075028,1.2310655
ATAC_LINC01872,-0.031475425,1.8559096,-0.008098906,-0.015873782,2.9294841,0.3031222,-0.0035038185,-0.023198618,2.3493445,3.3746789,2.9128296,-0.025719723,-0.009225501,-0.017161364,0.27075028,1.2310655
ATAC_LINC01876,-0.031475425,1.8559096,-0.008098906,-0.015873782,2.9294841,0.3031222,-0.0035038185,-0.023198618,2.3493445,3.3746789,2.9128296,-0.025719723,-0.009225501,-0.017161364,0.27075028,1.2310655
ATAC_LINC01887,-0.031469822,1.854997,-0.008106444,-0.015879026,2.9290235,0.30206248,-0.0035053676,-0.0231949,2.3480704,3.3746061,2.9129014,-0.025728822,-0.009222255,-0.017165754,0.27176356,1.2300326
ATAC_LINC01891,-0.031475425,1.8559096,-0.008098906,-0.015873782,2.9294841,0.3031222,-0.0035038185,-0.023198618,2.3493445,3.3746789,2.9128296,-0.025719723,-0.009225501,-0.017161364,0.27075028,1.2310655
ATAC_LINC01895,-0.031475425,1.8559096,-0.008098906,-0.015873782,2.9294841,0.3031222,-0.0035038185,-0.023198618,2.3493445,3.3746789,2.9128296,-0.025719723,-0.009225501,-0.017161364,0.27075028,1.2310655
ATAC_LINC01964,-0.031472757,1.8557072,-0.008094578,-0.015873425,2.9290566,0.3026363,-0.0035026984,-0.023198549,2.3490381,3.3749695,2.912435,-0.025712237,-0.009234702,-0.017166728,0.27025354,1.2313015
ATAC_LINC01970,-0.031475425,1.8559096,-0.008098906,-0.015873782,2.9294841,0.3031222,-0.0035038185,-0.023198618,2.3493445,3.3746789,2.9128296,-0.025719723,-0.009225501,-0.017161364,0.27075028,1.2310655
ATAC_LINC01973,-0.031475425,1.8559096,-0.008098906,-0.015873782,2.9294841,0.3031222,-0.0035038185,-0.023198618,2.3493445,3.3746789,2.9128296,-0.025719723,-0.009225501,-0.017161364,0.27075028,1.2310655
ATAC_LINC01983,-0.031475425,1.8559096,-0.008098906,-0.015873782,2.9294841,0.3031222,-0.0035038185,-0.023198618,2.3493445,3.3746789,2.9128296,-0.025719723,-0.009225501,-0.017161364,0.27075028,1.2310655
ATAC_LINC01985,-0.031475425,1.8559096,-0.008098906,-0.015873782,2.9294841,0.3031222,-0.0035038185,-0.023198618,2.3493445,3.3746789,2.9128296,-0.025719723,-0.009225501,-0.017161364,0.27075028,1.2310655
ATAC_LINC01986,-0.031475425,1.8559096,-0.008098906,-0.015873782,2.9294841,0.3031222,-0.0035038185,-0.023198618,2.3493445,3.3746789,2.9128296,-0.025719723,-0.009225501,-0.017161364,0.27075028,1.2310655
ATAC_LINC01991,-0.03147517,1.8555561,-0.008099716,-0.015873434,2.929215,0.30332246,-0.0035020171,-0.023201777,2.3488286,3.374197,2.9122941,-0.025724964,-0.009224802,-0.017156124,0.2703023,1.231308
ATAC_LINC02022,-0.031478506,1.8553385,-0.0081128515,-0.0158729,2.9310913,0.3027985,-0.0035141045,-0.023208523,2.346136,3.3745625,2.9107852,-0.025703715,-0.009239115,-0.017173517,0.27238,1.230591
ATAC_LINC02029,-0.031475425,1.8559096,-0.008098906,-0.015873782,2.9294841,0.3031222,-0.0035038185,-0.023198618,2.3493445,3.3746789,2.9128296,-0.025719723,-0.009225501,-0.017161364,0.27075028,1.2310655
ATAC_LINC02042,-0.03148522,1.856916,-0.008101474,-0.015866423,2.9298956,0.3040112,-0.0035024935,-0.023203552,2.3502305,3.3742976,2.9119754,-0.02572195,-0.00922212,-0.017163236,0.27034044,1.2306494
ATAC_LINC02084,-0.031475425,1.8559096,-0.008098906,-0.015873782,2.9294841,0.3031222,-0.0035038185,-0.023198618,2.3493445,3.3746789,2.9128296,-0.025719723,-0.009225501,-0.017161364,0.27075028,1.2310655
ATAC_LINC02125,-0.031475425,1.8559096,-0.008098906,-0.015873782,2.9294841,0.3031222,-0.0035038185,-0.023198618,2.3493445,3.3746789,2.9128296,-0.025719723,-0.009225501,-0.017161364,0.27075028,1.2310655
ATAC_LINC02129,-0.031475425,1.8559096,-0.008098906,-0.015873782,2.9294841,0.3031222,-0.0035038185,-0.023198618,2.3493445,3.3746789,2.9128296,-0.025719723,-0.009225501,-0.017161364,0.27075028,1.2310655
ATAC_LINC02132,-0.031475425,1.8559096,-0.008098906,-0.015873782,2.9294841,0.3031222,-0.0035038185,-0.023198618,2.3493445,3.3746789,2.9128296,-0.025719723,-0.009225501,-0.017161364,0.27075028,1.2310655
ATAC_LINC02136,-0.031475425,1.8559096,-0.008098906,-0.015873782,2.9294841,0.3031222,-0.0035038185,-0.023198618,2.3493445,3.3746789,2.9128296,-0.025719723,-0.009225501,-0.017161364,0.27075028,1.2310655
ATAC_LINC02175,-0.031469192,1.8552982,-0.008074602,-0.015858293,2.9279275,0.3052632,-0.0035016362,-0.023206731,2.3471637,3.3723211,2.9134946,-0.025706239,-0.009227169,-0.017154982,0.27185017,1.229245
ATAC_LINC02197,-0.031475425,1.8559096,-0.008098906,-0.015873782,2.9294841,0.3031222,-0.0035038185,-0.023198618,2.3493445,3.3746789,2.9128296,-0.025719723,-0.009225501,-0.017161364,0.27075028,1.2310655
ATAC_LINC02265,-0.031475425,1.8559096,-0.008098906,-0.015873782,2.9294841,0.3031222,-0.0035038185,-0.023198618,2.3493445,3.3746789,2.9128296,-0.025719723,-0.009225501,-0.017161364,0.27075028,1.2310655
ATAC_LINC02273,-0.031475425,1.8559096,-0.008098906,-0.015873782,2.9294841,0.3031222,-0.0035038185,-0.023198618,2.3493445,3.3746789,2.9128296,-0.025719723,-0.009225501,-0.017161364,0.27075028,1.2310655
ATAC_LINC02288,-0.031475425,1.8559096,-0.008098906,-0.015873782,2.9294841,0.3031222,-0.0035038185,-0.023198618,2.3493445,3.3746789,2.9128296,-0.025719723,-0.009225501,-0.017161364,0.27075028,1.2310655
ATAC_LINC02299,-0.031475425,1.8559096,-0.008098906,-0.015873782,2.9294841,0.3031222,-0.0035038185,-0.023198618,2.3493445,3.3746789,2.9128296,-0.025719723,-0.009225501,-0.017161364,0.27075028,1.2310655
ATAC_LINC02320,-0.031475425,1.8559096,-0.008098906,-0.015873782,2.9294841,0.3031222,-0.0035038185,-0.023198618,2.3493445,3.3746789,2.9128296,-0.025719723,-0.009225501,-0.017161364,0.27075028,1.2310655
ATAC_LINC02321,-0.031475425,1.8559096,-0.008098906,-0.015873782,2.9294841,0.3031222,-0.0035038185,-0.023198618,2.3493445,3.3746789,2.9128296,-0.025719723,-0.009225501,-0.017161364,0.27075028,1.2310655
ATAC_LINC02323,-0.031475425,1.8559096,-0.008098906,-0.015873782,2.9294841,0.3031222,-0.0035038185,-0.023198618,2.3493445,3.3746789,2.9128296,-0.025719723,-0.009225501,-0.017161364,0.27075028,1.2310655
ATAC_LINC02336,-0.031475425,1.8559096,-0.008098906,-0.015873782,2.9294841,0.3031222,-0.0035038185,-0.023198618,2.3493445,3.3746789,2.9128296,-0.025719723,-0.009225501,-0.017161364,0.27075028,1.2310655
ATAC_LINC02399,-0.031475425,1.8559096,-0.008098906,-0.015873782,2.9294841,0.3031222,-0.0035038185,-0.023198618,2.3493445,3.3746789,2.9128296,-0.025719723,-0.009225501,-0.017161364,0.27075028,1.2310655
ATAC_LINC02404,-0.031475425,1.8559096,-0.008098906,-0.015873782,2.9294841,0.3031222,-0.0035038185,-0.023198618,2.3493445,3.3746789,2.9128296,-0.025719723,-0.009225501,-0.017161364,0.27075028,1.2310655
ATAC_LINC02426,-0.031475425,1.8559096,-0.008098906,-0.015873782,2.9294841,0.3031222,-0.0035038185,-0.023198618,2.3493445,3.3746789,2.9128296,-0.025719723,-0.009225501,-0.017161364,0.27075028,1.2310655
ATAC_LINC02442,-0.031475425,1.8559096,-0.008098906,-0.015873782,2.9294841,0.3031222,-0.0035038185,-0.023198618,2.3493445,3.3746789,2.9128296,-0.025719723,-0.009225501,-0.017161364,0.27075028,1.2310655
ATAC_LINC02446,-0.031475425,1.8559096,-0.008098906,-0.015873782,2.9294841,0.3031222,-0.0035038185,-0.023198618,2.3493445,3.3746789,2.9128296,-0.025719723,-0.009225501,-0.017161364,0.27075028,1.2310655
ATAC_LINC02447,-0.031666633,1.7828383,-0.008340033,-0.014688535,2.8917937,0.3721151,-0.0039404514,-0.02201431,2.416828,3.2194922,2.8670027,-0.023815589,-0.01058203,-0.015880264,0.122603156,1.1117353
ATAC_LINC02452,-0.031590853,1.8626393,-0.0073070326,-0.014225706,2.8043349,0.026236514,-0.0019303489,-0.025338355,2.218582,3.1349585,2.852901,-0.024625272,-0.008734765,-0.015460319,0.4613555,1.2112337
ATAC_LINC02455,-0.031486593,1.8557979,-0.008106825,-0.015863566,2.9289782,0.3028724,-0.0035075753,-0.02319874,2.3491552,3.3740227,2.911998,-0.025714202,-0.009230822,-0.017164828,0.26972646,1.2306191
ATAC_LINC02520,-0.031475425,1.8559096,-0.008098906,-0.015873782,2.9294841,0.3031222,-0.0035038185,-0.023198618,2.3493445,3.3746789,2.9128296,-0.025719723,-0.009225501,-0.017161364,0.27075028,1.2310655
ATAC_LINC02558,-0.031475425,1.8559096,-0.008098906,-0.015873782,2.9294841,0.3031222,-0.0035038185,-0.023198618,2.3493445,3.3746789,2.9128296,-0.025719723,-0.009225501,-0.017161364,0.27075028,1.2310655
ATAC_LINC02561,-0.031475425,1.8559096,-0.008098906,-0.015873782,2.9294841,0.3031222,-0.0035038185,-0.023198618,2.3493445,3.3746789,2.9128296,-0.025719723,-0.009225501,-0.017161364,0.27075028,1.2310655
ATAC_LINC02569,-0.031475425,1.8559096,-0.008098906,-0.015873782,2.9294841,0.3031222,-0.0035038185,-0.023198618,2.3493445,3.3746789,2.9128296,-0.025719723,-0.009225501,-0.017161364,0.27075028,1.2310655
ATAC_LINC02580,-0.031677797,1.7827266,-0.008347951,-0.014678318,2.8912878,0.37186536,-0.0039442084,-0.022014434,2.4166386,3.218836,2.8661711,-0.023810063,-0.010587351,-0.015883727,0.12157933,1.1112889
ATAC_LINC02685,-0.030131914,1.9522926,-0.0050141495,-0.01183278,2.4116273,0.23145925,-0.005521063,-0.018830013,2.472123,3.5657923,2.6391146,-0.027122196,-0.005650389,-0.018643273,-0.0009225135,0.9260177
ATAC_LINC02694,-0.031251334,1.5009439,-0.004656469,-0.014590936,2.2087865,0.473468,0.26881075,-0.01990839,1.5856621,2.7737248,2.4514472,-0.017469412,-0.0070442436,-0.014990422,0.90239984,0.5872247
ATAC_LINC02695,-0.031475425,1.8559096,-0.008098906,-0.015873782,2.9294841,0.3031222,-0.0035038185,-0.023198618,2.3493445,3.3746789,2.9128296,-0.025719723,-0.009225501,-0.017161364,0.27075028,1.2310655
ATAC_LINC02696,-0.031475425,1.8559096,-0.008098906,-0.015873782,2.9294841,0.3031222,-0.0035038185,-0.023198618,2.3493445,3.3746789,2.9128296,-0.025719723,-0.009225501,-0.017161364,0.27075028,1.2310655
ATAC_LINC02725,-0.031475425,1.8559096,-0.008098906,-0.015873782,2.9294841,0.3031222,-0.0035038185,-0.023198618,2.3493445,3.3746789,2.9128296,-0.025719723,-0.009225501,-0.017161364,0.27075028,1.2310655
ATAC_LINC02730,-0.031475425,1.8559096,-0.008098906,-0.015873782,2.9294841,0.3031222,-0.0035038185,-0.023198618,2.3493445,3.3746789,2.9128296,-0.025719723,-0.009225501,-0.017161364,0.27075028,1.2310655
ATAC_LINC02761,-0.031475425,1.8559096,-0.008098906,-0.015873782,2.9294841,0.3031222,-0.0035038185,-0.023198618,2.3493445,3.3746789,2.9128296,-0.025719723,-0.009225501,-0.017161364,0.27075028,1.2310655
ATAC_LINC02768,-0.031475425,1.8559096,-0.008098906,-0.015873782,2.9294841,0.3031222,-0.0035038185,-0.023198618,2.3493445,3.3746789,2.9128296,-0.025719723,-0.009225501,-0.017161364,0.27075028,1.2310655
ATAC_LINC02774,-0.031475425,1.8559096,-0.008098906,-0.015873782,2.9294841,0.3031222,-0.0035038185,-0.023198618,2.3493445,3.3746789,2.9128296,-0.025719723,-0.009225501,-0.017161364,0.27075028,1.2310655
ATAC_LINC02828,-0.03148851,1.8555251,-0.008089539,-0.015888762,2.9283044,0.30149278,-0.0034893644,-0.023200795,2.3504481,3.372928,2.911487,-0.025720734,-0.009238552,-0.017152917,0.27027613,1.2320583
ATAC_LINC02851,-0.031475425,1.8559096,-0.008098906,-0.015873782,2.9294841,0.3031222,-0.0035038185,-0.023198618,2.3493445,3.3746789,2.9128296,-0.025719723,-0.009225501,-0.017161364,0.27075028,1.2310655
ATAC_LINGO2,-0.031475425,1.8559096,-0.008098906,-0.015873782,2.9294841,0.3031222,-0.0035038185,-0.023198618,2.3493445,3.3746789,2.9128296,-0.025719723,-0.009225501,-0.017161364,0.27075028,1.2310655
ATAC_LINGO4,-0.031469822,1.854997,-0.008106444,-0.015879026,2.9290235,0.30206248,-0.0035053676,-0.0231949,2.3480704,3.3746061,2.9129014,-0.025728822,-0.009222255,-0.017165754,0.27176356,1.2300326
ATAC_LIPC,-0.031475425,1.8559096,-0.008098906,-0.015873782,2.9294841,0.3031222,-0.0035038185,-0.023198618,2.3493445,3.3746789,2.9128296,-0.025719723,-0.009225501,-0.017161364,0.27075028,1.2310655
ATAC_LIX1-AS1,-0.03146716,1.8553132,-0.008101952,-0.01588118,2.92978,0.30340657,-0.0034983282,-0.02319912,2.3500173,3.3743782,2.9126399,-0.025713166,-0.009228761,-0.017164165,0.2699128,1.2311366
ATAC_LLGL2,-0.031475425,1.8559096,-0.008098906,-0.015873782,2.9294841,0.3031222,-0.0035038185,-0.023198618,2.3493445,3.3746789,2.9128296,-0.025719723,-0.009225501,-0.017161364,0.27075028,1.2310655
ATAC_LMTK3,-0.031475425,1.8559096,-0.008098906,-0.015873782,2.9294841,0.3031222,-0.0035038185,-0.023198618,2.3493445,3.3746789,2.9128296,-0.025719723,-0.009225501,-0.017161364,0.27075028,1.2310655
ATAC_LNCTAM34A,-0.031475425,1.8559096,-0.008098906,-0.015873782,2.9294841,0.3031222,-0.0035038185,-0.023198618,2.3493445,3.3746789,2.9128296,-0.025719723,-0.009225501,-0.017161364,0.27075028,1.2310655
ATAC_LPAR3,-0.031475425,1.8559096,-0.008098906,-0.015873782,2.9294841,0.3031222,-0.0035038185,-0.023198618,2.3493445,3.3746789,2.9128296,-0.025719723,-0.009225501,-0.017161364,0.27075028,1.2310655
ATAC_LPGAT1-AS1,-0.031475425,1.8559096,-0.008098906,-0.015873782,2.9294841,0.3031222,-0.0035038185,-0.023198618,2.3493445,3.3746789,2.9128296,-0.025719723,-0.009225501,-0.017161364,0.27075028,1.2310655
ATAC_LRAT,-0.031475425,1.8559096,-0.008098906,-0.015873782,2.9294841,0.3031222,-0.0035038185,-0.023198618,2.3493445,3.3746789,2.9128296,-0.025719723,-0.009225501,-0.017161364,0.27075028,1.2310655
ATAC_LRFN2,-0.026810886,1.9645886,-0.005020165,-0.019106,2.319849,0.40518826,-5.9131755e-05,-0.016358485,2.7072644,2.8788292,2.553465,-0.026577119,-0.01091058,-0.013936501,-0.0022480926,1.3192763
ATAC_LRIF1,-0.031480778,1.8563311,-0.008090217,-0.01586424,2.929058,0.30350384,-0.0035124028,-0.023174724,2.3478067,3.37618,2.9114192,-0.025716892,-0.0092306705,-0.017155621,0.27089724,1.2311937
ATAC_LRIG1,-0.031475425,1.8559096,-0.008098906,-0.015873782,2.9294841,0.3031222,-0.0035038185,-0.023198618,2.3493445,3.3746789,2.9128296,-0.025719723,-0.009225501,-0.017161364,0.27075028,1.2310655
ATAC_LRMDA,-0.031475425,1.8559096,-0.008098906,-0.015873782,2.9294841,0.3031222,-0.0035038185,-0.023198618,2.3493445,3.3746789,2.9128296,-0.025719723,-0.009225501,-0.017161364,0.27075028,1.2310655
ATAC_LRP1B,-0.031475425,1.8559096,-0.008098906,-0.015873782,2.9294841,0.3031222,-0.0035038185,-0.023198618,2.3493445,3.3746789,2.9128296,-0.025719723,-0.009225501,-0.017161364,0.27075028,1.2310655
ATAC_LRP2,-0.031475425,1.8559096,-0.008098906,-0.015873782,2.9294841,0.3031222,-0.0035038185,-0.023198618,2.3493445,3.3746789,2.9128296,-0.025719723,-0.009225501,-0.017161364,0.27075028,1.2310655
ATAC_LRP5,-0.031465635,1.8570362,-0.008113194,-0.015855499,2.9299557,0.30276975,-0.0035122966,-0.023202628,2.3477943,3.3744884,2.9130175,-0.025719332,-0.009239676,-0.017143922,0.26992935,1.2290561
ATAC_LRP6,-0.031475425,1.8559096,-0.008098906,-0.015873782,2.9294841,0.3031222,-0.0035038185,-0.023198618,2.3493445,3.3746789,2.9128296,-0.025719723,-0.009225501,-0.017161364,0.27075028,1.2310655
ATAC_LRRC14B,-0.027136836,1.8240168,-0.009266311,-0.014416294,2.9998238,0.6189444,-0.0077284756,-0.023865225,1.8066359,3.3279731,2.5685408,-0.024335403,-0.005698275,-0.019432481,0.5677488,0.8374876
ATAC_LRRC63,-0.031475425,1.8559096,-0.008098906,-0.015873782,2.9294841,0.3031222,-0.0035038185,-0.023198618,2.3493445,3.3746789,2.9128296,-0.025719723,-0.009225501,-0.017161364,0.27075028,1.2310655
ATAC_LRRC9,-0.031475425,1.8559096,-0.008098906,-0.015873782,2.9294841,0.3031222,-0.0035038185,-0.023198618,2.3493445,3.3746789,2.9128296,-0.025719723,-0.009225501,-0.017161364,0.27075028,1.2310655
ATAC_LRRCC1,-0.031475425,1.8559096,-0.008098906,-0.015873782,2.9294841,0.3031222,-0.0035038185,-0.023198618,2.3493445,3.3746789,2.9128296,-0.025719723,-0.009225501,-0.017161364,0.27075028,1.2310655
ATAC_LRRIQ3,-0.031475425,1.8559096,-0.008098906,-0.015873782,2.9294841,0.3031222,-0.0035038185,-0.023198618,2.3493445,3.3746789,2.9128296,-0.025719723,-0.009225501,-0.017161364,0.27075028,1.2310655
ATAC_LRRN1,-0.031475425,1.8559096,-0.008098906,-0.015873782,2.9294841,0.3031222,-0.0035038185,-0.023198618,2.3493445,3.3746789,2.9128296,-0.025719723,-0.009225501,-0.017161364,0.27075028,1.2310655
ATAC_LRRN3,-0.031473584,1.8558726,-0.008100149,-0.015874755,2.9293447,0.3031933,-0.0035030162,-0.023198988,2.3494174,3.3747728,2.9127731,-0.025720196,-0.009223476,-0.01716082,0.270736,1.2310636
ATAC_LRTM1,-0.031475425,1.8559096,-0.008098906,-0.015873782,2.9294841,0.3031222,-0.0035038185,-0.023198618,2.3493445,3.3746789,2.9128296,-0.025719723,-0.009225501,-0.017161364,0.27075028,1.2310655
ATAC_LSR,-0.031475425,1.8559096,-0.008098906,-0.015873782,2.9294841,0.3031222,-0.0035038185,-0.023198618,2.3493445,3.3746789,2.9128296,-0.025719723,-0.009225501,-0.017161364,0.27075028,1.2310655
ATAC_LTBP1,-0.031475425,1.8559096,-0.008098906,-0.015873782,2.9294841,0.3031222,-0.0035038185,-0.023198618,2.3493445,3.3746789,2.9128296,-0.025719723,-0.009225501,-0.017161364,0.27075028,1.2310655
ATAC_LTBP3,-0.031475425,1.8559096,-0.008098906,-0.015873782,2.9294841,0.3031222,-0.0035038185,-0.023198618,2.3493445,3.3746789,2.9128296,-0.025719723,-0.009225501,-0.017161364,0.27075028,1.2310655
ATAC_LTBP4,-0.031475425,1.8559096,-0.008098906,-0.015873782,2.9294841,0.3031222,-0.0035038185,-0.023198618,2.3493445,3.3746789,2.9128296,-0.025719723,-0.009225501,-0.017161364,0.27075028,1.2310655
ATAC_LURAP1,-0.031475425,1.8559096,-0.008098906,-0.015873782,2.9294841,0.3031222,-0.0035038185,-0.023198618,2.3493445,3.3746789,2.9128296,-0.025719723,-0.009225501,-0.017161364,0.27075028,1.2310655
ATAC_LY6E-DT,-0.031475425,1.8559096,-0.008098906,-0.015873782,2.9294841,0.3031222,-0.0035038185,-0.023198618,2.3493445,3.3746789,2.9128296,-0.025719723,-0.009225501,-0.017161364,0.27075028,1.2310655
ATAC_LY9,-0.031475425,1.8559096,-0.008098906,-0.015873782,2.9294841,0.3031222,-0.0035038185,-0.023198618,2.3493445,3.3746789,2.9128296,-0.025719723,-0.009225501,-0.017161364,0.27075028,1.2310655
ATAC_LZTS1,-0.030131914,1.9522926,-0.0050141495,-0.01183278,2.4116273,0.23145925,-0.005521063,-0.018830013,2.472123,3.5657923,2.6391146,-0.027122196,-0.005650389,-0.018643273,-0.0009225135,0.9260177
ATAC_MADCAM1,-0.031475425,1.8559096,-0.008098906,-0.015873782,2.9294841,0.3031222,-0.0035038185,-0.023198618,2.3493445,3.3746789,2.9128296,-0.025719723,-0.009225501,-0.017161364,0.27075028,1.2310655
ATAC_MAF,-0.031475425,1.8559096,-0.008098906,-0.015873782,2.9294841,0.3031222,-0.0035038185,-0.023198618,2.3493445,3.3746789,2.9128296,-0.025719723,-0.009225501,-0.017161364,0.27075028,1.2310655
ATAC_MAFA,-0.031475425,1.8559096,-0.008098906,-0.015873782,2.9294841,0.3031222,-0.0035038185,-0.023198618,2.3493445,3.3746789,2.9128296,-0.025719723,-0.009225501,-0.017161364,0.27075028,1.2310655
ATAC_MAGED1,-0.031475425,1.8559096,-0.008098906,-0.015873782,2.9294841,0.3031222,-0.0035038185,-0.023198618,2.3493445,3.3746789,2.9128296,-0.025719723,-0.009225501,-0.017161364,0.27075028,1.2310655
ATAC_MAGI3,-0.031475425,1.8559096,-0.008098906,-0.015873782,2.9294841,0.3031222,-0.0035038185,-0.023198618,2.3493445,3.3746789,2.9128296,-0.025719723,-0.009225501,-0.017161364,0.27075028,1.2310655
ATAC_MAGIX,-0.031467874,1.8566695,-0.008086521,-0.01586074,2.9296646,0.30242714,-0.0035120873,-0.023198945,2.349007,3.37293,2.9140284,-0.025701502,-0.009232426,-0.017166106,0.27152255,1.2314482
ATAC_MAL,-0.031666633,1.7828383,-0.008340033,-0.014688535,2.8917937,0.3721151,-0.0039404514,-0.02201431,2.416828,3.2194922,2.8670027,-0.023815589,-0.01058203,-0.015880264,0.122603156,1.1117353
ATAC_MAML3,-0.031475425,1.8559096,-0.008098906,-0.015873782,2.9294841,0.3031222,-0.0035038185,-0.023198618,2.3493445,3.3746789,2.9128296,-0.025719723,-0.009225501,-0.017161364,0.27075028,1.2310655
ATAC_MAMLD1,-0.031475425,1.8559096,-0.008098906,-0.015873782,2.9294841,0.3031222,-0.0035038185,-0.023198618,2.3493445,3.3746789,2.9128296,-0.025719723,-0.009225501,-0.017161364,0.27075028,1.2310655
ATAC_MAMSTR,-0.031475425,1.8559096,-0.008098906,-0.015873782,2.9294841,0.3031222,-0.0035038185,-0.023198618,2.3493445,3.3746789,2.9128296,-0.025719723,-0.009225501,-0.017161364,0.27075028,1.2310655
ATAC_MAN1B1-DT,-0.031475425,1.8559096,-0.008098906,-0.015873782,2.9294841,0.3031222,-0.0035038185,-0.023198618,2.3493445,3.3746789,2.9128296,-0.025719723,-0.009225501,-0.017161364,0.27075028,1.2310655
ATAC_MAN1C1,-0.026801094,1.9635823,-0.0050175968,-0.019113362,2.3194375,0.40429926,-6.0457063e-05,-0.016353551,2.7063785,2.8792105,2.5543191,-0.026574897,-0.010913961,-0.01393463,-0.002243994,1.3196925
ATAC_MANEAL,-0.031475425,1.8559096,-0.008098906,-0.015873782,2.9294841,0.3031222,-0.0035038185,-0.023198618,2.3493445,3.3746789,2.9128296,-0.025719723,-0.009225501,-0.017161364,0.27075028,1.2310655
ATAC_MAP1LC3A,-0.031475425,1.8559096,-0.008098906,-0.015873782,2.9294841,0.3031222,-0.0035038185,-0.023198618,2.3493445,3.3746789,2.9128296,-0.025719723,-0.009225501,-0.017161364,0.27075028,1.2310655
ATAC_MAP2K6,-0.031475425,1.8559096,-0.008098906,-0.015873782,2.9294841,0.3031222,-0.0035038185,-0.023198618,2.3493445,3.3746789,2.9128296,-0.025719723,-0.009225501,-0.017161364,0.27075028,1.2310655
ATAC_MAP3K14,-0.02865178,2.0470111,-0.00398382,-0.010992918,2.3989716,0.5683776,-0.00034354642,-0.01882079,1.8254774,3.2885199,2.8303719,-0.019622121,-0.0112637235,-0.014684963,0.6694983,0.79910886
ATAC_MAP4K1,-0.031339303,1.8682848,-0.00808809,-0.015901377,2.9096599,0.2619709,-0.0035461145,-0.023308255,2.3491251,3.3380678,2.8859878,-0.025923265,-0.008983571,-0.017267866,0.25151762,1.2417654
ATAC_MAP4K2,-0.031475425,1.8559096,-0.008098906,-0.015873782,2.9294841,0.3031222,-0.0035038185,-0.023198618,2.3493445,3.3746789,2.9128296,-0.025719723,-0.009225501,-0.017161364,0.27075028,1.2310655
ATAC_MAP4K5,-0.031475425,1.8559096,-0.008098906,-0.015873782,2.9294841,0.3031222,-0.0035038185,-0.023198618,2.3493445,3.3746789,2.9128296,-0.025719723,-0.009225501,-0.017161364,0.27075028,1.2310655
ATAC_MAP9,-0.031475425,1.8559096,-0.008098906,-0.015873782,2.9294841,0.3031222,-0.0035038185,-0.023198618,2.3493445,3.3746789,2.9128296,-0.025719723,-0.009225501,-0.017161364,0.27075028,1.2310655
ATAC_MAPK12,-0.031590853,1.8626393,-0.0073070326,-0.014225706,2.8043349,0.026236514,-0.0019303489,-0.025338355,2.218582,3.1349585,2.852901,-0.024625272,-0.008734765,-0.015460319,0.4613555,1.2112337
ATAC_MAPK4,-0.031475425,1.8559096,-0.008098906,-0.015873782,2.9294841,0.3031222,-0.0035038185,-0.023198618,2.3493445,3.3746789,2.9128296,-0.025719723,-0.009225501,-0.017161364,0.27075028,1.2310655
ATAC_MAST1,-0.031475425,1.8559096,-0.008098906,-0.015873782,2.9294841,0.3031222,-0.0035038185,-0.023198618,2.3493445,3.3746789,2.9128296,-0.025719723,-0.009225501,-0.017161364,0.27075028,1.2310655
ATAC_MAST4,-0.031475425,1.8559096,-0.008098906,-0.015873782,2.9294841,0.3031222,-0.0035038185,-0.023198618,2.3493445,3.3746789,2.9128296,-0.025719723,-0.009225501,-0.017161364,0.27075028,1.2310655
ATAC_MAST4-AS1,-0.031475425,1.8559096,-0.008098906,-0.015873782,2.9294841,0.3031222,-0.0035038185,-0.023198618,2.3493445,3.3746789,2.9128296,-0.025719723,-0.009225501,-0.017161364,0.27075028,1.2310655
ATAC_MATK,-0.031475425,1.8559096,-0.008098906,-0.015873782,2.9294841,0.3031222,-0.0035038185,-0.023198618,2.3493445,3.3746789,2.9128296,-0.025719723,-0.009225501,-0.017161364,0.27075028,1.2310655
ATAC_MATN1,-0.031475425,1.8559096,-0.008098906,-0.015873782,2.9294841,0.3031222,-0.0035038185,-0.023198618,2.3493445,3.3746789,2.9128296,-0.025719723,-0.009225501,-0.017161364,0.27075028,1.2310655
ATAC_MBNL3,-0.031407062,1.8539673,-0.008113297,-0.015873212,2.9247952,0.30009767,-0.0034931903,-0.023215732,2.3507512,3.3756182,2.9077888,-0.025676617,-0.009176388,-0.017106673,0.2662375,1.2341269
ATAC_MC1R,-0.031475425,1.8559096,-0.008098906,-0.015873782,2.9294841,0.3031222,-0.0035038185,-0.023198618,2.3493445,3.3746789,2.9128296,-0.025719723,-0.009225501,-0.017161364,0.27075028,1.2310655
ATAC_MCF2L,-0.031475425,1.8559096,-0.008098906,-0.015873782,2.9294841,0.3031222,-0.0035038185,-0.023198618,2.3493445,3.3746789,2.9128296,-0.025719723,-0.009225501,-0.017161364,0.27075028,1.2310655
ATAC_MCF2L-AS1,-0.031475425,1.8559096,-0.008098906,-0.015873782,2.9294841,0.3031222,-0.0035038185,-0.023198618,2.3493445,3.3746789,2.9128296,-0.025719723,-0.009225501,-0.017161364,0.27075028,1.2310655
ATAC_MCM8-AS1,-0.031475425,1.8559096,-0.008098906,-0.015873782,2.9294841,0.3031222,-0.0035038185,-0.023198618,2.3493445,3.3746789,2.9128296,-0.025719723,-0.009225501,-0.017161364,0.27075028,1.2310655
ATAC_MCOLN2,-0.031475425,1.8559096,-0.008098906,-0.015873782,2.9294841,0.3031222,-0.0035038185,-0.023198618,2.3493445,3.3746789,2.9128296,-0.025719723,-0.009225501,-0.017161364,0.27075028,1.2310655
ATAC_MCTP1,-0.031339303,1.8682848,-0.00808809,-0.015901377,2.9096599,0.2619709,-0.0035461145,-0.023308255,2.3491251,3.3380678,2.8859878,-0.025923265,-0.008983571,-0.017267866,0.25151762,1.2417654
ATAC_MCTP2,-0.031475425,1.8559096,-0.008098906,-0.015873782,2.9294841,0.3031222,-0.0035038185,-0.023198618,2.3493445,3.3746789,2.9128296,-0.025719723,-0.009225501,-0.017161364,0.27075028,1.2310655
ATAC_MDFI,-0.031486593,1.8557979,-0.008106825,-0.015863566,2.9289782,0.3028724,-0.0035075753,-0.02319874,2.3491552,3.3740227,2.911998,-0.025714202,-0.009230822,-0.017164828,0.26972646,1.2306191
ATAC_MDH1B,-0.031407062,1.8539673,-0.008113297,-0.015873212,2.9247952,0.30009767,-0.0034931903,-0.023215732,2.3507512,3.3756182,2.9077888,-0.025676617,-0.009176388,-0.017106673,0.2662375,1.2341269
ATAC_MDP1,-0.031475425,1.8559096,-0.008098906,-0.015873782,2.9294841,0.3031222,-0.0035038185,-0.023198618,2.3493445,3.3746789,2.9128296,-0.025719723,-0.009225501,-0.017161364,0.27075028,1.2310655
ATAC_MEAK7,-0.031679716,1.7824539,-0.008330665,-0.014703514,2.890614,0.3704857,-0.0039259973,-0.022016486,2.4179316,3.2177413,2.8656602,-0.023816599,-0.01059508,-0.015871817,0.122129,1.1127281
ATAC_MED7,-0.031475425,1.8559096,-0.008098906,-0.015873782,2.9294841,0.3031222,-0.0035038185,-0.023198618,2.3493445,3.3746789,2.9128296,-0.025719723,-0.009225501,-0.017161364,0.27075028,1.2310655
ATAC_MEGF6,-0.031475425,1.8559096,-0.008098906,-0.015873782,2.9294841,0.3031222,-0.0035038185,-0.023198618,2.3493445,3.3746789,2.9128296,-0.025719723,-0.009225501,-0.017161364,0.27075028,1.2310655
ATAC_MEIG1,-0.031475425,1.8559096,-0.008098906,-0.015873782,2.9294841,0.3031222,-0.0035038185,-0.023198618,2.3493445,3.3746789,2.9128296,-0.025719723,-0.009225501,-0.017161364,0.27075028,1.2310655
ATAC_MELK,-0.031475425,1.8559096,-0.008098906,-0.015873782,2.9294841,0.3031222,-0.0035038185,-0.023198618,2.3493445,3.3746789,2.9128296,-0.025719723,-0.009225501,-0.017161364,0.27075028,1.2310655
ATAC_METTL23,-0.031475425,1.8559096,-0.008098906,-0.015873782,2.9294841,0.3031222,-0.0035038185,-0.023198618,2.3493445,3.3746789,2.9128296,-0.025719723,-0.009225501,-0.017161364,0.27075028,1.2310655
ATAC_MEX3A,-0.031458575,1.8564616,-0.008108636,-0.015889112,2.9301527,0.30349657,-0.0034956473,-0.023181153,2.3501375,3.3738346,2.9119534,-0.025723262,-0.0092122825,-0.017176848,0.27019,1.231846
ATAC_MFSD6,-0.031469002,1.8553501,-0.008100709,-0.01588021,2.9299195,0.30333546,-0.0034991305,-0.02319875,2.3499444,3.3742843,2.9126964,-0.025712695,-0.009230786,-0.017164707,0.26992708,1.2311385
ATAC_MGA,-0.031467874,1.8566695,-0.008086521,-0.01586074,2.9296646,0.30242714,-0.0035120873,-0.023198945,2.349007,3.37293,2.9140284,-0.025701502,-0.009232426,-0.017166106,0.27152255,1.2314482
ATAC_MGAT4A,-0.031446006,1.8565661,-0.008079412,-0.015891537,2.9312584,0.30523628,-0.0035138552,-0.02320972,2.348716,3.3761027,2.9104512,-0.025697513,-0.009240161,-0.01714692,0.27288628,1.2322782
ATAC_MGAT5B,-0.031475425,1.8559096,-0.008098906,-0.015873782,2.9294841,0.3031222,-0.0035038185,-0.023198618,2.3493445,3.3746789,2.9128296,-0.025719723,-0.009225501,-0.017161364,0.27075028,1.2310655
ATAC_MIA2,-0.031475425,1.8559096,-0.008098906,-0.015873782,2.9294841,0.3031222,-0.0035038185,-0.023198618,2.3493445,3.3746789,2.9128296,-0.025719723,-0.009225501,-0.017161364,0.27075028,1.2310655
ATAC_MIAT,-0.031475425,1.8559096,-0.008098906,-0.015873782,2.9294841,0.3031222,-0.0035038185,-0.023198618,2.3493445,3.3746789,2.9128296,-0.025719723,-0.009225501,-0.017161364,0.27075028,1.2310655
ATAC_MIB2,-0.031469822,1.854997,-0.008106444,-0.015879026,2.9290235,0.30206248,-0.0035053676,-0.0231949,2.3480704,3.3746061,2.9129014,-0.025728822,-0.009222255,-0.017165754,0.27176356,1.2300326
ATAC_MICAL3,-0.031475425,1.8559096,-0.008098906,-0.015873782,2.9294841,0.3031222,-0.0035038185,-0.023198618,2.3493445,3.3746789,2.9128296,-0.025719723,-0.009225501,-0.017161364,0.27075028,1.2310655
ATAC_MICU3,-0.030131914,1.9522926,-0.0050141495,-0.01183278,2.4116273,0.23145925,-0.005521063,-0.018830013,2.472123,3.5657923,2.6391146,-0.027122196,-0.005650389,-0.018643273,-0.0009225135,0.9260177
ATAC_MINCR,-0.03147575,1.8558457,-0.008096901,-0.015873168,2.9293013,0.30331364,-0.0035046015,-0.02319632,2.349423,3.374781,2.9129534,-0.025719766,-0.009226859,-0.017161522,0.27079147,1.230874
ATAC_MINDY4,-0.031475425,1.8559096,-0.008098906,-0.015873782,2.9294841,0.3031222,-0.0035038185,-0.023198618,2.3493445,3.3746789,2.9128296,-0.025719723,-0.009225501,-0.017161364,0.27075028,1.2310655
ATAC_MINK1,-0.031486593,1.8557979,-0.008106825,-0.015863566,2.9289782,0.3028724,-0.0035075753,-0.02319874,2.3491552,3.3740227,2.911998,-0.025714202,-0.009230822,-0.017164828,0.26972646,1.2306191
ATAC_MIR181A2HG,-0.031475425,1.8559096,-0.008098906,-0.015873782,2.9294841,0.3031222,-0.0035038185,-0.023198618,2.3493445,3.3746789,2.9128296,-0.025719723,-0.009225501,-0.017161364,0.27075028,1.2310655
ATAC_MIR194-2HG,-0.031475425,1.8559096,-0.008098906,-0.015873782,2.9294841,0.3031222,-0.0035038185,-0.023198618,2.3493445,3.3746789,2.9128296,-0.025719723,-0.009225501,-0.017161364,0.27075028,1.2310655
ATAC_MIR31HG,-0.031475425,1.8559096,-0.008098906,-0.015873782,2.9294841,0.3031222,-0.0035038185,-0.023198618,2.3493445,3.3746789,2.9128296,-0.025719723,-0.009225501,-0.017161364,0.27075028,1.2310655
ATAC_MIR3663HG,-0.031475425,1.8559096,-0.008098906,-0.015873782,2.9294841,0.3031222,-0.0035038185,-0.023198618,2.3493445,3.3746789,2.9128296,-0.025719723,-0.009225501,-0.017161364,0.27075028,1.2310655
ATAC_MIR3936HG,-0.031590853,1.8626393,-0.0073070326,-0.014225706,2.8043349,0.026236514,-0.0019303489,-0.025338355,2.218582,3.1349585,2.852901,-0.024625272,-0.008734765,-0.015460319,0.4613555,1.2112337
ATAC_MIR663AHG,-0.031475425,1.8559096,-0.008098906,-0.015873782,2.9294841,0.3031222,-0.0035038185,-0.023198618,2.3493445,3.3746789,2.9128296,-0.025719723,-0.009225501,-0.017161364,0.27075028,1.2310655
ATAC_MIR762HG,-0.031475425,1.8559096,-0.008098906,-0.015873782,2.9294841,0.3031222,-0.0035038185,-0.023198618,2.3493445,3.3746789,2.9128296,-0.025719723,-0.009225501,-0.017161364,0.27075028,1.2310655
ATAC_MIS12,-0.023446675,1.5057278,-0.010914454,-0.012429237,3.01229,0.7005137,-0.0047432235,-0.021108491,2.3187401,2.5381775,2.3214843,-0.022243306,-0.0067004208,-0.009349378,-0.0020455003,1.5225173
ATAC_MLC1,-0.031475425,1.8559096,-0.008098906,-0.015873782,2.9294841,0.3031222,-0.0035038185,-0.023198618,2.3493445,3.3746789,2.9128296,-0.025719723,-0.009225501,-0.017161364,0.27075028,1.2310655
ATAC_MLLT11,-0.031475425,1.8559096,-0.008098906,-0.015873782,2.9294841,0.3031222,-0.0035038185,-0.023198618,2.3493445,3.3746789,2.9128296,-0.025719723,-0.009225501,-0.017161364,0.27075028,1.2310655
ATAC_MLLT3,-0.031475425,1.8559096,-0.008098906,-0.015873782,2.9294841,0.3031222,-0.0035038185,-0.023198618,2.3493445,3.3746789,2.9128296,-0.025719723,-0.009225501,-0.017161364,0.27075028,1.2310655
ATAC_MMP23B,-0.031475425,1.8559096,-0.008098906,-0.015873782,2.9294841,0.3031222,-0.0035038185,-0.023198618,2.3493445,3.3746789,2.9128296,-0.025719723,-0.009225501,-0.017161364,0.27075028,1.2310655
ATAC_MMP25-AS1,-0.031475425,1.8559096,-0.008098906,-0.015873782,2.9294841,0.3031222,-0.0035038185,-0.023198618,2.3493445,3.3746789,2.9128296,-0.025719723,-0.009225501,-0.017161364,0.27075028,1.2310655
ATAC_MMRN2,-0.031475425,1.8559096,-0.008098906,-0.015873782,2.9294841,0.3031222,-0.0035038185,-0.023198618,2.3493445,3.3746789,2.9128296,-0.025719723,-0.009225501,-0.017161364,0.27075028,1.2310655
ATAC_MNDA,-0.031475425,1.8559096,-0.008098906,-0.015873782,2.9294841,0.3031222,-0.0035038185,-0.023198618,2.3493445,3.3746789,2.9128296,-0.025719723,-0.009225501,-0.017161364,0.27075028,1.2310655
ATAC_MNX1-AS1,-0.031475425,1.8559096,-0.008098906,-0.015873782,2.9294841,0.3031222,-0.0035038185,-0.023198618,2.3493445,3.3746789,2.9128296,-0.025719723,-0.009225501,-0.017161364,0.27075028,1.2310655
ATAC_MOCOS,-0.031475425,1.8559096,-0.008098906,-0.015873782,2.9294841,0.3031222,-0.0035038185,-0.023198618,2.3493445,3.3746789,2.9128296,-0.025719723,-0.009225501,-0.017161364,0.27075028,1.2310655
ATAC_MOGAT3,-0.031475425,1.8559096,-0.008098906,-0.015873782,2.9294841,0.3031222,-0.0035038185,-0.023198618,2.3493445,3.3746789,2.9128296,-0.025719723,-0.009225501,-0.017161364,0.27075028,1.2310655
ATAC_MORC2-AS1,-0.031475425,1.8559096,-0.008098906,-0.015873782,2.9294841,0.3031222,-0.0035038185,-0.023198618,2.3493445,3.3746789,2.9128296,-0.025719723,-0.009225501,-0.017161364,0.27075028,1.2310655
ATAC_MORN3,-0.031475425,1.8559096,-0.008098906,-0.015873782,2.9294841,0.3031222,-0.0035038185,-0.023198618,2.3493445,3.3746789,2.9128296,-0.025719723,-0.009225501,-0.017161364,0.27075028,1.2310655
ATAC_MOSMO,-0.031475425,1.8559096,-0.008098906,-0.015873782,2.9294841,0.3031222,-0.0035038185,-0.023198618,2.3493445,3.3746789,2.9128296,-0.025719723,-0.009225501,-0.017161364,0.27075028,1.2310655
ATAC_MPHOSPH9,-0.031475425,1.8559096,-0.008098906,-0.015873782,2.9294841,0.3031222,-0.0035038185,-0.023198618,2.3493445,3.3746789,2.9128296,-0.025719723,-0.009225501,-0.017161364,0.27075028,1.2310655
ATAC_MPZL3,-0.031407062,1.8539673,-0.008113297,-0.015873212,2.9247952,0.30009767,-0.0034931903,-0.023215732,2.3507512,3.3756182,2.9077888,-0.025676617,-0.009176388,-0.017106673,0.2662375,1.2341269
ATAC_MRPL1,-0.031475425,1.8559096,-0.008098906,-0.015873782,2.9294841,0.3031222,-0.0035038185,-0.023198618,2.3493445,3.3746789,2.9128296,-0.025719723,-0.009225501,-0.017161364,0.27075028,1.2310655
ATAC_MRPL10,-0.031473584,1.8558726,-0.008100149,-0.015874755,2.9293447,0.3031933,-0.0035030162,-0.023198988,2.3494174,3.3747728,2.9127731,-0.025720196,-0.009223476,-0.01716082,0.270736,1.2310636
ATAC_MRPS31,-0.031475425,1.8559096,-0.008098906,-0.015873782,2.9294841,0.3031222,-0.0035038185,-0.023198618,2.3493445,3.3746789,2.9128296,-0.025719723,-0.009225501,-0.017161364,0.27075028,1.2310655
ATAC_MRTFB,-0.03147517,1.8555561,-0.008099716,-0.015873434,2.929215,0.30332246,-0.0035020171,-0.023201777,2.3488286,3.374197,2.9122941,-0.025724964,-0.009224802,-0.017156124,0.2703023,1.231308
ATAC_MS4A1,-0.031475425,1.8559096,-0.008098906,-0.015873782,2.9294841,0.3031222,-0.0035038185,-0.023198618,2.3493445,3.3746789,2.9128296,-0.025719723,-0.009225501,-0.017161364,0.27075028,1.2310655
ATAC_MSANTD3,-0.031475425,1.8559096,-0.008098906,-0.015873782,2.9294841,0.3031222,-0.0035038185,-0.023198618,2.3493445,3.3746789,2.9128296,-0.025719723,-0.009225501,-0.017161364,0.27075028,1.2310655
ATAC_MSC-AS1,-0.031475425,1.8559096,-0.008098906,-0.015873782,2.9294841,0.3031222,-0.0035038185,-0.023198618,2.3493445,3.3746789,2.9128296,-0.025719723,-0.009225501,-0.017161364,0.27075028,1.2310655
ATAC_MSTO1,-0.031475425,1.8559096,-0.008098906,-0.015873782,2.9294841,0.3031222,-0.0035038185,-0.023198618,2.3493445,3.3746789,2.9128296,-0.025719723,-0.009225501,-0.017161364,0.27075028,1.2310655
ATAC_MTA3,-0.031475425,1.8559096,-0.008098906,-0.015873782,2.9294841,0.3031222,-0.0035038185,-0.023198618,2.3493445,3.3746789,2.9128296,-0.025719723,-0.009225501,-0.017161364,0.27075028,1.2310655
ATAC_MTERF1,-0.031474393,1.8551507,-0.00810886,-0.015893292,2.9285014,0.30166778,-0.0035277235,-0.02320466,2.3490684,3.3750174,2.912139,-0.025713887,-0.009202446,-0.017142035,0.2682503,1.2314396
ATAC_MTFMT,-0.031480778,1.8563311,-0.008090217,-0.01586424,2.929058,0.30350384,-0.0035124028,-0.023174724,2.3478067,3.37618,2.9114192,-0.025716892,-0.0092306705,-0.017155621,0.27089724,1.2311937
ATAC_MTFP1,-0.031475425,1.8559096,-0.008098906,-0.015873782,2.9294841,0.3031222,-0.0035038185,-0.023198618,2.3493445,3.3746789,2.9128296,-0.025719723,-0.009225501,-0.017161364,0.27075028,1.2310655
ATAC_MTHFD2,-0.031475425,1.8559096,-0.008098906,-0.015873782,2.9294841,0.3031222,-0.0035038185,-0.023198618,2.3493445,3.3746789,2.9128296,-0.025719723,-0.009225501,-0.017161364,0.27075028,1.2310655
ATAC_MTMR2,-0.031475425,1.8559096,-0.008098906,-0.015873782,2.9294841,0.3031222,-0.0035038185,-0.023198618,2.3493445,3.3746789,2.9128296,-0.025719723,-0.009225501,-0.017161364,0.27075028,1.2310655
ATAC_MTMR8,-0.031475425,1.8559096,-0.008098906,-0.015873782,2.9294841,0.3031222,-0.0035038185,-0.023198618,2.3493445,3.3746789,2.9128296,-0.025719723,-0.009225501,-0.017161364,0.27075028,1.2310655
ATAC_MTSS1,-0.031475425,1.8559096,-0.008098906,-0.015873782,2.9294841,0.3031222,-0.0035038185,-0.023198618,2.3493445,3.3746789,2.9128296,-0.025719723,-0.009225501,-0.017161364,0.27075028,1.2310655
ATAC_MUC17,-0.031666633,1.7828383,-0.008340033,-0.014688535,2.8917937,0.3721151,-0.0039404514,-0.02201431,2.416828,3.2194922,2.8670027,-0.023815589,-0.01058203,-0.015880264,0.122603156,1.1117353
ATAC_MUS81,-0.02865178,2.0470111,-0.00398382,-0.010992918,2.3989716,0.5683776,-0.00034354642,-0.01882079,1.8254774,3.2885199,2.8303719,-0.019622121,-0.0112637235,-0.014684963,0.6694983,0.79910886
ATAC_MUTYH,-0.03148522,1.856916,-0.008101474,-0.015866423,2.9298956,0.3040112,-0.0035024935,-0.023203552,2.3502305,3.3742976,2.9119754,-0.02572195,-0.00922212,-0.017163236,0.27034044,1.2306494
ATAC_MYBL1,-0.031475425,1.8559096,-0.008098906,-0.015873782,2.9294841,0.3031222,-0.0035038185,-0.023198618,2.3493445,3.3746789,2.9128296,-0.025719723,-0.009225501,-0.017161364,0.27075028,1.2310655
ATAC_MYO1D,-0.031475425,1.8559096,-0.008098906,-0.015873782,2.9294841,0.3031222,-0.0035038185,-0.023198618,2.3493445,3.3746789,2.9128296,-0.025719723,-0.009225501,-0.017161364,0.27075028,1.2310655
ATAC_MYO5B,-0.031458575,1.8564616,-0.008108636,-0.015889112,2.9301527,0.30349657,-0.0034956473,-0.023181153,2.3501375,3.3738346,2.9119534,-0.025723262,-0.0092122825,-0.017176848,0.27019,1.231846
ATAC_MYO6,-0.031475425,1.8559096,-0.008098906,-0.015873782,2.9294841,0.3031222,-0.0035038185,-0.023198618,2.3493445,3.3746789,2.9128296,-0.025719723,-0.009225501,-0.017161364,0.27075028,1.2310655
ATAC_MYRF,-0.031475425,1.8559096,-0.008098906,-0.015873782,2.9294841,0.3031222,-0.0035038185,-0.023198618,2.3493445,3.3746789,2.9128296,-0.025719723,-0.009225501,-0.017161364,0.27075028,1.2310655
ATAC_MZB1,-0.031339303,1.8682848,-0.00808809,-0.015901377,2.9096599,0.2619709,-0.0035461145,-0.023308255,2.3491251,3.3380678,2.8859878,-0.025923265,-0.008983571,-0.017267866,0.25151762,1.2417654
ATAC_NAP1L2,-0.031475425,1.8559096,-0.008098906,-0.015873782,2.9294841,0.3031222,-0.0035038185,-0.023198618,2.3493445,3.3746789,2.9128296,-0.025719723,-0.009225501,-0.017161364,0.27075028,1.2310655
ATAC_NARS2,-0.031475425,1.8559096,-0.008098906,-0.015873782,2.9294841,0.3031222,-0.0035038185,-0.023198618,2.3493445,3.3746789,2.9128296,-0.025719723,-0.009225501,-0.017161364,0.27075028,1.2310655
ATAC_NAV3,-0.031475425,1.8559096,-0.008098906,-0.015873782,2.9294841,0.3031222,-0.0035038185,-0.023198618,2.3493445,3.3746789,2.9128296,-0.025719723,-0.009225501,-0.017161364,0.27075028,1.2310655
ATAC_NBDY,-0.031475425,1.8559096,-0.008098906,-0.015873782,2.9294841,0.3031222,-0.0035038185,-0.023198618,2.3493445,3.3746789,2.9128296,-0.025719723,-0.009225501,-0.017161364,0.27075028,1.2310655
ATAC_NBEA,-0.031475425,1.8559096,-0.008098906,-0.015873782,2.9294841,0.3031222,-0.0035038185,-0.023198618,2.3493445,3.3746789,2.9128296,-0.025719723,-0.009225501,-0.017161364,0.27075028,1.2310655
ATAC_NBEAL2,-0.031478506,1.8553385,-0.0081128515,-0.0158729,2.9310913,0.3027985,-0.0035141045,-0.023208523,2.346136,3.3745625,2.9107852,-0.025703715,-0.009239115,-0.017173517,0.27238,1.230591
ATAC_NCALD,-0.031475425,1.8559096,-0.008098906,-0.015873782,2.9294841,0.3031222,-0.0035038185,-0.023198618,2.3493445,3.3746789,2.9128296,-0.025719723,-0.009225501,-0.017161364,0.27075028,1.2310655
ATAC_NCAM1,-0.031475425,1.8559096,-0.008098906,-0.015873782,2.9294841,0.3031222,-0.0035038185,-0.023198618,2.3493445,3.3746789,2.9128296,-0.025719723,-0.009225501,-0.017161364,0.27075028,1.2310655
ATAC_NCAM2,-0.031446006,1.8565661,-0.008079412,-0.015891537,2.9312584,0.30523628,-0.0035138552,-0.02320972,2.348716,3.3761027,2.9104512,-0.025697513,-0.009240161,-0.01714692,0.27288628,1.2322782
ATAC_NCAPG2,-0.031478506,1.8553385,-0.0081128515,-0.0158729,2.9310913,0.3027985,-0.0035141045,-0.023208523,2.346136,3.3745625,2.9107852,-0.025703715,-0.009239115,-0.017173517,0.27238,1.230591
ATAC_NCK1-DT,-0.025056645,1.4080817,-0.008266316,-0.01753453,2.9541168,0.087179065,-0.0029407025,-0.01757162,2.2793818,3.0951498,2.7463908,-0.019212734,-0.008362729,-0.01843475,0.056422893,1.6515135
ATAC_NCR1,-0.031467874,1.8566695,-0.008086521,-0.01586074,2.9296646,0.30242714,-0.0035120873,-0.023198945,2.349007,3.37293,2.9140284,-0.025701502,-0.009232426,-0.017166106,0.27152255,1.2314482
ATAC_NCR2,-0.03147517,1.8555561,-0.008099716,-0.015873434,2.929215,0.30332246,-0.0035020171,-0.023201777,2.3488286,3.374197,2.9122941,-0.025724964,-0.009224802,-0.017156124,0.2703023,1.231308
ATAC_NCR3,-0.031475425,1.8559096,-0.008098906,-0.015873782,2.9294841,0.3031222,-0.0035038185,-0.023198618,2.3493445,3.3746789,2.9128296,-0.025719723,-0.009225501,-0.017161364,0.27075028,1.2310655
ATAC_NDC1,-0.031475425,1.8559096,-0.008098906,-0.015873782,2.9294841,0.3031222,-0.0035038185,-0.023198618,2.3493445,3.3746789,2.9128296,-0.025719723,-0.009225501,-0.017161364,0.27075028,1.2310655
ATAC_NDE1,-0.031475425,1.8559096,-0.008098906,-0.015873782,2.9294841,0.3031222,-0.0035038185,-0.023198618,2.3493445,3.3746789,2.9128296,-0.025719723,-0.009225501,-0.017161364,0.27075028,1.2310655
ATAC_NDFIP2-AS1,-0.031475425,1.8559096,-0.008098906,-0.015873782,2.9294841,0.3031222,-0.0035038185,-0.023198618,2.3493445,3.3746789,2.9128296,-0.025719723,-0.009225501,-0.017161364,0.27075028,1.2310655
ATAC_NDST1-AS1,-0.031475425,1.8559096,-0.008098906,-0.015873782,2.9294841,0.3031222,-0.0035038185,-0.023198618,2.3493445,3.3746789,2.9128296,-0.025719723,-0.009225501,-0.017161364,0.27075028,1.2310655
ATAC_NDUFB2-AS1,-0.02865178,2.0470111,-0.00398382,-0.010992918,2.3989716,0.5683776,-0.00034354642,-0.01882079,1.8254774,3.2885199,2.8303719,-0.019622121,-0.0112637235,-0.014684963,0.6694983,0.79910886
ATAC_NDUFV2-AS1,-0.031475425,1.8559096,-0.008098906,-0.015873782,2.9294841,0.3031222,-0.0035038185,-0.023198618,2.3493445,3.3746789,2.9128296,-0.025719723,-0.009225501,-0.017161364,0.27075028,1.2310655
ATAC_NECTIN4,-0.031475425,1.8559096,-0.008098906,-0.015873782,2.9294841,0.3031222,-0.0035038185,-0.023198618,2.3493445,3.3746789,2.9128296,-0.025719723,-0.009225501,-0.017161364,0.27075028,1.2310655
ATAC_NEIL1,-0.031475425,1.8559096,-0.008098906,-0.015873782,2.9294841,0.3031222,-0.0035038185,-0.023198618,2.3493445,3.3746789,2.9128296,-0.025719723,-0.009225501,-0.017161364,0.27075028,1.2310655
ATAC_NEO1,-0.031475425,1.8559096,-0.008098906,-0.015873782,2.9294841,0.3031222,-0.0035038185,-0.023198618,2.3493445,3.3746789,2.9128296,-0.025719723,-0.009225501,-0.017161364,0.27075028,1.2310655
ATAC_NEURL4,-0.031475425,1.8559096,-0.008098906,-0.015873782,2.9294841,0.3031222,-0.0035038185,-0.023198618,2.3493445,3.3746789,2.9128296,-0.025719723,-0.009225501,-0.017161364,0.27075028,1.2310655
ATAC_NEUROG3,-0.031478506,1.8553385,-0.0081128515,-0.0158729,2.9310913,0.3027985,-0.0035141045,-0.023208523,2.346136,3.3745625,2.9107852,-0.025703715,-0.009239115,-0.017173517,0.27238,1.230591
ATAC_NEXMIF,-0.031475425,1.8559096,-0.008098906,-0.015873782,2.9294841,0.3031222,-0.0035038185,-0.023198618,2.3493445,3.3746789,2.9128296,-0.025719723,-0.009225501,-0.017161364,0.27075028,1.2310655
ATAC_NFATC1,-0.031475425,1.8559096,-0.008098906,-0.015873782,2.9294841,0.3031222,-0.0035038185,-0.023198618,2.3493445,3.3746789,2.9128296,-0.025719723,-0.009225501,-0.017161364,0.27075028,1.2310655
ATAC_NFIA,-0.03148522,1.856916,-0.008101474,-0.015866423,2.9298956,0.3040112,-0.0035024935,-0.023203552,2.3502305,3.3742976,2.9119754,-0.02572195,-0.00922212,-0.017163236,0.27034044,1.2306494
ATAC_NGFR,-0.03120481,1.904731,-0.0076174983,-0.016310703,2.8706582,0.26331955,-0.003083058,-0.023546988,2.3138015,3.3147051,2.9340389,-0.025491051,-0.009328476,-0.017634371,0.32004336,1.236589
ATAC_NHLRC1,-0.031475425,1.8559096,-0.008098906,-0.015873782,2.9294841,0.3031222,-0.0035038185,-0.023198618,2.3493445,3.3746789,2.9128296,-0.025719723,-0.009225501,-0.017161364,0.27075028,1.2310655
ATAC_NIBAN1,-0.031475425,1.8559096,-0.008098906,-0.015873782,2.9294841,0.3031222,-0.0035038185,-0.023198618,2.3493445,3.3746789,2.9128296,-0.025719723,-0.009225501,-0.017161364,0.27075028,1.2310655
ATAC_NIBAN3,-0.031475425,1.8559096,-0.008098906,-0.015873782,2.9294841,0.3031222,-0.0035038185,-0.023198618,2.3493445,3.3746789,2.9128296,-0.025719723,-0.009225501,-0.017161364,0.27075028,1.2310655
ATAC_NIFK-AS1,-0.031475425,1.8559096,-0.008098906,-0.015873782,2.9294841,0.3031222,-0.0035038185,-0.023198618,2.3493445,3.3746789,2.9128296,-0.025719723,-0.009225501,-0.017161364,0.27075028,1.2310655
ATAC_NIPA1,-0.031475425,1.8559096,-0.008098906,-0.015873782,2.9294841,0.3031222,-0.0035038185,-0.023198618,2.3493445,3.3746789,2.9128296,-0.025719723,-0.009225501,-0.017161364,0.27075028,1.2310655
ATAC_NIPAL3,-0.031475425,1.8559096,-0.008098906,-0.015873782,2.9294841,0.3031222,-0.0035038185,-0.023198618,2.3493445,3.3746789,2.9128296,-0.025719723,-0.009225501,-0.017161364,0.27075028,1.2310655
ATAC_NKAIN2,-0.031475425,1.8559096,-0.008098906,-0.015873782,2.9294841,0.3031222,-0.0035038185,-0.023198618,2.3493445,3.3746789,2.9128296,-0.025719723,-0.009225501,-0.017161364,0.27075028,1.2310655
ATAC_NKD1,-0.028652102,2.0469472,-0.0039818143,-0.010992303,2.3987887,0.56856906,-0.00034432963,-0.018818494,1.8255556,3.288622,2.8304956,-0.019622164,-0.0112650795,-0.014685121,0.6695395,0.79891723
ATAC_NKG7,-0.031475425,1.8559096,-0.008098906,-0.015873782,2.9294841,0.3031222,-0.0035038185,-0.023198618,2.3493445,3.3746789,2.9128296,-0.025719723,-0.009225501,-0.017161364,0.27075028,1.2310655
ATAC_NKX6-3,-0.031475425,1.8559096,-0.008098906,-0.015873782,2.9294841,0.3031222,-0.0035038185,-0.023198618,2.3493445,3.3746789,2.9128296,-0.025719723,-0.009225501,-0.017161364,0.27075028,1.2310655
ATAC_NLRC3,-0.031475425,1.8559096,-0.008098906,-0.015873782,2.9294841,0.3031222,-0.0035038185,-0.023198618,2.3493445,3.3746789,2.9128296,-0.025719723,-0.009225501,-0.017161364,0.27075028,1.2310655
ATAC_NLRP2,-0.031475425,1.8559096,-0.008098906,-0.015873782,2.9294841,0.3031222,-0.0035038185,-0.023198618,2.3493445,3.3746789,2.9128296,-0.025719723,-0.009225501,-0.017161364,0.27075028,1.2310655
ATAC_NLRP7,-0.031475425,1.8559096,-0.008098906,-0.015873782,2.9294841,0.3031222,-0.0035038185,-0.023198618,2.3493445,3.3746789,2.9128296,-0.025719723,-0.009225501,-0.017161364,0.27075028,1.2310655
ATAC_NME7,-0.031475425,1.8559096,-0.008098906,-0.015873782,2.9294841,0.3031222,-0.0035038185,-0.023198618,2.3493445,3.3746789,2.9128296,-0.025719723,-0.009225501,-0.017161364,0.27075028,1.2310655
ATAC_NMT2,-0.031467874,1.8566695,-0.008086521,-0.01586074,2.9296646,0.30242714,-0.0035120873,-0.023198945,2.349007,3.37293,2.9140284,-0.025701502,-0.009232426,-0.017166106,0.27152255,1.2314482
ATAC_NMUR1,-0.023446675,1.5057278,-0.010914454,-0.012429237,3.01229,0.7005137,-0.0047432235,-0.021108491,2.3187401,2.5381775,2.3214843,-0.022243306,-0.0067004208,-0.009349378,-0.0020455003,1.5225173
ATAC_NOG,-0.031475425,1.8559096,-0.008098906,-0.015873782,2.9294841,0.3031222,-0.0035038185,-0.023198618,2.3493445,3.3746789,2.9128296,-0.025719723,-0.009225501,-0.017161364,0.27075028,1.2310655
ATAC_NOL4L,-0.031475425,1.8559096,-0.008098906,-0.015873782,2.9294841,0.3031222,-0.0035038185,-0.023198618,2.3493445,3.3746789,2.9128296,-0.025719723,-0.009225501,-0.017161364,0.27075028,1.2310655
ATAC_NOL8,-0.031475425,1.8559096,-0.008098906,-0.015873782,2.9294841,0.3031222,-0.0035038185,-0.023198618,2.3493445,3.3746789,2.9128296,-0.025719723,-0.009225501,-0.017161364,0.27075028,1.2310655
ATAC_NOTCH2NLB,-0.031475425,1.8559096,-0.008098906,-0.015873782,2.9294841,0.3031222,-0.0035038185,-0.023198618,2.3493445,3.3746789,2.9128296,-0.025719723,-0.009225501,-0.017161364,0.27075028,1.2310655
ATAC_NPAS1,-0.030792687,1.7494881,-0.0027444735,-0.013259403,2.9306023,-0.001019368,-0.0021434242,-0.021285726,2.1149755,3.490083,2.6580083,-0.025158081,-0.008455642,-0.01830693,0.5219057,1.3110136
ATAC_NPAT,-0.031475425,1.8559096,-0.008098906,-0.015873782,2.9294841,0.3031222,-0.0035038185,-0.023198618,2.3493445,3.3746789,2.9128296,-0.025719723,-0.009225501,-0.017161364,0.27075028,1.2310655
ATAC_NPEPL1,-0.031475425,1.8559096,-0.008098906,-0.015873782,2.9294841,0.3031222,-0.0035038185,-0.023198618,2.3493445,3.3746789,2.9128296,-0.025719723,-0.009225501,-0.017161364,0.27075028,1.2310655
ATAC_NPHP1,-0.031475425,1.8559096,-0.008098906,-0.015873782,2.9294841,0.3031222,-0.0035038185,-0.023198618,2.3493445,3.3746789,2.9128296,-0.025719723,-0.009225501,-0.017161364,0.27075028,1.2310655
ATAC_NPIPB4,-0.031475425,1.8559096,-0.008098906,-0.015873782,2.9294841,0.3031222,-0.0035038185,-0.023198618,2.3493445,3.3746789,2.9128296,-0.025719723,-0.009225501,-0.017161364,0.27075028,1.2310655
ATAC_NPR1,-0.03147517,1.8555561,-0.008099716,-0.015873434,2.929215,0.30332246,-0.0035020171,-0.023201777,2.3488286,3.374197,2.9122941,-0.025724964,-0.009224802,-0.017156124,0.2703023,1.231308
ATAC_NPR2,-0.031475425,1.8559096,-0.008098906,-0.015873782,2.9294841,0.3031222,-0.0035038185,-0.023198618,2.3493445,3.3746789,2.9128296,-0.025719723,-0.009225501,-0.017161364,0.27075028,1.2310655
ATAC_NPRL2,-0.027136836,1.8240168,-0.009266311,-0.014416294,2.9998238,0.6189444,-0.0077284756,-0.023865225,1.8066359,3.3279731,2.5685408,-0.024335403,-0.005698275,-0.019432481,0.5677488,0.8374876
ATAC_NPTX2,-0.031475425,1.8559096,-0.008098906,-0.015873782,2.9294841,0.3031222,-0.0035038185,-0.023198618,2.3493445,3.3746789,2.9128296,-0.025719723,-0.009225501,-0.017161364,0.27075028,1.2310655
ATAC_NPTXR,-0.031467874,1.8566695,-0.008086521,-0.01586074,2.9296646,0.30242714,-0.0035120873,-0.023198945,2.349007,3.37293,2.9140284,-0.025701502,-0.009232426,-0.017166106,0.27152255,1.2314482
ATAC_NR3C2,-0.031475425,1.8559096,-0.008098906,-0.015873782,2.9294841,0.3031222,-0.0035038185,-0.023198618,2.3493445,3.3746789,2.9128296,-0.025719723,-0.009225501,-0.017161364,0.27075028,1.2310655
ATAC_NRCAM,-0.031475425,1.8559096,-0.008098906,-0.015873782,2.9294841,0.3031222,-0.0035038185,-0.023198618,2.3493445,3.3746789,2.9128296,-0.025719723,-0.009225501,-0.017161364,0.27075028,1.2310655
ATAC_NRG2,-0.031475425,1.8559096,-0.008098906,-0.015873782,2.9294841,0.3031222,-0.0035038185,-0.023198618,2.3493445,3.3746789,2.9128296,-0.025719723,-0.009225501,-0.017161364,0.27075028,1.2310655
ATAC_NRN1L,-0.031475425,1.8559096,-0.008098906,-0.015873782,2.9294841,0.3031222,-0.0035038185,-0.023198618,2.3493445,3.3746789,2.9128296,-0.025719723,-0.009225501,-0.017161364,0.27075028,1.2310655
ATAC_NRTN,-0.031475425,1.8559096,-0.008098906,-0.015873782,2.9294841,0.3031222,-0.0035038185,-0.023198618,2.3493445,3.3746789,2.9128296,-0.025719723,-0.009225501,-0.017161364,0.27075028,1.2310655
ATAC_NSD2,-0.031475425,1.8559096,-0.008098906,-0.015873782,2.9294841,0.3031222,-0.0035038185,-0.023198618,2.3493445,3.3746789,2.9128296,-0.025719723,-0.009225501,-0.017161364,0.27075028,1.2310655
ATAC_NSUN6,-0.031475425,1.8559096,-0.008098906,-0.015873782,2.9294841,0.3031222,-0.0035038185,-0.023198618,2.3493445,3.3746789,2.9128296,-0.025719723,-0.009225501,-0.017161364,0.27075028,1.2310655
ATAC_NT5M,-0.03147575,1.8558457,-0.008096901,-0.015873168,2.9293013,0.30331364,-0.0035046015,-0.02319632,2.349423,3.374781,2.9129534,-0.025719766,-0.009226859,-0.017161522,0.27079147,1.230874
ATAC_NTNG1,-0.031188993,1.906042,-0.0076172748,-0.016306523,2.8723092,0.26514834,-0.0030509818,-0.023523483,2.3148706,3.3135223,2.9338534,-0.025500426,-0.009338313,-0.017669184,0.32198307,1.2369953
ATAC_NTRK1,-0.031475425,1.8559096,-0.008098906,-0.015873782,2.9294841,0.3031222,-0.0035038185,-0.023198618,2.3493445,3.3746789,2.9128296,-0.025719723,-0.009225501,-0.017161364,0.27075028,1.2310655
ATAC_NTRK2,-0.031475425,1.8559096,-0.008098906,-0.015873782,2.9294841,0.3031222,-0.0035038185,-0.023198618,2.3493445,3.3746789,2.9128296,-0.025719723,-0.009225501,-0.017161364,0.27075028,1.2310655
ATAC_NUAK1,-0.031475425,1.8559096,-0.008098906,-0.015873782,2.9294841,0.3031222,-0.0035038185,-0.023198618,2.3493445,3.3746789,2.9128296,-0.025719723,-0.009225501,-0.017161364,0.27075028,1.2310655
ATAC_NUP205,-0.031475425,1.8559096,-0.008098906,-0.015873782,2.9294841,0.3031222,-0.0035038185,-0.023198618,2.3493445,3.3746789,2.9128296,-0.025719723,-0.009225501,-0.017161364,0.27075028,1.2310655
ATAC_NUP210L,-0.030782895,1.7506148,-0.0027587607,-0.013241119,2.931074,-0.0010228924,-0.002151902,-0.021289736,2.113425,3.4898927,2.6581962,-0.025157684,-0.008469817,-0.018289488,0.5210848,1.3090042
ATAC_NVL,-0.026801094,1.9635823,-0.0050175968,-0.019113362,2.3194375,0.40429926,-6.0457063e-05,-0.016353551,2.7063785,2.8792105,2.5543191,-0.026574897,-0.010913961,-0.01393463,-0.002243994,1.3196925
ATAC_NYAP1,-0.031475425,1.8559096,-0.008098906,-0.015873782,2.9294841,0.3031222,-0.0035038185,-0.023198618,2.3493445,3.3746789,2.9128296,-0.025719723,-0.009225501,-0.017161364,0.27075028,1.2310655
ATAC_OAT,-0.031475425,1.8559096,-0.008098906,-0.015873782,2.9294841,0.3031222,-0.0035038185,-0.023198618,2.3493445,3.3746789,2.9128296,-0.025719723,-0.009225501,-0.017161364,0.27075028,1.2310655
ATAC_OBSCN-AS1,-0.031475425,1.8559096,-0.008098906,-0.015873782,2.9294841,0.3031222,-0.0035038185,-0.023198618,2.3493445,3.3746789,2.9128296,-0.025719723,-0.009225501,-0.017161364,0.27075028,1.2310655
ATAC_OCA2,-0.031469002,1.8553501,-0.008100709,-0.01588021,2.9299195,0.30333546,-0.0034991305,-0.02319875,2.3499444,3.3742843,2.9126964,-0.025712695,-0.009230786,-0.017164707,0.26992708,1.2311385
ATAC_OCIAD2,-0.031475425,1.8559096,-0.008098906,-0.015873782,2.9294841,0.3031222,-0.0035038185,-0.023198618,2.3493445,3.3746789,2.9128296,-0.025719723,-0.009225501,-0.017161364,0.27075028,1.2310655
ATAC_OGDHL,-0.031475425,1.8559096,-0.008098906,-0.015873782,2.9294841,0.3031222,-0.0035038185,-0.023198618,2.3493445,3.3746789,2.9128296,-0.025719723,-0.009225501,-0.017161364,0.27075028,1.2310655
ATAC_OLMALINC,-0.031475425,1.8559096,-0.008098906,-0.015873782,2.9294841,0.3031222,-0.0035038185,-0.023198618,2.3493445,3.3746789,2.9128296,-0.025719723,-0.009225501,-0.017161364,0.27075028,1.2310655
ATAC_ONECUT1,-0.031475425,1.8559096,-0.008098906,-0.015873782,2.9294841,0.3031222,-0.0035038185,-0.023198618,2.3493445,3.3746789,2.9128296,-0.025719723,-0.009225501,-0.017161364,0.27075028,1.2310655
ATAC_OPTN,-0.031452347,1.8558502,-0.008084333,-0.015873622,2.9285958,0.30563757,-0.003493465,-0.023189267,2.3479567,3.371477,2.9126184,-0.02570977,-0.00921395,-0.017170466,0.27128989,1.2300254
ATAC_OR2AG2,-0.031475425,1.8559096,-0.008098906,-0.015873782,2.9294841,0.3031222,-0.0035038185,-0.023198618,2.3493445,3.3746789,2.9128296,-0.025719723,-0.009225501,-0.017161364,0.27075028,1.2310655
ATAC_ORC2,-0.031475425,1.8559096,-0.008098906,-0.015873782,2.9294841,0.3031222,-0.0035038185,-0.023198618,2.3493445,3.3746789,2.9128296,-0.025719723,-0.009225501,-0.017161364,0.27075028,1.2310655
ATAC_ORM2,-0.031475425,1.8559096,-0.008098906,-0.015873782,2.9294841,0.3031222,-0.0035038185,-0.023198618,2.3493445,3.3746789,2.9128296,-0.025719723,-0.009225501,-0.017161364,0.27075028,1.2310655
ATAC_OSBPL3,-0.031467874,1.8566695,-0.008086521,-0.01586074,2.9296646,0.30242714,-0.0035120873,-0.023198945,2.349007,3.37293,2.9140284,-0.025701502,-0.009232426,-0.017166106,0.27152255,1.2314482
ATAC_OSBPL7,-0.031475425,1.8559096,-0.008098906,-0.015873782,2.9294841,0.3031222,-0.0035038185,-0.023198618,2.3493445,3.3746789,2.9128296,-0.025719723,-0.009225501,-0.017161364,0.27075028,1.2310655
ATAC_OSER1-DT,-0.031475425,1.8559096,-0.008098906,-0.015873782,2.9294841,0.3031222,-0.0035038185,-0.023198618,2.3493445,3.3746789,2.9128296,-0.025719723,-0.009225501,-0.017161364,0.27075028,1.2310655
ATAC_OTUD6B-AS1,-0.031475425,1.8559096,-0.008098906,-0.015873782,2.9294841,0.3031222,-0.0035038185,-0.023198618,2.3493445,3.3746789,2.9128296,-0.025719723,-0.009225501,-0.017161364,0.27075028,1.2310655
ATAC_OTUD7B,-0.031475425,1.8559096,-0.008098906,-0.015873782,2.9294841,0.3031222,-0.0035038185,-0.023198618,2.3493445,3.3746789,2.9128296,-0.025719723,-0.009225501,-0.017161364,0.27075028,1.2310655
ATAC_OVCH1-AS1,-0.031475425,1.8559096,-0.008098906,-0.015873782,2.9294841,0.3031222,-0.0035038185,-0.023198618,2.3493445,3.3746789,2.9128296,-0.025719723,-0.009225501,-0.017161364,0.27075028,1.2310655
ATAC_OVOL3,-0.027136836,1.8240168,-0.009266311,-0.014416294,2.9998238,0.6189444,-0.0077284756,-0.023865225,1.8066359,3.3279731,2.5685408,-0.024335403,-0.005698275,-0.019432481,0.5677488,0.8374876
ATAC_P2RY10,-0.031475425,1.8559096,-0.008098906,-0.015873782,2.9294841,0.3031222,-0.0035038185,-0.023198618,2.3493445,3.3746789,2.9128296,-0.025719723,-0.009225501,-0.017161364,0.27075028,1.2310655
ATAC_P2RY11,-0.031475425,1.8559096,-0.008098906,-0.015873782,2.9294841,0.3031222,-0.0035038185,-0.023198618,2.3493445,3.3746789,2.9128296,-0.025719723,-0.009225501,-0.017161364,0.27075028,1.2310655
ATAC_P3H2-AS1,-0.031475425,1.8559096,-0.008098906,-0.015873782,2.9294841,0.3031222,-0.0035038185,-0.023198618,2.3493445,3.3746789,2.9128296,-0.025719723,-0.009225501,-0.017161364,0.27075028,1.2310655
ATAC_P3H4,-0.031475425,1.8559096,-0.008098906,-0.015873782,2.9294841,0.3031222,-0.0035038185,-0.023198618,2.3493445,3.3746789,2.9128296,-0.025719723,-0.009225501,-0.017161364,0.27075028,1.2310655
ATAC_PAFAH2,-0.031475425,1.8559096,-0.008098906,-0.015873782,2.9294841,0.3031222,-0.0035038185,-0.023198618,2.3493445,3.3746789,2.9128296,-0.025719723,-0.009225501,-0.017161364,0.27075028,1.2310655
ATAC_PAM,-0.031475425,1.8559096,-0.008098906,-0.015873782,2.9294841,0.3031222,-0.0035038185,-0.023198618,2.3493445,3.3746789,2.9128296,-0.025719723,-0.009225501,-0.017161364,0.27075028,1.2310655
ATAC_PANX3,-0.031475425,1.8559096,-0.008098906,-0.015873782,2.9294841,0.3031222,-0.0035038185,-0.023198618,2.3493445,3.3746789,2.9128296,-0.025719723,-0.009225501,-0.017161364,0.27075028,1.2310655
ATAC_PAPOLB,-0.031475425,1.8559096,-0.008098906,-0.015873782,2.9294841,0.3031222,-0.0035038185,-0.023198618,2.3493445,3.3746789,2.9128296,-0.025719723,-0.009225501,-0.017161364,0.27075028,1.2310655
ATAC_PARD6B,-0.031475425,1.8559096,-0.008098906,-0.015873782,2.9294841,0.3031222,-0.0035038185,-0.023198618,2.3493445,3.3746789,2.9128296,-0.025719723,-0.009225501,-0.017161364,0.27075028,1.2310655
ATAC_PARN,-0.031475425,1.8559096,-0.008098906,-0.015873782,2.9294841,0.3031222,-0.0035038185,-0.023198618,2.3493445,3.3746789,2.9128296,-0.025719723,-0.009225501,-0.017161364,0.27075028,1.2310655
ATAC_PARP15,-0.03147517,1.8555561,-0.008099716,-0.015873434,2.929215,0.30332246,-0.0035020171,-0.023201777,2.3488286,3.374197,2.9122941,-0.025724964,-0.009224802,-0.017156124,0.2703023,1.231308
ATAC_PARP16,-0.031475425,1.8559096,-0.008098906,-0.015873782,2.9294841,0.3031222,-0.0035038185,-0.023198618,2.3493445,3.3746789,2.9128296,-0.025719723,-0.009225501,-0.017161364,0.27075028,1.2310655
ATAC_PATL2,-0.03147517,1.8555561,-0.008099716,-0.015873434,2.929215,0.30332246,-0.0035020171,-0.023201777,2.3488286,3.374197,2.9122941,-0.025724964,-0.009224802,-0.017156124,0.2703023,1.231308
ATAC_PAUPAR,-0.031475425,1.8559096,-0.008098906,-0.015873782,2.9294841,0.3031222,-0.0035038185,-0.023198618,2.3493445,3.3746789,2.9128296,-0.025719723,-0.009225501,-0.017161364,0.27075028,1.2310655
ATAC_PAX5,-0.031475425,1.8559096,-0.008098906,-0.015873782,2.9294841,0.3031222,-0.0035038185,-0.023198618,2.3493445,3.3746789,2.9128296,-0.025719723,-0.009225501,-0.017161364,0.27075028,1.2310655
ATAC_PAXX,-0.031475425,1.8559096,-0.008098906,-0.015873782,2.9294841,0.3031222,-0.0035038185,-0.023198618,2.3493445,3.3746789,2.9128296,-0.025719723,-0.009225501,-0.017161364,0.27075028,1.2310655
ATAC_PBX4,-0.031475425,1.8559096,-0.008098906,-0.015873782,2.9294841,0.3031222,-0.0035038185,-0.023198618,2.3493445,3.3746789,2.9128296,-0.025719723,-0.009225501,-0.017161364,0.27075028,1.2310655
ATAC_PCAT1,-0.031475425,1.8559096,-0.008098906,-0.015873782,2.9294841,0.3031222,-0.0035038185,-0.023198618,2.3493445,3.3746789,2.9128296,-0.025719723,-0.009225501,-0.017161364,0.27075028,1.2310655
ATAC_PCBP4,-0.031475425,1.8559096,-0.008098906,-0.015873782,2.9294841,0.3031222,-0.0035038185,-0.023198618,2.3493445,3.3746789,2.9128296,-0.025719723,-0.009225501,-0.017161364,0.27075028,1.2310655
ATAC_PCDH19,-0.03147517,1.8555561,-0.008099716,-0.015873434,2.929215,0.30332246,-0.0035020171,-0.023201777,2.3488286,3.374197,2.9122941,-0.025724964,-0.009224802,-0.017156124,0.2703023,1.231308
ATAC_PCDH9,-0.031475425,1.8559096,-0.008098906,-0.015873782,2.9294841,0.3031222,-0.0035038185,-0.023198618,2.3493445,3.3746789,2.9128296,-0.025719723,-0.009225501,-0.017161364,0.27075028,1.2310655
ATAC_PCDHGA10,-0.031475425,1.8559096,-0.008098906,-0.015873782,2.9294841,0.3031222,-0.0035038185,-0.023198618,2.3493445,3.3746789,2.9128296,-0.025719723,-0.009225501,-0.017161364,0.27075028,1.2310655
ATAC_PCDHGB2,-0.031475425,1.8559096,-0.008098906,-0.015873782,2.9294841,0.3031222,-0.0035038185,-0.023198618,2.3493445,3.3746789,2.9128296,-0.025719723,-0.009225501,-0.017161364,0.27075028,1.2310655
ATAC_PCDHGC3,-0.031475425,1.8559096,-0.008098906,-0.015873782,2.9294841,0.3031222,-0.0035038185,-0.023198618,2.3493445,3.3746789,2.9128296,-0.025719723,-0.009225501,-0.017161364,0.27075028,1.2310655
ATAC_PCNT,-0.031458575,1.8564616,-0.008108636,-0.015889112,2.9301527,0.30349657,-0.0034956473,-0.023181153,2.3501375,3.3738346,2.9119534,-0.025723262,-0.0092122825,-0.017176848,0.27019,1.231846
ATAC_PCNX3,-0.031475425,1.8559096,-0.008098906,-0.015873782,2.9294841,0.3031222,-0.0035038185,-0.023198618,2.3493445,3.3746789,2.9128296,-0.025719723,-0.009225501,-0.017161364,0.27075028,1.2310655
ATAC_PCOTH,-0.031475425,1.8559096,-0.008098906,-0.015873782,2.9294841,0.3031222,-0.0035038185,-0.023198618,2.3493445,3.3746789,2.9128296,-0.025719723,-0.009225501,-0.017161364,0.27075028,1.2310655
ATAC_PDCD1,-0.031205844,1.9054899,-0.0076075443,-0.016291194,2.871641,0.26477396,-0.003059153,-0.023540948,2.3140776,3.3143666,2.9347296,-0.025496887,-0.009351532,-0.017653702,0.32254335,1.2362149
ATAC_PDE4D,-0.026801094,1.9635823,-0.0050175968,-0.019113362,2.3194375,0.40429926,-6.0457063e-05,-0.016353551,2.7063785,2.8792105,2.5543191,-0.026574897,-0.010913961,-0.01393463,-0.002243994,1.3196925
ATAC_PDE5A,-0.025056645,1.4080817,-0.008266316,-0.01753453,2.9541168,0.087179065,-0.0029407025,-0.01757162,2.2793818,3.0951498,2.7463908,-0.019212734,-0.008362729,-0.01843475,0.056422893,1.6515135
ATAC_PDE9A,-0.031475425,1.8559096,-0.008098906,-0.015873782,2.9294841,0.3031222,-0.0035038185,-0.023198618,2.3493445,3.3746789,2.9128296,-0.025719723,-0.009225501,-0.017161364,0.27075028,1.2310655
ATAC_PDGFD,-0.031475425,1.8559096,-0.008098906,-0.015873782,2.9294841,0.3031222,-0.0035038185,-0.023198618,2.3493445,3.3746789,2.9128296,-0.025719723,-0.009225501,-0.017161364,0.27075028,1.2310655
ATAC_PDZD4,-0.031475425,1.8559096,-0.008098906,-0.015873782,2.9294841,0.3031222,-0.0035038185,-0.023198618,2.3493445,3.3746789,2.9128296,-0.025719723,-0.009225501,-0.017161364,0.27075028,1.2310655
ATAC_PDZK1IP1,-0.031475425,1.8559096,-0.008098906,-0.015873782,2.9294841,0.3031222,-0.0035038185,-0.023198618,2.3493445,3.3746789,2.9128296,-0.025719723,-0.009225501,-0.017161364,0.27075028,1.2310655
ATAC_PECR,-0.031475425,1.8559096,-0.008098906,-0.015873782,2.9294841,0.3031222,-0.0035038185,-0.023198618,2.3493445,3.3746789,2.9128296,-0.025719723,-0.009225501,-0.017161364,0.27075028,1.2310655
ATAC_PERP,-0.03147517,1.8555561,-0.008099716,-0.015873434,2.929215,0.30332246,-0.0035020171,-0.023201777,2.3488286,3.374197,2.9122941,-0.025724964,-0.009224802,-0.017156124,0.2703023,1.231308
ATAC_PEX12,-0.031475425,1.8559096,-0.008098906,-0.015873782,2.9294841,0.3031222,-0.0035038185,-0.023198618,2.3493445,3.3746789,2.9128296,-0.025719723,-0.009225501,-0.017161364,0.27075028,1.2310655
ATAC_PFKFB1,-0.031475425,1.8559096,-0.008098906,-0.015873782,2.9294841,0.3031222,-0.0035038185,-0.023198618,2.3493445,3.3746789,2.9128296,-0.025719723,-0.009225501,-0.017161364,0.27075028,1.2310655
ATAC_PFKP,-0.031475425,1.8559096,-0.008098906,-0.015873782,2.9294841,0.3031222,-0.0035038185,-0.023198618,2.3493445,3.3746789,2.9128296,-0.025719723,-0.009225501,-0.017161364,0.27075028,1.2310655
ATAC_PGAP1,-0.031475425,1.8559096,-0.008098906,-0.015873782,2.9294841,0.3031222,-0.0035038185,-0.023198618,2.3493445,3.3746789,2.9128296,-0.025719723,-0.009225501,-0.017161364,0.27075028,1.2310655
ATAC_PGBD4,-0.031475425,1.8559096,-0.008098906,-0.015873782,2.9294841,0.3031222,-0.0035038185,-0.023198618,2.3493445,3.3746789,2.9128296,-0.025719723,-0.009225501,-0.017161364,0.27075028,1.2310655
ATAC_PGGHG,-0.031475425,1.8559096,-0.008098906,-0.015873782,2.9294841,0.3031222,-0.0035038185,-0.023198618,2.3493445,3.3746789,2.9128296,-0.025719723,-0.009225501,-0.017161364,0.27075028,1.2310655
ATAC_PGM2L1,-0.031475425,1.8559096,-0.008098906,-0.015873782,2.9294841,0.3031222,-0.0035038185,-0.023198618,2.3493445,3.3746789,2.9128296,-0.025719723,-0.009225501,-0.017161364,0.27075028,1.2310655
ATAC_PGM5P4-AS1,-0.031475425,1.8559096,-0.008098906,-0.015873782,2.9294841,0.3031222,-0.0035038185,-0.023198618,2.3493445,3.3746789,2.9128296,-0.025719723,-0.009225501,-0.017161364,0.27075028,1.2310655
ATAC_PHC1,-0.031475425,1.8559096,-0.008098906,-0.015873782,2.9294841,0.3031222,-0.0035038185,-0.023198618,2.3493445,3.3746789,2.9128296,-0.025719723,-0.009225501,-0.017161364,0.27075028,1.2310655
ATAC_PHF1,-0.031475425,1.8559096,-0.008098906,-0.015873782,2.9294841,0.3031222,-0.0035038185,-0.023198618,2.3493445,3.3746789,2.9128296,-0.025719723,-0.009225501,-0.017161364,0.27075028,1.2310655
ATAC_PHF7,-0.031475425,1.8559096,-0.008098906,-0.015873782,2.9294841,0.3031222,-0.0035038185,-0.023198618,2.3493445,3.3746789,2.9128296,-0.025719723,-0.009225501,-0.017161364,0.27075028,1.2310655
ATAC_PHLDA3,-0.031475425,1.8559096,-0.008098906,-0.015873782,2.9294841,0.3031222,-0.0035038185,-0.023198618,2.3493445,3.3746789,2.9128296,-0.025719723,-0.009225501,-0.017161364,0.27075028,1.2310655
ATAC_PHLDB3,-0.031475425,1.8559096,-0.008098906,-0.015873782,2.9294841,0.3031222,-0.0035038185,-0.023198618,2.3493445,3.3746789,2.9128296,-0.025719723,-0.009225501,-0.017161364,0.27075028,1.2310655
ATAC_PHOX2A,-0.031475425,1.8559096,-0.008098906,-0.015873782,2.9294841,0.3031222,-0.0035038185,-0.023198618,2.3493445,3.3746789,2.9128296,-0.025719723,-0.009225501,-0.017161364,0.27075028,1.2310655
ATAC_PHYH,-0.031475425,1.8559096,-0.008098906,-0.015873782,2.9294841,0.3031222,-0.0035038185,-0.023198618,2.3493445,3.3746789,2.9128296,-0.025719723,-0.009225501,-0.017161364,0.27075028,1.2310655
ATAC_PHYHIPL,-0.026801094,1.9635823,-0.0050175968,-0.019113362,2.3194375,0.40429926,-6.0457063e-05,-0.016353551,2.7063785,2.8792105,2.5543191,-0.026574897,-0.010913961,-0.01393463,-0.002243994,1.3196925
ATAC_PICART1,-0.026801094,1.9635823,-0.0050175968,-0.019113362,2.3194375,0.40429926,-6.0457063e-05,-0.016353551,2.7063785,2.8792105,2.5543191,-0.026574897,-0.010913961,-0.01393463,-0.002243994,1.3196925
ATAC_PID1,-0.031475425,1.8559096,-0.008098906,-0.015873782,2.9294841,0.3031222,-0.0035038185,-0.023198618,2.3493445,3.3746789,2.9128296,-0.025719723,-0.009225501,-0.017161364,0.27075028,1.2310655
ATAC_PIF1,-0.031475425,1.8559096,-0.008098906,-0.015873782,2.9294841,0.3031222,-0.0035038185,-0.023198618,2.3493445,3.3746789,2.9128296,-0.025719723,-0.009225501,-0.017161364,0.27075028,1.2310655
ATAC_PIGK,-0.031666633,1.7828383,-0.008340033,-0.014688535,2.8917937,0.3721151,-0.0039404514,-0.02201431,2.416828,3.2194922,2.8670027,-0.023815589,-0.01058203,-0.015880264,0.122603156,1.1117353
ATAC_PIGL,-0.031666633,1.7828383,-0.008340033,-0.014688535,2.8917937,0.3721151,-0.0039404514,-0.02201431,2.416828,3.2194922,2.8670027,-0.023815589,-0.01058203,-0.015880264,0.122603156,1.1117353
ATAC_PITPNM2,-0.031475425,1.8559096,-0.008098906,-0.015873782,2.9294841,0.3031222,-0.0035038185,-0.023198618,2.3493445,3.3746789,2.9128296,-0.025719723,-0.009225501,-0.017161364,0.27075028,1.2310655
ATAC_PKD1,-0.031475425,1.8559096,-0.008098906,-0.015873782,2.9294841,0.3031222,-0.0035038185,-0.023198618,2.3493445,3.3746789,2.9128296,-0.025719723,-0.009225501,-0.017161364,0.27075028,1.2310655
ATAC_PKIA,-0.031469822,1.854997,-0.008106444,-0.015879026,2.9290235,0.30206248,-0.0035053676,-0.0231949,2.3480704,3.3746061,2.9129014,-0.025728822,-0.009222255,-0.017165754,0.27176356,1.2300326
ATAC_PLA2G4E-AS1,-0.031475425,1.8559096,-0.008098906,-0.015873782,2.9294841,0.3031222,-0.0035038185,-0.023198618,2.3493445,3.3746789,2.9128296,-0.025719723,-0.009225501,-0.017161364,0.27075028,1.2310655
ATAC_PLA2G6,-0.031475425,1.8559096,-0.008098906,-0.015873782,2.9294841,0.3031222,-0.0035038185,-0.023198618,2.3493445,3.3746789,2.9128296,-0.025719723,-0.009225501,-0.017161364,0.27075028,1.2310655
ATAC_PLAAT2,-0.031475425,1.8559096,-0.008098906,-0.015873782,2.9294841,0.3031222,-0.0035038185,-0.023198618,2.3493445,3.3746789,2.9128296,-0.025719723,-0.009225501,-0.017161364,0.27075028,1.2310655
ATAC_PLAC1,-0.031475425,1.8559096,-0.008098906,-0.015873782,2.9294841,0.3031222,-0.0035038185,-0.023198618,2.3493445,3.3746789,2.9128296,-0.025719723,-0.009225501,-0.017161364,0.27075028,1.2310655
ATAC_PLAUR,-0.031475425,1.8559096,-0.008098906,-0.015873782,2.9294841,0.3031222,-0.0035038185,-0.023198618,2.3493445,3.3746789,2.9128296,-0.025719723,-0.009225501,-0.017161364,0.27075028,1.2310655
ATAC_PLCG1,-0.03147575,1.8558457,-0.008096901,-0.015873168,2.9293013,0.30331364,-0.0035046015,-0.02319632,2.349423,3.374781,2.9129534,-0.025719766,-0.009226859,-0.017161522,0.27079147,1.230874
ATAC_PLCL1,-0.031475425,1.8559096,-0.008098906,-0.015873782,2.9294841,0.3031222,-0.0035038185,-0.023198618,2.3493445,3.3746789,2.9128296,-0.025719723,-0.009225501,-0.017161364,0.27075028,1.2310655
ATAC_PLCXD2,-0.031475425,1.8559096,-0.008098906,-0.015873782,2.9294841,0.3031222,-0.0035038185,-0.023198618,2.3493445,3.3746789,2.9128296,-0.025719723,-0.009225501,-0.017161364,0.27075028,1.2310655
ATAC_PLD5,-0.031475425,1.8559096,-0.008098906,-0.015873782,2.9294841,0.3031222,-0.0035038185,-0.023198618,2.3493445,3.3746789,2.9128296,-0.025719723,-0.009225501,-0.017161364,0.27075028,1.2310655
ATAC_PLEKHA1,-0.031475425,1.8559096,-0.008098906,-0.015873782,2.9294841,0.3031222,-0.0035038185,-0.023198618,2.3493445,3.3746789,2.9128296,-0.025719723,-0.009225501,-0.017161364,0.27075028,1.2310655
ATAC_PLEKHA5,-0.031486593,1.8557979,-0.008106825,-0.015863566,2.9289782,0.3028724,-0.0035075753,-0.02319874,2.3491552,3.3740227,2.911998,-0.025714202,-0.009230822,-0.017164828,0.26972646,1.2306191
ATAC_PLEKHF1,-0.031475425,1.8559096,-0.008098906,-0.015873782,2.9294841,0.3031222,-0.0035038185,-0.023198618,2.3493445,3.3746789,2.9128296,-0.025719723,-0.009225501,-0.017161364,0.27075028,1.2310655
ATAC_PLEKHG1,-0.031475425,1.8559096,-0.008098906,-0.015873782,2.9294841,0.3031222,-0.0035038185,-0.023198618,2.3493445,3.3746789,2.9128296,-0.025719723,-0.009225501,-0.017161364,0.27075028,1.2310655
ATAC_PLGRKT,-0.031475425,1.8559096,-0.008098906,-0.015873782,2.9294841,0.3031222,-0.0035038185,-0.023198618,2.3493445,3.3746789,2.9128296,-0.025719723,-0.009225501,-0.017161364,0.27075028,1.2310655
ATAC_PLPP1,-0.031478506,1.8553385,-0.0081128515,-0.0158729,2.9310913,0.3027985,-0.0035141045,-0.023208523,2.346136,3.3745625,2.9107852,-0.025703715,-0.009239115,-0.017173517,0.27238,1.230591
ATAC_PLPPR3,-0.031475425,1.8559096,-0.008098906,-0.015873782,2.9294841,0.3031222,-0.0035038185,-0.023198618,2.3493445,3.3746789,2.9128296,-0.025719723,-0.009225501,-0.017161364,0.27075028,1.2310655
ATAC_PLXDC1,-0.031475425,1.8559096,-0.008098906,-0.015873782,2.9294841,0.3031222,-0.0035038185,-0.023198618,2.3493445,3.3746789,2.9128296,-0.025719723,-0.009225501,-0.017161364,0.27075028,1.2310655
ATAC_PLXDC2,-0.026801094,1.9635823,-0.0050175968,-0.019113362,2.3194375,0.40429926,-6.0457063e-05,-0.016353551,2.7063785,2.8792105,2.5543191,-0.026574897,-0.010913961,-0.01393463,-0.002243994,1.3196925
ATAC_PLXNA3,-0.031475425,1.8559096,-0.008098906,-0.015873782,2.9294841,0.3031222,-0.0035038185,-0.023198618,2.3493445,3.3746789,2.9128296,-0.025719723,-0.009225501,-0.017161364,0.27075028,1.2310655
ATAC_PM20D1,-0.031475425,1.8559096,-0.008098906,-0.015873782,2.9294841,0.3031222,-0.0035038185,-0.023198618,2.3493445,3.3746789,2.9128296,-0.025719723,-0.009225501,-0.017161364,0.27075028,1.2310655
ATAC_PMS1,-0.031475425,1.8559096,-0.008098906,-0.015873782,2.9294841,0.3031222,-0.0035038185,-0.023198618,2.3493445,3.3746789,2.9128296,-0.025719723,-0.009225501,-0.017161364,0.27075028,1.2310655
ATAC_PNMT,-0.031475425,1.8559096,-0.008098906,-0.015873782,2.9294841,0.3031222,-0.0035038185,-0.023198618,2.3493445,3.3746789,2.9128296,-0.025719723,-0.009225501,-0.017161364,0.27075028,1.2310655
ATAC_PNPLA2,-0.031475425,1.8559096,-0.008098906,-0.015873782,2.9294841,0.3031222,-0.0035038185,-0.023198618,2.3493445,3.3746789,2.9128296,-0.025719723,-0.009225501,-0.017161364,0.27075028,1.2310655
ATAC_PNPLA3,-0.031475425,1.8559096,-0.008098906,-0.015873782,2.9294841,0.3031222,-0.0035038185,-0.023198618,2.3493445,3.3746789,2.9128296,-0.025719723,-0.009225501,-0.017161364,0.27075028,1.2310655
ATAC_POC5,-0.031475425,1.8559096,-0.008098906,-0.015873782,2.9294841,0.3031222,-0.0035038185,-0.023198618,2.3493445,3.3746789,2.9128296,-0.025719723,-0.009225501,-0.017161364,0.27075028,1.2310655
ATAC_POLR3E,-0.031458575,1.8564616,-0.008108636,-0.015889112,2.9301527,0.30349657,-0.0034956473,-0.023181153,2.3501375,3.3738346,2.9119534,-0.025723262,-0.0092122825,-0.017176848,0.27019,1.231846
ATAC_POMT1,-0.02714992,1.8236324,-0.009256944,-0.014431274,2.998644,0.617315,-0.0077140215,-0.023867402,1.8077395,3.3262222,2.5671983,-0.024336414,-0.005711326,-0.019424034,0.5672747,0.83848035
ATAC_POT1-AS1,-0.031480778,1.8563311,-0.008090217,-0.01586424,2.929058,0.30350384,-0.0035124028,-0.023174724,2.3478067,3.37618,2.9114192,-0.025716892,-0.0092306705,-0.017155621,0.27089724,1.2311937
ATAC_POU3F1,-0.031472757,1.8557072,-0.008094578,-0.015873425,2.9290566,0.3026363,-0.0035026984,-0.023198549,2.3490381,3.3749695,2.912435,-0.025712237,-0.009234702,-0.017166728,0.27025354,1.2313015
ATAC_POU6F1,-0.031475425,1.8559096,-0.008098906,-0.015873782,2.9294841,0.3031222,-0.0035038185,-0.023198618,2.3493445,3.3746789,2.9128296,-0.025719723,-0.009225501,-0.017161364,0.27075028,1.2310655
ATAC_PPIAL4G,-0.031475425,1.8559096,-0.008098906,-0.015873782,2.9294841,0.3031222,-0.0035038185,-0.023198618,2.3493445,3.3746789,2.9128296,-0.025719723,-0.009225501,-0.017161364,0.27075028,1.2310655
ATAC_PPM1E,-0.031472757,1.8557072,-0.008094578,-0.015873425,2.9290566,0.3026363,-0.0035026984,-0.023198549,2.3490381,3.3749695,2.912435,-0.025712237,-0.009234702,-0.017166728,0.27025354,1.2313015
ATAC_PPM1K-DT,-0.023971023,2.1541243,-0.00090431323,-0.014238922,1.7893603,0.669768,0.31045032,-0.011975856,2.183111,2.792657,2.471728,-0.020470263,-0.012957465,-0.011461571,0.17352538,0.8878088
ATAC_PPP1R10,-0.034074977,1.3098423,-0.0087715555,-0.0194718,2.739299,0.2082126,-0.00047216503,-0.024286218,2.1095293,2.8598838,2.533905,-0.023567013,-0.0050060214,-0.017466825,0.5036518,1.0191813
ATAC_PPP1R12A-AS1,-0.031475425,1.8559096,-0.008098906,-0.015873782,2.9294841,0.3031222,-0.0035038185,-0.023198618,2.3493445,3.3746789,2.9128296,-0.025719723,-0.009225501,-0.017161364,0.27075028,1.2310655
ATAC_PPP1R14B-AS1,-0.031475425,1.8559096,-0.008098906,-0.015873782,2.9294841,0.3031222,-0.0035038185,-0.023198618,2.3493445,3.3746789,2.9128296,-0.025719723,-0.009225501,-0.017161364,0.27075028,1.2310655
ATAC_PPP1R36,-0.031475425,1.8559096,-0.008098906,-0.015873782,2.9294841,0.3031222,-0.0035038185,-0.023198618,2.3493445,3.3746789,2.9128296,-0.025719723,-0.009225501,-0.017161364,0.27075028,1.2310655
ATAC_PPP1R9A,-0.031475425,1.8559096,-0.008098906,-0.015873782,2.9294841,0.3031222,-0.0035038185,-0.023198618,2.3493445,3.3746789,2.9128296,-0.025719723,-0.009225501,-0.017161364,0.27075028,1.2310655
ATAC_PPP2R3B,-0.031475425,1.8559096,-0.008098906,-0.015873782,2.9294841,0.3031222,-0.0035038185,-0.023198618,2.3493445,3.3746789,2.9128296,-0.025719723,-0.009225501,-0.017161364,0.27075028,1.2310655
ATAC_PPP4R1-AS1,-0.027136836,1.8240168,-0.009266311,-0.014416294,2.9998238,0.6189444,-0.0077284756,-0.023865225,1.8066359,3.3279731,2.5685408,-0.024335403,-0.005698275,-0.019432481,0.5677488,0.8374876
ATAC_PRAG1,-0.031205844,1.9054899,-0.0076075443,-0.016291194,2.871641,0.26477396,-0.003059153,-0.023540948,2.3140776,3.3143666,2.9347296,-0.025496887,-0.009351532,-0.017653702,0.32254335,1.2362149
ATAC_PRAME,-0.031666633,1.7828383,-0.008340033,-0.014688535,2.8917937,0.3721151,-0.0039404514,-0.02201431,2.416828,3.2194922,2.8670027,-0.023815589,-0.01058203,-0.015880264,0.122603156,1.1117353
ATAC_PRDM1,-0.031475425,1.8559096,-0.008098906,-0.015873782,2.9294841,0.3031222,-0.0035038185,-0.023198618,2.3493445,3.3746789,2.9128296,-0.025719723,-0.009225501,-0.017161364,0.27075028,1.2310655
ATAC_PREPL,-0.031475425,1.8559096,-0.008098906,-0.015873782,2.9294841,0.3031222,-0.0035038185,-0.023198618,2.3493445,3.3746789,2.9128296,-0.025719723,-0.009225501,-0.017161364,0.27075028,1.2310655
ATAC_PREX2,-0.031475425,1.8559096,-0.008098906,-0.015873782,2.9294841,0.3031222,-0.0035038185,-0.023198618,2.3493445,3.3746789,2.9128296,-0.025719723,-0.009225501,-0.017161364,0.27075028,1.2310655
ATAC_PRF1,-0.031475425,1.8559096,-0.008098906,-0.015873782,2.9294841,0.3031222,-0.0035038185,-0.023198618,2.3493445,3.3746789,2.9128296,-0.025719723,-0.009225501,-0.017161364,0.27075028,1.2310655
ATAC_PRICKLE4,-0.031469192,1.8552982,-0.008074602,-0.015858293,2.9279275,0.3052632,-0.0035016362,-0.023206731,2.3471637,3.3723211,2.9134946,-0.025706239,-0.009227169,-0.017154982,0.27185017,1.229245
ATAC_PRIM2,-0.031475425,1.8559096,-0.008098906,-0.015873782,2.9294841,0.3031222,-0.0035038185,-0.023198618,2.3493445,3.3746789,2.9128296,-0.025719723,-0.009225501,-0.017161364,0.27075028,1.2310655
ATAC_PRKAR1B,-0.031475425,1.8559096,-0.008098906,-0.015873782,2.9294841,0.3031222,-0.0035038185,-0.023198618,2.3493445,3.3746789,2.9128296,-0.025719723,-0.009225501,-0.017161364,0.27075028,1.2310655
ATAC_PRKCA-AS1,-0.031475425,1.8559096,-0.008098906,-0.015873782,2.9294841,0.3031222,-0.0035038185,-0.023198618,2.3493445,3.3746789,2.9128296,-0.025719723,-0.009225501,-0.017161364,0.27075028,1.2310655
ATAC_PRKCG,-0.03148851,1.8555251,-0.008089539,-0.015888762,2.9283044,0.30149278,-0.0034893644,-0.023200795,2.3504481,3.372928,2.911487,-0.025720734,-0.009238552,-0.017152917,0.27027613,1.2320583
ATAC_PRKCQ-AS1,-0.031475425,1.8559096,-0.008098906,-0.015873782,2.9294841,0.3031222,-0.0035038185,-0.023198618,2.3493445,3.3746789,2.9128296,-0.025719723,-0.009225501,-0.017161364,0.27075028,1.2310655
ATAC_PRKD2,-0.031475425,1.8559096,-0.008098906,-0.015873782,2.9294841,0.3031222,-0.0035038185,-0.023198618,2.3493445,3.3746789,2.9128296,-0.025719723,-0.009225501,-0.017161364,0.27075028,1.2310655
ATAC_PRKN,-0.031475425,1.8559096,-0.008098906,-0.015873782,2.9294841,0.3031222,-0.0035038185,-0.023198618,2.3493445,3.3746789,2.9128296,-0.025719723,-0.009225501,-0.017161364,0.27075028,1.2310655
ATAC_PRKRIP1,-0.027136836,1.8240168,-0.009266311,-0.014416294,2.9998238,0.6189444,-0.0077284756,-0.023865225,1.8066359,3.3279731,2.5685408,-0.024335403,-0.005698275,-0.019432481,0.5677488,0.8374876
ATAC_PRKX,-0.031475425,1.8559096,-0.008098906,-0.015873782,2.9294841,0.3031222,-0.0035038185,-0.023198618,2.3493445,3.3746789,2.9128296,-0.025719723,-0.009225501,-0.017161364,0.27075028,1.2310655
ATAC_PRORP,-0.031475425,1.8559096,-0.008098906,-0.015873782,2.9294841,0.3031222,-0.0035038185,-0.023198618,2.3493445,3.3746789,2.9128296,-0.025719723,-0.009225501,-0.017161364,0.27075028,1.2310655
ATAC_PROS1,-0.031475425,1.8559096,-0.008098906,-0.015873782,2.9294841,0.3031222,-0.0035038185,-0.023198618,2.3493445,3.3746789,2.9128296,-0.025719723,-0.009225501,-0.017161364,0.27075028,1.2310655
ATAC_PROX2,-0.031475425,1.8559096,-0.008098906,-0.015873782,2.9294841,0.3031222,-0.0035038185,-0.023198618,2.3493445,3.3746789,2.9128296,-0.025719723,-0.009225501,-0.017161364,0.27075028,1.2310655
ATAC_PRR3,-0.031475425,1.8559096,-0.008098906,-0.015873782,2.9294841,0.3031222,-0.0035038185,-0.023198618,2.3493445,3.3746789,2.9128296,-0.025719723,-0.009225501,-0.017161364,0.27075028,1.2310655
ATAC_PRR5,-0.031475425,1.8559096,-0.008098906,-0.015873782,2.9294841,0.3031222,-0.0035038185,-0.023198618,2.3493445,3.3746789,2.9128296,-0.025719723,-0.009225501,-0.017161364,0.27075028,1.2310655
ATAC_PRR5L,-0.031205844,1.9054899,-0.0076075443,-0.016291194,2.871641,0.26477396,-0.003059153,-0.023540948,2.3140776,3.3143666,2.9347296,-0.025496887,-0.009351532,-0.017653702,0.32254335,1.2362149
ATAC_PRRG2,-0.031475425,1.8559096,-0.008098906,-0.015873782,2.9294841,0.3031222,-0.0035038185,-0.023198618,2.3493445,3.3746789,2.9128296,-0.025719723,-0.009225501,-0.017161364,0.27075028,1.2310655
ATAC_PRRT2,-0.031475425,1.8559096,-0.008098906,-0.015873782,2.9294841,0.3031222,-0.0035038185,-0.023198618,2.3493445,3.3746789,2.9128296,-0.025719723,-0.009225501,-0.017161364,0.27075028,1.2310655
ATAC_PRRT4,-0.03147811,1.8561287,-0.008085888,-0.015863882,2.9286304,0.30301794,-0.0035112826,-0.023174655,2.3475003,3.3764706,2.9110246,-0.025709404,-0.009239871,-0.017160986,0.2704005,1.2314297
ATAC_PRSS22,-0.031480778,1.8563311,-0.008090217,-0.01586424,2.929058,0.30350384,-0.0035124028,-0.023174724,2.3478067,3.37618,2.9114192,-0.025716892,-0.0092306705,-0.017155621,0.27089724,1.2311937
ATAC_PRSS35,-0.031475425,1.8559096,-0.008098906,-0.015873782,2.9294841,0.3031222,-0.0035038185,-0.023198618,2.3493445,3.3746789,2.9128296,-0.025719723,-0.009225501,-0.017161364,0.27075028,1.2310655
ATAC_PRSS38,-0.031475425,1.8559096,-0.008098906,-0.015873782,2.9294841,0.3031222,-0.0035038185,-0.023198618,2.3493445,3.3746789,2.9128296,-0.025719723,-0.009225501,-0.017161364,0.27075028,1.2310655
ATAC_PRTG,-0.031475425,1.8559096,-0.008098906,-0.015873782,2.9294841,0.3031222,-0.0035038185,-0.023198618,2.3493445,3.3746789,2.9128296,-0.025719723,-0.009225501,-0.017161364,0.27075028,1.2310655
ATAC_PSD2-AS1,-0.031475425,1.8559096,-0.008098906,-0.015873782,2.9294841,0.3031222,-0.0035038185,-0.023198618,2.3493445,3.3746789,2.9128296,-0.025719723,-0.009225501,-0.017161364,0.27075028,1.2310655
ATAC_PSD4,-0.031475425,1.8559096,-0.008098906,-0.015873782,2.9294841,0.3031222,-0.0035038185,-0.023198618,2.3493445,3.3746789,2.9128296,-0.025719723,-0.009225501,-0.017161364,0.27075028,1.2310655
ATAC_PSMD5,-0.031475425,1.8559096,-0.008098906,-0.015873782,2.9294841,0.3031222,-0.0035038185,-0.023198618,2.3493445,3.3746789,2.9128296,-0.025719723,-0.009225501,-0.017161364,0.27075028,1.2310655
ATAC_PSORS1C1,-0.031475425,1.8559096,-0.008098906,-0.015873782,2.9294841,0.3031222,-0.0035038185,-0.023198618,2.3493445,3.3746789,2.9128296,-0.025719723,-0.009225501,-0.017161364,0.27075028,1.2310655
ATAC_PTCH1,-0.031475425,1.8559096,-0.008098906,-0.015873782,2.9294841,0.3031222,-0.0035038185,-0.023198618,2.3493445,3.3746789,2.9128296,-0.025719723,-0.009225501,-0.017161364,0.27075028,1.2310655
ATAC_PTCH2,-0.031590305,1.8627613,-0.0073085455,-0.014227357,2.8041565,0.026364306,-0.0019284121,-0.025339693,2.2185307,3.1347575,2.8528874,-0.024624348,-0.008735518,-0.015459759,0.4614432,1.2113864
ATAC_PTGDR,-0.031475425,1.8559096,-0.008098906,-0.015873782,2.9294841,0.3031222,-0.0035038185,-0.023198618,2.3493445,3.3746789,2.9128296,-0.025719723,-0.009225501,-0.017161364,0.27075028,1.2310655
ATAC_PTGDS,-0.031475425,1.8559096,-0.008098906,-0.015873782,2.9294841,0.3031222,-0.0035038185,-0.023198618,2.3493445,3.3746789,2.9128296,-0.025719723,-0.009225501,-0.017161364,0.27075028,1.2310655
ATAC_PTH2,-0.031475425,1.8559096,-0.008098906,-0.015873782,2.9294841,0.3031222,-0.0035038185,-0.023198618,2.3493445,3.3746789,2.9128296,-0.025719723,-0.009225501,-0.017161364,0.27075028,1.2310655
ATAC_PTOV1-AS1,-0.031475425,1.8559096,-0.008098906,-0.015873782,2.9294841,0.3031222,-0.0035038185,-0.023198618,2.3493445,3.3746789,2.9128296,-0.025719723,-0.009225501,-0.017161364,0.27075028,1.2310655
ATAC_PTPN12,-0.031475425,1.8559096,-0.008098906,-0.015873782,2.9294841,0.3031222,-0.0035038185,-0.023198618,2.3493445,3.3746789,2.9128296,-0.025719723,-0.009225501,-0.017161364,0.27075028,1.2310655
ATAC_PTPN22,-0.031475425,1.8559096,-0.008098906,-0.015873782,2.9294841,0.3031222,-0.0035038185,-0.023198618,2.3493445,3.3746789,2.9128296,-0.025719723,-0.009225501,-0.017161364,0.27075028,1.2310655
ATAC_PTPN7,-0.031475425,1.8559096,-0.008098906,-0.015873782,2.9294841,0.3031222,-0.0035038185,-0.023198618,2.3493445,3.3746789,2.9128296,-0.025719723,-0.009225501,-0.017161364,0.27075028,1.2310655
ATAC_PTPRG,-0.031475425,1.8559096,-0.008098906,-0.015873782,2.9294841,0.3031222,-0.0035038185,-0.023198618,2.3493445,3.3746789,2.9128296,-0.025719723,-0.009225501,-0.017161364,0.27075028,1.2310655
ATAC_PTPRK,-0.031475425,1.8559096,-0.008098906,-0.015873782,2.9294841,0.3031222,-0.0035038185,-0.023198618,2.3493445,3.3746789,2.9128296,-0.025719723,-0.009225501,-0.017161364,0.27075028,1.2310655
ATAC_PTPRM,-0.031475425,1.8559096,-0.008098906,-0.015873782,2.9294841,0.3031222,-0.0035038185,-0.023198618,2.3493445,3.3746789,2.9128296,-0.025719723,-0.009225501,-0.017161364,0.27075028,1.2310655
ATAC_PURA,-0.031475425,1.8559096,-0.008098906,-0.015873782,2.9294841,0.3031222,-0.0035038185,-0.023198618,2.3493445,3.3746789,2.9128296,-0.025719723,-0.009225501,-0.017161364,0.27075028,1.2310655
ATAC_PWWP3A,-0.030790018,1.7492857,-0.002740145,-0.013259046,2.9301748,-0.001024227,-0.0021423043,-0.021285657,2.1146688,3.4903736,2.6576138,-0.025150593,-0.008464842,-0.018312292,0.521409,1.3112496
ATAC_PYHIN1,-0.031475425,1.8559096,-0.008098906,-0.015873782,2.9294841,0.3031222,-0.0035038185,-0.023198618,2.3493445,3.3746789,2.9128296,-0.025719723,-0.009225501,-0.017161364,0.27075028,1.2310655
ATAC_RAB11FIP3,-0.031666633,1.7828383,-0.008340033,-0.014688535,2.8917937,0.3721151,-0.0039404514,-0.02201431,2.416828,3.2194922,2.8670027,-0.023815589,-0.01058203,-0.015880264,0.122603156,1.1117353
ATAC_RAB17,-0.031475425,1.8559096,-0.008098906,-0.015873782,2.9294841,0.3031222,-0.0035038185,-0.023198618,2.3493445,3.3746789,2.9128296,-0.025719723,-0.009225501,-0.017161364,0.27075028,1.2310655
ATAC_RAB26,-0.031475425,1.8559096,-0.008098906,-0.015873782,2.9294841,0.3031222,-0.0035038185,-0.023198618,2.3493445,3.3746789,2.9128296,-0.025719723,-0.009225501,-0.017161364,0.27075028,1.2310655
ATAC_RAB27B,-0.031486593,1.8557979,-0.008106825,-0.015863566,2.9289782,0.3028724,-0.0035075753,-0.02319874,2.3491552,3.3740227,2.911998,-0.025714202,-0.009230822,-0.017164828,0.26972646,1.2306191
ATAC_RAB30-DT,-0.031474393,1.8551507,-0.00810886,-0.015893292,2.9285014,0.30166778,-0.0035277235,-0.02320466,2.3490684,3.3750174,2.912139,-0.025713887,-0.009202446,-0.017142035,0.2682503,1.2314396
ATAC_RAB3IL1,-0.031475425,1.8559096,-0.008098906,-0.015873782,2.9294841,0.3031222,-0.0035038185,-0.023198618,2.3493445,3.3746789,2.9128296,-0.025719723,-0.009225501,-0.017161364,0.27075028,1.2310655
ATAC_RAB9B,-0.031467874,1.8566695,-0.008086521,-0.01586074,2.9296646,0.30242714,-0.0035120873,-0.023198945,2.349007,3.37293,2.9140284,-0.025701502,-0.009232426,-0.017166106,0.27152255,1.2314482
ATAC_RABEP2,-0.030792687,1.7494881,-0.0027444735,-0.013259403,2.9306023,-0.001019368,-0.0021434242,-0.021285726,2.1149755,3.490083,2.6580083,-0.025158081,-0.008455642,-0.01830693,0.5219057,1.3110136
ATAC_RABEPK,-0.031475425,1.8559096,-0.008098906,-0.015873782,2.9294841,0.3031222,-0.0035038185,-0.023198618,2.3493445,3.3746789,2.9128296,-0.025719723,-0.009225501,-0.017161364,0.27075028,1.2310655
ATAC_RABGAP1L-DT,-0.031475425,1.8559096,-0.008098906,-0.015873782,2.9294841,0.3031222,-0.0035038185,-0.023198618,2.3493445,3.3746789,2.9128296,-0.025719723,-0.009225501,-0.017161364,0.27075028,1.2310655
ATAC_RAC3,-0.026801094,1.9635823,-0.0050175968,-0.019113362,2.3194375,0.40429926,-6.0457063e-05,-0.016353551,2.7063785,2.8792105,2.5543191,-0.026574897,-0.010913961,-0.01393463,-0.002243994,1.3196925
ATAC_RAD23B,-0.031475425,1.8559096,-0.008098906,-0.015873782,2.9294841,0.3031222,-0.0035038185,-0.023198618,2.3493445,3.3746789,2.9128296,-0.025719723,-0.009225501,-0.017161364,0.27075028,1.2310655
ATAC_RAD51-AS1,-0.031475425,1.8559096,-0.008098906,-0.015873782,2.9294841,0.3031222,-0.0035038185,-0.023198618,2.3493445,3.3746789,2.9128296,-0.025719723,-0.009225501,-0.017161364,0.27075028,1.2310655
ATAC_RAD9A,-0.030792687,1.7494881,-0.0027444735,-0.013259403,2.9306023,-0.001019368,-0.0021434242,-0.021285726,2.1149755,3.490083,2.6580083,-0.025158081,-0.008455642,-0.01830693,0.5219057,1.3110136
ATAC_RADIL,-0.031475425,1.8559096,-0.008098906,-0.015873782,2.9294841,0.3031222,-0.0035038185,-0.023198618,2.3493445,3.3746789,2.9128296,-0.025719723,-0.009225501,-0.017161364,0.27075028,1.2310655
ATAC_RADX,-0.031475425,1.8559096,-0.008098906,-0.015873782,2.9294841,0.3031222,-0.0035038185,-0.023198618,2.3493445,3.3746789,2.9128296,-0.025719723,-0.009225501,-0.017161364,0.27075028,1.2310655
ATAC_RALGDS,-0.031475425,1.8559096,-0.008098906,-0.015873782,2.9294841,0.3031222,-0.0035038185,-0.023198618,2.3493445,3.3746789,2.9128296,-0.025719723,-0.009225501,-0.017161364,0.27075028,1.2310655
ATAC_RALY-AS1,-0.031475425,1.8559096,-0.008098906,-0.015873782,2.9294841,0.3031222,-0.0035038185,-0.023198618,2.3493445,3.3746789,2.9128296,-0.025719723,-0.009225501,-0.017161364,0.27075028,1.2310655
ATAC_RAMP1,-0.031475425,1.8559096,-0.008098906,-0.015873782,2.9294841,0.3031222,-0.0035038185,-0.023198618,2.3493445,3.3746789,2.9128296,-0.025719723,-0.009225501,-0.017161364,0.27075028,1.2310655
ATAC_RASAL3,-0.031475425,1.8559096,-0.008098906,-0.015873782,2.9294841,0.3031222,-0.0035038185,-0.023198618,2.3493445,3.3746789,2.9128296,-0.025719723,-0.009225501,-0.017161364,0.27075028,1.2310655
ATAC_RASGEF1A,-0.031475425,1.8559096,-0.008098906,-0.015873782,2.9294841,0.3031222,-0.0035038185,-0.023198618,2.3493445,3.3746789,2.9128296,-0.025719723,-0.009225501,-0.017161364,0.27075028,1.2310655
ATAC_RASGRF2,-0.031475425,1.8559096,-0.008098906,-0.015873782,2.9294841,0.3031222,-0.0035038185,-0.023198618,2.3493445,3.3746789,2.9128296,-0.025719723,-0.009225501,-0.017161364,0.27075028,1.2310655
ATAC_RASIP1,-0.031475425,1.8559096,-0.008098906,-0.015873782,2.9294841,0.3031222,-0.0035038185,-0.023198618,2.3493445,3.3746789,2.9128296,-0.025719723,-0.009225501,-0.017161364,0.27075028,1.2310655
ATAC_RASL11B,-0.023446675,1.5057278,-0.010914454,-0.012429237,3.01229,0.7005137,-0.0047432235,-0.021108491,2.3187401,2.5381775,2.3214843,-0.022243306,-0.0067004208,-0.009349378,-0.0020455003,1.5225173
ATAC_RASSF1-AS1,-0.031475425,1.8559096,-0.008098906,-0.015873782,2.9294841,0.3031222,-0.0035038185,-0.023198618,2.3493445,3.3746789,2.9128296,-0.025719723,-0.009225501,-0.017161364,0.27075028,1.2310655
ATAC_RB1-DT,-0.031475425,1.8559096,-0.008098906,-0.015873782,2.9294841,0.3031222,-0.0035038185,-0.023198618,2.3493445,3.3746789,2.9128296,-0.025719723,-0.009225501,-0.017161364,0.27075028,1.2310655
ATAC_RBIS,-0.031475425,1.8559096,-0.008098906,-0.015873782,2.9294841,0.3031222,-0.0035038185,-0.023198618,2.3493445,3.3746789,2.9128296,-0.025719723,-0.009225501,-0.017161364,0.27075028,1.2310655
ATAC_RBL1,-0.025056645,1.4080817,-0.008266316,-0.01753453,2.9541168,0.087179065,-0.0029407025,-0.01757162,2.2793818,3.0951498,2.7463908,-0.019212734,-0.008362729,-0.01843475,0.056422893,1.6515135
ATAC_RBM38,-0.031486593,1.8557979,-0.008106825,-0.015863566,2.9289782,0.3028724,-0.0035075753,-0.02319874,2.3491552,3.3740227,2.911998,-0.025714202,-0.009230822,-0.017164828,0.26972646,1.2306191
ATAC_RBM48,-0.02865178,2.0470111,-0.00398382,-0.010992918,2.3989716,0.5683776,-0.00034354642,-0.01882079,1.8254774,3.2885199,2.8303719,-0.019622121,-0.0112637235,-0.014684963,0.6694983,0.79910886
ATAC_RBP4,-0.031475425,1.8559096,-0.008098906,-0.015873782,2.9294841,0.3031222,-0.0035038185,-0.023198618,2.3493445,3.3746789,2.9128296,-0.025719723,-0.009225501,-0.017161364,0.27075028,1.2310655
ATAC_RCAN3,-0.031475425,1.8559096,-0.008098906,-0.015873782,2.9294841,0.3031222,-0.0035038185,-0.023198618,2.3493445,3.3746789,2.9128296,-0.025719723,-0.009225501,-0.017161364,0.27075028,1.2310655
ATAC_RCAN3AS,-0.031475425,1.8559096,-0.008098906,-0.015873782,2.9294841,0.3031222,-0.0035038185,-0.023198618,2.3493445,3.3746789,2.9128296,-0.025719723,-0.009225501,-0.017161364,0.27075028,1.2310655
ATAC_RDH12,-0.031469192,1.8552982,-0.008074602,-0.015858293,2.9279275,0.3052632,-0.0035016362,-0.023206731,2.3471637,3.3723211,2.9134946,-0.025706239,-0.009227169,-0.017154982,0.27185017,1.229245
ATAC_REST,-0.031467874,1.8566695,-0.008086521,-0.01586074,2.9296646,0.30242714,-0.0035120873,-0.023198945,2.349007,3.37293,2.9140284,-0.025701502,-0.009232426,-0.017166106,0.27152255,1.2314482
ATAC_REXO1,-0.031475425,1.8559096,-0.008098906,-0.015873782,2.9294841,0.3031222,-0.0035038185,-0.023198618,2.3493445,3.3746789,2.9128296,-0.025719723,-0.009225501,-0.017161364,0.27075028,1.2310655
ATAC_REXO4,-0.031475425,1.8559096,-0.008098906,-0.015873782,2.9294841,0.3031222,-0.0035038185,-0.023198618,2.3493445,3.3746789,2.9128296,-0.025719723,-0.009225501,-0.017161364,0.27075028,1.2310655
ATAC_RGL2,-0.031475425,1.8559096,-0.008098906,-0.015873782,2.9294841,0.3031222,-0.0035038185,-0.023198618,2.3493445,3.3746789,2.9128296,-0.025719723,-0.009225501,-0.017161364,0.27075028,1.2310655
ATAC_RGS1,-0.031475425,1.8559096,-0.008098906,-0.015873782,2.9294841,0.3031222,-0.0035038185,-0.023198618,2.3493445,3.3746789,2.9128296,-0.025719723,-0.009225501,-0.017161364,0.27075028,1.2310655
ATAC_RGS10,-0.031666633,1.7828383,-0.008340033,-0.014688535,2.8917937,0.3721151,-0.0039404514,-0.02201431,2.416828,3.2194922,2.8670027,-0.023815589,-0.01058203,-0.015880264,0.122603156,1.1117353
ATAC_RGS16,-0.031475425,1.8559096,-0.008098906,-0.015873782,2.9294841,0.3031222,-0.0035038185,-0.023198618,2.3493445,3.3746789,2.9128296,-0.025719723,-0.009225501,-0.017161364,0.27075028,1.2310655
ATAC_RGS3,-0.031475425,1.8559096,-0.008098906,-0.015873782,2.9294841,0.3031222,-0.0035038185,-0.023198618,2.3493445,3.3746789,2.9128296,-0.025719723,-0.009225501,-0.017161364,0.27075028,1.2310655
ATAC_RGS6,-0.031475425,1.8559096,-0.008098906,-0.015873782,2.9294841,0.3031222,-0.0035038185,-0.023198618,2.3493445,3.3746789,2.9128296,-0.025719723,-0.009225501,-0.017161364,0.27075028,1.2310655
ATAC_RGS7,-0.030798037,1.7499096,-0.002735783,-0.013249862,2.9301763,-0.0010155515,-0.0021520082,-0.021261832,2.1134377,3.491584,2.6565979,-0.025155248,-0.00846081,-0.018301187,0.52205265,1.3111417
ATAC_RGS9,-0.031475425,1.8559096,-0.008098906,-0.015873782,2.9294841,0.3031222,-0.0035038185,-0.023198618,2.3493445,3.3746789,2.9128296,-0.025719723,-0.009225501,-0.017161364,0.27075028,1.2310655
ATAC_RHBDD1,-0.031475425,1.8559096,-0.008098906,-0.015873782,2.9294841,0.3031222,-0.0035038185,-0.023198618,2.3493445,3.3746789,2.9128296,-0.025719723,-0.009225501,-0.017161364,0.27075028,1.2310655
ATAC_RHCE,-0.031475425,1.8559096,-0.008098906,-0.015873782,2.9294841,0.3031222,-0.0035038185,-0.023198618,2.3493445,3.3746789,2.9128296,-0.025719723,-0.009225501,-0.017161364,0.27075028,1.2310655
ATAC_RHO,-0.031475425,1.8559096,-0.008098906,-0.015873782,2.9294841,0.3031222,-0.0035038185,-0.023198618,2.3493445,3.3746789,2.9128296,-0.025719723,-0.009225501,-0.017161364,0.27075028,1.2310655
ATAC_RHOT2,-0.031475425,1.8559096,-0.008098906,-0.015873782,2.9294841,0.3031222,-0.0035038185,-0.023198618,2.3493445,3.3746789,2.9128296,-0.025719723,-0.009225501,-0.017161364,0.27075028,1.2310655
ATAC_RHOXF1,-0.031475425,1.8559096,-0.008098906,-0.015873782,2.9294841,0.3031222,-0.0035038185,-0.023198618,2.3493445,3.3746789,2.9128296,-0.025719723,-0.009225501,-0.017161364,0.27075028,1.2310655
ATAC_RHPN1-AS1,-0.031475425,1.8559096,-0.008098906,-0.015873782,2.9294841,0.3031222,-0.0035038185,-0.023198618,2.3493445,3.3746789,2.9128296,-0.025719723,-0.009225501,-0.017161364,0.27075028,1.2310655
ATAC_RIF1,-0.031475425,1.8559096,-0.008098906,-0.015873782,2.9294841,0.3031222,-0.0035038185,-0.023198618,2.3493445,3.3746789,2.9128296,-0.025719723,-0.009225501,-0.017161364,0.27075028,1.2310655
ATAC_RILPL1,-0.031475425,1.8559096,-0.008098906,-0.015873782,2.9294841,0.3031222,-0.0035038185,-0.023198618,2.3493445,3.3746789,2.9128296,-0.025719723,-0.009225501,-0.017161364,0.27075028,1.2310655
ATAC_RIMKLB,-0.031475425,1.8559096,-0.008098906,-0.015873782,2.9294841,0.3031222,-0.0035038185,-0.023198618,2.3493445,3.3746789,2.9128296,-0.025719723,-0.009225501,-0.017161364,0.27075028,1.2310655
ATAC_RN7SL832P,-0.031475425,1.8559096,-0.008098906,-0.015873782,2.9294841,0.3031222,-0.0035038185,-0.023198618,2.3493445,3.3746789,2.9128296,-0.025719723,-0.009225501,-0.017161364,0.27075028,1.2310655
ATAC_RNASE11,-0.031475425,1.8559096,-0.008098906,-0.015873782,2.9294841,0.3031222,-0.0035038185,-0.023198618,2.3493445,3.3746789,2.9128296,-0.025719723,-0.009225501,-0.017161364,0.27075028,1.2310655
ATAC_RNASEH2A,-0.031475425,1.8559096,-0.008098906,-0.015873782,2.9294841,0.3031222,-0.0035038185,-0.023198618,2.3493445,3.3746789,2.9128296,-0.025719723,-0.009225501,-0.017161364,0.27075028,1.2310655
ATAC_RNF113A,-0.031446006,1.8565661,-0.008079412,-0.015891537,2.9312584,0.30523628,-0.0035138552,-0.02320972,2.348716,3.3761027,2.9104512,-0.025697513,-0.009240161,-0.01714692,0.27288628,1.2322782
ATAC_RNF115,-0.031475425,1.8559096,-0.008098906,-0.015873782,2.9294841,0.3031222,-0.0035038185,-0.023198618,2.3493445,3.3746789,2.9128296,-0.025719723,-0.009225501,-0.017161364,0.27075028,1.2310655
ATAC_RNF125,-0.031475425,1.8559096,-0.008098906,-0.015873782,2.9294841,0.3031222,-0.0035038185,-0.023198618,2.3493445,3.3746789,2.9128296,-0.025719723,-0.009225501,-0.017161364,0.27075028,1.2310655
ATAC_RNF126,-0.031475425,1.8559096,-0.008098906,-0.015873782,2.9294841,0.3031222,-0.0035038185,-0.023198618,2.3493445,3.3746789,2.9128296,-0.025719723,-0.009225501,-0.017161364,0.27075028,1.2310655
ATAC_RNF144A,-0.031475425,1.8559096,-0.008098906,-0.015873782,2.9294841,0.3031222,-0.0035038185,-0.023198618,2.3493445,3.3746789,2.9128296,-0.025719723,-0.009225501,-0.017161364,0.27075028,1.2310655
ATAC_RNF157,-0.031475425,1.8559096,-0.008098906,-0.015873782,2.9294841,0.3031222,-0.0035038185,-0.023198618,2.3493445,3.3746789,2.9128296,-0.025719723,-0.009225501,-0.017161364,0.27075028,1.2310655
ATAC_RNF165,-0.031475425,1.8559096,-0.008098906,-0.015873782,2.9294841,0.3031222,-0.0035038185,-0.023198618,2.3493445,3.3746789,2.9128296,-0.025719723,-0.009225501,-0.017161364,0.27075028,1.2310655
ATAC_RNF169,-0.031475425,1.8559096,-0.008098906,-0.015873782,2.9294841,0.3031222,-0.0035038185,-0.023198618,2.3493445,3.3746789,2.9128296,-0.025719723,-0.009225501,-0.017161364,0.27075028,1.2310655
ATAC_RNF34,-0.031475425,1.8559096,-0.008098906,-0.015873782,2.9294841,0.3031222,-0.0035038185,-0.023198618,2.3493445,3.3746789,2.9128296,-0.025719723,-0.009225501,-0.017161364,0.27075028,1.2310655
ATAC_RNF43,-0.031475425,1.8559096,-0.008098906,-0.015873782,2.9294841,0.3031222,-0.0035038185,-0.023198618,2.3493445,3.3746789,2.9128296,-0.025719723,-0.009225501,-0.017161364,0.27075028,1.2310655
ATAC_RNFT1-DT,-0.031475425,1.8559096,-0.008098906,-0.015873782,2.9294841,0.3031222,-0.0035038185,-0.023198618,2.3493445,3.3746789,2.9128296,-0.025719723,-0.009225501,-0.017161364,0.27075028,1.2310655
ATAC_RNLS,-0.031475425,1.8559096,-0.008098906,-0.015873782,2.9294841,0.3031222,-0.0035038185,-0.023198618,2.3493445,3.3746789,2.9128296,-0.025719723,-0.009225501,-0.017161364,0.27075028,1.2310655
ATAC_ROBO3,-0.031666633,1.7828383,-0.008340033,-0.014688535,2.8917937,0.3721151,-0.0039404514,-0.02201431,2.416828,3.2194922,2.8670027,-0.023815589,-0.01058203,-0.015880264,0.122603156,1.1117353
ATAC_ROR2,-0.031475425,1.8559096,-0.008098906,-0.015873782,2.9294841,0.3031222,-0.0035038185,-0.023198618,2.3493445,3.3746789,2.9128296,-0.025719723,-0.009225501,-0.017161364,0.27075028,1.2310655
ATAC_RORA-AS1,-0.031475425,1.8559096,-0.008098906,-0.015873782,2.9294841,0.3031222,-0.0035038185,-0.023198618,2.3493445,3.3746789,2.9128296,-0.025719723,-0.009225501,-0.017161364,0.27075028,1.2310655
ATAC_RP1L1,-0.031475425,1.8559096,-0.008098906,-0.015873782,2.9294841,0.3031222,-0.0035038185,-0.023198618,2.3493445,3.3746789,2.9128296,-0.025719723,-0.009225501,-0.017161364,0.27075028,1.2310655
ATAC_RPGRIP1L,-0.031475425,1.8559096,-0.008098906,-0.015873782,2.9294841,0.3031222,-0.0035038185,-0.023198618,2.3493445,3.3746789,2.9128296,-0.025719723,-0.009225501,-0.017161364,0.27075028,1.2310655
ATAC_RPH3AL,-0.031339303,1.8682848,-0.00808809,-0.015901377,2.9096599,0.2619709,-0.0035461145,-0.023308255,2.3491251,3.3380678,2.8859878,-0.025923265,-0.008983571,-0.017267866,0.25151762,1.2417654
ATAC_RRM2,-0.031475425,1.8559096,-0.008098906,-0.015873782,2.9294841,0.3031222,-0.0035038185,-0.023198618,2.3493445,3.3746789,2.9128296,-0.025719723,-0.009225501,-0.017161364,0.27075028,1.2310655
ATAC_RSPH14,-0.02865178,2.0470111,-0.00398382,-0.010992918,2.3989716,0.5683776,-0.00034354642,-0.01882079,1.8254774,3.2885199,2.8303719,-0.019622121,-0.0112637235,-0.014684963,0.6694983,0.79910886
ATAC_RTKN2,-0.031475425,1.8559096,-0.008098906,-0.015873782,2.9294841,0.3031222,-0.0035038185,-0.023198618,2.3493445,3.3746789,2.9128296,-0.025719723,-0.009225501,-0.017161364,0.27075028,1.2310655
ATAC_RTN4RL2,-0.031475425,1.8559096,-0.008098906,-0.015873782,2.9294841,0.3031222,-0.0035038185,-0.023198618,2.3493445,3.3746789,2.9128296,-0.025719723,-0.009225501,-0.017161364,0.27075028,1.2310655
ATAC_RTP5,-0.031339303,1.8682848,-0.00808809,-0.015901377,2.9096599,0.2619709,-0.0035461145,-0.023308255,2.3491251,3.3380678,2.8859878,-0.025923265,-0.008983571,-0.017267866,0.25151762,1.2417654
ATAC_RTTN,-0.031475425,1.8559096,-0.008098906,-0.015873782,2.9294841,0.3031222,-0.0035038185,-0.023198618,2.3493445,3.3746789,2.9128296,-0.025719723,-0.009225501,-0.017161364,0.27075028,1.2310655
ATAC_RUBCNL,-0.031475425,1.8559096,-0.008098906,-0.015873782,2.9294841,0.3031222,-0.0035038185,-0.023198618,2.3493445,3.3746789,2.9128296,-0.025719723,-0.009225501,-0.017161364,0.27075028,1.2310655
ATAC_RUNX2,-0.031475425,1.8559096,-0.008098906,-0.015873782,2.9294841,0.3031222,-0.0035038185,-0.023198618,2.3493445,3.3746789,2.9128296,-0.025719723,-0.009225501,-0.017161364,0.27075028,1.2310655
ATAC_RWDD1,-0.031475425,1.8559096,-0.008098906,-0.015873782,2.9294841,0.3031222,-0.0035038185,-0.023198618,2.3493445,3.3746789,2.9128296,-0.025719723,-0.009225501,-0.017161364,0.27075028,1.2310655
ATAC_S100A12,-0.031475425,1.8559096,-0.008098906,-0.015873782,2.9294841,0.3031222,-0.0035038185,-0.023198618,2.3493445,3.3746789,2.9128296,-0.025719723,-0.009225501,-0.017161364,0.27075028,1.2310655
ATAC_S100B,-0.031469192,1.8552982,-0.008074602,-0.015858293,2.9279275,0.3052632,-0.0035016362,-0.023206731,2.3471637,3.3723211,2.9134946,-0.025706239,-0.009227169,-0.017154982,0.27185017,1.229245
ATAC_S1PR1,-0.031467874,1.8566695,-0.008086521,-0.01586074,2.9296646,0.30242714,-0.0035120873,-0.023198945,2.349007,3.37293,2.9140284,-0.025701502,-0.009232426,-0.017166106,0.27152255,1.2314482
ATAC_S1PR5,-0.031472757,1.8557072,-0.008094578,-0.015873425,2.9290566,0.3026363,-0.0035026984,-0.023198549,2.3490381,3.3749695,2.912435,-0.025712237,-0.009234702,-0.017166728,0.27025354,1.2313015
ATAC_SAMD11,-0.031475425,1.8559096,-0.008098906,-0.015873782,2.9294841,0.3031222,-0.0035038185,-0.023198618,2.3493445,3.3746789,2.9128296,-0.025719723,-0.009225501,-0.017161364,0.27075028,1.2310655
ATAC_SARS2,-0.031475425,1.8559096,-0.008098906,-0.015873782,2.9294841,0.3031222,-0.0035038185,-0.023198618,2.3493445,3.3746789,2.9128296,-0.025719723,-0.009225501,-0.017161364,0.27075028,1.2310655
ATAC_SBF1,-0.031475425,1.8559096,-0.008098906,-0.015873782,2.9294841,0.3031222,-0.0035038185,-0.023198618,2.3493445,3.3746789,2.9128296,-0.025719723,-0.009225501,-0.017161364,0.27075028,1.2310655
ATAC_SCAI,-0.03148522,1.856916,-0.008101474,-0.015866423,2.9298956,0.3040112,-0.0035024935,-0.023203552,2.3502305,3.3742976,2.9119754,-0.02572195,-0.00922212,-0.017163236,0.27034044,1.2306494
ATAC_SCFD2,-0.031475425,1.8559096,-0.008098906,-0.015873782,2.9294841,0.3031222,-0.0035038185,-0.023198618,2.3493445,3.3746789,2.9128296,-0.025719723,-0.009225501,-0.017161364,0.27075028,1.2310655
ATAC_SCLY,-0.031470142,1.8549331,-0.008104438,-0.01587841,2.9288406,0.30225393,-0.0035061508,-0.023192601,2.3481488,3.3747082,2.9130251,-0.025728865,-0.009223613,-0.017165912,0.27180475,1.229841
ATAC_SCN2A,-0.031475425,1.8559096,-0.008098906,-0.015873782,2.9294841,0.3031222,-0.0035038185,-0.023198618,2.3493445,3.3746789,2.9128296,-0.025719723,-0.009225501,-0.017161364,0.27075028,1.2310655
ATAC_SCN5A,-0.031458575,1.8564616,-0.008108636,-0.015889112,2.9301527,0.30349657,-0.0034956473,-0.023181153,2.3501375,3.3738346,2.9119534,-0.025723262,-0.0092122825,-0.017176848,0.27019,1.231846
ATAC_SCOC-AS1,-0.031475425,1.8559096,-0.008098906,-0.015873782,2.9294841,0.3031222,-0.0035038185,-0.023198618,2.3493445,3.3746789,2.9128296,-0.025719723,-0.009225501,-0.017161364,0.27075028,1.2310655
ATAC_SCUBE1,-0.031475425,1.8559096,-0.008098906,-0.015873782,2.9294841,0.3031222,-0.0035038185,-0.023198618,2.3493445,3.3746789,2.9128296,-0.025719723,-0.009225501,-0.017161364,0.27075028,1.2310655
ATAC_SDCBP2,-0.031475425,1.8559096,-0.008098906,-0.015873782,2.9294841,0.3031222,-0.0035038185,-0.023198618,2.3493445,3.3746789,2.9128296,-0.025719723,-0.009225501,-0.017161364,0.27075028,1.2310655
ATAC_SDK2,-0.031475425,1.8559096,-0.008098906,-0.015873782,2.9294841,0.3031222,-0.0035038185,-0.023198618,2.3493445,3.3746789,2.9128296,-0.025719723,-0.009225501,-0.017161364,0.27075028,1.2310655
ATAC_SDR42E2,-0.031475425,1.8559096,-0.008098906,-0.015873782,2.9294841,0.3031222,-0.0035038185,-0.023198618,2.3493445,3.3746789,2.9128296,-0.025719723,-0.009225501,-0.017161364,0.27075028,1.2310655
ATAC_SEC14L2,-0.031475425,1.8559096,-0.008098906,-0.015873782,2.9294841,0.3031222,-0.0035038185,-0.023198618,2.3493445,3.3746789,2.9128296,-0.025719723,-0.009225501,-0.017161364,0.27075028,1.2310655
ATAC_SEC14L5,-0.030792687,1.7494881,-0.0027444735,-0.013259403,2.9306023,-0.001019368,-0.0021434242,-0.021285726,2.1149755,3.490083,2.6580083,-0.025158081,-0.008455642,-0.01830693,0.5219057,1.3110136
ATAC_SEC23A-AS1,-0.031469192,1.8552982,-0.008074602,-0.015858293,2.9279275,0.3052632,-0.0035016362,-0.023206731,2.3471637,3.3723211,2.9134946,-0.025706239,-0.009227169,-0.017154982,0.27185017,1.229245
ATAC_SEC31B,-0.030792687,1.7494881,-0.0027444735,-0.013259403,2.9306023,-0.001019368,-0.0021434242,-0.021285726,2.1149755,3.490083,2.6580083,-0.025158081,-0.008455642,-0.01830693,0.5219057,1.3110136
ATAC_SELP,-0.031475425,1.8559096,-0.008098906,-0.015873782,2.9294841,0.3031222,-0.0035038185,-0.023198618,2.3493445,3.3746789,2.9128296,-0.025719723,-0.009225501,-0.017161364,0.27075028,1.2310655
ATAC_SEMA3D,-0.031475425,1.8559096,-0.008098906,-0.015873782,2.9294841,0.3031222,-0.0035038185,-0.023198618,2.3493445,3.3746789,2.9128296,-0.025719723,-0.009225501,-0.017161364,0.27075028,1.2310655
ATAC_SEMA4C,-0.031666633,1.7828383,-0.008340033,-0.014688535,2.8917937,0.3721151,-0.0039404514,-0.02201431,2.416828,3.2194922,2.8670027,-0.023815589,-0.01058203,-0.015880264,0.122603156,1.1117353
ATAC_SEMA6C,-0.031475425,1.8559096,-0.008098906,-0.015873782,2.9294841,0.3031222,-0.0035038185,-0.023198618,2.3493445,3.3746789,2.9128296,-0.025719723,-0.009225501,-0.017161364,0.27075028,1.2310655
ATAC_SEPTIN4-AS1,-0.02865178,2.0470111,-0.00398382,-0.010992918,2.3989716,0.5683776,-0.00034354642,-0.01882079,1.8254774,3.2885199,2.8303719,-0.019622121,-0.0112637235,-0.014684963,0.6694983,0.79910886
ATAC_SERPINA1,-0.031475425,1.8559096,-0.008098906,-0.015873782,2.9294841,0.3031222,-0.0035038185,-0.023198618,2.3493445,3.3746789,2.9128296,-0.025719723,-0.009225501,-0.017161364,0.27075028,1.2310655
ATAC_SERPINB9,-0.023446675,1.5057278,-0.010914454,-0.012429237,3.01229,0.7005137,-0.0047432235,-0.021108491,2.3187401,2.5381775,2.3214843,-0.022243306,-0.0067004208,-0.009349378,-0.0020455003,1.5225173
ATAC_SERPINB9P1,-0.031475425,1.8559096,-0.008098906,-0.015873782,2.9294841,0.3031222,-0.0035038185,-0.023198618,2.3493445,3.3746789,2.9128296,-0.025719723,-0.009225501,-0.017161364,0.27075028,1.2310655
ATAC_SERPINE1,-0.031475425,1.8559096,-0.008098906,-0.015873782,2.9294841,0.3031222,-0.0035038185,-0.023198618,2.3493445,3.3746789,2.9128296,-0.025719723,-0.009225501,-0.017161364,0.27075028,1.2310655
ATAC_SERPINE2,-0.03147517,1.8555561,-0.008099716,-0.015873434,2.929215,0.30332246,-0.0035020171,-0.023201777,2.3488286,3.374197,2.9122941,-0.025724964,-0.009224802,-0.017156124,0.2703023,1.231308
ATAC_SERTAD1,-0.031475425,1.8559096,-0.008098906,-0.015873782,2.9294841,0.3031222,-0.0035038185,-0.023198618,2.3493445,3.3746789,2.9128296,-0.025719723,-0.009225501,-0.017161364,0.27075028,1.2310655
ATAC_SFI1,-0.031475425,1.8559096,-0.008098906,-0.015873782,2.9294841,0.3031222,-0.0035038185,-0.023198618,2.3493445,3.3746789,2.9128296,-0.025719723,-0.009225501,-0.017161364,0.27075028,1.2310655
ATAC_SFMBT1,-0.031475425,1.8559096,-0.008098906,-0.015873782,2.9294841,0.3031222,-0.0035038185,-0.023198618,2.3493445,3.3746789,2.9128296,-0.025719723,-0.009225501,-0.017161364,0.27075028,1.2310655
ATAC_SFXN1,-0.031474877,1.8560315,-0.008100419,-0.015875433,2.9293058,0.30324998,-0.0035018818,-0.023199955,2.3492932,3.3744779,2.912816,-0.025718803,-0.009226253,-0.017160803,0.27083796,1.2312182
ATAC_SGF29,-0.031475425,1.8559096,-0.008098906,-0.015873782,2.9294841,0.3031222,-0.0035038185,-0.023198618,2.3493445,3.3746789,2.9128296,-0.025719723,-0.009225501,-0.017161364,0.27075028,1.2310655
ATAC_SGO2,-0.031475425,1.8559096,-0.008098906,-0.015873782,2.9294841,0.3031222,-0.0035038185,-0.023198618,2.3493445,3.3746789,2.9128296,-0.025719723,-0.009225501,-0.017161364,0.27075028,1.2310655
ATAC_SGSM1,-0.031475425,1.8559096,-0.008098906,-0.015873782,2.9294841,0.3031222,-0.0035038185,-0.023198618,2.3493445,3.3746789,2.9128296,-0.025719723,-0.009225501,-0.017161364,0.27075028,1.2310655
ATAC_SH2D1B,-0.031475425,1.8559096,-0.008098906,-0.015873782,2.9294841,0.3031222,-0.0035038185,-0.023198618,2.3493445,3.3746789,2.9128296,-0.025719723,-0.009225501,-0.017161364,0.27075028,1.2310655
ATAC_SH2D2A,-0.031475425,1.8559096,-0.008098906,-0.015873782,2.9294841,0.3031222,-0.0035038185,-0.023198618,2.3493445,3.3746789,2.9128296,-0.025719723,-0.009225501,-0.017161364,0.27075028,1.2310655
ATAC_SH2D3A,-0.031475425,1.8559096,-0.008098906,-0.015873782,2.9294841,0.3031222,-0.0035038185,-0.023198618,2.3493445,3.3746789,2.9128296,-0.025719723,-0.009225501,-0.017161364,0.27075028,1.2310655
ATAC_SH3BGRL2,-0.031475425,1.8559096,-0.008098906,-0.015873782,2.9294841,0.3031222,-0.0035038185,-0.023198618,2.3493445,3.3746789,2.9128296,-0.025719723,-0.009225501,-0.017161364,0.27075028,1.2310655
ATAC_SH3YL1,-0.031475425,1.8559096,-0.008098906,-0.015873782,2.9294841,0.3031222,-0.0035038185,-0.023198618,2.3493445,3.3746789,2.9128296,-0.025719723,-0.009225501,-0.017161364,0.27075028,1.2310655
ATAC_SHBG,-0.031475425,1.8559096,-0.008098906,-0.015873782,2.9294841,0.3031222,-0.0035038185,-0.023198618,2.3493445,3.3746789,2.9128296,-0.025719723,-0.009225501,-0.017161364,0.27075028,1.2310655
ATAC_SHISA2,-0.031475425,1.8559096,-0.008098906,-0.015873782,2.9294841,0.3031222,-0.0035038185,-0.023198618,2.3493445,3.3746789,2.9128296,-0.025719723,-0.009225501,-0.017161364,0.27075028,1.2310655
ATAC_SHISA7,-0.031475425,1.8559096,-0.008098906,-0.015873782,2.9294841,0.3031222,-0.0035038185,-0.023198618,2.3493445,3.3746789,2.9128296,-0.025719723,-0.009225501,-0.017161364,0.27075028,1.2310655
ATAC_SHISAL2A,-0.031208923,1.9049188,-0.007621489,-0.01629031,2.8732479,0.26445028,-0.003069439,-0.023550853,2.3108692,3.3142502,2.9326851,-0.02548088,-0.009365145,-0.017665854,0.32417306,1.2357404
ATAC_SHLD1,-0.031475425,1.8559096,-0.008098906,-0.015873782,2.9294841,0.3031222,-0.0035038185,-0.023198618,2.3493445,3.3746789,2.9128296,-0.025719723,-0.009225501,-0.017161364,0.27075028,1.2310655
ATAC_SHOX2,-0.031475425,1.8559096,-0.008098906,-0.015873782,2.9294841,0.3031222,-0.0035038185,-0.023198618,2.3493445,3.3746789,2.9128296,-0.025719723,-0.009225501,-0.017161364,0.27075028,1.2310655
ATAC_SHPRH,-0.031475425,1.8559096,-0.008098906,-0.015873782,2.9294841,0.3031222,-0.0035038185,-0.023198618,2.3493445,3.3746789,2.9128296,-0.025719723,-0.009225501,-0.017161364,0.27075028,1.2310655
ATAC_SIAH2-AS1,-0.031475425,1.8559096,-0.008098906,-0.015873782,2.9294841,0.3031222,-0.0035038185,-0.023198618,2.3493445,3.3746789,2.9128296,-0.025719723,-0.009225501,-0.017161364,0.27075028,1.2310655
ATAC_SIDT1,-0.031475425,1.8559096,-0.008098906,-0.015873782,2.9294841,0.3031222,-0.0035038185,-0.023198618,2.3493445,3.3746789,2.9128296,-0.025719723,-0.009225501,-0.017161364,0.27075028,1.2310655
ATAC_SIGIRR,-0.031469002,1.8553501,-0.008100709,-0.01588021,2.9299195,0.30333546,-0.0034991305,-0.02319875,2.3499444,3.3742843,2.9126964,-0.025712695,-0.009230786,-0.017164707,0.26992708,1.2311385
ATAC_SIRPG,-0.031475425,1.8559096,-0.008098906,-0.015873782,2.9294841,0.3031222,-0.0035038185,-0.023198618,2.3493445,3.3746789,2.9128296,-0.025719723,-0.009225501,-0.017161364,0.27075028,1.2310655
ATAC_SIRT1,-0.031475425,1.8559096,-0.008098906,-0.015873782,2.9294841,0.3031222,-0.0035038185,-0.023198618,2.3493445,3.3746789,2.9128296,-0.025719723,-0.009225501,-0.017161364,0.27075028,1.2310655
ATAC_SIRT2,-0.031475425,1.8559096,-0.008098906,-0.015873782,2.9294841,0.3031222,-0.0035038185,-0.023198618,2.3493445,3.3746789,2.9128296,-0.025719723,-0.009225501,-0.017161364,0.27075028,1.2310655
ATAC_SIX1,-0.031478506,1.8553385,-0.0081128515,-0.0158729,2.9310913,0.3027985,-0.0035141045,-0.023208523,2.346136,3.3745625,2.9107852,-0.025703715,-0.009239115,-0.017173517,0.27238,1.230591
ATAC_SIX3-AS1,-0.031475425,1.8559096,-0.008098906,-0.015873782,2.9294841,0.3031222,-0.0035038185,-0.023198618,2.3493445,3.3746789,2.9128296,-0.025719723,-0.009225501,-0.017161364,0.27075028,1.2310655
ATAC_SIX5,-0.031475425,1.8559096,-0.008098906,-0.015873782,2.9294841,0.3031222,-0.0035038185,-0.023198618,2.3493445,3.3746789,2.9128296,-0.025719723,-0.009225501,-0.017161364,0.27075028,1.2310655
ATAC_SKIDA1,-0.031475425,1.8559096,-0.008098906,-0.015873782,2.9294841,0.3031222,-0.0035038185,-0.023198618,2.3493445,3.3746789,2.9128296,-0.025719723,-0.009225501,-0.017161364,0.27075028,1.2310655
ATAC_SLA2,-0.031475425,1.8559096,-0.008098906,-0.015873782,2.9294841,0.3031222,-0.0035038185,-0.023198618,2.3493445,3.3746789,2.9128296,-0.025719723,-0.009225501,-0.017161364,0.27075028,1.2310655
ATAC_SLAIN1,-0.031475425,1.8559096,-0.008098906,-0.015873782,2.9294841,0.3031222,-0.0035038185,-0.023198618,2.3493445,3.3746789,2.9128296,-0.025719723,-0.009225501,-0.017161364,0.27075028,1.2310655
ATAC_SLAMF6,-0.031475425,1.8559096,-0.008098906,-0.015873782,2.9294841,0.3031222,-0.0035038185,-0.023198618,2.3493445,3.3746789,2.9128296,-0.025719723,-0.009225501,-0.017161364,0.27075028,1.2310655
ATAC_SLAMF7,-0.031458575,1.8564616,-0.008108636,-0.015889112,2.9301527,0.30349657,-0.0034956473,-0.023181153,2.3501375,3.3738346,2.9119534,-0.025723262,-0.0092122825,-0.017176848,0.27019,1.231846
ATAC_SLC14A1,-0.031475425,1.8559096,-0.008098906,-0.015873782,2.9294841,0.3031222,-0.0035038185,-0.023198618,2.3493445,3.3746789,2.9128296,-0.025719723,-0.009225501,-0.017161364,0.27075028,1.2310655
ATAC_SLC14A2,-0.031475425,1.8559096,-0.008098906,-0.015873782,2.9294841,0.3031222,-0.0035038185,-0.023198618,2.3493445,3.3746789,2.9128296,-0.025719723,-0.009225501,-0.017161364,0.27075028,1.2310655
ATAC_SLC16A1-AS1,-0.031475425,1.8559096,-0.008098906,-0.015873782,2.9294841,0.3031222,-0.0035038185,-0.023198618,2.3493445,3.3746789,2.9128296,-0.025719723,-0.009225501,-0.017161364,0.27075028,1.2310655
ATAC_SLC16A10,-0.031475425,1.8559096,-0.008098906,-0.015873782,2.9294841,0.3031222,-0.0035038185,-0.023198618,2.3493445,3.3746789,2.9128296,-0.025719723,-0.009225501,-0.017161364,0.27075028,1.2310655
ATAC_SLC16A11,-0.031475425,1.8559096,-0.008098906,-0.015873782,2.9294841,0.3031222,-0.0035038185,-0.023198618,2.3493445,3.3746789,2.9128296,-0.025719723,-0.009225501,-0.017161364,0.27075028,1.2310655
ATAC_SLC16A13,-0.031475425,1.8559096,-0.008098906,-0.015873782,2.9294841,0.3031222,-0.0035038185,-0.023198618,2.3493445,3.3746789,2.9128296,-0.025719723,-0.009225501,-0.017161364,0.27075028,1.2310655
ATAC_SLC17A3,-0.031475425,1.8559096,-0.008098906,-0.015873782,2.9294841,0.3031222,-0.0035038185,-0.023198618,2.3493445,3.3746789,2.9128296,-0.025719723,-0.009225501,-0.017161364,0.27075028,1.2310655
ATAC_SLC1A1,-0.031475425,1.8559096,-0.008098906,-0.015873782,2.9294841,0.3031222,-0.0035038185,-0.023198618,2.3493445,3.3746789,2.9128296,-0.025719723,-0.009225501,-0.017161364,0.27075028,1.2310655
ATAC_SLC22A23,-0.031475425,1.8559096,-0.008098906,-0.015873782,2.9294841,0.3031222,-0.0035038185,-0.023198618,2.3493445,3.3746789,2.9128296,-0.025719723,-0.009225501,-0.017161364,0.27075028,1.2310655
ATAC_SLC24A3,-0.031465635,1.8570362,-0.008113194,-0.015855499,2.9299557,0.30276975,-0.0035122966,-0.023202628,2.3477943,3.3744884,2.9130175,-0.025719332,-0.009239676,-0.017143922,0.26992935,1.2290561
ATAC_SLC25A4,-0.031475425,1.8559096,-0.008098906,-0.015873782,2.9294841,0.3031222,-0.0035038185,-0.023198618,2.3493445,3.3746789,2.9128296,-0.025719723,-0.009225501,-0.017161364,0.27075028,1.2310655
ATAC_SLC25A42,-0.031446006,1.8565661,-0.008079412,-0.015891537,2.9312584,0.30523628,-0.0035138552,-0.02320972,2.348716,3.3761027,2.9104512,-0.025697513,-0.009240161,-0.01714692,0.27288628,1.2322782
ATAC_SLC25A45,-0.031475425,1.8559096,-0.008098906,-0.015873782,2.9294841,0.3031222,-0.0035038185,-0.023198618,2.3493445,3.3746789,2.9128296,-0.025719723,-0.009225501,-0.017161364,0.27075028,1.2310655
ATAC_SLC25A5-AS1,-0.031475425,1.8559096,-0.008098906,-0.015873782,2.9294841,0.3031222,-0.0035038185,-0.023198618,2.3493445,3.3746789,2.9128296,-0.025719723,-0.009225501,-0.017161364,0.27075028,1.2310655
ATAC_SLC26A11,-0.031339303,1.8682848,-0.00808809,-0.015901377,2.9096599,0.2619709,-0.0035461145,-0.023308255,2.3491251,3.3380678,2.8859878,-0.025923265,-0.008983571,-0.017267866,0.25151762,1.2417654
ATAC_SLC2A14,-0.031590853,1.8626393,-0.0073070326,-0.014225706,2.8043349,0.026236514,-0.0019303489,-0.025338355,2.218582,3.1349585,2.852901,-0.024625272,-0.008734765,-0.015460319,0.4613555,1.2112337
ATAC_SLC2A4RG,-0.031475425,1.8559096,-0.008098906,-0.015873782,2.9294841,0.3031222,-0.0035038185,-0.023198618,2.3493445,3.3746789,2.9128296,-0.025719723,-0.009225501,-0.017161364,0.27075028,1.2310655
ATAC_SLC30A5,-0.031475425,1.8559096,-0.008098906,-0.015873782,2.9294841,0.3031222,-0.0035038185,-0.023198618,2.3493445,3.3746789,2.9128296,-0.025719723,-0.009225501,-0.017161364,0.27075028,1.2310655
ATAC_SLC35D1,-0.031475425,1.8559096,-0.008098906,-0.015873782,2.9294841,0.3031222,-0.0035038185,-0.023198618,2.3493445,3.3746789,2.9128296,-0.025719723,-0.009225501,-0.017161364,0.27075028,1.2310655
ATAC_SLC35G3,-0.031590853,1.8626393,-0.0073070326,-0.014225706,2.8043349,0.026236514,-0.0019303489,-0.025338355,2.218582,3.1349585,2.852901,-0.024625272,-0.008734765,-0.015460319,0.4613555,1.2112337
ATAC_SLC37A3,-0.031475425,1.8559096,-0.008098906,-0.015873782,2.9294841,0.3031222,-0.0035038185,-0.023198618,2.3493445,3.3746789,2.9128296,-0.025719723,-0.009225501,-0.017161364,0.27075028,1.2310655
ATAC_SLC37A4,-0.031475425,1.8559096,-0.008098906,-0.015873782,2.9294841,0.3031222,-0.0035038185,-0.023198618,2.3493445,3.3746789,2.9128296,-0.025719723,-0.009225501,-0.017161364,0.27075028,1.2310655
ATAC_SLC39A10,-0.031475425,1.8559096,-0.008098906,-0.015873782,2.9294841,0.3031222,-0.0035038185,-0.023198618,2.3493445,3.3746789,2.9128296,-0.025719723,-0.009225501,-0.017161364,0.27075028,1.2310655
ATAC_SLC41A1,-0.031475425,1.8559096,-0.008098906,-0.015873782,2.9294841,0.3031222,-0.0035038185,-0.023198618,2.3493445,3.3746789,2.9128296,-0.025719723,-0.009225501,-0.017161364,0.27075028,1.2310655
ATAC_SLC44A2,-0.031475425,1.8559096,-0.008098906,-0.015873782,2.9294841,0.3031222,-0.0035038185,-0.023198618,2.3493445,3.3746789,2.9128296,-0.025719723,-0.009225501,-0.017161364,0.27075028,1.2310655
ATAC_SLC45A4,-0.027136836,1.8240168,-0.009266311,-0.014416294,2.9998238,0.6189444,-0.0077284756,-0.023865225,1.8066359,3.3279731,2.5685408,-0.024335403,-0.005698275,-0.019432481,0.5677488,0.8374876
ATAC_SLC4A10,-0.031407062,1.8539673,-0.008113297,-0.015873212,2.9247952,0.30009767,-0.0034931903,-0.023215732,2.3507512,3.3756182,2.9077888,-0.025676617,-0.009176388,-0.017106673,0.2662375,1.2341269
ATAC_SLC4A11,-0.031475425,1.8559096,-0.008098906,-0.015873782,2.9294841,0.3031222,-0.0035038185,-0.023198618,2.3493445,3.3746789,2.9128296,-0.025719723,-0.009225501,-0.017161364,0.27075028,1.2310655
ATAC_SLC5A4-AS1,-0.031475425,1.8559096,-0.008098906,-0.015873782,2.9294841,0.3031222,-0.0035038185,-0.023198618,2.3493445,3.3746789,2.9128296,-0.025719723,-0.009225501,-0.017161364,0.27075028,1.2310655
ATAC_SLC6A20,-0.031309884,1.8689413,-0.008068597,-0.015919132,2.9114342,0.264085,-0.0035561514,-0.023319358,2.3484967,3.3394916,2.8836093,-0.025901055,-0.00899823,-0.017253423,0.25365362,1.2429781
ATAC_SLC7A5,-0.031475425,1.8559096,-0.008098906,-0.015873782,2.9294841,0.3031222,-0.0035038185,-0.023198618,2.3493445,3.3746789,2.9128296,-0.025719723,-0.009225501,-0.017161364,0.27075028,1.2310655
ATAC_SLC7A6,-0.031475425,1.8559096,-0.008098906,-0.015873782,2.9294841,0.3031222,-0.0035038185,-0.023198618,2.3493445,3.3746789,2.9128296,-0.025719723,-0.009225501,-0.017161364,0.27075028,1.2310655
ATAC_SLCO4A1,-0.031202625,1.9054095,-0.007604729,-0.016292486,2.8710349,0.26441586,-0.0030560964,-0.023542216,2.3137197,3.3144562,2.9343214,-0.025488475,-0.009361484,-0.017658504,0.3221343,1.2366036
ATAC_SLF1,-0.031475425,1.8559096,-0.008098906,-0.015873782,2.9294841,0.3031222,-0.0035038185,-0.023198618,2.3493445,3.3746789,2.9128296,-0.025719723,-0.009225501,-0.017161364,0.27075028,1.2310655
ATAC_SLF2,-0.031446006,1.8565661,-0.008079412,-0.015891537,2.9312584,0.30523628,-0.0035138552,-0.02320972,2.348716,3.3761027,2.9104512,-0.025697513,-0.009240161,-0.01714692,0.27288628,1.2322782
ATAC_SLFN12L,-0.031475425,1.8559096,-0.008098906,-0.015873782,2.9294841,0.3031222,-0.0035038185,-0.023198618,2.3493445,3.3746789,2.9128296,-0.025719723,-0.009225501,-0.017161364,0.27075028,1.2310655
ATAC_SLFN13,-0.031475425,1.8559096,-0.008098906,-0.015873782,2.9294841,0.3031222,-0.0035038185,-0.023198618,2.3493445,3.3746789,2.9128296,-0.025719723,-0.009225501,-0.017161364,0.27075028,1.2310655
ATAC_SLFN5,-0.031475425,1.8559096,-0.008098906,-0.015873782,2.9294841,0.3031222,-0.0035038185,-0.023198618,2.3493445,3.3746789,2.9128296,-0.025719723,-0.009225501,-0.017161364,0.27075028,1.2310655
ATAC_SMAD7,-0.031475425,1.8559096,-0.008098906,-0.015873782,2.9294841,0.3031222,-0.0035038185,-0.023198618,2.3493445,3.3746789,2.9128296,-0.025719723,-0.009225501,-0.017161364,0.27075028,1.2310655
ATAC_SMARCA1,-0.031475425,1.8559096,-0.008098906,-0.015873782,2.9294841,0.3031222,-0.0035038185,-0.023198618,2.3493445,3.3746789,2.9128296,-0.025719723,-0.009225501,-0.017161364,0.27075028,1.2310655
ATAC_SMARCA5-AS1,-0.031475425,1.8559096,-0.008098906,-0.015873782,2.9294841,0.3031222,-0.0035038185,-0.023198618,2.3493445,3.3746789,2.9128296,-0.025719723,-0.009225501,-0.017161364,0.27075028,1.2310655
ATAC_SMIM19,-0.031475425,1.8559096,-0.008098906,-0.015873782,2.9294841,0.3031222,-0.0035038185,-0.023198618,2.3493445,3.3746789,2.9128296,-0.025719723,-0.009225501,-0.017161364,0.27075028,1.2310655
ATAC_SMIM6,-0.031475425,1.8559096,-0.008098906,-0.015873782,2.9294841,0.3031222,-0.0035038185,-0.023198618,2.3493445,3.3746789,2.9128296,-0.025719723,-0.009225501,-0.017161364,0.27075028,1.2310655
ATAC_SNAI3-AS1,-0.025457582,2.0599651,-0.0019328403,-0.01507236,1.8015809,0.3326363,-0.0020777015,-0.011984945,2.8291569,3.070324,2.2806041,-0.02797737,-0.007338848,-0.015416539,-0.0058740103,1.0146446
ATAC_SNAP47-AS1,-0.031469192,1.8552982,-0.008074602,-0.015858293,2.9279275,0.3052632,-0.0035016362,-0.023206731,2.3471637,3.3723211,2.9134946,-0.025706239,-0.009227169,-0.017154982,0.27185017,1.229245
ATAC_SNED1,-0.031475425,1.8559096,-0.008098906,-0.015873782,2.9294841,0.3031222,-0.0035038185,-0.023198618,2.3493445,3.3746789,2.9128296,-0.025719723,-0.009225501,-0.017161364,0.27075028,1.2310655
ATAC_SNHG18,-0.031475425,1.8559096,-0.008098906,-0.015873782,2.9294841,0.3031222,-0.0035038185,-0.023198618,2.3493445,3.3746789,2.9128296,-0.025719723,-0.009225501,-0.017161364,0.27075028,1.2310655
ATAC_SNHG22,-0.031475425,1.8559096,-0.008098906,-0.015873782,2.9294841,0.3031222,-0.0035038185,-0.023198618,2.3493445,3.3746789,2.9128296,-0.025719723,-0.009225501,-0.017161364,0.27075028,1.2310655
ATAC_SNTA1,-0.031475425,1.8559096,-0.008098906,-0.015873782,2.9294841,0.3031222,-0.0035038185,-0.023198618,2.3493445,3.3746789,2.9128296,-0.025719723,-0.009225501,-0.017161364,0.27075028,1.2310655
ATAC_SNTB2,-0.031475425,1.8559096,-0.008098906,-0.015873782,2.9294841,0.3031222,-0.0035038185,-0.023198618,2.3493445,3.3746789,2.9128296,-0.025719723,-0.009225501,-0.017161364,0.27075028,1.2310655
ATAC_SNX25,-0.031475425,1.8559096,-0.008098906,-0.015873782,2.9294841,0.3031222,-0.0035038185,-0.023198618,2.3493445,3.3746789,2.9128296,-0.025719723,-0.009225501,-0.017161364,0.27075028,1.2310655
ATAC_SNX32,-0.031465635,1.8570362,-0.008113194,-0.015855499,2.9299557,0.30276975,-0.0035122966,-0.023202628,2.3477943,3.3744884,2.9130175,-0.025719332,-0.009239676,-0.017143922,0.26992935,1.2290561
ATAC_SOCS1,-0.031475425,1.8559096,-0.008098906,-0.015873782,2.9294841,0.3031222,-0.0035038185,-0.023198618,2.3493445,3.3746789,2.9128296,-0.025719723,-0.009225501,-0.017161364,0.27075028,1.2310655
ATAC_SORCS2,-0.031475425,1.8559096,-0.008098906,-0.015873782,2.9294841,0.3031222,-0.0035038185,-0.023198618,2.3493445,3.3746789,2.9128296,-0.025719723,-0.009225501,-0.017161364,0.27075028,1.2310655
ATAC_SOX13,-0.031475425,1.8559096,-0.008098906,-0.015873782,2.9294841,0.3031222,-0.0035038185,-0.023198618,2.3493445,3.3746789,2.9128296,-0.025719723,-0.009225501,-0.017161364,0.27075028,1.2310655
ATAC_SOX2-OT,-0.031475425,1.8559096,-0.008098906,-0.015873782,2.9294841,0.3031222,-0.0035038185,-0.023198618,2.3493445,3.3746789,2.9128296,-0.025719723,-0.009225501,-0.017161364,0.27075028,1.2310655
ATAC_SOX4,-0.031475425,1.8559096,-0.008098906,-0.015873782,2.9294841,0.3031222,-0.0035038185,-0.023198618,2.3493445,3.3746789,2.9128296,-0.025719723,-0.009225501,-0.017161364,0.27075028,1.2310655
ATAC_SOX5,-0.031475425,1.8559096,-0.008098906,-0.015873782,2.9294841,0.3031222,-0.0035038185,-0.023198618,2.3493445,3.3746789,2.9128296,-0.025719723,-0.009225501,-0.017161364,0.27075028,1.2310655
ATAC_SOX6,-0.031475425,1.8559096,-0.008098906,-0.015873782,2.9294841,0.3031222,-0.0035038185,-0.023198618,2.3493445,3.3746789,2.9128296,-0.025719723,-0.009225501,-0.017161364,0.27075028,1.2310655
ATAC_SP140,-0.031475425,1.8559096,-0.008098906,-0.015873782,2.9294841,0.3031222,-0.0035038185,-0.023198618,2.3493445,3.3746789,2.9128296,-0.025719723,-0.009225501,-0.017161364,0.27075028,1.2310655
ATAC_SP4,-0.031480778,1.8563311,-0.008090217,-0.01586424,2.929058,0.30350384,-0.0035124028,-0.023174724,2.3478067,3.37618,2.9114192,-0.025716892,-0.0092306705,-0.017155621,0.27089724,1.2311937
ATAC_SP6,-0.031474393,1.8551507,-0.00810886,-0.015893292,2.9285014,0.30166778,-0.0035277235,-0.02320466,2.3490684,3.3750174,2.912139,-0.025713887,-0.009202446,-0.017142035,0.2682503,1.2314396
ATAC_SPA17,-0.031475425,1.8559096,-0.008098906,-0.015873782,2.9294841,0.3031222,-0.0035038185,-0.023198618,2.3493445,3.3746789,2.9128296,-0.025719723,-0.009225501,-0.017161364,0.27075028,1.2310655
ATAC_SPAG16-DT,-0.031405218,1.8539304,-0.00811454,-0.015874183,2.9246557,0.30016878,-0.003492388,-0.023216102,2.350824,3.3757122,2.9077322,-0.025677085,-0.009174364,-0.017106129,0.26622322,1.234125
ATAC_SPAG5-AS1,-0.031475425,1.8559096,-0.008098906,-0.015873782,2.9294841,0.3031222,-0.0035038185,-0.023198618,2.3493445,3.3746789,2.9128296,-0.025719723,-0.009225501,-0.017161364,0.27075028,1.2310655
ATAC_SPAG6,-0.031486593,1.8557979,-0.008106825,-0.015863566,2.9289782,0.3028724,-0.0035075753,-0.02319874,2.3491552,3.3740227,2.911998,-0.025714202,-0.009230822,-0.017164828,0.26972646,1.2306191
ATAC_SPATA12,-0.031475425,1.8559096,-0.008098906,-0.015873782,2.9294841,0.3031222,-0.0035038185,-0.023198618,2.3493445,3.3746789,2.9128296,-0.025719723,-0.009225501,-0.017161364,0.27075028,1.2310655
ATAC_SPATA32,-0.031475425,1.8559096,-0.008098906,-0.015873782,2.9294841,0.3031222,-0.0035038185,-0.023198618,2.3493445,3.3746789,2.9128296,-0.025719723,-0.009225501,-0.017161364,0.27075028,1.2310655
ATAC_SPATA33,-0.031475425,1.8559096,-0.008098906,-0.015873782,2.9294841,0.3031222,-0.0035038185,-0.023198618,2.3493445,3.3746789,2.9128296,-0.025719723,-0.009225501,-0.017161364,0.27075028,1.2310655
ATAC_SPATA5,-0.03147575,1.8558457,-0.008096901,-0.015873168,2.9293013,0.30331364,-0.0035046015,-0.02319632,2.349423,3.374781,2.9129534,-0.025719766,-0.009226859,-0.017161522,0.27079147,1.230874
ATAC_SPEF2,-0.031478506,1.8553385,-0.0081128515,-0.0158729,2.9310913,0.3027985,-0.0035141045,-0.023208523,2.346136,3.3745625,2.9107852,-0.025703715,-0.009239115,-0.017173517,0.27238,1.230591
ATAC_SPIB,-0.031475425,1.8559096,-0.008098906,-0.015873782,2.9294841,0.3031222,-0.0035038185,-0.023198618,2.3493445,3.3746789,2.9128296,-0.025719723,-0.009225501,-0.017161364,0.27075028,1.2310655
ATAC_SPINK2,-0.031475425,1.8559096,-0.008098906,-0.015873782,2.9294841,0.3031222,-0.0035038185,-0.023198618,2.3493445,3.3746789,2.9128296,-0.025719723,-0.009225501,-0.017161364,0.27075028,1.2310655
ATAC_SPIRE2,-0.031475425,1.8559096,-0.008098906,-0.015873782,2.9294841,0.3031222,-0.0035038185,-0.023198618,2.3493445,3.3746789,2.9128296,-0.025719723,-0.009225501,-0.017161364,0.27075028,1.2310655
ATAC_SPON1,-0.031475425,1.8559096,-0.008098906,-0.015873782,2.9294841,0.3031222,-0.0035038185,-0.023198618,2.3493445,3.3746789,2.9128296,-0.025719723,-0.009225501,-0.017161364,0.27075028,1.2310655
ATAC_SPON2,-0.031475425,1.8559096,-0.008098906,-0.015873782,2.9294841,0.3031222,-0.0035038185,-0.023198618,2.3493445,3.3746789,2.9128296,-0.025719723,-0.009225501,-0.017161364,0.27075028,1.2310655
ATAC_SPP1,-0.031475425,1.8559096,-0.008098906,-0.015873782,2.9294841,0.3031222,-0.0035038185,-0.023198618,2.3493445,3.3746789,2.9128296,-0.025719723,-0.009225501,-0.017161364,0.27075028,1.2310655
ATAC_SPRY2,-0.031475425,1.8559096,-0.008098906,-0.015873782,2.9294841,0.3031222,-0.0035038185,-0.023198618,2.3493445,3.3746789,2.9128296,-0.025719723,-0.009225501,-0.017161364,0.27075028,1.2310655
ATAC_SPRY4-AS1,-0.031475425,1.8559096,-0.008098906,-0.015873782,2.9294841,0.3031222,-0.0035038185,-0.023198618,2.3493445,3.3746789,2.9128296,-0.025719723,-0.009225501,-0.017161364,0.27075028,1.2310655
ATAC_SPTBN1,-0.031475425,1.8559096,-0.008098906,-0.015873782,2.9294841,0.3031222,-0.0035038185,-0.023198618,2.3493445,3.3746789,2.9128296,-0.025719723,-0.009225501,-0.017161364,0.27075028,1.2310655
ATAC_SPTBN5,-0.031407062,1.8539673,-0.008113297,-0.015873212,2.9247952,0.30009767,-0.0034931903,-0.023215732,2.3507512,3.3756182,2.9077888,-0.025676617,-0.009176388,-0.017106673,0.2662375,1.2341269
ATAC_SPTSSB,-0.031480778,1.8563311,-0.008090217,-0.01586424,2.929058,0.30350384,-0.0035124028,-0.023174724,2.3478067,3.37618,2.9114192,-0.025716892,-0.0092306705,-0.017155621,0.27089724,1.2311937
ATAC_SRBD1,-0.031205844,1.9054899,-0.0076075443,-0.016291194,2.871641,0.26477396,-0.003059153,-0.023540948,2.3140776,3.3143666,2.9347296,-0.025496887,-0.009351532,-0.017653702,0.32254335,1.2362149
ATAC_SREBF2-AS1,-0.031475425,1.8559096,-0.008098906,-0.015873782,2.9294841,0.3031222,-0.0035038185,-0.023198618,2.3493445,3.3746789,2.9128296,-0.025719723,-0.009225501,-0.017161364,0.27075028,1.2310655
ATAC_SRGAP3-AS4,-0.03080577,1.7491037,-0.0027351056,-0.013274383,2.9294226,-0.0010356621,-0.00212897,-0.021287903,2.116079,3.488332,2.6566658,-0.02515909,-0.008468693,-0.018298483,0.52143157,1.3120064
ATAC_SS18L2,-0.031475425,1.8559096,-0.008098906,-0.015873782,2.9294841,0.3031222,-0.0035038185,-0.023198618,2.3493445,3.3746789,2.9128296,-0.025719723,-0.009225501,-0.017161364,0.27075028,1.2310655
ATAC_ST3GAL3,-0.031475425,1.8559096,-0.008098906,-0.015873782,2.9294841,0.3031222,-0.0035038185,-0.023198618,2.3493445,3.3746789,2.9128296,-0.025719723,-0.009225501,-0.017161364,0.27075028,1.2310655
ATAC_ST3GAL6-AS1,-0.031475425,1.8559096,-0.008098906,-0.015873782,2.9294841,0.3031222,-0.0035038185,-0.023198618,2.3493445,3.3746789,2.9128296,-0.025719723,-0.009225501,-0.017161364,0.27075028,1.2310655
ATAC_ST8SIA1,-0.029042615,1.307198,-0.012907376,-0.011162886,2.1797936,0.017672645,-0.004400254,-0.025513977,1.5255251,2.7885387,2.6890678,-0.023448719,-0.012949664,-0.010947382,0.41374564,0.70960885
ATAC_ST8SIA6,-0.031478506,1.8553385,-0.0081128515,-0.0158729,2.9310913,0.3027985,-0.0035141045,-0.023208523,2.346136,3.3745625,2.9107852,-0.025703715,-0.009239115,-0.017173517,0.27238,1.230591
ATAC_STAC2,-0.031475425,1.8559096,-0.008098906,-0.015873782,2.9294841,0.3031222,-0.0035038185,-0.023198618,2.3493445,3.3746789,2.9128296,-0.025719723,-0.009225501,-0.017161364,0.27075028,1.2310655
ATAC_STAMBPL1,-0.031475425,1.8559096,-0.008098906,-0.015873782,2.9294841,0.3031222,-0.0035038185,-0.023198618,2.3493445,3.3746789,2.9128296,-0.025719723,-0.009225501,-0.017161364,0.27075028,1.2310655
ATAC_STAP1,-0.031475425,1.8559096,-0.008098906,-0.015873782,2.9294841,0.3031222,-0.0035038185,-0.023198618,2.3493445,3.3746789,2.9128296,-0.025719723,-0.009225501,-0.017161364,0.27075028,1.2310655
ATAC_STARD9,-0.018772343,1.6134005,-0.007833146,-0.015668817,2.4022434,0.8016908,-0.0012998624,-0.014263423,2.675774,2.042709,1.9629738,-0.023098478,-0.00838888,-0.006122643,-0.0069969967,1.6111443
ATAC_STAT5B,-0.031475425,1.8559096,-0.008098906,-0.015873782,2.9294841,0.3031222,-0.0035038185,-0.023198618,2.3493445,3.3746789,2.9128296,-0.025719723,-0.009225501,-0.017161364,0.27075028,1.2310655
ATAC_STEAP1B,-0.031475425,1.8559096,-0.008098906,-0.015873782,2.9294841,0.3031222,-0.0035038185,-0.023198618,2.3493445,3.3746789,2.9128296,-0.025719723,-0.009225501,-0.017161364,0.27075028,1.2310655
ATAC_STMN3,-0.031446006,1.8565661,-0.008079412,-0.015891537,2.9312584,0.30523628,-0.0035138552,-0.02320972,2.348716,3.3761027,2.9104512,-0.025697513,-0.009240161,-0.01714692,0.27288628,1.2322782
ATAC_STON1-GTF2A1L,-0.031469002,1.8553501,-0.008100709,-0.01588021,2.9299195,0.30333546,-0.0034991305,-0.02319875,2.3499444,3.3742843,2.9126964,-0.025712695,-0.009230786,-0.017164707,0.26992708,1.2311385
ATAC_STPG1,-0.031475425,1.8559096,-0.008098906,-0.015873782,2.9294841,0.3031222,-0.0035038185,-0.023198618,2.3493445,3.3746789,2.9128296,-0.025719723,-0.009225501,-0.017161364,0.27075028,1.2310655
ATAC_STPG2,-0.031475425,1.8559096,-0.008098906,-0.015873782,2.9294841,0.3031222,-0.0035038185,-0.023198618,2.3493445,3.3746789,2.9128296,-0.025719723,-0.009225501,-0.017161364,0.27075028,1.2310655
ATAC_STPG3-AS1,-0.031475425,1.8559096,-0.008098906,-0.015873782,2.9294841,0.3031222,-0.0035038185,-0.023198618,2.3493445,3.3746789,2.9128296,-0.025719723,-0.009225501,-0.017161364,0.27075028,1.2310655
ATAC_STRBP,-0.031475425,1.8559096,-0.008098906,-0.015873782,2.9294841,0.3031222,-0.0035038185,-0.023198618,2.3493445,3.3746789,2.9128296,-0.025719723,-0.009225501,-0.017161364,0.27075028,1.2310655
ATAC_STX18-AS1,-0.031475425,1.8559096,-0.008098906,-0.015873782,2.9294841,0.3031222,-0.0035038185,-0.023198618,2.3493445,3.3746789,2.9128296,-0.025719723,-0.009225501,-0.017161364,0.27075028,1.2310655
ATAC_STX1A,-0.031475425,1.8559096,-0.008098906,-0.015873782,2.9294841,0.3031222,-0.0035038185,-0.023198618,2.3493445,3.3746789,2.9128296,-0.025719723,-0.009225501,-0.017161364,0.27075028,1.2310655
ATAC_STXBP5L,-0.031475425,1.8559096,-0.008098906,-0.015873782,2.9294841,0.3031222,-0.0035038185,-0.023198618,2.3493445,3.3746789,2.9128296,-0.025719723,-0.009225501,-0.017161364,0.27075028,1.2310655
ATAC_SUGCT,-0.031475425,1.8559096,-0.008098906,-0.015873782,2.9294841,0.3031222,-0.0035038185,-0.023198618,2.3493445,3.3746789,2.9128296,-0.025719723,-0.009225501,-0.017161364,0.27075028,1.2310655
ATAC_SULF2,-0.031475425,1.8559096,-0.008098906,-0.015873782,2.9294841,0.3031222,-0.0035038185,-0.023198618,2.3493445,3.3746789,2.9128296,-0.025719723,-0.009225501,-0.017161364,0.27075028,1.2310655
ATAC_SULT6B1,-0.031475425,1.8559096,-0.008098906,-0.015873782,2.9294841,0.3031222,-0.0035038185,-0.023198618,2.3493445,3.3746789,2.9128296,-0.025719723,-0.009225501,-0.017161364,0.27075028,1.2310655
ATAC_SUPT3H,-0.031475425,1.8559096,-0.008098906,-0.015873782,2.9294841,0.3031222,-0.0035038185,-0.023198618,2.3493445,3.3746789,2.9128296,-0.025719723,-0.009225501,-0.017161364,0.27075028,1.2310655
ATAC_SUPT7L,-0.031475425,1.8559096,-0.008098906,-0.015873782,2.9294841,0.3031222,-0.0035038185,-0.023198618,2.3493445,3.3746789,2.9128296,-0.025719723,-0.009225501,-0.017161364,0.27075028,1.2310655
ATAC_SUSD4,-0.031475425,1.8559096,-0.008098906,-0.015873782,2.9294841,0.3031222,-0.0035038185,-0.023198618,2.3493445,3.3746789,2.9128296,-0.025719723,-0.009225501,-0.017161364,0.27075028,1.2310655
ATAC_SVEP1,-0.031475425,1.8559096,-0.008098906,-0.015873782,2.9294841,0.3031222,-0.0035038185,-0.023198618,2.3493445,3.3746789,2.9128296,-0.025719723,-0.009225501,-0.017161364,0.27075028,1.2310655
ATAC_SVIP,-0.031475425,1.8559096,-0.008098906,-0.015873782,2.9294841,0.3031222,-0.0035038185,-0.023198618,2.3493445,3.3746789,2.9128296,-0.025719723,-0.009225501,-0.017161364,0.27075028,1.2310655
ATAC_SYDE2,-0.031475425,1.8559096,-0.008098906,-0.015873782,2.9294841,0.3031222,-0.0035038185,-0.023198618,2.3493445,3.3746789,2.9128296,-0.025719723,-0.009225501,-0.017161364,0.27075028,1.2310655
ATAC_SYN2,-0.031472757,1.8557072,-0.008094578,-0.015873425,2.9290566,0.3026363,-0.0035026984,-0.023198549,2.3490381,3.3749695,2.912435,-0.025712237,-0.009234702,-0.017166728,0.27025354,1.2313015
ATAC_SYNE1,-0.03147517,1.8555561,-0.008099716,-0.015873434,2.929215,0.30332246,-0.0035020171,-0.023201777,2.3488286,3.374197,2.9122941,-0.025724964,-0.009224802,-0.017156124,0.2703023,1.231308
ATAC_SYNGAP1,-0.031475425,1.8559096,-0.008098906,-0.015873782,2.9294841,0.3031222,-0.0035038185,-0.023198618,2.3493445,3.3746789,2.9128296,-0.025719723,-0.009225501,-0.017161364,0.27075028,1.2310655
ATAC_SYNJ2,-0.03148522,1.856916,-0.008101474,-0.015866423,2.9298956,0.3040112,-0.0035024935,-0.023203552,2.3502305,3.3742976,2.9119754,-0.02572195,-0.00922212,-0.017163236,0.27034044,1.2306494
ATAC_SYT1,-0.031475425,1.8559096,-0.008098906,-0.015873782,2.9294841,0.3031222,-0.0035038185,-0.023198618,2.3493445,3.3746789,2.9128296,-0.025719723,-0.009225501,-0.017161364,0.27075028,1.2310655
ATAC_SYT5,-0.031475425,1.8559096,-0.008098906,-0.015873782,2.9294841,0.3031222,-0.0035038185,-0.023198618,2.3493445,3.3746789,2.9128296,-0.025719723,-0.009225501,-0.017161364,0.27075028,1.2310655
ATAC_SYT7,-0.031475425,1.8559096,-0.008098906,-0.015873782,2.9294841,0.3031222,-0.0035038185,-0.023198618,2.3493445,3.3746789,2.9128296,-0.025719723,-0.009225501,-0.017161364,0.27075028,1.2310655
ATAC_SYTL2,-0.031475425,1.8559096,-0.008098906,-0.015873782,2.9294841,0.3031222,-0.0035038185,-0.023198618,2.3493445,3.3746789,2.9128296,-0.025719723,-0.009225501,-0.017161364,0.27075028,1.2310655
ATAC_TAC3,-0.031473584,1.8558726,-0.008100149,-0.015874755,2.9293447,0.3031933,-0.0035030162,-0.023198988,2.3494174,3.3747728,2.9127731,-0.025720196,-0.009223476,-0.01716082,0.270736,1.2310636
ATAC_TAF11,-0.031475425,1.8559096,-0.008098906,-0.015873782,2.9294841,0.3031222,-0.0035038185,-0.023198618,2.3493445,3.3746789,2.9128296,-0.025719723,-0.009225501,-0.017161364,0.27075028,1.2310655
ATAC_TAF1A-AS1,-0.031475425,1.8559096,-0.008098906,-0.015873782,2.9294841,0.3031222,-0.0035038185,-0.023198618,2.3493445,3.3746789,2.9128296,-0.025719723,-0.009225501,-0.017161364,0.27075028,1.2310655
ATAC_TAF1C,-0.031475425,1.8559096,-0.008098906,-0.015873782,2.9294841,0.3031222,-0.0035038185,-0.023198618,2.3493445,3.3746789,2.9128296,-0.025719723,-0.009225501,-0.017161364,0.27075028,1.2310655
ATAC_TAF3,-0.031475425,1.8559096,-0.008098906,-0.015873782,2.9294841,0.3031222,-0.0035038185,-0.023198618,2.3493445,3.3746789,2.9128296,-0.025719723,-0.009225501,-0.017161364,0.27075028,1.2310655
ATAC_TANC1,-0.031475425,1.8559096,-0.008098906,-0.015873782,2.9294841,0.3031222,-0.0035038185,-0.023198618,2.3493445,3.3746789,2.9128296,-0.025719723,-0.009225501,-0.017161364,0.27075028,1.2310655
ATAC_TBC1D16,-0.031475425,1.8559096,-0.008098906,-0.015873782,2.9294841,0.3031222,-0.0035038185,-0.023198618,2.3493445,3.3746789,2.9128296,-0.025719723,-0.009225501,-0.017161364,0.27075028,1.2310655
ATAC_TBC1D17,-0.031475425,1.8559096,-0.008098906,-0.015873782,2.9294841,0.3031222,-0.0035038185,-0.023198618,2.3493445,3.3746789,2.9128296,-0.025719723,-0.009225501,-0.017161364,0.27075028,1.2310655
ATAC_TBC1D31,-0.031475425,1.8559096,-0.008098906,-0.015873782,2.9294841,0.3031222,-0.0035038185,-0.023198618,2.3493445,3.3746789,2.9128296,-0.025719723,-0.009225501,-0.017161364,0.27075028,1.2310655
ATAC_TBC1D32,-0.031475425,1.8559096,-0.008098906,-0.015873782,2.9294841,0.3031222,-0.0035038185,-0.023198618,2.3493445,3.3746789,2.9128296,-0.025719723,-0.009225501,-0.017161364,0.27075028,1.2310655
ATAC_TBC1D4,-0.031475425,1.8559096,-0.008098906,-0.015873782,2.9294841,0.3031222,-0.0035038185,-0.023198618,2.3493445,3.3746789,2.9128296,-0.025719723,-0.009225501,-0.017161364,0.27075028,1.2310655
ATAC_TBC1D8-AS1,-0.031475425,1.8559096,-0.008098906,-0.015873782,2.9294841,0.3031222,-0.0035038185,-0.023198618,2.3493445,3.3746789,2.9128296,-0.025719723,-0.009225501,-0.017161364,0.27075028,1.2310655
ATAC_TBCCD1,-0.031475425,1.8559096,-0.008098906,-0.015873782,2.9294841,0.3031222,-0.0035038185,-0.023198618,2.3493445,3.3746789,2.9128296,-0.025719723,-0.009225501,-0.017161364,0.27075028,1.2310655
ATAC_TBCE,-0.03148851,1.8555251,-0.008089539,-0.015888762,2.9283044,0.30149278,-0.0034893644,-0.023200795,2.3504481,3.372928,2.911487,-0.025720734,-0.009238552,-0.017152917,0.27027613,1.2320583
ATAC_TBKBP1,-0.031475425,1.8559096,-0.008098906,-0.015873782,2.9294841,0.3031222,-0.0035038185,-0.023198618,2.3493445,3.3746789,2.9128296,-0.025719723,-0.009225501,-0.017161364,0.27075028,1.2310655
ATAC_TBX10,-0.031475425,1.8559096,-0.008098906,-0.015873782,2.9294841,0.3031222,-0.0035038185,-0.023198618,2.3493445,3.3746789,2.9128296,-0.025719723,-0.009225501,-0.017161364,0.27075028,1.2310655
ATAC_TBX20,-0.031475425,1.8559096,-0.008098906,-0.015873782,2.9294841,0.3031222,-0.0035038185,-0.023198618,2.3493445,3.3746789,2.9128296,-0.025719723,-0.009225501,-0.017161364,0.27075028,1.2310655
ATAC_TBX21,-0.031475425,1.8559096,-0.008098906,-0.015873782,2.9294841,0.3031222,-0.0035038185,-0.023198618,2.3493445,3.3746789,2.9128296,-0.025719723,-0.009225501,-0.017161364,0.27075028,1.2310655
ATAC_TCEAL9,-0.028359875,1.2007766,-0.007552943,-0.008548506,2.1809118,-0.003873863,-0.0030398602,-0.023601085,1.2911558,2.903943,2.4342465,-0.022887077,-0.012179806,-0.012092949,0.6649013,0.7895569
ATAC_TCF15,-0.031484183,1.8561571,-0.008111428,-0.01588593,2.9289129,0.30255678,-0.0035263984,-0.023209592,2.3499544,3.3746362,2.9112847,-0.025716113,-0.009199065,-0.017143905,0.26784045,1.2310234
ATAC_TCF19,-0.031464115,1.8569354,-0.008112431,-0.015855856,2.9296334,0.3030323,-0.0035122775,-0.023200702,2.3479457,3.3746843,2.9130847,-0.025719842,-0.00923901,-0.017143536,0.26995626,1.2288626
ATAC_TCF20,-0.031480778,1.8563311,-0.008090217,-0.01586424,2.929058,0.30350384,-0.0035124028,-0.023174724,2.3478067,3.37618,2.9114192,-0.025716892,-0.0092306705,-0.017155621,0.27089724,1.2311937
ATAC_TCF7L1,-0.031475425,1.8559096,-0.008098906,-0.015873782,2.9294841,0.3031222,-0.0035038185,-0.023198618,2.3493445,3.3746789,2.9128296,-0.025719723,-0.009225501,-0.017161364,0.27075028,1.2310655
ATAC_TCL1A,-0.030792687,1.7494881,-0.0027444735,-0.013259403,2.9306023,-0.001019368,-0.0021434242,-0.021285726,2.1149755,3.490083,2.6580083,-0.025158081,-0.008455642,-0.01830693,0.5219057,1.3110136
ATAC_TCTA,-0.031475425,1.8559096,-0.008098906,-0.015873782,2.9294841,0.3031222,-0.0035038185,-0.023198618,2.3493445,3.3746789,2.9128296,-0.025719723,-0.009225501,-0.017161364,0.27075028,1.2310655
ATAC_TCTN2,-0.031475425,1.8559096,-0.008098906,-0.015873782,2.9294841,0.3031222,-0.0035038185,-0.023198618,2.3493445,3.3746789,2.9128296,-0.025719723,-0.009225501,-0.017161364,0.27075028,1.2310655
ATAC_TDRD1,-0.031475425,1.8559096,-0.008098906,-0.015873782,2.9294841,0.3031222,-0.0035038185,-0.023198618,2.3493445,3.3746789,2.9128296,-0.025719723,-0.009225501,-0.017161364,0.27075028,1.2310655
ATAC_TECR,-0.026867254,1.8735971,-0.008774948,-0.0148337055,2.9419806,0.58059615,-0.00728381,-0.024207553,1.771369,3.2676609,2.5904408,-0.024112567,-0.005824305,-0.01992482,0.6195419,0.84263694
ATAC_TENM1,-0.031475425,1.8559096,-0.008098906,-0.015873782,2.9294841,0.3031222,-0.0035038185,-0.023198618,2.3493445,3.3746789,2.9128296,-0.025719723,-0.009225501,-0.017161364,0.27075028,1.2310655
ATAC_TENM2,-0.02865178,2.0470111,-0.00398382,-0.010992918,2.3989716,0.5683776,-0.00034354642,-0.01882079,1.8254774,3.2885199,2.8303719,-0.019622121,-0.0112637235,-0.014684963,0.6694983,0.79910886
ATAC_TET1,-0.031475425,1.8559096,-0.008098906,-0.015873782,2.9294841,0.3031222,-0.0035038185,-0.023198618,2.3493445,3.3746789,2.9128296,-0.025719723,-0.009225501,-0.017161364,0.27075028,1.2310655
ATAC_TEX14,-0.031666633,1.7828383,-0.008340033,-0.014688535,2.8917937,0.3721151,-0.0039404514,-0.02201431,2.416828,3.2194922,2.8670027,-0.023815589,-0.01058203,-0.015880264,0.122603156,1.1117353
ATAC_TEX53,-0.030247342,1.9590224,-0.0042222757,-0.010184705,2.286478,-0.00045426431,-0.003947594,-0.020969748,2.3413603,3.326072,2.579186,-0.026027746,-0.0051596533,-0.016942227,0.09835393,0.9061859
ATAC_TEX55,-0.031475425,1.8559096,-0.008098906,-0.015873782,2.9294841,0.3031222,-0.0035038185,-0.023198618,2.3493445,3.3746789,2.9128296,-0.025719723,-0.009225501,-0.017161364,0.27075028,1.2310655
ATAC_TFAP2A-AS1,-0.031475425,1.8559096,-0.008098906,-0.015873782,2.9294841,0.3031222,-0.0035038185,-0.023198618,2.3493445,3.3746789,2.9128296,-0.025719723,-0.009225501,-0.017161364,0.27075028,1.2310655
ATAC_TFCP2,-0.031475425,1.8559096,-0.008098906,-0.015873782,2.9294841,0.3031222,-0.0035038185,-0.023198618,2.3493445,3.3746789,2.9128296,-0.025719723,-0.009225501,-0.017161364,0.27075028,1.2310655
ATAC_TFDP2,-0.031475425,1.8559096,-0.008098906,-0.015873782,2.9294841,0.3031222,-0.0035038185,-0.023198618,2.3493445,3.3746789,2.9128296,-0.025719723,-0.009225501,-0.017161364,0.27075028,1.2310655
ATAC_TFR2,-0.031475425,1.8559096,-0.008098906,-0.015873782,2.9294841,0.3031222,-0.0035038185,-0.023198618,2.3493445,3.3746789,2.9128296,-0.025719723,-0.009225501,-0.017161364,0.27075028,1.2310655
ATAC_TGFB3,-0.031475425,1.8559096,-0.008098906,-0.015873782,2.9294841,0.3031222,-0.0035038185,-0.023198618,2.3493445,3.3746789,2.9128296,-0.025719723,-0.009225501,-0.017161364,0.27075028,1.2310655
ATAC_THBS1,-0.031475425,1.8559096,-0.008098906,-0.015873782,2.9294841,0.3031222,-0.0035038185,-0.023198618,2.3493445,3.3746789,2.9128296,-0.025719723,-0.009225501,-0.017161364,0.27075028,1.2310655
ATAC_THEGL,-0.031475425,1.8559096,-0.008098906,-0.015873782,2.9294841,0.3031222,-0.0035038185,-0.023198618,2.3493445,3.3746789,2.9128296,-0.025719723,-0.009225501,-0.017161364,0.27075028,1.2310655
ATAC_THEM4,-0.031475425,1.8559096,-0.008098906,-0.015873782,2.9294841,0.3031222,-0.0035038185,-0.023198618,2.3493445,3.3746789,2.9128296,-0.025719723,-0.009225501,-0.017161364,0.27075028,1.2310655
ATAC_THORLNC,-0.031475425,1.8559096,-0.008098906,-0.015873782,2.9294841,0.3031222,-0.0035038185,-0.023198618,2.3493445,3.3746789,2.9128296,-0.025719723,-0.009225501,-0.017161364,0.27075028,1.2310655
ATAC_THSD8,-0.031475425,1.8559096,-0.008098906,-0.015873782,2.9294841,0.3031222,-0.0035038185,-0.023198618,2.3493445,3.3746789,2.9128296,-0.025719723,-0.009225501,-0.017161364,0.27075028,1.2310655
ATAC_TIGD2,-0.031656835,1.783965,-0.00835432,-0.01467025,2.8922653,0.37176272,-0.0039489293,-0.022018323,2.4152775,3.2193017,2.8671906,-0.023815192,-0.010596206,-0.01586282,0.12178222,1.109726
ATAC_TIGD4,-0.031475425,1.8559096,-0.008098906,-0.015873782,2.9294841,0.3031222,-0.0035038185,-0.023198618,2.3493445,3.3746789,2.9128296,-0.025719723,-0.009225501,-0.017161364,0.27075028,1.2310655
ATAC_TIMP3,-0.031475425,1.8559096,-0.008098906,-0.015873782,2.9294841,0.3031222,-0.0035038185,-0.023198618,2.3493445,3.3746789,2.9128296,-0.025719723,-0.009225501,-0.017161364,0.27075028,1.2310655
ATAC_TLCD1,-0.031475425,1.8559096,-0.008098906,-0.015873782,2.9294841,0.3031222,-0.0035038185,-0.023198618,2.3493445,3.3746789,2.9128296,-0.025719723,-0.009225501,-0.017161364,0.27075028,1.2310655
ATAC_TLCD5,-0.031474877,1.8560315,-0.008100419,-0.015875433,2.9293058,0.30324998,-0.0035018818,-0.023199955,2.3492932,3.3744779,2.912816,-0.025718803,-0.009226253,-0.017160803,0.27083796,1.2312182
ATAC_TLE1,-0.031475425,1.8559096,-0.008098906,-0.015873782,2.9294841,0.3031222,-0.0035038185,-0.023198618,2.3493445,3.3746789,2.9128296,-0.025719723,-0.009225501,-0.017161364,0.27075028,1.2310655
ATAC_TLN2,-0.031475425,1.8559096,-0.008098906,-0.015873782,2.9294841,0.3031222,-0.0035038185,-0.023198618,2.3493445,3.3746789,2.9128296,-0.025719723,-0.009225501,-0.017161364,0.27075028,1.2310655
ATAC_TM4SF19-AS1,-0.031475425,1.8559096,-0.008098906,-0.015873782,2.9294841,0.3031222,-0.0035038185,-0.023198618,2.3493445,3.3746789,2.9128296,-0.025719723,-0.009225501,-0.017161364,0.27075028,1.2310655
ATAC_TMC6,-0.031469192,1.8552982,-0.008074602,-0.015858293,2.9279275,0.3052632,-0.0035016362,-0.023206731,2.3471637,3.3723211,2.9134946,-0.025706239,-0.009227169,-0.017154982,0.27185017,1.229245
ATAC_TMCC2,-0.031475425,1.8559096,-0.008098906,-0.015873782,2.9294841,0.3031222,-0.0035038185,-0.023198618,2.3493445,3.3746789,2.9128296,-0.025719723,-0.009225501,-0.017161364,0.27075028,1.2310655
ATAC_TMEM107,-0.031407062,1.8539673,-0.008113297,-0.015873212,2.9247952,0.30009767,-0.0034931903,-0.023215732,2.3507512,3.3756182,2.9077888,-0.025676617,-0.009176388,-0.017106673,0.2662375,1.2341269
ATAC_TMEM117,-0.031475425,1.8559096,-0.008098906,-0.015873782,2.9294841,0.3031222,-0.0035038185,-0.023198618,2.3493445,3.3746789,2.9128296,-0.025719723,-0.009225501,-0.017161364,0.27075028,1.2310655
ATAC_TMEM151B,-0.025056645,1.4080817,-0.008266316,-0.01753453,2.9541168,0.087179065,-0.0029407025,-0.01757162,2.2793818,3.0951498,2.7463908,-0.019212734,-0.008362729,-0.01843475,0.056422893,1.6515135
ATAC_TMEM156,-0.031475425,1.8559096,-0.008098906,-0.015873782,2.9294841,0.3031222,-0.0035038185,-0.023198618,2.3493445,3.3746789,2.9128296,-0.025719723,-0.009225501,-0.017161364,0.27075028,1.2310655
ATAC_TMEM169,-0.031475425,1.8559096,-0.008098906,-0.015873782,2.9294841,0.3031222,-0.0035038185,-0.023198618,2.3493445,3.3746789,2.9128296,-0.025719723,-0.009225501,-0.017161364,0.27075028,1.2310655
ATAC_TMEM177,-0.031475425,1.8559096,-0.008098906,-0.015873782,2.9294841,0.3031222,-0.0035038185,-0.023198618,2.3493445,3.3746789,2.9128296,-0.025719723,-0.009225501,-0.017161364,0.27075028,1.2310655
ATAC_TMEM181,-0.031475425,1.8559096,-0.008098906,-0.015873782,2.9294841,0.3031222,-0.0035038185,-0.023198618,2.3493445,3.3746789,2.9128296,-0.025719723,-0.009225501,-0.017161364,0.27075028,1.2310655
ATAC_TMEM182,-0.031475425,1.8559096,-0.008098906,-0.015873782,2.9294841,0.3031222,-0.0035038185,-0.023198618,2.3493445,3.3746789,2.9128296,-0.025719723,-0.009225501,-0.017161364,0.27075028,1.2310655
ATAC_TMEM223,-0.031205844,1.9054899,-0.0076075443,-0.016291194,2.871641,0.26477396,-0.003059153,-0.023540948,2.3140776,3.3143666,2.9347296,-0.025496887,-0.009351532,-0.017653702,0.32254335,1.2362149
ATAC_TMEM225B,-0.031475425,1.8559096,-0.008098906,-0.015873782,2.9294841,0.3031222,-0.0035038185,-0.023198618,2.3493445,3.3746789,2.9128296,-0.025719723,-0.009225501,-0.017161364,0.27075028,1.2310655
ATAC_TMEM238,-0.031475425,1.8559096,-0.008098906,-0.015873782,2.9294841,0.3031222,-0.0035038185,-0.023198618,2.3493445,3.3746789,2.9128296,-0.025719723,-0.009225501,-0.017161364,0.27075028,1.2310655
ATAC_TMEM239,-0.031475425,1.8559096,-0.008098906,-0.015873782,2.9294841,0.3031222,-0.0035038185,-0.023198618,2.3493445,3.3746789,2.9128296,-0.025719723,-0.009225501,-0.017161364,0.27075028,1.2310655
ATAC_TMEM245,-0.031475425,1.8559096,-0.008098906,-0.015873782,2.9294841,0.3031222,-0.0035038185,-0.023198618,2.3493445,3.3746789,2.9128296,-0.025719723,-0.009225501,-0.017161364,0.27075028,1.2310655
ATAC_TMEM272,-0.031475425,1.8559096,-0.008098906,-0.015873782,2.9294841,0.3031222,-0.0035038185,-0.023198618,2.3493445,3.3746789,2.9128296,-0.025719723,-0.009225501,-0.017161364,0.27075028,1.2310655
ATAC_TMEM41B,-0.031475425,1.8559096,-0.008098906,-0.015873782,2.9294841,0.3031222,-0.0035038185,-0.023198618,2.3493445,3.3746789,2.9128296,-0.025719723,-0.009225501,-0.017161364,0.27075028,1.2310655
ATAC_TMEM45B,-0.029042615,1.307198,-0.012907376,-0.011162886,2.1797936,0.017672645,-0.004400254,-0.025513977,1.5255251,2.7885387,2.6890678,-0.023448719,-0.012949664,-0.010947382,0.41374564,0.70960885
ATAC_TMEM65,-0.023446675,1.5057278,-0.010914454,-0.012429237,3.01229,0.7005137,-0.0047432235,-0.021108491,2.3187401,2.5381775,2.3214843,-0.022243306,-0.0067004208,-0.009349378,-0.0020455003,1.5225173
ATAC_TMEM67,-0.031469002,1.8553501,-0.008100709,-0.01588021,2.9299195,0.30333546,-0.0034991305,-0.02319875,2.3499444,3.3742843,2.9126964,-0.025712695,-0.009230786,-0.017164707,0.26992708,1.2311385
ATAC_TMEM95,-0.031475425,1.8559096,-0.008098906,-0.015873782,2.9294841,0.3031222,-0.0035038185,-0.023198618,2.3493445,3.3746789,2.9128296,-0.025719723,-0.009225501,-0.017161364,0.27075028,1.2310655
ATAC_TMEM98,-0.031475425,1.8559096,-0.008098906,-0.015873782,2.9294841,0.3031222,-0.0035038185,-0.023198618,2.3493445,3.3746789,2.9128296,-0.025719723,-0.009225501,-0.017161364,0.27075028,1.2310655
ATAC_TMIGD2,-0.031475425,1.8559096,-0.008098906,-0.015873782,2.9294841,0.3031222,-0.0035038185,-0.023198618,2.3493445,3.3746789,2.9128296,-0.025719723,-0.009225501,-0.017161364,0.27075028,1.2310655
ATAC_TMPRSS13,-0.031475425,1.8559096,-0.008098906,-0.015873782,2.9294841,0.3031222,-0.0035038185,-0.023198618,2.3493445,3.3746789,2.9128296,-0.025719723,-0.009225501,-0.017161364,0.27075028,1.2310655
ATAC_TMUB1,-0.031475425,1.8559096,-0.008098906,-0.015873782,2.9294841,0.3031222,-0.0035038185,-0.023198618,2.3493445,3.3746789,2.9128296,-0.025719723,-0.009225501,-0.017161364,0.27075028,1.2310655
ATAC_TNF,-0.031475425,1.8559096,-0.008098906,-0.015873782,2.9294841,0.3031222,-0.0035038185,-0.023198618,2.3493445,3.3746789,2.9128296,-0.025719723,-0.009225501,-0.017161364,0.27075028,1.2310655
ATAC_TNFAIP6,-0.031205844,1.9054899,-0.0076075443,-0.016291194,2.871641,0.26477396,-0.003059153,-0.023540948,2.3140776,3.3143666,2.9347296,-0.025496887,-0.009351532,-0.017653702,0.32254335,1.2362149
ATAC_TNFRSF10D,-0.023446675,1.5057278,-0.010914454,-0.012429237,3.01229,0.7005137,-0.0047432235,-0.021108491,2.3187401,2.5381775,2.3214843,-0.022243306,-0.0067004208,-0.009349378,-0.0020455003,1.5225173
ATAC_TNFRSF11A,-0.031475425,1.8559096,-0.008098906,-0.015873782,2.9294841,0.3031222,-0.0035038185,-0.023198618,2.3493445,3.3746789,2.9128296,-0.025719723,-0.009225501,-0.017161364,0.27075028,1.2310655
ATAC_TNFRSF13C,-0.031475425,1.8559096,-0.008098906,-0.015873782,2.9294841,0.3031222,-0.0035038185,-0.023198618,2.3493445,3.3746789,2.9128296,-0.025719723,-0.009225501,-0.017161364,0.27075028,1.2310655
ATAC_TNFRSF17,-0.031475425,1.8559096,-0.008098906,-0.015873782,2.9294841,0.3031222,-0.0035038185,-0.023198618,2.3493445,3.3746789,2.9128296,-0.025719723,-0.009225501,-0.017161364,0.27075028,1.2310655
ATAC_TNFRSF18,-0.031475425,1.8559096,-0.008098906,-0.015873782,2.9294841,0.3031222,-0.0035038185,-0.023198618,2.3493445,3.3746789,2.9128296,-0.025719723,-0.009225501,-0.017161364,0.27075028,1.2310655
ATAC_TNFRSF25,-0.031475425,1.8559096,-0.008098906,-0.015873782,2.9294841,0.3031222,-0.0035038185,-0.023198618,2.3493445,3.3746789,2.9128296,-0.025719723,-0.009225501,-0.017161364,0.27075028,1.2310655
ATAC_TNFRSF4,-0.031475425,1.8559096,-0.008098906,-0.015873782,2.9294841,0.3031222,-0.0035038185,-0.023198618,2.3493445,3.3746789,2.9128296,-0.025719723,-0.009225501,-0.017161364,0.27075028,1.2310655
ATAC_TNIP3,-0.031475425,1.8559096,-0.008098906,-0.015873782,2.9294841,0.3031222,-0.0035038185,-0.023198618,2.3493445,3.3746789,2.9128296,-0.025719723,-0.009225501,-0.017161364,0.27075028,1.2310655
ATAC_TNNC1,-0.031475425,1.8559096,-0.008098906,-0.015873782,2.9294841,0.3031222,-0.0035038185,-0.023198618,2.3493445,3.3746789,2.9128296,-0.025719723,-0.009225501,-0.017161364,0.27075028,1.2310655
ATAC_TNXB,-0.031475425,1.8559096,-0.008098906,-0.015873782,2.9294841,0.3031222,-0.0035038185,-0.023198618,2.3493445,3.3746789,2.9128296,-0.025719723,-0.009225501,-0.017161364,0.27075028,1.2310655
ATAC_TOB1-AS1,-0.031475425,1.8559096,-0.008098906,-0.015873782,2.9294841,0.3031222,-0.0035038185,-0.023198618,2.3493445,3.3746789,2.9128296,-0.025719723,-0.009225501,-0.017161364,0.27075028,1.2310655
ATAC_TOGARAM2,-0.031475425,1.8559096,-0.008098906,-0.015873782,2.9294841,0.3031222,-0.0035038185,-0.023198618,2.3493445,3.3746789,2.9128296,-0.025719723,-0.009225501,-0.017161364,0.27075028,1.2310655
ATAC_TP53I13,-0.034074977,1.3098423,-0.0087715555,-0.0194718,2.739299,0.2082126,-0.00047216503,-0.024286218,2.1095293,2.8598838,2.533905,-0.023567013,-0.0050060214,-0.017466825,0.5036518,1.0191813
ATAC_TP53TG1,-0.025056645,1.4080817,-0.008266316,-0.01753453,2.9541168,0.087179065,-0.0029407025,-0.01757162,2.2793818,3.0951498,2.7463908,-0.019212734,-0.008362729,-0.01843475,0.056422893,1.6515135
ATAC_TPD52,-0.031474877,1.8560315,-0.008100419,-0.015875433,2.9293058,0.30324998,-0.0035018818,-0.023199955,2.3492932,3.3744779,2.912816,-0.025718803,-0.009226253,-0.017160803,0.27083796,1.2312182
ATAC_TPST1,-0.031590853,1.8626393,-0.0073070326,-0.014225706,2.8043349,0.026236514,-0.0019303489,-0.025338355,2.218582,3.1349585,2.852901,-0.024625272,-0.008734765,-0.015460319,0.4613555,1.2112337
ATAC_TPT1-AS1,-0.031446006,1.8565661,-0.008079412,-0.015891537,2.9312584,0.30523628,-0.0035138552,-0.02320972,2.348716,3.3761027,2.9104512,-0.025697513,-0.009240161,-0.01714692,0.27288628,1.2322782
ATAC_TRABD2A,-0.031475425,1.8559096,-0.008098906,-0.015873782,2.9294841,0.3031222,-0.0035038185,-0.023198618,2.3493445,3.3746789,2.9128296,-0.025719723,-0.009225501,-0.017161364,0.27075028,1.2310655
ATAC_TRAF1,-0.025056645,1.4080817,-0.008266316,-0.01753453,2.9541168,0.087179065,-0.0029407025,-0.01757162,2.2793818,3.0951498,2.7463908,-0.019212734,-0.008362729,-0.01843475,0.056422893,1.6515135
ATAC_TRAF5,-0.031475425,1.8559096,-0.008098906,-0.015873782,2.9294841,0.3031222,-0.0035038185,-0.023198618,2.3493445,3.3746789,2.9128296,-0.025719723,-0.009225501,-0.017161364,0.27075028,1.2310655
ATAC_TRAJ14,-0.031475425,1.8559096,-0.008098906,-0.015873782,2.9294841,0.3031222,-0.0035038185,-0.023198618,2.3493445,3.3746789,2.9128296,-0.025719723,-0.009225501,-0.017161364,0.27075028,1.2310655
ATAC_TRAJ33,-0.031473584,1.8558726,-0.008100149,-0.015874755,2.9293447,0.3031933,-0.0035030162,-0.023198988,2.3494174,3.3747728,2.9127731,-0.025720196,-0.009223476,-0.01716082,0.270736,1.2310636
ATAC_TRAJ44,-0.031475425,1.8559096,-0.008098906,-0.015873782,2.9294841,0.3031222,-0.0035038185,-0.023198618,2.3493445,3.3746789,2.9128296,-0.025719723,-0.009225501,-0.017161364,0.27075028,1.2310655
ATAC_TRAJ48,-0.031475425,1.8559096,-0.008098906,-0.015873782,2.9294841,0.3031222,-0.0035038185,-0.023198618,2.3493445,3.3746789,2.9128296,-0.025719723,-0.009225501,-0.017161364,0.27075028,1.2310655
ATAC_TRAK2,-0.031475425,1.8559096,-0.008098906,-0.015873782,2.9294841,0.3031222,-0.0035038185,-0.023198618,2.3493445,3.3746789,2.9128296,-0.025719723,-0.009225501,-0.017161364,0.27075028,1.2310655
ATAC_TRANK1,-0.031475425,1.8559096,-0.008098906,-0.015873782,2.9294841,0.3031222,-0.0035038185,-0.023198618,2.3493445,3.3746789,2.9128296,-0.025719723,-0.009225501,-0.017161364,0.27075028,1.2310655
ATAC_TRAP1,-0.031475425,1.8559096,-0.008098906,-0.015873782,2.9294841,0.3031222,-0.0035038185,-0.023198618,2.3493445,3.3746789,2.9128296,-0.025719723,-0.009225501,-0.017161364,0.27075028,1.2310655
ATAC_TRAT1,-0.031475425,1.8559096,-0.008098906,-0.015873782,2.9294841,0.3031222,-0.0035038185,-0.023198618,2.3493445,3.3746789,2.9128296,-0.025719723,-0.009225501,-0.017161364,0.27075028,1.2310655
ATAC_TRAV1-2,-0.031475425,1.8559096,-0.008098906,-0.015873782,2.9294841,0.3031222,-0.0035038185,-0.023198618,2.3493445,3.3746789,2.9128296,-0.025719723,-0.009225501,-0.017161364,0.27075028,1.2310655
ATAC_TRAV18,-0.031475425,1.8559096,-0.008098906,-0.015873782,2.9294841,0.3031222,-0.0035038185,-0.023198618,2.3493445,3.3746789,2.9128296,-0.025719723,-0.009225501,-0.017161364,0.27075028,1.2310655
ATAC_TRAV19,-0.031475425,1.8559096,-0.008098906,-0.015873782,2.9294841,0.3031222,-0.0035038185,-0.023198618,2.3493445,3.3746789,2.9128296,-0.025719723,-0.009225501,-0.017161364,0.27075028,1.2310655
ATAC_TRAV22,-0.025049092,1.4088416,-0.00825393,-0.017521488,2.954297,0.086484015,-0.0029489712,-0.017571947,2.2790442,3.093401,2.7475893,-0.019194514,-0.0083696535,-0.018439492,0.05719519,1.6518961
ATAC_TRAV25,-0.031475425,1.8559096,-0.008098906,-0.015873782,2.9294841,0.3031222,-0.0035038185,-0.023198618,2.3493445,3.3746789,2.9128296,-0.025719723,-0.009225501,-0.017161364,0.27075028,1.2310655
ATAC_TRAV26-1,-0.031475425,1.8559096,-0.008098906,-0.015873782,2.9294841,0.3031222,-0.0035038185,-0.023198618,2.3493445,3.3746789,2.9128296,-0.025719723,-0.009225501,-0.017161364,0.27075028,1.2310655
ATAC_TRAV6,-0.031475425,1.8559096,-0.008098906,-0.015873782,2.9294841,0.3031222,-0.0035038185,-0.023198618,2.3493445,3.3746789,2.9128296,-0.025719723,-0.009225501,-0.017161364,0.27075028,1.2310655
ATAC_TRAV8-2,-0.023446675,1.5057278,-0.010914454,-0.012429237,3.01229,0.7005137,-0.0047432235,-0.021108491,2.3187401,2.5381775,2.3214843,-0.022243306,-0.0067004208,-0.009349378,-0.0020455003,1.5225173
ATAC_TRAV8-6,-0.031475425,1.8559096,-0.008098906,-0.015873782,2.9294841,0.3031222,-0.0035038185,-0.023198618,2.3493445,3.3746789,2.9128296,-0.025719723,-0.009225501,-0.017161364,0.27075028,1.2310655
ATAC_TRAV9-2,-0.030137267,1.9527141,-0.0050054593,-0.011823239,2.4112012,0.2318409,-0.0055296468,-0.01880612,2.470585,3.5672934,2.6377044,-0.027119365,-0.005655558,-0.018637532,-0.00092104427,0.92614585
ATAC_TRBJ1-4,-0.031475425,1.8559096,-0.008098906,-0.015873782,2.9294841,0.3031222,-0.0035038185,-0.023198618,2.3493445,3.3746789,2.9128296,-0.025719723,-0.009225501,-0.017161364,0.27075028,1.2310655
ATAC_TRBV11-3,-0.031475425,1.8559096,-0.008098906,-0.015873782,2.9294841,0.3031222,-0.0035038185,-0.023198618,2.3493445,3.3746789,2.9128296,-0.025719723,-0.009225501,-0.017161364,0.27075028,1.2310655
ATAC_TRBV13,-0.031475425,1.8559096,-0.008098906,-0.015873782,2.9294841,0.3031222,-0.0035038185,-0.023198618,2.3493445,3.3746789,2.9128296,-0.025719723,-0.009225501,-0.017161364,0.27075028,1.2310655
ATAC_TRBV21-1,-0.031475425,1.8559096,-0.008098906,-0.015873782,2.9294841,0.3031222,-0.0035038185,-0.023198618,2.3493445,3.3746789,2.9128296,-0.025719723,-0.009225501,-0.017161364,0.27075028,1.2310655
ATAC_TRBV23-1,-0.031475425,1.8559096,-0.008098906,-0.015873782,2.9294841,0.3031222,-0.0035038185,-0.023198618,2.3493445,3.3746789,2.9128296,-0.025719723,-0.009225501,-0.017161364,0.27075028,1.2310655
ATAC_TRDC,-0.031475425,1.8559096,-0.008098906,-0.015873782,2.9294841,0.3031222,-0.0035038185,-0.023198618,2.3493445,3.3746789,2.9128296,-0.025719723,-0.009225501,-0.017161364,0.27075028,1.2310655
ATAC_TRDJ1,-0.031475425,1.8559096,-0.008098906,-0.015873782,2.9294841,0.3031222,-0.0035038185,-0.023198618,2.3493445,3.3746789,2.9128296,-0.025719723,-0.009225501,-0.017161364,0.27075028,1.2310655
ATAC_TRDV1,-0.031475425,1.8559096,-0.008098906,-0.015873782,2.9294841,0.3031222,-0.0035038185,-0.023198618,2.3493445,3.3746789,2.9128296,-0.025719723,-0.009225501,-0.017161364,0.27075028,1.2310655
ATAC_TRDV2,-0.023446675,1.5057278,-0.010914454,-0.012429237,3.01229,0.7005137,-0.0047432235,-0.021108491,2.3187401,2.5381775,2.3214843,-0.022243306,-0.0067004208,-0.009349378,-0.0020455003,1.5225173
ATAC_TRGC1,-0.031475425,1.8559096,-0.008098906,-0.015873782,2.9294841,0.3031222,-0.0035038185,-0.023198618,2.3493445,3.3746789,2.9128296,-0.025719723,-0.009225501,-0.017161364,0.27075028,1.2310655
ATAC_TRGC2,-0.034074977,1.3098423,-0.0087715555,-0.0194718,2.739299,0.2082126,-0.00047216503,-0.024286218,2.1095293,2.8598838,2.533905,-0.023567013,-0.0050060214,-0.017466825,0.5036518,1.0191813
ATAC_TRGJP1,-0.031475425,1.8559096,-0.008098906,-0.015873782,2.9294841,0.3031222,-0.0035038185,-0.023198618,2.3493445,3.3746789,2.9128296,-0.025719723,-0.009225501,-0.017161364,0.27075028,1.2310655
ATAC_TRGV10,-0.03148851,1.8555251,-0.008089539,-0.015888762,2.9283044,0.30149278,-0.0034893644,-0.023200795,2.3504481,3.372928,2.911487,-0.025720734,-0.009238552,-0.017152917,0.27027613,1.2320583
ATAC_TRGV2,-0.031475425,1.8559096,-0.008098906,-0.015873782,2.9294841,0.3031222,-0.0035038185,-0.023198618,2.3493445,3.3746789,2.9128296,-0.025719723,-0.009225501,-0.017161364,0.27075028,1.2310655
ATAC_TRGV8,-0.031475425,1.8559096,-0.008098906,-0.015873782,2.9294841,0.3031222,-0.0035038185,-0.023198618,2.3493445,3.3746789,2.9128296,-0.025719723,-0.009225501,-0.017161364,0.27075028,1.2310655
ATAC_TRGV9,-0.031469192,1.8552982,-0.008074602,-0.015858293,2.9279275,0.3052632,-0.0035016362,-0.023206731,2.3471637,3.3723211,2.9134946,-0.025706239,-0.009227169,-0.017154982,0.27185017,1.229245
ATAC_TRIM14,-0.031475425,1.8559096,-0.008098906,-0.015873782,2.9294841,0.3031222,-0.0035038185,-0.023198618,2.3493445,3.3746789,2.9128296,-0.025719723,-0.009225501,-0.017161364,0.27075028,1.2310655
ATAC_TRIM23,-0.031475425,1.8559096,-0.008098906,-0.015873782,2.9294841,0.3031222,-0.0035038185,-0.023198618,2.3493445,3.3746789,2.9128296,-0.025719723,-0.009225501,-0.017161364,0.27075028,1.2310655
ATAC_TRIM69,-0.031475425,1.8559096,-0.008098906,-0.015873782,2.9294841,0.3031222,-0.0035038185,-0.023198618,2.3493445,3.3746789,2.9128296,-0.025719723,-0.009225501,-0.017161364,0.27075028,1.2310655
ATAC_TRIP11,-0.031475425,1.8559096,-0.008098906,-0.015873782,2.9294841,0.3031222,-0.0035038185,-0.023198618,2.3493445,3.3746789,2.9128296,-0.025719723,-0.009225501,-0.017161364,0.27075028,1.2310655
ATAC_TRMT11,-0.03147517,1.8555561,-0.008099716,-0.015873434,2.929215,0.30332246,-0.0035020171,-0.023201777,2.3488286,3.374197,2.9122941,-0.025724964,-0.009224802,-0.017156124,0.2703023,1.231308
ATAC_TRMT13,-0.031475425,1.8559096,-0.008098906,-0.015873782,2.9294841,0.3031222,-0.0035038185,-0.023198618,2.3493445,3.3746789,2.9128296,-0.025719723,-0.009225501,-0.017161364,0.27075028,1.2310655
ATAC_TRNAU1AP,-0.031475425,1.8559096,-0.008098906,-0.015873782,2.9294841,0.3031222,-0.0035038185,-0.023198618,2.3493445,3.3746789,2.9128296,-0.025719723,-0.009225501,-0.017161364,0.27075028,1.2310655
ATAC_TRO,-0.031475425,1.8559096,-0.008098906,-0.015873782,2.9294841,0.3031222,-0.0035038185,-0.023198618,2.3493445,3.3746789,2.9128296,-0.025719723,-0.009225501,-0.017161364,0.27075028,1.2310655
ATAC_TRPC1,-0.031475425,1.8559096,-0.008098906,-0.015873782,2.9294841,0.3031222,-0.0035038185,-0.023198618,2.3493445,3.3746789,2.9128296,-0.025719723,-0.009225501,-0.017161364,0.27075028,1.2310655
ATAC_TRPM6,-0.031475425,1.8559096,-0.008098906,-0.015873782,2.9294841,0.3031222,-0.0035038185,-0.023198618,2.3493445,3.3746789,2.9128296,-0.025719723,-0.009225501,-0.017161364,0.27075028,1.2310655
ATAC_TSACC,-0.031475425,1.8559096,-0.008098906,-0.015873782,2.9294841,0.3031222,-0.0035038185,-0.023198618,2.3493445,3.3746789,2.9128296,-0.025719723,-0.009225501,-0.017161364,0.27075028,1.2310655
ATAC_TSC22D1-AS1,-0.031475425,1.8559096,-0.008098906,-0.015873782,2.9294841,0.3031222,-0.0035038185,-0.023198618,2.3493445,3.3746789,2.9128296,-0.025719723,-0.009225501,-0.017161364,0.27075028,1.2310655
ATAC_TSEN54,-0.031475425,1.8559096,-0.008098906,-0.015873782,2.9294841,0.3031222,-0.0035038185,-0.023198618,2.3493445,3.3746789,2.9128296,-0.025719723,-0.009225501,-0.017161364,0.27075028,1.2310655
ATAC_TSGA10,-0.02865178,2.0470111,-0.00398382,-0.010992918,2.3989716,0.5683776,-0.00034354642,-0.01882079,1.8254774,3.2885199,2.8303719,-0.019622121,-0.0112637235,-0.014684963,0.6694983,0.79910886
ATAC_TSHZ2,-0.031475425,1.8559096,-0.008098906,-0.015873782,2.9294841,0.3031222,-0.0035038185,-0.023198618,2.3493445,3.3746789,2.9128296,-0.025719723,-0.009225501,-0.017161364,0.27075028,1.2310655
ATAC_TSPAN18,-0.030792687,1.7494881,-0.0027444735,-0.013259403,2.9306023,-0.001019368,-0.0021434242,-0.021285726,2.1149755,3.490083,2.6580083,-0.025158081,-0.008455642,-0.01830693,0.5219057,1.3110136
ATAC_TSPOAP1,-0.029042615,1.307198,-0.012907376,-0.011162886,2.1797936,0.017672645,-0.004400254,-0.025513977,1.5255251,2.7885387,2.6890678,-0.023448719,-0.012949664,-0.010947382,0.41374564,0.70960885
ATAC_TSPOAP1-AS1,-0.031475425,1.8559096,-0.008098906,-0.015873782,2.9294841,0.3031222,-0.0035038185,-0.023198618,2.3493445,3.3746789,2.9128296,-0.025719723,-0.009225501,-0.017161364,0.27075028,1.2310655
ATAC_TSPYL2,-0.031475425,1.8559096,-0.008098906,-0.015873782,2.9294841,0.3031222,-0.0035038185,-0.023198618,2.3493445,3.3746789,2.9128296,-0.025719723,-0.009225501,-0.017161364,0.27075028,1.2310655
ATAC_TSTD1,-0.031475425,1.8559096,-0.008098906,-0.015873782,2.9294841,0.3031222,-0.0035038185,-0.023198618,2.3493445,3.3746789,2.9128296,-0.025719723,-0.009225501,-0.017161364,0.27075028,1.2310655
ATAC_TTC16,-0.031475425,1.8559096,-0.008098906,-0.015873782,2.9294841,0.3031222,-0.0035038185,-0.023198618,2.3493445,3.3746789,2.9128296,-0.025719723,-0.009225501,-0.017161364,0.27075028,1.2310655
ATAC_TTC27,-0.031475425,1.8559096,-0.008098906,-0.015873782,2.9294841,0.3031222,-0.0035038185,-0.023198618,2.3493445,3.3746789,2.9128296,-0.025719723,-0.009225501,-0.017161364,0.27075028,1.2310655
ATAC_TTC28,-0.031475425,1.8559096,-0.008098906,-0.015873782,2.9294841,0.3031222,-0.0035038185,-0.023198618,2.3493445,3.3746789,2.9128296,-0.025719723,-0.009225501,-0.017161364,0.27075028,1.2310655
ATAC_TTC28-AS1,-0.031475425,1.8559096,-0.008098906,-0.015873782,2.9294841,0.3031222,-0.0035038185,-0.023198618,2.3493445,3.3746789,2.9128296,-0.025719723,-0.009225501,-0.017161364,0.27075028,1.2310655
ATAC_TTC38,-0.031475425,1.8559096,-0.008098906,-0.015873782,2.9294841,0.3031222,-0.0035038185,-0.023198618,2.3493445,3.3746789,2.9128296,-0.025719723,-0.009225501,-0.017161364,0.27075028,1.2310655
ATAC_TTC39B,-0.031475425,1.8559096,-0.008098906,-0.015873782,2.9294841,0.3031222,-0.0035038185,-0.023198618,2.3493445,3.3746789,2.9128296,-0.025719723,-0.009225501,-0.017161364,0.27075028,1.2310655
ATAC_TTF1,-0.030131914,1.9522926,-0.0050141495,-0.01183278,2.4116273,0.23145925,-0.005521063,-0.018830013,2.472123,3.5657923,2.6391146,-0.027122196,-0.005650389,-0.018643273,-0.0009225135,0.9260177
ATAC_TTLL6,-0.031475425,1.8559096,-0.008098906,-0.015873782,2.9294841,0.3031222,-0.0035038185,-0.023198618,2.3493445,3.3746789,2.9128296,-0.025719723,-0.009225501,-0.017161364,0.27075028,1.2310655
ATAC_TTR,-0.031469192,1.8552982,-0.008074602,-0.015858293,2.9279275,0.3052632,-0.0035016362,-0.023206731,2.3471637,3.3723211,2.9134946,-0.025706239,-0.009227169,-0.017154982,0.27185017,1.229245
ATAC_TUBA1C,-0.031474393,1.8551507,-0.00810886,-0.015893292,2.9285014,0.30166778,-0.0035277235,-0.02320466,2.3490684,3.3750174,2.912139,-0.025713887,-0.009202446,-0.017142035,0.2682503,1.2314396
ATAC_TUBA4B,-0.031475425,1.8559096,-0.008098906,-0.015873782,2.9294841,0.3031222,-0.0035038185,-0.023198618,2.3493445,3.3746789,2.9128296,-0.025719723,-0.009225501,-0.017161364,0.27075028,1.2310655
ATAC_TUBD1,-0.031469192,1.8552982,-0.008074602,-0.015858293,2.9279275,0.3052632,-0.0035016362,-0.023206731,2.3471637,3.3723211,2.9134946,-0.025706239,-0.009227169,-0.017154982,0.27185017,1.229245
ATAC_TUBGCP5,-0.031475425,1.8559096,-0.008098906,-0.015873782,2.9294841,0.3031222,-0.0035038185,-0.023198618,2.3493445,3.3746789,2.9128296,-0.025719723,-0.009225501,-0.017161364,0.27075028,1.2310655
ATAC_TUBGCP6,-0.031475425,1.8559096,-0.008098906,-0.015873782,2.9294841,0.3031222,-0.0035038185,-0.023198618,2.3493445,3.3746789,2.9128296,-0.025719723,-0.009225501,-0.017161364,0.27075028,1.2310655
ATAC_TXK,-0.031474393,1.8551507,-0.00810886,-0.015893292,2.9285014,0.30166778,-0.0035277235,-0.02320466,2.3490684,3.3750174,2.912139,-0.025713887,-0.009202446,-0.017142035,0.2682503,1.2314396
ATAC_UBAP2,-0.031475425,1.8559096,-0.008098906,-0.015873782,2.9294841,0.3031222,-0.0035038185,-0.023198618,2.3493445,3.3746789,2.9128296,-0.025719723,-0.009225501,-0.017161364,0.27075028,1.2310655
ATAC_UBASH3A,-0.031475425,1.8559096,-0.008098906,-0.015873782,2.9294841,0.3031222,-0.0035038185,-0.023198618,2.3493445,3.3746789,2.9128296,-0.025719723,-0.009225501,-0.017161364,0.27075028,1.2310655
ATAC_UBE2C,-0.027136836,1.8240168,-0.009266311,-0.014416294,2.9998238,0.6189444,-0.0077284756,-0.023865225,1.8066359,3.3279731,2.5685408,-0.024335403,-0.005698275,-0.019432481,0.5677488,0.8374876
ATAC_UBE2D3-AS1,-0.03148851,1.8555251,-0.008089539,-0.015888762,2.9283044,0.30149278,-0.0034893644,-0.023200795,2.3504481,3.372928,2.911487,-0.025720734,-0.009238552,-0.017152917,0.27027613,1.2320583
ATAC_UBE3D,-0.031465635,1.8570362,-0.008113194,-0.015855499,2.9299557,0.30276975,-0.0035122966,-0.023202628,2.3477943,3.3744884,2.9130175,-0.025719332,-0.009239676,-0.017143922,0.26992935,1.2290561
ATAC_UBTF,-0.031475425,1.8559096,-0.008098906,-0.015873782,2.9294841,0.3031222,-0.0035038185,-0.023198618,2.3493445,3.3746789,2.9128296,-0.025719723,-0.009225501,-0.017161364,0.27075028,1.2310655
ATAC_UBXN2A,-0.031475425,1.8559096,-0.008098906,-0.015873782,2.9294841,0.3031222,-0.0035038185,-0.023198618,2.3493445,3.3746789,2.9128296,-0.025719723,-0.009225501,-0.017161364,0.27075028,1.2310655
ATAC_UCKL1,-0.031475425,1.8559096,-0.008098906,-0.015873782,2.9294841,0.3031222,-0.0035038185,-0.023198618,2.3493445,3.3746789,2.9128296,-0.025719723,-0.009225501,-0.017161364,0.27075028,1.2310655
ATAC_UCN,-0.031473584,1.8558726,-0.008100149,-0.015874755,2.9293447,0.3031933,-0.0035030162,-0.023198988,2.3494174,3.3747728,2.9127731,-0.025720196,-0.009223476,-0.01716082,0.270736,1.2310636
ATAC_UCN2,-0.031480778,1.8563311,-0.008090217,-0.01586424,2.929058,0.30350384,-0.0035124028,-0.023174724,2.3478067,3.37618,2.9114192,-0.025716892,-0.0092306705,-0.017155621,0.27089724,1.2311937
ATAC_UCP1,-0.031475425,1.8559096,-0.008098906,-0.015873782,2.9294841,0.3031222,-0.0035038185,-0.023198618,2.3493445,3.3746789,2.9128296,-0.025719723,-0.009225501,-0.017161364,0.27075028,1.2310655
ATAC_UFL1-AS1,-0.031475425,1.8559096,-0.008098906,-0.015873782,2.9294841,0.3031222,-0.0035038185,-0.023198618,2.3493445,3.3746789,2.9128296,-0.025719723,-0.009225501,-0.017161364,0.27075028,1.2310655
ATAC_ULBP1,-0.031475425,1.8559096,-0.008098906,-0.015873782,2.9294841,0.3031222,-0.0035038185,-0.023198618,2.3493445,3.3746789,2.9128296,-0.025719723,-0.009225501,-0.017161364,0.27075028,1.2310655
ATAC_ULBP2,-0.031475425,1.8559096,-0.008098906,-0.015873782,2.9294841,0.3031222,-0.0035038185,-0.023198618,2.3493445,3.3746789,2.9128296,-0.025719723,-0.009225501,-0.017161364,0.27075028,1.2310655
ATAC_ULK3,-0.031472757,1.8557072,-0.008094578,-0.015873425,2.9290566,0.3026363,-0.0035026984,-0.023198549,2.3490381,3.3749695,2.912435,-0.025712237,-0.009234702,-0.017166728,0.27025354,1.2313015
ATAC_ULK4,-0.031205844,1.9054899,-0.0076075443,-0.016291194,2.871641,0.26477396,-0.003059153,-0.023540948,2.3140776,3.3143666,2.9347296,-0.025496887,-0.009351532,-0.017653702,0.32254335,1.2362149
ATAC_UNC13A,-0.031475425,1.8559096,-0.008098906,-0.015873782,2.9294841,0.3031222,-0.0035038185,-0.023198618,2.3493445,3.3746789,2.9128296,-0.025719723,-0.009225501,-0.017161364,0.27075028,1.2310655
ATAC_UNC5B-AS1,-0.031475425,1.8559096,-0.008098906,-0.015873782,2.9294841,0.3031222,-0.0035038185,-0.023198618,2.3493445,3.3746789,2.9128296,-0.025719723,-0.009225501,-0.017161364,0.27075028,1.2310655
ATAC_UNKL,-0.025056645,1.4080817,-0.008266316,-0.01753453,2.9541168,0.087179065,-0.0029407025,-0.01757162,2.2793818,3.0951498,2.7463908,-0.019212734,-0.008362729,-0.01843475,0.056422893,1.6515135
ATAC_UPK2,-0.031475425,1.8559096,-0.008098906,-0.015873782,2.9294841,0.3031222,-0.0035038185,-0.023198618,2.3493445,3.3746789,2.9128296,-0.025719723,-0.009225501,-0.017161364,0.27075028,1.2310655
ATAC_UPP2,-0.031475425,1.8559096,-0.008098906,-0.015873782,2.9294841,0.3031222,-0.0035038185,-0.023198618,2.3493445,3.3746789,2.9128296,-0.025719723,-0.009225501,-0.017161364,0.27075028,1.2310655
ATAC_URGCP,-0.029042615,1.307198,-0.012907376,-0.011162886,2.1797936,0.017672645,-0.004400254,-0.025513977,1.5255251,2.7885387,2.6890678,-0.023448719,-0.012949664,-0.010947382,0.41374564,0.70960885
ATAC_USH1G,-0.031475425,1.8559096,-0.008098906,-0.015873782,2.9294841,0.3031222,-0.0035038185,-0.023198618,2.3493445,3.3746789,2.9128296,-0.025719723,-0.009225501,-0.017161364,0.27075028,1.2310655
ATAC_USP11,-0.031475425,1.8559096,-0.008098906,-0.015873782,2.9294841,0.3031222,-0.0035038185,-0.023198618,2.3493445,3.3746789,2.9128296,-0.025719723,-0.009225501,-0.017161364,0.27075028,1.2310655
ATAC_USP2-AS1,-0.031475425,1.8559096,-0.008098906,-0.015873782,2.9294841,0.3031222,-0.0035038185,-0.023198618,2.3493445,3.3746789,2.9128296,-0.025719723,-0.009225501,-0.017161364,0.27075028,1.2310655
ATAC_USP20,-0.031475425,1.8559096,-0.008098906,-0.015873782,2.9294841,0.3031222,-0.0035038185,-0.023198618,2.3493445,3.3746789,2.9128296,-0.025719723,-0.009225501,-0.017161364,0.27075028,1.2310655
ATAC_USP28,-0.031475425,1.8559096,-0.008098906,-0.015873782,2.9294841,0.3031222,-0.0035038185,-0.023198618,2.3493445,3.3746789,2.9128296,-0.025719723,-0.009225501,-0.017161364,0.27075028,1.2310655
ATAC_USP44,-0.031475425,1.8559096,-0.008098906,-0.015873782,2.9294841,0.3031222,-0.0035038185,-0.023198618,2.3493445,3.3746789,2.9128296,-0.025719723,-0.009225501,-0.017161364,0.27075028,1.2310655
ATAC_USP45,-0.031475425,1.8559096,-0.008098906,-0.015873782,2.9294841,0.3031222,-0.0035038185,-0.023198618,2.3493445,3.3746789,2.9128296,-0.025719723,-0.009225501,-0.017161364,0.27075028,1.2310655
ATAC_USP53,-0.031475425,1.8559096,-0.008098906,-0.015873782,2.9294841,0.3031222,-0.0035038185,-0.023198618,2.3493445,3.3746789,2.9128296,-0.025719723,-0.009225501,-0.017161364,0.27075028,1.2310655
ATAC_UST,-0.031486593,1.8557979,-0.008106825,-0.015863566,2.9289782,0.3028724,-0.0035075753,-0.02319874,2.3491552,3.3740227,2.911998,-0.025714202,-0.009230822,-0.017164828,0.26972646,1.2306191
ATAC_VAMP1,-0.034074977,1.3098423,-0.0087715555,-0.0194718,2.739299,0.2082126,-0.00047216503,-0.024286218,2.1095293,2.8598838,2.533905,-0.023567013,-0.0050060214,-0.017466825,0.5036518,1.0191813
ATAC_VANGL2,-0.031475425,1.8559096,-0.008098906,-0.015873782,2.9294841,0.3031222,-0.0035038185,-0.023198618,2.3493445,3.3746789,2.9128296,-0.025719723,-0.009225501,-0.017161364,0.27075028,1.2310655
ATAC_VCAN,-0.031475425,1.8559096,-0.008098906,-0.015873782,2.9294841,0.3031222,-0.0035038185,-0.023198618,2.3493445,3.3746789,2.9128296,-0.025719723,-0.009225501,-0.017161364,0.27075028,1.2310655
ATAC_VEGFC,-0.031475425,1.8559096,-0.008098906,-0.015873782,2.9294841,0.3031222,-0.0035038185,-0.023198618,2.3493445,3.3746789,2.9128296,-0.025719723,-0.009225501,-0.017161364,0.27075028,1.2310655
ATAC_VGLL3,-0.031475425,1.8559096,-0.008098906,-0.015873782,2.9294841,0.3031222,-0.0035038185,-0.023198618,2.3493445,3.3746789,2.9128296,-0.025719723,-0.009225501,-0.017161364,0.27075028,1.2310655
ATAC_VIPR2,-0.031475425,1.8559096,-0.008098906,-0.015873782,2.9294841,0.3031222,-0.0035038185,-0.023198618,2.3493445,3.3746789,2.9128296,-0.025719723,-0.009225501,-0.017161364,0.27075028,1.2310655
ATAC_VPS13A-AS1,-0.031475425,1.8559096,-0.008098906,-0.015873782,2.9294841,0.3031222,-0.0035038185,-0.023198618,2.3493445,3.3746789,2.9128296,-0.025719723,-0.009225501,-0.017161364,0.27075028,1.2310655
ATAC_VPS33B-DT,-0.031475425,1.8559096,-0.008098906,-0.015873782,2.9294841,0.3031222,-0.0035038185,-0.023198618,2.3493445,3.3746789,2.9128296,-0.025719723,-0.009225501,-0.017161364,0.27075028,1.2310655
ATAC_VXN,-0.031475425,1.8559096,-0.008098906,-0.015873782,2.9294841,0.3031222,-0.0035038185,-0.023198618,2.3493445,3.3746789,2.9128296,-0.025719723,-0.009225501,-0.017161364,0.27075028,1.2310655
ATAC_WAKMAR2,-0.031475425,1.8559096,-0.008098906,-0.015873782,2.9294841,0.3031222,-0.0035038185,-0.023198618,2.3493445,3.3746789,2.9128296,-0.025719723,-0.009225501,-0.017161364,0.27075028,1.2310655
ATAC_WARS2-AS1,-0.031475425,1.8559096,-0.008098906,-0.015873782,2.9294841,0.3031222,-0.0035038185,-0.023198618,2.3493445,3.3746789,2.9128296,-0.025719723,-0.009225501,-0.017161364,0.27075028,1.2310655
ATAC_WASF3,-0.031475425,1.8559096,-0.008098906,-0.015873782,2.9294841,0.3031222,-0.0035038185,-0.023198618,2.3493445,3.3746789,2.9128296,-0.025719723,-0.009225501,-0.017161364,0.27075028,1.2310655
ATAC_WDR12,-0.031475425,1.8559096,-0.008098906,-0.015873782,2.9294841,0.3031222,-0.0035038185,-0.023198618,2.3493445,3.3746789,2.9128296,-0.025719723,-0.009225501,-0.017161364,0.27075028,1.2310655
ATAC_WDR27,-0.031475425,1.8559096,-0.008098906,-0.015873782,2.9294841,0.3031222,-0.0035038185,-0.023198618,2.3493445,3.3746789,2.9128296,-0.025719723,-0.009225501,-0.017161364,0.27075028,1.2310655
ATAC_WDR44,-0.031475425,1.8559096,-0.008098906,-0.015873782,2.9294841,0.3031222,-0.0035038185,-0.023198618,2.3493445,3.3746789,2.9128296,-0.025719723,-0.009225501,-0.017161364,0.27075028,1.2310655
ATAC_WDR54,-0.026801094,1.9635823,-0.0050175968,-0.019113362,2.3194375,0.40429926,-6.0457063e-05,-0.016353551,2.7063785,2.8792105,2.5543191,-0.026574897,-0.010913961,-0.01393463,-0.002243994,1.3196925
ATAC_WDR74,-0.031666633,1.7828383,-0.008340033,-0.014688535,2.8917937,0.3721151,-0.0039404514,-0.02201431,2.416828,3.2194922,2.8670027,-0.023815589,-0.01058203,-0.015880264,0.122603156,1.1117353
ATAC_WDR76,-0.031475425,1.8559096,-0.008098906,-0.015873782,2.9294841,0.3031222,-0.0035038185,-0.023198618,2.3493445,3.3746789,2.9128296,-0.025719723,-0.009225501,-0.017161364,0.27075028,1.2310655
ATAC_WDR86,-0.031475425,1.8559096,-0.008098906,-0.015873782,2.9294841,0.3031222,-0.0035038185,-0.023198618,2.3493445,3.3746789,2.9128296,-0.025719723,-0.009225501,-0.017161364,0.27075028,1.2310655
ATAC_WEE2-AS1,-0.031475425,1.8559096,-0.008098906,-0.015873782,2.9294841,0.3031222,-0.0035038185,-0.023198618,2.3493445,3.3746789,2.9128296,-0.025719723,-0.009225501,-0.017161364,0.27075028,1.2310655
ATAC_WFDC3,-0.031475425,1.8559096,-0.008098906,-0.015873782,2.9294841,0.3031222,-0.0035038185,-0.023198618,2.3493445,3.3746789,2.9128296,-0.025719723,-0.009225501,-0.017161364,0.27075028,1.2310655
ATAC_WIF1,-0.025056645,1.4080817,-0.008266316,-0.01753453,2.9541168,0.087179065,-0.0029407025,-0.01757162,2.2793818,3.0951498,2.7463908,-0.019212734,-0.008362729,-0.01843475,0.056422893,1.6515135
ATAC_WNT10B,-0.031475425,1.8559096,-0.008098906,-0.015873782,2.9294841,0.3031222,-0.0035038185,-0.023198618,2.3493445,3.3746789,2.9128296,-0.025719723,-0.009225501,-0.017161364,0.27075028,1.2310655
ATAC_WNT11,-0.031475425,1.8559096,-0.008098906,-0.015873782,2.9294841,0.3031222,-0.0035038185,-0.023198618,2.3493445,3.3746789,2.9128296,-0.025719723,-0.009225501,-0.017161364,0.27075028,1.2310655
ATAC_WNT3A,-0.03148522,1.856916,-0.008101474,-0.015866423,2.9298956,0.3040112,-0.0035024935,-0.023203552,2.3502305,3.3742976,2.9119754,-0.02572195,-0.00922212,-0.017163236,0.27034044,1.2306494
ATAC_WRN,-0.031475425,1.8559096,-0.008098906,-0.015873782,2.9294841,0.3031222,-0.0035038185,-0.023198618,2.3493445,3.3746789,2.9128296,-0.025719723,-0.009225501,-0.017161364,0.27075028,1.2310655
ATAC_WWC2-AS2,-0.031458575,1.8564616,-0.008108636,-0.015889112,2.9301527,0.30349657,-0.0034956473,-0.023181153,2.3501375,3.3738346,2.9119534,-0.025723262,-0.0092122825,-0.017176848,0.27019,1.231846
ATAC_XCL1,-0.031475425,1.8559096,-0.008098906,-0.015873782,2.9294841,0.3031222,-0.0035038185,-0.023198618,2.3493445,3.3746789,2.9128296,-0.025719723,-0.009225501,-0.017161364,0.27075028,1.2310655
ATAC_XCL2,-0.031475425,1.8559096,-0.008098906,-0.015873782,2.9294841,0.3031222,-0.0035038185,-0.023198618,2.3493445,3.3746789,2.9128296,-0.025719723,-0.009225501,-0.017161364,0.27075028,1.2310655
ATAC_XKR5,-0.031469002,1.8553501,-0.008100709,-0.01588021,2.9299195,0.30333546,-0.0034991305,-0.02319875,2.3499444,3.3742843,2.9126964,-0.025712695,-0.009230786,-0.017164707,0.26992708,1.2311385
ATAC_XKR6,-0.031446006,1.8565661,-0.008079412,-0.015891537,2.9312584,0.30523628,-0.0035138552,-0.02320972,2.348716,3.3761027,2.9104512,-0.025697513,-0.009240161,-0.01714692,0.27288628,1.2322782
ATAC_XRCC2,-0.031475425,1.8559096,-0.008098906,-0.015873782,2.9294841,0.3031222,-0.0035038185,-0.023198618,2.3493445,3.3746789,2.9128296,-0.025719723,-0.009225501,-0.017161364,0.27075028,1.2310655
ATAC_XRRA1,-0.025056645,1.4080817,-0.008266316,-0.01753453,2.9541168,0.087179065,-0.0029407025,-0.01757162,2.2793818,3.0951498,2.7463908,-0.019212734,-0.008362729,-0.01843475,0.056422893,1.6515135
ATAC_YES1,-0.031475425,1.8559096,-0.008098906,-0.015873782,2.9294841,0.3031222,-0.0035038185,-0.023198618,2.3493445,3.3746789,2.9128296,-0.025719723,-0.009225501,-0.017161364,0.27075028,1.2310655
ATAC_YPEL1,-0.031475425,1.8559096,-0.008098906,-0.015873782,2.9294841,0.3031222,-0.0035038185,-0.023198618,2.3493445,3.3746789,2.9128296,-0.025719723,-0.009225501,-0.017161364,0.27075028,1.2310655
ATAC_ZAP70,-0.031475425,1.8559096,-0.008098906,-0.015873782,2.9294841,0.3031222,-0.0035038185,-0.023198618,2.3493445,3.3746789,2.9128296,-0.025719723,-0.009225501,-0.017161364,0.27075028,1.2310655
ATAC_ZAR1L,-0.030792687,1.7494881,-0.0027444735,-0.013259403,2.9306023,-0.001019368,-0.0021434242,-0.021285726,2.1149755,3.490083,2.6580083,-0.025158081,-0.008455642,-0.01830693,0.5219057,1.3110136
ATAC_ZBP1,-0.031474877,1.8560315,-0.008100419,-0.015875433,2.9293058,0.30324998,-0.0035018818,-0.023199955,2.3492932,3.3744779,2.912816,-0.025718803,-0.009226253,-0.017160803,0.27083796,1.2312182
ATAC_ZBTB10,-0.031475425,1.8559096,-0.008098906,-0.015873782,2.9294841,0.3031222,-0.0035038185,-0.023198618,2.3493445,3.3746789,2.9128296,-0.025719723,-0.009225501,-0.017161364,0.27075028,1.2310655
ATAC_ZBTB16,-0.031475425,1.8559096,-0.008098906,-0.015873782,2.9294841,0.3031222,-0.0035038185,-0.023198618,2.3493445,3.3746789,2.9128296,-0.025719723,-0.009225501,-0.017161364,0.27075028,1.2310655
ATAC_ZBTB25,-0.031475425,1.8559096,-0.008098906,-0.015873782,2.9294841,0.3031222,-0.0035038185,-0.023198618,2.3493445,3.3746789,2.9128296,-0.025719723,-0.009225501,-0.017161364,0.27075028,1.2310655
ATAC_ZBTB44-DT,-0.031475425,1.8559096,-0.008098906,-0.015873782,2.9294841,0.3031222,-0.0035038185,-0.023198618,2.3493445,3.3746789,2.9128296,-0.025719723,-0.009225501,-0.017161364,0.27075028,1.2310655
ATAC_ZBTB8B,-0.031475425,1.8559096,-0.008098906,-0.015873782,2.9294841,0.3031222,-0.0035038185,-0.023198618,2.3493445,3.3746789,2.9128296,-0.025719723,-0.009225501,-0.017161364,0.27075028,1.2310655
ATAC_ZC3H12D,-0.031475425,1.8559096,-0.008098906,-0.015873782,2.9294841,0.3031222,-0.0035038185,-0.023198618,2.3493445,3.3746789,2.9128296,-0.025719723,-0.009225501,-0.017161364,0.27075028,1.2310655
ATAC_ZC3H8,-0.031475425,1.8559096,-0.008098906,-0.015873782,2.9294841,0.3031222,-0.0035038185,-0.023198618,2.3493445,3.3746789,2.9128296,-0.025719723,-0.009225501,-0.017161364,0.27075028,1.2310655
ATAC_ZC4H2,-0.025056968,1.4080178,-0.00826431,-0.017533915,2.953934,0.087370515,-0.0029414855,-0.017569322,2.2794602,3.0952518,2.7465146,-0.019212777,-0.008364087,-0.018434908,0.05646408,1.6513219
ATAC_ZCCHC18,-0.031475425,1.8559096,-0.008098906,-0.015873782,2.9294841,0.3031222,-0.0035038185,-0.023198618,2.3493445,3.3746789,2.9128296,-0.025719723,-0.009225501,-0.017161364,0.27075028,1.2310655
ATAC_ZCCHC2,-0.031475425,1.8559096,-0.008098906,-0.015873782,2.9294841,0.3031222,-0.0035038185,-0.023198618,2.3493445,3.3746789,2.9128296,-0.025719723,-0.009225501,-0.017161364,0.27075028,1.2310655
ATAC_ZDBF2,-0.031475425,1.8559096,-0.008098906,-0.015873782,2.9294841,0.3031222,-0.0035038185,-0.023198618,2.3493445,3.3746789,2.9128296,-0.025719723,-0.009225501,-0.017161364,0.27075028,1.2310655
ATAC_ZFP37,-0.031475425,1.8559096,-0.008098906,-0.015873782,2.9294841,0.3031222,-0.0035038185,-0.023198618,2.3493445,3.3746789,2.9128296,-0.025719723,-0.009225501,-0.017161364,0.27075028,1.2310655
ATAC_ZFP57,-0.031467874,1.8566695,-0.008086521,-0.01586074,2.9296646,0.30242714,-0.0035120873,-0.023198945,2.349007,3.37293,2.9140284,-0.025701502,-0.009232426,-0.017166106,0.27152255,1.2314482
ATAC_ZFP90,-0.031475425,1.8559096,-0.008098906,-0.015873782,2.9294841,0.3031222,-0.0035038185,-0.023198618,2.3493445,3.3746789,2.9128296,-0.025719723,-0.009225501,-0.017161364,0.27075028,1.2310655
ATAC_ZFPM1,-0.031469822,1.854997,-0.008106444,-0.015879026,2.9290235,0.30206248,-0.0035053676,-0.0231949,2.3480704,3.3746061,2.9129014,-0.025728822,-0.009222255,-0.017165754,0.27176356,1.2300326
ATAC_ZFR2,-0.026735809,1.9610689,-0.005045933,-0.019111907,2.3163557,0.40095106,-6.0114784e-05,-0.016380569,2.7045767,2.8800335,2.5472338,-0.026515778,-0.0108784605,-0.013892093,-0.002272825,1.3222795
ATAC_ZFX-AS1,-0.031475425,1.8559096,-0.008098906,-0.015873782,2.9294841,0.3031222,-0.0035038185,-0.023198618,2.3493445,3.3746789,2.9128296,-0.025719723,-0.009225501,-0.017161364,0.27075028,1.2310655
ATAC_ZFYVE28,-0.031467874,1.8566695,-0.008086521,-0.01586074,2.9296646,0.30242714,-0.0035120873,-0.023198945,2.349007,3.37293,2.9140284,-0.025701502,-0.009232426,-0.017166106,0.27152255,1.2314482
ATAC_ZFYVE9,-0.031666633,1.7828383,-0.008340033,-0.014688535,2.8917937,0.3721151,-0.0039404514,-0.02201431,2.416828,3.2194922,2.8670027,-0.023815589,-0.01058203,-0.015880264,0.122603156,1.1117353
ATAC_ZKSCAN2-DT,-0.031475425,1.8559096,-0.008098906,-0.015873782,2.9294841,0.3031222,-0.0035038185,-0.023198618,2.3493445,3.3746789,2.9128296,-0.025719723,-0.009225501,-0.017161364,0.27075028,1.2310655
ATAC_ZMAT1,-0.031475425,1.8559096,-0.008098906,-0.015873782,2.9294841,0.3031222,-0.0035038185,-0.023198618,2.3493445,3.3746789,2.9128296,-0.025719723,-0.009225501,-0.017161364,0.27075028,1.2310655
ATAC_ZMAT4,-0.031475425,1.8559096,-0.008098906,-0.015873782,2.9294841,0.3031222,-0.0035038185,-0.023198618,2.3493445,3.3746789,2.9128296,-0.025719723,-0.009225501,-0.017161364,0.27075028,1.2310655
ATAC_ZMIZ2,-0.031475425,1.8559096,-0.008098906,-0.015873782,2.9294841,0.3031222,-0.0035038185,-0.023198618,2.3493445,3.3746789,2.9128296,-0.025719723,-0.009225501,-0.017161364,0.27075028,1.2310655
ATAC_ZMYND10-AS1,-0.03148522,1.856916,-0.008101474,-0.015866423,2.9298956,0.3040112,-0.0035024935,-0.023203552,2.3502305,3.3742976,2.9119754,-0.02572195,-0.00922212,-0.017163236,0.27034044,1.2306494
ATAC_ZMYND12,-0.031446006,1.8565661,-0.008079412,-0.015891537,2.9312584,0.30523628,-0.0035138552,-0.02320972,2.348716,3.3761027,2.9104512,-0.025697513,-0.009240161,-0.01714692,0.27288628,1.2322782
ATAC_ZMYND8,-0.031475425,1.8559096,-0.008098906,-0.015873782,2.9294841,0.3031222,-0.0035038185,-0.023198618,2.3493445,3.3746789,2.9128296,-0.025719723,-0.009225501,-0.017161364,0.27075028,1.2310655
ATAC_ZNF101,-0.031475425,1.8559096,-0.008098906,-0.015873782,2.9294841,0.3031222,-0.0035038185,-0.023198618,2.3493445,3.3746789,2.9128296,-0.025719723,-0.009225501,-0.017161364,0.27075028,1.2310655
ATAC_ZNF107,-0.031474393,1.8551507,-0.00810886,-0.015893292,2.9285014,0.30166778,-0.0035277235,-0.02320466,2.3490684,3.3750174,2.912139,-0.025713887,-0.009202446,-0.017142035,0.2682503,1.2314396
ATAC_ZNF138,-0.031475425,1.8559096,-0.008098906,-0.015873782,2.9294841,0.3031222,-0.0035038185,-0.023198618,2.3493445,3.3746789,2.9128296,-0.025719723,-0.009225501,-0.017161364,0.27075028,1.2310655
ATAC_ZNF14,-0.03145921,1.8564768,-0.008114996,-0.015861927,2.9303908,0.30298308,-0.003507608,-0.023202762,2.348394,3.3740938,2.9128842,-0.025712304,-0.009244961,-0.017147265,0.26910615,1.2291291
ATAC_ZNF143,-0.031475425,1.8559096,-0.008098906,-0.015873782,2.9294841,0.3031222,-0.0035038185,-0.023198618,2.3493445,3.3746789,2.9128296,-0.025719723,-0.009225501,-0.017161364,0.27075028,1.2310655
ATAC_ZNF213,-0.031465635,1.8570362,-0.008113194,-0.015855499,2.9299557,0.30276975,-0.0035122966,-0.023202628,2.3477943,3.3744884,2.9130175,-0.025719332,-0.009239676,-0.017143922,0.26992935,1.2290561
ATAC_ZNF221,-0.031469192,1.8552982,-0.008074602,-0.015858293,2.9279275,0.3052632,-0.0035016362,-0.023206731,2.3471637,3.3723211,2.9134946,-0.025706239,-0.009227169,-0.017154982,0.27185017,1.229245
ATAC_ZNF25-DT,-0.031475425,1.8559096,-0.008098906,-0.015873782,2.9294841,0.3031222,-0.0035038185,-0.023198618,2.3493445,3.3746789,2.9128296,-0.025719723,-0.009225501,-0.017161364,0.27075028,1.2310655
ATAC_ZNF253,-0.02865178,2.0470111,-0.00398382,-0.010992918,2.3989716,0.5683776,-0.00034354642,-0.01882079,1.8254774,3.2885199,2.8303719,-0.019622121,-0.0112637235,-0.014684963,0.6694983,0.79910886
ATAC_ZNF254,-0.031666633,1.7828383,-0.008340033,-0.014688535,2.8917937,0.3721151,-0.0039404514,-0.02201431,2.416828,3.2194922,2.8670027,-0.023815589,-0.01058203,-0.015880264,0.122603156,1.1117353
ATAC_ZNF257,-0.031475425,1.8559096,-0.008098906,-0.015873782,2.9294841,0.3031222,-0.0035038185,-0.023198618,2.3493445,3.3746789,2.9128296,-0.025719723,-0.009225501,-0.017161364,0.27075028,1.2310655
ATAC_ZNF266,-0.031475425,1.8559096,-0.008098906,-0.015873782,2.9294841,0.3031222,-0.0035038185,-0.023198618,2.3493445,3.3746789,2.9128296,-0.025719723,-0.009225501,-0.017161364,0.27075028,1.2310655
ATAC_ZNF32,-0.031475425,1.8559096,-0.008098906,-0.015873782,2.9294841,0.3031222,-0.0035038185,-0.023198618,2.3493445,3.3746789,2.9128296,-0.025719723,-0.009225501,-0.017161364,0.27075028,1.2310655
ATAC_ZNF329,-0.031475425,1.8559096,-0.008098906,-0.015873782,2.9294841,0.3031222,-0.0035038185,-0.023198618,2.3493445,3.3746789,2.9128296,-0.025719723,-0.009225501,-0.017161364,0.27075028,1.2310655
ATAC_ZNF335,-0.031475425,1.8559096,-0.008098906,-0.015873782,2.9294841,0.3031222,-0.0035038185,-0.023198618,2.3493445,3.3746789,2.9128296,-0.025719723,-0.009225501,-0.017161364,0.27075028,1.2310655
ATAC_ZNF337,-0.031475425,1.8559096,-0.008098906,-0.015873782,2.9294841,0.3031222,-0.0035038185,-0.023198618,2.3493445,3.3746789,2.9128296,-0.025719723,-0.009225501,-0.017161364,0.27075028,1.2310655
ATAC_ZNF337-AS1,-0.031475425,1.8559096,-0.008098906,-0.015873782,2.9294841,0.3031222,-0.0035038185,-0.023198618,2.3493445,3.3746789,2.9128296,-0.025719723,-0.009225501,-0.017161364,0.27075028,1.2310655
ATAC_ZNF365,-0.031475425,1.8559096,-0.008098906,-0.015873782,2.9294841,0.3031222,-0.0035038185,-0.023198618,2.3493445,3.3746789,2.9128296,-0.025719723,-0.009225501,-0.017161364,0.27075028,1.2310655
ATAC_ZNF367,-0.031475425,1.8559096,-0.008098906,-0.015873782,2.9294841,0.3031222,-0.0035038185,-0.023198618,2.3493445,3.3746789,2.9128296,-0.025719723,-0.009225501,-0.017161364,0.27075028,1.2310655
ATAC_ZNF416,-0.031475425,1.8559096,-0.008098906,-0.015873782,2.9294841,0.3031222,-0.0035038185,-0.023198618,2.3493445,3.3746789,2.9128296,-0.025719723,-0.009225501,-0.017161364,0.27075028,1.2310655
ATAC_ZNF425,-0.031475425,1.8559096,-0.008098906,-0.015873782,2.9294841,0.3031222,-0.0035038185,-0.023198618,2.3493445,3.3746789,2.9128296,-0.025719723,-0.009225501,-0.017161364,0.27075028,1.2310655
ATAC_ZNF439,-0.031475425,1.8559096,-0.008098906,-0.015873782,2.9294841,0.3031222,-0.0035038185,-0.023198618,2.3493445,3.3746789,2.9128296,-0.025719723,-0.009225501,-0.017161364,0.27075028,1.2310655
ATAC_ZNF446,-0.0314404,1.8556535,-0.00808695,-0.01589678,2.9307978,0.30417657,-0.0035154037,-0.023206003,2.347442,3.37603,2.910523,-0.025706606,-0.009236914,-0.01715131,0.27389956,1.2312453
ATAC_ZNF483,-0.031475425,1.8559096,-0.008098906,-0.015873782,2.9294841,0.3031222,-0.0035038185,-0.023198618,2.3493445,3.3746789,2.9128296,-0.025719723,-0.009225501,-0.017161364,0.27075028,1.2310655
ATAC_ZNF490,-0.031474877,1.8560315,-0.008100419,-0.015875433,2.9293058,0.30324998,-0.0035018818,-0.023199955,2.3492932,3.3744779,2.912816,-0.025718803,-0.009226253,-0.017160803,0.27083796,1.2312182
ATAC_ZNF507,-0.031475425,1.8559096,-0.008098906,-0.015873782,2.9294841,0.3031222,-0.0035038185,-0.023198618,2.3493445,3.3746789,2.9128296,-0.025719723,-0.009225501,-0.017161364,0.27075028,1.2310655
ATAC_ZNF513,-0.031475425,1.8559096,-0.008098906,-0.015873782,2.9294841,0.3031222,-0.0035038185,-0.023198618,2.3493445,3.3746789,2.9128296,-0.025719723,-0.009225501,-0.017161364,0.27075028,1.2310655
ATAC_ZNF527,-0.031589013,1.8626024,-0.007308276,-0.01422668,2.8041954,0.02630763,-0.0019295467,-0.025338726,2.2186549,3.1350524,2.8528445,-0.02462574,-0.008732741,-0.015459776,0.46134123,1.2112318
ATAC_ZNF528-AS1,-0.031475425,1.8559096,-0.008098906,-0.015873782,2.9294841,0.3031222,-0.0035038185,-0.023198618,2.3493445,3.3746789,2.9128296,-0.025719723,-0.009225501,-0.017161364,0.27075028,1.2310655
ATAC_ZNF529,-0.031339303,1.8682848,-0.00808809,-0.015901377,2.9096599,0.2619709,-0.0035461145,-0.023308255,2.3491251,3.3380678,2.8859878,-0.025923265,-0.008983571,-0.017267866,0.25151762,1.2417654
ATAC_ZNF529-AS1,-0.031475425,1.8559096,-0.008098906,-0.015873782,2.9294841,0.3031222,-0.0035038185,-0.023198618,2.3493445,3.3746789,2.9128296,-0.025719723,-0.009225501,-0.017161364,0.27075028,1.2310655
ATAC_ZNF552,-0.031590853,1.8626393,-0.0073070326,-0.014225706,2.8043349,0.026236514,-0.0019303489,-0.025338355,2.218582,3.1349585,2.852901,-0.024625272,-0.008734765,-0.015460319,0.4613555,1.2112337
ATAC_ZNF558,-0.031475425,1.8559096,-0.008098906,-0.015873782,2.9294841,0.3031222,-0.0035038185,-0.023198618,2.3493445,3.3746789,2.9128296,-0.025719723,-0.009225501,-0.017161364,0.27075028,1.2310655
ATAC_ZNF563,-0.031475425,1.8559096,-0.008098906,-0.015873782,2.9294841,0.3031222,-0.0035038185,-0.023198618,2.3493445,3.3746789,2.9128296,-0.025719723,-0.009225501,-0.017161364,0.27075028,1.2310655
ATAC_ZNF572,-0.025056645,1.4080817,-0.008266316,-0.01753453,2.9541168,0.087179065,-0.0029407025,-0.01757162,2.2793818,3.0951498,2.7463908,-0.019212734,-0.008362729,-0.01843475,0.056422893,1.6515135
ATAC_ZNF573,-0.03148851,1.8555251,-0.008089539,-0.015888762,2.9283044,0.30149278,-0.0034893644,-0.023200795,2.3504481,3.372928,2.911487,-0.025720734,-0.009238552,-0.017152917,0.27027613,1.2320583
ATAC_ZNF584,-0.031475425,1.8559096,-0.008098906,-0.015873782,2.9294841,0.3031222,-0.0035038185,-0.023198618,2.3493445,3.3746789,2.9128296,-0.025719723,-0.009225501,-0.017161364,0.27075028,1.2310655
ATAC_ZNF585B,-0.03148036,1.8551865,-0.008082521,-0.015848076,2.9274213,0.3050134,-0.0035053932,-0.023206854,2.3469744,3.371665,2.912663,-0.02570071,-0.00923249,-0.017158447,0.27082634,1.2287985
ATAC_ZNF600,-0.031475425,1.8559096,-0.008098906,-0.015873782,2.9294841,0.3031222,-0.0035038185,-0.023198618,2.3493445,3.3746789,2.9128296,-0.025719723,-0.009225501,-0.017161364,0.27075028,1.2310655
ATAC_ZNF611,-0.031475425,1.8559096,-0.008098906,-0.015873782,2.9294841,0.3031222,-0.0035038185,-0.023198618,2.3493445,3.3746789,2.9128296,-0.025719723,-0.009225501,-0.017161364,0.27075028,1.2310655
ATAC_ZNF626,-0.031475425,1.8559096,-0.008098906,-0.015873782,2.9294841,0.3031222,-0.0035038185,-0.023198618,2.3493445,3.3746789,2.9128296,-0.025719723,-0.009225501,-0.017161364,0.27075028,1.2310655
ATAC_ZNF66,-0.031475425,1.8559096,-0.008098906,-0.015873782,2.9294841,0.3031222,-0.0035038185,-0.023198618,2.3493445,3.3746789,2.9128296,-0.025719723,-0.009225501,-0.017161364,0.27075028,1.2310655
ATAC_ZNF675,-0.031475425,1.8559096,-0.008098906,-0.015873782,2.9294841,0.3031222,-0.0035038185,-0.023198618,2.3493445,3.3746789,2.9128296,-0.025719723,-0.009225501,-0.017161364,0.27075028,1.2310655
ATAC_ZNF682,-0.031469002,1.8553501,-0.008100709,-0.01588021,2.9299195,0.30333546,-0.0034991305,-0.02319875,2.3499444,3.3742843,2.9126964,-0.025712695,-0.009230786,-0.017164707,0.26992708,1.2311385
ATAC_ZNF687-AS1,-0.031475425,1.8559096,-0.008098906,-0.015873782,2.9294841,0.3031222,-0.0035038185,-0.023198618,2.3493445,3.3746789,2.9128296,-0.025719723,-0.009225501,-0.017161364,0.27075028,1.2310655
ATAC_ZNF699,-0.031446006,1.8565661,-0.008079412,-0.015891537,2.9312584,0.30523628,-0.0035138552,-0.02320972,2.348716,3.3761027,2.9104512,-0.025697513,-0.009240161,-0.01714692,0.27288628,1.2322782
ATAC_ZNF704,-0.031475425,1.8559096,-0.008098906,-0.015873782,2.9294841,0.3031222,-0.0035038185,-0.023198618,2.3493445,3.3746789,2.9128296,-0.025719723,-0.009225501,-0.017161364,0.27075028,1.2310655
ATAC_ZNF721,-0.031475425,1.8559096,-0.008098906,-0.015873782,2.9294841,0.3031222,-0.0035038185,-0.023198618,2.3493445,3.3746789,2.9128296,-0.025719723,-0.009225501,-0.017161364,0.27075028,1.2310655
ATAC_ZNF724,-0.031473584,1.8558726,-0.008100149,-0.015874755,2.9293447,0.3031933,-0.0035030162,-0.023198988,2.3494174,3.3747728,2.9127731,-0.025720196,-0.009223476,-0.01716082,0.270736,1.2310636
ATAC_ZNF732,-0.031475425,1.8559096,-0.008098906,-0.015873782,2.9294841,0.3031222,-0.0035038185,-0.023198618,2.3493445,3.3746789,2.9128296,-0.025719723,-0.009225501,-0.017161364,0.27075028,1.2310655
ATAC_ZNF737,-0.031469822,1.854997,-0.008106444,-0.015879026,2.9290235,0.30206248,-0.0035053676,-0.0231949,2.3480704,3.3746061,2.9129014,-0.025728822,-0.009222255,-0.017165754,0.27176356,1.2300326
ATAC_ZNF75A,-0.031475425,1.8559096,-0.008098906,-0.015873782,2.9294841,0.3031222,-0.0035038185,-0.023198618,2.3493445,3.3746789,2.9128296,-0.025719723,-0.009225501,-0.017161364,0.27075028,1.2310655
ATAC_ZNF771,-0.031475425,1.8559096,-0.008098906,-0.015873782,2.9294841,0.3031222,-0.0035038185,-0.023198618,2.3493445,3.3746789,2.9128296,-0.025719723,-0.009225501,-0.017161364,0.27075028,1.2310655
ATAC_ZNF780B,-0.031480778,1.8563311,-0.008090217,-0.01586424,2.929058,0.30350384,-0.0035124028,-0.023174724,2.3478067,3.37618,2.9114192,-0.025716892,-0.0092306705,-0.017155621,0.27089724,1.2311937
ATAC_ZNF786,-0.031475425,1.8559096,-0.008098906,-0.015873782,2.9294841,0.3031222,-0.0035038185,-0.023198618,2.3493445,3.3746789,2.9128296,-0.025719723,-0.009225501,-0.017161364,0.27075028,1.2310655
ATAC_ZNF808,-0.031475425,1.8559096,-0.008098906,-0.015873782,2.9294841,0.3031222,-0.0035038185,-0.023198618,2.3493445,3.3746789,2.9128296,-0.025719723,-0.009225501,-0.017161364,0.27075028,1.2310655
ATAC_ZNF821,-0.031475425,1.8559096,-0.008098906,-0.015873782,2.9294841,0.3031222,-0.0035038185,-0.023198618,2.3493445,3.3746789,2.9128296,-0.025719723,-0.009225501,-0.017161364,0.27075028,1.2310655
ATAC_ZNF827,-0.031475425,1.8559096,-0.008098906,-0.015873782,2.9294841,0.3031222,-0.0035038185,-0.023198618,2.3493445,3.3746789,2.9128296,-0.025719723,-0.009225501,-0.017161364,0.27075028,1.2310655
ATAC_ZNF83,-0.031475425,1.8559096,-0.008098906,-0.015873782,2.9294841,0.3031222,-0.0035038185,-0.023198618,2.3493445,3.3746789,2.9128296,-0.025719723,-0.009225501,-0.017161364,0.27075028,1.2310655
ATAC_ZNF830,-0.031486593,1.8557979,-0.008106825,-0.015863566,2.9289782,0.3028724,-0.0035075753,-0.02319874,2.3491552,3.3740227,2.911998,-0.025714202,-0.009230822,-0.017164828,0.26972646,1.2306191
ATAC_ZNF831,-0.031475425,1.8559096,-0.008098906,-0.015873782,2.9294841,0.3031222,-0.0035038185,-0.023198618,2.3493445,3.3746789,2.9128296,-0.025719723,-0.009225501,-0.017161364,0.27075028,1.2310655
ATAC_ZNF839,-0.025066437,1.409088,-0.008268883,-0.01752717,2.954528,0.08806807,-0.0029393774,-0.017576553,2.2802677,3.0947685,2.7455363,-0.019214958,-0.008359348,-0.018436622,0.05601305,1.6510973
ATAC_ZNF845,-0.031475425,1.8559096,-0.008098906,-0.015873782,2.9294841,0.3031222,-0.0035038185,-0.023198618,2.3493445,3.3746789,2.9128296,-0.025719723,-0.009225501,-0.017161364,0.27075028,1.2310655
ATAC_ZNF85,-0.031475425,1.8559096,-0.008098906,-0.015873782,2.9294841,0.3031222,-0.0035038185,-0.023198618,2.3493445,3.3746789,2.9128296,-0.025719723,-0.009225501,-0.017161364,0.27075028,1.2310655
ATAC_ZNF853,-0.031475425,1.8559096,-0.008098906,-0.015873782,2.9294841,0.3031222,-0.0035038185,-0.023198618,2.3493445,3.3746789,2.9128296,-0.025719723,-0.009225501,-0.017161364,0.27075028,1.2310655
ATAC_ZNF91,-0.031475425,1.8559096,-0.008098906,-0.015873782,2.9294841,0.3031222,-0.0035038185,-0.023198618,2.3493445,3.3746789,2.9128296,-0.025719723,-0.009225501,-0.017161364,0.27075028,1.2310655
ATAC_ZNHIT6,-0.031475425,1.8559096,-0.008098906,-0.015873782,2.9294841,0.3031222,-0.0035038185,-0.023198618,2.3493445,3.3746789,2.9128296,-0.025719723,-0.009225501,-0.017161364,0.27075028,1.2310655
ATAC_ZPBP,-0.031475425,1.8559096,-0.008098906,-0.015873782,2.9294841,0.3031222,-0.0035038185,-0.023198618,2.3493445,3.3746789,2.9128296,-0.025719723,-0.009225501,-0.017161364,0.27075028,1.2310655
ATAC_ZSWIM3,-0.031475425,1.8559096,-0.008098906,-0.015873782,2.9294841,0.3031222,-0.0035038185,-0.023198618,2.3493445,3.3746789,2.9128296,-0.025719723,-0.009225501,-0.017161364,0.27075028,1.2310655
ATAC_ZSWIM5,-0.025056645,1.4080817,-0.008266316,-0.01753453,2.9541168,0.087179065,-0.0029407025,-0.01757162,2.2793818,3.0951498,2.7463908,-0.019212734,-0.008362729,-0.01843475,0.056422893,1.6515135
ATAC_ZWILCH,-0.031475425,1.8559096,-0.008098906,-0.015873782,2.9294841,0.3031222,-0.0035038185,-0.023198618,2.3493445,3.3746789,2.9128296,-0.025719723,-0.009225501,-0.017161364,0.27075028,1.2310655
ATAC_ZXDB,-0.030792687,1.7494881,-0.0027444735,-0.013259403,2.9306023,-0.001019368,-0.0021434242,-0.021285726,2.1149755,3.490083,2.6580083,-0.025158081,-0.008455642,-0.01830693,0.5219057,1.3110136
